config_case_key;config_case_label;config_routing_mode;input_fixed_T13_C;input_fixed_T15_C;input_fixed_T17_C;input_fixed_hot_C;input_fixed_m13_kg_s;input_fixed_m15_kg_s;input_fixed_m17_kg_s;input_hot_variation_C;input_m6_kg_s;input_outer_variation_label;input_outer_variation_mode;input_outer_variation_value;input_scaled_UA_abs;input_scaled_UA_cond;input_scaled_UA_des;input_scaled_UA_evap;input_scaled_UA_shex;input_ua_scale_factor;input_ua_scale_percent;solve_cost;solve_message;solve_nfev;solve_raw_residual_norm;solve_scaled_residual_norm;solve_status;solve_success;status_final_evaluation_error;status_final_point_evaluable;failure_code;failure_label;failure_reason;feasible_margin;feasible_numeric;feasible_physical;primary_T10_C;primary_T2_C;primary_T4_C;primary_T8_C;primary_beta;primary_x20;primary_x3;primary_x6;heat_Q_abs_kW;heat_Q_cond_kW;heat_Q_des_kW;heat_Q_evap_kW;heat_Q_shex_kW;kpi_COP;kpi_FR;kpi_GTL_K;pump_W_ref_pump_kW;pump_W_sol_pump_kW;lmtd_LMTD_abs_K;lmtd_LMTD_cond_K;lmtd_LMTD_des_K;lmtd_LMTD_evap_K;lmtd_LMTD_shex_K;flash_T1_C;flash_flash_fraction;flash_h1_flash_kJ_kg;flash_h1_mix_kJ_kg;flash_h1_sol_kJ_kg;flash_m1_flash_kg_s;flash_m1_sol_kg_s;flash_w1_LiBr;flash_x1_LiBr_mol;residual_raw_R1_SHEX_energy;residual_raw_R2_SHEX_UA;residual_raw_R3_preabs_energy;residual_raw_R4_preabs_LiBr;residual_raw_R5_desorber_UA;residual_raw_R6_condenser_UA;residual_raw_R7_evaporator_UA;residual_raw_R8_absorber_UA;residual_scaled_R1_SHEX_energy;residual_scaled_R2_SHEX_UA;residual_scaled_R3_preabs_energy;residual_scaled_R4_preabs_LiBr;residual_scaled_R5_desorber_UA;residual_scaled_R6_condenser_UA;residual_scaled_R7_evaporator_UA;residual_scaled_R8_absorber_UA;diagnostic_T12_C;diagnostic_T13_C;diagnostic_T14_C;diagnostic_T15_C;diagnostic_T16_C;diagnostic_T18_C;diagnostic_deltaT_abs_1_K;diagnostic_deltaT_abs_2_K;diagnostic_deltaT_cond_1_K;diagnostic_deltaT_cond_2_K;diagnostic_deltaT_des_1_K;diagnostic_deltaT_des_2_K;diagnostic_deltaT_evap_1_K;diagnostic_deltaT_evap_2_K;diagnostic_deltaT_shex_1_K;diagnostic_deltaT_shex_2_K;diagnostic_m11_kg_s;diagnostic_m6_kg_s;diagnostic_p_high_Pa;diagnostic_p_low_Pa;diagnostic_pressure_ratio_high_over_low;pinch_deltaT_min_global_K;pinch_limiting_key;pinch_limiting_unit;check_beta_in_0_1;check_crystallization_safe_all_checked_states;check_desorber_evaporator_temperature_coupling_ok;check_m21_nonnegative;check_m7_positive;check_p_high_gt_p_low;check_w6_gt_w20_gt_w3;check_w6_gt_w3;state_10_T_C;state_10_h_kJ_kg;state_10_m_kg_s;state_10_p_Pa;state_10_w_LiBr;state_10_x_LiBr_mol;state_11_T_C;state_11_m_kg_s;state_12_T_C;state_12_m_kg_s;state_13_T_C;state_13_m_kg_s;state_14_T_C;state_14_m_kg_s;state_15_T_C;state_15_m_kg_s;state_16_T_C;state_16_m_kg_s;state_17_T_C;state_17_m_kg_s;state_18_T_C;state_18_m_kg_s;state_19_T_C;state_19_h_kJ_kg;state_19_m_kg_s;state_19_p_Pa;state_19_w_LiBr;state_19_x_LiBr_mol;state_1_T_C;state_1_h_kJ_kg;state_1_m_kg_s;state_1_p_Pa;state_1_w_LiBr;state_1_x_LiBr_mol;state_20_T_C;state_20_h_kJ_kg;state_20_m_kg_s;state_20_p_Pa;state_20_w_LiBr;state_20_x_LiBr_mol;state_21_T_C;state_21_h_kJ_kg;state_21_m_kg_s;state_21_p_Pa;state_21_w_LiBr;state_21_x_LiBr_mol;state_2_T_C;state_2_h_kJ_kg;state_2_m_kg_s;state_2_p_Pa;state_2_w_LiBr;state_2_x_LiBr_mol;state_3_T_C;state_3_h_kJ_kg;state_3_m_kg_s;state_3_p_Pa;state_3_w_LiBr;state_3_x_LiBr_mol;state_4_T_C;state_4_h_kJ_kg;state_4_m_kg_s;state_4_p_Pa;state_4_w_LiBr;state_4_x_LiBr_mol;state_5_T_C;state_5_h_kJ_kg;state_5_m_kg_s;state_5_p_Pa;state_5_w_LiBr;state_5_x_LiBr_mol;state_6_T_C;state_6_h_kJ_kg;state_6_m_kg_s;state_6_p_Pa;state_6_w_LiBr;state_6_x_LiBr_mol;state_7_T_C;state_7_h_kJ_kg;state_7_m_kg_s;state_7_p_Pa;state_7_w_LiBr;state_7_x_LiBr_mol;state_8_T_C;state_8_h_kJ_kg;state_8_m_kg_s;state_8_p_Pa;state_8_w_LiBr;state_8_x_LiBr_mol;state_9_T_C;state_9_h_kJ_kg;state_9_m_kg_s;state_9_p_Pa;state_9_w_LiBr;state_9_x_LiBr_mol;validity_message_1;validity_message_2;validity_message_3;validity_message_4;validity_message_5;validity_message_count
series_evaporator_to_desorber;Serie Verdampfer → Desorber;series_evaporator_to_desorber;nan;110.0;30.0;110.0;8.0;8.0;4.0;110.0;0.4;Abwärmetemperatur [°C];hot_temperature_C;110.0;10.0;10.0;25.0;15.0;11.0;nan;nan;3.055226016078894e-23;`gtol` termination condition is satisfied.;5;7.747333574469165e-10;7.816938040024231e-12;1;True;;True;0;zulässig;feasible_but_near_limit_shex;False;True;True;98.70844098445127;113.60852943180703;144.47506380628954;48.082938504372066;0.09589434273090529;0.26376720697521105;0.2114745435180586;0.27087148173847736;138.2328037329922;136.09745109325414;137.82396999799937;136.48205033572404;30.109040246664676;0.5039364559509734;7.245248403563658;33.267512184987595;0.0047795840741913205;0.019454908449350987;13.823280373298937;13.609745109325669;5.5129587999207965;9.09880335571502;2.7371854770399207;89.07997602040655;0.019484184113370842;2666.474598184363;250.74972971371028;202.7459878648659;0.008869368115880905;0.4463392289838756;0.5750797419156686;0.21919637116954765;5.684341886080801e-13;-7.744489494143636e-10;-8.242295734817162e-13;-1.0408895967373155e-12;-2.0548895918182097e-11;-2.5579538487363607e-12;-1.2789769243681803e-12;2.8421709430404007e-12;5.684341886080802e-15;-7.744489494143636e-12;-8.242295734817162e-15;-1.0408895967373155e-12;-2.0548895918182099e-13;-2.5579538487363607e-14;-1.2789769243681804e-14;2.842170943040401e-14;143.2675121849876;105.91859897321399;101.79706876992452;110.0;105.91859897321399;38.13979970653435;18.791499226999406;9.818973181437684;50.9401763138722;18.082938504372066;1.7347189684170417;12.717092749517974;11.291559015548728;57.832703256254035;0.3439093751481437;9.398245574620091;4.0;0.4;96831.74285672817;11223.793744819797;8.627362998488783;0.3439093751481437;deltaT_shex_1_K;shex;True;True;True;True;True;True;True;True;98.70844098445127;2673.527463987863;0.05520859709975651;96831.74285672817;0.0;0.0;135.0;4.0;143.2675121849876;4.0;105.91859897321399;8.0;101.79706876992452;8.0;110.0;8.0;105.91859897321399;8.0;30.0;4.0;38.13979970653435;4.0;98.70844098445127;2673.527463987863;0.0052941921319765144;96831.74285672817;0.0;0.0;89.07997602040655;250.74972971371002;0.45520859709975653;11223.793744819797;0.5638747823443139;0.2114745435180586;162.059011411987;367.7273127251609;0.40529419213197654;96831.74285672817;0.6333193359167192;0.26376720697521105;98.70844098445127;2673.527463987863;0.04991440496777999;96831.74285672817;0.0;0.0;113.60852943180703;250.74972971371002;0.45520859709975653;96831.74285672817;0.5638747823443139;0.2114745435180586;144.81897318143768;316.8931207623339;0.45520859709975653;96831.74285672817;0.5638747823443139;0.2114745435180586;144.47506380628954;337.20894017834564;0.4;96831.74285672817;0.6417016215272142;0.27087148173847736;104.21028385718694;261.9363395616854;0.4;96831.74285672817;0.6417016215272142;0.27087148173847736;104.18388000479695;261.887702290562;0.4;11223.793744819797;0.6417016215272142;0.27087148173847736;89.07997602040655;2666.474598184363;0.05520859709975651;11223.793744819797;0.0;0.0;48.082938504372066;201.32499752815676;0.05520859709975651;11223.793744819797;0.0;0.0;48.08589571695995;201.41157071286483;0.05520859709975651;96831.74285672817;0.0;0.0;"Zustand 3: Temperatur 417.969 K liegt außerhalb des Boryta-Prüfbereichs; Kristallisation wurde nicht bewertet.";"Zustand 4: Temperatur 417.625 K liegt außerhalb des Boryta-Prüfbereichs; Kristallisation wurde nicht bewertet.";"Zustand 5: Temperatur 377.360 K liegt außerhalb des Boryta-Prüfbereichs; Kristallisation wurde nicht bewertet.";"Zustand 6: Temperatur 377.334 K liegt außerhalb des Boryta-Prüfbereichs; Kristallisation wurde nicht bewertet.";"Zustand 20: Temperatur 435.209 K liegt außerhalb des Boryta-Prüfbereichs; Kristallisation wurde nicht bewertet.";5
series_evaporator_to_desorber;Serie Verdampfer → Desorber;series_evaporator_to_desorber;nan;110.0;30.0;110.0;8.0;8.0;4.0;110.0;0.41000000000000003;Abwärmetemperatur [°C];hot_temperature_C;110.0;10.0;10.0;25.0;15.0;11.0;nan;nan;1.0350635662000087e-23;`gtol` termination condition is satisfied.;5;4.5180456297649216e-10;4.549864978655979e-12;1;True;;True;0;zulässig;feasible_but_near_limit_shex;False;True;True;98.67786673054792;113.45950181902941;144.60399719098405;48.135325634169874;0.09647417923207321;0.2633421540635482;0.21209500141499837;0.2703161522190217;138.56755307516968;136.49173185873005;138.18296988198554;136.85160398677007;31.064707891731143;0.5038186695076854;7.40552438046485;33.2875330786585;0.00478553796531189;0.01992552717914116;13.856755307516902;13.6491731858734;5.527318795280223;9.123440265784891;2.8240643538347703;89.3012321675921;0.01915132954051691;2666.892466048068;250.61201282445657;203.43349832403194;0.008912340737985802;0.4564517332878247;0.5758162547340216;0.2197127709835755;4.085620730620576e-13;-4.5132964032745804e-10;-2.5579538487363607e-13;-5.37181410464882e-13;-2.0037305148434825e-11;-3.950617610826157e-12;-3.296918293926865e-12;6.536993168992922e-13;4.085620730620576e-15;-4.513296403274581e-12;-2.5579538487363606e-15;-5.37181410464882e-13;-2.0037305148434825e-13;-3.950617610826157e-14;-3.2969182939268646e-14;6.536993168992922e-15;143.2875330786585;105.90754772766837;101.77528188191519;110.0;105.90754772766837;38.16338109202928;18.600933141333257;9.997249199640521;51.13785107556282;18.135325634169874;1.8126635348170907;12.474049714323087;11.322133269452081;57.769266611049034;0.393252008656475;9.338264051583792;4.0;0.41000000000000003;96725.29450968007;11253.403558751033;8.595203575940646;0.393252008656475;deltaT_shex_1_K;shex;True;True;True;True;True;True;True;True;98.67786673054792;2673.4790056483753;0.05536407402581045;96725.29450968007;0.0;0.0;135.0;4.0;143.2875330786585;4.0;105.90754772766837;8.0;101.77528188191519;8.0;110.0;8.0;105.90754772766837;8.0;30.0;4.0;38.16338109202928;4.0;98.67786673054792;2673.4790056483753;0.005341203600583807;96725.29450968007;0.0;0.0;89.3012321675921;250.6120128244568;0.4653640740258105;11253.403558751033;0.5647886078848242;0.21209500141499837;161.88846621999176;367.2233649066549;0.41534120360058385;96725.29450968007;0.6328106271438934;0.2633421540635482;98.67786673054792;2673.4790056483753;0.05002287042522664;96725.29450968007;0.0;0.0;113.45950181902941;250.6120128244568;0.4653640740258105;96725.29450968007;0.5647886078848242;0.21209500141499837;144.99724919964052;317.3655712222806;0.4653640740258105;96725.29450968007;0.5647886078848242;0.21209500141499837;144.60399719098405;337.17902116959;0.41000000000000003;96725.29450968007;0.6410544573869457;0.2703161522190217;104.12123776744562;261.4114409458565;0.41000000000000003;96725.29450968007;0.6410544573869457;0.2703161522190217;104.09488419285128;261.3628420990781;0.41000000000000003;11253.403558751033;0.6410544573869457;0.2703161522190217;89.3012321675921;2666.892466048068;0.05536407402581045;11253.403558751033;0.0;0.0;48.135325634169874;201.54405626344314;0.05536407402581045;11253.403558751033;0.0;0.0;48.13828111661934;201.63049386850597;0.05536407402581045;96725.29450968007;0.0;0.0;"Zustand 3: Temperatur 418.147 K liegt außerhalb des Boryta-Prüfbereichs; Kristallisation wurde nicht bewertet.";"Zustand 4: Temperatur 417.754 K liegt außerhalb des Boryta-Prüfbereichs; Kristallisation wurde nicht bewertet.";"Zustand 5: Temperatur 377.271 K liegt außerhalb des Boryta-Prüfbereichs; Kristallisation wurde nicht bewertet.";"Zustand 6: Temperatur 377.245 K liegt außerhalb des Boryta-Prüfbereichs; Kristallisation wurde nicht bewertet.";"Zustand 20: Temperatur 435.038 K liegt außerhalb des Boryta-Prüfbereichs; Kristallisation wurde nicht bewertet.";5
series_evaporator_to_desorber;Serie Verdampfer → Desorber;series_evaporator_to_desorber;nan;110.0;30.0;110.0;8.0;8.0;4.0;110.0;0.42000000000000004;Abwärmetemperatur [°C];hot_temperature_C;110.0;10.0;10.0;25.0;15.0;11.0;nan;nan;3.610480223023684e-24;`gtol` termination condition is satisfied.;5;2.672645659003159e-10;2.687184483069104e-12;1;True;;True;0;zulässig;feasible_but_near_limit_shex;False;True;True;98.64900530483362;113.31644864485474;144.7231527323113;48.18483492632453;0.09707163503711208;0.26292938396684123;0.21269163381786169;0.26977998294769456;138.87557528933115;136.86435318164652;138.51428620902976;137.20045453536977;32.0204623207426;0.5036929651072785;7.566084727642582;33.30595545988825;0.004791122372514787;0.02039660420586893;13.887557528932991;13.686435318164763;5.540571448361513;9.14669696902471;2.910951120091794;89.51288278167164;0.018833521454041394;2667.2922541924477;250.48420179261788;204.09349511802156;0.008955544306876007;0.46655533286656303;0.5765230474575906;0.22020937666099802;3.055333763768431e-13;-2.6713564693636727e-10;2.842170943040401e-14;-2.791655795419956e-13;-8.071765478234738e-12;-1.1084466677857563e-12;-8.810729923425242e-13;1.2505552149377763e-12;3.0553337637684308e-15;-2.6713564693636725e-12;2.842170943040401e-16;-2.791655795419956e-13;-8.071765478234738e-14;-1.1084466677857563e-14;-8.810729923425242e-15;1.2505552149377763e-14;143.30595545988825;105.89711559403798;101.75494196338519;110.0;105.89711559403798;38.18566705631855;18.417821762407414;10.169105932078708;51.327215725353085;18.184834926324527;1.8896863768225671;12.242059181713557;11.350994695166378;57.70932682442151;0.4459531997674162;9.282713446509206;4.0;0.42000000000000004;96624.89860443762;11281.448402183689;8.564937334264142;0.4459531997674162;deltaT_shex_1_K;shex;True;True;True;True;True;True;True;True;98.64900530483362;2673.433257423773;0.055510877173439;96624.89860443762;0.0;0.0;135.0;4.0;143.30595545988825;4.0;105.89711559403798;8.0;101.75494196338519;8.0;110.0;8.0;105.89711559403798;8.0;30.0;4.0;38.18566705631855;4.0;98.64900530483362;2673.433257423773;0.005388531609570027;96624.89860443762;0.0;0.0;89.51288278167164;250.48420179261691;0.47551087717343904;11281.448402183689;0.5656650882745488;0.21269163381786169;161.72377722229567;366.7359201287076;0.4253885316095701;96624.89860443762;0.6323158297059491;0.26292938396684123;98.64900530483362;2673.433257423773;0.05012234556386897;96624.89860443762;0.0;0.0;113.31644864485474;250.48420179261691;0.47551087717343904;96624.89860443762;0.5656650882745488;0.21269163381786169;145.1691059320787;317.8232761605485;0.47551087717343904;96624.89860443762;0.5656650882745488;0.21269163381786169;144.7231527323113;337.1413689007898;0.42000000000000004;96624.89860443762;0.6404283388376701;0.26977998294769456;104.03373519834554;260.90217289902245;0.42000000000000004;96624.89860443762;0.6404283388376701;0.26977998294769456;104.00742921721542;260.8536095556751;0.42000000000000004;11281.448402183689;0.6404283388376701;0.26977998294769456;89.51288278167164;2667.2922541924477;0.055510877173439;11281.448402183689;0.0;0.0;48.18483492632453;201.75108189164777;0.055510877173439;11281.448402183689;0.0;0.0;48.187788769616475;201.83739150548337;0.055510877173439;96624.89860443762;0.0;0.0;"Zustand 3: Temperatur 418.319 K liegt außerhalb des Boryta-Prüfbereichs; Kristallisation wurde nicht bewertet.";"Zustand 4: Temperatur 417.873 K liegt außerhalb des Boryta-Prüfbereichs; Kristallisation wurde nicht bewertet.";"Zustand 5: Temperatur 377.184 K liegt außerhalb des Boryta-Prüfbereichs; Kristallisation wurde nicht bewertet.";"Zustand 6: Temperatur 377.157 K liegt außerhalb des Boryta-Prüfbereichs; Kristallisation wurde nicht bewertet.";"Zustand 20: Temperatur 434.874 K liegt außerhalb des Boryta-Prüfbereichs; Kristallisation wurde nicht bewertet.";5
series_evaporator_to_desorber;Serie Verdampfer → Desorber;series_evaporator_to_desorber;nan;110.0;30.0;110.0;8.0;8.0;4.0;110.0;0.43000000000000005;Abwärmetemperatur [°C];hot_temperature_C;110.0;10.0;10.0;25.0;15.0;11.0;nan;nan;1.320289258058803e-24;`gtol` termination condition is satisfied.;5;1.6183595564448754e-10;1.624985697204011e-12;1;True;;True;0;zulässig;feasible;True;True;True;98.62171844619746;113.17932303465824;144.83290866720114;48.23169492269301;0.09768775134827759;0.2625282331998231;0.21326557752533223;0.26926195725846014;139.15856199664088;137.21703513444083;138.81965949369646;137.53027315552256;32.975908654143815;0.5035592397747384;7.726905444406411;33.322880502191424;0.004796369971604894;0.02086811189102155;13.915856199664082;13.721703513444254;5.552786379748165;9.168684877034918;2.9978098776641326;89.71551721449151;0.018530043194850066;2667.6750668139607;250.3660318908452;204.7275072250114;0.008999109990726395;0.47665059390351266;0.5772017330685717;0.2206871989310896;-2.1316282072803006e-14;-1.616413669580652e-10;-2.5579538487363607e-13;-1.4660495040175192e-13;-7.645439836778678e-12;-1.7053025658242404e-12;-1.2221335055073723e-12;5.684341886080802e-14;-2.1316282072803005e-16;-1.616413669580652e-12;-2.5579538487363606e-15;-1.4660495040175192e-13;-7.645439836778678e-14;-1.7053025658242404e-14;-1.2221335055073723e-14;5.684341886080802e-16;143.32288050219142;105.88725259702386;101.73594699015496;110.0;105.88725259702386;38.20676047454788;18.241693695422157;10.334795150562513;51.508756739943635;18.23169492269301;1.9657162328203412;12.020429775663445;11.378281553802537;57.6526053861142;0.5018864833613748;9.231525809604364;4.0;0.43000000000000005;96530.05934840272;11308.047788647806;8.536403555466897;0.5018864833613748;deltaT_shex_1_K;shex;True;True;True;True;True;True;True;True;98.62171844619746;2673.3900009249805;0.05564970389423901;96530.05934840272;0.0;0.0;135.0;4.0;143.32288050219142;4.0;105.88725259702386;8.0;101.73594699015496;8.0;110.0;8.0;105.88725259702386;8.0;30.0;4.0;38.20676047454788;4.0;98.62171844619746;2673.3900009249805;0.005436294436625696;96530.05934840272;0.0;0.0;89.71551721449151;250.3660318908445;0.48564970389423906;11308.047788647806;0.5665061600226687;0.21326557752533223;161.56457419761358;366.26398668433825;0.43543629443662574;96530.05934840272;0.631834214061961;0.2625282331998231;98.62171844619746;2673.3900009249805;0.050213409457613316;96530.05934840272;0.0;0.0;113.17932303465824;250.3660318908445;0.48564970389423906;96530.05934840272;0.5665061600226687;0.21326557752533223;145.3347951505625;318.2666367707047;0.48564970389423906;96530.05934840272;0.5665061600226687;0.21326557752533223;144.83290866720114;337.0960417638474;0.43000000000000005;96530.05934840272;0.6398222066727243;0.26926195725846014;103.94779722505388;260.40788210304777;0.43000000000000005;96530.05934840272;0.6398222066727243;0.26926195725846014;103.92153636420352;260.35935161027794;0.43000000000000005;11308.047788647806;0.6398222066727243;0.26926195725846014;89.71551721449151;2667.6750668139607;0.05564970389423901;11308.047788647806;0.0;0.0;48.23169492269301;201.9470299636896;0.05564970389423901;11308.047788647806;0.0;0.0;48.23464721090966;202.03321856193838;0.05564970389423901;96530.05934840272;0.0;0.0;"Zustand 3: Temperatur 418.485 K liegt außerhalb des Boryta-Prüfbereichs; Kristallisation wurde nicht bewertet.";"Zustand 4: Temperatur 417.983 K liegt außerhalb des Boryta-Prüfbereichs; Kristallisation wurde nicht bewertet.";"Zustand 5: Temperatur 377.098 K liegt außerhalb des Boryta-Prüfbereichs; Kristallisation wurde nicht bewertet.";"Zustand 6: Temperatur 377.072 K liegt außerhalb des Boryta-Prüfbereichs; Kristallisation wurde nicht bewertet.";"Zustand 20: Temperatur 434.715 K liegt außerhalb des Boryta-Prüfbereichs; Kristallisation wurde nicht bewertet.";5
series_evaporator_to_desorber;Serie Verdampfer → Desorber;series_evaporator_to_desorber;nan;110.0;30.0;110.0;8.0;8.0;4.0;110.0;0.44000000000000006;Abwärmetemperatur [°C];hot_temperature_C;110.0;10.0;10.0;25.0;15.0;11.0;nan;nan;5.099407283929354e-25;`gtol` termination condition is satisfied.;5;1.0068845191039945e-10;1.0098918044948533e-12;1;True;;True;0;zulässig;feasible;True;True;True;98.59587989288434;113.04805374032713;144.93364672339692;48.27611458067838;0.09832341275532895;0.26213809293275214;0.21381790553915123;0.26876112941797414;139.41807145011154;137.55135039126714;139.10069452473317;137.84258598398455;33.93068918780524;0.5034174188809137;7.887963470673657;33.33840140251863;0.0048013102068120974;0.02134002245434994;13.941807145011174;13.755135039126722;5.564027780989474;9.189505732265648;3.0846081079914422;89.90968133212851;0.01824021096272217;2668.041926944567;250.2572181723894;205.33696003705262;0.009043153522222458;0.4867380378633435;0.5778538140611814;0.22114718383821902;2.2737367544323206e-13;-1.0061995681098779e-10;-5.684341886080802e-14;-7.788214517745473e-14;-3.694822225952521e-12;-8.526512829121202e-14;-1.7053025658242404e-13;-1.9895196601282805e-13;2.2737367544323206e-15;-1.006199568109878e-12;-5.684341886080802e-16;-7.788214517745473e-14;-3.694822225952521e-14;-8.526512829121202e-16;-1.7053025658242404e-15;-1.9895196601282807e-15;143.33840140251863;105.87791309856505;101.71820333406941;110.0;105.87791309856505;38.22675540617627;18.07211682134266;10.494558820748182;51.68292592595225;18.27611458067838;2.0406929527133;11.8085220019409;11.40412010711566;57.598847706984145;0.5609120973512631;9.18461557351469;4.0;0.44000000000000006;96440.32500650623;11333.31164470819;8.509456726316765;0.5609120973512631;deltaT_shex_1_K;shex;True;True;True;True;True;True;True;True;98.59587989288434;2673.349036663289;0.05578119138556592;96440.32500650623;0.0;0.0;135.0;4.0;143.33840140251863;4.0;105.87791309856505;8.0;101.71820333406941;8.0;110.0;8.0;105.87791309856505;8.0;30.0;4.0;38.22675540617627;4.0;98.59587989288434;2673.349036663289;0.005484597104586998;96440.32500650623;0.0;0.0;89.90968133212851;250.25721817238917;0.495781191385566;11333.31164470819;0.5673136385870918;0.21381790553915123;161.4105182238613;365.8066555093565;0.44548459710458704;96440.32500650623;0.6313651099412402;0.26213809293275214;98.59587989288434;2673.349036663289;0.05029659428097892;96440.32500650623;0.0;0.0;113.04805374032713;250.25721817238917;0.495781191385566;96440.32500650623;0.5673136385870918;0.21381790553915123;145.49455882074818;318.69605727594353;0.495781191385566;96440.32500650623;0.5673136385870918;0.21381790553915123;144.93364672339692;337.04315491301855;0.44000000000000006;96440.32500650623;0.6392350718817926;0.26876112941797414;103.86343816681244;259.9279522134617;0.44000000000000006;96440.32500650623;0.6392350718817926;0.26876112941797414;103.83722014585175;259.8794521624291;0.44000000000000006;11333.31164470819;0.6392350718817926;0.26876112941797414;89.90968133212851;2668.041926944567;0.05578119138556592;11333.31164470819;0.0;0.0;48.27611458067838;202.1327741533223;0.05578119138556592;11333.31164470819;0.0;0.0;48.2790653915809;202.21884815223754;0.05578119138556592;96440.32500650623;0.0;0.0;"Zustand 3: Temperatur 418.645 K liegt außerhalb des Boryta-Prüfbereichs; Kristallisation wurde nicht bewertet.";"Zustand 4: Temperatur 418.084 K liegt außerhalb des Boryta-Prüfbereichs; Kristallisation wurde nicht bewertet.";"Zustand 5: Temperatur 377.013 K liegt außerhalb des Boryta-Prüfbereichs; Kristallisation wurde nicht bewertet.";"Zustand 6: Temperatur 376.987 K liegt außerhalb des Boryta-Prüfbereichs; Kristallisation wurde nicht bewertet.";"Zustand 20: Temperatur 434.561 K liegt außerhalb des Boryta-Prüfbereichs; Kristallisation wurde nicht bewertet.";5
series_evaporator_to_desorber;Serie Verdampfer → Desorber;series_evaporator_to_desorber;nan;110.0;30.0;110.0;8.0;8.0;4.0;110.0;0.45000000000000007;Abwärmetemperatur [°C];hot_temperature_C;110.0;10.0;10.0;25.0;15.0;11.0;nan;nan;2.0304769112386614e-25;`gtol` termination condition is satisfied.;5;6.358692595700526e-11;6.372561355120343e-13;1;True;;True;0;zulässig;feasible;True;True;True;98.57137424073204;112.92254903620727;145.0257486200594;48.31828511086246;0.0989793602555425;0.26175840291880337;0.21434963079445685;0.2682766181007564;139.65554127234296;137.8687380585376;139.35887313222906;138.13878792084304;34.88448082490596;0.5032674536511985;8.049236663305244;33.352604143082715;0.004805969651837641;0.021812308156774596;13.965554127234297;13.786873805853837;5.574354925289173;9.209252528056235;3.171316438633594;90.09588107095192;0.017963372609387043;2668.3937830598743;250.15745992046692;205.92318299178288;0.009087776588746488;0.4968181457767189;0.5784806909261864;0.22159021725309275;1.5631940186722204e-13;-6.357936399581376e-11;-5.684341886080802e-14;-4.2021941482062175e-14;-2.5579538487363607e-13;-7.958078640513122e-13;-4.831690603168681e-13;0.0;1.5631940186722204e-15;-6.357936399581377e-13;-5.684341886080802e-16;-4.2021941482062175e-14;-2.5579538487363606e-15;-7.958078640513123e-15;-4.831690603168682e-15;0.0;143.35260414308271;105.86905538514225;101.70162496850861;110.0;105.86905538514225;38.24573792216131;17.908694275966297;10.648629193044542;51.85014314879061;18.318285110862462;2.1145663510229156;11.605743897556692;11.428625759267959;57.54782086873331;0.6228805729851388;9.141882716846055;4.0;0.45000000000000007;96355.28356756823;11357.341122838816;8.48396491092484;0.6228805729851388;deltaT_shex_1_K;shex;True;True;True;True;True;True;True;True;98.57137424073204;2673.310182259238;0.05590592236546532;96355.28356756823;0.0;0.0;135.0;4.0;143.35260414308271;4.0;105.86905538514225;8.0;101.70162496850861;8.0;110.0;8.0;105.86905538514225;8.0;30.0;4.0;38.24573792216131;4.0;98.57137424073204;2673.310182259238;0.005533532430229783;96355.28356756823;0.0;0.0;90.09588107095192;250.15745992046547;0.5059059223654654;11357.341122838816;0.5680892267277436;0.21434963079445685;161.261298419049;365.36309146859014;0.45553353243022987;96355.28356756823;0.630907899799108;0.26175840291880337;98.57137424073204;2673.310182259238;0.05037238993523554;96355.28356756823;0.0;0.0;112.92254903620727;250.15745992046547;0.5059059223654654;96355.28356756823;0.5680892267277436;0.21434963079445685;145.64862919304454;319.1119419352174;0.5059059223654654;96355.28356756823;0.5680892267277436;0.21434963079445685;145.0257486200594;336.9828690816022;0.45000000000000007;96355.28356756823;0.6386660094079625;0.2682766181007564;103.78066631936122;259.46180058181153;0.45000000000000007;96355.28356756823;0.6386660094079625;0.2682766181007564;103.75448903411933;259.4133287859076;0.45000000000000007;11357.341122838816;0.6386660094079625;0.2682766181007564;90.09588107095192;2668.3937830598743;0.05590592236546532;11357.341122838816;0.0;0.0;48.31828511086246;202.3091139389683;0.05590592236546532;11357.341122838816;0.0;0.0;48.321234516408936;202.39507924368897;0.05590592236546532;96355.28356756823;0.0;0.0;"Zustand 3: Temperatur 418.799 K liegt außerhalb des Boryta-Prüfbereichs; Kristallisation wurde nicht bewertet.";"Zustand 4: Temperatur 418.176 K liegt außerhalb des Boryta-Prüfbereichs; Kristallisation wurde nicht bewertet.";"Zustand 5: Temperatur 376.931 K liegt außerhalb des Boryta-Prüfbereichs; Kristallisation wurde nicht bewertet.";"Zustand 6: Temperatur 376.904 K liegt außerhalb des Boryta-Prüfbereichs; Kristallisation wurde nicht bewertet.";"Zustand 20: Temperatur 434.411 K liegt außerhalb des Boryta-Prüfbereichs; Kristallisation wurde nicht bewertet.";5
series_evaporator_to_desorber;Serie Verdampfer → Desorber;series_evaporator_to_desorber;nan;110.0;30.0;110.0;8.0;8.0;4.0;110.0;0.4600000000000001;Abwärmetemperatur [°C];hot_temperature_C;110.0;10.0;10.0;25.0;15.0;11.0;nan;nan;8.494133488655226e-26;`gtol` termination condition is satisfied.;5;4.1151778394794844e-11;4.1216825420343147e-13;1;True;;True;0;zulässig;feasible;True;True;True;98.548095919361;112.80270031260449;145.10959304939968;48.35838162825843;0.09965620437317314;0.2613886461851375;0.214861709709801;0.26780760065260373;139.87229967060156;138.1705161027412;139.5955654551609;138.42015500440664;35.83699246160572;0.5031093185643921;8.210703770075916;33.36556816211731;0.004810372325805901;0.02228494144971257;13.987229967060202;13.817051610274223;5.583822618206574;9.22801033362716;3.2579084056042453;90.27458570459129;0.01769890653559221;2668.731515154461;250.06644487127832;206.48741670500794;0.009133068159632662;0.506891362008763;0.5790836700343398;0.2220171291338126;2.7000623958883807e-13;-4.098410499864258e-11;-1.7053025658242404e-13;-2.3148150063434514e-14;-3.439026841078885e-12;-1.0231815394945443e-12;-7.673861546209082e-13;-4.547473508864641e-13;2.7000623958883807e-15;-4.098410499864258e-13;-1.7053025658242404e-15;-2.3148150063434514e-14;-3.439026841078885e-14;-1.0231815394945442e-14;-7.673861546209083e-15;-4.547473508864641e-15;143.3655681621173;105.86064129771512;101.6861327613766;110.0;105.86064129771512;38.26378684825005;17.751060899865365;10.797228962243707;52.01079885634124;18.358381628258428;2.1872951521767163;11.41154705678531;11.451904080638997;57.499311602815624;0.6876359128440299;9.103215674605167;4.0;0.4600000000000001;96274.5588792567;11380.22934418764;8.459808319102827;0.6876359128440299;deltaT_shex_1_K;shex;True;True;True;True;True;True;True;True;98.548095919361;2673.2732708354456;0.056024430168395534;96274.5588792567;0.0;0.0;135.0;4.0;143.3655681621173;4.0;105.86064129771512;8.0;101.6861327613766;8.0;110.0;8.0;105.86064129771512;8.0;30.0;4.0;38.26378684825005;4.0;98.548095919361;2673.2732708354456;0.005583182062752192;96274.5588792567;0.0;0.0;90.27458570459129;250.0664448712808;0.5160244301683956;11380.22934418764;0.5688345222821143;0.214861709709801;161.11662906198268;364.93252567669185;0.4655831820627523;96274.5588792567;0.630462013082766;0.2613886461851375;98.548095919361;2673.2732708354456;0.05044124810564334;96274.5588792567;0.0;0.0;112.80270031260449;250.0664448712808;0.5160244301683956;96274.5588792567;0.5688345222821143;0.214861709709801;145.7972289622437;319.5146926023251;0.5160244301683956;96274.5588792567;0.5688345222821143;0.214861709709801;145.10959304939968;336.915380800408;0.4600000000000001;96274.5588792567;0.6381141526537816;0.26780760065260373;103.69948463799932;259.0088754490918;0.4600000000000001;96274.5588792567;0.6381141526537816;0.26780760065260373;103.6733461455384;258.96042992420115;0.4600000000000001;11380.22934418764;0.6381141526537816;0.26780760065260373;90.27458570459129;2668.731515154461;0.056024430168395534;11380.22934418764;0.0;0.0;48.35838162825843;202.47678150639092;0.056024430168395534;11380.22934418764;0.0;0.0;48.361329694899496;202.56264355463213;0.056024430168395534;96274.5588792567;0.0;0.0;"Zustand 3: Temperatur 418.947 K liegt außerhalb des Boryta-Prüfbereichs; Kristallisation wurde nicht bewertet.";"Zustand 4: Temperatur 418.260 K liegt außerhalb des Boryta-Prüfbereichs; Kristallisation wurde nicht bewertet.";"Zustand 5: Temperatur 376.849 K liegt außerhalb des Boryta-Prüfbereichs; Kristallisation wurde nicht bewertet.";"Zustand 6: Temperatur 376.823 K liegt außerhalb des Boryta-Prüfbereichs; Kristallisation wurde nicht bewertet.";"Zustand 20: Temperatur 434.267 K liegt außerhalb des Boryta-Prüfbereichs; Kristallisation wurde nicht bewertet.";5
series_evaporator_to_desorber;Serie Verdampfer → Desorber;series_evaporator_to_desorber;nan;110.0;30.0;110.0;8.0;8.0;4.0;110.0;0.4700000000000001;Abwärmetemperatur [°C];hot_temperature_C;110.0;10.0;10.0;25.0;15.0;11.0;nan;nan;3.98431375680583e-26;`gtol` termination condition is satisfied.;5;2.8197566396219075e-11;2.822875752421927e-13;1;True;;True;0;zulässig;feasible;True;True;True;98.52594827288783;112.68838533458876;145.18555312980487;48.39656463788248;0.10035443802543242;0.26102834439048717;0.21535504555283352;0.26735330802146134;140.06957535224913;138.45789253128035;139.81203992576775;138.68785552269568;36.78796239395134;0.5029430087458294;8.372344401717646;33.37736694690483;0.00481453997039282;0.022757895095644264;14.006957535224915;13.845789253128284;5.592481597030868;9.245857034846559;3.3443602176344562;90.44623083962227;0.017446220644920584;2669.055940316152;249.9838530979698;207.0308196087716;0.009179105738738258;0.5169580975879162;0.5796639709285768;0.22242869752292105;-1.4210854715202004e-14;-2.7675639557855902e-11;-8.526512829121202e-14;-1.326716514427062e-14;-3.950617610826157e-12;-2.5011104298755527e-12;-2.7000623958883807e-12;-2.842170943040401e-14;-1.4210854715202004e-16;-2.7675639557855904e-13;-8.526512829121202e-16;-1.326716514427062e-14;-3.950617610826157e-14;-2.5011104298755527e-14;-2.7000623958883806e-14;-2.842170943040401e-16;143.37736694690483;105.85263589944094;101.67165384424453;110.0;105.85263589944094;38.28097443368904;17.598880099422104;10.940571478246454;52.165256405933235;18.396564637882477;2.2588460250929643;11.225423004622257;11.474051727112169;57.45312447231868;0.7550183484415811;9.068493965291111;4.0;0.4700000000000001;96197.80719518999;11402.062077264727;8.436878043928976;0.7550183484415811;deltaT_shex_1_K;shex;True;True;True;True;True;True;True;True;98.52594827288783;2673.2381495726336;0.056137203326654395;96197.80719518999;0.0;0.0;135.0;4.0;143.37736694690483;4.0;105.85263589944094;8.0;101.67165384424453;8.0;110.0;8.0;105.85263589944094;8.0;30.0;4.0;38.28097443368904;4.0;98.52594827288783;2673.2381495726336;0.005633617492165837;96197.80719518999;0.0;0.0;90.44623083962227;249.98385309797482;0.5261372033266545;11402.062077264727;0.569551025391846;0.21535504555283352;160.97624704632693;364.5142487260692;0.4756336174921659;96197.80719518999;0.6300269212077785;0.26102834439048717;98.52594827288783;2673.2381495726336;0.05050358583448856;96197.80719518999;0.0;0.0;112.68838533458876;249.98385309797482;0.5261372033266545;96197.80719518999;0.569551025391846;0.21535504555283352;145.94057147824645;319.9047067485983;0.5261372033266545;96197.80719518999;0.569551025391846;0.21535504555283352;145.18555312980487;336.84091393374865;0.4700000000000001;96197.80719518999;0.6375786886202004;0.26735330802146134;103.61989136929765;258.5686535210862;0.4700000000000001;96197.80719518999;0.6375786886202004;0.26735330802146134;103.59378987434798;258.52023246769124;0.4700000000000001;11402.062077264727;0.6375786886202004;0.26735330802146134;90.44623083962227;2669.055940316152;0.056137203326654395;11402.062077264727;0.0;0.0;48.39656463788248;202.63644795894294;0.056137203326654395;11402.062077264727;0.0;0.0;48.39951142712226;202.7222117605769;0.056137203326654395;96197.80719518999;0.0;0.0;"Zustand 3: Temperatur 419.091 K liegt außerhalb des Boryta-Prüfbereichs; Kristallisation wurde nicht bewertet.";"Zustand 4: Temperatur 418.336 K liegt außerhalb des Boryta-Prüfbereichs; Kristallisation wurde nicht bewertet.";"Zustand 5: Temperatur 376.770 K liegt außerhalb des Boryta-Prüfbereichs; Kristallisation wurde nicht bewertet.";"Zustand 6: Temperatur 376.744 K liegt außerhalb des Boryta-Prüfbereichs; Kristallisation wurde nicht bewertet.";"Zustand 20: Temperatur 434.126 K liegt außerhalb des Boryta-Prüfbereichs; Kristallisation wurde nicht bewertet.";5
series_evaporator_to_desorber;Serie Verdampfer → Desorber;series_evaporator_to_desorber;nan;110.0;30.0;110.0;8.0;8.0;4.0;110.0;0.4800000000000001;Abwärmetemperatur [°C];hot_temperature_C;110.0;10.0;10.0;25.0;15.0;11.0;nan;nan;1.9387931379179016e-26;`gtol` termination condition is satisfied.;5;1.9676247516998344e-11;1.9691587736482306e-13;1;True;;True;0;zulässig;feasible;True;True;True;98.50484273351509;112.57947115437145;145.253994305898;48.432981372668564;0.10107444887783133;0.260677053764335;0.21583049162210605;0.2669130202570552;140.24850632764515;138.7319754620141;140.00947215276028;138.9429600023414;37.73715579694418;0.5027685374317328;8.534139002487558;33.38806856026588;0.004818492293427988;0.023231142264163805;14.024850632764544;13.873197546201435;5.600378886110566;9.262864000156123;3.4306505269966783;90.61122115838032;0.017204751323373024;2669.3678178325526;249.9093604916577;207.55447410832087;0.009225956534663848;0.5270187331592923;0.5802227330462041;0.22282565227688475;8.526512829121202e-14;-1.928412984852912e-11;2.842170943040401e-14;-7.771561172376096e-15;-3.865352482534945e-12;-2.5579538487363607e-13;-4.263256414560601e-13;-2.8421709430404007e-13;8.526512829121202e-16;-1.928412984852912e-13;2.842170943040401e-16;-7.771561172376096e-15;-3.865352482534945e-14;-2.5579538487363606e-15;-4.263256414560601e-15;-2.842170943040401e-15;143.38806856026588;105.84500717696346;101.65812104799335;110.0;105.84500717696346;38.29736695346975;17.451841067279815;11.078860994169077;52.31385420491057;18.432981372668564;2.3291927030498414;11.04689988961303;11.49515726648491;57.409080235605416;0.8248666882710722;9.037590523124493;4.0;0.4800000000000001;96124.71408562124;11422.918358016741;8.41507494607626;0.8248666882710722;deltaT_shex_1_K;shex;True;True;True;True;True;True;True;True;98.50484273351509;2673.2046784107692;0.05624468969395602;96124.71408562124;0.0;0.0;135.0;4.0;143.38806856026588;4.0;105.84500717696346;8.0;101.65812104799335;8.0;110.0;8.0;105.84500717696346;8.0;30.0;4.0;38.29736695346975;4.0;98.50484273351509;2673.2046784107692;0.0056849010131212446;96124.71408562124;0.0;0.0;90.61122115838032;249.90936049166726;0.5362446896939561;11422.918358016741;0.5702401452119763;0.21583049162210605;160.8399096275457;364.10760471059706;0.48568490101312134;96124.71408562124;0.6296021331574796;0.260677053764335;98.50484273351509;2673.2046784107692;0.05055978868083477;96124.71408562124;0.0;0.0;112.57947115437145;249.90936049166726;0.5362446896939561;96124.71408562124;0.5702401452119763;0.21583049162210605;146.07886099416908;320.2823758747779;0.5362446896939561;96124.71408562124;0.5702401452119763;0.21583049162210605;145.253994305898;336.75971243211086;0.4800000000000001;96124.71408562124;0.6370588535838181;0.2669130202570552;103.54188063124695;258.140637855144;0.4800000000000001;96124.71408562124;0.6370588535838181;0.2669130202570552;103.51581447391362;258.09223964209366;0.4800000000000001;11422.918358016741;0.6370588535838181;0.2669130202570552;90.61122115838032;2669.3678178325526;0.05624468969395602;11422.918358016741;0.0;0.0;48.432981372668564;202.78872891063355;0.05624468969395602;11422.918358016741;0.0;0.0;48.43592694135805;202.8743990835805;0.05624468969395602;96124.71408562124;0.0;0.0;"Zustand 3: Temperatur 419.229 K liegt außerhalb des Boryta-Prüfbereichs; Kristallisation wurde nicht bewertet.";"Zustand 4: Temperatur 418.404 K liegt außerhalb des Boryta-Prüfbereichs; Kristallisation wurde nicht bewertet.";"Zustand 5: Temperatur 376.692 K liegt außerhalb des Boryta-Prüfbereichs; Kristallisation wurde nicht bewertet.";"Zustand 6: Temperatur 376.666 K liegt außerhalb des Boryta-Prüfbereichs; Kristallisation wurde nicht bewertet.";"Zustand 20: Temperatur 433.990 K liegt außerhalb des Boryta-Prüfbereichs; Kristallisation wurde nicht bewertet.";5
series_evaporator_to_desorber;Serie Verdampfer → Desorber;series_evaporator_to_desorber;nan;110.0;30.0;110.0;8.0;8.0;4.0;110.0;0.4900000000000001;Abwärmetemperatur [°C];hot_temperature_C;110.0;10.0;10.0;25.0;15.0;11.0;nan;nan;5.551430541499571e-17;`gtol` termination condition is satisfied.;4;1.0404713281329507e-06;1.0537011475270938e-08;1;True;;True;0;zulässig;feasible;True;True;True;98.48469801215379;112.4758166124484;145.3152723501065;48.46776710429691;0.10181654022745121;0.2603343631500812;0.21628885354041305;0.26648606188444907;140.41014859099866;138.99378304231814;140.18895367619652;139.1864510462357;38.684362104071624;0.5025859335416456;8.69606876477633;33.39773615974872;0.0048222471977632094;0.02370465654827724;14.041014756318454;13.899378296923018;5.607558147599506;9.279096731818283;3.516760195898484;90.76993282783383;0.016973962492816297;2669.667853665051;249.84264143828645;208.05939173346042;0.009273678587016554;0.5370736219293685;0.5807610208982298;0.22320867781860185;-7.138531543660065e-09;-5.081169973664146e-08;1.151321100678615e-07;-1.664580862037468e-09;-1.3791122910333797e-08;7.308796057259315e-08;6.896144100210222e-08;1.027814136023153e-06;-7.138531543660065e-11;-5.081169973664146e-10;1.151321100678615e-09;-1.664580862037468e-09;-1.3791122910333797e-10;7.308796057259315e-10;6.896144100210222e-10;1.027814136023153e-08;143.39773615974872;105.83772574622503;101.64547234681726;110.0;105.83772574622503;38.313025301574044;17.309656696987474;11.21229262360987;52.45690752625978;18.46776710429691;2.398315203814093;10.87553951898343;11.515301987846215;57.3670142412069;0.8970202735033581;9.010373714747288;4.0;0.4900000000000001;96054.99144243605;11442.871116413455;8.39430860185574;0.8970202735033581;deltaT_shex_1_K;shex;True;True;True;True;True;True;True;True;98.48469801215379;2673.1727287754015;0.056347300516384924;96054.99144243605;0.0;0.0;135.0;4.0;143.39773615974872;4.0;105.83772574622503;8.0;101.64547234681726;8.0;110.0;8.0;105.83772574622503;8.0;30.0;4.0;38.313025301574044;4.0;98.48469801215379;2673.1727287754015;0.005737087189734788;96054.99144243605;0.0;0.0;90.76993282783383;249.84264143829841;0.546347300516385;11442.871116413455;0.5709032051122135;0.21628885354041305;160.7073928567362;363.71198742352766;0.4957370871897349;96054.99144243605;0.6291871935625668;0.2603343631500812;98.48469801215379;2673.1727287754015;0.05061021332665014;96054.99144243605;0.0;0.0;112.4758166124484;249.84264143829841;0.546347300516385;96054.99144243605;0.5709032051122135;0.21628885354041305;146.21229262360987;320.6480834483692;0.546347300516385;96054.99144243605;0.5709032051122135;0.21628885354041305;145.3152723501065;336.6720333025621;0.4900000000000001;96054.99144243605;0.6365539285085916;0.26648606188444907;103.46544289770111;257.7243555245822;0.4900000000000001;96054.99144243605;0.6365539285085916;0.26648606188444907;103.43941054241094;257.6759786744837;0.4900000000000001;11442.871116413455;0.6365539285085916;0.26648606188444907;90.76993282783383;2669.667853665051;0.056347300516384924;11442.871116413455;0.0;0.0;48.46776710429691;202.93418996627466;0.056347300516384924;11442.871116413455;0.0;0.0;48.47071150501813;203.01977076878995;0.056347300516384924;96054.99144243605;0.0;0.0;"Zustand 3: Temperatur 419.362 K liegt außerhalb des Boryta-Prüfbereichs; Kristallisation wurde nicht bewertet.";"Zustand 4: Temperatur 418.465 K liegt außerhalb des Boryta-Prüfbereichs; Kristallisation wurde nicht bewertet.";"Zustand 5: Temperatur 376.615 K liegt außerhalb des Boryta-Prüfbereichs; Kristallisation wurde nicht bewertet.";"Zustand 6: Temperatur 376.589 K liegt außerhalb des Boryta-Prüfbereichs; Kristallisation wurde nicht bewertet.";"Zustand 20: Temperatur 433.857 K liegt außerhalb des Boryta-Prüfbereichs; Kristallisation wurde nicht bewertet.";5
series_evaporator_to_desorber;Serie Verdampfer → Desorber;series_evaporator_to_desorber;nan;110.0;30.0;110.0;8.0;8.0;4.0;110.0;0.5000000000000001;Abwärmetemperatur [°C];hot_temperature_C;110.0;10.0;10.0;25.0;15.0;11.0;nan;nan;3.0062956870095596e-17;`gtol` termination condition is satisfied.;4;7.624175780283561e-07;7.754090129743863e-09;1;True;;True;0;zulässig;feasible;True;True;True;98.46543970336131;112.37727486253226;145.36973335021224;48.501045792835214;0.10258090353415994;0.2599998842510152;0.21673089504676454;0.26607180087988974;140.55547964944685;139.2442481109345;140.35149564634835;139.41922787564346;39.62939359910683;0.5023952395018854;8.858115827340729;33.40642820869897;0.004825820910585856;0.02417841226774522;14.05554788967298;13.924424805695946;5.614059826350771;9.294615188328713;3.6026721489643356;90.92271620924464;0.016753344314224067;2669.9567055519487;249.7833730007006;208.54652067491776;0.009322321584189663;0.5471230907072981;0.5812798339374831;0.22357841933506226;-5.211191478338151e-09;-3.950086835402544e-08;8.642194870844833e-08;-1.41352651805704e-09;-1.242091229869402e-08;5.397504310167278e-08;5.071277087154158e-08;7.527170566845598e-07;-5.211191478338151e-11;-3.950086835402544e-10;8.642194870844833e-10;-1.41352651805704e-09;-1.242091229869402e-10;5.397504310167278e-10;5.071277087154158e-10;7.527170566845598e-09;143.40642820869897;105.83076471663747;101.63365061238062;110.0;105.83076471663747;38.328005269792754;17.17205981846564;11.341053963257252;52.594710939451886;18.501045792835214;2.4661990232480093;10.71093440313598;11.534560296638688;57.326775642442556;0.9713206130450089;8.986709194206583;4.0;0.5000000000000001;95988.37594749987;11461.987442208156;8.374496694528542;0.9713206130450089;deltaT_shex_1_K;shex;True;True;True;True;True;True;True;True;98.46543970336131;2673.14218295959;0.056445412291487695;95988.37594749987;0.0;0.0;135.0;4.0;143.40642820869897;4.0;105.83076471663747;8.0;101.63365061238062;8.0;110.0;8.0;105.83076471663747;8.0;30.0;4.0;38.328005269792754;4.0;98.46543970336131;2673.14218295959;0.005790221393218985;95988.37594749987;0.0;0.0;90.92271620924464;249.78337300068878;0.5564454122914878;11461.987442208156;0.5715414527366134;0.21673089504676454;160.5784880271646;363.3268295556048;0.505790221393219;95988.37594749987;0.6287816712770695;0.2599998842510152;98.46543970336131;2673.14218295959;0.05065519089826871;95988.37594749987;0.0;0.0;112.37727486253226;249.78337300068878;0.5564454122914878;95988.37594749987;0.5715414527366134;0.21673089504676454;146.34105396325725;321.002207272158;0.5564454122914878;95988.37594749987;0.5715414527366134;0.21673089504676454;145.36973335021224;336.5781451811178;0.5000000000000001;95988.37594749987;0.6360632386194014;0.26607180087988974;103.39056566832568;257.3193579724818;0.5000000000000001;95988.37594749987;0.6360632386194014;0.26607180087988974;103.36456569338947;257.27100114794627;0.5000000000000001;11461.987442208156;0.6360632386194014;0.26607180087988974;90.92271620924464;2669.9567055519487;0.056445412291487695;11461.987442208156;0.0;0.0;48.501045792835214;203.07334943669244;0.056445412291487695;11461.987442208156;0.0;0.0;48.50398907419492;203.1588447978684;0.056445412291487695;95988.37594749987;0.0;0.0;"Zustand 3: Temperatur 419.491 K liegt außerhalb des Boryta-Prüfbereichs; Kristallisation wurde nicht bewertet.";"Zustand 4: Temperatur 418.520 K liegt außerhalb des Boryta-Prüfbereichs; Kristallisation wurde nicht bewertet.";"Zustand 5: Temperatur 376.541 K liegt außerhalb des Boryta-Prüfbereichs; Kristallisation wurde nicht bewertet.";"Zustand 6: Temperatur 376.515 K liegt außerhalb des Boryta-Prüfbereichs; Kristallisation wurde nicht bewertet.";"Zustand 20: Temperatur 433.728 K liegt außerhalb des Boryta-Prüfbereichs; Kristallisation wurde nicht bewertet.";5
series_evaporator_to_desorber;Serie Verdampfer → Desorber;series_evaporator_to_desorber;nan;110.0;30.0;110.0;8.0;8.0;4.0;110.0;0.5100000000000001;Abwärmetemperatur [°C];hot_temperature_C;110.0;10.0;10.0;25.0;15.0;11.0;nan;nan;1.66179756371006e-17;`gtol` termination condition is satisfied.;4;5.637084608778246e-07;5.76506298961262e-09;1;True;;True;0;zulässig;feasible;True;True;True;98.44699924837244;112.28369485596511;145.4177106691946;48.53293176003422;0.10336768844147598;0.2596732592937069;0.21715733597719192;0.26566964139620164;140.68541034188647;139.48423115786255;140.4980406437974;139.64211923978323;40.5720819171134;0.5021965090630057;9.020262883407108;33.41419918312715;0.004829228245799688;0.024652384126733144;14.068540978565299;13.948423111764383;5.619921626106486;9.309474613452316;3.688371086176392;91.06989729223221;0.016542412611813138;2670.2349855974758;249.7312346664255;209.01674703642874;0.00937192805484055;0.557167444088975;0.5817801051389206;0.22393548103462171;-3.795818770413462e-09;-3.082691080180666e-08;6.530967766593676e-08;-1.2080456635032988e-09;-8.86475959305244e-09;4.021873678539123e-08;3.799848968810693e-08;5.562334877140529e-07;-3.795818770413462e-11;-3.082691080180666e-10;6.530967766593676e-10;-1.2080456635032988e-09;-8.864759593052441e-11;4.0218736785391227e-10;3.799848968810693e-10;5.562334877140529e-09;143.41419918312715;105.82409930503042;101.62260287429484;110.0;105.82409930503042;38.34235832283866;17.038803708098044;11.465323300680325;52.72753896939355;18.532931760034216;2.532834610158602;10.552705582062629;11.553000751627565;57.28822533801798;1.0476126314857197;8.966461249837948;4.0;0.5100000000000001;95924.6253444695;11480.329453754908;8.355563812943986;1.0476126314857197;deltaT_shex_1_K;shex;True;True;True;True;True;True;True;True;98.44699924837244;2673.112932486461;0.056539372143815436;95924.6253444695;0.0;0.0;135.0;4.0;143.41419918312715;4.0;105.82409930503042;8.0;101.62260287429484;8.0;110.0;8.0;105.82409930503042;8.0;30.0;4.0;38.34235832283866;4.0;98.44699924837244;2673.112932486461;0.00584434420443858;95924.6253444695;0.0;0.0;91.06989729223221;249.73123466641513;0.5665393721438156;11480.329453754908;0.5721560585903687;0.21715733597719192;160.4530028912252;362.9516081591248;0.5158443442044387;95924.6253444695;0.6283851689990556;0.2596732592937069;98.44699924837244;2673.112932486461;0.05069502793937686;95924.6253444695;0.0;0.0;112.28369485596511;249.73123466641513;0.5665393721438156;95924.6253444695;0.5721560585903687;0.21715733597719192;146.46532330068032;321.34511343989993;0.5665393721438156;95924.6253444695;0.5721560585903687;0.21715733597719192;145.4177106691946;336.4783181947308;0.5100000000000001;95924.6253444695;0.63558614549425;0.26566964139620164;103.31723360612716;256.92521638902645;0.5100000000000001;95924.6253444695;0.63558614549425;0.26566964139620164;103.29126469487181;256.8768783809348;0.5100000000000001;11480.329453754908;0.63558614549425;0.26566964139620164;91.06989729223221;2670.2349855974758;0.056539372143815436;11480.329453754908;0.0;0.0;48.53293176003422;203.20668533503556;0.056539372143815436;11480.329453754908;0.0;0.0;48.535873967012435;203.29209888072396;0.056539372143815436;95924.6253444695;0.0;0.0;"Zustand 3: Temperatur 419.615 K liegt außerhalb des Boryta-Prüfbereichs; Kristallisation wurde nicht bewertet.";"Zustand 4: Temperatur 418.568 K liegt außerhalb des Boryta-Prüfbereichs; Kristallisation wurde nicht bewertet.";"Zustand 5: Temperatur 376.467 K liegt außerhalb des Boryta-Prüfbereichs; Kristallisation wurde nicht bewertet.";"Zustand 6: Temperatur 376.441 K liegt außerhalb des Boryta-Prüfbereichs; Kristallisation wurde nicht bewertet.";"Zustand 20: Temperatur 433.603 K liegt außerhalb des Boryta-Prüfbereichs; Kristallisation wurde nicht bewertet.";5
series_evaporator_to_desorber;Serie Verdampfer → Desorber;series_evaporator_to_desorber;nan;110.0;30.0;110.0;8.0;8.0;4.0;110.0;0.5200000000000001;Abwärmetemperatur [°C];hot_temperature_C;110.0;10.0;10.0;25.0;15.0;11.0;nan;nan;9.36020888056371e-18;`gtol` termination condition is satisfied.;4;4.2003104844131234e-07;4.3267098078248116e-09;1;True;;True;0;zulässig;feasible;True;True;True;98.42931369522017;112.1949233046376;145.45952569655827;48.56353009014356;0.10417696998429497;0.25935415138034246;0.2175688580614142;0.26527902370343626;140.8007866327258;139.71452307639353;140.62946463341248;139.85588604260099;41.512277033207724;0.5019898055045439;9.182493402699082;33.4210996789908;0.0048324826850493306;0.02512654751436719;14.080078621858984;13.971452304637381;5.6251785857321694;9.323725734280618;3.773843368910436;91.2117800718458;0.016340707529286486;2670.503264763804;249.68591189295907;209.47090183015146;0.009422533994199567;0.567206964900638;0.5822627104316347;0.2242804322082987;-2.9064253226351866e-09;-2.4807071952182014e-08;4.9874529395310674e-08;-1.0382280035692304e-09;-9.891749641610659e-09;3.001972004312847e-08;2.839172452695493e-08;4.1413593976358243e-07;-2.9064253226351865e-11;-2.4807071952182013e-10;4.987452939531068e-10;-1.0382280035692304e-09;-9.891749641610658e-11;3.0019720043128473e-10;2.8391724526954933e-10;4.141359397635824e-09;143.4210996789908;105.81770675709924;101.61228018313358;110.0;105.81770675709924;38.3561317629422;16.909658643817863;11.585271404082732;52.855648308903596;18.56353009014356;2.598216686761816;10.400500111287784;11.570686304779827;57.25123549280886;1.1257457075244588;8.949494166573743;4.0;0.5200000000000001;95863.51749036388;11497.954450264295;8.337441055714075;1.1257457075244588;deltaT_shex_1_K;shex;True;True;True;True;True;True;True;True;98.42931369522017;2673.084877734881;0.05662949889483748;95863.51749036388;0.0;0.0;135.0;4.0;143.4210996789908;4.0;105.81770675709924;8.0;101.61228018313358;8.0;110.0;8.0;105.81770675709924;8.0;30.0;4.0;38.3561317629422;4.0;98.42931369522017;2673.084877734881;0.00589948960659315;95863.51749036388;0.0;0.0;91.2117800718458;249.68591189295105;0.5766294988948376;11497.954450264295;0.5727481257752617;0.2175688580614142;160.33075832280866;362.58583429864075;0.5258994896065933;95863.51749036388;0.6279973118894505;0.25935415138034246;98.42931369522017;2673.084877734881;0.05073000928824433;95863.51749036388;0.0;0.0;112.1949233046376;249.68591189295105;0.5766294988948376;95863.51749036388;0.5727481257752617;0.2175688580614142;146.58527140408273;321.6771595012849;0.5766294988948376;95863.51749036388;0.5727481257752617;0.2175688580614142;145.45952569655827;336.3728246007157;0.5200000000000001;95863.51749036388;0.635122047612974;0.26527902370343626;103.24542913806386;256.54152260818853;0.5200000000000001;95863.51749036388;0.635122047612974;0.26527902370343626;103.21949007033743;256.4932023245071;0.5200000000000001;11497.954450264295;0.635122047612974;0.26527902370343626;91.2117800718458;2670.503264763804;0.05662949889483748;11497.954450264295;0.0;0.0;48.56353009014356;203.3346370518198;0.05662949889483748;11497.954450264295;0.0;0.0;48.566471264290385;203.41997212946237;0.05662949889483748;95863.51749036388;0.0;0.0;"Zustand 3: Temperatur 419.735 K liegt außerhalb des Boryta-Prüfbereichs; Kristallisation wurde nicht bewertet.";"Zustand 4: Temperatur 418.610 K liegt außerhalb des Boryta-Prüfbereichs; Kristallisation wurde nicht bewertet.";"Zustand 5: Temperatur 376.395 K liegt außerhalb des Boryta-Prüfbereichs; Kristallisation wurde nicht bewertet.";"Zustand 6: Temperatur 376.369 K liegt außerhalb des Boryta-Prüfbereichs; Kristallisation wurde nicht bewertet.";"Zustand 20: Temperatur 433.481 K liegt außerhalb des Boryta-Prüfbereichs; Kristallisation wurde nicht bewertet.";5
series_evaporator_to_desorber;Serie Verdampfer → Desorber;series_evaporator_to_desorber;nan;110.0;30.0;110.0;8.0;8.0;4.0;110.0;0.5300000000000001;Abwärmetemperatur [°C];hot_temperature_C;110.0;10.0;10.0;25.0;15.0;11.0;nan;nan;5.377282156348978e-18;`gtol` termination condition is satisfied.;4;3.153886292621048e-07;3.2794152394440624e-09;1;True;;True;0;zulässig;feasible;True;True;True;98.41232512533043;112.11080598968215;145.49548700922708;48.59293756251236;0.10500876792099774;0.2590422442980502;0.21796610638670486;0.2648994207981226;140.90239579224027;139.9358522554711;140.74658322018936;140.06122835053745;42.44984519079976;0.501775199927981;9.344791532934321;33.42717678183254;0.004835596527349798;0.025600878453464083;14.090239548141245;13.993585223287003;5.62986332905078;9.33741522194108;3.859076837284492;91.34864816916667;0.016147792586169434;2670.762075878456;249.6470971155011;209.90976440462612;0.009474169663292842;0.5772419163116693;0.5827284718110638;0.2246138088681358;-2.0037091985614097e-09;-1.932964721618191e-08;3.8352879982994637e-08;-8.986914545872082e-10;-6.080142611608608e-09;2.260108544760442e-08;2.1421243445729488e-08;3.108278292529576e-07;-2.0037091985614096e-11;-1.9329647216181912e-10;3.8352879982994635e-10;-8.986914545872082e-10;-6.080142611608608e-11;2.260108544760442e-10;2.1421243445729488e-10;3.108278292529576e-09;143.42717678183254;105.81156613784276;101.60263721379403;110.0;105.81156613784276;38.369369154035326;16.78441080500835;11.701061440878902;52.97927901513134;18.59293756251236;2.6623437419493143;10.25398904462736;11.587674874669574;57.215688395621555;1.2055744316518258;8.93567323833679;4.0;0.5300000000000001;95804.84827025412;11514.915380256254;8.320065333221933;1.2055744316518258;deltaT_shex_1_K;shex;True;True;True;True;True;True;True;True;98.41232512533043;2673.057927035237;0.05671608597496203;95804.84827025412;0.0;0.0;135.0;4.0;143.42717678183254;4.0;105.81156613784276;8.0;101.60263721379403;8.0;110.0;8.0;105.81156613784276;8.0;30.0;4.0;38.369369154035326;4.0;98.41232512533043;2673.057927035237;0.005955686309532142;95804.84827025412;0.0;0.0;91.34864816916667;249.6470971154955;0.5867160859749622;11514.915380256254;0.5733186933142033;0.21796610638670486;160.2115875868409;362.22905156756974;0.5359556863095323;95804.84827025412;0.6276177476023878;0.2590422442980502;98.41232512533043;2673.057927035237;0.05076039966542988;95804.84827025412;0.0;0.0;112.11080598968215;249.6470971154955;0.5867160859749622;95804.84827025412;0.5733186933142033;0.21796610638670486;146.7010614408789;321.99869306715533;0.5867160859749622;95804.84827025412;0.5733186933142033;0.21796610638670486;145.49548700922708;336.2619348525858;0.5300000000000001;95804.84827025412;0.6346703769011113;0.2648994207981226;103.17513275134536;256.16788731899436;0.5300000000000001;95804.84827025412;0.6346703769011113;0.2648994207981226;103.14922239589345;256.1195837747425;0.5300000000000001;11514.915380256254;0.6346703769011113;0.2648994207981226;91.34864816916667;2670.762075878456;0.05671608597496203;11514.915380256254;0.0;0.0;48.59293756251236;203.45760925416528;0.05671608597496203;11514.915380256254;0.0;0.0;48.595877742221205;203.54286895508125;0.05671608597496203;95804.84827025412;0.0;0.0;"Zustand 3: Temperatur 419.851 K liegt außerhalb des Boryta-Prüfbereichs; Kristallisation wurde nicht bewertet.";"Zustand 4: Temperatur 418.645 K liegt außerhalb des Boryta-Prüfbereichs; Kristallisation wurde nicht bewertet.";"Zustand 5: Temperatur 376.325 K liegt außerhalb des Boryta-Prüfbereichs; Kristallisation wurde nicht bewertet.";"Zustand 6: Temperatur 376.299 K liegt außerhalb des Boryta-Prüfbereichs; Kristallisation wurde nicht bewertet.";"Zustand 20: Temperatur 433.362 K liegt außerhalb des Boryta-Prüfbereichs; Kristallisation wurde nicht bewertet.";5
series_evaporator_to_desorber;Serie Verdampfer → Desorber;series_evaporator_to_desorber;nan;110.0;30.0;110.0;8.0;8.0;4.0;110.0;0.5400000000000001;Abwärmetemperatur [°C];hot_temperature_C;110.0;10.0;10.0;25.0;15.0;11.0;nan;nan;3.151711023515616e-18;`gtol` termination condition is satisfied.;4;2.385940398539338e-07;2.510661675142876e-09;1;True;;True;0;zulässig;feasible;True;True;True;98.39598020933374;112.0311889252618;145.52589012858783;48.62124337686686;0.10586305413128458;0.2587372406576641;0.21834969160042803;0.26453033601718945;140.9909710472435;140.1488900377146;140.8501563890934;140.25879075981697;43.38466724147231;0.5015527697613875;9.50714206979188;33.432474344930824;0.00483858100581896;0.026075353612945218;14.09909708122766;14.014889002036242;5.634006255751142;9.3505860495554;3.944060659724991;91.48076642440958;0.015963253652359725;2671.0119166071004;249.6144909020949;210.33406621961626;0.009526860260075543;0.5872725433920277;0.5831781613341827;0.22493611607695863;-1.428944074177707e-09;-1.5502592987104435e-08;2.966226020362228e-08;-7.815187386128741e-10;-4.685148269345518e-09;1.7352192571706837e-08;1.6485984133396414e-08;2.3496690459978709e-07;-1.428944074177707e-11;-1.5502592987104435e-10;2.966226020362228e-10;-7.815187386128741e-10;-4.6851482693455184e-11;1.7352192571706838e-10;1.6485984133396413e-10;2.349669045997871e-09;143.43247434493082;105.8056581710581;101.59363196325029;110.0;105.8056581710581;38.3821106481887;16.662860885748273;11.812849291525367;53.09865577622088;18.621243376866857;2.7252175567172685;10.112865538840708;11.604019790666257;57.18147557340296;1.286959162937535;8.924865618437252;4.0;0.5400000000000001;95748.4299741773;11531.261200729612;8.30337881585052;1.286959162937535;deltaT_shex_1_K;shex;True;True;True;True;True;True;True;True;98.39598020933374;2673.031995969394;0.05679940365210312;95748.4299741773;0.0;0.0;135.0;4.0;143.43247434493082;4.0;105.8056581710581;8.0;101.59363196325029;8.0;110.0;8.0;105.8056581710581;8.0;30.0;4.0;38.3821106481887;4.0;98.39598020933374;2673.031995969394;0.0060129583434472755;95748.4299741773;0.0;0.0;91.48076642440958;249.61449090208902;0.5967994036521033;11531.261200729612;0.5738687404202883;0.21834969160042803;160.0953352306791;361.880833195299;0.5460129583434474;95748.4299741773;0.6272461442636759;0.2587372406576641;98.39598020933374;2673.031995969394;0.05078644530865584;95748.4299741773;0.0;0.0;112.0311889252618;249.61449090208902;0.5967994036521033;95748.4299741773;0.5738687404202883;0.21834969160042803;146.81284929152537;322.3100515477274;0.5967994036521033;95748.4299741773;0.5738687404202883;0.21834969160042803;145.52589012858783;336.14591534806175;0.5400000000000001;95748.4299741773;0.6342305964026141;0.26453033601718945;103.10632330682455;255.80393897231872;0.5400000000000001;95748.4299741773;0.6342305964026141;0.26453033601718945;103.08044061434083;255.7556512804429;0.5400000000000001;11531.261200729612;0.6342305964026141;0.26453033601718945;91.48076642440958;2671.0119166071004;0.05679940365210312;11531.261200729612;0.0;0.0;48.62124337686686;203.5759749178553;0.05679940365210312;11531.261200729612;0.0;0.0;48.624182597655135;203.66116209755626;0.05679940365210312;95748.4299741773;0.0;0.0;"Zustand 3: Temperatur 419.963 K liegt außerhalb des Boryta-Prüfbereichs; Kristallisation wurde nicht bewertet.";"Zustand 4: Temperatur 418.676 K liegt außerhalb des Boryta-Prüfbereichs; Kristallisation wurde nicht bewertet.";"Zustand 5: Temperatur 376.256 K liegt außerhalb des Boryta-Prüfbereichs; Kristallisation wurde nicht bewertet.";"Zustand 6: Temperatur 376.230 K liegt außerhalb des Boryta-Prüfbereichs; Kristallisation wurde nicht bewertet.";"Zustand 20: Temperatur 433.245 K liegt außerhalb des Boryta-Prüfbereichs; Kristallisation wurde nicht bewertet.";5
series_evaporator_to_desorber;Serie Verdampfer → Desorber;series_evaporator_to_desorber;nan;110.0;30.0;110.0;8.0;8.0;4.0;110.0;0.5500000000000002;Abwärmetemperatur [°C];hot_temperature_C;110.0;10.0;10.0;25.0;15.0;11.0;nan;nan;1.8856134058278903e-18;`gtol` termination condition is satisfied.;4;1.8178467810986455e-07;1.941964678271925e-09;1;True;;True;0;zulässig;feasible;True;True;True;98.3802298047433;111.95591931865016;145.5510174487149;48.64852981114848;0.10673975928641927;0.2584388602680669;0.21872019197261347;0.2641713008679237;141.0671958172817;140.35425567001195;140.94089283047427;140.44916725908985;44.31663713439559;0.5013225974378099;9.669530426932056;33.43703324266039;0.004841446391718567;0.02654995031240256;14.106719563837727;14.035425565685374;5.637635713376113;9.363277816437416;4.028785195166662;91.6083823521405;0.015786697929918506;2671.253252169755;249.58780282947896;210.7444943153119;0.009580626520311886;0.5972990745319868;0.5836125047727482;0.22524783009097635;-1.025341589411255e-09;-1.2437688212685316e-08;2.3175687147158897e-08;-6.831592513911744e-10;-3.9285623643081635e-09;1.315819986302813e-08;1.2528602155725821e-08;1.789044574707077e-07;-1.025341589411255e-11;-1.2437688212685317e-10;2.3175687147158897e-10;-6.831592513911744e-10;-3.9285623643081635e-11;1.315819986302813e-10;1.252860215572582e-10;1.7890445747070772e-09;143.4370332426604;105.79996509392674;101.58522547579054;110.0;105.79996509392674;38.39439328169931;16.544822856585995;11.92078385803552;53.21398907044119;18.648529811148478;2.7868427774689053;9.976843123650042;11.619770195256706;57.14849698809479;1.3697664093206185;8.91694099897768;4.0;0.5500000000000002;95694.08983156322;11547.03720579626;8.287328439846693;1.3697664093206185;deltaT_shex_1_K;shex;True;True;True;True;True;True;True;True;98.3802298047433;2673.007006736396;0.05687970105229856;95694.08983156322;0.0;0.0;135.0;4.0;143.4370332426604;4.0;105.79996509392674;8.0;101.58522547579054;8.0;110.0;8.0;105.79996509392674;8.0;30.0;4.0;38.39439328169931;4.0;98.3802298047433;2673.007006736396;0.006071325598605837;95694.08983156322;0.0;0.0;91.6083823521405;249.58780282947367;0.6068797010522987;11547.03720579626;0.5743991904517777;0.21872019197261347;159.9818560992464;361.54077948708834;0.556071325598606;95694.08983156322;0.6268821887083659;0.2584388602680669;98.3802298047433;2673.007006736396;0.050808375453692725;95694.08983156322;0.0;0.0;111.95591931865016;249.58780282947367;0.6068797010522987;95694.08983156322;0.5743991904517777;0.21872019197261347;146.92078385803552;322.61156199879963;0.6068797010522987;95694.08983156322;0.5743991904517777;0.21872019197261347;145.5510174487149;336.02502666411397;0.5500000000000002;95694.08983156322;0.6338021981564675;0.2641713008679237;103.03897831967248;255.44932278153047;0.5500000000000002;95694.08983156322;0.6338021981564675;0.2641713008679237;103.01312231645784;255.40105014459883;0.5500000000000002;11547.03720579626;0.6338021981564675;0.2641713008679237;91.6083823521405;2671.253252169755;0.05687970105229856;11547.03720579626;0.0;0.0;48.64852981114848;203.69007807778928;0.05687970105229856;11547.03720579626;0.0;0.0;48.65146810583195;203.7751953745076;0.05687970105229856;95694.08983156322;0.0;0.0;"Zustand 3: Temperatur 420.071 K liegt außerhalb des Boryta-Prüfbereichs; Kristallisation wurde nicht bewertet.";"Zustand 4: Temperatur 418.701 K liegt außerhalb des Boryta-Prüfbereichs; Kristallisation wurde nicht bewertet.";"Zustand 5: Temperatur 376.189 K liegt außerhalb des Boryta-Prüfbereichs; Kristallisation wurde nicht bewertet.";"Zustand 6: Temperatur 376.163 K liegt außerhalb des Boryta-Prüfbereichs; Kristallisation wurde nicht bewertet.";"Zustand 20: Temperatur 433.132 K liegt außerhalb des Boryta-Prüfbereichs; Kristallisation wurde nicht bewertet.";5
series_evaporator_to_desorber;Serie Verdampfer → Desorber;series_evaporator_to_desorber;nan;110.0;30.0;110.0;8.0;8.0;4.0;110.0;0.5600000000000002;Abwärmetemperatur [°C];hot_temperature_C;110.0;10.0;10.0;25.0;15.0;11.0;nan;nan;1.1503319637473957e-18;`gtol` termination condition is satisfied.;4;1.39311088813833e-07;1.5167939634290451e-09;1;True;;True;0;zulässig;feasible;True;True;True;98.36502859247958;111.88484635421753;145.57113830755145;48.67487281649426;0.10763877872107559;0.2581468386865439;0.2190781553321024;0.2638218730510029;141.1317075667174;140.55252078271826;141.01945387603016;140.63290562408434;45.24566054801479;0.501084769242489;9.831942607278854;33.44089160088021;0.004844202087122906;0.027024646521788143;14.11317074297107;14.055252077266863;5.640778155168028;9.375527040961;4.113241868919069;91.73172747052092;0.01561775294944075;2671.4865178226046;249.56675212366935;211.14169450262239;0.009635485254719245;0.6073217227323797;0.5840321849638875;0.22554940033655482;-7.12255143753282e-10;-1.0094964864038047e-08;1.8149989955418278e-08;-5.999516439203489e-10;-3.1705269520898582e-09;1.0049632237496553e-08;9.669349765317747e-09;1.3700670820071537e-07;-7.12255143753282e-12;-1.0094964864038047e-10;1.8149989955418278e-10;-5.999516439203489e-10;-3.170526952089858e-11;1.0049632237496553e-10;9.669349765317747e-11;1.3700670820071536e-09;143.4408916008802;105.79447052559556;101.57738159389606;110.0;105.79447052559556;38.40625124298555;16.430122850598025;12.025007368672277;53.325476227535376;18.674872816494258;2.8472265354391766;9.845654123375141;11.634971407520425;57.11666031022628;1.4538690611208267;8.911772146234853;4.0;0.5600000000000002;95641.66869078051;11562.285326186991;8.271865465399408;1.4538690611208267;deltaT_shex_1_K;shex;True;True;True;True;True;True;True;True;98.36502859247958;2672.982887579221;0.0569572079870988;95641.66869078051;0.0;0.0;135.0;4.0;143.4408916008802;4.0;105.79447052559556;8.0;101.57738159389606;8.0;110.0;8.0;105.79447052559556;8.0;30.0;4.0;38.40625124298555;4.0;98.36502859247958;2672.982887579221;0.006130804307093608;95641.66869078051;0.0;0.0;91.73172747052092;249.56675212366622;0.616957207987099;11562.285326186991;0.5749109145845994;0.2190781553321024;159.87101445147823;361.20851552962915;0.5661308043070937;95641.66869078051;0.6265255849087723;0.2581468386865439;98.36502859247958;2672.982887579221;0.0508264036800052;95641.66869078051;0.0;0.0;111.88484635421753;249.56675212366622;0.616957207987099;95641.66869078051;0.5749109145845994;0.2190781553321024;147.02500736867228;322.9035410650492;0.616957207987099;95641.66869078051;0.5749109145845994;0.2190781553321024;145.57113830755145;335.8995222099143;0.5600000000000002;95641.66869078051;0.633384701256114;0.2638218730510029;102.97307420798268;255.1036998014732;0.5600000000000002;95641.66869078051;0.633384701256114;0.2638218730510029;102.94724399015638;255.05544150411285;0.5600000000000002;11562.285326186991;0.633384701256114;0.2638218730510029;91.73172747052092;2671.4865178226046;0.0569572079870988;11562.285326186991;0.0;0.0;48.67487281649426;203.8002363153654;0.0569572079870988;11562.285326186991;0.0;0.0;48.67781021536928;203.88528616697013;0.0569572079870988;95641.66869078051;0.0;0.0;"Zustand 3: Temperatur 420.175 K liegt außerhalb des Boryta-Prüfbereichs; Kristallisation wurde nicht bewertet.";"Zustand 4: Temperatur 418.721 K liegt außerhalb des Boryta-Prüfbereichs; Kristallisation wurde nicht bewertet.";"Zustand 5: Temperatur 376.123 K liegt außerhalb des Boryta-Prüfbereichs; Kristallisation wurde nicht bewertet.";"Zustand 6: Temperatur 376.097 K liegt außerhalb des Boryta-Prüfbereichs; Kristallisation wurde nicht bewertet.";"Zustand 20: Temperatur 433.021 K liegt außerhalb des Boryta-Prüfbereichs; Kristallisation wurde nicht bewertet.";5
series_evaporator_to_desorber;Serie Verdampfer → Desorber;series_evaporator_to_desorber;nan;110.0;30.0;110.0;8.0;8.0;4.0;110.0;0.5700000000000002;Abwärmetemperatur [°C];hot_temperature_C;110.0;10.0;10.0;25.0;15.0;11.0;nan;nan;7.182576006511821e-19;`gtol` termination condition is satisfied.;4;1.0752210617548936e-07;1.1985471210187624e-09;1;True;;True;0;zulässig;feasible;True;True;True;98.3503347474117;111.81782182308905;145.58650917129427;48.70034255705997;0.10855997766069785;0.2578609259389613;0.21942410087980993;0.26348163465317365;141.1851013214504;140.74421345144793;141.08645709641993;140.8105113984524;46.17165365457214;0.5008393743121027;9.994365175153815;33.444085007263766;0.0048468567076013665;0.027499420856159692;14.118510121579845;14.074421344371613;5.643458283960319;9.387367426063415;4.197423060257395;91.85101851632601;0.015456065584755164;2671.7121211271115;249.55106809527987;211.52627429597132;0.009691449827193943;0.6173406867828464;0.5844378448789181;0.22584125123017948;-4.6220094418458757e-10;-8.259206651928253e-09;1.4395027392311022e-08;-5.295686111850273e-10;-2.5880524390231585e-09;7.731813411737676e-09;7.501171239709947e-09;1.0565193520051253e-07;-4.622009441845876e-12;-8.259206651928252e-11;1.4395027392311022e-10;-5.295686111850273e-10;-2.5880524390231586e-11;7.731813411737675e-11;7.501171239709947e-11;1.0565193520051253e-09;143.44408500726377;105.78915934813239;101.57006673161266;110.0;105.78915934813239;38.41771611551724;16.31859816320764;12.125655674827556;53.43330240080877;18.70034255705997;2.9063781066652155;9.719048215286648;11.649665252588306;57.08588025999529;1.5391465035332885;8.909235309829285;4.0;0.5700000000000002;95591.01982546672;11577.044403024063;8.256945080084273;1.5391465035332885;deltaT_shex_1_K;shex;True;True;True;True;True;True;True;True;98.3503347474117;2672.9595722650292;0.05703213661004014;95591.01982546672;0.0;0.0;135.0;4.0;143.44408500726377;4.0;105.78915934813239;8.0;101.57006673161266;8.0;110.0;8.0;105.78915934813239;8.0;30.0;4.0;38.41771611551724;4.0;98.3503347474117;2672.9595722650292;0.006191407476327826;95591.01982546672;0.0;0.0;91.85101851632601;249.55106809527564;0.6270321366100403;11577.044403024063;0.5754047352182566;0.21942410087980993;159.7626831704714;360.88368914522346;0.576191407476328;95591.01982546672;0.6261760525886172;0.2578609259389613;98.3503347474117;2672.9595722650292;0.05084072913371231;95591.01982546672;0.0;0.0;111.81782182308905;249.55106809527564;0.6270321366100403;95591.01982546672;0.5754047352182566;0.21942410087980993;147.12565567482756;323.18629499798686;0.6270321366100403;95591.01982546672;0.5754047352182566;0.21942410087980993;145.58650917129427;335.76964722559154;0.5700000000000002;95591.01982546672;0.6329776500691892;0.26348163465317365;102.90858651325976;254.7667460764085;0.5700000000000002;95591.01982546672;0.6329776500691892;0.26348163465317365;102.88278124146717;254.71850147841525;0.5700000000000002;11577.044403024063;0.6329776500691892;0.26348163465317365;91.85101851632601;2671.7121211271115;0.05703213661004014;11577.044403024063;0.0;0.0;48.70034255705997;203.90674301559213;0.05703213661004014;11577.044403024063;0.0;0.0;48.703279088137094;203.99172767504373;0.05703213661004014;95591.01982546672;0.0;0.0;"Zustand 3: Temperatur 420.276 K liegt außerhalb des Boryta-Prüfbereichs; Kristallisation wurde nicht bewertet.";"Zustand 4: Temperatur 418.737 K liegt außerhalb des Boryta-Prüfbereichs; Kristallisation wurde nicht bewertet.";"Zustand 5: Temperatur 376.059 K liegt außerhalb des Boryta-Prüfbereichs; Kristallisation wurde nicht bewertet.";"Zustand 6: Temperatur 376.033 K liegt außerhalb des Boryta-Prüfbereichs; Kristallisation wurde nicht bewertet.";"Zustand 20: Temperatur 432.913 K liegt außerhalb des Boryta-Prüfbereichs; Kristallisation wurde nicht bewertet.";5
series_evaporator_to_desorber;Serie Verdampfer → Desorber;series_evaporator_to_desorber;nan;110.0;30.0;110.0;8.0;8.0;4.0;110.0;0.5800000000000002;Abwärmetemperatur [°C];hot_temperature_C;110.0;10.0;10.0;25.0;15.0;11.0;nan;nan;4.56586203913866e-19;`gtol` termination condition is satisfied.;4;8.32171479372748e-08;9.556005482562953e-10;1;True;;True;0;zulässig;feasible;True;True;True;98.33610963999809;111.75470062058542;145.5973739091953;48.725003899478;0.10950319580399949;0.25758088538052315;0.21975852088879638;0.26315019049374994;141.22793288305772;140.92982188112853;141.14247959247422;140.98245150069147;47.094542008433855;0.5005865037727567;10.156785229478446;33.44664670353217;0.004849418156145253;0.02797425256700967;14.122793280135705;14.09298218752002;5.645699183781636;9.398830099653933;4.281322001384025;91.96645855618345;0.015301301090874202;2671.930444025865;249.54049040388838;211.89880561143258;0.0097485305797409;0.6273561523386932;0.5848300904394654;0.22612378385722076;-2.9741897833446274e-10;-6.790415341129119e-09;1.1386589449102757e-08;-4.697713329449016e-10;-2.0666846012318274e-09;5.92834226154082e-09;5.882469622520148e-09;8.170067644641676e-08;-2.9741897833446272e-12;-6.790415341129119e-11;1.1386589449102758e-10;-4.697713329449016e-10;-2.0666846012318273e-11;5.92834226154082e-11;5.882469622520148e-11;8.170067644641676e-10;143.44664670353217;105.78401759866352;101.56324966826656;110.0;105.78401759866352;38.428817098153615;16.210096351114544;12.222858540387108;53.53764145802984;18.725003899477997;2.9643086088421455;9.59679111208311;11.663890360001915;57.05607801006295;1.6254846311917959;8.909210525335823;4.0;0.5800000000000002;95542.00785617372;11591.350437737858;8.242526042963764;1.6254846311917959;deltaT_shex_1_K;shex;True;True;True;True;True;True;True;True;98.33610963999809;2672.9369996143305;0.05710468291843396;95542.00785617372;0.0;0.0;135.0;4.0;143.44664670353217;4.0;105.78401759866352;8.0;101.56324966826656;8.0;110.0;8.0;105.78401759866352;8.0;30.0;4.0;38.428817098153615;4.0;98.33610963999809;2672.9369996143305;0.006253145274942579;95542.00785617372;0.0;0.0;91.96645855618345;249.54049040388662;0.6371046829184341;11591.350437737858;0.575881429138648;0.21975852088879638;159.6567430546467;360.5659690584341;0.5862531452749428;95542.00785617372;0.6258333259904235;0.25758088538052315;98.33610963999809;2672.9369996143305;0.05085153764349138;95542.00785617372;0.0;0.0;111.75470062058542;249.54049040388662;0.6371046829184341;95542.00785617372;0.575881429138648;0.21975852088879638;147.2228585403871;323.4601197381183;0.6371046829184341;95542.00785617372;0.575881429138648;0.21975852088879638;145.5973739091953;335.63563807179946;0.5800000000000002;95542.00785617372;0.6325806126034361;0.26315019049374994;102.8454900952496;254.43815184984902;0.5800000000000002;95542.00785617372;0.6325806126034361;0.26315019049374994;102.81970898982138;254.3899203799059;0.5800000000000002;11591.350437737858;0.6325806126034361;0.26315019049374994;91.96645855618345;2671.930444025865;0.05710468291843396;11591.350437737858;0.0;0.0;48.725003899478;204.0098694133236;0.05710468291843396;11591.350437737858;0.0;0.0;48.72793958860058;204.0947909628062;0.05710468291843396;95542.00785617372;0.0;0.0;"Zustand 3: Temperatur 420.373 K liegt außerhalb des Boryta-Prüfbereichs; Kristallisation wurde nicht bewertet.";"Zustand 4: Temperatur 418.747 K liegt außerhalb des Boryta-Prüfbereichs; Kristallisation wurde nicht bewertet.";"Zustand 5: Temperatur 375.995 K liegt außerhalb des Boryta-Prüfbereichs; Kristallisation wurde nicht bewertet.";"Zustand 6: Temperatur 375.970 K liegt außerhalb des Boryta-Prüfbereichs; Kristallisation wurde nicht bewertet.";"Zustand 20: Temperatur 432.807 K liegt außerhalb des Boryta-Prüfbereichs; Kristallisation wurde nicht bewertet.";5
series_evaporator_to_desorber;Serie Verdampfer → Desorber;series_evaporator_to_desorber;nan;110.0;30.0;110.0;8.0;8.0;4.0;110.0;0.5900000000000002;Abwärmetemperatur [°C];hot_temperature_C;110.0;10.0;10.0;25.0;15.0;11.0;nan;nan;2.987214806731236e-19;`gtol` termination condition is satisfied.;4;6.501365426954738e-08;7.72944345568455e-10;1;True;;True;0;zulässig;feasible;True;True;True;98.32231756564295;111.69534113024253;145.60396413743882;48.748916857176994;0.11046825135766838;0.2573064926802359;0.22008188229673045;0.2628271666075285;141.26072177148635;141.10979775025763;141.18806101121493;141.149157495155;48.01425954800258;0.5003262500027048;10.319190378042016;33.448607761452536;0.004851893689323393;0.028449121530651517;14.126072170771783;14.110979774563129;5.647522440523123;9.409943832704899;4.364932686689467;92.07823800332989;0.015153142168939903;2672.1418447424094;249.53476917889546;212.25982724899913;0.009806735209231032;0.6373682929068749;0.5852094931019437;0.2263973775200271;-1.5407408682222012e-10;-5.581554773925745e-09;9.117854915530188e-09;-4.180704671341573e-10;-1.8631567400007043e-09;4.626343752534012e-09;4.581522716762265e-09;6.37685104720731e-08;-1.5407408682222013e-12;-5.5815547739257455e-11;9.117854915530188e-11;-4.180704671341573e-10;-1.8631567400007042e-11;4.626343752534012e-11;4.581522716762265e-11;6.37685104720731e-10;143.44860776145254;105.77903237155635;101.55690136045541;110.0;105.77903237155635;38.43958120515896;16.104474419154883;12.316739921932253;53.63865679817093;18.748916857176994;3.0210307315459204;9.478663357125527;11.677682434357052;57.02718064334465;1.7127757844934308;8.911581826751558;4.0;0.5900000000000002;95494.50777446818;11605.236820390948;8.228570364602971;1.7127757844934308;deltaT_shex_1_K;shex;True;True;True;True;True;True;True;True;98.32231756564295;2672.9151130737678;0.05717502811610575;95494.50777446818;0.0;0.0;135.0;4.0;143.44860776145254;4.0;105.77903237155635;8.0;101.55690136045541;8.0;110.0;8.0;105.77903237155635;8.0;30.0;4.0;38.43958120515896;4.0;98.32231756564295;2672.9151130737678;0.006316025377311727;95494.50777446818;0.0;0.0;92.07823800332989;249.53476917889077;0.6471750281161059;11605.236820390948;0.5763417304543567;0.22008188229673045;159.55308218060742;360.2550432505223;0.5963160253773119;95494.50777446818;0.6254971527779191;0.2573064926802359;98.32231756564295;2672.9151130737678;0.050859002738794026;95494.50777446818;0.0;0.0;111.69534113024253;249.53476917889077;0.6471750281161059;95494.50777446818;0.5763417304543567;0.22008188229673045;147.31673992193225;323.7253010474792;0.6471750281161059;95494.50777446818;0.5763417304543567;0.22008188229673045;145.60396413743882;335.4977217573337;0.5900000000000002;95494.50777446818;0.6321931790021751;0.2628271666075285;102.78375930349097;254.11762082825464;0.5900000000000002;95494.50777446818;0.6321931790021751;0.2628271666075285;102.75800164001043;254.0694019782027;0.5900000000000002;11605.236820390948;0.6321931790021751;0.2628271666075285;92.07823800332989;2672.1418447424094;0.05717502811610575;11605.236820390948;0.0;0.0;48.748916857176994;204.10986645103173;0.05717502811610575;11605.236820390948;0.0;0.0;48.751851728211705;204.19472681488622;0.05717502811610575;95494.50777446818;0.0;0.0;"Zustand 3: Temperatur 420.467 K liegt außerhalb des Boryta-Prüfbereichs; Kristallisation wurde nicht bewertet.";"Zustand 4: Temperatur 418.754 K liegt außerhalb des Boryta-Prüfbereichs; Kristallisation wurde nicht bewertet.";"Zustand 5: Temperatur 375.934 K liegt außerhalb des Boryta-Prüfbereichs; Kristallisation wurde nicht bewertet.";"Zustand 6: Temperatur 375.908 K liegt außerhalb des Boryta-Prüfbereichs; Kristallisation wurde nicht bewertet.";"Zustand 20: Temperatur 432.703 K liegt außerhalb des Boryta-Prüfbereichs; Kristallisation wurde nicht bewertet.";5
series_evaporator_to_desorber;Serie Verdampfer → Desorber;series_evaporator_to_desorber;nan;110.0;30.0;110.0;8.0;8.0;4.0;110.0;0.6000000000000002;Abwärmetemperatur [°C];hot_temperature_C;110.0;10.0;10.0;25.0;15.0;11.0;nan;nan;1.9943635128674016e-19;`gtol` termination condition is satisfied.;4;5.095588804279666e-08;6.315636963707464e-10;1;True;;True;0;zulässig;feasible;True;True;True;98.30892549915757;111.63960551189973;145.60649961498143;48.772136994017615;0.11145494456293333;0.2570375349151671;0.22039462819775096;0.2625122088506196;141.28395392252204;141.2845592484219;141.22370631247685;141.31102856019095;48.93074770127075;0.5000587060072299;10.481568712893356;33.44999724416999;0.004854289976576904;0.028924008234469764;14.128395387258417;14.128455924484095;5.648948252559797;9.420735237103187;4.44824979144027;92.18653554886754;0.01501128806123814;2672.3466595217224;249.5336650231583;212.60984717823862;0.009866069100828212;0.647377270749813;0.5855765922319673;0.22666239116678985;-6.511413630505558e-11;-4.572228817778523e-09;7.29804128241085e-09;-3.7314390466391956e-10;-1.5180603440967388e-09;3.5809648579743225e-09;3.6431515582080465e-09;4.9937881385631044e-08;-6.511413630505558e-13;-4.572228817778523e-11;7.29804128241085e-11;-3.7314390466391956e-10;-1.518060344096739e-11;3.5809648579743227e-11;3.643151558208046e-11;4.993788138563105e-10;143.44999724417;105.77419172965938;101.55099477055421;110.0;105.77419172965938;38.4500334478721;16.001598086056447;12.407418239493438;53.73650210099544;18.772136994017615;3.0765584964214554;9.364459221686673;11.691074500842433;56.99912066069788;1.8009186245120077;8.916237383902796;4.0;0.6000000000000002;95448.40405947695;11618.73453834077;8.215043019057356;1.8009186245120077;deltaT_shex_1_K;shex;True;True;True;True;True;True;True;True;98.30892549915757;2672.8938603284423;0.057243339850641006;95448.40405947695;0.0;0.0;135.0;4.0;143.44999724417;4.0;105.77419172965938;8.0;101.55099477055421;8.0;110.0;8.0;105.77419172965938;8.0;30.0;4.0;38.4500334478721;4.0;98.30892549915757;2672.8938603284423;0.006380053269650346;95448.40405947695;0.0;0.0;92.18653554886754;249.5336650231553;0.6572433398506412;11618.73453834077;0.576786333324055;0.22039462819775096;159.45159533022644;359.9506174817522;0.6063800532696505;95448.40405947695;0.6251672930584911;0.2570375349151671;98.30892549915757;2672.8938603284423;0.05086328658099066;95448.40405947695;0.0;0.0;111.63960551189973;249.5336650231553;0.6572433398506412;95448.40405947695;0.576786333324055;0.22039462819775096;147.40741823949344;323.98211468320096;0.6572433398506412;95448.40405947695;0.576786333324055;0.22039462819775096;145.60649961498143;335.3561156621828;0.6000000000000002;95448.40405947695;0.631814960156845;0.2625122088506196;102.72336812799693;253.80486949328971;0.6000000000000002;95448.40405947695;0.631814960156845;0.2625122088506196;102.69763323323792;253.75666281289892;0.6000000000000002;11618.73453834077;0.631814960156845;0.2625122088506196;92.18653554886754;2672.3466595217224;0.057243339850641006;11618.73453834077;0.0;0.0;48.772136994017615;204.20696646641196;0.057243339850641006;11618.73453834077;0.0;0.0;48.775071068961495;204.29176742298162;0.057243339850641006;95448.40405947695;0.0;0.0;"Zustand 3: Temperatur 420.557 K liegt außerhalb des Boryta-Prüfbereichs; Kristallisation wurde nicht bewertet.";"Zustand 4: Temperatur 418.756 K liegt außerhalb des Boryta-Prüfbereichs; Kristallisation wurde nicht bewertet.";"Zustand 5: Temperatur 375.873 K liegt außerhalb des Boryta-Prüfbereichs; Kristallisation wurde nicht bewertet.";"Zustand 6: Temperatur 375.848 K liegt außerhalb des Boryta-Prüfbereichs; Kristallisation wurde nicht bewertet.";"Zustand 20: Temperatur 432.602 K liegt außerhalb des Boryta-Prüfbereichs; Kristallisation wurde nicht bewertet.";5
series_evaporator_to_desorber;Serie Verdampfer → Desorber;series_evaporator_to_desorber;nan;110.0;30.0;110.0;8.0;8.0;4.0;110.0;0.6100000000000002;Abwärmetemperatur [°C];hot_temperature_C;110.0;10.0;10.0;25.0;15.0;11.0;nan;nan;1.362194516810482e-19;`gtol` termination condition is satisfied.;4;4.012471365137296e-08;5.219568021992782e-10;1;True;;True;0;zulässig;feasible;True;True;True;98.29590287176023;111.58735990847714;145.60518867652314;48.79471579103921;0.1124630607661894;0.2567738097553418;0.22069717924045731;0.2622049816175467;141.2980841630269;141.45449383687102;141.2498883098307;141.46843418316678;49.843954586156315;0.4997839648915102;10.643908786885913;33.45084235424804;0.004856613153416656;0.029398893761493683;14.129808412375171;14.14544938340998;5.649995532444915;9.431228945351736;4.531268599088642;92.29151901505537;0.01487545367858046;2672.545204225385;249.53694892102337;212.949344643789;0.009926535622543975;0.6573832377148194;0.5859318972883524;0.22691916471175996;1.4480860954790842e-11;-3.8187408790690824e-09;5.9204410263191676e-09;-3.3384245368139887e-10;-1.2921645975438878e-09;2.7712303563021123e-09;2.890743644456961e-09;3.927519287572068e-08;1.448086095479084e-13;-3.818740879069082e-11;5.920441026319168e-11;-3.3384245368139887e-10;-1.2921645975438878e-11;2.7712303563021122e-11;2.8907436444569613e-11;3.9275192875720676e-10;143.45084235424804;105.7694846237091;101.5455047101376;110.0;105.7694846237091;38.460196999812865;15.901341118618177;12.495006637504503;53.831322015242506;18.79471579103921;3.130907044404637;9.253985695082235;11.704097128239766;56.97183553354972;1.889817960981361;8.923069577373212;4.0;0.6100000000000002;95403.58987717499;11631.872366886224;8.201911684379487;1.889817960981361;deltaT_shex_1_K;shex;True;True;True;True;True;True;True;True;98.29590287176023;2672.8731929497258;0.0573097733373632;95403.58987717499;0.0;0.0;135.0;4.0;143.45084235424804;4.0;105.7694846237091;8.0;101.5455047101376;8.0;110.0;8.0;105.7694846237091;8.0;30.0;4.0;38.460196999812865;4.0;98.29590287176023;2672.8731929497258;0.006445232521336418;95403.58987717499;0.0;0.0;92.29151901505537;249.53694892102035;0.6673097733373634;11631.872366886224;0.5772158944914367;0.22069717924045731;159.35218347286622;359.65241395636417;0.6164452325213367;95403.58987717499;0.6248435185039971;0.2567738097553418;98.29590287176023;2672.8731929497258;0.05086454081602678;95403.58987717499;0.0;0.0;111.58735990847714;249.53694892102035;0.6673097733373634;95403.58987717499;0.5772158944914367;0.22069717924045731;147.4950066375045;324.23082660375786;0.6673097733373634;95403.58987717499;0.5772158944914367;0.22069717924045731;145.60518867652314;335.21102741885807;0.6100000000000002;95403.58987717499;0.6314455864259082;0.2622049816175467;102.66429033110393;253.49962645796984;0.6100000000000002;95403.58987717499;0.6314455864259082;0.2622049816175467;102.63857757930447;253.4514315501641;0.6100000000000002;11631.872366886224;0.6314455864259082;0.2622049816175467;92.29151901505537;2672.545204225385;0.0573097733373632;11631.872366886224;0.0;0.0;48.79471579103921;204.3013847257618;0.0573097733373632;11631.872366886224;0.0;0.0;48.79764909015938;204.3861279182506;0.0573097733373632;95403.58987717499;0.0;0.0;"Zustand 3: Temperatur 420.645 K liegt außerhalb des Boryta-Prüfbereichs; Kristallisation wurde nicht bewertet.";"Zustand 4: Temperatur 418.755 K liegt außerhalb des Boryta-Prüfbereichs; Kristallisation wurde nicht bewertet.";"Zustand 5: Temperatur 375.814 K liegt außerhalb des Boryta-Prüfbereichs; Kristallisation wurde nicht bewertet.";"Zustand 6: Temperatur 375.789 K liegt außerhalb des Boryta-Prüfbereichs; Kristallisation wurde nicht bewertet.";"Zustand 20: Temperatur 432.502 K liegt außerhalb des Boryta-Prüfbereichs; Kristallisation wurde nicht bewertet.";5
series_evaporator_to_desorber;Serie Verdampfer → Desorber;series_evaporator_to_desorber;nan;110.0;30.0;110.0;8.0;8.0;4.0;110.0;0.6200000000000002;Abwärmetemperatur [°C];hot_temperature_C;110.0;10.0;10.0;25.0;15.0;11.0;nan;nan;9.481329363862447e-20;`gtol` termination condition is satisfied.;4;3.1620943695625544e-08;4.3546134992355975e-10;1;True;;True;0;zulässig;feasible;True;True;True;98.28322136847612;111.53847458506749;145.60022869054137;48.81670098010818;0.11349237308625837;0.25651512473189464;0.22098993493758678;0.261905166658543;141.30353848512422;141.61996075945802;141.26705000643642;141.62171660958163;50.75383429604031;0.49950211942110806;10.806199591345507;33.451168569684455;0.004858868869232802;0.02987375977381725;14.130353845421926;14.161996075732583;5.650682000304461;9.441447773821464;4.613984936295855;92.39334613799349;0.014745368761907334;2672.7377757951035;249.54440207067606;213.27877210649427;0.009988136385164048;0.6673863359960929;0.5862758898334798;0.2271680202557399;7.884892738729832e-11;-3.2140974326466676e-09;4.8277684072672855e-09;-2.994113290633038e-10;-1.1750955764000537e-09;2.1321966414689086e-09;2.2596680082642706e-09;3.0904971026757266e-08;7.884892738729832e-13;-3.214097432646667e-11;4.827768407267285e-11;-2.994113290633038e-10;-1.1750955764000537e-11;2.1321966414689088e-11;2.2596680082642705e-11;3.0904971026757265e-10;143.45116856968446;105.76490081909145;101.54040769688942;110.0;105.76490081909145;38.47009334685754;15.80358472820518;12.579613235690545;53.92325279113595;18.81670098010818;3.184092447072601;9.147061558895928;11.71677863152388;56.945267296986856;1.9793845451491734;8.931975022489837;4.0;0.6200000000000002;95359.96635431782;11644.677043623553;8.18914650849295;1.9793845451491734;deltaT_shex_1_K;shex;True;True;True;True;True;True;True;True;98.28322136847612;2672.853066075228;0.0573744723812567;95359.96635431782;0.0;0.0;135.0;4.0;143.45116856968446;4.0;105.76490081909145;8.0;101.54040769688942;8.0;110.0;8.0;105.76490081909145;8.0;30.0;4.0;38.47009334685754;4.0;98.28322136847612;2672.853066075228;0.006511565025120812;95359.96635431782;0.0;0.0;92.39334613799349;249.5444020706748;0.6773744723812569;11644.677043623553;0.5776310356416697;0.22098993493758678;159.25475329788964;359.3601701179782;0.6265115650251211;95359.96635431782;0.6245256115623942;0.25651512473189464;98.28322136847612;2672.853066075228;0.05086290735613589;95359.96635431782;0.0;0.0;111.53847458506749;249.5444020706748;0.6773744723812569;95359.96635431782;0.5776310356416697;0.22098993493758678;147.57961323569054;324.4716932005268;0.6773744723812569;95359.96635431782;0.5776310356416697;0.22098993493758678;145.60022869054137;335.0626549206348;0.6200000000000002;95359.96635431782;0.6310847064497015;0.261905166658543;102.60649956257765;253.2016318626325;0.6200000000000002;95359.96635431782;0.6310847064497015;0.261905166658543;102.58080837201885;253.15344837912633;0.6200000000000002;11644.677043623553;0.6310847064497015;0.261905166658543;92.39334613799349;2672.7377757951035;0.0573744723812567;11644.677043623553;0.0;0.0;48.81670098010818;204.3933208189399;0.0573744723812567;11644.677043623553;0.0;0.0;48.819633522104596;204.47800776537395;0.0573744723812567;95359.96635431782;0.0;0.0;"Zustand 3: Temperatur 420.730 K liegt außerhalb des Boryta-Prüfbereichs; Kristallisation wurde nicht bewertet.";"Zustand 4: Temperatur 418.750 K liegt außerhalb des Boryta-Prüfbereichs; Kristallisation wurde nicht bewertet.";"Zustand 5: Temperatur 375.756 K liegt außerhalb des Boryta-Prüfbereichs; Kristallisation wurde nicht bewertet.";"Zustand 6: Temperatur 375.731 K liegt außerhalb des Boryta-Prüfbereichs; Kristallisation wurde nicht bewertet.";"Zustand 20: Temperatur 432.405 K liegt außerhalb des Boryta-Prüfbereichs; Kristallisation wurde nicht bewertet.";5
series_evaporator_to_desorber;Serie Verdampfer → Desorber;series_evaporator_to_desorber;nan;110.0;30.0;110.0;8.0;8.0;4.0;110.0;0.6300000000000002;Abwärmetemperatur [°C];hot_temperature_C;110.0;10.0;10.0;25.0;15.0;11.0;nan;nan;6.776864838935138e-20;`gtol` termination condition is satisfied.;4;2.5130008413371557e-08;3.6815390365810707e-10;1;True;;True;0;zulässig;feasible;True;True;True;98.27085474388048;111.49282401146354;145.5918065321095;48.83813684755927;0.11454264472615604;0.25626129657561697;0.2212732748931127;0.26161246198769855;141.30071613734052;141.78129332802294;141.27560674441685;141.77119307022787;51.660346262428014;0.499213261658045;10.968430534855484;33.45099976897967;0.0048610623303051706;0.030348588495182197;14.130071611281126;14.178129332634164;5.651024269815694;9.451412871225639;4.696395115009826;92.49216528598708;0.01462077707914246;2672.924653596264;249.55581565678136;213.5985570340273;0.010050871471281697;0.6773866988354261;0.5866090253857381;0.22740926321540095;1.0669509720173664e-10;-2.680074828731449e-09;3.923133817806956e-09;-2.6905910832653035e-10;-9.754899110703263e-10;1.681286221355549e-09;1.843289965108852e-09;2.4529242637072457e-08;1.0669509720173664e-12;-2.680074828731449e-11;3.923133817806956e-11;-2.6905910832653035e-10;-9.754899110703264e-12;1.681286221355549e-11;1.8432899651088518e-11;2.4529242637072455e-10;143.45099976897967;105.76043082923962;101.53568182372476;110.0;105.76043082923962;38.47974242392479;15.708217021981397;12.66134136974938;54.012422862062294;18.83813684755927;3.2361315397430417;9.043516537737673;11.729145256119523;56.91936217966713;2.0695348376398783;8.942854551830123;4.0;0.6300000000000002;95317.44191931252;11657.173427900372;8.176719897739446;2.0695348376398783;deltaT_shex_1_K;shex;True;True;True;True;True;True;True;True;98.27085474388048;2672.83343811767;0.0574375703067076;95317.44191931252;0.0;0.0;135.0;4.0;143.45099976897967;4.0;105.76043082923962;8.0;101.53568182372476;8.0;110.0;8.0;105.76043082923962;8.0;30.0;4.0;38.47974242392479;4.0;98.27085474388048;2672.83343811767;0.006579051209574817;95317.44191931252;0.0;0.0;92.49216528598708;249.55581565678045;0.6874375703067078;11657.173427900372;0.5780323455929602;0.2212732748931127;159.15921679096107;359.0736375577584;0.636579051209575;95317.44191931252;0.6242133647457264;0.25626129657561697;98.27085474388048;2672.83343811767;0.05085851909713278;95317.44191931252;0.0;0.0;111.49282401146354;249.55581565678045;0.6874375703067078;95317.44191931252;0.5780323455929602;0.2212732748931127;147.66134136974938;324.7049615485;0.6874375703067078;95317.44191931252;0.5780323455929602;0.2212732748931127;145.5918065321095;334.91118642979626;0.6300000000000002;95317.44191931252;0.6307319860525582;0.26161246198769855;102.54996945963342;252.91063680706404;0.6300000000000002;95317.44191931252;0.6307319860525582;0.26161246198769855;102.52429928949658;252.86246444437327;0.6300000000000002;11657.173427900372;0.6307319860525582;0.26161246198769855;92.49216528598708;2672.924653596264;0.0574375703067076;11657.173427900372;0.0;0.0;48.83813684755927;204.48295992898085;0.0574375703067076;11657.173427900372;0.0;0.0;48.84106864957249;204.56759203135474;0.0574375703067076;95317.44191931252;0.0;0.0;"Zustand 3: Temperatur 420.811 K liegt außerhalb des Boryta-Prüfbereichs; Kristallisation wurde nicht bewertet.";"Zustand 4: Temperatur 418.742 K liegt außerhalb des Boryta-Prüfbereichs; Kristallisation wurde nicht bewertet.";"Zustand 5: Temperatur 375.700 K liegt außerhalb des Boryta-Prüfbereichs; Kristallisation wurde nicht bewertet.";"Zustand 6: Temperatur 375.674 K liegt außerhalb des Boryta-Prüfbereichs; Kristallisation wurde nicht bewertet.";"Zustand 20: Temperatur 432.309 K liegt außerhalb des Boryta-Prüfbereichs; Kristallisation wurde nicht bewertet.";5
series_evaporator_to_desorber;Serie Verdampfer → Desorber;series_evaporator_to_desorber;nan;110.0;30.0;110.0;8.0;8.0;4.0;110.0;0.6400000000000002;Abwärmetemperatur [°C];hot_temperature_C;110.0;10.0;10.0;25.0;15.0;11.0;nan;nan;4.934627524833591e-20;`gtol` termination condition is satisfied.;4;1.999490001365593e-08;3.141537052092046e-10;1;True;;True;0;zulässig;feasible;True;True;True;98.25877865440128;111.45028689805713;145.58009906238698;48.859064510768235;0.1156136309732191;0.25601215061880656;0.22154755995205114;0.2613265808735085;141.2899915488728;141.9388010037459;141.2759481839489;141.91715780778074;52.56345468684022;0.4989174826628689;11.130591423153417;33.45035834622445;0.0048631983385353465;0.030823362693025394;14.128999152937645;14.193880100251956;5.6510379273933085;9.461143853758148;4.778495880826376;92.58811611946305;0.014501435657888284;2673.106100652475;249.57099057747357;213.90910355397762;0.010114739636871706;0.687384451167015;0.5869317351281229;0.2276431833691184;1.425348727934761e-10;-2.249919361929642e-09;3.2059404020401416e-09;-2.423196643341896e-10;-8.83801476447843e-10;1.2263399185030721e-09;1.4085230759519618e-09;1.9496354752845946e-08;1.425348727934761e-12;-2.249919361929642e-11;3.2059404020401417e-11;-2.423196643341896e-10;-8.83801476447843e-12;1.2263399185030722e-11;1.4085230759519618e-11;1.9496354752845946e-10;143.45035834622445;105.7560658550305;101.53130663900333;110.0;105.7560658550305;38.48916273945849;15.61513250357416;12.740289821838303;54.09895338000456;18.859064510768235;3.287041774026193;8.94319051954028;11.741221345598717;56.894070266377014;2.160190759451325;8.955613164527847;4.0;0.6400000000000002;95275.93170335445;11669.384646727163;8.164606325670812;2.160190759451325;deltaT_shex_1_K;shex;True;True;True;True;True;True;True;True;98.25877865440128;2672.814270499876;0.057499190803886435;95275.93170335445;0.0;0.0;135.0;4.0;143.45035834622445;4.0;105.7560658550305;8.0;101.53130663900333;8.0;110.0;8.0;105.7560658550305;8.0;30.0;4.0;38.48916273945849;4.0;98.25877865440128;2672.814270499876;0.006647690226859239;95275.93170335445;0.0;0.0;92.58811611946305;249.57099057747163;0.6974991908038867;11669.384646727163;0.5784203823355898;0.22154755995205114;159.0654908497986;358.7925810241609;0.6466476902268595;95275.93170335445;0.6239065799869;0.25601215061880656;98.25877865440128;2672.814270499876;0.0508515005770272;95275.93170335445;0.0;0.0;111.45028689805713;249.57099057747163;0.6974991908038867;95275.93170335445;0.5784203823355898;0.22154755995205114;147.7402898218383;324.9308696710365;0.6974991908038867;95275.93170335445;0.5784203823355898;0.22154755995205114;145.58009906238698;334.75680076375147;0.6400000000000002;95275.93170335445;0.6303871072242945;0.2613265808735085;102.49467373352928;252.62640281578638;0.6400000000000002;95275.93170335445;0.6303871072242945;0.2613265808735085;102.4690240810043;252.57824131157852;0.6400000000000002;11669.384646727163;0.6303871072242945;0.2613265808735085;92.58811611946305;2673.106100652475;0.057499190803886435;11669.384646727163;0.0;0.0;48.859064510768235;204.57047398845418;0.057499190803886435;11669.384646727163;0.0;0.0;48.861995588653485;204.65505254113543;0.057499190803886435;95275.93170335445;0.0;0.0;"Zustand 3: Temperatur 420.890 K liegt außerhalb des Boryta-Prüfbereichs; Kristallisation wurde nicht bewertet.";"Zustand 4: Temperatur 418.730 K liegt außerhalb des Boryta-Prüfbereichs; Kristallisation wurde nicht bewertet.";"Zustand 5: Temperatur 375.645 K liegt außerhalb des Boryta-Prüfbereichs; Kristallisation wurde nicht bewertet.";"Zustand 6: Temperatur 375.619 K liegt außerhalb des Boryta-Prüfbereichs; Kristallisation wurde nicht bewertet.";"Zustand 20: Temperatur 432.215 K liegt außerhalb des Boryta-Prüfbereichs; Kristallisation wurde nicht bewertet.";5
series_evaporator_to_desorber;Serie Verdampfer → Desorber;series_evaporator_to_desorber;nan;110.0;30.0;110.0;8.0;8.0;4.0;110.0;0.6500000000000002;Abwärmetemperatur [°C];hot_temperature_C;110.0;10.0;10.0;25.0;15.0;11.0;nan;nan;3.657234408479768e-20;`gtol` termination condition is satisfied.;4;1.5934374040637642e-08;2.7045274664827375e-10;1;True;;True;0;zulässig;feasible;True;True;True;98.24697050562696;111.41074619374376;145.56527360832598;48.879522170233315;0.11670508091631689;0.2557675202511926;0.22181313327790703;0.26104725090455855;141.2717161025558;142.09277129482666;141.26844012754074;142.05988392302632;53.463128034599315;0.49861487225450263;11.292672440045767;33.4492653171385;0.004865281326404959;0.03129806566029732;14.127171608705229;14.209277129385901;5.650737605129191;9.47065892812298;4.860284366955948;92.68133019768067;0.014387114054278356;2673.2823647808236;249.5897371378233;214.21079398109416;0.010179738488630852;0.6973797102114829;0.5872444274857422;0.2278700558263503;1.7129764273704495e-10;-1.9161134900969046e-09;2.6436453026690288e-09;-2.185384095909626e-10;-6.890275017212844e-10;9.676455192675348e-10;1.1816325695690466e-09;1.550353090351564e-08;1.7129764273704496e-12;-1.9161134900969046e-11;2.6436453026690287e-11;-2.185384095909626e-10;-6.890275017212844e-12;9.676455192675348e-12;1.1816325695690466e-11;1.5503530903515638e-10;143.4492653171385;105.75179772957455;101.5272630367653;110.0;105.75179772957455;38.498371488925045;15.524231617481803;12.81655304099587;54.18295870875562;18.879522170233315;3.336841087730761;8.84593283908464;11.753029494373038;56.8693451911048;2.2512794326698895;8.970159949524657;4.0;0.6500000000000002;95235.35699602432;11681.332228345904;8.152782159977125;2.2512794326698895;deltaT_shex_1_K;shex;True;True;True;True;True;True;True;True;98.24697050562696;2672.795527413428;0.057559448700113536;95235.35699602432;0.0;0.0;135.0;4.0;143.4492653171385;4.0;105.75179772957455;8.0;101.5272630367653;8.0;110.0;8.0;105.75179772957455;8.0;30.0;4.0;38.498371488925045;4.0;98.24697050562696;2672.795527413428;0.006717480118045341;95235.35699602432;0.0;0.0;92.68133019768067;249.5897371378222;0.7075594487001138;11681.332228345904;0.5787956749297655;0.22181313327790703;158.9734969346203;358.5167775214208;0.6567174801180455;95235.35699602432;0.6236050680548959;0.2557675202511926;98.24697050562696;2672.795527413428;0.050841968582068194;95235.35699602432;0.0;0.0;111.41074619374376;249.5897371378222;0.7075594487001138;95235.35699602432;0.5787956749297655;0.22181313327790703;147.81655304099587;325.1496468144135;0.7075594487001138;95235.35699602432;0.5787956749297655;0.22181313327790703;145.56527360832598;334.5996675408504;0.6500000000000002;95235.35699602432;0.6300497671743307;0.26104725090455855;102.4405862442191;252.3487013340381;0.6500000000000002;95235.35699602432;0.6300497671743307;0.26104725090455855;102.41495664184379;252.3005504637915;0.6500000000000002;11681.332228345904;0.6300497671743307;0.26104725090455855;92.68133019768067;2673.2823647808236;0.057559448700113536;11681.332228345904;0.0;0.0;48.879522170233315;204.65602273341673;0.057559448700113536;11681.332228345904;0.0;0.0;48.88245253846975;204.74054893087484;0.057559448700113536;95235.35699602432;0.0;0.0;"Zustand 3: Temperatur 420.967 K liegt außerhalb des Boryta-Prüfbereichs; Kristallisation wurde nicht bewertet.";"Zustand 4: Temperatur 418.715 K liegt außerhalb des Boryta-Prüfbereichs; Kristallisation wurde nicht bewertet.";"Zustand 5: Temperatur 375.591 K liegt außerhalb des Boryta-Prüfbereichs; Kristallisation wurde nicht bewertet.";"Zustand 6: Temperatur 375.565 K liegt außerhalb des Boryta-Prüfbereichs; Kristallisation wurde nicht bewertet.";"Zustand 20: Temperatur 432.123 K liegt außerhalb des Boryta-Prüfbereichs; Kristallisation wurde nicht bewertet.";5
series_evaporator_to_desorber;Serie Verdampfer → Desorber;series_evaporator_to_desorber;nan;110.0;30.0;110.0;8.0;8.0;4.0;110.0;0.6600000000000003;Abwärmetemperatur [°C];hot_temperature_C;110.0;10.0;10.0;25.0;15.0;11.0;nan;nan;2.76143544235401e-20;`gtol` termination condition is satisfied.;4;1.2761982545549833e-08;2.3500789103151455e-10;1;True;;True;0;zulässig;feasible;True;True;True;98.23540931308162;111.37408905278664;145.54748843710144;48.8995453395666;0.11781673892688405;0.25552724642476404;0.22207032136235033;0.26077421312323346;141.24621976831384;142.24347148689222;141.2534262018515;142.19962505695585;54.359338584110525;0.49830551881887736;11.45466412939314;33.44774041676516;0.004867315388510082;0.031772681197139135;14.124621975592303;14.224347148617833;5.650137048099297;9.479975003735062;4.941758053249735;92.77193153701188;0.014277593657542925;2673.453679636759;249.61187471898867;214.50399022928744;0.010245864639720992;0.7073725860232204;0.5875474895834563;0.22809014192674124;1.8703616433413117e-10;-1.6365646615668084e-09;2.1934454252914293e-09;-1.9734686107497623e-10;-6.309051059361082e-10;7.138964974728879e-10;9.299299108533887e-10;1.2390813708407222e-08;1.870361643341312e-12;-1.6365646615668085e-11;2.1934454252914293e-11;-1.9734686107497623e-10;-6.309051059361081e-12;7.138964974728879e-12;9.299299108533887e-12;1.2390813708407223e-10;143.44774041676516;105.74761886791401;101.52353315613618;110.0;105.74761886791401;38.50738465830693;15.435420333076763;12.890221353518314;54.26454687870495;18.8995453395666;3.385547790363944;8.751601619124301;11.764590686918382;56.845143856443826;2.342732916416878;8.986407988445137;4.0;0.6600000000000003;95195.64474966617;11693.036224595979;8.141225505606899;2.342732916416878;deltaT_shex_1_K;shex;True;True;True;True;True;True;True;True;98.23540931308162;2672.777175598567;0.057618450662941134;95195.64474966617;0.0;0.0;135.0;4.0;143.44774041676516;4.0;105.74761886791401;8.0;101.52353315613618;8.0;110.0;8.0;105.74761886791401;8.0;30.0;4.0;38.50738465830693;4.0;98.23540931308162;2672.777175598567;0.006788417959127284;95195.64474966617;0.0;0.0;92.77193153701188;249.61187471898944;0.7176184506629414;11693.036224595979;0.5791587252726743;0.22207032136235033;158.88316074984192;358.24601548808596;0.6667884179591276;95195.64474966617;0.623308648022923;0.25552724642476404;98.23540931308162;2672.777175598567;0.05083003270381385;95195.64474966617;0.0;0.0;111.37408905278664;249.61187471898944;0.7176184506629414;95195.64474966617;0.5791587252726743;0.22207032136235033;147.8902213535183;325.36151372826095;0.7176184506629414;95195.64474966617;0.5791587252726743;0.22207032136235033;145.54748843710144;334.43994746981286;0.6600000000000003;95195.64474966617;0.6297196774516673;0.26077421312323346;102.3876810643415;252.077313251747;0.6600000000000003;95195.64474966617;0.6297196774516673;0.26077421312323346;102.36207107755007;252.02917282569072;0.6600000000000003;11693.036224595979;0.6297196774516673;0.26077421312323346;92.77193153701188;2673.453679636759;0.057618450662941134;11693.036224595979;0.0;0.0;48.8995453395666;204.73975466515336;0.057618450662941134;11693.036224595979;0.0;0.0;48.90247501147019;204.82422960907337;0.057618450662941134;95195.64474966617;0.0;0.0;"Zustand 3: Temperatur 421.040 K liegt außerhalb des Boryta-Prüfbereichs; Kristallisation wurde nicht bewertet.";"Zustand 4: Temperatur 418.697 K liegt außerhalb des Boryta-Prüfbereichs; Kristallisation wurde nicht bewertet.";"Zustand 5: Temperatur 375.538 K liegt außerhalb des Boryta-Prüfbereichs; Kristallisation wurde nicht bewertet.";"Zustand 6: Temperatur 375.512 K liegt außerhalb des Boryta-Prüfbereichs; Kristallisation wurde nicht bewertet.";"Zustand 20: Temperatur 432.033 K liegt außerhalb des Boryta-Prüfbereichs; Kristallisation wurde nicht bewertet.";5
series_evaporator_to_desorber;Serie Verdampfer → Desorber;series_evaporator_to_desorber;nan;110.0;30.0;110.0;8.0;8.0;4.0;110.0;0.6700000000000003;Abwärmetemperatur [°C];hot_temperature_C;110.0;10.0;10.0;25.0;15.0;11.0;nan;nan;2.1201514171029456e-20;`gtol` termination condition is satisfied.;4;1.027009945535631e-08;2.059199561530133e-10;1;True;;True;0;zulässig;feasible;True;True;True;98.22407557528442;111.34020677713613;145.5268932215788;48.91916705539654;0.11894834592400728;0.25529117720110944;0.22231943497196255;0.2605072212224757;141.21381261047313;142.39115022326766;141.23122941029558;142.33661692573446;55.25206202558483;0.49798950916012424;11.61655737802441;33.44580218962159;0.004869304310104431;0.03224719359269539;14.121381260052388;14.239115022272388;5.649249176435512;9.489107794998622;5.022914729724624;92.86003712486763;0.014172667030169976;2673.620265676163;249.63723143205607;214.7890351179717;0.010313113846715516;0.7173631819952414;0.5878412885949155;0.22830369007538032;1.9203127976652468e-10;-1.3860343983651546e-09;1.8113439637090778e-09;-1.7849011157977657e-10;-5.922231594013283e-10;5.437641448224895e-10;7.551363978564041e-10;9.949246759788366e-09;1.9203127976652467e-12;-1.3860343983651547e-11;1.8113439637090776e-11;-1.7849011157977657e-10;-5.922231594013283e-12;5.4376414482248945e-12;7.55136397856404e-12;9.949246759788366e-11;143.4458021896216;105.74352222112037;101.52010028899429;110.0;105.74352222112037;38.51621711861651;15.3486097639842;12.961381163782676;54.34382000625112;18.919167055396542;3.4331804623670905;8.660063164126655;11.775924424715583;56.82142617795739;2.434487942203873;9.004274243245902;4.0;0.6700000000000003;95156.72712814073;11704.515323021045;8.12991606247732;2.434487942203873;deltaT_shex_1_K;shex;True;True;True;True;True;True;True;True;98.22407557528442;2672.759184143479;0.05767629584195666;95156.72712814073;0.0;0.0;135.0;4.0;143.4458021896216;4.0;105.74352222112037;8.0;101.52010028899429;8.0;110.0;8.0;105.74352222112037;8.0;30.0;4.0;38.51621711861651;4.0;98.22407557528442;2672.759184143479;0.006860499989424443;95156.72712814073;0.0;0.0;92.86003712486763;249.63723143205468;0.7276762958419569;11704.515323021045;0.5795100097450737;0.22231943497196255;158.7944119536058;357.98009404646257;0.6768604999894247;95156.72712814073;0.6230171467824025;0.25529117720110944;98.22407557528442;2672.759184143479;0.050815795852532215;95156.72712814073;0.0;0.0;111.34020677713613;249.63723143205468;0.7276762958419569;95156.72712814073;0.5795100097450737;0.22231943497196255;147.96138116378268;325.56668294958075;0.7276762958419569;95156.72712814073;0.5795100097450737;0.22231943497196255;145.5268932215788;334.2777926713593;0.6700000000000003;95156.72712814073;0.6293965631263156;0.2605072212224757;102.33593253389023;251.81202845435516;0.6700000000000003;95156.72712814073;0.6293965631263156;0.2605072212224757;102.31034175875328;251.76389831466457;0.6700000000000003;11704.515323021045;0.6293965631263156;0.2605072212224757;92.86003712486763;2673.620265676163;0.05767629584195666;11704.515323021045;0.0;0.0;48.91916705539654;204.821807927683;0.05767629584195666;11704.515323021045;0.0;0.0;48.92209604316298;204.90623263351793;0.05767629584195666;95156.72712814073;0.0;0.0;"Zustand 3: Temperatur 421.111 K liegt außerhalb des Boryta-Prüfbereichs; Kristallisation wurde nicht bewertet.";"Zustand 4: Temperatur 418.677 K liegt außerhalb des Boryta-Prüfbereichs; Kristallisation wurde nicht bewertet.";"Zustand 5: Temperatur 375.486 K liegt außerhalb des Boryta-Prüfbereichs; Kristallisation wurde nicht bewertet.";"Zustand 6: Temperatur 375.460 K liegt außerhalb des Boryta-Prüfbereichs; Kristallisation wurde nicht bewertet.";"Zustand 20: Temperatur 431.944 K liegt außerhalb des Boryta-Prüfbereichs; Kristallisation wurde nicht bewertet.";5
series_evaporator_to_desorber;Serie Verdampfer → Desorber;series_evaporator_to_desorber;nan;110.0;30.0;110.0;8.0;8.0;4.0;110.0;0.6800000000000003;Abwärmetemperatur [°C];hot_temperature_C;110.0;10.0;10.0;25.0;15.0;11.0;nan;nan;1.6502940797575724e-20;`gtol` termination condition is satisfied.;4;8.307450735751002e-09;1.816752090824487e-10;1;True;;True;0;zulässig;feasible;True;True;True;98.21295115792446;111.30899473876201;145.50362949332538;48.93841806903089;0.12009964045497803;0.2550591673351986;0.2225607700352164;0.2602460407983805;141.1747861770883;142.53603894720703;141.20215356495385;142.47107872033448;56.14127710431613;0.4976669283872005;11.77834339971859;33.44346807279237;0.0048712515928951115;0.032721587607286245;14.117478616906329;14.253603894678612;5.64808614261649;9.498071914646196;5.103752464136494;92.94575739445668;0.014072137281468212;2673.782331044346;249.6656437615393;215.0662535833552;0.01038148112894366;0.7273515953252757;0.5881261729901535;0.22851093651786336;1.9317525357109844e-10;-1.1852989700855687e-09;1.5315606560761807e-09;-1.6157697402263693e-10;-4.5841375140298624e-10;4.2092551666428335e-10;6.415348252630793e-10;8.025011766221724e-09;1.9317525357109844e-12;-1.1852989700855688e-11;1.5315606560761808e-11;-1.6157697402263693e-10;-4.584137514029862e-12;4.209255166642833e-12;6.4153482526307925e-12;8.025011766221724e-11;143.44346807279237;105.73950123443979;101.51694879529646;110.0;105.73950123443979;38.524882712153556;15.26371581904948;13.030115145443347;54.42087468230312;18.938418069030888;3.4797578672362874;8.57119140083978;11.787048842075535;56.798154850610956;2.5264856521179695;9.023679432696667;4.0;0.6800000000000003;95118.54109564768;11715.78694960299;8.118834996301374;2.5264856521179695;deltaT_shex_1_K;shex;True;True;True;True;True;True;True;True;98.21295115792446;2672.7415243011387;0.0577330764542191;95118.54109564768;0.0;0.0;135.0;4.0;143.44346807279237;4.0;105.73950123443979;8.0;101.51694879529646;8.0;110.0;8.0;105.73950123443979;8.0;30.0;4.0;38.524882712153556;4.0;98.21295115792446;2672.7415243011387;0.006933721724511472;95118.54109564768;0.0;0.0;92.94575739445668;249.66564376153735;0.7377330764542194;11715.78694960299;0.5798499807450115;0.2225607700352164;158.70718389184185;357.7188223141989;0.6869337217245117;95118.54109564768;0.6227303985959639;0.2550591673351986;98.21295115792446;2672.7415243011387;0.05079935472970763;95118.54109564768;0.0;0.0;111.30899473876201;249.66564376153735;0.7377330764542194;95118.54109564768;0.5798499807450115;0.2225607700352164;148.03011514544335;325.7653590869624;0.7377330764542194;95118.54109564768;0.5798499807450115;0.2225607700352164;145.50362949332538;334.11334702012164;0.6800000000000003;95118.54109564768;0.6290801620249074;0.2602460407983805;102.28531530606534;251.55264539641144;0.6800000000000003;95118.54109564768;0.6290801620249074;0.2602460407983805;102.2597433672035;251.50452541463602;0.6800000000000003;11715.78694960299;0.6290801620249074;0.2602460407983805;92.94575739445668;2673.782331044346;0.0577330764542191;11715.78694960299;0.0;0.0;48.93841806903089;204.90231110924742;0.0577330764542191;11715.78694960299;0.0;0.0;48.94134638382883;204.98668651225853;0.0577330764542191;95118.54109564768;0.0;0.0;"Zustand 3: Temperatur 421.180 K liegt außerhalb des Boryta-Prüfbereichs; Kristallisation wurde nicht bewertet.";"Zustand 4: Temperatur 418.654 K liegt außerhalb des Boryta-Prüfbereichs; Kristallisation wurde nicht bewertet.";"Zustand 5: Temperatur 375.435 K liegt außerhalb des Boryta-Prüfbereichs; Kristallisation wurde nicht bewertet.";"Zustand 6: Temperatur 375.410 K liegt außerhalb des Boryta-Prüfbereichs; Kristallisation wurde nicht bewertet.";"Zustand 20: Temperatur 431.857 K liegt außerhalb des Boryta-Prüfbereichs; Kristallisation wurde nicht bewertet.";5
series_evaporator_to_desorber;Serie Verdampfer → Desorber;series_evaporator_to_desorber;nan;110.0;30.0;110.0;8.0;8.0;4.0;110.0;0.6900000000000003;Abwärmetemperatur [°C];hot_temperature_C;110.0;10.0;10.0;25.0;15.0;11.0;nan;nan;1.2946874019723412e-20;`gtol` termination condition is satisfied.;4;6.684152507167167e-09;1.6091534432566344e-10;1;True;;True;0;zulässig;feasible;True;True;True;98.2020191878965;111.28035228761507;145.47783108133672;48.957327021905826;0.12127035961459344;0.2548310778952181;0.22279460847523663;0.2599904486571426;141.12941478557778;142.67835322244358;141.16648461191699;142.60321438736855;57.02696530225846;0.49733785983236045;11.940013719890645;33.44075447282165;0.0048731604784580315;0.033195848454540815;14.112941477914687;14.267835322215342;5.646659384495327;9.506880959124453;5.1842695730268895;93.02919666065378;0.013975817476871199;2673.94007239231;249.696956207182;215.33595379782165;0.010450960874637039;0.7373379174455399;0.5884024736946019;0.22871210606312758;1.972111363102158e-10;-1.0373213399361703e-09;1.2773000435117865e-09;-1.4638340539718797e-10;-4.661728780774865e-10;2.901572315749945e-10;5.017568582843523e-10;6.430923349398654e-09;1.972111363102158e-12;-1.0373213399361703e-11;1.2773000435117866e-11;-1.4638340539718797e-10;-4.6617287807748656e-12;2.9015723157499452e-12;5.017568582843523e-12;6.430923349398653e-11;143.44075447282165;105.73554980899019;101.51406402514101;110.0;105.73554980899019;38.53339433148585;15.180658882448427;13.096502423617096;54.49580232916793;18.957327021905826;3.5252988737570945;8.48486736448723;11.797980812103503;56.77529513512269;2.618671342280379;9.044547901040005;4.0;0.6900000000000003;95081.02804105695;11726.86736313972;8.107964821015953;2.618671342280379;deltaT_shex_1_K;shex;True;True;True;True;True;True;True;True;98.2020191878965;2672.7241693217006;0.05778887832017665;95081.02804105695;0.0;0.0;135.0;4.0;143.44075447282165;4.0;105.73554980899019;8.0;101.51406402514101;8.0;110.0;8.0;105.73554980899019;8.0;30.0;4.0;38.53339433148585;4.0;98.2020191878965;2672.7241693217006;0.007008078055611805;95081.02804105695;0.0;0.0;93.02919666065378;249.69695620718096;0.7477888783201769;11726.86736313972;0.5801790681193066;0.22279460847523663;158.62141335527008;357.46201877478046;0.697008078055612;95081.02804105695;0.6224482446895682;0.2548310778952181;98.2020191878965;2672.7241693217006;0.05078080026456484;95081.02804105695;0.0;0.0;111.28035228761507;249.69695620718096;0.7477888783201769;95081.02804105695;0.5801790681193066;0.22279460847523663;148.0965024236171;325.95773910403693;0.7477888783201769;95081.02804105695;0.5801790681193066;0.22279460847523663;145.47783108133672;333.9467465009266;0.6900000000000003;95081.02804105695;0.6287702240199734;0.2599904486571426;102.23580438657507;251.29897070083788;0.6900000000000003;95081.02804105695;0.6287702240199734;0.2599904486571426;102.21025093523309;251.25086077554144;0.6900000000000003;11726.86736313972;0.6287702240199734;0.2599904486571426;93.02919666065378;2673.94007239231;0.05778887832017665;11726.86736313972;0.0;0.0;48.957327021905826;204.98138397581806;0.05778887832017665;11726.86736313972;0.0;0.0;48.960254673867496;205.06571093664706;0.05778887832017665;95081.02804105695;0.0;0.0;"Zustand 3: Temperatur 421.247 K liegt außerhalb des Boryta-Prüfbereichs; Kristallisation wurde nicht bewertet.";"Zustand 4: Temperatur 418.628 K liegt außerhalb des Boryta-Prüfbereichs; Kristallisation wurde nicht bewertet.";"Zustand 5: Temperatur 375.386 K liegt außerhalb des Boryta-Prüfbereichs; Kristallisation wurde nicht bewertet.";"Zustand 6: Temperatur 375.360 K liegt außerhalb des Boryta-Prüfbereichs; Kristallisation wurde nicht bewertet.";"Zustand 20: Temperatur 431.771 K liegt außerhalb des Boryta-Prüfbereichs; Kristallisation wurde nicht bewertet.";5
series_evaporator_to_desorber;Serie Verdampfer → Desorber;series_evaporator_to_desorber;nan;110.0;30.0;110.0;8.0;8.0;4.0;110.0;0.7000000000000003;Abwärmetemperatur [°C];hot_temperature_C;110.0;10.0;10.0;25.0;15.0;11.0;nan;nan;1.0279575945465238e-20;`gtol` termination condition is satisfied.;4;5.421096886851532e-09;1.4338462920038003e-10;1;True;;True;0;zulässig;feasible;True;True;True;98.19126395659782;111.25418264733611;145.4496245343488;48.97592060587698;0.122460239825659;0.25460677590985703;0.22302121898982788;0.259740232168029;141.0779567082393;142.8182939396761;141.12449185421804;142.73321379813936;57.90911055547137;0.4970023849943271;12.101560161299526;33.437676836617186;0.004875033969454494;0.033669961784304765;14.10779567030352;14.281829393947596;5.644979674183273;9.515547586514929;5.264464596032184;93.11045352448326;0.013883530077531712;2674.093675634494;249.73102092436554;215.59842821129683;0.010521546932484305;0.7473222344204842;0.5886705051615703;0.2289074127543193;1.9574741827455e-10;-8.826503972159117e-10;1.0609539913275512e-09;-1.327482013202541e-10;-3.637978807091713e-10;2.0014567780890502e-10;4.154401267442154e-10;5.204100261835265e-09;1.9574741827455e-12;-8.826503972159117e-12;1.0609539913275513e-11;-1.327482013202541e-10;-3.637978807091713e-12;2.0014567780890503e-12;4.1544012674421534e-12;5.204100261835265e-11;143.4376768366172;105.73166226680206;101.51143224723813;110.0;105.73166226680206;38.54176399160741;15.099363519286555;13.160618748041998;54.56868953287585;18.97592060587698;3.569822388964951;8.400978722754871;11.808736043402178;56.75281466251664;2.7109942136931977;9.066807481764727;4.0;0.7000000000000003;95044.13343547346;11737.771741739067;8.097289291927543;2.7109942136931977;deltaT_shex_1_K;shex;True;True;True;True;True;True;True;True;98.19126395659782;2672.7070942995383;0.05784378135296819;95044.13343547346;0.0;0.0;135.0;4.0;143.4376768366172;4.0;105.73166226680206;8.0;101.51143224723813;8.0;110.0;8.0;105.73166226680206;8.0;30.0;4.0;38.54176399160741;4.0;98.19126395659782;2672.7070942995383;0.0070835633369074665;95044.13343547346;0.0;0.0;93.11045352448326;249.73102092436267;0.7578437813529685;11737.771741739067;0.5804976804974038;0.22302121898982788;158.53704035590374;357.2095106968886;0.7070835633369078;95044.13343547346;0.6221705328736569;0.25460677590985703;98.19126395659782;2672.7070942995383;0.050760218016060725;95044.13343547346;0.0;0.0;111.25418264733611;249.73102092436267;0.7578437813529685;95044.13343547346;0.5804976804974038;0.22302121898982788;148.160618748042;326.144012599358;0.7578437813529685;95044.13343547346;0.5804976804974038;0.22302121898982788;145.4496245343488;333.77811956996777;0.7000000000000003;95044.13343547346;0.6284665103639709;0.259740232168029;102.18737516557138;251.0508187767169;0.7000000000000003;95044.13343547346;0.6284665103639709;0.259740232168029;102.16183987783711;251.00271883131077;0.7000000000000003;11737.771741739067;0.6284665103639709;0.259740232168029;93.11045352448326;2674.093675634494;0.05784378135296819;11737.771741739067;0.0;0.0;48.97592060587698;205.05913814142397;0.05784378135296819;11737.771741739067;0.0;0.0;48.97884760428542;205.14341745123787;0.05784378135296819;95044.13343547346;0.0;0.0;"Zustand 3: Temperatur 421.311 K liegt außerhalb des Boryta-Prüfbereichs; Kristallisation wurde nicht bewertet.";"Zustand 4: Temperatur 418.600 K liegt außerhalb des Boryta-Prüfbereichs; Kristallisation wurde nicht bewertet.";"Zustand 5: Temperatur 375.337 K liegt außerhalb des Boryta-Prüfbereichs; Kristallisation wurde nicht bewertet.";"Zustand 6: Temperatur 375.312 K liegt außerhalb des Boryta-Prüfbereichs; Kristallisation wurde nicht bewertet.";"Zustand 20: Temperatur 431.687 K liegt außerhalb des Boryta-Prüfbereichs; Kristallisation wurde nicht bewertet.";5
series_evaporator_to_desorber;Serie Verdampfer → Desorber;series_evaporator_to_desorber;nan;110.0;30.0;110.0;8.0;8.0;4.0;110.0;0.7100000000000003;Abwärmetemperatur [°C];hot_temperature_C;110.0;10.0;10.0;25.0;15.0;11.0;nan;nan;8.22083511225559e-21;`gtol` termination condition is satisfied.;4;4.397361714831037e-09;1.2822507642622475e-10;1;True;;True;0;zulässig;feasible;True;True;True;98.18067083137566;111.2303928028877;145.4191295259953;48.99422371006523;0.12366901749622441;0.2543861340432763;0.22324085778386177;0.2594951886614423;141.02065526885778;142.9560484216442;141.0764290834347;142.86125381874106;58.787699002205954;0.49666058350361064;12.262974830519973;33.43424971703695;0.004876874848900192;0.034143913665829445;14.102065526466339;14.29560484215185;5.643057163352088;9.524083587894381;5.344336272997994;93.18962124586068;0.013795106412177743;2674.2433166471556;249.7676973695031;215.85395451634278;0.010593232692472476;0.7573046273139725;0.5889305663694866;0.22909706049480932;1.885780420707306e-10;-7.71983366121276e-10;9.171401416097069e-10;-1.204551458577896e-10;-3.674927029351238e-10;1.2570922081067692e-10;3.2534330784983467e-10;4.194390612610732e-09;1.8857804207073057e-12;-7.71983366121276e-12;9.171401416097069e-12;-1.204551458577896e-10;-3.6749270293512385e-12;1.2570922081067692e-12;3.2534330784983467e-12;4.194390612610732e-11;143.43424971703695;105.72783331881755;101.5090405830689;110.0;105.72783331881755;38.550002896031344;15.019758204791515;13.22253665780812;54.639618349829334;18.994223710065228;3.613347299450652;8.319419337208217;11.819329168624336;56.730683255466204;2.8034071318128326;9.090389358678465;4.0;0.7100000000000003;95007.80651903465;11748.514262305333;8.086793308313345;2.8034071318128326;deltaT_shex_1_K;shex;True;True;True;True;True;True;True;True;98.18067083137566;2672.6902760331463;0.0578978600064447;95007.80651903465;0.0;0.0;135.0;4.0;143.43424971703695;4.0;105.72783331881755;8.0;101.5090405830689;8.0;110.0;8.0;105.72783331881755;8.0;30.0;4.0;38.550002896031344;4.0;98.18067083137566;2672.6902760331463;0.007160171462130962;95007.80651903465;0.0;0.0;93.18962124586068;249.76769736950425;0.767897860006445;11748.514262305333;0.5808062065370354;0.22324085778386177;158.45400792182846;356.96113360034553;0.7171601714621313;95007.80651903465;0.6218971171940721;0.2543861340432763;98.18067083137566;2672.6902760331463;0.050737688544313736;95007.80651903465;0.0;0.0;111.2303928028877;249.76769736950425;0.767897860006445;95007.80651903465;0.5808062065370354;0.22324085778386177;148.22253665780812;326.32436208232497;0.767897860006445;95007.80651903465;0.5808062065370354;0.22324085778386177;145.4191295259953;333.60758751759175;0.7100000000000003;95007.80651903465;0.6281687930679586;0.2594951886614423;102.14000344420924;250.80801145841238;0.7100000000000003;95007.80651903465;0.6281687930679586;0.2594951886614423;102.1144860193669;250.75992143916474;0.7100000000000003;11748.514262305333;0.6281687930679586;0.2594951886614423;93.18962124586068;2674.2433166471556;0.0578978600064447;11748.514262305333;0.0;0.0;48.99422371006523;205.1356776820617;0.0578978600064447;11748.514262305333;0.0;0.0;48.99715006335134;205.21991006730627;0.0578978600064447;95007.80651903465;0.0;0.0;"Zustand 3: Temperatur 421.373 K liegt außerhalb des Boryta-Prüfbereichs; Kristallisation wurde nicht bewertet.";"Zustand 4: Temperatur 418.569 K liegt außerhalb des Boryta-Prüfbereichs; Kristallisation wurde nicht bewertet.";"Zustand 5: Temperatur 375.290 K liegt außerhalb des Boryta-Prüfbereichs; Kristallisation wurde nicht bewertet.";"Zustand 6: Temperatur 375.264 K liegt außerhalb des Boryta-Prüfbereichs; Kristallisation wurde nicht bewertet.";"Zustand 20: Temperatur 431.604 K liegt außerhalb des Boryta-Prüfbereichs; Kristallisation wurde nicht bewertet.";5
series_evaporator_to_desorber;Serie Verdampfer → Desorber;series_evaporator_to_desorber;nan;110.0;30.0;110.0;8.0;8.0;4.0;110.0;0.7200000000000003;Abwärmetemperatur [°C];hot_temperature_C;110.0;10.0;10.0;25.0;15.0;11.0;nan;nan;6.6361053126627e-21;`gtol` termination condition is satisfied.;4;3.621024858301645e-09;1.1520508072704693e-10;1;True;;True;0;zulässig;feasible;True;True;True;98.17022617445849;111.20889338223083;145.3864592419851;49.01225955542395;0.12489642957219113;0.25416903029400517;0.22345376925627786;0.2592551248673021;140.9577398572928;143.09179143600943;141.02253562706966;142.98749929014824;59.66271875857402;0.49631253310601714;12.424250105156007;33.43048683357017;0.004878685697696317;0.03461769057148456;14.095773985384913;14.309179143591935;5.6409014250939595;9.532499952656849;5.423883523566695;93.26678808850238;0.013710386178714147;2674.3891619147635;249.8068519519781;216.10279654488954;0.010666011156517663;0.7672851725291043;0.5891829417481724;0.22928124363149194;1.8480506014384446e-10;-6.596181378881738e-10;7.734115570201539e-10;-1.0937195593641036e-10;-2.793285602820106e-10;9.00683971849503e-11;2.9550051294791047e-10;3.443688001425471e-09;1.8480506014384444e-12;-6.596181378881738e-12;7.734115570201539e-12;-1.0937195593641036e-10;-2.793285602820106e-12;9.00683971849503e-13;2.9550051294791046e-12;3.4436880014254714e-11;143.43048683357017;105.72405803558166;101.50687694625543;110.0;105.72405803558166;38.55812149736897;14.941775074712382;13.28232563779909;54.70866659113341;19.012259555423952;3.6558924204933305;8.240088857753051;11.829773825541508;56.708872764383386;2.8958663958139823;9.115227926147895;4.0;0.7200000000000003;94972.00001449202;11759.10817359251;8.07646282460188;2.8958663958139823;deltaT_shex_1_K;shex;True;True;True;True;True;True;True;True;98.17022617445849;2672.6736928968603;0.05795118368562169;94972.00001449202;0.0;0.0;135.0;4.0;143.43048683357017;4.0;105.72405803558166;8.0;101.50687694625543;8.0;110.0;8.0;105.72405803558166;8.0;30.0;4.0;38.55812149736897;4.0;98.17022617445849;2672.6736928968603;0.0072378959318163604;94972.00001449202;0.0;0.0;93.26678808850238;249.8068519519778;0.777951183685622;11759.10817359251;0.5811050160868941;0.22345376925627786;158.37226190828255;356.7167307633424;0.7272378959318166;94972.00001449202;0.6216278576085209;0.25416903029400517;98.17022617445849;2672.6736928968603;0.050713287753805326;94972.00001449202;0.0;0.0;111.20889338223083;249.8068519519778;0.777951183685622;94972.00001449202;0.5811050160868941;0.22345376925627786;148.2823256377991;326.49896324348055;0.777951183685622;94972.00001449202;0.5811050160868941;0.22345376925627786;145.3864592419851;333.4352648276278;0.7200000000000003;94972.00001449202;0.6278768543200716;0.2592551248673021;102.09366545608293;250.57037766319837;0.7200000000000003;94972.00001449202;0.6278768543200716;0.2592551248673021;102.06816561508833;250.52229753740465;0.7200000000000003;11759.10817359251;0.6278768543200716;0.2592551248673021;93.26678808850238;2674.3891619147635;0.05795118368562169;11759.10817359251;0.0;0.0;49.01225955542395;205.21109969837326;0.05795118368562169;11759.10817359251;0.0;0.0;49.01518527119828;205.29528582516858;0.05795118368562169;94972.00001449202;0.0;0.0;"Zustand 3: Temperatur 421.432 K liegt außerhalb des Boryta-Prüfbereichs; Kristallisation wurde nicht bewertet.";"Zustand 4: Temperatur 418.536 K liegt außerhalb des Boryta-Prüfbereichs; Kristallisation wurde nicht bewertet.";"Zustand 5: Temperatur 375.244 K liegt außerhalb des Boryta-Prüfbereichs; Kristallisation wurde nicht bewertet.";"Zustand 6: Temperatur 375.218 K liegt außerhalb des Boryta-Prüfbereichs; Kristallisation wurde nicht bewertet.";"Zustand 20: Temperatur 431.522 K liegt außerhalb des Boryta-Prüfbereichs; Kristallisation wurde nicht bewertet.";5
series_evaporator_to_desorber;Serie Verdampfer → Desorber;series_evaporator_to_desorber;nan;110.0;30.0;110.0;8.0;8.0;4.0;110.0;0.7300000000000003;Abwärmetemperatur [°C];hot_temperature_C;110.0;10.0;10.0;25.0;15.0;11.0;nan;nan;5.6046291282402735e-21;`gtol` termination condition is satisfied.;4;3.0763194049096244e-09;1.0587378455727625e-10;1;True;;True;0;zulässig;feasible;True;True;True;98.15991726863416;111.18959853415339;145.35172074886134;49.03004981816321;0.1261422140099897;0.25395534771642775;0.2236601866446111;0.259019856390434;140.88942686837578;143.22568612419798;140.96303731814766;143.11210392633976;60.534159718576944;0.4959583096611759;12.585378621774275;33.426401128491364;0.004880468910579563;0.035091279360957274;14.088942686546554;14.322568612414681;5.638521492737614;9.540806928406349;5.5031054290143775;93.34203763909198;0.013629216974404463;2674.531369128253;249.84835769455978;216.345205101561;0.010739875000227106;0.7772639421226851;0.5894279020399152;0.22946014749868227;1.851603315117245e-10;-5.812097469970468e-10;6.810410013713408e-10;-1.0131095962151448e-10;-2.9268676371430047e-10;5.1159076974727213e-11;2.445119662297657e-10;2.9102409371262183e-09;1.851603315117245e-12;-5.812097469970468e-12;6.810410013713408e-12;-1.0131095962151448e-10;-2.926867637143005e-12;5.115907697472721e-13;2.4451196622976568e-12;2.9102409371262185e-11;143.42640112849136;105.72033182038456;101.50492998670791;110.0;105.72033182038456;38.56612955288267;14.865349695261443;13.340052267114345;54.77590808620931;19.030049818163207;3.6974764521796715;8.162892347615923;11.84008273136584;56.687356917076045;2.9883315182530055;9.141260650016136;4.0;0.7300000000000003;94936.66986490668;11769.565863394591;8.066284769277372;2.9883315182530055;deltaT_shex_1_K;shex;True;True;True;True;True;True;True;True;98.15991726863416;2672.6573247232564;0.058003817122911916;94936.66986490668;0.0;0.0;135.0;4.0;143.42640112849136;4.0;105.72033182038456;8.0;101.50492998670791;8.0;110.0;8.0;105.72033182038456;8.0;30.0;4.0;38.56612955288267;4.0;98.15991726863416;2672.6573247232564;0.007316729912914661;94936.66986490668;0.0;0.0;93.34203763909198;249.84835769455927;0.7880038171229122;11769.565863394591;0.5813944612722453;0.2236601866446111;158.2917508237528;356.4761527679335;0.737316729912915;94936.66986490668;0.6213626196872961;0.25395534771642775;98.15991726863416;2672.6573247232564;0.050687087209997254;94936.66986490668;0.0;0.0;111.18959853415339;249.84835769455927;0.7880038171229122;94936.66986490668;0.5813944612722453;0.2236601866446111;148.34005226711434;326.6679852181844;0.7880038171229122;94936.66986490668;0.5813944612722453;0.2236601866446111;145.35172074886134;333.26125952972234;0.7300000000000003;94936.66986490668;0.6275904859406141;0.259019856390434;102.04833788413725;250.33775306617198;0.7300000000000003;94936.66986490668;0.6275904859406141;0.259019856390434;102.02285536820489;250.28968282047205;0.7300000000000003;11769.565863394591;0.6275904859406141;0.259019856390434;93.34203763909198;2674.531369128253;0.058003817122911916;11769.565863394591;0.0;0.0;49.03004981816321;205.28549483176926;0.058003817122911916;11769.565863394591;0.0;0.0;49.032974903308514;205.3696353099767;0.058003817122911916;94936.66986490668;0.0;0.0;"Zustand 3: Temperatur 421.490 K liegt außerhalb des Boryta-Prüfbereichs; Kristallisation wurde nicht bewertet.";"Zustand 4: Temperatur 418.502 K liegt außerhalb des Boryta-Prüfbereichs; Kristallisation wurde nicht bewertet.";"Zustand 5: Temperatur 375.198 K liegt außerhalb des Boryta-Prüfbereichs; Kristallisation wurde nicht bewertet.";"Zustand 6: Temperatur 375.173 K liegt außerhalb des Boryta-Prüfbereichs; Kristallisation wurde nicht bewertet.";"Zustand 20: Temperatur 431.442 K liegt außerhalb des Boryta-Prüfbereichs; Kristallisation wurde nicht bewertet.";5
series_evaporator_to_desorber;Serie Verdampfer → Desorber;series_evaporator_to_desorber;nan;110.0;30.0;110.0;8.0;8.0;4.0;110.0;0.7400000000000003;Abwärmetemperatur [°C];hot_temperature_C;110.0;10.0;10.0;25.0;15.0;11.0;nan;nan;5.262274655586203e-21;`gtol` termination condition is satisfied.;4;2.8478058268166845e-09;1.0258922609695623e-10;1;True;;True;0;zulässig;feasible;True;True;True;98.14973224917856;111.17242580411772;145.315015344823;49.04761474291297;0.12740611015210976;0.2537449741594311;0.22386033263084323;0.25878920722117094;140.81592057063375;143.35788485319475;140.89814739273527;143.23521113730445;61.402013376162465;0.49559798715343784;12.746353264577701;33.42200481881781;0.004882226710653188;0.035564667266108144;14.081592056795374;14.335788485316508;5.635925895721701;9.549014075805223;5.582001216065128;93.41544910302787;0.013551453853255275;2674.670087739526;249.89209390467917;216.58141873951584;0.010814816626849133;0.7872410040961239;0.5896657051019919;0.22963394892667996;1.879527644632617e-10;-5.539391167985741e-10;6.55234089208534e-10;-9.856226945714752e-11;-3.072386789426673e-10;2.9672264645341784e-11;2.2609469851886388e-10;2.6799966690305155e-09;1.879527644632617e-12;-5.539391167985741e-12;6.55234089208534e-12;-9.856226945714752e-11;-3.072386789426673e-12;2.967226464534178e-13;2.2609469851886387e-12;2.6799966690305156e-11;143.4220048188178;105.71665038465;101.50318903917344;110.0;105.71665038465;38.57403617543031;14.790420849955183;13.39578036030332;54.84141292759756;19.04761474291297;3.738117941596272;8.087739936145567;11.850267750821445;56.666111181033784;3.080765015480324;9.168427930356984;4.0;0.7400000000000003;94901.77499363432;11779.898920307172;8.056246970849191;3.080765015480324;deltaT_shex_1_K;shex;True;True;True;True;True;True;True;True;98.14973224917856;2672.641152695412;0.05805582072297266;94901.77499363432;0.0;0.0;135.0;4.0;143.4220048188178;4.0;105.71665038465;8.0;101.50318903917344;8.0;110.0;8.0;105.71665038465;8.0;30.0;4.0;38.57403617543031;4.0;98.14973224917856;2672.641152695412;0.007396666290002191;94901.77499363432;0.0;0.0;93.41544910302787;249.89209390467803;0.798055820722973;11779.898920307172;0.581674877510455;0.22386033263084323;158.212425668773;356.2392570771806;0.7473966662900026;94901.77499363432;0.6211012743318582;0.2537449741594311;98.14973224917856;2672.641152695412;0.05065915443297047;94901.77499363432;0.0;0.0;111.17242580411772;249.89209390467803;0.798055820722973;94901.77499363432;0.581674877510455;0.22386033263084323;148.39578036030332;326.83159084429974;0.798055820722973;94901.77499363432;0.581674877510455;0.22386033263084323;145.315015344823;333.0856735437194;0.7400000000000003;94901.77499363432;0.6273094888723523;0.25878920722117094;102.00399787376074;250.10997979240253;0.7400000000000003;94901.77499363432;0.6273094888723523;0.25878920722117094;101.97853244305372;250.0619194312321;0.7400000000000003;11779.898920307172;0.6273094888723523;0.25878920722117094;93.41544910302787;2674.670087739526;0.05805582072297266;11779.898920307172;0.0;0.0;49.04761474291297;205.35894773753665;0.05805582072297266;11779.898920307172;0.0;0.0;49.05053920361621;205.4430431245255;0.05805582072297266;94901.77499363432;0.0;0.0;"Zustand 3: Temperatur 421.546 K liegt außerhalb des Boryta-Prüfbereichs; Kristallisation wurde nicht bewertet.";"Zustand 4: Temperatur 418.465 K liegt außerhalb des Boryta-Prüfbereichs; Kristallisation wurde nicht bewertet.";"Zustand 5: Temperatur 375.154 K liegt außerhalb des Boryta-Prüfbereichs; Kristallisation wurde nicht bewertet.";"Zustand 6: Temperatur 375.129 K liegt außerhalb des Boryta-Prüfbereichs; Kristallisation wurde nicht bewertet.";"Zustand 20: Temperatur 431.362 K liegt außerhalb des Boryta-Prüfbereichs; Kristallisation wurde nicht bewertet.";5
series_evaporator_to_desorber;Serie Verdampfer → Desorber;series_evaporator_to_desorber;nan;110.0;30.0;110.0;8.0;8.0;4.0;110.0;0.7500000000000003;Abwärmetemperatur [°C];hot_temperature_C;110.0;10.0;10.0;25.0;15.0;11.0;nan;nan;4.959242053208949e-21;`gtol` termination condition is satisfied.;4;2.6796370027013042e-09;9.959158652425363e-11;1;True;;True;0;zulässig;feasible;True;True;True;98.13966004153491;111.15729600959594;145.2764388931044;49.064973246380816;0.12868785900484248;0.253537802018454;0.22405441991202485;0.2585630092791982;140.7374139088281;143.4885299956316;140.8280673194642;143.35695478214834;62.26627266722558;0.49523163771279394;12.907167154925988;33.417309444307875;0.004883961162602677;0.03603784187659803;14.073741390630644;14.348852999561599;5.633122692789223;9.557130318795474;5.660570242522236;93.48709757878095;0.013476958909158183;2674.805459475959;249.9379458580601;216.8116644839875;0.010890828214280224;0.7972164226640637;0.5898965966565398;0.2298028167185977;1.9204549062123988e-10;-5.190159413359652e-10;6.231175575521775e-10;-9.592371341682338e-11;-2.6636826078174636e-10;1.5631940186722204e-11;2.162323653465137e-10;2.5216593257937348e-09;1.9204549062123986e-12;-5.190159413359652e-12;6.231175575521775e-12;-9.592371341682338e-11;-2.6636826078174635e-12;1.5631940186722204e-13;2.162323653465137e-12;2.5216593257937348e-11;143.41730944430788;105.71300972541422;101.5016440759087;110.0;105.71300972541422;38.581849880121524;14.716930341331647;13.449571102110497;54.90524769865942;19.064973246380816;3.777835250446742;8.014546497127753;11.86033995846509;56.6451126372645;3.1731322090060985;9.196672967043071;4.0;0.7500000000000003;94867.27708477847;11790.118190430589;8.046338090298127;3.1731322090060985;deltaT_shex_1_K;shex;True;True;True;True;True;True;True;True;98.13966004153491;2672.6251592482663;0.058107250878343564;94867.27708477847;0.0;0.0;135.0;4.0;143.41730944430788;4.0;105.71300972541422;8.0;101.5016440759087;8.0;110.0;8.0;105.71300972541422;8.0;30.0;4.0;38.581849880121524;4.0;98.13966004153491;2672.6251592482663;0.007477697708191285;94867.27708477847;0.0;0.0;93.48709757878095;249.9379458580584;0.8081072508783439;11790.118190430589;0.5819465844627474;0.22405441991202485;158.13423978563952;356.0059076390196;0.7574776977081916;94867.27708477847;0.6208436975068854;0.253537802018454;98.13966004153491;2672.6251592482663;0.050629553170152275;94867.27708477847;0.0;0.0;111.15729600959594;249.9379458580584;0.8081072508783439;94867.27708477847;0.5819465844627474;0.22405441991202485;148.4495711021105;326.9899369143785;0.8081072508783439;94867.27708477847;0.5819465844627474;0.22405441991202485;145.2764388931044;332.90860301517006;0.7500000000000003;94867.27708477847;0.6270336727043101;0.2585630092791982;101.96062304255287;249.88690612579205;0.7500000000000003;94867.27708477847;0.6270336727043101;0.2585630092791982;101.93517447496748;249.8388556699566;0.7500000000000003;11790.118190430589;0.6270336727043101;0.2585630092791982;93.48709757878095;2674.805459475959;0.058107250878343564;11790.118190430589;0.0;0.0;49.064973246380816;205.4315375183221;0.058107250878343564;11790.118190430589;0.0;0.0;49.06789708814972;205.51558832246062;0.058107250878343564;94867.27708477847;0.0;0.0;"Zustand 3: Temperatur 421.600 K liegt außerhalb des Boryta-Prüfbereichs; Kristallisation wurde nicht bewertet.";"Zustand 4: Temperatur 418.426 K liegt außerhalb des Boryta-Prüfbereichs; Kristallisation wurde nicht bewertet.";"Zustand 5: Temperatur 375.111 K liegt außerhalb des Boryta-Prüfbereichs; Kristallisation wurde nicht bewertet.";"Zustand 6: Temperatur 375.085 K liegt außerhalb des Boryta-Prüfbereichs; Kristallisation wurde nicht bewertet.";"Zustand 20: Temperatur 431.284 K liegt außerhalb des Boryta-Prüfbereichs; Kristallisation wurde nicht bewertet.";5
series_evaporator_to_desorber;Serie Verdampfer → Desorber;series_evaporator_to_desorber;nan;110.0;30.0;110.0;8.0;8.0;4.0;110.0;0.7600000000000003;Abwärmetemperatur [°C];hot_temperature_C;110.0;10.0;10.0;25.0;15.0;11.0;nan;nan;4.673662484508543e-21;`gtol` termination condition is satisfied.;4;2.5009918567124055e-09;9.66815647836602e-11;1;True;;True;0;zulässig;feasible;True;True;True;98.12969030361552;111.14413311528455;145.23608213547124;49.08214301337841;0.12998720355926607;0.25333372801721893;0.22424265173143915;0.25834110198223564;140.65408925354433;143.61775465253524;140.75298757438216;143.4774598665807;63.12693182676966;0.494859331644121;13.067813640909245;33.41232591229334;0.004885674184850197;0.03651079112542826;14.065408925119915;14.361775465253496;5.630119502984839;9.565163991091001;5.738811984296792;93.55705431180513;0.01340560088383992;2674.9376188166098;249.98580449136225;217.03615850258512;0.010967901756327114;0.8071902585055241;0.590120810982898;0.2299669120912497;1.9352341951162089e-10;-4.95049334858777e-10;6.002096597512718e-10;-9.33954025228445e-11;-2.388276243436849e-10;2.8421709430404007e-13;2.156639311579056e-10;2.3451889319403563e-09;1.935234195116209e-12;-4.95049334858777e-12;6.0020965975127185e-12;-9.33954025228445e-11;-2.3882762434368488e-12;2.842170943040401e-15;2.156639311579056e-12;2.3451889319403562e-11;143.41232591229334;105.70940610446826;101.50028566265058;110.0;105.70940610446826;38.58957862754397;14.64482281064636;13.501483173109477;54.96747568426116;19.082143013378413;3.816646527687169;7.943231350845451;11.870309696384481;56.624339863304215;3.2654010376382416;9.225941628540113;4.0;0.7600000000000003;94833.14038015298;11800.233830053407;8.036547558797297;3.2654010376382416;deltaT_shex_1_K;shex;True;True;True;True;True;True;True;True;98.12969030361552;2672.609327977284;0.05815816026185083;94833.14038015298;0.0;0.0;135.0;4.0;143.41232591229334;4.0;105.70940610446826;8.0;101.50028566265058;8.0;110.0;8.0;105.70940610446826;8.0;30.0;4.0;38.58957862754397;4.0;98.12969030361552;2672.609327977284;0.0075598166165896236;94833.14038015298;0.0;0.0;93.55705431180513;249.98580449136196;0.8181581602618512;11800.233830053407;0.5822098869176133;0.22424265173143915;158.0571487229397;355.7759745307617;0.76755981661659;94833.14038015298;0.6205897700063038;0.25333372801721893;98.12969030361552;2672.609327977284;0.05059834364526121;94833.14038015298;0.0;0.0;111.14413311528455;249.98580449136196;0.8181581602618512;94833.14038015298;0.5822098869176133;0.22424265173143915;148.50148317310948;327.14317441427016;0.8181581602618512;94833.14038015298;0.5822098869176133;0.22424265173143915;145.23608213547124;332.73013863253294;0.7600000000000003;94833.14038015298;0.6267628552194404;0.25834110198223564;101.91819148674443;249.66838622914332;0.7600000000000003;94833.14038015298;0.6267628552194404;0.25834110198223564;101.89275957678109;249.6203457145046;0.7600000000000003;11800.233830053407;0.6267628552194404;0.25834110198223564;93.55705431180513;2674.9376188166098;0.05815816026185083;11800.233830053407;0.0;0.0;49.08214301337841;205.50333812561433;0.05815816026185083;11800.233830053407;0.0;0.0;49.08506624116404;205.58734480950622;0.05815816026185083;94833.14038015298;0.0;0.0;"Zustand 3: Temperatur 421.651 K liegt außerhalb des Boryta-Prüfbereichs; Kristallisation wurde nicht bewertet.";"Zustand 4: Temperatur 418.386 K liegt außerhalb des Boryta-Prüfbereichs; Kristallisation wurde nicht bewertet.";"Zustand 5: Temperatur 375.068 K liegt außerhalb des Boryta-Prüfbereichs; Kristallisation wurde nicht bewertet.";"Zustand 6: Temperatur 375.043 K liegt außerhalb des Boryta-Prüfbereichs; Kristallisation wurde nicht bewertet.";"Zustand 20: Temperatur 431.207 K liegt außerhalb des Boryta-Prüfbereichs; Kristallisation wurde nicht bewertet.";5
series_evaporator_to_desorber;Serie Verdampfer → Desorber;series_evaporator_to_desorber;nan;110.0;30.0;110.0;8.0;8.0;4.0;110.0;0.7700000000000004;Abwärmetemperatur [°C];hot_temperature_C;110.0;10.0;10.0;25.0;15.0;11.0;nan;nan;4.414953513272844e-21;`gtol` termination condition is satisfied.;4;2.3592921396285025e-09;9.39675849777235e-11;1;True;;True;0;zulässig;feasible;True;True;True;98.1198133731665;111.13286411017253;145.19403099031058;49.09914058449499;0.1313038889741923;0.25313265299193505;0.22442522238194743;0.25812333184595354;140.56611909135216;143.74568331319372;140.67308835482604;143.5968431790825;63.983986262974774;0.4944811374627746;13.228286287964664;33.40706453895649;0.004887367560590214;0.036983503275604485;14.056611908914949;14.374568331320155;5.626923534202665;9.573122878592047;5.816726023948605;93.62538693081336;0.013337254797756421;2675.066693435486;250.03556611018809;217.25510673346523;0.01104602909846375;0.8171625689948936;0.5903385715693533;0.2301263890918993;1.9878143575624563e-10;-4.5987746943865204e-10;5.970832717139274e-10;-9.096212671977355e-11;-2.405897703283699e-10;-7.815970093361102e-12;2.0179413695586845e-10;2.2026824808563106e-09;1.9878143575624562e-12;-4.598774694386521e-12;5.970832717139274e-12;-9.096212671977355e-11;-2.4058977032836994e-12;-7.815970093361102e-14;2.0179413695586845e-12;2.2026824808563106e-11;143.4070645389565;105.70583602933368;101.49910491824437;110.0;105.70583602933368;38.5972298632293;14.574045567748499;13.551572870755876;55.02815706758406;19.09914058449499;3.8545696862730097;7.873717987431007;11.880186626833506;56.60377282666593;3.3575418804452966;9.25618232482634;4.0;0.7700000000000004;94799.3314941823;11810.255353835877;8.026865521022984;3.3575418804452966;deltaT_shex_1_K;shex;True;True;True;True;True;True;True;True;98.1198133731665;2672.5936435551266;0.05820859809335699;94799.3314941823;0.0;0.0;135.0;4.0;143.4070645389565;4.0;105.70583602933368;8.0;101.49910491824437;8.0;110.0;8.0;105.70583602933368;8.0;30.0;4.0;38.5972298632293;4.0;98.1198133731665;2672.5936435551266;0.007643015301393527;94799.3314941823;0.0;0.0;93.62538693081336;250.0355661101902;0.8282085980933573;11810.255353835877;0.5824650756233892;0.22442522238194743;157.981110106705;355.54933361769736;0.7776430153013939;94799.3314941823;0.6203393772197442;0.25313265299193505;98.1198133731665;2672.5936435551266;0.050565582791963465;94799.3314941823;0.0;0.0;111.13286411017253;250.0355661101902;0.8282085980933573;94799.3314941823;0.5824650756233892;0.22442522238194743;148.55157287075588;327.29144875892644;0.8282085980933573;94799.3314941823;0.5824650756233892;0.22442522238194743;145.19403099031058;332.5503659368383;0.7700000000000004;94799.3314941823;0.6264968619745304;0.25812333184595354;101.8766817853462;249.45427988128512;0.7700000000000004;94799.3314941823;0.6264968619745304;0.25812333184595354;101.85126634306067;249.40624935755056;0.7700000000000004;11810.255353835877;0.6264968619745304;0.25812333184595354;93.62538693081336;2675.066693435486;0.05820859809335699;11810.255353835877;0.0;0.0;49.09914058449499;205.57441872635488;0.05820859809335699;11810.255353835877;0.0;0.0;49.10206320266775;205.65838170984318;0.05820859809335699;94799.3314941823;0.0;0.0;"Zustand 3: Temperatur 421.702 K liegt außerhalb des Boryta-Prüfbereichs; Kristallisation wurde nicht bewertet.";"Zustand 4: Temperatur 418.344 K liegt außerhalb des Boryta-Prüfbereichs; Kristallisation wurde nicht bewertet.";"Zustand 5: Temperatur 375.027 K liegt außerhalb des Boryta-Prüfbereichs; Kristallisation wurde nicht bewertet.";"Zustand 6: Temperatur 375.001 K liegt außerhalb des Boryta-Prüfbereichs; Kristallisation wurde nicht bewertet.";"Zustand 20: Temperatur 431.131 K liegt außerhalb des Boryta-Prüfbereichs; Kristallisation wurde nicht bewertet.";5
series_evaporator_to_desorber;Serie Verdampfer → Desorber;series_evaporator_to_desorber;nan;110.0;30.0;110.0;8.0;8.0;4.0;110.0;0.7800000000000004;Abwärmetemperatur [°C];hot_temperature_C;110.0;10.0;10.0;25.0;15.0;11.0;nan;nan;4.168959265724877e-21;`gtol` termination condition is satisfied.;4;2.2089453400354263e-09;9.131220362826512e-11;1;True;;True;0;zulässig;feasible;True;True;True;98.110020219256;111.1234188865543;145.15036683349456;49.11598143696693;0.13263766274233446;0.25293448169238497;0.22460231767800293;0.2579095521079666;140.47366666632672;143.87243246378264;140.58854024313575;143.71521387732338;64.83743244427654;0.49409712193532346;13.388578869903792;33.40153508769896;0.004889042947905085;0.037455966907215595;14.047366666427122;14.387243246379722;5.623541609735195;9.581014258475184;5.894312040428137;93.69215966716843;0.013271801602982108;2675.1928046132057;250.0871321092;217.46870547051026;0.011125201969030551;0.8271334084166743;0.5905500917200986;0.23028139498729508;2.049063141384977e-10;-4.3296211060805945e-10;5.647393663821276e-10;-8.86045126158308e-11;-2.4411406229774e-10;-1.4580336937797256e-11;1.9562662600947078e-10;2.0555148694256786e-09;2.049063141384977e-12;-4.329621106080595e-12;5.647393663821276e-12;-8.86045126158308e-11;-2.4411406229774002e-12;-1.4580336937797256e-13;1.9562662600947078e-12;2.0555148694256787e-11;143.40153508769896;105.70229623572595;101.49809347725898;110.0;105.70229623572595;38.604810554053984;14.50454843400513;13.599894223674596;55.08734911311444;19.115981436966933;3.891622383747631;7.805933810090551;11.889979780744;56.58339278638272;3.4495273901800374;9.287345884603553;4.0;0.7800000000000004;94765.81924344908;11820.19167935547;8.017282783067056;3.4495273901800374;deltaT_shex_1_K;shex;True;True;True;True;True;True;True;True;98.110020219256;2672.5780916548492;0.05825861038570446;94765.81924344908;0.0;0.0;135.0;4.0;143.40153508769896;4.0;105.70229623572595;8.0;101.49809347725898;8.0;110.0;8.0;105.70229623572595;8.0;30.0;4.0;38.604810554053984;4.0;98.110020219256;2672.5780916548492;0.007727285916176132;94765.81924344908;0.0;0.0;93.69215966716843;250.08713210919896;0.8382586103857048;11820.19167935547;0.5827124280661666;0.22460231767800293;157.9060835217041;355.32586623825864;0.7877272859161765;94765.81924344908;0.6200924089175295;0.25293448169238497;98.110020219256;2672.5780916548492;0.05053132446952832;94765.81924344908;0.0;0.0;111.1234188865543;250.08713210919896;0.8382586103857048;94765.81924344908;0.5827124280661666;0.22460231767800293;148.5998942236746;327.43490001872647;0.8382586103857048;94765.81924344908;0.5827124280661666;0.22460231767800293;145.15036683349456;332.3693656163039;0.7800000000000004;94765.81924344908;0.6262355259041341;0.2579095521079666;101.83607300195075;249.24445222646852;0.7800000000000004;94765.81924344908;0.6262355259041341;0.2579095521079666;101.81067385197832;249.19643175607465;0.7800000000000004;11820.19167935547;0.6262355259041341;0.2579095521079666;93.69215966716843;2675.1928046132057;0.05825861038570446;11820.19167935547;0.0;0.0;49.11598143696693;205.64484404107787;0.05825861038570446;11820.19167935547;0.0;0.0;49.118903449343236;205.72876370403478;0.05825861038570446;94765.81924344908;0.0;0.0;"Zustand 3: Temperatur 421.750 K liegt außerhalb des Boryta-Prüfbereichs; Kristallisation wurde nicht bewertet.";"Zustand 4: Temperatur 418.300 K liegt außerhalb des Boryta-Prüfbereichs; Kristallisation wurde nicht bewertet.";"Zustand 5: Temperatur 374.986 K liegt außerhalb des Boryta-Prüfbereichs; Kristallisation wurde nicht bewertet.";"Zustand 6: Temperatur 374.961 K liegt außerhalb des Boryta-Prüfbereichs; Kristallisation wurde nicht bewertet.";"Zustand 20: Temperatur 431.056 K liegt außerhalb des Boryta-Prüfbereichs; Kristallisation wurde nicht bewertet.";5
series_evaporator_to_desorber;Serie Verdampfer → Desorber;series_evaporator_to_desorber;nan;110.0;30.0;110.0;8.0;8.0;4.0;110.0;0.7900000000000004;Abwärmetemperatur [°C];hot_temperature_C;110.0;10.0;10.0;25.0;15.0;11.0;nan;nan;3.9436639440395796e-21;`gtol` termination condition is satisfied.;4;2.0723022074677397e-09;8.881062936427801e-11;1;True;;True;0;zulässig;feasible;True;True;True;98.10030239760988;111.11573012164212;145.10516676316007;49.1326800591666;0.13398827482149564;0.25273912259514664;0.2247741153994803;0.2576996223751792;140.37688657550063;143.99811114798945;140.49950482293906;143.83267402796008;65.68726779844555;0.49370735012414063;13.548685360440913;33.39574680475482;0.0048907018890267315;0.03792817090504218;14.037688657357112;14.399811114802844;5.619980192926883;9.588844935185579;5.971569799895411;93.75743355887136;0.013209127856747917;2675.316067619838;250.14040870504147;217.6771419096145;0.01120541200635361;0.8371028281648017;0.5907555751223039;0.23043207062810872;2.0310153558966704e-10;-4.0397196698904736e-10;5.220499588176608e-10;-8.636336090717123e-11;-2.3302959561988246e-10;-3.89945853385143e-11;1.7641355043451767e-10;1.9295214315206977e-09;2.03101535589667e-12;-4.039719669890473e-12;5.220499588176608e-12;-8.636336090717123e-11;-2.3302959561988244e-12;-3.89945853385143e-13;1.7641355043451767e-12;1.9295214315206976e-11;143.39574680475482;105.69878367141268;101.49724345541568;110.0;105.69878367141268;38.612327221769704;14.436283596283147;13.646499100007588;55.14510633710165;19.132680059166603;3.9278220061855222;7.73980989654433;11.89969760239012;56.5631822023293;3.5413323368475176;9.319385437062635;4.0;0.7900000000000004;94732.57448988136;11830.051168220874;8.007790764621708;3.5413323368475176;deltaT_shex_1_K;shex;True;True;True;True;True;True;True;True;98.10030239760988;2672.5626588791683;0.05830824017115499;94732.57448988136;0.0;0.0;135.0;4.0;143.39574680475482;4.0;105.69878367141268;8.0;101.49724345541568;8.0;110.0;8.0;105.69878367141268;8.0;30.0;4.0;38.612327221769704;4.0;98.10030239760988;2672.5626588791683;0.007812620508410487;94732.57448988136;0.0;0.0;93.75743355887136;250.14040870503956;0.8483082401711554;11830.051168220874;0.5829522091984267;0.2247741153994803;157.83203040103797;355.10545891030733;0.7978126205084108;94732.57448988136;0.619848759048497;0.25273912259514664;98.10030239760988;2672.5626588791683;0.050495619662744504;94732.57448988136;0.0;0.0;111.11573012164212;250.14040870503956;0.8483082401711554;94732.57448988136;0.5829522091984267;0.2247741153994803;148.6464991000076;327.5736631376411;0.8483082401711554;94732.57448988136;0.5829522091984267;0.2247741153994803;145.10516676316007;332.18721378711973;0.7900000000000004;94732.57448988136;0.6259786869481068;0.2576996223751792;101.79634468457948;249.03877353617997;0.7900000000000004;94732.57448988136;0.6259786869481068;0.2576996223751792;101.77096166522716;248.9907631932622;0.7900000000000004;11830.051168220874;0.6259786869481068;0.2576996223751792;93.75743355887136;2675.316067619838;0.05830824017115499;11830.051168220874;0.0;0.0;49.1326800591666;205.71467465539862;0.05830824017115499;11830.051168220874;0.0;0.0;49.13560146908338;205.79855134031777;0.05830824017115499;94732.57448988136;0.0;0.0;"Zustand 3: Temperatur 421.796 K liegt außerhalb des Boryta-Prüfbereichs; Kristallisation wurde nicht bewertet.";"Zustand 4: Temperatur 418.255 K liegt außerhalb des Boryta-Prüfbereichs; Kristallisation wurde nicht bewertet.";"Zustand 5: Temperatur 374.946 K liegt außerhalb des Boryta-Prüfbereichs; Kristallisation wurde nicht bewertet.";"Zustand 6: Temperatur 374.921 K liegt außerhalb des Boryta-Prüfbereichs; Kristallisation wurde nicht bewertet.";"Zustand 20: Temperatur 430.982 K liegt außerhalb des Boryta-Prüfbereichs; Kristallisation wurde nicht bewertet.";5
series_evaporator_to_desorber;Serie Verdampfer → Desorber;series_evaporator_to_desorber;nan;110.0;30.0;110.0;8.0;8.0;4.0;110.0;0.8000000000000004;Abwärmetemperatur [°C];hot_temperature_C;110.0;10.0;10.0;25.0;15.0;11.0;nan;nan;3.729562675168697e-21;`gtol` termination condition is satisfied.;4;1.949812452188759e-09;8.636622806593671e-11;1;True;;True;0;zulässig;feasible;True;True;True;98.09065200948794;111.10973316223573;145.0585038491301;49.14925001924399;0.13535547773289883;0.25254648772788046;0.2249407857092692;0.2574934082929178;140.27592532165738;144.12282148367498;140.40613525150687;143.94931910376766;66.53349062237848;0.4933118854347567;13.708599925204641;33.38970845225225;0.004892345818826463;0.038400104446727805;14.027592531985784;14.412282148372816;5.616245410069365;9.596621273573215;6.048499147523996;93.82126664038572;0.013149125414464882;2675.436592071221;250.19530668215236;217.8805946591102;0.011286650782308394;0.8470708769276604;0.5909552163764806;0.23057855079068673;2.0769164166267728e-10;-3.8548364500456955e-10;5.304627848090604e-10;-8.414069441187166e-11;-2.2725998860551044e-10;-5.31770183442859e-11;1.694502316240687e-10;1.7995489542954601e-09;2.076916416626773e-12;-3.854836450045695e-12;5.3046278480906036e-12;-8.414069441187166e-11;-2.2725998860551043e-12;-5.31770183442859e-13;1.6945023162406869e-12;1.79954895429546e-11;143.38970845225225;105.69529548134665;101.49654741760543;110.0;105.69529548134665;38.619785973904015;14.369205471086445;13.691437310195568;55.2014806664817;19.149250019243993;3.9631856550902285;7.675280777219712;11.90934799051206;56.543124651776566;3.632933461065477;9.352256298380553;4.0;0.8000000000000004;94699.56999647463;11839.841664031017;7.998381455063566;3.632933461065477;deltaT_shex_1_K;shex;True;True;True;True;True;True;True;True;98.09065200948794;2672.547332695353;0.05835752770996838;94699.56999647463;0.0;0.0;135.0;4.0;143.38970845225225;4.0;105.69529548134665;8.0;101.49654741760543;8.0;110.0;8.0;105.69529548134665;8.0;30.0;4.0;38.619785973904015;4.0;98.09065200948794;2672.547332695353;0.007899011042493652;94699.56999647463;0.0;0.0;93.82126664038572;250.19530668215359;0.8583575277099688;11839.841664031017;0.5831846721220141;0.2249407857092692;157.7589139233387;354.8880030567731;0.8078990110424941;94699.56999647463;0.6196083255495057;0.25254648772788046;98.09065200948794;2672.547332695353;0.05045851666747473;94699.56999647463;0.0;0.0;111.10973316223573;250.19530668215359;0.8583575277099688;94699.56999647463;0.5831846721220141;0.2249407857092692;148.69143731019557;327.70786814344194;0.8583575277099688;94699.56999647463;0.5831846721220141;0.2249407857092692;145.0585038491301;332.00398226049424;0.8000000000000004;94699.56999647463;0.6257261917012507;0.2574934082929178;101.75747686385517;248.8371189827808;0.8000000000000004;94699.56999647463;0.6257261917012507;0.2574934082929178;101.73210982625642;248.78911885222237;0.8000000000000004;11839.841664031017;0.6257261917012507;0.2574934082929178;93.82126664038572;2675.436592071221;0.05835752770996838;11839.841664031017;0.0;0.0;49.14925001924399;205.78396730698609;0.05835752770996838;11839.841664031017;0.0;0.0;49.15217082957008;205.86780132139364;0.05835752770996838;94699.56999647463;0.0;0.0;"Zustand 3: Temperatur 421.841 K liegt außerhalb des Boryta-Prüfbereichs; Kristallisation wurde nicht bewertet.";"Zustand 4: Temperatur 418.209 K liegt außerhalb des Boryta-Prüfbereichs; Kristallisation wurde nicht bewertet.";"Zustand 5: Temperatur 374.907 K liegt außerhalb des Boryta-Prüfbereichs; Kristallisation wurde nicht bewertet.";"Zustand 6: Temperatur 374.882 K liegt außerhalb des Boryta-Prüfbereichs; Kristallisation wurde nicht bewertet.";"Zustand 20: Temperatur 430.909 K liegt außerhalb des Boryta-Prüfbereichs; Kristallisation wurde nicht bewertet.";5
series_evaporator_to_desorber;Serie Verdampfer → Desorber;series_evaporator_to_desorber;nan;110.0;30.0;110.0;8.0;8.0;4.0;110.0;0.8100000000000004;Abwärmetemperatur [°C];hot_temperature_C;110.0;10.0;10.0;25.0;15.0;11.0;nan;nan;3.537028899249996e-21;`gtol` termination condition is satisfied.;4;1.852852769672462e-09;8.410741821325864e-11;1;True;;True;0;zulässig;feasible;True;True;True;98.08106166375694;111.1053659127607;145.01044736761116;49.165704028470486;0.13673902663467608;0.25235649250425884;0.22510249154609252;0.2572907812340799;140.17092182705107;144.24665913956719;140.30857679175335;144.06523844200893;67.37610000124462;0.4929107896654519;13.868316914181;33.38342833893847;0.004893976072603556;0.038871756991439466;14.017092182534267;14.42466591396178;5.612343071678495;9.604349229455977;6.125100000146688;93.88371411939153;0.013091691141085304;2675.5544822608113;250.2517411511038;218.07923421685027;0.011368909822766282;0.8570376008599931;0.5911492014925392;0.23072096449749352;2.0799006961169653e-10;-3.689422101160744e-10;5.034053174313158e-10;-8.204525947519414e-11;-2.0901325115119107e-10;-5.061906449554954e-11;1.6927970136748627e-10;1.7084005321521545e-09;2.0799006961169655e-12;-3.689422101160744e-12;5.034053174313158e-12;-8.204525947519414e-11;-2.090132511511911e-12;-5.061906449554953e-13;1.6927970136748627e-12;1.7084005321521546e-11;143.38342833893847;105.69182899395906;101.49599834827268;110.0;105.69182899395906;38.62719253227078;14.30327057809967;13.73475670435721;55.256521587120744;19.165704028470486;3.9977301369007137;7.612284228881151;11.918938336243059;56.52320475233938;3.724309336746046;9.385915863029027;4.0;0.8100000000000004;94666.78029432322;11849.57052746963;7.989047373056015;3.724309336746046;deltaT_shex_1_K;shex;True;True;True;True;True;True;True;True;98.08106166375694;2672.5321013751513;0.05840651068275904;94666.78029432322;0.0;0.0;135.0;4.0;143.38342833893847;4.0;105.69182899395906;8.0;101.49599834827268;8.0;110.0;8.0;105.69182899395906;8.0;30.0;4.0;38.62719253227078;4.0;98.08106166375694;2672.5321013751513;0.00798644941988828;94666.78029432322;0.0;0.0;93.88371411939153;250.25174115110323;0.8684065106827594;11849.57052746963;0.5834100587282998;0.22510249154609252;157.68669891703814;354.6733947494279;0.8179864494198886;94666.78029432322;0.6193710101662637;0.25235649250425884;98.08106166375694;2672.5321013751513;0.050420061262870755;94666.78029432322;0.0;0.0;111.1053659127607;250.25174115110323;0.8684065106827594;94666.78029432322;0.5834100587282998;0.22510249154609252;148.7347567043572;327.83764034970795;0.8684065106827594;94666.78029432322;0.5834100587282998;0.22510249154609252;145.01044736761116;331.8197387958346;0.8100000000000004;94666.78029432322;0.6254778930832917;0.2572907812340799;101.71945004973168;248.63936842418448;0.8100000000000004;94666.78029432322;0.6254778930832917;0.2572907812340799;101.69409885705835;248.59137860073827;0.8100000000000004;11849.57052746963;0.6254778930832917;0.2572907812340799;93.88371411939153;2675.5544822608113;0.05840651068275904;11849.57052746963;0.0;0.0;49.165704028470486;205.85277515049015;0.05840651068275904;11849.57052746963;0.0;0.0;49.16862424161968;205.93656676918803;0.05840651068275904;94666.78029432322;0.0;0.0;"Zustand 3: Temperatur 421.885 K liegt außerhalb des Boryta-Prüfbereichs; Kristallisation wurde nicht bewertet.";"Zustand 4: Temperatur 418.160 K liegt außerhalb des Boryta-Prüfbereichs; Kristallisation wurde nicht bewertet.";"Zustand 5: Temperatur 374.869 K liegt außerhalb des Boryta-Prüfbereichs; Kristallisation wurde nicht bewertet.";"Zustand 6: Temperatur 374.844 K liegt außerhalb des Boryta-Prüfbereichs; Kristallisation wurde nicht bewertet.";"Zustand 20: Temperatur 430.837 K liegt außerhalb des Boryta-Prüfbereichs; Kristallisation wurde nicht bewertet.";5
series_evaporator_to_desorber;Serie Verdampfer → Desorber;series_evaporator_to_desorber;nan;110.0;30.0;110.0;8.0;8.0;4.0;110.0;0.8200000000000004;Abwärmetemperatur [°C];hot_temperature_C;110.0;10.0;10.0;25.0;15.0;11.0;nan;nan;3.350674807599923e-21;`gtol` termination condition is satisfied.;4;1.7446157607227307e-09;8.186177139055719e-11;1;True;;True;0;zulässig;feasible;True;True;True;98.07152444193315;111.10256872688683;144.96106302199996;49.182053999667914;0.13813867937271707;0.252169055567868;0.22525938899451123;0.25709161800723335;140.06200791055187;144.3697137749989;140.20696730661814;144.1805156669784;68.21509573621763;0.49250412305789026;14.027830854603;33.37691434871721;0.00489559389323419;0.039343118269078305;14.006200790894843;14.436971377506692;5.608278692273601;9.612034377788211;6.201372339687439;93.94482854151164;0.013036726639659458;2675.6698374690086;250.30963131927143;218.27322341664603;0.011452180625264319;0.8670030437425813;0.5913377083545428;0.23085943531810282;2.0810375644941814e-10;-3.4420111205690773e-10;4.759499461215455e-10;-7.99851296306997e-11;-2.2188828552316409e-10;-6.801315066695679e-11;1.552393769088667e-10;1.6034391592256725e-09;2.0810375644941814e-12;-3.4420111205690774e-12;4.759499461215455e-12;-7.99851296306997e-11;-2.2188828552316407e-12;-6.801315066695679e-13;1.5523937690886668e-12;1.6034391592256724e-11;143.3769143487172;105.68838170852337;101.49558962399533;110.0;105.68838170852337;38.634552259270265;14.23843742219151;13.77650326472667;55.310276282241375;19.182053999667914;4.031471954792323;7.550761082483689;11.92847555806685;56.503408090915286;3.8154402427267087;9.420323499882443;4.0;0.8200000000000004;94634.18156014118;11859.244668731939;7.9797815293965115;3.8154402427267087;deltaT_shex_1_K;shex;True;True;True;True;True;True;True;True;98.07152444193315;2672.5169539394287;0.05845522436784523;94634.18156014118;0.0;0.0;135.0;4.0;143.3769143487172;4.0;105.68838170852337;8.0;101.49558962399533;8.0;110.0;8.0;105.68838170852337;8.0;30.0;4.0;38.634552259270265;4.0;98.07152444193315;2672.5169539394287;0.00807492749661001;94634.18156014118;0.0;0.0;93.94482854151164;250.30963131927314;0.8784552243678456;11859.244668731939;0.583628600299002;0.22525938899451123;157.61535177090872;354.46153446859694;0.8280749274966104;94634.18156014118;0.619136718283546;0.252169055567868;98.07152444193315;2672.5169539394287;0.050380296871235214;94634.18156014118;0.0;0.0;111.10256872688683;250.30963131927314;0.8784552243678456;94634.18156014118;0.583628600299002;0.22525938899451123;148.77650326472667;327.96310055022525;0.8784552243678456;94634.18156014118;0.583628600299002;0.22525938899451123;144.96106302199996;331.6345473407007;0.8200000000000004;94634.18156014118;0.6252336500282332;0.25709161800723335;101.68224522700439;248.4454061992257;0.8200000000000004;94634.18156014118;0.6252336500282332;0.25709161800723335;101.65690975373104;248.39742678670243;0.8200000000000004;11859.244668731939;0.6252336500282332;0.25709161800723335;93.94482854151164;2675.6698374690086;0.05845522436784523;11859.244668731939;0.0;0.0;49.182053999667914;205.92114800177404;0.05845522436784523;11859.244668731939;0.0;0.0;49.18497361760808;206.00489746892907;0.05845522436784523;94634.18156014118;0.0;0.0;"Zustand 3: Temperatur 421.927 K liegt außerhalb des Boryta-Prüfbereichs; Kristallisation wurde nicht bewertet.";"Zustand 4: Temperatur 418.111 K liegt außerhalb des Boryta-Prüfbereichs; Kristallisation wurde nicht bewertet.";"Zustand 5: Temperatur 374.832 K liegt außerhalb des Boryta-Prüfbereichs; Kristallisation wurde nicht bewertet.";"Zustand 6: Temperatur 374.807 K liegt außerhalb des Boryta-Prüfbereichs; Kristallisation wurde nicht bewertet.";"Zustand 20: Temperatur 430.765 K liegt außerhalb des Boryta-Prüfbereichs; Kristallisation wurde nicht bewertet.";5
series_evaporator_to_desorber;Serie Verdampfer → Desorber;series_evaporator_to_desorber;nan;110.0;30.0;110.0;8.0;8.0;4.0;110.0;0.8300000000000004;Abwärmetemperatur [°C];hot_temperature_C;110.0;10.0;10.0;25.0;15.0;11.0;nan;nan;3.1825594156066812e-21;`gtol` termination condition is satisfied.;4;1.680151094507752e-09;7.978169483793487e-11;1;True;;True;0;zulässig;feasible;True;True;True;98.06203386589044;111.10128430287853;144.91041315036153;49.198311101209185;0.1395541965137561;0.2519840986454218;0.22541162763315004;0.25689580058198425;139.94930873170284;144.49206944642108;140.10143771925217;144.29522908037526;69.05047827956662;0.49209194434864656;14.187136444197524;33.37017396720711;0.004897200437748254;0.03981417826994251;13.994930873016328;14.449206944648461;5.604057508777635;9.619681938680822;6.277316207263383;94.00465994389418;0.012984137996134942;2675.7827522516136;250.36890027340223;218.46271784601288;0.011536454674314522;0.8769672471308142;0.5915209071558818;0.2309940816516943;2.1111645764904097e-10;-3.306013240944594e-10;4.758931027026847e-10;-7.799638712668866e-11;-1.886917289084522e-10;-6.352252057695296e-11;1.6294166016450617e-10;1.5395755781355547e-09;2.1111645764904097e-12;-3.306013240944594e-12;4.758931027026847e-12;-7.799638712668866e-11;-1.886917289084522e-12;-6.352252057695296e-13;1.6294166016450617e-12;1.5395755781355548e-11;143.3701739672071;105.68495128348161;101.49531498804942;110.0;105.68495128348161;38.64187018220224;14.174666383427223;13.816721193201488;55.36278976169194;19.198311101209185;4.064427302496483;7.490655044155233;11.937966134109558;56.48372115785378;3.906308042839953;9.455440453112544;4.0;0.8300000000000004;94601.75150319554;11868.870577544525;7.970577392778942;3.906308042839953;deltaT_shex_1_K;shex;True;True;True;True;True;True;True;True;98.06203386589044;2672.5018801070196;0.058503701805128316;94601.75150319554;0.0;0.0;135.0;4.0;143.3701739672071;4.0;105.68495128348161;8.0;101.49531498804942;8.0;110.0;8.0;105.68495128348161;8.0;30.0;4.0;38.64187018220224;4.0;98.06203386589044;2672.5018801070196;0.008164437098495065;94601.75150319554;0.0;0.0;94.00465994389418;250.3689002734024;0.8885037018051287;11868.870577544525;0.5838405180697709;0.22541162763315004;157.54484035063433;354.2523268784503;0.8381644370984954;94601.75150319554;0.618905358765362;0.2519840986454218;98.06203386589044;2672.5018801070196;0.050339264706633254;94601.75150319554;0.0;0.0;111.10128430287853;250.3689002734024;0.8885037018051287;94601.75150319554;0.5838405180697709;0.22541162763315004;148.8167211932015;328.0843652053776;0.8885037018051287;94601.75150319554;0.5838405180697709;0.22541162763315004;144.91041315036153;331.4484682573984;0.8300000000000004;94601.75150319554;0.6249933271913438;0.25689580058198425;101.64584384976598;248.25512093287375;0.8300000000000004;94601.75150319554;0.6249933271913438;0.25689580058198425;101.62052398098513;248.2071520433919;0.8300000000000004;11868.870577544525;0.6249933271913438;0.25689580058198425;94.00465994389418;2675.7827522516136;0.058503701805128316;11868.870577544525;0.0;0.0;49.198311101209185;205.98913256385538;0.058503701805128316;11868.870577544525;0.0;0.0;49.20123012562783;206.07284009494563;0.058503701805128316;94601.75150319554;0.0;0.0;"Zustand 3: Temperatur 421.967 K liegt außerhalb des Boryta-Prüfbereichs; Kristallisation wurde nicht bewertet.";"Zustand 4: Temperatur 418.060 K liegt außerhalb des Boryta-Prüfbereichs; Kristallisation wurde nicht bewertet.";"Zustand 5: Temperatur 374.796 K liegt außerhalb des Boryta-Prüfbereichs; Kristallisation wurde nicht bewertet.";"Zustand 6: Temperatur 374.771 K liegt außerhalb des Boryta-Prüfbereichs; Kristallisation wurde nicht bewertet.";"Zustand 20: Temperatur 430.695 K liegt außerhalb des Boryta-Prüfbereichs; Kristallisation wurde nicht bewertet.";5
series_evaporator_to_desorber;Serie Verdampfer → Desorber;series_evaporator_to_desorber;nan;110.0;30.0;110.0;8.0;8.0;4.0;110.0;0.8400000000000004;Abwärmetemperatur [°C];hot_temperature_C;110.0;10.0;10.0;25.0;15.0;11.0;nan;nan;3.0159583541306903e-21;`gtol` termination condition is satisfied.;4;1.5614119764768713e-09;7.766541513609118e-11;1;True;;True;0;zulässig;feasible;True;True;True;98.05258386804707;111.10145758276616;144.85855692043748;49.21448580691333;0.14098534136095617;0.25180154640782043;0.2255593508628975;0.25670321583069183;139.8329432034667;144.61380498280707;139.9921124409168;144.40945202155262;69.88224867651783;0.4916743108208869;14.34622854483764;33.36321430642744;0.0048987967833704895;0.04028492723488766;13.983294320204564;14.461380498288987;5.599684497643126;9.627296801426711;6.352931697893467;94.06325599854767;0.012933835539315713;2675.893316709079;250.42947477369162;218.64786623756126;0.011621723454562471;0.8869302504927836;0.591698960807452;0.23112501699266558;2.1391599602793576e-10;-3.1030822356115095e-10;4.6344439397216775e-10;-7.608347285525952e-11;-1.6135004443640355e-10;-8.279243957076687e-11;1.5197088032437023e-10;1.42105704981077e-09;2.1391599602793576e-12;-3.1030822356115097e-12;4.6344439397216775e-12;-7.608347285525952e-11;-1.6135004443640356e-12;-8.279243957076687e-13;1.5197088032437022e-12;1.42105704981077e-11;143.36321430642744;105.68153552567128;101.49516852684002;110.0;105.68153552567128;38.64915101571813;14.111919614296767;13.855452994429868;55.41410498282954;19.21448580691333;4.0966120598963585;7.431912528292344;11.947416131952934;56.46413128662232;3.9968960739923887;9.491229747772365;4.0;0.8400000000000004;94569.46926097933;11878.454350946045;7.961428858245976;3.9968960739923887;deltaT_shex_1_K;shex;True;True;True;True;True;True;True;True;98.05258386804707;2672.4868702475055;0.05855197394734568;94569.46926097933;0.0;0.0;135.0;4.0;143.36321430642744;4.0;105.68153552567128;8.0;101.49516852684002;8.0;110.0;8.0;105.68153552567128;8.0;30.0;4.0;38.64915101571813;4.0;98.05258386804707;2672.4868702475055;0.008254970034324342;94569.46926097933;0.0;0.0;94.06325599854767;250.42947477369356;0.8985519739473461;11878.454350946045;0.5840460237595844;0.2255593508628975;157.4751339207242;354.0456806159722;0.8482549700343247;94569.46926097933;0.6186768438033682;0.25180154640782043;98.05258386804707;2672.4868702475055;0.05029700391302134;94569.46926097933;0.0;0.0;111.10145758276616;250.42947477369356;0.8985519739473461;94569.46926097933;0.5840460237595844;0.2255593508628975;148.85545299442987;328.20154662116227;0.8985519739473461;94569.46926097933;0.5840460237595844;0.2255593508628975;144.85855692043748;331.26155853705774;0.8400000000000004;94569.46926097933;0.6247567946729439;0.25670321583069183;101.6102278349938;248.0684053509817;0.8400000000000004;94569.46926097933;0.6247567946729439;0.25670321583069183;101.58492346577492;248.0204471042735;0.8400000000000004;11878.454350946045;0.6247567946729439;0.25670321583069183;94.06325599854767;2675.893316709079;0.05855197394734568;11878.454350946045;0.0;0.0;49.21448580691333;206.05677263535347;0.05855197394734568;11878.454350946045;0.0;0.0;49.21740423904896;206.14043841898317;0.05855197394734568;94569.46926097933;0.0;0.0;"Zustand 3: Temperatur 422.005 K liegt außerhalb des Boryta-Prüfbereichs; Kristallisation wurde nicht bewertet.";"Zustand 4: Temperatur 418.009 K liegt außerhalb des Boryta-Prüfbereichs; Kristallisation wurde nicht bewertet.";"Zustand 5: Temperatur 374.760 K liegt außerhalb des Boryta-Prüfbereichs; Kristallisation wurde nicht bewertet.";"Zustand 6: Temperatur 374.735 K liegt außerhalb des Boryta-Prüfbereichs; Kristallisation wurde nicht bewertet.";"Zustand 20: Temperatur 430.625 K liegt außerhalb des Boryta-Prüfbereichs; Kristallisation wurde nicht bewertet.";5
series_evaporator_to_desorber;Serie Verdampfer → Desorber;series_evaporator_to_desorber;nan;110.0;30.0;110.0;8.0;8.0;4.0;110.0;0.8500000000000004;Abwärmetemperatur [°C];hot_temperature_C;110.0;10.0;10.0;25.0;15.0;11.0;nan;nan;2.8680774354346697e-21;`gtol` termination condition is satisfied.;4;1.5040745973354984e-09;7.573740734187658e-11;1;True;;True;0;zulässig;feasible;True;True;True;98.0431687638009;111.10303565537521;144.80555051275462;49.23058794220407;0.14243187995830822;0.25162132633882767;0.22570269621609756;0.25651375528527137;139.7130243766893;144.73499433317937;139.8791097696936;144.52325320080996;70.71040851300343;0.4912512783558675;14.505102176508643;33.35604212779242;0.004900383933091559;0.0407553556459307;13.971302437532493;14.473499433326673;5.595164390795223;9.634883546710647;6.428218955754706;94.12066214616186;0.012885733615135914;2676.0016167379376;250.49128505894637;218.8288108357345;0.011707978462137114;0.8968920913378952;0.5918720253204482;0.23125235018029003;2.1391599602793576e-10;-2.9832847303623566e-10;4.419575816427823e-10;-7.423262005090692e-11;-1.8698642634262796e-10;-8.736833478906192e-11;1.50265577758546e-10;1.364355739497114e-09;2.1391599602793576e-12;-2.9832847303623567e-12;4.419575816427823e-12;-7.423262005090692e-11;-1.86986426342628e-12;-8.736833478906191e-13;1.5026557775854598e-12;1.364355739497114e-11;143.35604212779242;105.67813238035853;101.49514464801126;110.0;105.67813238035853;38.656399182606435;14.050160943640265;13.892739554558943;55.46426296355543;19.230587942204068;4.12804179016814;7.3744825018494;11.956831236199093;56.444626597399406;4.087189041804322;9.527656099976014;4.0;0.8500000000000004;94537.31530280838;11888.001719026484;7.952330218080595;4.087189041804322;deltaT_shex_1_K;shex;True;True;True;True;True;True;True;True;98.0431687638009;2672.4719153375445;0.05860006980003185;94537.31530280838;0.0;0.0;135.0;4.0;143.35604212779242;4.0;105.67813238035853;8.0;101.49514464801126;8.0;110.0;8.0;105.67813238035853;8.0;30.0;4.0;38.656399182606435;4.0;98.0431687638009;2672.4719153375445;0.00834651810730662;94537.31530280838;0.0;0.0;94.12066214616186;250.49128505894527;0.9086000698000323;11888.001719026484;0.584245320067918;0.22570269621609756;157.40620307143269;353.84150809285035;0.858346518107307;94537.31530280838;0.6184510887733583;0.25162132633882767;98.0431687638009;2672.4719153375445;0.05025355169272523;94537.31530280838;0.0;0.0;111.10303565537521;250.49128505894527;0.9086000698000323;94537.31530280838;0.584245320067918;0.22570269621609756;148.89273955455894;328.31475312071376;0.9086000698000323;94537.31530280838;0.584245320067918;0.22570269621609756;144.80555051275462;331.07387200134724;0.8500000000000004;94537.31530280838;0.6245239277577085;0.25651375528527137;101.5753795553992;247.88515610394785;0.8500000000000004;94537.31530280838;0.6245239277577085;0.25651375528527137;101.5500905901904;247.83720862671734;0.8500000000000004;11888.001719026484;0.6245239277577085;0.25651375528527137;94.12066214616186;2676.0016167379376;0.05860006980003185;11888.001719026484;0.0;0.0;49.23058794220407;206.1241093036257;0.05860006980003185;11888.001719026484;0.0;0.0;49.23350578295913;206.20773350321818;0.05860006980003185;94537.31530280838;0.0;0.0;"Zustand 3: Temperatur 422.043 K liegt außerhalb des Boryta-Prüfbereichs; Kristallisation wurde nicht bewertet.";"Zustand 4: Temperatur 417.956 K liegt außerhalb des Boryta-Prüfbereichs; Kristallisation wurde nicht bewertet.";"Zustand 5: Temperatur 374.725 K liegt außerhalb des Boryta-Prüfbereichs; Kristallisation wurde nicht bewertet.";"Zustand 6: Temperatur 374.700 K liegt außerhalb des Boryta-Prüfbereichs; Kristallisation wurde nicht bewertet.";"Zustand 20: Temperatur 430.556 K liegt außerhalb des Boryta-Prüfbereichs; Kristallisation wurde nicht bewertet.";5
series_evaporator_to_desorber;Serie Verdampfer → Desorber;series_evaporator_to_desorber;nan;110.0;30.0;110.0;8.0;8.0;4.0;110.0;0.8600000000000004;Abwärmetemperatur [°C];hot_temperature_C;110.0;10.0;10.0;25.0;15.0;11.0;nan;nan;2.7152398080628468e-21;`gtol` termination condition is satisfied.;4;1.3610442015432136e-09;7.369178798296113e-11;1;True;;True;0;zulässig;feasible;True;True;True;98.0337832260384;111.1059676632201;144.75144729261746;49.24662672682689;0.1438935810833713;0.25144336861092975;0.22584179564816925;0.2563273149082076;139.58965979785773;144.8557068880146;139.7625422616258;144.63669700742162;71.53495986876088;0.49082290148393504;14.663752511626116;33.34866386350825;0.004901962820793894;0.0412254542172968;13.958965979664077;14.485570688810272;5.590501690471762;9.642446467151625;6.503178169913047;94.17692172117529;0.012839750374282453;2676.107734265829;250.55426466236062;219.0056877408412;0.011795211214343126;0.9068528053365471;0.592040250165841;0.23137618563370654;2.1319124243746046e-10;-2.8263968943065265e-10;4.2791725718416274e-10;-7.242761945747134e-11;-1.6825651982799172e-10;-8.813572094368283e-11;1.4722445484949276e-10;1.2169607543910388e-09;2.1319124243746047e-12;-2.8263968943065263e-12;4.2791725718416274e-12;-7.242761945747134e-11;-1.6825651982799173e-12;-8.813572094368283e-13;1.4722445484949275e-12;1.2169607543910388e-11;143.34866386350825;105.67473992202684;101.4952380601361;110.0;105.67473992202684;38.66361883301522;13.989355786834778;13.92862021597108;55.51330288816007;19.24662672682689;4.158731738267875;7.318316338960813;11.966216773961605;56.425195945208145;4.1771729233536234;9.564685831529516;4.0;0.8600000000000004;94505.27134071809;11897.518068781317;7.9432761349357985;4.158731738267875;deltaT_des_1_K;desorber;True;True;True;True;True;True;True;True;98.0337832260384;2672.4570069204906;0.0586480165508898;94505.27134071809;0.0;0.0;135.0;4.0;143.34866386350825;4.0;105.67473992202684;8.0;101.4952380601361;8.0;110.0;8.0;105.67473992202684;8.0;30.0;4.0;38.66361883301522;4.0;98.0337832260384;2672.4570069204906;0.008439073124944364;94505.27134071809;0.0;0.0;94.17692172117529;250.55426466236125;0.9186480165508902;11897.518068781317;0.5844386011421839;0.22584179564816925;157.33801965034303;353.6397253094435;0.8684390731249448;94505.27134071809;0.6182280120993904;0.25144336861092975;98.0337832260384;2672.4570069204906;0.05020894342594544;94505.27134071809;0.0;0.0;111.1059676632201;250.55426466236125;0.9186480165508902;94505.27134071809;0.5844386011421839;0.22584179564816925;148.92862021597108;328.4240892088099;0.9186480165508902;94505.27134071809;0.5844386011421839;0.22584179564816925;144.75144729261746;330.8854594926152;0.8600000000000004;94505.27134071809;0.6242946066686557;0.2563273149082076;101.54128183169058;247.70527359895516;0.8600000000000004;94505.27134071809;0.6242946066686557;0.2563273149082076;101.51600818375897;247.6573370242839;0.8600000000000004;11897.518068781317;0.6242946066686557;0.2563273149082076;94.17692172117529;2676.107734265829;0.0586480165508898;11897.518068781317;0.0;0.0;49.24662672682689;206.1911811233877;0.0586480165508898;11897.518068781317;0.0;0.0;49.2495439768187;206.27476387876598;0.0586480165508898;94505.27134071809;0.0;0.0;"Zustand 3: Temperatur 422.079 K liegt außerhalb des Boryta-Prüfbereichs; Kristallisation wurde nicht bewertet.";"Zustand 4: Temperatur 417.901 K liegt außerhalb des Boryta-Prüfbereichs; Kristallisation wurde nicht bewertet.";"Zustand 5: Temperatur 374.691 K liegt außerhalb des Boryta-Prüfbereichs; Kristallisation wurde nicht bewertet.";"Zustand 6: Temperatur 374.666 K liegt außerhalb des Boryta-Prüfbereichs; Kristallisation wurde nicht bewertet.";"Zustand 20: Temperatur 430.488 K liegt außerhalb des Boryta-Prüfbereichs; Kristallisation wurde nicht bewertet.";5
series_evaporator_to_desorber;Serie Verdampfer → Desorber;series_evaporator_to_desorber;nan;110.0;30.0;110.0;8.0;8.0;4.0;110.0;0.8700000000000004;Abwärmetemperatur [°C];hot_temperature_C;110.0;10.0;10.0;25.0;15.0;11.0;nan;nan;2.599393648458449e-21;`gtol` termination condition is satisfied.;4;1.3782033447363008e-09;7.210261643599973e-11;1;True;;True;0;zulässig;feasible;True;True;True;98.02442226152505;111.11020471318812;144.69629797147553;49.26261081443562;0.14537021623149107;0.25126760596762837;0.22597677581239617;0.2561437948765232;139.46295184266955;144.97600777721965;139.64251707686054;144.74984379504357;72.35590527507442;0.490389233434742;14.822174869627602;33.3410856365233;0.0049035343159853145;0.041695213886865916;13.94629518414282;14.497600777731394;5.585700683081441;9.649989586326807;6.57780957048661;94.23207606866691;0.012795807572420523;2676.2117474711886;250.61835023732016;219.1786272316713;0.011883413257976594;0.9168124264316995;0.5922037786117019;0.23149662357288686;2.177245050916099e-10;-2.7829116788780084e-10;4.1103476178250276e-10;-7.077671781985373e-11;-1.7547563402331434e-10;-9.43032318900805e-11;1.4145484783512075e-10;1.2413465810823254e-09;2.177245050916099e-12;-2.7829116788780086e-12;4.110347617825028e-12;-7.077671781985373e-11;-1.7547563402331435e-12;-9.43032318900805e-13;1.4145484783512075e-12;1.2413465810823254e-11;143.3410856365233;105.67135634584201;101.49544375383061;110.0;105.67135634584201;38.67081386227392;13.929471061630181;13.963132848074622;55.561262206392996;19.262610814435618;4.188696830625588;7.263367685163701;11.975577738474954;56.40582887188816;4.266834876599091;9.602286788880065;4.0;0.8700000000000004;94473.3202469811;11907.008466248444;7.9342616169942906;4.188696830625588;deltaT_des_1_K;desorber;True;True;True;True;True;True;True;True;98.02442226152505;2672.4421370689884;0.05869583968967562;94473.3202469811;0.0;0.0;135.0;4.0;143.3410856365233;4.0;105.67135634584201;8.0;101.49544375383061;8.0;110.0;8.0;105.67135634584201;8.0;30.0;4.0;38.67081386227392;4.0;98.02442226152505;2672.4421370689884;0.008532626907577081;94473.3202469811;0.0;0.0;94.23207606866691;250.61835023732195;0.9286958396896761;11907.008466248444;0.5846260530169263;0.22597677581239617;157.27055669815348;353.4402516796362;0.8785326269075775;94473.3202469811;0.6180075351247142;0.25126760596762837;98.02442226152505;2672.4421370689884;0.05016321278209854;94473.3202469811;0.0;0.0;111.11020471318812;250.61835023732195;0.9286958396896761;94473.3202469811;0.5846260530169263;0.22597677581239617;148.96313284807462;328.529655729174;0.9286958396896761;94473.3202469811;0.5846260530169263;0.22597677581239617;144.69629797147553;330.69636905252804;0.8700000000000004;94473.3202469811;0.6240687163345002;0.2561437948765232;101.50791792430806;247.52866184004912;0.8700000000000004;94473.3202469811;0.6240687163345002;0.2561437948765232;101.48265951521643;247.48073630684584;0.8700000000000004;11907.008466248444;0.6240687163345002;0.2561437948765232;94.23207606866691;2676.2117474711886;0.05869583968967562;11907.008466248444;0.0;0.0;49.26261081443562;206.25802428217742;0.05869583968967562;11907.008466248444;0.0;0.0;49.26552747395385;206.34156571104035;0.05869583968967562;94473.3202469811;0.0;0.0;"Zustand 3: Temperatur 422.113 K liegt außerhalb des Boryta-Prüfbereichs; Kristallisation wurde nicht bewertet.";"Zustand 4: Temperatur 417.846 K liegt außerhalb des Boryta-Prüfbereichs; Kristallisation wurde nicht bewertet.";"Zustand 5: Temperatur 374.658 K liegt außerhalb des Boryta-Prüfbereichs; Kristallisation wurde nicht bewertet.";"Zustand 6: Temperatur 374.633 K liegt außerhalb des Boryta-Prüfbereichs; Kristallisation wurde nicht bewertet.";"Zustand 20: Temperatur 430.421 K liegt außerhalb des Boryta-Prüfbereichs; Kristallisation wurde nicht bewertet.";5
series_evaporator_to_desorber;Serie Verdampfer → Desorber;series_evaporator_to_desorber;nan;110.0;30.0;110.0;8.0;8.0;4.0;110.0;0.8800000000000004;Abwärmetemperatur [°C];hot_temperature_C;110.0;10.0;10.0;25.0;15.0;11.0;nan;nan;2.4608926646954624e-21;`gtol` termination condition is satisfied.;4;1.290390382762653e-09;7.015543691967804e-11;1;True;;True;0;zulässig;feasible;True;True;True;98.01508118907407;111.11569979105485;144.6401507585927;49.27854832922185;0.14686155959013647;0.2510939736118004;0.22610775831963884;0.25596309937850803;139.33299802651163;145.09595814583275;139.51913630193383;144.86275014559203;73.17324767689865;0.4899503261865497;14.980364711899911;33.33331327909758;0.0049050992281611866;0.04216462580807303;13.933299802535917;14.509595814592414;5.580765452083582;9.657516676363327;6.652113425196451;94.28616465378622;0.012753830382158533;2676.3137309889676;250.68348139314114;219.34775406876645;0.011972576176363603;0.9267709869426948;0.5923627480408373;0.2316137602271968;2.177245050916099e-10;-2.623039563331986e-10;4.0392933442490175e-10;-6.896194726380145e-11;-1.5572254596918356e-10;-9.137579581874888e-11;1.4210854715202004e-10;1.152471895693452e-09;2.177245050916099e-12;-2.623039563331986e-12;4.039293344249018e-12;-6.896194726380145e-11;-1.5572254596918355e-12;-9.137579581874888e-13;1.4210854715202004e-12;1.1524718956934521e-11;143.33331327909758;105.667979959761;101.49575698422473;110.0;105.667979959761;38.67798792738233;13.870475109332801;13.996313914656696;55.60817672640388;19.27854832922185;4.217951675823713;7.209592330438511;11.984918810925933;56.386515561461636;4.356163156063985;9.64042826623404;4.0;0.8800000000000004;94441.44597787125;11916.477677016139;7.925281995033216;4.217951675823713;deltaT_des_1_K;desorber;True;True;True;True;True;True;True;True;98.01508118907407;2672.427298350385;0.05874356311905793;94441.44597787125;0.0;0.0;135.0;4.0;143.33331327909758;4.0;105.667979959761;8.0;101.49575698422473;8.0;110.0;8.0;105.667979959761;8.0;30.0;4.0;38.67798792738233;4.0;98.01508118907407;2672.427298350385;0.008627171295546469;94441.44597787125;0.0;0.0;94.28616465378622;250.68348139314224;0.9387435631190584;11916.477677016139;0.5848078540276151;0.22610775831963884;157.20378838843038;353.2430098659665;0.8886271712955469;94441.44597787125;0.6177895819891263;0.2510939736118004;98.01508118907407;2672.427298350385;0.050116391823511464;94441.44597787125;0.0;0.0;111.11569979105485;250.68348139314224;0.9387435631190584;94441.44597787125;0.5848078540276151;0.22610775831963884;148.9963139146567;328.63155001560403;0.9387435631190584;94441.44597787125;0.5848078540276151;0.22610775831963884;144.6401507585927;330.5066460906356;0.8800000000000004;94441.44597787125;0.6238461461703334;0.25596309937850803;101.47527152482081;247.35522827622552;0.8800000000000004;94441.44597787125;0.6238461461703334;0.25596309937850803;101.45002828393729;247.30731392871635;0.8800000000000004;11916.477677016139;0.6238461461703334;0.25596309937850803;94.28616465378622;2676.3137309889676;0.05874356311905793;11916.477677016139;0.0;0.0;49.27854832922185;206.3246727535836;0.05874356311905793;11916.477677016139;0.0;0.0;49.28146439829936;206.40817295288576;0.05874356311905793;94441.44597787125;0.0;0.0;"Zustand 3: Temperatur 422.146 K liegt außerhalb des Boryta-Prüfbereichs; Kristallisation wurde nicht bewertet.";"Zustand 4: Temperatur 417.790 K liegt außerhalb des Boryta-Prüfbereichs; Kristallisation wurde nicht bewertet.";"Zustand 5: Temperatur 374.625 K liegt außerhalb des Boryta-Prüfbereichs; Kristallisation wurde nicht bewertet.";"Zustand 6: Temperatur 374.600 K liegt außerhalb des Boryta-Prüfbereichs; Kristallisation wurde nicht bewertet.";"Zustand 20: Temperatur 430.354 K liegt außerhalb des Boryta-Prüfbereichs; Kristallisation wurde nicht bewertet.";5
series_evaporator_to_desorber;Serie Verdampfer → Desorber;series_evaporator_to_desorber;nan;110.0;30.0;110.0;8.0;8.0;4.0;110.0;0.8900000000000005;Abwärmetemperatur [°C];hot_temperature_C;110.0;10.0;10.0;25.0;15.0;11.0;nan;nan;2.3398643898412434e-21;`gtol` termination condition is satisfied.;4;1.2184557352910229e-09;6.840854317760675e-11;1;True;;True;0;zulässig;feasible;True;True;True;98.00575561924978;111.1224076795769;144.58305150309292;49.29444689999099;0.1483673880143725;0.2509224091003559;0.2262348599827576;0.2557851364212608;139.19989129466643;145.21561541044136;139.39249725112785;144.97546911454512;73.9869903984729;0.48950623051426;15.138317636894852;33.32535235015945;0.004906658310843393;0.042633681342091494;13.919989129358683;14.521561541054691;5.575699890051212;9.665031274293993;6.726090036248271;94.33922516410519;0.012713747216084488;2676.4137561030543;250.7496005394945;219.5131877787652;0.012062691595345343;0.9367285176623409;0.5925172902485052;0.2317276880312125;2.1815083073306596e-10;-2.580833324827836e-10;3.84318354917923e-10;-6.731804003123898e-11;-1.524540493846871e-10;-1.0555822882452048e-10;1.3523049346986227e-10;1.0795986327138962e-09;2.1815083073306595e-12;-2.580833324827836e-12;3.84318354917923e-12;-6.731804003123898e-11;-1.524540493846871e-12;-1.0555822882452049e-12;1.3523049346986226e-12;1.0795986327138963e-11;143.32535235015945;105.66460917719661;101.49617325461503;110.0;105.66460917719661;38.685144462346955;13.812337620962182;14.028198537478772;55.65408070175823;19.294446899990987;4.246510566209395;7.156948090509843;11.994244380750217;56.367246798866404;4.445147034385855;9.679080932628722;4.0;0.8900000000000005;94409.63350282522;11925.930185328561;7.916332901140844;4.246510566209395;deltaT_des_1_K;desorber;True;True;True;True;True;True;True;True;98.00575561924978;2672.4124837945647;0.05879120925768577;94409.63350282522;0.0;0.0;135.0;4.0;143.32535235015945;4.0;105.66460917719661;8.0;101.49617325461503;8.0;110.0;8.0;105.66460917719661;8.0;30.0;4.0;38.685144462346955;4.0;98.00575561924978;2672.4124837945647;0.008722698155769234;94409.63350282522;0.0;0.0;94.33922516410519;250.74960053949394;0.9487912092576862;11925.930185328561;0.5849841751991264;0.2262348599827576;157.13768997112163;353.0479256247076;0.8987226981557697;94409.63350282522;0.6175740795131314;0.2509224091003559;98.00575561924978;2672.4124837945647;0.05006851110191654;94409.63350282522;0.0;0.0;111.1224076795769;250.74960053949394;0.9487912092576862;94409.63350282522;0.5849841751991264;0.2262348599827576;149.02819853747877;328.7298660357971;0.9487912092576862;94409.63350282522;0.5849841751991264;0.2262348599827576;144.58305150309292;330.3163335418757;0.8900000000000005;94409.63350282522;0.6236267898694259;0.2557851364212608;101.44332674694817;247.18488365619623;0.8900000000000005;94409.63350282522;0.6236267898694259;0.2557851364212608;101.41809861098722;247.13698064345232;0.8900000000000005;11925.930185328561;0.6236267898694259;0.2557851364212608;94.33922516410519;2676.4137561030543;0.05879120925768577;11925.930185328561;0.0;0.0;49.29444689999099;206.39115843965752;0.05879120925768577;11925.930185328561;0.0;0.0;49.297362378330206;206.47461748689938;0.05879120925768577;94409.63350282522;0.0;0.0;"Zustand 3: Temperatur 422.178 K liegt außerhalb des Boryta-Prüfbereichs; Kristallisation wurde nicht bewertet.";"Zustand 4: Temperatur 417.733 K liegt außerhalb des Boryta-Prüfbereichs; Kristallisation wurde nicht bewertet.";"Zustand 5: Temperatur 374.593 K liegt außerhalb des Boryta-Prüfbereichs; Kristallisation wurde nicht bewertet.";"Zustand 6: Temperatur 374.568 K liegt außerhalb des Boryta-Prüfbereichs; Kristallisation wurde nicht bewertet.";"Zustand 20: Temperatur 430.288 K liegt außerhalb des Boryta-Prüfbereichs; Kristallisation wurde nicht bewertet.";5
series_evaporator_to_desorber;Serie Verdampfer → Desorber;series_evaporator_to_desorber;nan;110.0;30.0;110.0;8.0;8.0;4.0;110.0;0.9000000000000005;Abwärmetemperatur [°C];hot_temperature_C;110.0;10.0;10.0;25.0;15.0;11.0;nan;nan;2.2261822109167696e-21;`gtol` termination condition is satisfied.;4;1.1515844415077259e-09;6.672604005808782e-11;1;True;;True;0;zulässig;feasible;True;True;True;97.99644143561153;111.13028488027993;144.52504382761026;49.310313691670046;0.14988748098815335;0.2507528522433481;0.2263581930481264;0.25560981764971946;139.0637202923561;145.33503349638843;139.26269274695943;145.08805045768688;74.79713711260803;0.4890569960363086;15.296029375579407;33.317208151456725;0.004908212265305352;0.043102372050492076;13.906372029134806;14.533503349649838;5.5705077098847475;9.672536697170258;6.799739737532292;94.3912936055874;0.01267548956012843;2676.5118909267467;250.81665274006363;219.67504292224373;0.012153751188287765;0.946685047947185;0.5926675317235349;0.23183849581007437;2.1759660739917308e-10;-2.4718360691622365e-10;3.7698555388487875e-10;-6.572808963767329e-11;-1.5924683793855365e-10;-1.099351720768027e-10;1.3298517842486035e-10;1.008032768368139e-09;2.175966073991731e-12;-2.4718360691622365e-12;3.769855538848787e-12;-6.572808963767329e-11;-1.5924683793855366e-12;-1.099351720768027e-12;1.3298517842486035e-12;1.008032768368139e-11;143.31720815145673;105.66124251023666;101.4966883012965;110.0;105.66124251023666;38.6922866923677;13.755029567788199;14.058820556953151;55.699006913219705;19.310313691670046;4.274387480228256;7.105394695709094;12.00355856438847;56.348013931455284;4.53377672934289;9.718216762863733;4.0;0.9000000000000005;94377.86873900425;11935.370211768408;7.90741024907184;4.274387480228256;deltaT_des_1_K;desorber;True;True;True;True;True;True;True;True;97.99644143561153;2672.397686864239;0.0588387991354723;94377.86873900425;0.0;0.0;135.0;4.0;143.31720815145673;4.0;105.66124251023666;8.0;101.4966883012965;8.0;110.0;8.0;105.66124251023666;8.0;30.0;4.0;38.6922866923677;4.0;97.99644143561153;2672.397686864239;0.008819199386783877;94377.86873900425;0.0;0.0;94.3912936055874;250.81665274006363;0.9588387991354728;11935.370211768408;0.5851551806125461;0.2263581930481264;157.07223771924492;352.85492765904905;0.9088191993867843;94377.86873900425;0.6173609570866657;0.2507528522433481;97.99644143561153;2672.397686864239;0.05001959974868842;94377.86873900425;0.0;0.0;111.13028488027993;250.81665274006363;0.9588387991354728;94377.86873900425;0.5851551806125461;0.2263581930481264;149.05882055695315;328.8246945298286;0.9588387991354728;94377.86873900425;0.5851551806125461;0.2263581930481264;144.52504382761026;330.12547201546636;0.9000000000000005;94377.86873900425;0.623410545207149;0.25560981764971946;101.4120681174162;247.01754189058815;0.9000000000000005;94377.86873900425;0.623410545207149;0.25560981764971946;101.3868550300084;246.9696503660876;0.9000000000000005;11935.370211768408;0.623410545207149;0.25560981764971946;94.3912936055874;2676.5118909267467;0.0588387991354723;11935.370211768408;0.0;0.0;49.310313691670046;206.4575113027764;0.0588387991354723;11935.370211768408;0.0;0.0;49.31322857878138;206.54092925721162;0.0588387991354723;94377.86873900425;0.0;0.0;"Zustand 3: Temperatur 422.209 K liegt außerhalb des Boryta-Prüfbereichs; Kristallisation wurde nicht bewertet.";"Zustand 4: Temperatur 417.675 K liegt außerhalb des Boryta-Prüfbereichs; Kristallisation wurde nicht bewertet.";"Zustand 5: Temperatur 374.562 K liegt außerhalb des Boryta-Prüfbereichs; Kristallisation wurde nicht bewertet.";"Zustand 6: Temperatur 374.537 K liegt außerhalb des Boryta-Prüfbereichs; Kristallisation wurde nicht bewertet.";"Zustand 20: Temperatur 430.222 K liegt außerhalb des Boryta-Prüfbereichs; Kristallisation wurde nicht bewertet.";5
series_evaporator_to_desorber;Serie Verdampfer → Desorber;series_evaporator_to_desorber;nan;110.0;30.0;110.0;8.0;8.0;4.0;110.0;0.9100000000000005;Abwärmetemperatur [°C];hot_temperature_C;110.0;10.0;10.0;25.0;15.0;11.0;nan;nan;2.1191106978907827e-21;`gtol` termination condition is satisfied.;4;1.111852806466019e-09;6.510162360326787e-11;1;True;;True;0;zulässig;feasible;True;True;True;97.98713477726147;111.13928953866508;144.46616925351134;49.326155434648;0.15142162058874986;0.25058524500889273;0.22647786541382314;0.2554370581752681;138.92456961723838;145.4542630585286;139.1298113825387;145.20054084201604;75.60369181276161;0.4886026712600852;15.45349578706818;33.30888574265782;0.0049097617440232895;0.04357068968817304;13.892456961627024;14.545426305864527;5.565192455307387;9.680036056125939;6.873062892090782;94.44240439248716;0.0126389918166456;2676.6082005718235;250.88458557412065;219.83342934524657;0.012245746680282554;0.956640605801951;0.5928135939122953;0.2319462689538258;2.19912976717751e-10;-2.369944240854238e-10;3.731770448212046e-10;-6.414835329593416e-11;-1.4597389963455498e-10;-1.1667111721180845e-10;1.269597760256147e-10;9.681286883278517e-10;2.19912976717751e-12;-2.3699442408542383e-12;3.7317704482120465e-12;-6.414835329593416e-11;-1.4597389963455498e-12;-1.1667111721180844e-12;1.269597760256147e-12;9.681286883278517e-12;143.30888574265782;105.65787856333685;101.49729807940923;110.0;105.65787856333685;38.69941764704117;13.69852313625745;14.088212589516331;55.74298674544599;19.326155434648;4.3015960854395985;7.054893686922071;12.012865222738526;56.32880883350492;4.622043336004992;9.757808972056125;4.0;0.9100000000000005;94346.13849043453;11944.801729744306;7.898510215996205;4.3015960854395985;deltaT_des_1_K;desorber;True;True;True;True;True;True;True;True;97.98713477726147;2672.3829014272787;0.05888635248223306;94346.13849043453;0.0;0.0;135.0;4.0;143.30888574265782;4.0;105.65787856333685;8.0;101.49729807940923;8.0;110.0;8.0;105.65787856333685;8.0;30.0;4.0;38.69941764704117;4.0;97.98713477726147;2672.3829014272787;0.008916666923420084;94346.13849043453;0.0;0.0;94.44240439248716;250.8845855741199;0.9688863524822335;11944.801729744306;0.5853210277500415;0.22647786541382314;157.00740887891527;352.66394748120297;0.9189166669234206;94346.13849043453;0.6171501465641598;0.25058524500889273;97.98713477726147;2672.3829014272787;0.04996968555881298;94346.13849043453;0.0;0.0;111.13928953866508;250.8845855741199;0.9688863524822335;94346.13849043453;0.5853210277500415;0.22647786541382314;149.08821258951633;328.9161231420391;0.9688863524822335;94346.13849043453;0.5853210277500415;0.22647786541382314;144.46616925351134;329.93409993405083;0.9100000000000005;94346.13849043453;0.6231973138548237;0.2554370581752681;101.38148056660896;246.8531199202688;0.9100000000000005;94346.13849043453;0.6231973138548237;0.2554370581752681;101.35628247789725;246.80524004149058;0.9100000000000005;11944.801729744306;0.6231973138548237;0.2554370581752681;94.44240439248716;2676.6082005718235;0.05888635248223306;11944.801729744306;0.0;0.0;49.326155434648;206.52375948822214;0.05888635248223306;11944.801729744306;0.0;0.0;49.32906972983193;206.60713639198784;0.05888635248223306;94346.13849043453;0.0;0.0;"Zustand 3: Temperatur 422.238 K liegt außerhalb des Boryta-Prüfbereichs; Kristallisation wurde nicht bewertet.";"Zustand 4: Temperatur 417.616 K liegt außerhalb des Boryta-Prüfbereichs; Kristallisation wurde nicht bewertet.";"Zustand 5: Temperatur 374.531 K liegt außerhalb des Boryta-Prüfbereichs; Kristallisation wurde nicht bewertet.";"Zustand 6: Temperatur 374.506 K liegt außerhalb des Boryta-Prüfbereichs; Kristallisation wurde nicht bewertet.";"Zustand 20: Temperatur 430.157 K liegt außerhalb des Boryta-Prüfbereichs; Kristallisation wurde nicht bewertet.";5
series_evaporator_to_desorber;Serie Verdampfer → Desorber;series_evaporator_to_desorber;nan;110.0;30.0;110.0;8.0;8.0;4.0;110.0;0.9200000000000005;Abwärmetemperatur [°C];hot_temperature_C;110.0;10.0;10.0;25.0;15.0;11.0;nan;nan;2.0176067402222054e-21;`gtol` termination condition is satisfied.;4;1.0619202678693301e-09;6.352333020587326e-11;1;True;;True;0;zulässig;feasible;True;True;True;97.97783202265566;111.14938137280586;144.40646731851996;49.34197845200555;0.1529695914466181;0.2504195314326056;0.22659398083596505;0.25526677641394746;138.78252005508057;145.57335168620648;138.9939377665057;145.31298404145252;76.4066587878899;0.48814330362601743;15.610712854493473;33.30038995544743;0.0049113073538713786;0.044038626196652705;13.878252005416376;14.55733516863304;5.559757510665866;9.687532269421961;6.946059889828306;94.49259043167524;0.012604191156583948;2676.7027473071694;250.95334900600295;219.98845241608333;0.01233866985161447;0.966595217958332;0.5929555934675473;0.23205108958210538;2.2173196612129686e-10;-2.2147617073642323e-10;3.6692426874651574e-10;-6.263256580041343e-11;-1.4097167877480388e-10;-1.2391865311656147e-10;1.2309442354307976e-10;9.167990810965421e-10;2.2173196612129687e-12;-2.214761707364232e-12;3.669242687465157e-12;-6.263256580041343e-11;-1.4097167877480388e-12;-1.2391865311656148e-12;1.2309442354307976e-12;9.16799081096542e-12;143.30038995544743;105.6545160274685;101.49799874976202;110.0;105.6545160274685;38.70654017262001;13.642791666804271;14.11640608217084;55.78605025905523;19.34197845200555;4.328149742086168;7.005408318086779;12.022167977344338;56.309623873191924;4.709938763650882;9.797831953684693;4.0;0.9200000000000005;94314.43039157374;11954.22848080754;7.88962922559119;4.328149742086168;deltaT_des_1_K;desorber;True;True;True;True;True;True;True;True;97.97783202265566;2672.368121731068;0.05893388780994602;94314.43039157374;0.0;0.0;135.0;4.0;143.30038995544743;4.0;105.6545160274685;8.0;101.49799874976202;8.0;110.0;8.0;105.6545160274685;8.0;30.0;4.0;38.70654017262001;4.0;97.97783202265566;2672.368121731068;0.009015092740648269;94314.43039157374;0.0;0.0;94.49259043167524;250.95334900600258;0.9789338878099465;11954.22848080754;0.5854818678201167;0.22659398083596505;156.9431816222517;352.4749192820417;0.9290150927406488;94314.43039157374;0.6169415821643849;0.2504195314326056;97.97783202265566;2672.368121731068;0.04991879506929775;94314.43039157374;0.0;0.0;111.14938137280586;250.95334900600258;0.9789338878099465;94314.43039157374;0.5854818678201167;0.22659398083596505;149.11640608217084;329.0042365473722;0.9789338878099465;94314.43039157374;0.5854818678201167;0.22659398083596505;144.40646731851996;329.74225366453027;0.9200000000000005;94314.43039157374;0.6229870012036693;0.25526677641394746;101.35154941912117;246.69153759097796;0.9200000000000005;94314.43039157374;0.6229870012036693;0.25526677641394746;101.32636628538233;246.64366951902508;0.9200000000000005;11954.22848080754;0.6229870012036693;0.25526677641394746;94.49259043167524;2676.7027473071694;0.05893388780994602;11954.22848080754;0.0;0.0;49.34197845200555;206.58992943808101;0.05893388780994602;11954.22848080754;0.0;0.0;49.34489215427658;206.6732653172565;0.05893388780994602;94314.43039157374;0.0;0.0;"Zustand 3: Temperatur 422.266 K liegt außerhalb des Boryta-Prüfbereichs; Kristallisation wurde nicht bewertet.";"Zustand 4: Temperatur 417.556 K liegt außerhalb des Boryta-Prüfbereichs; Kristallisation wurde nicht bewertet.";"Zustand 5: Temperatur 374.502 K liegt außerhalb des Boryta-Prüfbereichs; Kristallisation wurde nicht bewertet.";"Zustand 6: Temperatur 374.476 K liegt außerhalb des Boryta-Prüfbereichs; Kristallisation wurde nicht bewertet.";"Zustand 20: Temperatur 430.093 K liegt außerhalb des Boryta-Prüfbereichs; Kristallisation wurde nicht bewertet.";5
series_evaporator_to_desorber;Serie Verdampfer → Desorber;series_evaporator_to_desorber;nan;110.0;30.0;110.0;8.0;8.0;4.0;110.0;0.9300000000000005;Abwärmetemperatur [°C];hot_temperature_C;110.0;10.0;10.0;25.0;15.0;11.0;nan;nan;1.9230939621078106e-21;`gtol` termination condition is satisfied.;4;1.0173221765693012e-09;6.201764204011324e-11;1;True;;True;0;zulässig;feasible;True;True;True;97.96852977455632;111.16052160519922;144.34597568711865;49.3577886848405;0.15453118070221666;0.2502556575313712;0.2267066391237434;0.25509889393348945;138.6376487999359;145.69234409385314;138.8551527519508;145.4254211186994;77.2060425996902;0.48767893955011177;15.767676681081456;33.29172540669475;0.004912849659081701;0.044506173697667586;13.86376487990636;14.569234409398204;5.554206110083859;9.69502807457221;7.018731145446648;94.54188320177843;0.012571027380181852;2676.7955907076553;251.0228952619877;220.14021324827488;0.012432512540602958;0.9765489099485993;0.5930936424829458;0.23215303669963244;2.1793766791233793e-10;-2.2292567791737383e-10;3.489617483865004e-10;-6.118061612880865e-11;-1.4566126083082054e-10;-1.2889245226688217e-10;1.1624479157035239e-10;8.722906841285294e-10;2.1793766791233795e-12;-2.2292567791737384e-12;3.489617483865004e-12;-6.118061612880865e-11;-1.4566126083082054e-12;-1.2889245226688218e-12;1.1624479157035239e-12;8.722906841285295e-12;143.29172540669475;105.65115367468002;101.49878666654752;110.0;105.65115367468002;38.713656943412275;13.587809596266254;14.143431364265496;55.82822625836616;19.3577886848405;4.354061507133224;6.956903464769084;12.031470225443684;56.29045188166873;4.797455677146843;9.83826122094132;4.0;0.9300000000000005;94282.73285487642;11963.653988912309;7.880763932345076;4.354061507133224;deltaT_des_1_K;desorber;True;True;True;True;True;True;True;True;97.96852977455632;2672.353342378656;0.058981422489201796;94282.73285487642;0.0;0.0;135.0;4.0;143.29172540669475;4.0;105.65115367468002;8.0;101.49878666654752;8.0;110.0;8.0;105.65115367468002;8.0;30.0;4.0;38.713656943412275;4.0;97.96852977455632;2672.353342378656;0.009114468856752628;94282.73285487642;0.0;0.0;94.54188320177843;251.02289526198697;0.9889814224892023;11963.653988912309;0.5856378460642809;0.2267066391237434;156.879535002961;352.28777980779057;0.9391144688567531;94282.73285487642;0.6167352003749088;0.2502556575313712;97.96852977455632;2672.353342378656;0.04986695363244917;94282.73285487642;0.0;0.0;111.16052160519922;251.02289526198697;0.9889814224892023;94282.73285487642;0.5856378460642809;0.2267066391237434;149.1434313642655;329.0891165721584;0.9889814224892023;94282.73285487642;0.5856378460642809;0.2267066391237434;144.34597568711865;329.5499676407718;0.9300000000000005;94282.73285487642;0.6227795161980266;0.25509889393348945;101.3222603842579;246.53271753381242;0.9300000000000005;94282.73285487642;0.6227795161980266;0.25509889393348945;101.2970921675468;246.48486143306224;0.9300000000000005;11963.653988912309;0.6227795161980266;0.25509889393348945;94.54188320177843;2676.7955907076553;0.058981422489201796;11963.653988912309;0.0;0.0;49.3577886848405;206.65604599717963;0.058981422489201796;11963.653988912309;0.0;0.0;49.36070179301129;206.73934086277873;0.058981422489201796;94282.73285487642;0.0;0.0;"Zustand 3: Temperatur 422.293 K liegt außerhalb des Boryta-Prüfbereichs; Kristallisation wurde nicht bewertet.";"Zustand 4: Temperatur 417.496 K liegt außerhalb des Boryta-Prüfbereichs; Kristallisation wurde nicht bewertet.";"Zustand 5: Temperatur 374.472 K liegt außerhalb des Boryta-Prüfbereichs; Kristallisation wurde nicht bewertet.";"Zustand 6: Temperatur 374.447 K liegt außerhalb des Boryta-Prüfbereichs; Kristallisation wurde nicht bewertet.";"Zustand 20: Temperatur 430.030 K liegt außerhalb des Boryta-Prüfbereichs; Kristallisation wurde nicht bewertet.";5
series_evaporator_to_desorber;Serie Verdampfer → Desorber;series_evaporator_to_desorber;nan;110.0;30.0;110.0;8.0;8.0;4.0;110.0;0.9400000000000005;Abwärmetemperatur [°C];hot_temperature_C;110.0;10.0;10.0;25.0;15.0;11.0;nan;nan;1.8343579341526725e-21;`gtol` termination condition is satisfied.;4;9.733424905412338e-10;6.056992544411249e-11;1;True;;True;0;zulässig;feasible;True;True;True;97.9592248460437;111.1726728977327;144.2847302542063;49.37359171582909;0.1561061779624435;0.25009357122143455;0.22681593632383912;0.25493333530861784;138.49002965995516;145.81128229831623;138.7135336504799;145.53789059434155;78.00184806203202;0.48720962446497995;15.924383486423048;33.282896510762896;0.004914389183989715;0.04497332448707715;13.849002965912291;14.58112822984427;5.548541346024451;9.702526039614797;7.091077096567732;94.59031282748322;0.012539442785645111;2676.8867877939583;251.0931787140837;220.28880891054374;0.012527266645881885;0.9865017061744124;0.5932278487141139;0.23225218634305944;2.2116353193268878e-10;-2.1302071218087804e-10;3.306581675133202e-10;-5.97857319206696e-11;-1.3139356269675773e-10;-1.2647660696529783e-10;1.1959855328314006e-10;8.322444955410901e-10;2.2116353193268878e-12;-2.1302071218087804e-12;3.3065816751332023e-12;-5.97857319206696e-11;-1.3139356269675772e-12;-1.2647660696529783e-12;1.1959855328314006e-12;8.322444955410901e-12;143.2828965107629;105.64779035304002;101.4996583658845;110.0;105.64779035304002;38.72077047238736;13.533552403742192;14.169317696671783;55.86954235509586;19.373591715829093;4.379344138708461;6.909345538401283;12.040775153956304;56.27128612446734;4.884587442465488;9.879073351216846;4.0;0.9400000000000005;94251.03502206865;11973.08157369553;7.871911206980758;4.379344138708461;deltaT_des_1_K;desorber;True;True;True;True;True;True;True;True;97.9592248460437;2672.3385583065838;0.059028972820293735;94251.03502206865;0.0;0.0;135.0;4.0;143.2828965107629;4.0;105.64779035304002;8.0;101.4996583658845;8.0;110.0;8.0;105.64779035304002;8.0;30.0;4.0;38.72077047238736;4.0;97.9592248460437;2672.3385583065838;0.009214787336025014;94251.03502206865;0.0;0.0;94.59031282748322;251.09317871408456;0.9990289728202942;11973.08157369553;0.585789102046312;0.22681593632383912;156.8164489145051;352.10246824358427;0.9492147873360255;94251.03502206865;0.6165309398612068;0.25009357122143455;97.9592248460437;2672.3385583065838;0.04981418548426872;94251.03502206865;0.0;0.0;111.1726728977327;251.09317871408456;0.9990289728202942;94251.03502206865;0.585789102046312;0.22681593632383912;149.16931769667178;329.17084230959574;0.9990289728202942;94251.03502206865;0.585789102046312;0.22681593632383912;144.2847302542063;329.3572744787225;0.9400000000000005;94251.03502206865;0.6225747711772864;0.25493333530861784;101.29359954651585;246.3765850512642;0.9400000000000005;94251.03502206865;0.6225747711772864;0.25493333530861784;101.26844621433156;246.3287410890439;0.9400000000000005;11973.08157369553;0.6225747711772864;0.25493333530861784;94.59031282748322;2676.8867877939583;0.059028972820293735;11973.08157369553;0.0;0.0;49.37359171582909;206.7221325115379;0.059028972820293735;11973.08157369553;0.0;0.0;49.376504228572685;206.80538636043937;0.059028972820293735;94251.03502206865;0.0;0.0;"Zustand 3: Temperatur 422.319 K liegt außerhalb des Boryta-Prüfbereichs; Kristallisation wurde nicht bewertet.";"Zustand 4: Temperatur 417.435 K liegt außerhalb des Boryta-Prüfbereichs; Kristallisation wurde nicht bewertet.";"Zustand 5: Temperatur 374.444 K liegt außerhalb des Boryta-Prüfbereichs; Kristallisation wurde nicht bewertet.";"Zustand 6: Temperatur 374.418 K liegt außerhalb des Boryta-Prüfbereichs; Kristallisation wurde nicht bewertet.";"Zustand 20: Temperatur 429.966 K liegt außerhalb des Boryta-Prüfbereichs; Kristallisation wurde nicht bewertet.";5
series_evaporator_to_desorber;Serie Verdampfer → Desorber;series_evaporator_to_desorber;nan;110.0;30.0;110.0;8.0;8.0;4.0;110.0;0.9500000000000005;Abwärmetemperatur [°C];hot_temperature_C;110.0;10.0;10.0;25.0;15.0;11.0;nan;nan;1.75082360040015e-21;`gtol` termination condition is satisfied.;4;9.353666852358307e-10;5.917471758107765e-11;1;True;;True;0;zulässig;feasible;True;True;True;97.9499142474981;111.18579928968182;144.22276524242835;49.3893927911605;0.15769437525576221;0.24993322224041484;0.22692196489487565;0.25477002798411397;138.33973324985186;145.93020578393546;138.56915443240172;145.65042860416233;78.7940802222616;0.4867354028594675;16.080829602927448;33.27390749101983;0.004915926415581263;0.04544007102904643;13.833973324906218;14.593020578405905;5.542766177300848;9.71002857360265;7.163098202042222;94.63790814934617;0.01250938204534202;2676.9763931639277;251.16415577046286;220.43433262472627;0.012622924128226187;0.9964536299711385;0.5933583157872018;0.23234861171975946;2.213340621892712e-10;-2.028457402047934e-10;3.3645619623712264e-10;-5.843370232128109e-11;-1.1948486644541845e-10;-1.2360601431282703e-10;1.2258283277333248e-10;7.896687748143449e-10;2.213340621892712e-12;-2.028457402047934e-12;3.3645619623712263e-12;-5.843370232128109e-11;-1.1948486644541844e-12;-1.2360601431282703e-12;1.225828327733325e-12;7.896687748143449e-12;143.27390749101983;105.64442498193296;101.50061055512668;110.0;105.64442498193296;38.72788312104876;13.479996559600579;14.194093318491923;55.91002502829741;19.389392791160503;4.40401010087578;6.86270240578051;12.0500857525019;56.25212027503943;4.971328076063571;9.92024593359639;4.0;0.9500000000000005;94219.32671881799;11982.514362851172;7.863068122907639;4.40401010087578;deltaT_des_1_K;desorber;True;True;True;True;True;True;True;True;97.9499142474981;2672.323764764254;0.05907655409936419;94219.32671881799;0.0;0.0;135.0;4.0;143.27390749101983;4.0;105.64442498193296;8.0;101.50061055512668;8.0;110.0;8.0;105.64442498193296;8.0;30.0;4.0;38.72788312104876;4.0;97.9499142474981;2672.323764764254;0.009316040290962474;94219.32671881799;0.0;0.0;94.63790814934617;251.1641557704633;1.0090765540993647;11982.514362851172;0.585935769925239;0.22692196489487565;156.7539040506204;351.91892610327363;0.959316040290963;94219.32671881799;0.6163287413799765;0.24993322224041484;97.9499142474981;2672.323764764254;0.04976051380840171;94219.32671881799;0.0;0.0;111.18579928968182;251.1641557704633;1.0090765540993647;94219.32671881799;0.585935769925239;0.22692196489487565;149.19409331849192;329.2494902301347;1.0090765540993647;94219.32671881799;0.585935769925239;0.22692196489487565;144.22276524242835;329.16420508435414;0.9500000000000005;94219.32671881799;0.622372681726019;0.25477002798411397;101.26555335608543;246.22306800852232;0.9500000000000005;94219.32671881799;0.622372681726019;0.25477002798411397;101.24041488105718;246.17523635480754;0.9500000000000005;11982.514362851172;0.622372681726019;0.25477002798411397;94.63790814934617;2676.9763931639277;0.05907655409936419;11982.514362851172;0.0;0.0;49.3893927911605;206.78821092013558;0.05907655409936419;11982.514362851172;0.0;0.0;49.392304706893526;206.8714237359561;0.05907655409936419;94219.32671881799;0.0;0.0;"Zustand 3: Temperatur 422.344 K liegt außerhalb des Boryta-Prüfbereichs; Kristallisation wurde nicht bewertet.";"Zustand 4: Temperatur 417.373 K liegt außerhalb des Boryta-Prüfbereichs; Kristallisation wurde nicht bewertet.";"Zustand 5: Temperatur 374.416 K liegt außerhalb des Boryta-Prüfbereichs; Kristallisation wurde nicht bewertet.";"Zustand 6: Temperatur 374.390 K liegt außerhalb des Boryta-Prüfbereichs; Kristallisation wurde nicht bewertet.";"Zustand 20: Temperatur 429.904 K liegt außerhalb des Boryta-Prüfbereichs; Kristallisation wurde nicht bewertet.";5
series_evaporator_to_desorber;Serie Verdampfer → Desorber;series_evaporator_to_desorber;nan;110.0;30.0;110.0;8.0;8.0;4.0;110.0;0.9600000000000005;Abwärmetemperatur [°C];hot_temperature_C;110.0;10.0;10.0;25.0;15.0;11.0;nan;nan;1.6700042230208038e-21;`gtol` termination condition is satisfied.;4;8.910986004735835e-10;5.779280617898397e-11;1;True;;True;0;zulässig;feasible;True;True;True;97.94059517448301;111.19986613856327;144.16011329357923;49.405196840970405;0.15929556698638256;0.24977456207305904;0.2270248138725018;0.25460890214516807;138.18682717098704;146.04915165633594;138.42208591416767;145.76306904561898;79.58274434429912;0.48625631831663074;16.2370114724445;33.26476239060929;0.004917461805859088;0.0459064059505032;13.818682717024101;14.604915165646805;5.536883436572267;9.717537936367055;7.234794940408948;94.68469678941398;0.01248079208899424;2677.064459116104;251.2357847720003;220.5768739523763;0.012719477011933655;1.0064047036680643;0.5934851433956945;0.23244238333902312;2.2011192868376384e-10;-1.993072373807081e-10;3.10592440655455e-10;-5.710454331619985e-11;-1.39010580824106e-10;-1.3210410543251783e-10;1.1314682524243835e-10;7.460414508386748e-10;2.201119286837638e-12;-1.993072373807081e-12;3.10592440655455e-12;-5.710454331619985e-11;-1.39010580824106e-12;-1.3210410543251782e-12;1.1314682524243836e-12;7.460414508386748e-12;143.2647623906093;105.64105654767889;101.50164010287722;110.0;105.64105654767889;38.73499710863251;13.427119477441579;14.217785491436302;55.949699680781464;19.405196840970405;4.428071568679002;6.816943313463241;12.059404825516992;56.23294838970355;5.057672197857073;9.961757519155356;4.0;0.9600000000000005;94187.5984125547;11991.955303667986;7.854231943621861;4.428071568679002;deltaT_des_1_K;desorber;True;True;True;True;True;True;True;True;97.94059517448301;2672.308957294728;0.05912418067999747;94187.5984125547;0.0;0.0;135.0;4.0;143.2647623906093;4.0;105.64105654767889;8.0;101.50164010287722;8.0;110.0;8.0;105.64105654767889;8.0;30.0;4.0;38.73499710863251;4.0;97.94059517448301;2672.308957294728;0.009418219884025523;94187.5984125547;0.0;0.0;94.68469678941398;251.2357847720023;1.019124180679998;11991.955303667986;0.5860779787130659;0.2270248138725018;156.69188186805087;351.73709712513414;0.969418219884026;94187.5984125547;0.6161285476964751;0.24977456207305904;97.94059517448301;2672.308957294728;0.04970596079597195;94187.5984125547;0.0;0.0;111.19986613856327;251.2357847720023;1.019124180679998;94187.5984125547;0.5860779787130659;0.2270248138725018;149.2177854914363;329.3251342869932;1.019124180679998;94187.5984125547;0.5860779787130659;0.2270248138725018;144.16011329357923;328.97078875487495;0.9600000000000005;94187.5984125547;0.6221731665318148;0.25460890214516807;101.23810861940791;246.0720967297927;0.9600000000000005;94187.5984125547;0.6221731665318148;0.25460890214516807;101.21298497899988;246.0242775569276;0.9600000000000005;11991.955303667986;0.6221731665318148;0.25460890214516807;94.68469678941398;2677.064459116104;0.05912418067999747;11991.955303667986;0.0;0.0;49.405196840970405;206.85430184036224;0.05912418067999747;11991.955303667986;0.0;0.0;49.408108157975335;206.93747359427582;0.05912418067999747;94187.5984125547;0.0;0.0;"Zustand 3: Temperatur 422.368 K liegt außerhalb des Boryta-Prüfbereichs; Kristallisation wurde nicht bewertet.";"Zustand 4: Temperatur 417.310 K liegt außerhalb des Boryta-Prüfbereichs; Kristallisation wurde nicht bewertet.";"Zustand 5: Temperatur 374.388 K liegt außerhalb des Boryta-Prüfbereichs; Kristallisation wurde nicht bewertet.";"Zustand 6: Temperatur 374.363 K liegt außerhalb des Boryta-Prüfbereichs; Kristallisation wurde nicht bewertet.";"Zustand 20: Temperatur 429.842 K liegt außerhalb des Boryta-Prüfbereichs; Kristallisation wurde nicht bewertet.";5
series_evaporator_to_desorber;Serie Verdampfer → Desorber;series_evaporator_to_desorber;nan;110.0;30.0;110.0;8.0;8.0;4.0;110.0;0.9700000000000005;Abwärmetemperatur [°C];hot_temperature_C;110.0;10.0;10.0;25.0;15.0;11.0;nan;nan;1.595201983969905e-21;`gtol` termination condition is satisfied.;4;8.670412897081525e-10;5.648366107061236e-11;1;True;;True;0;zulässig;feasible;True;True;True;97.93126499645825;111.2148400637646;144.09680555447613;49.421008498384595;0.16090954989017509;0.24961754388050725;0.22712456902568745;0.2544498905945941;138.03137617995435;146.16815478578286;138.27239593385292;145.87584371429395;80.36784589326659;0.48577241355031764;16.392925643047093;33.255465082533135;0.0049189957740424515;0.04637232203585178;13.803137617923092;14.616815478591597;5.530895837359097;9.725056247612141;7.3061678084963395;94.730705212945;0.01245362199348052;2677.1510357658985;251.30802589472685;220.716518970823;0.012816917385870097;1.0163549486447323;0.5936084274862787;0.23253356913617562;2.1952928364044055e-10;-1.9313972643431043e-10;3.0667024475405924e-10;-5.581701767454206e-11;-1.2448708730516955e-10;-1.3312728697201237e-10;1.1183942660863977e-10;7.234461918415036e-10;2.1952928364044054e-12;-1.9313972643431043e-12;3.0667024475405926e-12;-5.581701767454206e-11;-1.2448708730516954e-12;-1.3312728697201238e-12;1.1183942660863977e-12;7.234461918415036e-12;143.25546508253314;105.63768409945294;101.50274402966068;110.0;105.63768409945294;38.742114520680786;13.374899468809247;14.240420542003676;55.98859069226421;19.421008498384595;4.451540433402215;6.772038816715678;12.068735003541747;56.21376488468587;5.143614987527542;10.003587573947641;4.0;0.9700000000000005;94155.84117319452;12001.40717379136;7.845400110981301;4.451540433402215;deltaT_des_1_K;desorber;True;True;True;True;True;True;True;True;97.93126499645825;2672.2941317168315;0.05917186603060187;94155.84117319452;0.0;0.0;135.0;4.0;143.25546508253314;4.0;105.63768409945294;8.0;101.50274402966068;8.0;110.0;8.0;105.63768409945294;8.0;30.0;4.0;38.742114520680786;4.0;97.93126499645825;2672.2941317168315;0.009521318329145888;94155.84117319452;0.0;0.0;94.730705212945;251.30802589472742;1.0291718660306024;12001.40717379136;0.5862158525182202;0.22712456902568745;156.63036455134238;351.55692717309154;0.9795213183291465;94155.84117319452;0.6159303035056383;0.24961754388050725;97.93126499645825;2672.2941317168315;0.04965054770145598;94155.84117319452;0.0;0.0;111.2148400637646;251.30802589472742;1.0291718660306024;94155.84117319452;0.5862158525182202;0.22712456902568745;149.24042054200368;329.3978460170323;1.0291718660306024;94155.84117319452;0.5862158525182202;0.22712456902568745;144.09680555447613;328.77705327366226;0.9700000000000005;94155.84117319452;0.6219761472504091;0.2544498905945941;101.21125248981696;245.923603899387;0.9700000000000005;94155.84117319452;0.6219761472504091;0.2544498905945941;101.18614366605073;245.87579738182424;0.9700000000000005;12001.40717379136;0.6219761472504091;0.2544498905945941;94.730705212945;2677.1510357658985;0.05917186603060187;12001.40717379136;0.0;0.0;49.421008498384595;206.92042464761496;0.05917186603060187;12001.40717379136;0.0;0.0;49.42391921476707;207.00355529912252;0.05917186603060187;94155.84117319452;0.0;0.0;"Zustand 3: Temperatur 422.390 K liegt außerhalb des Boryta-Prüfbereichs; Kristallisation wurde nicht bewertet.";"Zustand 4: Temperatur 417.247 K liegt außerhalb des Boryta-Prüfbereichs; Kristallisation wurde nicht bewertet.";"Zustand 5: Temperatur 374.361 K liegt außerhalb des Boryta-Prüfbereichs; Kristallisation wurde nicht bewertet.";"Zustand 6: Temperatur 374.336 K liegt außerhalb des Boryta-Prüfbereichs; Kristallisation wurde nicht bewertet.";"Zustand 20: Temperatur 429.780 K liegt außerhalb des Boryta-Prüfbereichs; Kristallisation wurde nicht bewertet.";5
series_evaporator_to_desorber;Serie Verdampfer → Desorber;series_evaporator_to_desorber;nan;110.0;30.0;110.0;8.0;8.0;4.0;110.0;0.9800000000000005;Abwärmetemperatur [°C];hot_temperature_C;110.0;10.0;10.0;25.0;15.0;11.0;nan;nan;1.5236136978251569e-21;`gtol` termination condition is satisfied.;4;8.307140010129663e-10;5.5201697398271314e-11;1;True;;True;0;zulässig;feasible;True;True;True;97.92192124626058;111.23068889280785;144.03287175763757;49.43683211727813;0.16253612298813552;0.24946212243286753;0.22722131300474263;0.25429292863645636;137.87344234635407;146.28724794078673;138.12014951544313;145.9887824309846;81.14939052152704;0.4852837304402377;16.548568765974498;33.24601927908816;0.004920528708610016;0.0468378122219333;13.78734423456733;14.628724794093921;5.5248059806230945;9.732585495392646;7.377217320155854;94.77595878649055;0.012427822878805214;2677.236171154949;251.3808410577314;220.85335043933782;0.01291523740418632;1.026304385383676;0.593728260434423;0.23262223459002054;2.1755397483502747e-10;-1.8735590856522322e-10;3.0161118047544733e-10;-5.457578833301113e-11;-1.3423573363979813e-10;-1.524824710941175e-10;9.490008778811898e-11;6.807567842770368e-10;2.1755397483502748e-12;-1.8735590856522322e-12;3.0161118047544734e-12;-5.457578833301113e-11;-1.3423573363979812e-12;-1.524824710941175e-12;9.490008778811898e-13;6.807567842770368e-12;143.24601927908816;105.63430674548493;101.5039194992097;110.0;105.63430674548493;38.74923731703268;13.323315700472051;14.262023901576583;56.02672146945787;19.43683211727813;4.4744283080142395;6.7279607127191525;12.078078753739419;56.1945645144674;5.229152143939018;10.045716434529709;4.0;0.9800000000000005;94124.04663654242;12010.8725912672;7.836570234287359;4.4744283080142395;deltaT_des_1_K;desorber;True;True;True;True;True;True;True;True;97.92192124626058;2672.279284108487;0.05921962278786175;94124.04663654242;0.0;0.0;135.0;4.0;143.24601927908816;4.0;105.63430674548493;8.0;101.5039194992097;8.0;110.0;8.0;105.63430674548493;8.0;30.0;4.0;38.74923731703268;4.0;97.92192124626058;2672.279284108487;0.00962532789275889;94124.04663654242;0.0;0.0;94.77595878649055;251.38084105772984;1.0392196227878623;12010.8725912672;0.5863495107756028;0.22722131300474263;156.5693349795602;351.37836414310163;0.9896253278927595;94124.04663654242;0.615733955356766;0.24946212243286753;97.92192124626058;2672.279284108487;0.04959429489510286;94124.04663654242;0.0;0.0;111.23068889280785;251.38084105772984;1.0392196227878623;94124.04663654242;0.5863495107756028;0.22722131300474263;149.26202390157658;329.4676946371798;1.0392196227878623;94124.04663654242;0.5863495107756028;0.22722131300474263;144.03287175763757;328.5830249992537;0.9800000000000005;94124.04663654242;0.6217815483776216;0.25429292863645636;101.18497245827814;245.7775244673053;0.9800000000000005;94124.04663654242;0.6217815483776216;0.25429292863645636;101.1598784374707;245.72973078136457;0.9800000000000005;12010.8725912672;0.6217815483776216;0.25429292863645636;94.77595878649055;2677.236171154949;0.05921962278786175;12010.8725912672;0.0;0.0;49.43683211727813;206.9865975495723;0.05921962278786175;12010.8725912672;0.0;0.0;49.43974223101753;207.06968704722473;0.05921962278786175;94124.04663654242;0.0;0.0;"Zustand 3: Temperatur 422.412 K liegt außerhalb des Boryta-Prüfbereichs; Kristallisation wurde nicht bewertet.";"Zustand 4: Temperatur 417.183 K liegt außerhalb des Boryta-Prüfbereichs; Kristallisation wurde nicht bewertet.";"Zustand 5: Temperatur 374.335 K liegt außerhalb des Boryta-Prüfbereichs; Kristallisation wurde nicht bewertet.";"Zustand 6: Temperatur 374.310 K liegt außerhalb des Boryta-Prüfbereichs; Kristallisation wurde nicht bewertet.";"Zustand 20: Temperatur 429.719 K liegt außerhalb des Boryta-Prüfbereichs; Kristallisation wurde nicht bewertet.";5
series_evaporator_to_desorber;Serie Verdampfer → Desorber;series_evaporator_to_desorber;nan;110.0;30.0;110.0;8.0;8.0;4.0;110.0;0.9900000000000005;Abwärmetemperatur [°C];hot_temperature_C;110.0;10.0;10.0;25.0;15.0;11.0;nan;nan;1.4580780699975798e-21;`gtol` termination condition is satisfied.;4;8.047853996814949e-10;5.400144572134305e-11;1;True;;True;0;zulässig;feasible;True;True;True;97.91256161029247;111.24738161013136;143.9683402971009;49.45267178884927;0.16417508754239776;0.2493082540449418;0.22731512548153673;0.2541379539657577;137.71308520076172;146.40646191291975;137.96540902297238;146.10191316036796;81.92738405597679;0.484790310065584;16.703937592701177;33.236428540715394;0.004922060969205608;0.04730286959321448;13.771308520011338;14.640646191307543;5.518616360924286;9.74012754401833;7.447944005104997;94.82048183257865;0.012403347809873762;2677.3199113540873;251.45419383625074;220.98744795604074;0.013014429286774654;1.0362530335198747;0.5938447312103114;0.23270844283401246;2.212345862062648e-10;-1.7817569641920272e-10;3.0451019483734854e-10;-5.3401061350655255e-11;-1.347757461189758e-10;-1.5566570255032275e-10;9.299583325628191e-11;6.483560355263762e-10;2.212345862062648e-12;-1.7817569641920272e-12;3.0451019483734854e-12;-5.3401061350655255e-11;-1.347757461189758e-12;-1.5566570255032276e-12;9.29958332562819e-13;6.483560355263762e-12;143.2364285407154;105.63092364951052;101.50516381030678;110.0;105.63092364951052;38.756367339289454;13.272348154097983;14.282620144537702;56.064114493289196;19.452671788849273;4.496746532734733;6.6846819777281326;12.087438389707529;56.17534235176737;5.314279847436808;10.08812526587343;4.0;0.9900000000000005;94092.20697016985;12020.354023922646;7.82774008010992;4.496746532734733;deltaT_des_1_K;desorber;True;True;True;True;True;True;True;True;97.91256161029247;2672.2644107911547;0.05926746280664885;94092.20697016985;0.0;0.0;135.0;4.0;143.2364285407154;4.0;105.63092364951052;8.0;101.50516381030678;8.0;110.0;8.0;105.63092364951052;8.0;30.0;4.0;38.756367339289454;4.0;97.91256161029247;2672.2644107911547;0.009730240894697378;94092.20697016985;0.0;0.0;94.82048183257865;251.45419383625114;1.0492674628066494;12020.354023922646;0.586479068464049;0.22731512548153673;156.50877669481338;351.201357874398;0.999730240894698;94092.20697016985;0.6155394515816177;0.2493082540449418;97.91256161029247;2672.2644107911547;0.04953722191195147;94092.20697016985;0.0;0.0;111.24738161013136;251.45419383625114;1.0492674628066494;94092.20697016985;0.586479068464049;0.22731512548153673;149.2826201445377;329.5347471365813;1.0492674628066494;94092.20697016985;0.586479068464049;0.22731512548153673;143.9683402971009;328.38872894878466;0.9900000000000005;94092.20697016985;0.6215892971277571;0.2541379539657577;101.15925634425793;245.63379555913264;0.9900000000000005;94092.20697016985;0.6215892971277571;0.2541379539657577;101.13417711677579;245.58601488277586;0.9900000000000005;12020.354023922646;0.6215892971277571;0.2541379539657577;94.82048183257865;2677.3199113540873;0.05926746280664885;12020.354023922646;0.0;0.0;49.45267178884927;207.05283765550936;0.05926746280664885;12020.354023922646;0.0;0.0;49.45558129774315;207.13588593758723;0.05926746280664885;94092.20697016985;0.0;0.0;"Zustand 3: Temperatur 422.433 K liegt außerhalb des Boryta-Prüfbereichs; Kristallisation wurde nicht bewertet.";"Zustand 4: Temperatur 417.118 K liegt außerhalb des Boryta-Prüfbereichs; Kristallisation wurde nicht bewertet.";"Zustand 5: Temperatur 374.309 K liegt außerhalb des Boryta-Prüfbereichs; Kristallisation wurde nicht bewertet.";"Zustand 6: Temperatur 374.284 K liegt außerhalb des Boryta-Prüfbereichs; Kristallisation wurde nicht bewertet.";"Zustand 20: Temperatur 429.659 K liegt außerhalb des Boryta-Prüfbereichs; Kristallisation wurde nicht bewertet.";5
series_evaporator_to_desorber;Serie Verdampfer → Desorber;series_evaporator_to_desorber;nan;110.0;30.0;110.0;8.0;8.0;4.0;110.0;1.0;Abwärmetemperatur [°C];hot_temperature_C;110.0;10.0;10.0;25.0;15.0;11.0;nan;nan;1.9286025152337265e-19;`gtol` termination condition is satisfied.;9;5.993612261074096e-08;6.210640088161166e-10;1;True;;True;0;zulässig;feasible;True;True;True;97.90318392247315;111.26488831269046;143.9032383126799;49.46853135205026;0.1658262460859508;0.24915589640219005;0.22740608331260945;0.2539849065926317;137.55036183979325;146.52582559967738;137.80823426979242;146.21526208799435;82.70183250082114;0.48429219273647667;16.859028976206893;33.22669628228431;0.004923592888029119;0.0477674873830114;13.75503617818022;14.65258255937633;5.51232937079351;9.747684138860743;7.518348409186481;94.86429768476688;0.012380151703084333;2677.4023005675103;251.52804940132927;221.118888129578;0.013114485318653557;1.0462009118736342;0.5939579255776025;0.2327922547925421;-1.4128573866400984e-09;-2.3014479211269645e-10;1.290283080379595e-08;1.627552537186716e-10;-4.533262654149439e-11;5.914074563406757e-09;5.083194309918326e-09;5.79910590658983e-08;-1.4128573866400985e-11;-2.3014479211269643e-12;1.290283080379595e-10;1.627552537186716e-10;-4.533262654149439e-13;5.914074563406757e-11;5.0831943099183264e-11;5.79910590658983e-10;143.2266962822843;105.62753402846909;101.50647439121451;110.0;105.62753402846909;38.7635063157702;13.221977557473224;14.302233038240445;56.10079136899668;19.468531352050263;4.518506179386861;6.6421767064476285;12.096816077526853;56.15609377468155;5.398994725560556;10.130796023630694;4.0;1.0;94060.31485214386;12029.853795108555;7.818907565642204;4.518506179386861;deltaT_des_1_K;desorber;True;True;True;True;True;True;True;True;97.90318392247315;2672.24950832026;0.05931539719228773;94060.31485214386;0.0;0.0;135.0;4.0;143.2266962822843;4.0;105.62753402846909;8.0;101.50647439121451;8.0;110.0;8.0;105.62753402846909;8.0;30.0;4.0;38.7635063157702;4.0;97.90318392247315;2672.24950832026;0.009836049651494221;94060.31485214386;0.0;0.0;94.86429768476688;251.52804940133032;1.0593153971922877;12029.853795108555;0.5866046363537024;0.22740608331260945;156.44867383975753;351.0258599588765;1.0098360496514942;94060.31485214386;0.6153467420830901;0.24915589640219005;97.90318392247315;2672.24950832026;0.049479347540793514;94060.31485214386;0.0;0.0;111.26488831269046;251.52804940133032;1.0593153971922877;94060.31485214386;0.5866046363537024;0.22740608331260945;149.30223303824044;329.59906840098057;1.0593153971922877;94060.31485214386;0.5866046363537024;0.22740608331260945;143.9032383126799;328.1941889142742;1.0;94060.31485214386;0.6213993233538598;0.2539849065926317;101.13409228905977;245.4923564120402;1.0;94060.31485214386;0.6213993233538598;0.2539849065926317;101.10902784908222;245.4445889246572;1.0;12029.853795108555;0.6213993233538598;0.2539849065926317;94.86429768476688;2677.4023005675103;0.05931539719228773;12029.853795108555;0.0;0.0;49.46853135205026;207.11916101991133;0.05931539719228773;12029.853795108555;0.0;0.0;49.471440253787534;207.20216801507766;0.05931539719228773;94060.31485214386;0.0;0.0;"Zustand 3: Temperatur 422.452 K liegt außerhalb des Boryta-Prüfbereichs; Kristallisation wurde nicht bewertet.";"Zustand 4: Temperatur 417.053 K liegt außerhalb des Boryta-Prüfbereichs; Kristallisation wurde nicht bewertet.";"Zustand 5: Temperatur 374.284 K liegt außerhalb des Boryta-Prüfbereichs; Kristallisation wurde nicht bewertet.";"Zustand 6: Temperatur 374.259 K liegt außerhalb des Boryta-Prüfbereichs; Kristallisation wurde nicht bewertet.";"Zustand 20: Temperatur 429.599 K liegt außerhalb des Boryta-Prüfbereichs; Kristallisation wurde nicht bewertet.";5
series_evaporator_to_desorber;Serie Verdampfer → Desorber;series_evaporator_to_desorber;nan;110.0;30.0;110.0;8.0;8.0;4.0;110.0;1.0000000000000004;Abwärmetemperatur [°C];hot_temperature_C;110.0;10.0;10.0;25.0;15.0;11.0;nan;nan;1.928606354582712e-19;`gtol` termination condition is satisfied.;1;5.99361896825344e-08;6.210646270047444e-10;1;True;;True;0;zulässig;feasible;True;True;True;97.90318392247315;111.26488831269046;143.9032383126799;49.46853135205026;0.1658262460859508;0.24915589640219005;0.22740608331260945;0.2539849065926317;137.5503618397933;146.52582559967738;137.80823426979242;146.21526208799435;82.70183250082118;0.4842921927364769;16.859028976206904;33.22669628228431;0.004923592888029119;0.04776748738301141;13.75503617818022;14.65258255937633;5.51232937079351;9.747684138860743;7.518348409186481;94.86429768476688;0.012380151703084537;2677.4023005675103;251.52804940132978;221.118888129578;0.013114485318653779;1.0462009118736344;0.5939579255776025;0.2327922547925421;-1.4128573866400984e-09;-2.3010215954855084e-10;1.2902887647214811e-08;1.6275514269636915e-10;-4.533262654149439e-11;5.914074563406757e-09;5.083194309918326e-09;5.799111590931716e-08;-1.4128573866400985e-11;-2.3010215954855083e-12;1.2902887647214812e-10;1.6275514269636907e-10;-4.533262654149439e-13;5.914074563406757e-11;5.0831943099183264e-11;5.799111590931716e-10;143.2266962822843;105.62753402846909;101.50647439121451;110.0;105.62753402846909;38.7635063157702;13.221977557473224;14.302233038240445;56.10079136899668;19.468531352050263;4.518506179386861;6.6421767064476285;12.096816077526853;56.15609377468155;5.398994725560556;10.130796023630694;4.0;1.0000000000000004;94060.31485214386;12029.853795108555;7.818907565642204;4.518506179386861;deltaT_des_1_K;desorber;True;True;True;True;True;True;True;True;97.90318392247315;2672.24950832026;0.05931539719228773;94060.31485214386;0.0;0.0;135.0;4.0;143.2266962822843;4.0;105.62753402846909;8.0;101.50647439121451;8.0;110.0;8.0;105.62753402846909;8.0;30.0;4.0;38.7635063157702;4.0;97.90318392247315;2672.24950832026;0.009836049651494221;94060.31485214386;0.0;0.0;94.86429768476688;251.52804940133032;1.0593153971922882;12029.853795108555;0.5866046363537024;0.22740608331260945;156.44867383975753;351.0258599588765;1.0098360496514946;94060.31485214386;0.6153467420830901;0.24915589640219005;97.90318392247315;2672.24950832026;0.049479347540793514;94060.31485214386;0.0;0.0;111.26488831269046;251.52804940133032;1.0593153971922882;94060.31485214386;0.5866046363537024;0.22740608331260945;149.30223303824044;329.59906840098057;1.0593153971922882;94060.31485214386;0.5866046363537024;0.22740608331260945;143.9032383126799;328.1941889142742;1.0000000000000004;94060.31485214386;0.6213993233538598;0.2539849065926317;101.13409228905977;245.4923564120402;1.0000000000000004;94060.31485214386;0.6213993233538598;0.2539849065926317;101.10902784908222;245.4445889246572;1.0000000000000004;12029.853795108555;0.6213993233538598;0.2539849065926317;94.86429768476688;2677.4023005675103;0.05931539719228773;12029.853795108555;0.0;0.0;49.46853135205026;207.11916101991133;0.05931539719228773;12029.853795108555;0.0;0.0;49.471440253787534;207.20216801507766;0.05931539719228773;94060.31485214386;0.0;0.0;"Zustand 3: Temperatur 422.452 K liegt außerhalb des Boryta-Prüfbereichs; Kristallisation wurde nicht bewertet.";"Zustand 4: Temperatur 417.053 K liegt außerhalb des Boryta-Prüfbereichs; Kristallisation wurde nicht bewertet.";"Zustand 5: Temperatur 374.284 K liegt außerhalb des Boryta-Prüfbereichs; Kristallisation wurde nicht bewertet.";"Zustand 6: Temperatur 374.259 K liegt außerhalb des Boryta-Prüfbereichs; Kristallisation wurde nicht bewertet.";"Zustand 20: Temperatur 429.599 K liegt außerhalb des Boryta-Prüfbereichs; Kristallisation wurde nicht bewertet.";5
series_evaporator_to_desorber;Serie Verdampfer → Desorber;series_evaporator_to_desorber;nan;110.0;30.0;110.0;8.0;8.0;4.0;110.0;1.0100000000000007;Abwärmetemperatur [°C];hot_temperature_C;110.0;10.0;10.0;25.0;15.0;11.0;nan;nan;2.103953048538065e-24;`gtol` termination condition is satisfied.;4;2.0174748375213341e-10;2.051318136485935e-12;1;True;;True;0;zulässig;feasible;True;True;True;97.89378614108654;111.28318014270855;143.83759169604997;49.48441443175773;0.1674894067694585;0.24900500904157408;0.2274942605235988;0.2538337286077862;137.3853272122593;146.64536626977613;137.64868281795918;146.32885388035396;83.47274195977225;0.4837894180278499;17.013839849414403;33.21682579020688;0.004925124773230603;0.04823165894176992;13.73853272120809;14.664536626973076;5.505947312716936;9.755256925354374;7.588431087247804;94.9074287197036;0.012358191241495203;2677.4833811908647;251.6023743406081;221.2477446095606;0.013215397853824085;1.056148038556727;0.5940679260457176;0.23287372913544593;-7.30437932361383e-12;4.6412651499849744e-11;4.3087311496492475e-11;3.7481129311345285e-13;3.5782932172878645e-11;4.5361048250924796e-11;3.836930773104541e-11;1.7840307009464595e-10;-7.30437932361383e-14;4.641265149984974e-13;4.3087311496492476e-13;3.711002902113392e-13;3.5782932172878645e-13;4.53610482509248e-13;3.836930773104541e-13;1.7840307009464596e-12;143.21682579020688;105.62413714472626;101.50784878294519;110.0;105.62413714472626;38.77065587737894;13.172185495970496;14.320885513162523;56.13677284232466;19.484414431757727;4.539718063293606;6.600420063241586;12.106213858913463;56.13681442088159;5.483293817112553;10.173711406592986;4.0;1.0100000000000007;94028.36339165273;12039.374106101808;7.810070736484314;4.539718063293606;deltaT_des_1_K;desorber;True;True;True;True;True;True;True;True;97.89378614108654;2672.2345734484347;0.05936343641055042;94028.36339165273;0.0;0.0;135.0;4.0;143.21682579020688;4.0;105.62413714472626;8.0;101.50784878294519;8.0;110.0;8.0;105.62413714472626;8.0;30.0;4.0;38.77065587737894;4.0;97.89378614108654;2672.2345734484347;0.009942746748199562;94028.36339165273;0.0;0.0;94.9074287197036;251.60237434060863;1.069363436410551;12039.374106101808;0.5867263210052062;0.2274942605235988;156.38901128617738;350.851824170931;1.0199427467482003;94028.36339165273;0.6151557789519421;0.24900500904157408;97.89378614108654;2672.2345734484347;0.04942068966235086;94028.36339165273;0.0;0.0;111.28318014270855;251.60237434060863;1.069363436410551;94028.36339165273;0.5867263210052062;0.2274942605235988;149.32088551316252;329.6607211267665;1.069363436410551;94028.36339165273;0.5867263210052062;0.2274942605235988;143.83759169604997;327.99942735740393;1.0100000000000007;94028.36339165273;0.6212115592699475;0.2538337286077862;101.10946873611556;245.35314818930541;1.0100000000000007;94028.36339165273;0.6212115592699475;0.2538337286077862;101.08441908143266;245.3053940715413;1.0100000000000007;12039.374106101808;0.6212115592699475;0.2538337286077862;94.9074287197036;2677.4833811908647;0.05936343641055042;12039.374106101808;0.0;0.0;49.48441443175773;207.18558280206602;0.05936343641055042;12039.374106101808;0.0;0.0;49.48732272384467;207.26854842991764;0.05936343641055042;94028.36339165273;0.0;0.0;"Zustand 3: Temperatur 422.471 K liegt außerhalb des Boryta-Prüfbereichs; Kristallisation wurde nicht bewertet.";"Zustand 4: Temperatur 416.988 K liegt außerhalb des Boryta-Prüfbereichs; Kristallisation wurde nicht bewertet.";"Zustand 5: Temperatur 374.259 K liegt außerhalb des Boryta-Prüfbereichs; Kristallisation wurde nicht bewertet.";"Zustand 6: Temperatur 374.234 K liegt außerhalb des Boryta-Prüfbereichs; Kristallisation wurde nicht bewertet.";"Zustand 20: Temperatur 429.539 K liegt außerhalb des Boryta-Prüfbereichs; Kristallisation wurde nicht bewertet.";5
series_evaporator_to_desorber;Serie Verdampfer → Desorber;series_evaporator_to_desorber;nan;110.0;30.0;110.0;8.0;8.0;4.0;110.0;1.0200000000000005;Abwärmetemperatur [°C];hot_temperature_C;110.0;10.0;10.0;25.0;15.0;11.0;nan;nan;2.750543219410591e-24;`gtol` termination condition is satisfied.;4;2.266085753742426e-10;2.3454394980091005e-12;1;True;;True;0;zulässig;feasible;True;True;True;97.88436636814777;111.30222928217228;143.77142526770058;49.500324407883966;0.16916437502036047;0.24885555226621234;0.2275797286929073;0.25368436434095176;137.21803395151358;146.76510937443447;137.48680980073954;146.44271149050806;84.2401187518216;0.483282024804877;17.168367257715058;33.20682021241112;0.004926656907276962;0.04869537778410317;13.72180339513123;14.67651093743796;5.499472392028234;9.762847432697662;7.658192613797699;94.94989643354205;0.012337424786851294;2677.5631939594837;251.6771367753041;221.37408842346997;0.01331715930820665;1.066094430896543;0.5941748123764611;0.23295292264370213;-9.123368727159686e-12;4.6910031414881814e-11;5.047695594839752e-11;6.17061957086662e-13;3.367972567502875e-11;5.4853899200679734e-11;4.3144154915353283e-11;2.0128254618612118e-10;-9.123368727159686e-14;4.691003141488181e-13;5.047695594839752e-13;6.049627030261389e-13;3.367972567502875e-13;5.485389920067974e-13;4.314415491535328e-13;2.0128254618612116e-12;143.20682021241112;105.62073231188674;101.50928465038135;110.0;105.62073231188674;38.77781754631786;13.122954095956857;14.338599815878808;56.17207888722419;19.500324407883966;4.560392737610016;6.559388216839295;12.115633631852234;56.11750022409126;5.5671745481782295;10.21685483967832;4.0;1.0200000000000005;93996.34619426275;12048.917017165597;7.801227783405763;4.560392737610016;deltaT_des_1_K;desorber;True;True;True;True;True;True;True;True;97.88436636814777;2672.219603156325;0.059411590204749176;93996.34619426275;0.0;0.0;135.0;4.0;143.20682021241112;4.0;105.62073231188674;8.0;101.50928465038135;8.0;110.0;8.0;105.62073231188674;8.0;30.0;4.0;38.77781754631786;4.0;97.88436636814777;2672.219603156325;0.010050324525952165;93996.34619426275;0.0;0.0;94.94989643354205;251.6771367753047;1.0794115902047496;12048.917017165597;0.5868442253185251;0.2275797286929073;156.32977430836797;350.6792054173123;1.0300503245259527;93996.34619426275;0.6149665151015312;0.24885555226621234;97.88436636814777;2672.219603156325;0.04936126567879701;93996.34619426275;0.0;0.0;111.30222928217228;251.6771367753047;1.0794115902047496;93996.34619426275;0.5868442253185251;0.2275797286929073;149.3385998158788;329.7197662192246;1.0794115902047496;93996.34619426275;0.5868442253185251;0.2275797286929073;143.77142526770058;327.80446581208224;1.0200000000000005;93996.34619426275;0.6210259396603365;0.25368436434095176;101.08537444249396;245.21611409460118;1.0200000000000005;93996.34619426275;0.6210259396603365;0.25368436434095176;101.06033957427672;245.1683735281462;1.0200000000000005;12048.917017165597;0.6210259396603365;0.25368436434095176;94.94989643354205;2677.5631939594837;0.059411590204749176;12048.917017165597;0.0;0.0;49.500324407883966;207.2521171369259;0.059411590204749176;12048.917017165597;0.0;0.0;49.50323208779548;207.33504130862875;0.059411590204749176;93996.34619426275;0.0;0.0;"Zustand 3: Temperatur 422.489 K liegt außerhalb des Boryta-Prüfbereichs; Kristallisation wurde nicht bewertet.";"Zustand 4: Temperatur 416.921 K liegt außerhalb des Boryta-Prüfbereichs; Kristallisation wurde nicht bewertet.";"Zustand 5: Temperatur 374.235 K liegt außerhalb des Boryta-Prüfbereichs; Kristallisation wurde nicht bewertet.";"Zustand 6: Temperatur 374.210 K liegt außerhalb des Boryta-Prüfbereichs; Kristallisation wurde nicht bewertet.";"Zustand 20: Temperatur 429.480 K liegt außerhalb des Boryta-Prüfbereichs; Kristallisation wurde nicht bewertet.";5
series_evaporator_to_desorber;Serie Verdampfer → Desorber;series_evaporator_to_desorber;nan;110.0;30.0;110.0;8.0;8.0;4.0;110.0;1.0300000000000007;Abwärmetemperatur [°C];hot_temperature_C;110.0;10.0;10.0;25.0;15.0;11.0;nan;nan;3.609919727091721e-24;`gtol` termination condition is satisfied.;4;2.53226819426273e-10;2.686975893859757e-12;1;True;;True;0;zulässig;feasible;True;True;True;97.87492281647485;111.32200887440399;143.7047627303906;49.51626446934512;0.17085096131433614;0.24870748807177243;0.22766255682018158;0.2535367600367889;137.04853275649765;146.88507891006378;137.32266832318754;146.55685651627584;85.00396928622453;0.48277005125325584;17.322608324213178;33.19668258113023;0.004928189551248412;0.049158637537070345;13.70485327562683;14.688507891000521;5.492906732926073;9.770457101082027;7.7276335714704505;94.99172145690261;0.012317812305685467;2677.6417779726007;251.7523061144969;221.49798791276493;0.013419762165491012;1.076040105582041;0.5942786613774481;0.2330298900476273;-9.606537787476555e-12;4.958167210133979e-11;4.6838977141305804e-11;9.25592935629993e-13;3.5697667044587433e-11;5.857714313606266e-11;4.544631337921601e-11;2.2936319510336034e-10;-9.606537787476554e-14;4.958167210133979e-13;4.683897714130581e-13;8.986339180873712e-13;3.5697667044587435e-13;5.857714313606266e-13;4.544631337921601e-13;2.2936319510336035e-12;143.19668258113023;105.61731888408264;101.51077975958538;110.0;105.61731888408264;38.78499275777892;13.074266262716492;14.355397428771596;56.20672869912369;19.516264469345117;4.580540509670072;6.519058302682765;12.12507718352515;56.09814734973179;5.650634698380998;10.260210422611578;4.0;1.0300000000000007;93964.25724939271;12058.48447948427;7.792377011328332;4.580540509670072;deltaT_des_1_K;desorber;True;True;True;True;True;True;True;True;97.87492281647485;2672.2045946002895;0.059459867747531314;93964.25724939271;0.0;0.0;135.0;4.0;143.19668258113023;4.0;105.61731888408264;8.0;101.51077975958538;8.0;110.0;8.0;105.61731888408264;8.0;30.0;4.0;38.78499275777892;4.0;97.87492281647485;2672.2045946002895;0.010158775564289015;93964.25724939271;0.0;0.0;94.99172145690261;251.75230611449706;1.089459867747532;12058.48447948427;0.5869584483693266;0.22766255682018158;156.27094884384672;350.50796059346885;1.0401587755642898;93964.25724939271;0.6147789054472997;0.24870748807177243;97.87492281647485;2672.2045946002895;0.0493010921832423;93964.25724939271;0.0;0.0;111.32200887440399;251.75230611449706;1.089459867747532;93964.25724939271;0.5869584483693266;0.22766255682018158;149.3553974287716;329.7762625746565;1.089459867747532;93964.25724939271;0.5869584483693266;0.22766255682018158;143.7047627303906;327.6093246389119;1.0300000000000007;93964.25724939271;0.6208424014890707;0.2535367600367889;101.06179845179241;245.0811991182963;1.0300000000000007;93964.25724939271;0.6208424014890707;0.2535367600367889;101.03677837441256;245.03347228573602;1.0300000000000007;12058.48447948427;0.6208424014890707;0.2535367600367889;94.99172145690261;2677.6417779726007;0.059459867747531314;12058.48447948427;0.0;0.0;49.51626446934512;207.31877736077647;0.059459867747531314;12058.48447948427;0.0;0.0;49.519171534350846;207.4016599795568;0.059459867747531314;93964.25724939271;0.0;0.0;"Zustand 3: Temperatur 422.505 K liegt außerhalb des Boryta-Prüfbereichs; Kristallisation wurde nicht bewertet.";"Zustand 4: Temperatur 416.855 K liegt außerhalb des Boryta-Prüfbereichs; Kristallisation wurde nicht bewertet.";"Zustand 5: Temperatur 374.212 K liegt außerhalb des Boryta-Prüfbereichs; Kristallisation wurde nicht bewertet.";"Zustand 6: Temperatur 374.187 K liegt außerhalb des Boryta-Prüfbereichs; Kristallisation wurde nicht bewertet.";"Zustand 20: Temperatur 429.421 K liegt außerhalb des Boryta-Prüfbereichs; Kristallisation wurde nicht bewertet.";5
series_evaporator_to_desorber;Serie Verdampfer → Desorber;series_evaporator_to_desorber;nan;110.0;30.0;110.0;8.0;8.0;4.0;110.0;1.0400000000000005;Abwärmetemperatur [°C];hot_temperature_C;110.0;10.0;10.0;25.0;15.0;11.0;nan;nan;6.620844531725742e-24;`gtol` termination condition is satisfied.;4;3.407162850772028e-10;3.6389131706392065e-12;1;True;;True;0;zulässig;feasible;True;True;True;97.86545381448701;111.34249300053642;143.63762677380993;49.5322376067752;0.1725489774744106;0.24856077963095963;0.22774281154663922;0.25339086387799187;136.876872377579;147.00529738505165;137.15630944551077;146.67130916220395;85.76430010789602;0.4822535349061994;17.476560262170963;33.18641581205617;0.004929722944910098;0.04962143195846581;13.687687237726582;14.70052973849855;5.486252377819185;9.778087277476892;7.796754555258427;95.03292360855733;0.01229931529325719;2677.7191707963334;251.8278530713313;221.61950893847919;0.013523198974048078;1.0859850786503051;0.5943795471844767;0.23310468422773767;-1.2434497875801753e-11;5.331912689143792e-11;8.429879017057829e-11;1.3290479827787749e-12;3.115019353572279e-11;6.613731784455013e-11;5.056222107668873e-11;3.1317881621362176e-10;-1.2434497875801753e-13;5.331912689143792e-13;8.429879017057829e-13;1.2779307526718984e-12;3.1150193535722795e-13;6.613731784455012e-13;5.056222107668873e-13;3.1317881621362175e-12;143.18641581205617;105.61389625711115;101.5123319794344;110.0;105.61389625711115;38.79218285795764;13.026105521288002;14.371299151157643;56.240740750599684;19.532237606775197;4.600171441944667;6.479408370877081;12.134546185512988;56.07875220304044;5.733672377347716;10.30376290621291;4.0;1.0400000000000005;93932.09094611743;12068.078330427063;7.783516842883583;4.600171441944667;deltaT_des_1_K;desorber;True;True;True;True;True;True;True;True;97.86545381448701;2672.1895451200544;0.059508277624352734;93932.09094611743;0.0;0.0;135.0;4.0;143.18641581205617;4.0;105.61389625711115;8.0;101.5123319794344;8.0;110.0;8.0;105.61389625711115;8.0;30.0;4.0;38.79218285795764;4.0;97.86545381448701;2672.1895451200544;0.010268092455345412;93932.09094611743;0.0;0.0;95.03292360855733;251.8278530713297;1.0995082776243532;12068.078330427063;0.5870690857297913;0.22774281154663922;156.21252133334417;350.33804807407705;1.0502680924553458;93932.09094611743;0.6145929062615808;0.24856077963095963;97.86545381448701;2672.1895451200544;0.04924018516900732;93932.09094611743;0.0;0.0;111.34249300053642;251.8278530713297;1.0995082776243532;93932.09094611743;0.5870690857297913;0.22774281154663922;149.37129915115764;329.830267289804;1.0995082776243532;93932.09094611743;0.5870690857297913;0.22774281154663922;143.63762677380993;327.41402322872517;1.0400000000000005;93932.09094611743;0.6206608839396792;0.25339086387799187;101.03873009432351;244.948350048044;1.0400000000000005;93932.09094611743;0.6206608839396792;0.25339086387799187;101.01372481516648;244.90063713269933;1.0400000000000005;12068.078330427063;0.6206608839396792;0.25339086387799187;95.03292360855733;2677.7191707963334;0.059508277624352734;12068.078330427063;0.0;0.0;49.5322376067752;207.38557598073993;0.059508277624352734;12068.078330427063;0.0;0.0;49.53514405407071;207.4684169423962;0.059508277624352734;93932.09094611743;0.0;0.0;"Zustand 3: Temperatur 422.521 K liegt außerhalb des Boryta-Prüfbereichs; Kristallisation wurde nicht bewertet.";"Zustand 4: Temperatur 416.788 K liegt außerhalb des Boryta-Prüfbereichs; Kristallisation wurde nicht bewertet.";"Zustand 5: Temperatur 374.189 K liegt außerhalb des Boryta-Prüfbereichs; Kristallisation wurde nicht bewertet.";"Zustand 6: Temperatur 374.164 K liegt außerhalb des Boryta-Prüfbereichs; Kristallisation wurde nicht bewertet.";"Zustand 20: Temperatur 429.363 K liegt außerhalb des Boryta-Prüfbereichs; Kristallisation wurde nicht bewertet.";5
series_evaporator_to_desorber;Serie Verdampfer → Desorber;series_evaporator_to_desorber;nan;110.0;30.0;110.0;8.0;8.0;4.0;110.0;1.0500000000000007;Abwärmetemperatur [°C];hot_temperature_C;110.0;10.0;10.0;25.0;15.0;11.0;nan;nan;5.99098513331236e-24;`gtol` termination condition is satisfied.;4;3.0162268917646697e-10;3.4614982690483494e-12;1;True;;True;0;zulässig;feasible;True;True;True;97.85595779751566;111.36365663804816;143.5700391181996;49.548246627099786;0.17425823731368958;0.24841539133276425;0.22782055723672742;0.25324662588474317;136.70309973941693;147.12578592512767;136.9877823117247;146.7860883405681;86.52111788029288;0.4817325126699872;17.630220370109516;33.17602271168761;0.004931257308186379;0.05008375492911371;13.670309973914108;14.712578592506159;5.479511292467685;9.785739222701292;7.8655561709308435;95.07352193160881;0.012281896703698392;2677.79540853153;251.9037495864207;221.73871497776636;0.0136274623468573;1.095929365529225;0.5944775413524472;0.23317735627438102;-1.4509282664221246e-11;5.360334398574196e-11;6.31530383543577e-11;1.783351244455389e-12;3.254285729781259e-11;6.608047442568932e-11;4.874323167314287e-11;2.758611117315013e-10;-1.4509282664221247e-13;5.360334398574196e-13;6.31530383543577e-13;1.6984297566241788e-12;3.2542857297812586e-13;6.608047442568932e-13;4.874323167314287e-13;2.758611117315013e-12;143.1760227116876;105.61046386541364;101.51393927475203;110.0;105.61046386541364;38.799389110354525;12.978456012124695;14.386325118230843;56.274132821254284;19.548246627099786;4.619295358675799;6.440417343143224;12.144042202484343;56.05931141163512;5.816286000031255;10.347497660601277;4.0;1.0500000000000007;93899.84204314565;12077.700301936417;7.774645809690335;4.619295358675799;deltaT_des_1_K;desorber;True;True;True;True;True;True;True;True;97.85595779751566;2672.174452224926;0.05955682787608163;93899.84204314565;0.0;0.0;135.0;4.0;143.1760227116876;4.0;105.61046386541364;8.0;101.51393927475203;8.0;110.0;8.0;105.61046386541364;8.0;30.0;4.0;38.799389110354525;4.0;97.85595779751566;2672.174452224926;0.010378267845680796;93899.84204314565;0.0;0.0;95.07352193160881;251.90374958642187;1.1095568278760823;12077.700301936417;0.587176229596888;0.22782055723672742;156.1544787238123;350.1694277314617;1.0603782678456815;93899.84204314565;0.6144084752298907;0.24841539133276425;97.85595779751566;2672.174452224926;0.04917856003040083;93899.84204314565;0.0;0.0;111.36365663804816;251.90374958642187;1.1095568278760823;93899.84204314565;0.587176229596888;0.22782055723672742;149.38632511823084;329.88183570744724;1.1095568278760823;93899.84204314565;0.587176229596888;0.22782055723672742;143.5700391181996;327.21858003322683;1.0500000000000007;93899.84204314565;0.6204813283007246;0.25324662588474317;101.01615897744688;244.8175153853151;1.0500000000000007;93899.84204314565;0.6204813283007246;0.25324662588474317;100.99116850673784;244.7698165710969;1.0500000000000007;12077.700301936417;0.6204813283007246;0.25324662588474317;95.07352193160881;2677.79540853153;0.05955682787608163;12077.700301936417;0.0;0.0;49.548246627099786;207.45252473576178;0.05955682787608163;12077.700301936417;0.0;0.0;49.55115245377851;207.535323929138;0.05955682787608163;93899.84204314565;0.0;0.0;"Zustand 3: Temperatur 422.536 K liegt außerhalb des Boryta-Prüfbereichs; Kristallisation wurde nicht bewertet.";"Zustand 4: Temperatur 416.720 K liegt außerhalb des Boryta-Prüfbereichs; Kristallisation wurde nicht bewertet.";"Zustand 5: Temperatur 374.166 K liegt außerhalb des Boryta-Prüfbereichs; Kristallisation wurde nicht bewertet.";"Zustand 6: Temperatur 374.141 K liegt außerhalb des Boryta-Prüfbereichs; Kristallisation wurde nicht bewertet.";"Zustand 20: Temperatur 429.304 K liegt außerhalb des Boryta-Prüfbereichs; Kristallisation wurde nicht bewertet.";5
series_evaporator_to_desorber;Serie Verdampfer → Desorber;series_evaporator_to_desorber;nan;110.0;30.0;110.0;8.0;8.0;4.0;110.0;1.0600000000000005;Abwärmetemperatur [°C];hot_temperature_C;110.0;10.0;10.0;25.0;15.0;11.0;nan;nan;1.0138105241534513e-23;`gtol` termination condition is satisfied.;4;3.9339224298801245e-10;4.502911334133621e-12;1;True;;True;0;zulässig;feasible;True;True;True;97.84643330168626;111.38547562415692;143.50202056381903;49.56429416391404;0.17597855659887135;0.24827128873575757;0.22789585607512242;0.2531039978378245;136.52726003593426;147.24656435150035;136.81713424877393;146.90121174535216;87.27442937861258;0.48120702084863004;17.78358602966088;33.165505983010405;0.004932792842334463;0.05054560044937549;13.652726003556563;14.724656435143388;5.472685369949829;9.793414116353704;7.934039034414553;95.11353472986724;0.012265520883598564;2677.870525882328;251.97996876950583;221.85566723028077;0.013732544960914916;1.1058729810692152;0.5945727129685027;0.23324795556432876;-1.6839862837514374e-11;5.24948973179562e-11;9.185896487906575e-11;2.3225865675158275e-12;2.8194335754960775e-11;6.647837835771497e-11;4.661160346586257e-11;3.6862957131234e-10;-1.6839862837514374e-13;5.24948973179562e-13;9.185896487906575e-13;2.1911194033168175e-12;2.8194335754960775e-13;6.647837835771498e-13;4.661160346586257e-13;3.6862957131233994e-12;143.1655059830104;105.60702117986386;101.5155997011326;110.0;105.60702117986386;38.80661270044857;12.931302463704412;14.400494828011517;56.30692202941867;19.56429416391404;4.637921851606393;6.402064971265361;12.153566698313739;56.0398218128247;5.898474264192487;10.391400646539466;4.0;1.0600000000000005;93867.50564757416;12087.352026427045;7.765762546035559;4.637921851606393;deltaT_des_1_K;desorber;True;True;True;True;True;True;True;True;97.84643330168626;2672.159313584096;0.059605526030129585;93867.50564757416;0.0;0.0;135.0;4.0;143.1655059830104;4.0;105.60702117986386;8.0;101.5155997011326;8.0;110.0;8.0;105.60702117986386;8.0;30.0;4.0;38.80661270044857;4.0;97.84643330168626;2672.159313584096;0.010489294436098659;93867.50564757416;0.0;0.0;95.11353472986724;251.9799687695041;1.11960552603013;12087.352026427045;0.5872799689407697;0.22789585607512242;156.09680844671482;350.00206087340155;1.070489294436099;93867.50564757416;0.6142255713981043;0.24827128873575757;97.84643330168626;2672.159313584096;0.049116231594030925;93867.50564757416;0.0;0.0;111.38547562415692;251.9799687695041;1.11960552603013;93867.50564757416;0.5872799689407697;0.22789585607512242;149.40049482801152;329.93102148364005;1.11960552603013;93867.50564757416;0.5872799689407697;0.22789585607512242;143.50202056381903;327.023012618201;1.0600000000000005;93867.50564757416;0.6203036778800837;0.2531039978378245;100.99407497761746;244.6886452798714;1.0600000000000005;93867.50564757416;0.6203036778800837;0.2531039978378245;100.96909932825747;244.64096075114557;1.0600000000000005;12087.352026427045;0.6203036778800837;0.2531039978378245;95.11353472986724;2677.870525882328;0.059605526030129585;12087.352026427045;0.0;0.0;49.56429416391404;207.51963463996714;0.059605526030129585;12087.352026427045;0.0;0.0;49.567199367039166;207.60239194739935;0.059605526030129585;93867.50564757416;0.0;0.0;"Zustand 3: Temperatur 422.550 K liegt außerhalb des Boryta-Prüfbereichs; Kristallisation wurde nicht bewertet.";"Zustand 4: Temperatur 416.652 K liegt außerhalb des Boryta-Prüfbereichs; Kristallisation wurde nicht bewertet.";"Zustand 5: Temperatur 374.144 K liegt außerhalb des Boryta-Prüfbereichs; Kristallisation wurde nicht bewertet.";"Zustand 6: Temperatur 374.119 K liegt außerhalb des Boryta-Prüfbereichs; Kristallisation wurde nicht bewertet.";"Zustand 20: Temperatur 429.247 K liegt außerhalb des Boryta-Prüfbereichs; Kristallisation wurde nicht bewertet.";5
series_evaporator_to_desorber;Serie Verdampfer → Desorber;series_evaporator_to_desorber;nan;110.0;30.0;110.0;8.0;8.0;4.0;110.0;1.0700000000000007;Abwärmetemperatur [°C];hot_temperature_C;110.0;10.0;10.0;25.0;15.0;11.0;nan;nan;1.0495336857824678e-23;`gtol` termination condition is satisfied.;4;3.650609298733342e-10;4.5815580009042075e-12;1;True;;True;0;zulässig;feasible;True;True;True;97.8368789582035;111.40792662094367;143.43359103761526;49.580382687184;0.1777097530119935;0.2481284385238736;0.22796876815907502;0.2529629332056519;136.34939681937374;147.36765125386003;136.64441085953422;147.01669592131302;88.02424148362905;0.4806770951673521;17.936654703536103;33.15486823082381;0.004934329731038538;0.051006962635840314;13.63493968190368;14.736765125378144;5.465776434380198;9.801113061417123;8.00220377123409;95.15297960226025;0.012250153509076368;2677.944556221018;252.05648484435497;221.9704247191364;0.013838439556536963;1.115815939572982;0.5946651287595733;0.23331652983369572;-1.9696244635269977e-11;5.4072302191343624e-11;7.895550879766233e-11;2.9622970743048427e-12;2.927436071331613e-11;7.858602657506708e-11;5.616129783447832e-11;3.369393652974395e-10;-1.9696244635269976e-13;5.407230219134362e-13;7.895550879766234e-13;2.768501938602655e-12;2.927436071331613e-13;7.858602657506708e-13;5.616129783447832e-13;3.369393652974395e-12;143.1548682308238;105.60356770570235;101.51731140009429;110.0;105.60356770570235;38.81385474006339;12.884630166752117;14.413827167102681;56.339124862196854;19.580382687184;4.65606028564406;6.364331797834041;12.1631210417965;56.0202804421055;5.980236129487423;10.435458388296183;4.0;1.0700000000000007;93835.07719504437;12097.035042302155;7.756865782971797;4.65606028564406;deltaT_des_1_K;desorber;True;True;True;True;True;True;True;True;97.8368789582035;2672.144127017578;0.05965437912951832;93835.07719504437;0.0;0.0;135.0;4.0;143.1548682308238;4.0;105.60356770570235;8.0;101.51731140009429;8.0;110.0;8.0;105.60356770570235;8.0;30.0;4.0;38.81385474006339;4.0;97.8368789582035;2672.144127017578;0.01060116498119052;93835.07719504437;0.0;0.0;95.15297960226025;252.05648484435483;1.129654379129519;12097.035042302155;0.5873803896457739;0.22796876815907502;156.03949839757593;349.8359101844322;1.0806011649811913;93835.07719504437;0.6140441551224302;0.2481284385238736;97.8368789582035;2672.144127017578;0.0490532141483278;93835.07719504437;0.0;0.0;111.40792662094367;252.05648484435483;1.129654379129519;93835.07719504437;0.5873803896457739;0.22796876815907502;149.41382716710268;329.9778766522263;1.129654379129519;93835.07719504437;0.5873803896457739;0.22796876815907502;143.43359103761526;326.82733771364383;1.0700000000000007;93835.07719504437;0.6201278779235058;0.2529629332056519;100.97246823264749;244.56169146724318;1.0700000000000007;93835.07719504437;0.6201278779235058;0.2529629332056519;100.94750742005829;244.51402140870502;1.0700000000000007;12097.035042302155;0.6201278779235058;0.2529629332056519;95.15297960226025;2677.944556221018;0.05965437912951832;12097.035042302155;0.0;0.0;49.580382687184;207.58691602324737;0.05965437912951832;12097.035042302155;0.0;0.0;49.583287263596844;207.6696313209848;0.05965437912951832;93835.07719504437;0.0;0.0;"Zustand 3: Temperatur 422.564 K liegt außerhalb des Boryta-Prüfbereichs; Kristallisation wurde nicht bewertet.";"Zustand 4: Temperatur 416.584 K liegt außerhalb des Boryta-Prüfbereichs; Kristallisation wurde nicht bewertet.";"Zustand 5: Temperatur 374.122 K liegt außerhalb des Boryta-Prüfbereichs; Kristallisation wurde nicht bewertet.";"Zustand 6: Temperatur 374.098 K liegt außerhalb des Boryta-Prüfbereichs; Kristallisation wurde nicht bewertet.";"Zustand 20: Temperatur 429.189 K liegt außerhalb des Boryta-Prüfbereichs; Kristallisation wurde nicht bewertet.";5
series_evaporator_to_desorber;Serie Verdampfer → Desorber;series_evaporator_to_desorber;nan;110.0;30.0;110.0;8.0;8.0;4.0;110.0;1.0800000000000005;Abwärmetemperatur [°C];hot_temperature_C;110.0;10.0;10.0;25.0;15.0;11.0;nan;nan;1.397592321695713e-23;`gtol` termination condition is satisfied.;4;4.0599860268622924e-10;5.286950579863052e-12;1;True;;True;0;zulässig;feasible;True;True;True;97.82729348797079;111.43098708205588;143.36476963709748;49.5965145123825;0.179451646117153;0.24798680846373933;0.22803935158593122;0.25282338707460816;136.16955208436224;147.4890640591199;136.46965611060875;147.13255632899094;88.77056117590006;0.48014277079507267;18.089423933538654;33.144111966768094;0.0049358681414374325;0.05146783571811072;13.616955208398837;14.748906405902927;5.458786244422762;9.80883708859516;8.070051015985705;95.19187347534546;0.012235761526191062;2678.0175316493364;252.13327309653246;222.0830443864353;0.013945138936640955;1.1257582548236014;0.5947548531940876;0.23338312524697455;-2.2794210963184014e-11;5.731237706640968e-11;8.611777957412414e-11;3.657629754627578e-12;3.97051280742744e-11;9.063683137355838e-11;6.355094228638336e-11;3.738591658475343e-10;-2.2794210963184013e-13;5.731237706640968e-13;8.611777957412414e-13;3.386694217247756e-12;3.97051280742744e-13;9.063683137355838e-13;6.355094228638336e-13;3.738591658475343e-12;143.1441119667681;105.6001029805924;101.51907259450962;110.0;105.6001029805924;38.821116271478445;12.838424949606804;14.42634043512328;56.370757203867015;19.596514512382498;4.6737198044777415;6.327199119164163;12.172706512029208;56.00068452165726;6.061570798025798;10.479657947919065;4.0;1.0800000000000005;93802.55243106466;12106.750799151736;7.747954342765275;4.6737198044777415;deltaT_des_1_K;desorber;True;True;True;True;True;True;True;True;97.82729348797079;2672.128890487674;0.05970339376024181;93802.55243106466;0.0;0.0;135.0;4.0;143.1441119667681;4.0;105.6001029805924;8.0;101.51907259450962;8.0;110.0;8.0;105.6001029805924;8.0;30.0;4.0;38.821116271478445;4.0;97.82729348797079;2672.128890487674;0.010713872289055954;93802.55243106466;0.0;0.0;95.19187347534546;252.133273096534;1.1397033937602423;12106.750799151736;0.58747757464386;0.22803935158593122;155.9825369163749;349.6709396694804;1.0907138722890564;93802.55243106466;0.6138641880210215;0.24798680846373933;97.82729348797079;2672.128890487674;0.048989521471185855;93802.55243106466;0.0;0.0;111.43098708205588;252.133273096534;1.1397033937602423;93802.55243106466;0.58747757464386;0.22803935158593122;149.42634043512328;330.02245168625274;1.1397033937602423;93802.55243106466;0.58747757464386;0.22803935158593122;143.36476963709748;326.631571260515;1.0800000000000005;93802.55243106466;0.6199538755367064;0.25282338707460816;100.95132913413681;244.4366072087346;1.0800000000000005;93802.55243106466;0.6199538755367064;0.25282338707460816;100.92638317611465;244.38895180529192;1.0800000000000005;12106.750799151736;0.6199538755367064;0.25282338707460816;95.19187347534546;2678.0175316493364;0.05970339376024181;12106.750799151736;0.0;0.0;49.5965145123825;207.65437856946807;0.05970339376024181;12106.750799151736;0.0;0.0;49.59941845893513;207.73705172807038;0.05970339376024181;93802.55243106466;0.0;0.0;"Zustand 3: Temperatur 422.576 K liegt außerhalb des Boryta-Prüfbereichs; Kristallisation wurde nicht bewertet.";"Zustand 4: Temperatur 416.515 K liegt außerhalb des Boryta-Prüfbereichs; Kristallisation wurde nicht bewertet.";"Zustand 5: Temperatur 374.101 K liegt außerhalb des Boryta-Prüfbereichs; Kristallisation wurde nicht bewertet.";"Zustand 6: Temperatur 374.076 K liegt außerhalb des Boryta-Prüfbereichs; Kristallisation wurde nicht bewertet.";"Zustand 20: Temperatur 429.133 K liegt außerhalb des Boryta-Prüfbereichs; Kristallisation wurde nicht bewertet.";5
series_evaporator_to_desorber;Serie Verdampfer → Desorber;series_evaporator_to_desorber;nan;110.0;30.0;110.0;8.0;8.0;4.0;110.0;1.0900000000000007;Abwärmetemperatur [°C];hot_temperature_C;110.0;10.0;10.0;25.0;15.0;11.0;nan;nan;2.0857861836253856e-23;`gtol` termination condition is satisfied.;4;5.003371957795746e-10;6.458771065187844e-12;1;True;;True;0;zulässig;feasible;True;True;True;97.81767569657382;111.45463522099038;143.29557467181013;49.612691809016724;0.18120405732464961;0.24784636736407437;0.2281076625366145;0.25268531608297917;135.98776634671594;147.61081909561588;136.29291241467075;147.24880740537463;89.51339553056793;0.47960408236580815;18.241891338693655;33.13323961403802;0.0049374082250841275;0.05192821403578443;13.598776634625205;14.761081909552084;5.45171649658487;9.816587160353723;8.137581411864458;95.23023263410153;0.012222313094441384;2678.089483056516;252.2103098241181;222.19358118407766;0.014052635965951188;1.135699940110849;0.594841948578874;0.23344778646291484;-2.5636381906224415e-11;5.88897819397971e-11;1.2175860319985077e-10;4.452216373351803e-12;4.899902705801651e-11;9.5042196335271e-11;6.87805368215777e-11;4.638991413230542e-10;-2.5636381906224413e-13;5.88897819397971e-13;1.2175860319985078e-12;4.084602177386972e-12;4.89990270580165e-13;9.5042196335271e-13;6.87805368215777e-13;4.638991413230542e-12;143.13323961403802;105.5966265728058;101.52088158432883;110.0;105.5966265728058;38.828398271268895;12.792673154983731;14.43805236812284;56.40183436283263;19.612691809016724;4.690909336107097;6.2906489502273075;12.182324303426185;55.98103145034236;6.14247769631271;10.523986900867897;4.0;1.0900000000000007;93769.92739359653;12116.5006626053;7.7390271337165135;4.690909336107097;deltaT_des_1_K;desorber;True;True;True;True;True;True;True;True;97.81767569657382;2672.113602091029;0.0597525760767994;93769.92739359653;0.0;0.0;135.0;4.0;143.13323961403802;4.0;105.5966265728058;8.0;101.52088158432883;8.0;110.0;8.0;105.5966265728058;8.0;30.0;4.0;38.828398271268895;4.0;97.81767569657382;2672.113602091029;0.010827409220715846;93769.92739359653;0.0;0.0;95.23023263410153;252.21030982411796;1.1497525760768001;12116.5006626053;0.5875716040416353;0.2281076625366145;155.92591276902175;349.50711460048103;1.1008274092207166;93769.92739359653;0.6136856329278998;0.24784636736407437;97.81767569657382;2672.113602091029;0.04892516685608356;93769.92739359653;0.0;0.0;111.45463522099038;252.21030982411796;1.1497525760768001;93769.92739359653;0.5875716040416353;0.2281076625366145;149.43805236812284;330.0647955570455;1.1497525760768001;93769.92739359653;0.5875716040416353;0.2281076625366145;143.29557467181013;326.4357284549509;1.0900000000000007;93769.92739359653;0.6197816196114196;0.25268531608297917;100.93064832012249;244.3133472342229;1.0900000000000007;93769.92739359653;0.6197816196114196;0.25268531608297917;100.9057172366987;244.2657066708873;1.0900000000000007;12116.5006626053;0.6197816196114196;0.25268531608297917;95.23023263410153;2678.089483056516;0.0597525760767994;12116.5006626053;0.0;0.0;49.612691809016724;207.722031352122;0.0597525760767994;12116.5006626053;0.0;0.0;49.615595122463446;207.80466223683462;0.0597525760767994;93769.92739359653;0.0;0.0;"Zustand 3: Temperatur 422.588 K liegt außerhalb des Boryta-Prüfbereichs; Kristallisation wurde nicht bewertet.";"Zustand 4: Temperatur 416.446 K liegt außerhalb des Boryta-Prüfbereichs; Kristallisation wurde nicht bewertet.";"Zustand 5: Temperatur 374.081 K liegt außerhalb des Boryta-Prüfbereichs; Kristallisation wurde nicht bewertet.";"Zustand 6: Temperatur 374.056 K liegt außerhalb des Boryta-Prüfbereichs; Kristallisation wurde nicht bewertet.";"Zustand 20: Temperatur 429.076 K liegt außerhalb des Boryta-Prüfbereichs; Kristallisation wurde nicht bewertet.";5
