config_case_key;config_case_label;config_routing_mode;input_fixed_T13_C;input_fixed_T15_C;input_fixed_T17_C;input_fixed_hot_C;input_fixed_m13_kg_s;input_fixed_m15_kg_s;input_fixed_m17_kg_s;input_hot_variation_C;input_m6_kg_s;input_outer_variation_label;input_outer_variation_mode;input_outer_variation_value;input_scaled_UA_abs;input_scaled_UA_cond;input_scaled_UA_des;input_scaled_UA_evap;input_scaled_UA_shex;input_ua_scale_factor;input_ua_scale_percent;solve_cost;solve_message;solve_nfev;solve_raw_residual_norm;solve_scaled_residual_norm;solve_status;solve_success;status_final_evaluation_error;status_final_point_evaluable;failure_code;failure_label;failure_reason;feasible_margin;feasible_numeric;feasible_physical;primary_T10_C;primary_T2_C;primary_T4_C;primary_T8_C;primary_beta;primary_x20;primary_x3;primary_x6;heat_Q_abs_kW;heat_Q_cond_kW;heat_Q_des_kW;heat_Q_evap_kW;heat_Q_shex_kW;kpi_COP;kpi_FR;kpi_GTL_K;pump_W_ref_pump_kW;pump_W_sol_pump_kW;lmtd_LMTD_abs_K;lmtd_LMTD_cond_K;lmtd_LMTD_des_K;lmtd_LMTD_evap_K;lmtd_LMTD_shex_K;flash_T1_C;flash_flash_fraction;flash_h1_flash_kJ_kg;flash_h1_mix_kJ_kg;flash_h1_sol_kJ_kg;flash_m1_flash_kg_s;flash_m1_sol_kg_s;flash_w1_LiBr;flash_x1_LiBr_mol;residual_raw_R1_SHEX_energy;residual_raw_R2_SHEX_UA;residual_raw_R3_preabs_energy;residual_raw_R4_preabs_LiBr;residual_raw_R5_desorber_UA;residual_raw_R6_condenser_UA;residual_raw_R7_evaporator_UA;residual_raw_R8_absorber_UA;residual_scaled_R1_SHEX_energy;residual_scaled_R2_SHEX_UA;residual_scaled_R3_preabs_energy;residual_scaled_R4_preabs_LiBr;residual_scaled_R5_desorber_UA;residual_scaled_R6_condenser_UA;residual_scaled_R7_evaporator_UA;residual_scaled_R8_absorber_UA;diagnostic_T12_C;diagnostic_T13_C;diagnostic_T14_C;diagnostic_T15_C;diagnostic_T16_C;diagnostic_T18_C;diagnostic_deltaT_abs_1_K;diagnostic_deltaT_abs_2_K;diagnostic_deltaT_cond_1_K;diagnostic_deltaT_cond_2_K;diagnostic_deltaT_des_1_K;diagnostic_deltaT_des_2_K;diagnostic_deltaT_evap_1_K;diagnostic_deltaT_evap_2_K;diagnostic_deltaT_shex_1_K;diagnostic_deltaT_shex_2_K;diagnostic_m11_kg_s;diagnostic_m6_kg_s;diagnostic_p_high_Pa;diagnostic_p_low_Pa;diagnostic_pressure_ratio_high_over_low;pinch_deltaT_min_global_K;pinch_limiting_key;pinch_limiting_unit;check_beta_in_0_1;check_crystallization_safe_all_checked_states;check_desorber_evaporator_temperature_coupling_ok;check_m21_nonnegative;check_m7_positive;check_p_high_gt_p_low;check_w6_gt_w20_gt_w3;check_w6_gt_w3;state_10_T_C;state_10_h_kJ_kg;state_10_m_kg_s;state_10_p_Pa;state_10_w_LiBr;state_10_x_LiBr_mol;state_11_T_C;state_11_m_kg_s;state_12_T_C;state_12_m_kg_s;state_13_T_C;state_13_m_kg_s;state_14_T_C;state_14_m_kg_s;state_15_T_C;state_15_m_kg_s;state_16_T_C;state_16_m_kg_s;state_17_T_C;state_17_m_kg_s;state_18_T_C;state_18_m_kg_s;state_19_T_C;state_19_h_kJ_kg;state_19_m_kg_s;state_19_p_Pa;state_19_w_LiBr;state_19_x_LiBr_mol;state_1_T_C;state_1_h_kJ_kg;state_1_m_kg_s;state_1_p_Pa;state_1_w_LiBr;state_1_x_LiBr_mol;state_20_T_C;state_20_h_kJ_kg;state_20_m_kg_s;state_20_p_Pa;state_20_w_LiBr;state_20_x_LiBr_mol;state_21_T_C;state_21_h_kJ_kg;state_21_m_kg_s;state_21_p_Pa;state_21_w_LiBr;state_21_x_LiBr_mol;state_2_T_C;state_2_h_kJ_kg;state_2_m_kg_s;state_2_p_Pa;state_2_w_LiBr;state_2_x_LiBr_mol;state_3_T_C;state_3_h_kJ_kg;state_3_m_kg_s;state_3_p_Pa;state_3_w_LiBr;state_3_x_LiBr_mol;state_4_T_C;state_4_h_kJ_kg;state_4_m_kg_s;state_4_p_Pa;state_4_w_LiBr;state_4_x_LiBr_mol;state_5_T_C;state_5_h_kJ_kg;state_5_m_kg_s;state_5_p_Pa;state_5_w_LiBr;state_5_x_LiBr_mol;state_6_T_C;state_6_h_kJ_kg;state_6_m_kg_s;state_6_p_Pa;state_6_w_LiBr;state_6_x_LiBr_mol;state_7_T_C;state_7_h_kJ_kg;state_7_m_kg_s;state_7_p_Pa;state_7_w_LiBr;state_7_x_LiBr_mol;state_8_T_C;state_8_h_kJ_kg;state_8_m_kg_s;state_8_p_Pa;state_8_w_LiBr;state_8_x_LiBr_mol;state_9_T_C;state_9_h_kJ_kg;state_9_m_kg_s;state_9_p_Pa;state_9_w_LiBr;state_9_x_LiBr_mol;validity_message_1;validity_message_2;validity_message_3;validity_message_4;validity_message_5;validity_message_count
series_desorber_to_evaporator;Serie Desorber → Verdampfer;series_desorber_to_evaporator;125.0;nan;30.0;125.0;8.0;8.0;4.0;125.0;0.4;Abwärmetemperatur [°C];hot_temperature_C;125.0;10.0;10.0;25.0;15.0;11.0;nan;nan;2.5080720091291003e-22;`gtol` termination condition is satisfied.;5;2.239628122080007e-09;2.2396749804956524e-11;1;True;;True;0;zulässig;feasible_but_near_limit_shex;False;True;True;102.57748714692502;130.91883460597893;149.1652254303333;56.2390446121467;0.09197711943765484;0.29168858719267193;0.21138227079430633;0.30336276860232236;204.2887039419348;197.48267627918864;204.7160752117706;197.02701152554405;18.74440059357928;0.5085058354109572;4.961922783578745;28.340116121281085;0.007724390051334521;0.0205690937577748;20.4288703941935;19.748267627918977;8.18864300847083;13.135134101703047;1.7040364178017187;99.24273598946667;0.025501306543732564;2685.1749436703585;287.3051050929867;224.55610992640032;0.012256282665039753;0.4683576279995481;0.5784909511649312;0.22159747524560863;3.375077994860476e-13;-2.239627150402157e-09;-3.979039320256561e-13;-1.4488410471358293e-13;-1.4210854715202004e-13;-1.1368683772161603e-12;-1.6484591469634324e-12;-1.7053025658242404e-13;3.3750779948604757e-15;-2.239627150402157e-11;-3.9790393202565614e-15;-1.4488410471358293e-13;-1.4210854715202005e-15;-1.1368683772161604e-14;-1.6484591469634323e-14;-1.7053025658242404e-15;147.21822391997216;125.0;118.87810779869108;118.87810779869108;112.9861517124009;41.81116484923376;28.20665747835767;14.23204453808529;57.431571140232904;26.2390446121467;2.390095557459631;19.63537180922441;16.300620651766053;56.74333973121247;0.0668191077519964;8.279507225197335;4.0;0.4;111109.04417267088;16721.84009034199;6.644546507584652;0.0668191077519964;deltaT_shex_1_K;shex;True;True;True;True;True;True;True;True;102.57748714692502;2679.6183299308636;0.08061391066458784;111109.04417267088;0.0;0.0;135.0;4.0;147.21822391997216;4.0;125.0;8.0;118.87810779869108;8.0;118.87810779869108;8.0;112.9861517124009;8.0;30.0;4.0;41.81116484923376;4.0;102.57748714692502;2679.6183299308636;0.007414635289533233;111109.04417267088;0.0;0.0;99.24273598946667;287.3051050929865;0.48061391066458786;16721.84009034199;0.5637386760864989;0.21138227079430633;175.42488139832983;404.91872487168865;0.40741463528953326;111109.04417267088;0.665024341883074;0.29168858719267193;102.57748714692502;2679.6183299308636;0.0731992753750546;111109.04417267088;0.0;0.0;130.91883460597893;287.3051050929865;0.48061391066458786;111109.04417267088;0.5637386760864989;0.21138227079430633;149.2320445380853;326.3060582024371;0.48061391066458786;111109.04417267088;0.5637386760864989;0.21138227079430633;149.1652254303333;362.75355495979;0.4;111109.04417267088;0.677351624267024;0.30336276860232236;122.6393273807816;315.89255347584265;0.4;111109.04417267088;0.677351624267024;0.30336276860232236;122.60990444254037;315.8411307414482;0.4;16721.84009034199;0.677351624267024;0.30336276860232236;99.24273598946667;2685.1749436703585;0.08061391066458784;16721.84009034199;0.0;0.0;56.2390446121467;235.4404666908287;0.08061391066458784;16721.84009034199;0.0;0.0;56.242811981188424;235.53628625829114;0.08061391066458784;111109.04417267088;0.0;0.0;"Zustand 3: Temperatur 422.382 K liegt außerhalb des Boryta-Prüfbereichs; Kristallisation wurde nicht bewertet.";"Zustand 4: Temperatur 422.315 K liegt außerhalb des Boryta-Prüfbereichs; Kristallisation wurde nicht bewertet.";"Zustand 5: Temperatur 395.789 K liegt außerhalb des Boryta-Prüfbereichs; Kristallisation wurde nicht bewertet.";"Zustand 6: Temperatur 395.760 K liegt außerhalb des Boryta-Prüfbereichs; Kristallisation wurde nicht bewertet.";"Zustand 20: Temperatur 448.575 K liegt außerhalb des Boryta-Prüfbereichs; Kristallisation wurde nicht bewertet.";5
series_desorber_to_evaporator;Serie Desorber → Verdampfer;series_desorber_to_evaporator;125.0;nan;30.0;125.0;8.0;8.0;4.0;125.0;0.41000000000000003;Abwärmetemperatur [°C];hot_temperature_C;125.0;10.0;10.0;25.0;15.0;11.0;nan;nan;8.639512112344696e-23;`gtol` termination condition is satisfied.;5;1.3144765086094231e-09;1.3144970226169929e-11;1;True;;True;0;zulässig;feasible_but_near_limit_shex;False;True;True;102.51807555428314;130.80102171853082;149.41057806236842;56.313539455443504;0.09243505661781366;0.29115005983326137;0.21233082808733042;0.30259024534706597;204.8337806665218;198.0433461221933;205.32239912019256;197.5259652083204;19.50151733258957;0.5084637268118206;5.072284385312307;28.390848099678124;0.007721644874740781;0.021040815327677216;20.48337806665215;19.804334612219254;8.212895964807748;13.168397680554664;1.7728652121730952;99.58866354077992;0.025052379125166228;2685.8306437726087;287.2537697170195;225.6196306893484;0.012296495069764268;0.4785349348846025;0.5796571012365165;0.22242382121621654;3.126388037344441e-13;-1.314475639446755e-09;-1.1368683772161603e-13;-7.34412530789541e-14;-1.1368683772161603e-12;7.673861546209082e-13;4.547473508864641e-13;2.8421709430404007e-13;3.126388037344441e-15;-1.314475639446755e-11;-1.1368683772161603e-15;-7.34412530789541e-14;-1.1368683772161604e-14;7.673861546209083e-15;4.547473508864641e-15;2.842170943040401e-15;147.25082420254319;125.0;118.85997610286506;118.85997610286506;112.95309915285549;41.84469773458096;27.934546475589798;14.492063553193361;57.74396580619896;26.313539455443504;2.5009216182864407;19.271312562085143;16.34190054858192;56.63579935319228;0.08148549082494583;8.272622485636532;4.0;0.41000000000000003;110877.350625736;16781.098119252845;6.60727622458313;0.08148549082494583;deltaT_shex_1_K;shex;True;True;True;True;True;True;True;True;102.51807555428314;2679.5254321824405;0.08083142995436676;110877.350625736;0.0;0.0;135.0;4.0;147.25082420254319;4.0;125.0;8.0;118.85997610286506;8.0;118.85997610286506;8.0;112.95309915285549;8.0;30.0;4.0;41.84469773458096;4.0;102.51807555428314;2679.5254321824405;0.007471657804330731;110877.350625736;0.0;0.0;99.58866354077992;287.2537697170189;0.4908314299543668;16781.098119252845;0.5651353117737444;0.21233082808733042;175.18537067813298;404.2408585568342;0.41747165780433076;110877.350625736;0.664443125683273;0.29115005983326137;102.51807555428314;2679.5254321824405;0.07335977215003603;110877.350625736;0.0;0.0;130.80102171853082;287.2537697170189;0.4908314299543668;110877.350625736;0.5651353117737444;0.21233082808733042;149.49206355319336;326.9853682709311;0.4908314299543668;110877.350625736;0.5651353117737444;0.21233082808733042;149.41057806236842;362.7770835773142;0.41000000000000003;110877.350625736;0.6765516419405215;0.30259024534706597;122.52839923289429;315.2124071563648;0.41000000000000003;110877.350625736;0.6765516419405215;0.30259024534706597;122.49907838171356;315.16108809458996;0.41000000000000003;16781.098119252845;0.6765516419405215;0.30259024534706597;99.58866354077992;2685.8306437726087;0.08083142995436676;16781.098119252845;0.0;0.0;56.313539455443504;235.7521751126046;0.08083142995436676;16781.098119252845;0.0;0.0;56.3172997996632;235.84770286559746;0.08083142995436676;110877.350625736;0.0;0.0;"Zustand 3: Temperatur 422.642 K liegt außerhalb des Boryta-Prüfbereichs; Kristallisation wurde nicht bewertet.";"Zustand 4: Temperatur 422.561 K liegt außerhalb des Boryta-Prüfbereichs; Kristallisation wurde nicht bewertet.";"Zustand 5: Temperatur 395.678 K liegt außerhalb des Boryta-Prüfbereichs; Kristallisation wurde nicht bewertet.";"Zustand 6: Temperatur 395.649 K liegt außerhalb des Boryta-Prüfbereichs; Kristallisation wurde nicht bewertet.";"Zustand 20: Temperatur 448.335 K liegt außerhalb des Boryta-Prüfbereichs; Kristallisation wurde nicht bewertet.";5
series_desorber_to_evaporator;Serie Desorber → Verdampfer;series_desorber_to_evaporator;125.0;nan;30.0;125.0;8.0;8.0;4.0;125.0;0.42000000000000004;Abwärmetemperatur [°C];hot_temperature_C;125.0;10.0;10.0;25.0;15.0;11.0;nan;nan;3.265712046044801e-23;`gtol` termination condition is satisfied.;5;8.081627630000039e-10;8.081722645630448e-12;1;True;;True;0;zulässig;feasible_but_near_limit_shex;False;True;True;102.46211338800606;130.68308530995915;149.64544467435115;56.38396394565984;0.09288763642199394;0.2906257349429637;0.21324481743448606;0.30184156069090834;205.34386037045854;198.57338130484098;205.89123267755483;197.99677648622375;20.2641049791636;0.5084178180867721;5.182833051113784;28.4383658318921;0.007718984358624208;0.021513527162506176;20.53438603704587;19.857338130484123;8.235649307102074;13.199785099081609;1.8421913618156143;99.91958140319798;0.024620561614789586;2686.4580057028597;287.20364794154125;226.6415862247083;0.012335806429960239;0.4887009539398809;0.5807747742011596;0.22321847208936246;1.5987211554602254e-13;-8.081570967988227e-10;5.684341886080802e-14;-3.9190872769268026e-14;2.9842794901924208e-12;-2.5579538487363607e-13;-3.694822225952521e-13;-1.4210854715202004e-13;1.5987211554602255e-15;-8.081570967988228e-12;5.684341886080802e-16;-3.9190872769268026e-14;2.984279490192421e-14;-2.5579538487363606e-15;-3.694822225952521e-15;-1.4210854715202005e-15;147.28133136186955;125.0;118.84296552997745;118.84296552997745;112.92200929534158;41.876398403399605;27.673124547117027;14.743613747062284;58.043182999798375;26.383963945659843;2.6108510983388555;18.923384126779467;16.38085214197139;56.53429163303889;0.09816907271112996;8.264711946463592;4.0;0.42000000000000004;110659.47455279533;16837.283078941557;6.572288060607444;0.09816907271112996;deltaT_shex_1_K;shex;True;True;True;True;True;True;True;True;102.46211338800606;2679.4379097407027;0.08103676036984109;110659.47455279533;0.0;0.0;135.0;4.0;147.28133136186955;4.0;125.0;8.0;118.84296552997745;8.0;118.84296552997745;8.0;112.92200929534158;8.0;30.0;4.0;41.876398403399605;4.0;102.46211338800606;2679.4379097407027;0.007527313134050046;110659.47455279533;0.0;0.0;99.91958140319798;287.2036479415406;0.5010367603698411;16837.283078941557;0.5664757730886244;0.21324481743448606;174.95445590898657;403.58486050431355;0.42752731313405007;110659.47455279533;0.6638761488610955;0.2906257349429637;102.46211338800606;2679.4379097407027;0.07350944723579105;110659.47455279533;0.0;0.0;130.68308530995915;287.2036479415406;0.5010367603698411;110659.47455279533;0.5664757730886244;0.21324481743448606;149.74361374706228;327.64799570597535;0.5010367603698411;110659.47455279533;0.5664757730886244;0.21324481743448606;149.64544467435115;362.79662586458767;0.42000000000000004;110659.47455279533;0.6757742528007752;0.30184156069090834;122.41837336349556;314.5487568665795;0.42000000000000004;110659.47455279533;0.6757742528007752;0.30184156069090834;122.38914890166114;314.4975341828592;0.42000000000000004;16837.283078941557;0.6757742528007752;0.30184156069090834;99.91958140319798;2686.4580057028597;0.08103676036984109;16837.283078941557;0.0;0.0;56.38396394565984;236.04685404059865;0.08103676036984109;16837.283078941557;0.0;0.0;56.38771766230269;236.1421069150151;0.08103676036984109;110659.47455279533;0.0;0.0;"Zustand 3: Temperatur 422.894 K liegt außerhalb des Boryta-Prüfbereichs; Kristallisation wurde nicht bewertet.";"Zustand 4: Temperatur 422.795 K liegt außerhalb des Boryta-Prüfbereichs; Kristallisation wurde nicht bewertet.";"Zustand 5: Temperatur 395.568 K liegt außerhalb des Boryta-Prüfbereichs; Kristallisation wurde nicht bewertet.";"Zustand 6: Temperatur 395.539 K liegt außerhalb des Boryta-Prüfbereichs; Kristallisation wurde nicht bewertet.";"Zustand 20: Temperatur 448.104 K liegt außerhalb des Boryta-Prüfbereichs; Kristallisation wurde nicht bewertet.";5
series_desorber_to_evaporator;Serie Desorber → Verdampfer;series_desorber_to_evaporator;125.0;nan;30.0;125.0;8.0;8.0;4.0;125.0;0.43000000000000005;Abwärmetemperatur [°C];hot_temperature_C;125.0;10.0;10.0;25.0;15.0;11.0;nan;nan;1.4984315562579024e-23;`gtol` termination condition is satisfied.;5;5.474307263874374e-10;5.474361252708671e-12;1;True;;True;0;zulässig;feasible_but_near_limit_shex;False;True;True;102.40935501628189;130.5654213883309;149.87006784528523;56.45061402626351;0.09333625689331648;0.29011495266295134;0.21412586882877305;0.30111563194745355;205.82121713137923;199.07500918369158;206.42497583997854;198.4415468538248;21.03161278589626;0.5083680808231207;5.293558302861109;28.48287709637367;0.007716414701451925;0.021987206566202164;20.58212171313791;19.907500918369074;8.25699903359907;13.229436456921675;1.911964798767608;100.2363730688516;0.024205085989326008;2687.058689738398;287.1549533577866;227.6241283133736;0.012374385585102399;0.4988564189887492;0.5818467024666993;0.2239830535951126;1.5276668818842154e-13;-5.474269926253328e-10;-1.1368683772161603e-13;-2.4313884239290928e-14;1.7905676941154525e-12;8.526512829121202e-13;-3.126388037344441e-13;1.4210854715202004e-13;1.5276668818842154e-15;-5.4742699262533275e-12;-1.1368683772161603e-15;-2.4313884239290928e-14;1.7905676941154525e-14;8.526512829121202e-15;-3.126388037344441e-15;1.4210854715202005e-15;147.30988140737912;125.0;118.82700431100545;118.82700431100545;112.89274752709923;41.90640007079497;27.421749297660938;14.987020515501172;58.32997299805663;26.45061402626351;2.7197713739439564;18.590631242153847;16.41764929472356;56.4383860411196;0.11695267021593736;8.256059400785944;4.0;0.43000000000000005;110454.39593220816;16890.604623917316;6.53939858232211;0.11695267021593736;deltaT_shex_1_K;shex;True;True;True;True;True;True;True;True;102.40935501628189;2679.355381634433;0.08123080457385157;110454.39593220816;0.0;0.0;135.0;4.0;147.30988140737912;4.0;125.0;8.0;118.82700431100545;8.0;118.82700431100545;8.0;112.89274752709923;8.0;30.0;4.0;41.90640007079497;4.0;102.40935501628189;2679.355381634433;0.007581779243355798;110454.39593220816;0.0;0.0;100.2363730688516;287.15495335778576;0.5112308045738516;16890.604623917316;0.5677630530008871;0.21412586882877305;174.73163070504006;402.94953709735853;0.43758177924335584;110454.39593220816;0.6633227802466398;0.29011495266295134;102.40935501628189;2679.355381634433;0.07364902533049578;110454.39593220816;0.0;0.0;130.5654213883309;287.15495335778576;0.5112308045738516;110454.39593220816;0.5677630530008871;0.21412586882877305;149.98702051550117;328.2941268929714;0.5112308045738516;110454.39593220816;0.5677630530008871;0.21412586882877305;149.87006784528523;362.8118473727884;0.43000000000000005;110454.39593220816;0.6750185171929066;0.30111563194745355;122.30936198754495;313.9011199637277;0.43000000000000005;110454.39593220816;0.6750185171929066;0.30111563194745355;122.28022862605604;313.8499869252016;0.43000000000000005;16890.604623917316;0.6750185171929066;0.30111563194745355;100.2363730688516;2687.058689738398;0.08123080457385157;16890.604623917316;0.0;0.0;56.45061402626351;236.3257414675098;0.08123080457385157;16890.604623917316;0.0;0.0;56.45436148597963;236.42073516776838;0.08123080457385157;110454.39593220816;0.0;0.0;"Zustand 3: Temperatur 423.137 K liegt außerhalb des Boryta-Prüfbereichs; Kristallisation wurde nicht bewertet.";"Zustand 4: Temperatur 423.020 K liegt außerhalb des Boryta-Prüfbereichs; Kristallisation wurde nicht bewertet.";"Zustand 5: Temperatur 395.459 K liegt außerhalb des Boryta-Prüfbereichs; Kristallisation wurde nicht bewertet.";"Zustand 6: Temperatur 395.430 K liegt außerhalb des Boryta-Prüfbereichs; Kristallisation wurde nicht bewertet.";"Zustand 20: Temperatur 447.882 K liegt außerhalb des Boryta-Prüfbereichs; Kristallisation wurde nicht bewertet.";5
series_desorber_to_evaporator;Serie Desorber → Verdampfer;series_desorber_to_evaporator;125.0;nan;30.0;125.0;8.0;8.0;4.0;125.0;0.44000000000000006;Abwärmetemperatur [°C];hot_temperature_C;125.0;10.0;10.0;25.0;15.0;11.0;nan;nan;7.321182563797323e-24;`gtol` termination condition is satisfied.;5;3.8265016475585715e-10;3.826534349459658e-12;1;True;;True;0;zulässig;feasible_but_near_limit_shex;False;True;True;102.35957472116127;130.44838791072937;150.08469417933748;56.51376222881623;0.0937822452114966;0.2896170961519097;0.21497551838825202;0.30041144216671634;206.26793599087136;199.550280910489;206.92583353108307;198.8622076007681;21.80351344395648;0.5083144772219876;5.4044498057512955;28.524572533278274;0.007713940527928782;0.022461828981328962;20.626793599087126;19.95502809104883;8.277033341243289;13.257480506717874;1.9821375858490116;100.53986162056725;0.023805231347015694;2687.63424316177;287.10789405325716;228.56928379826925;0.012412390251116179;0.5090020026685409;0.5828754299403867;0.22471909160034645;2.1316282072803006e-14;-3.8264857948888675e-10;-8.526512829121202e-14;-1.582067810090848e-14;8.526512829121202e-13;6.821210263296962e-13;0.0;1.1368683772161603e-13;2.1316282072803005e-16;-3.826485794888867e-12;-8.526512829121202e-16;-1.582067810090848e-14;8.526512829121202e-15;6.8212102632969615e-15;0.0;1.1368683772161603e-15;147.33659904251624;125.0;118.81202650923797;118.81202650923797;112.86519015754038;41.93482541330678;27.179827755173733;15.222596593435583;58.60503620726047;26.513762228816233;2.8275845001252264;18.272164888670716;16.4524517880767;56.34768637982654;0.13790241409810733;8.24692523577852;4.0;0.44000000000000006;110261.18164843725;16941.257503593497;6.508441396693793;0.13790241409810733;deltaT_shex_1_K;shex;True;True;True;True;True;True;True;True;102.35957472116127;2679.277497569324;0.08141439291965702;110261.18164843725;0.0;0.0;135.0;4.0;147.33659904251624;4.0;125.0;8.0;118.81202650923797;8.0;118.81202650923797;8.0;112.86519015754038;8.0;30.0;4.0;41.93482541330678;4.0;102.35957472116127;2679.277497569324;0.007635224560536407;110261.18164843725;0.0;0.0;100.53986162056725;287.1078940532563;0.5214143929196571;16941.257503593497;0.5689999454841645;0.21497551838825202;174.51642679768997;402.33378040767076;0.44763522456053645;110261.18164843725;0.6627824283426939;0.2896170961519097;102.35957472116127;2679.277497569324;0.07377916835912061;110261.18164843725;0.0;0.0;130.44838791072937;287.1078940532563;0.5214143929196571;110261.18164843725;0.5689999454841645;0.21497551838825202;150.22259659343558;328.9239883920946;0.5214143929196571;110261.18164843725;0.5689999454841645;0.21497551838825202;150.08469417933748;362.8224699707803;0.44000000000000006;110261.18164843725;0.6742835480589626;0.30041144216671634;122.20146267495085;313.2690303254247;0.44000000000000006;110261.18164843725;0.6742835480589626;0.30041144216671634;122.17241549987477;313.2179807141035;0.44000000000000006;16941.257503593497;0.6742835480589626;0.30041144216671634;100.53986162056725;2687.63424316177;0.08141439291965702;16941.257503593497;0.0;0.0;56.51376222881623;236.58997747015923;0.08141439291965702;16941.257503593497;0.0;0.0;56.51750377771384;236.68472657104047;0.08141439291965702;110261.18164843725;0.0;0.0;"Zustand 3: Temperatur 423.373 K liegt außerhalb des Boryta-Prüfbereichs; Kristallisation wurde nicht bewertet.";"Zustand 4: Temperatur 423.235 K liegt außerhalb des Boryta-Prüfbereichs; Kristallisation wurde nicht bewertet.";"Zustand 5: Temperatur 395.351 K liegt außerhalb des Boryta-Prüfbereichs; Kristallisation wurde nicht bewertet.";"Zustand 6: Temperatur 395.322 K liegt außerhalb des Boryta-Prüfbereichs; Kristallisation wurde nicht bewertet.";"Zustand 20: Temperatur 447.666 K liegt außerhalb des Boryta-Prüfbereichs; Kristallisation wurde nicht bewertet.";5
series_desorber_to_evaporator;Serie Desorber → Verdampfer;series_desorber_to_evaporator;125.0;nan;30.0;125.0;8.0;8.0;4.0;125.0;0.45000000000000007;Abwärmetemperatur [°C];hot_temperature_C;125.0;10.0;10.0;25.0;15.0;11.0;nan;nan;3.652758017679582e-24;`gtol` termination condition is satisfied.;5;2.7028508006822e-10;2.7028718126021374e-12;1;True;;True;0;zulässig;feasible_but_near_limit_shex;False;True;True;102.31256485359125;130.3323061130738;150.2895743756161;56.57365974304895;0.09422685463447808;0.28913158799391736;0.21579521441023966;0.2997280342711668;206.68593173568084;200.00108701215905;207.39583452915699;199.26053528515996;22.57930399181366;0.5082569635637468;5.5154973879836415;28.56362733255139;0.007711565154000624;0.022937368368920907;20.668593173568137;20.00010870121585;8.295833381166274;13.284035685677292;2.0526639992803584;100.83081413714751;0.023420319028383124;2688.1861084411325;287.0626670316944;229.47896124704306;0.012449967341917612;0.5191383225882698;0.583863326310003;0.22542801841439206;2.4868995751603507e-14;-2.702833512557845e-10;-8.526512829121202e-14;-1.0658141036401503e-14;1.4210854715202004e-13;5.400124791776761e-13;5.684341886080801e-13;-5.400124791776761e-13;2.486899575160351e-16;-2.702833512557845e-12;-8.526512829121202e-16;-1.0658141036401503e-14;1.4210854715202005e-15;5.4001247917767615e-15;5.684341886080802e-15;-5.4001247917767615e-15;147.3615987880192;125.0;118.7979714554678;118.7979714554678;112.83922339072018;41.96178750072721;26.946811806874962;15.450642149224507;58.8690266364203;26.57365974304895;2.9342058757756035;17.96715731832029;16.485406601876548;56.26182768624227;0.16106777360840852;8.23754643086636;4.0;0.45000000000000007;110078.976926536;16989.42268080735;6.479265304929417;0.16106777360840852;deltaT_shex_1_K;shex;True;True;True;True;True;True;True;True;102.31256485359125;2679.203935111208;0.0815882899301873;110078.976926536;0.0;0.0;135.0;4.0;147.3615987880192;4.0;125.0;8.0;118.7979714554678;8.0;118.7979714554678;8.0;112.83922339072018;8.0;30.0;4.0;41.96178750072721;4.0;102.31256485359125;2679.203935111208;0.00768780793512741;110078.976926536;0.0;0.0;100.83081413714751;287.0626670317003;0.5315882899301874;16989.42268080735;0.5701890609388498;0.21579521441023966;174.30841059489416;401.7365606906381;0.4576878079351275;110078.976926536;0.6622545381072404;0.28913158799391736;102.31256485359125;2679.203935111208;0.07390048199505989;110078.976926536;0.0;0.0;130.3323061130738;287.0626670317003;0.5315882899301874;110078.976926536;0.5701890609388498;0.21579521441023966;150.4506421492245;329.53783892606043;0.5315882899301874;110078.976926536;0.5701890609388498;0.21579521441023966;150.2895743756161;362.82826790605077;0.45000000000000007;110078.976926536;0.6735685063141834;0.2997280342711668;122.09475968220744;312.6520368131316;0.45000000000000007;110078.976926536;0.6735685063141834;0.2997280342711668;122.0657941242244;312.60106488342285;0.45000000000000007;16989.42268080735;0.6735685063141834;0.2997280342711668;100.83081413714751;2688.1861084411325;0.0815882899301873;16989.42268080735;0.0;0.0;56.57365974304895;236.84061286457262;0.0815882899301873;16989.42268080735;0.0;0.0;56.57739570447791;236.93513090338186;0.0815882899301873;110078.976926536;0.0;0.0;"Zustand 3: Temperatur 423.601 K liegt außerhalb des Boryta-Prüfbereichs; Kristallisation wurde nicht bewertet.";"Zustand 4: Temperatur 423.440 K liegt außerhalb des Boryta-Prüfbereichs; Kristallisation wurde nicht bewertet.";"Zustand 5: Temperatur 395.245 K liegt außerhalb des Boryta-Prüfbereichs; Kristallisation wurde nicht bewertet.";"Zustand 6: Temperatur 395.216 K liegt außerhalb des Boryta-Prüfbereichs; Kristallisation wurde nicht bewertet.";"Zustand 20: Temperatur 447.458 K liegt außerhalb des Boryta-Prüfbereichs; Kristallisation wurde nicht bewertet.";5
series_desorber_to_evaporator;Serie Desorber → Verdampfer;series_desorber_to_evaporator;125.0;nan;30.0;125.0;8.0;8.0;4.0;125.0;0.4600000000000001;Abwärmetemperatur [°C];hot_temperature_C;125.0;10.0;10.0;25.0;15.0;11.0;nan;nan;1.8798578835517338e-24;`gtol` termination condition is satisfied.;5;1.9389845961519794e-10;1.9389986506193003e-12;1;True;;True;0;zulässig;feasible_but_near_limit_shex;False;True;True;102.26813418287037;130.21746210989295;150.48496301949893;56.63053827580501;0.09467126249477242;0.28865788702831674;0.21658632304769024;0.29906450598876594;207.07696564456737;200.4291713817507;207.83684836022667;199.63816557774769;23.358506411615952;0.5081954931255944;5.626691057975742;28.600202740710586;0.007709290807954712;0.023413797535937222;20.707696564456747;20.04291713817511;8.313473934409123;13.309211038516521;2.123500582891804;101.10994578066169;0.02304970843159414;2688.715630829268;287.0194542055009;230.3549574647513;0.012487253304337309;0.529265946802137;0.5848126002396912;0.22611117877412662;1.6342482922482304e-13;-1.9389290173421614e-10;5.684341886080802e-14;-7.382983113757291e-15;-1.3926637620897964e-12;-3.979039320256561e-13;-1.4210854715202004e-13;-8.526512829121202e-14;1.6342482922482305e-15;-1.9389290173421614e-12;5.684341886080802e-16;-7.382983113757291e-15;-1.3926637620897963e-14;-3.9790393202565614e-15;-1.4210854715202005e-15;-8.526512829121202e-16;147.38498598352675;125.0;118.78478324281616;118.78478324281616;112.81474240616103;41.98739063287985;26.722194136577343;15.671444989248243;59.12255514778184;26.63053827580501;3.0395629982042465;17.67483746215447;16.51664905994579;56.18047345415374;0.18648196974930897;8.228136914888694;4.0;0.4600000000000001;109906.99773549793;17035.268359066256;6.451732688848713;0.18648196974930897;deltaT_shex_1_K;shex;True;True;True;True;True;True;True;True;102.26813418287037;2679.1343971628803;0.08175320010647424;109906.99773549793;0.0;0.0;135.0;4.0;147.38498598352675;4.0;125.0;8.0;118.78478324281616;8.0;118.78478324281616;8.0;112.81474240616103;8.0;30.0;4.0;41.98739063287985;4.0;102.26813418287037;2679.1343971628803;0.0077396786670676804;109906.99773549793;0.0;0.0;101.10994578066169;287.0194542054883;0.5417532001064743;17035.268359066256;0.5713328403170439;0.21658632304769024;174.1071801201041;401.15691971241085;0.4677396786670678;109906.99773549793;0.6617385881175184;0.28865788702831674;102.26813418287037;2679.1343971628803;0.07401352143940657;109906.99773549793;0.0;0.0;130.21746210989295;287.0194542054883;0.5417532001064743;109906.99773549793;0.5713328403170439;0.21658632304769024;150.67144498924824;330.1359626211749;0.5417532001064743;109906.99773549793;0.5713328403170439;0.21658632304769024;150.48496301949893;362.8290638726631;0.4600000000000001;109906.99773549793;0.6728725968862603;0.29906450598876594;121.98932519500426;312.04970210828094;0.4600000000000001;109906.99773549793;0.6728725968862603;0.29906450598876594;121.96043700179575;311.9988025484202;0.4600000000000001;17035.268359066256;0.6728725968862603;0.29906450598876594;101.10994578066169;2688.715630829268;0.08175320010647424;17035.268359066256;0.0;0.0;56.63053827580501;237.07861697886793;0.08175320010647424;17035.268359066256;0.0;0.0;56.63426895200729;237.17291653898195;0.08175320010647424;109906.99773549793;0.0;0.0;"Zustand 3: Temperatur 423.821 K liegt außerhalb des Boryta-Prüfbereichs; Kristallisation wurde nicht bewertet.";"Zustand 4: Temperatur 423.635 K liegt außerhalb des Boryta-Prüfbereichs; Kristallisation wurde nicht bewertet.";"Zustand 5: Temperatur 395.139 K liegt außerhalb des Boryta-Prüfbereichs; Kristallisation wurde nicht bewertet.";"Zustand 6: Temperatur 395.110 K liegt außerhalb des Boryta-Prüfbereichs; Kristallisation wurde nicht bewertet.";"Zustand 20: Temperatur 447.257 K liegt außerhalb des Boryta-Prüfbereichs; Kristallisation wurde nicht bewertet.";5
series_desorber_to_evaporator;Serie Desorber → Verdampfer;series_desorber_to_evaporator;125.0;nan;30.0;125.0;8.0;8.0;4.0;125.0;0.4700000000000001;Abwärmetemperatur [°C];hot_temperature_C;125.0;10.0;10.0;25.0;15.0;11.0;nan;nan;1.0054756528128853e-24;`gtol` termination condition is satisfied.;5;1.4180681703003182e-10;1.4180801478145622e-12;1;True;;True;0;zulässig;feasible_but_near_limit_shex;False;True;True;102.22610641758854;130.10410870446282;150.6711181401302;56.6846117246842;0.09511656922049228;0.28819548551740165;0.21735013361962943;0.2984200054409446;207.4426604114919;200.83614387477357;208.25060039728865;199.99660568174414;24.140667926242344;0.5081300185832329;5.738021019163712;28.634447404912464;0.00770711881536068;0.023891088417434553;20.744266041149224;20.083614387477237;8.330024015891428;13.33310704544946;2.194606175125827;101.37792358774033;0.022692793432413424;2689.2240654199554;286.97841970358695;231.19896382132217;0.012524374475385014;0.5393853986729366;0.5857253115592437;0.22676983551085625;1.4921397450962104e-13;-1.4175327578414e-10;-8.526512829121202e-14;-5.828670879282072e-15;2.9274360713316128e-12;1.1937117960769683e-12;2.2453150450019166e-12;-3.410605131648481e-13;1.4921397450962103e-15;-1.4175327578413999e-12;-8.526512829121202e-16;-5.828670879282072e-15;2.927436071331613e-14;1.1937117960769683e-14;2.2453150450019167e-14;-3.4106051316484808e-15;147.40685768011315;125.0;118.77241027520068;118.77241027520068;112.79165053591407;42.01173109298884;26.50550459476682;15.885280843505257;59.36619249475149;26.684611724684203;3.14359430712733;17.394486687460358;16.546303857612145;56.10331313750487;0.2141627033750524;8.218888222762985;4.0;0.4700000000000001;109744.52403693122;17078.95092747583;6.425718096090977;0.2141627033750524;deltaT_shex_1_K;shex;True;True;True;True;True;True;True;True;102.22610641758854;2679.0686097003095;0.08190977314832149;109744.52403693122;0.0;0.0;135.0;4.0;147.40685768011315;4.0;125.0;8.0;118.77241027520068;8.0;118.77241027520068;8.0;112.79165053591407;8.0;30.0;4.0;42.01173109298884;4.0;102.22610641758854;2679.0686097003095;0.00779097660749714;109744.52403693122;0.0;0.0;101.37792358774033;286.9784197035791;0.5519097731483216;17078.95092747583;0.5724335680558938;0.21735013361962943;173.91236227487997;400.5939647762506;0.4777909766074972;109744.52403693122;0.6612340880345984;0.28819548551740165;102.22610641758854;2679.0686097003095;0.07411879654082434;109744.52403693122;0.0;0.0;130.10410870446282;286.9784197035791;0.5519097731483216;109744.52403693122;0.5724335680558938;0.21735013361962943;150.88528084350526;330.7186633099461;0.5519097731483216;109744.52403693122;0.5724335680558938;0.21735013361962943;150.6711181401302;362.8247250754447;0.4700000000000001;109744.52403693122;0.6721950652940695;0.2984200054409446;121.88522048169983;311.4616018281209;0.4700000000000001;109744.52403693122;0.6721950652940695;0.2984200054409446;121.85640569287267;311.41076972510507;0.4700000000000001;17078.95092747583;0.6721950652940695;0.2984200054409446;101.37792358774033;2689.2240654199554;0.08190977314832149;17078.95092747583;0.0;0.0;56.6846117246842;237.30488465136452;0.08190977314832149;17078.95092747583;0.0;0.0;56.6883373984092;237.39897743808734;0.08190977314832149;109744.52403693122;0.0;0.0;"Zustand 3: Temperatur 424.035 K liegt außerhalb des Boryta-Prüfbereichs; Kristallisation wurde nicht bewertet.";"Zustand 4: Temperatur 423.821 K liegt außerhalb des Boryta-Prüfbereichs; Kristallisation wurde nicht bewertet.";"Zustand 5: Temperatur 395.035 K liegt außerhalb des Boryta-Prüfbereichs; Kristallisation wurde nicht bewertet.";"Zustand 6: Temperatur 395.006 K liegt außerhalb des Boryta-Prüfbereichs; Kristallisation wurde nicht bewertet.";"Zustand 20: Temperatur 447.062 K liegt außerhalb des Boryta-Prüfbereichs; Kristallisation wurde nicht bewertet.";5
series_desorber_to_evaporator;Serie Desorber → Verdampfer;series_desorber_to_evaporator;125.0;nan;30.0;125.0;8.0;8.0;4.0;125.0;0.4800000000000001;Abwärmetemperatur [°C];hot_temperature_C;125.0;10.0;10.0;25.0;15.0;11.0;nan;nan;6.024583562886587e-17;`gtol` termination condition is satisfied.;4;1.0874642688438843e-06;1.0976869829679667e-08;1;True;;True;0;zulässig;feasible_but_near_limit_shex;False;True;True;102.18631879623996;129.99246729032728;150.84830028002523;56.736077785315445;0.0955638045106294;0.28774390822558465;0.21808786300162514;0.2977937267489283;207.78451422714198;201.22349246122752;208.63868613434158;200.33724628460786;24.92536079193012;0.5080604939223913;5.849477658362336;28.666498642004342;0.007705049753407648;0.02436921223374539;20.778451328293837;20.12234923856177;8.345547447431313;13.355816412593105;2.2659419364851727;101.6353699158472;0.02234899937513855;2689.712583555201;286.9397079794236;232.01257195591307;0.01256144750124899;0.5494971614950259;0.5866033817146102;0.22740517432015572;-7.4329271626538684e-09;-5.0940677809308e-07;1.1824400303339644e-07;-1.494670887058902e-09;-5.1441247705952264e-08;7.56098188503529e-08;9.571127179697214e-08;9.442036059681413e-07;-7.432927162653869e-11;-5.0940677809308e-09;1.1824400303339645e-09;-1.494670887058902e-09;-5.144124770595226e-10;7.56098188503529e-10;9.571127179697215e-10;9.442036059681413e-09;147.42730348248455;125.0;118.7608048404802;118.7608048404802;112.76985848029454;42.03489787447535;26.296307309599115;16.092413419807997;59.60047204137186;26.736077785315445;3.2462481367722944;17.125434924632998;16.574486044240246;56.030059759159144;0.24411313978276894;8.209970351511174;4.0;0.4800000000000001;109590.89345709134;17120.615909663433;6.401106948216429;0.24411313978276894;deltaT_shex_1_K;shex;True;True;True;True;True;True;True;True;102.18631879623996;2679.0063196102915;0.08205860899627482;109590.89345709134;0.0;0.0;135.0;4.0;147.42730348248455;4.0;125.0;8.0;118.7608048404802;8.0;118.7608048404802;8.0;112.76985848029454;8.0;30.0;4.0;42.03489787447535;4.0;102.18631879623996;2679.0063196102915;0.007841832868534182;109590.89345709134;0.0;0.0;101.6353699158472;286.93970797941967;0.5620586089962749;17120.615909663433;0.5734933831032163;0.21808786300162514;173.72361079208366;400.0468648181943;0.4878418328685343;109590.89345709134;0.6607405780985928;0.28774390822558465;102.18631879623996;2679.0063196102915;0.07421677612774064;109590.89345709134;0.0;0.0;129.99246729032728;286.93970797941967;0.5620586089962749;109590.89345709134;0.5734933831032163;0.21808786300162514;151.092413419808;331.2862590204968;0.5620586089962749;109590.89345709134;0.5734933831032163;0.21808786300162514;150.84830028002523;362.8151584840247;0.4800000000000001;109590.89345709134;0.671535194115753;0.2977937267489283;121.78249693881611;310.8873234853517;0.4800000000000001;109590.89345709134;0.671535194115753;0.2977937267489283;121.7537518632277;310.8365542931981;0.4800000000000001;17120.615909663433;0.671535194115753;0.2977937267489283;101.6353699158472;2689.712583555201;0.08205860899627482;17120.615909663433;0.0;0.0;56.736077785315445;237.5202429518844;0.08205860899627482;17120.615909663433;0.0;0.0;56.7397987211354;237.6141398610284;0.08205860899627482;109590.89345709134;0.0;0.0;"Zustand 3: Temperatur 424.242 K liegt außerhalb des Boryta-Prüfbereichs; Kristallisation wurde nicht bewertet.";"Zustand 4: Temperatur 423.998 K liegt außerhalb des Boryta-Prüfbereichs; Kristallisation wurde nicht bewertet.";"Zustand 5: Temperatur 394.932 K liegt außerhalb des Boryta-Prüfbereichs; Kristallisation wurde nicht bewertet.";"Zustand 6: Temperatur 394.904 K liegt außerhalb des Boryta-Prüfbereichs; Kristallisation wurde nicht bewertet.";"Zustand 20: Temperatur 446.874 K liegt außerhalb des Boryta-Prüfbereichs; Kristallisation wurde nicht bewertet.";5
series_desorber_to_evaporator;Serie Desorber → Verdampfer;series_desorber_to_evaporator;125.0;nan;30.0;125.0;8.0;8.0;4.0;125.0;0.4900000000000001;Abwärmetemperatur [°C];hot_temperature_C;125.0;10.0;10.0;25.0;15.0;11.0;nan;nan;4.074948364073764e-17;`gtol` termination condition is satisfied.;4;8.913880054432051e-07;9.027677845463654e-09;1;True;;True;0;zulässig;feasible_but_near_limit_shex;False;True;True;102.14862122730102;129.88273016228118;151.01677297529795;56.785118922620484;0.09601390302064836;0.2873027034613856;0.21880066257082606;0.2971849087428456;208.1039094007944;201.59259030628056;209.00258004083878;200.66136843629667;25.712182998330206;0.5079868760099335;5.9610516539914045;28.696483218972105;0.007703083583918822;0.024848140047325756;20.810390860926613;20.15925902421567;8.360103203385705;13.377424557035967;2.337471216303171;101.88286598456432;0.02201778025082935;2690.182279482219;286.9034442078239;232.79728132675208;0.012598579599544135;0.5596016810997414;0.587448607437737;0.22801831118284885;-6.308265909638067e-09;-3.8100467136814586e-07;1.0147326179321681e-07;-1.4289555094748607e-09;-4.380385121294239e-08;6.412383868337201e-08;8.075716095845564e-08;7.915282651538291e-07;-6.308265909638066e-11;-3.810046713681459e-09;1.0147326179321682e-09;-1.4289555094748607e-09;-4.380385121294239e-10;6.412383868337201e-10;8.075716095845565e-10;7.915282651538291e-09;147.44640606464083;125.0;118.74992284566872;118.74992284566872;112.74928383740627;42.05697310444259;26.094196285960493;16.293095966660246;59.82589288012173;26.785118922620484;3.3474816491395245;16.867056861104402;16.6013016183677;55.9604484691298;0.2763229913622922;8.201533006003956;4.0;0.4900000000000001;109445.49720993984;17160.39844672241;6.377794638611299;0.2763229913622922;deltaT_shex_1_K;shex;True;True;True;True;True;True;True;True;102.14862122730102;2678.9472933818893;0.08220026069928543;109445.49720993984;0.0;0.0;135.0;4.0;147.44640606464083;4.0;125.0;8.0;118.74992284566872;8.0;118.74992284566872;8.0;112.74928383740627;8.0;30.0;4.0;42.05697310444259;4.0;102.14862122730102;2678.9472933818893;0.007892367859053204;109445.49720993984;0.0;0.0;101.88286598456432;286.9034442078232;0.5722002606992855;17160.39844672241;0.5745142930905172;0.21880066257082606;173.54060235060132;399.514839568598;0.49789236785905333;109445.49720993984;0.6602576197831501;0.2873027034613856;102.14862122730102;2678.9472933818893;0.07430789284023223;109445.49720993984;0.0;0.0;129.88273016228118;286.9034442078232;0.5722002606992855;109445.49720993984;0.5745142930905172;0.21880066257082606;151.29309596666025;331.8390808447366;0.5722002606992855;109445.49720993984;0.5745142930905172;0.21880066257082606;151.01677297529795;362.80031031577045;0.4900000000000001;109445.49720993984;0.6708923026160399;0.2971849087428456;121.68119715627722;310.3264674491613;0.4900000000000001;109445.49720993984;0.6708923026160399;0.2971849087428456;121.65251835086048;310.27575695926885;0.4900000000000001;17160.39844672241;0.6708923026160399;0.2971849087428456;101.88286598456432;2690.182279482219;0.08220026069928543;17160.39844672241;0.0;0.0;56.785118922620484;237.72545524208644;0.08220026069928543;17160.39844672241;0.0;0.0;56.788835368276466;237.81916642400228;0.08220026069928543;109445.49720993984;0.0;0.0;"Zustand 3: Temperatur 424.443 K liegt außerhalb des Boryta-Prüfbereichs; Kristallisation wurde nicht bewertet.";"Zustand 4: Temperatur 424.167 K liegt außerhalb des Boryta-Prüfbereichs; Kristallisation wurde nicht bewertet.";"Zustand 5: Temperatur 394.831 K liegt außerhalb des Boryta-Prüfbereichs; Kristallisation wurde nicht bewertet.";"Zustand 6: Temperatur 394.803 K liegt außerhalb des Boryta-Prüfbereichs; Kristallisation wurde nicht bewertet.";"Zustand 20: Temperatur 446.691 K liegt außerhalb des Boryta-Prüfbereichs; Kristallisation wurde nicht bewertet.";5
series_desorber_to_evaporator;Serie Desorber → Verdampfer;series_desorber_to_evaporator;125.0;nan;30.0;125.0;8.0;8.0;4.0;125.0;0.5000000000000001;Abwärmetemperatur [°C];hot_temperature_C;125.0;10.0;10.0;25.0;15.0;11.0;nan;nan;2.805802242312476e-17;`gtol` termination condition is satisfied.;4;7.366003262574921e-07;7.491064333340725e-09;1;True;;True;0;zulässig;feasible_but_near_limit_shex;False;True;True;102.11287470383354;129.7750622512093;151.17680000041378;56.83190421368931;0.0964677441699694;0.28687145103766715;0.21948961895697067;0.29659282865225534;208.40212783922306;201.9447099984832;209.34365122833225;200.97015754189636;26.500756406248005;0.5079091256125041;6.072733834495832;28.724518747212244;0.007701219759413858;0.025327842412000978;20.84021271740263;20.19447099436577;8.373746050617022;13.39801049823731;2.4091596995595697;102.12095445981055;0.02169861677825652;2690.6341750942356;286.8697324935475;233.55450227949652;0.012635869217383133;0.5696993711581753;0.5882626652929082;0.22861029346400963;-5.306251438241816e-09;-2.8890726255781374e-07;8.685762509230699e-08;-1.3631678563719163e-09;-3.709331508616742e-08;5.482550591295876e-08;6.833670340711251e-08;6.651967510151735e-07;-5.306251438241816e-11;-2.8890726255781375e-09;8.685762509230699e-10;-1.3631678563719163e-09;-3.709331508616742e-10;5.482550591295876e-10;6.833670340711251e-10;6.651967510151735e-09;147.4642420956473;125.0;118.73972334843506;118.73972334843506;112.72985021620133;42.07803289464613;25.898795008679713;16.48756987331302;60.04292156516442;26.831904213689313;3.4472600580024277;16.618768888624516;16.626848644601523;55.89423381494396;0.3107698728992432;8.193706560445492;4.0;0.5000000000000001;109307.773329368;17198.424528050797;6.355685263559227;0.3107698728992432;deltaT_shex_1_K;shex;True;True;True;True;True;True;True;True;102.11287470383354;2678.8913146566233;0.08233524037555828;109307.773329368;0.0;0.0;135.0;4.0;147.4642420956473;4.0;125.0;8.0;118.73972334843506;8.0;118.73972334843506;8.0;112.72985021620133;8.0;30.0;4.0;42.07803289464613;4.0;102.11287470383354;2678.8913146566233;0.007942694904722292;109307.773329368;0.0;0.0;102.12095445981055;286.86973249354725;0.5823352403755584;17198.424528050797;0.5754981791537616;0.21948961895697067;173.36303710432702;398.9971642130033;0.5079426949047224;109307.773329368;0.6597848048966084;0.28687145103766715;102.11287470383354;2678.8913146566233;0.07439254547083599;109307.773329368;0.0;0.0;129.7750622512093;286.86973249354725;0.5823352403755584;109307.773329368;0.5754981791537616;0.21948961895697067;151.48756987331302;332.37746509986727;0.5823352403755584;109307.773329368;0.5754981791537616;0.21948961895697067;151.17680000041378;362.7801570826492;0.5000000000000001;109307.773329368;0.6702657409864037;0.29659282865225534;121.58135569076381;309.7786442595407;0.5000000000000001;109307.773329368;0.6702657409864037;0.29659282865225534;121.55273994199757;309.72798857471673;0.5000000000000001;17198.424528050797;0.6702657409864037;0.29659282865225534;102.12095445981055;2690.6341750942356;0.08233524037555828;17198.424528050797;0.0;0.0;56.83190421368931;237.92122888376082;0.08233524037555828;17198.424528050797;0.0;0.0;56.83561640125737;238.01476379936057;0.08233524037555828;109307.773329368;0.0;0.0;"Zustand 3: Temperatur 424.638 K liegt außerhalb des Boryta-Prüfbereichs; Kristallisation wurde nicht bewertet.";"Zustand 4: Temperatur 424.327 K liegt außerhalb des Boryta-Prüfbereichs; Kristallisation wurde nicht bewertet.";"Zustand 5: Temperatur 394.731 K liegt außerhalb des Boryta-Prüfbereichs; Kristallisation wurde nicht bewertet.";"Zustand 6: Temperatur 394.703 K liegt außerhalb des Boryta-Prüfbereichs; Kristallisation wurde nicht bewertet.";"Zustand 20: Temperatur 446.513 K liegt außerhalb des Boryta-Prüfbereichs; Kristallisation wurde nicht bewertet.";5
series_desorber_to_evaporator;Serie Desorber → Verdampfer;series_desorber_to_evaporator;125.0;nan;30.0;125.0;8.0;8.0;4.0;125.0;0.5100000000000001;Abwärmetemperatur [°C];hot_temperature_C;125.0;10.0;10.0;25.0;15.0;11.0;nan;nan;1.961023679997733e-17;`gtol` termination condition is satisfied.;4;6.12670310514626e-07;6.262625136470701e-09;1;True;;True;0;zulässig;feasible_but_near_limit_shex;False;True;True;102.0789506817053;129.6696035019615;151.3286457760222;56.87659006049017;0.09692612848176055;0.2864497535019372;0.22015576047444366;0.2960168015967911;208.68035708918808;202.28102866379584;209.66316974152627;201.26470825973868;27.290727089585125;0.5078272082784943;6.184515286032986;28.750714232054463;0.007699457317747608;0.025808289884930734;20.868035652874205;20.228102861705597;8.386526790915484;13.41764721346259;2.480975210117511;102.35014254535253;0.021391014256812783;2691.0692257589476;286.8386575082877;234.28556315563557;0.012673406325316772;0.5797906149297971;0.5890471239387383;0.22918210684229562;-4.516277130051094e-09;-2.2170749502947729e-07;7.469881779798015e-08;-1.29774846424624e-09;-3.1360826824311516e-08;4.6739870640521985e-08;5.779983780485054e-08;5.604460397989897e-07;-4.516277130051094e-11;-2.217074950294773e-09;7.469881779798016e-10;-1.29774846424624e-09;-3.136082682431152e-10;4.673987064052199e-10;5.779983780485054e-10;5.604460397989897e-09;147.480882601028;125.0;118.73016836897352;118.73016836897352;112.71148690187607;42.0981476473562;25.7097525552349;16.676066323516466;60.251994897996326;26.876590060490173;3.5455557163370486;16.380025823620997;16.65121768726823;55.831188694386924;0.34742054749426643;8.186603524763598;4.0;0.5100000000000001;109177.20371544677;17234.811343320245;6.334690965895658;0.34742054749426643;deltaT_shex_1_K;shex;True;True;True;True;True;True;True;True;102.0789506817053;2678.838183282628;0.08246402125511376;109177.20371544677;0.0;0.0;135.0;4.0;147.480882601028;4.0;125.0;8.0;118.73016836897352;8.0;118.73016836897352;8.0;112.71148690187607;8.0;30.0;4.0;42.0981476473562;4.0;102.0789506817053;2678.838183282628;0.00799291831929579;109177.20371544677;0.0;0.0;102.35014254535253;286.83865750828664;0.5924640212551139;17234.811343320245;0.5764468085126302;0.22015576047444366;173.19063515626289;398.4931592442636;0.517992918319296;109177.20371544677;0.6593217463608242;0.2864497535019372;102.0789506817053;2678.838183282628;0.07447110293581798;109177.20371544677;0.0;0.0;129.6696035019615;286.83865750828664;0.5924640212551139;109177.20371544677;0.5764468085126302;0.22015576047444366;151.67606632351647;332.9017535116029;0.5924640212551139;109177.20371544677;0.5764468085126302;0.22015576047444366;151.3286457760222;362.7547054359256;0.5100000000000001;109177.20371544677;0.66965489060994;0.2960168015967911;121.48299997719789;309.24347583964834;0.5100000000000001;109177.20371544677;0.66965489060994;0.2960168015967911;121.45444428366295;309.1928713496779;0.5100000000000001;17234.811343320245;0.66965489060994;0.2960168015967911;102.35014254535253;2691.0692257589476;0.08246402125511376;17234.811343320245;0.0;0.0;56.87659006049017;238.10821821831672;0.08246402125511376;17234.811343320245;0.0;0.0;56.88029820748915;238.2015856917986;0.08246402125511376;109177.20371544677;0.0;0.0;"Zustand 3: Temperatur 424.826 K liegt außerhalb des Boryta-Prüfbereichs; Kristallisation wurde nicht bewertet.";"Zustand 4: Temperatur 424.479 K liegt außerhalb des Boryta-Prüfbereichs; Kristallisation wurde nicht bewertet.";"Zustand 5: Temperatur 394.633 K liegt außerhalb des Boryta-Prüfbereichs; Kristallisation wurde nicht bewertet.";"Zustand 6: Temperatur 394.604 K liegt außerhalb des Boryta-Prüfbereichs; Kristallisation wurde nicht bewertet.";"Zustand 20: Temperatur 446.341 K liegt außerhalb des Boryta-Prüfbereichs; Kristallisation wurde nicht bewertet.";5
series_desorber_to_evaporator;Serie Desorber → Verdampfer;series_desorber_to_evaporator;125.0;nan;30.0;125.0;8.0;8.0;4.0;125.0;0.5200000000000001;Abwärmetemperatur [°C];hot_temperature_C;125.0;10.0;10.0;25.0;15.0;11.0;nan;nan;1.3949330856825144e-17;`gtol` termination condition is satisfied.;4;5.135455735044963e-07;5.2819183743835236e-09;1;True;;True;0;zulässig;feasible_but_near_limit_shex;False;True;True;102.04673011489717;129.56647090481067;151.47257412900592;56.9193213178616;0.09738978682394865;0.28603723606754083;0.22080006022941354;0.2954561775544711;208.93969958819937;202.60263652185668;209.96231602922703;201.54603282893788;28.081764316665936;0.5077410948476646;6.296387330735159;28.775170909259145;0.007697794959817124;0.026289453065838988;20.89396991137417;20.26026364819613;8.39849264224487;13.436402185335123;2.552887680819521;102.57090449322124;0.02109450096029267;2691.4883249954464;286.8102850433529;234.9917149436598;0.012711272919606498;0.5898757682971362;0.5898034513836976;0.22973467883816684;-3.8654874856547394e-09;-1.723487947913327e-07;6.473908342741197e-08;-1.2352767697620948e-09;-2.6894724669546122e-08;3.989538299720152e-08;4.891103344561998e-08;4.7445766426790215e-07;-3.865487485654739e-11;-1.7234879479133269e-09;6.473908342741197e-10;-1.2352767697620948e-09;-2.689472466954612e-10;3.9895382997201524e-10;4.891103344561998e-10;4.744576642679022e-09;147.49639351604065;125.0;118.72122260678151;118.72122260678151;112.69412832361951;42.11738256709668;25.526741824514318;16.858806407188524;60.45352192612455;26.919321317861602;3.6423473836096036;16.150318113560274;16.674492491884337;55.77110269533489;0.38623227818260375;8.180319844981398;4.0;0.5200000000000001;109053.30993502379;17269.66800124744;6.3147311185800765;0.38623227818260375;deltaT_shex_1_K;shex;True;True;True;True;True;True;True;True;102.04673011489717;2678.7877138280573;0.08258704121674254;109053.30993502379;0.0;0.0;135.0;4.0;147.49639351604065;4.0;125.0;8.0;118.72122260678151;8.0;118.72122260678151;8.0;112.69412832361951;8.0;30.0;4.0;42.11738256709668;4.0;102.04673011489717;2678.7877138280573;0.008043134338519217;109053.30993502379;0.0;0.0;102.57090449322124;286.81028504335274;0.6025870412167427;17269.66800124744;0.5773618419121003;0.22080006022941354;173.02313534055497;398.0021883478781;0.5280431343385193;109053.30993502379;0.6588680784579587;0.28603723606754083;102.04673011489717;2678.7877138280573;0.07454390687822332;109053.30993502379;0.0;0.0;129.56647090481067;286.81028504335274;0.6025870412167427;109053.30993502379;0.5773618419121003;0.22080006022941354;151.85880640718852;333.4122900582022;0.6025870412167427;109053.30993502379;0.5773618419121003;0.22080006022941354;151.47257412900592;362.72398774393935;0.5200000000000001;109053.30993502379;0.669059161594733;0.2954561775544711;121.38615105982927;308.72059481984047;0.5200000000000001;109053.30993502379;0.669059161594733;0.2954561775544711;121.3576526163904;308.67003817932925;0.5200000000000001;17269.66800124744;0.669059161594733;0.2954561775544711;102.57090449322124;2691.4883249954464;0.08258704121674254;17269.66800124744;0.0;0.0;56.9193213178616;238.28702928437244;0.08258704121674254;17269.66800124744;0.0;0.0;56.92302562828462;238.3802375510255;0.08258704121674254;109053.30993502379;0.0;0.0;"Zustand 3: Temperatur 425.009 K liegt außerhalb des Boryta-Prüfbereichs; Kristallisation wurde nicht bewertet.";"Zustand 4: Temperatur 424.623 K liegt außerhalb des Boryta-Prüfbereichs; Kristallisation wurde nicht bewertet.";"Zustand 5: Temperatur 394.536 K liegt außerhalb des Boryta-Prüfbereichs; Kristallisation wurde nicht bewertet.";"Zustand 6: Temperatur 394.508 K liegt außerhalb des Boryta-Prüfbereichs; Kristallisation wurde nicht bewertet.";"Zustand 20: Temperatur 446.173 K liegt außerhalb des Boryta-Prüfbereichs; Kristallisation wurde nicht bewertet.";5
series_desorber_to_evaporator;Serie Desorber → Verdampfer;series_desorber_to_evaporator;125.0;nan;30.0;125.0;8.0;8.0;4.0;125.0;0.5300000000000001;Abwärmetemperatur [°C];hot_temperature_C;125.0;10.0;10.0;25.0;15.0;11.0;nan;nan;1.0968377725799523e-17;`gtol` termination condition is satisfied.;4;4.52680316358724e-07;4.6836690160171485e-09;1;True;;True;0;zulässig;feasible_but_near_limit_shex;False;True;True;102.01610266212919;129.46576053631821;151.60884740258274;56.96023222646352;0.09785938356590908;0.2856335449765282;0.22142343957849653;0.29491033911983167;209.18118016917802;202.91054390814898;210.24218867300584;201.8150678669939;28.873559659909763;0.5076507617549313;6.408341528859234;28.797982924980943;0.007696231115577524;0.02677130270638894;20.91811797467818;20.29105438721338;8.409687547873201;13.454337854875472;2.6248690726012187;102.78368399556507;0.02080862668964604;2691.892308946011;286.7846631284095;235.67413610136066;0.012749543491350712;0.5999551621822166;0.5905330224665802;0.23026888269733745;-3.505256529479084e-09;-1.3870364412582603e-07;5.882108666810382e-08;-1.202062005489779e-09;-2.3824185291232425e-08;3.601519438234391e-08;4.3861803078470984e-08;4.2239622644046904e-07;-3.505256529479084e-11;-1.3870364412582603e-09;5.882108666810382e-10;-1.202062005489779e-09;-2.3824185291232423e-10;3.6015194382343905e-10;4.3861803078470984e-10;4.22396226440469e-09;147.51083613452022;125.0;118.71285320953928;118.71285320953928;112.67771362021529;42.135798080630934;25.349457591506166;17.036001542836118;60.647885914934136;26.960232226463518;3.7376195383131403;15.929169213974205;16.69675054741009;55.71378072853787;0.4271541402533785;8.174936257957768;4.0;0.5300000000000001;108935.64975115775;17303.096117036417;6.295731643304058;0.4271541402533785;deltaT_shex_1_K;shex;True;True;True;True;True;True;True;True;102.01610266212919;2678.7397343593493;0.08270470567356714;108935.64975115775;0.0;0.0;135.0;4.0;147.51083613452022;4.0;125.0;8.0;118.71285320953928;8.0;118.71285320953928;8.0;112.67771362021529;8.0;30.0;4.0;42.135798080630934;4.0;102.01610266212919;2678.7397343593493;0.008093431515215223;108935.64975115775;0.0;0.0;102.78368399556507;286.78466312840897;0.6127047056735673;17303.096117036417;0.5782448412541649;0.22142343957849653;172.86029372602638;397.5236550696438;0.5380934315152154;108935.64975115775;0.6584234553324696;0.2856335449765282;102.01610266212919;2678.7397343593493;0.07461127415835192;108935.64975115775;0.0;0.0;129.46576053631821;286.78466312840897;0.6127047056735673;108935.64975115775;0.5782448412541649;0.22142343957849653;152.03600154283612;333.9094189733442;0.6127047056735673;108935.64975115775;0.5782448412541649;0.22142343957849653;151.60884740258274;362.6880587482892;0.5300000000000001;108935.64975115775;0.6684779910714936;0.29491033911983167;121.29082427836045;308.2096442890156;0.5300000000000001;108935.64975115775;0.6684779910714936;0.29491033911983167;121.26238046168686;308.15913239711676;0.5300000000000001;17303.096117036417;0.6684779910714936;0.29491033911983167;102.78368399556507;2691.892308946011;0.08270470567356714;17303.096117036417;0.0;0.0;56.96023222646352;238.45822371958525;0.08270470567356714;17303.096117036417;0.0;0.0;56.963932891677416;238.55128046953553;0.08270470567356714;108935.64975115775;0.0;0.0;"Zustand 3: Temperatur 425.186 K liegt außerhalb des Boryta-Prüfbereichs; Kristallisation wurde nicht bewertet.";"Zustand 4: Temperatur 424.759 K liegt außerhalb des Boryta-Prüfbereichs; Kristallisation wurde nicht bewertet.";"Zustand 5: Temperatur 394.441 K liegt außerhalb des Boryta-Prüfbereichs; Kristallisation wurde nicht bewertet.";"Zustand 6: Temperatur 394.412 K liegt außerhalb des Boryta-Prüfbereichs; Kristallisation wurde nicht bewertet.";"Zustand 20: Temperatur 446.010 K liegt außerhalb des Boryta-Prüfbereichs; Kristallisation wurde nicht bewertet.";5
series_desorber_to_evaporator;Serie Desorber → Verdampfer;series_desorber_to_evaporator;125.0;nan;30.0;125.0;8.0;8.0;4.0;125.0;0.5400000000000001;Abwärmetemperatur [°C];hot_temperature_C;125.0;10.0;10.0;25.0;15.0;11.0;nan;nan;8.647974794526163e-18;`gtol` termination condition is satisfied.;4;3.991863893300512e-07;4.158839933088592e-09;1;True;;True;0;zulässig;feasible_but_near_limit_shex;False;True;True;101.98696597345787;129.36754952709748;151.7377256282195;56.99944725715443;0.09833551958242572;0.2852383458933574;0.2220267713831356;0.29437869949510526;209.40575271808845;203.2056876246434;210.50381126562868;202.07268050010816;29.665826036689797;0.5075561911486469;6.520369681245778;28.81923793964728;0.0076947639998549405;0.027253809808579804;20.94057523427139;20.320568759212957;8.42015245147902;13.471512030727373;2.696893286243359;102.98889640087214;0.020532961499937115;2692.281960522523;286.7618233487057;236.33393713871945;0.012788285494027107;0.6100291046845048;0.5912371257962662;0.23078554105415808;-3.186574559777e-09;-1.1198715199611797e-07;5.330849717211095e-08;-1.1666654864406212e-09;-2.134680698873126e-08;3.2513810310774716e-08;3.9197573187266244e-08;3.753745545509446e-07;-3.186574559777e-11;-1.1198715199611797e-09;5.330849717211094e-10;-1.1666654864406212e-09;-2.134680698873126e-10;3.251381031077472e-10;3.9197573187266244e-10;3.753745545509446e-09;147.5242675070627;125.0;118.70502956741541;118.70502956741541;112.6621862510246;42.153450216784904;25.17761472250777;17.207853914124712;60.83544618408723;26.99944725715443;3.8313617512543487;15.716133166543273;16.718063593957538;55.65904179423825;0.4701282859052185;8.170519633641163;4.0;0.5400000000000001;108823.81401837632;17335.19035080796;6.277624405393636;0.4701282859052185;deltaT_shex_1_K;shex;True;True;True;True;True;True;True;True;101.98696597345787;2678.694085341845;0.08281739017853174;108823.81401837632;0.0;0.0;135.0;4.0;147.5242675070627;4.0;125.0;8.0;118.70502956741541;8.0;118.70502956741541;8.0;112.6621862510246;8.0;30.0;4.0;42.153450216784904;4.0;101.98696597345787;2678.694085341845;0.008143891093666398;108823.81401837632;0.0;0.0;102.98889640087214;286.76182334870475;0.6228173901785319;17335.19035080796;0.579097276654958;0.2220267713831356;172.70188222957046;397.0569996824936;0.5481438910936666;108823.81401837632;0.6579875494968715;0.2852383458933574;101.98696597345787;2678.694085341845;0.07467349908486534;108823.81401837632;0.0;0.0;129.36754952709748;286.76182334870475;0.6228173901785319;108823.81401837632;0.579097276654958;0.2220267713831356;152.2078539141247;334.39348313294107;0.6228173901785319;108823.81401837632;0.579097276654958;0.2220267713831356;151.7377256282195;362.64699248328685;0.5400000000000001;108823.81401837632;0.6679108416772891;0.29437869949510526;121.19702989345632;307.7102775946269;0.5400000000000001;108823.81401837632;0.6679108416772891;0.29437869949510526;121.16863824874565;307.65980757646287;0.5400000000000001;17335.19035080796;0.6679108416772891;0.29437869949510526;102.98889640087214;2692.281960522523;0.08281739017853174;17335.19035080796;0.0;0.0;56.99944725715443;238.62232229210696;0.08281739017853174;17335.19035080796;0.0;0.0;57.003144456786345;238.7152347104199;0.08281739017853174;108823.81401837632;0.0;0.0;"Zustand 3: Temperatur 425.358 K liegt außerhalb des Boryta-Prüfbereichs; Kristallisation wurde nicht bewertet.";"Zustand 4: Temperatur 424.888 K liegt außerhalb des Boryta-Prüfbereichs; Kristallisation wurde nicht bewertet.";"Zustand 5: Temperatur 394.347 K liegt außerhalb des Boryta-Prüfbereichs; Kristallisation wurde nicht bewertet.";"Zustand 6: Temperatur 394.319 K liegt außerhalb des Boryta-Prüfbereichs; Kristallisation wurde nicht bewertet.";"Zustand 20: Temperatur 445.852 K liegt außerhalb des Boryta-Prüfbereichs; Kristallisation wurde nicht bewertet.";5
series_desorber_to_evaporator;Serie Desorber → Verdampfer;series_desorber_to_evaporator;125.0;nan;30.0;125.0;8.0;8.0;4.0;125.0;0.5500000000000002;Abwärmetemperatur [°C];hot_temperature_C;125.0;10.0;10.0;25.0;15.0;11.0;nan;nan;6.8460356144455674e-18;`gtol` termination condition is satisfied.;4;3.5236243917018673e-07;3.7002798852101897e-09;1;True;;True;0;zulässig;feasible;True;True;True;101.95922503404182;129.27189792838107;151.85946572251834;57.03708189270969;0.09881873615087794;0.2848513225835894;0.2226108829718261;0.293860700592538;209.61430622859882;203.4889368281509;210.74813868007277;202.31967403647255;30.458296663669667;0.5074573708613797;6.63246382735749;28.83901767754992;0.007693391659521632;0.027736945697243394;20.96143058954408;20.348893679892658;8.429925547950756;13.487978266762498;2.7689360686604574;103.1869307547185;0.02026709457795217;2692.6580132249223;286.74178223106134;236.97216488910058;0.012827559810818623;0.6200978830285934;0.5919169700491657;0.2312854292801258;-2.8476243585373595e-09;-9.159536418223979e-08;4.832037348023732e-08;-1.1297212054728334e-09;-1.869611310212349e-08;2.9224338504718617e-08;3.5035071732636425e-08;3.3315802738798084e-07;-2.8476243585373596e-11;-9.159536418223979e-10;4.832037348023733e-10;-1.1297212054728334e-09;-1.869611310212349e-10;2.9224338504718616e-10;3.5035071732636427e-10;3.3315802738798083e-09;147.53674080314585;125.0;118.69772312559593;118.69772312559593;112.64749363885932;42.170390958621454;25.01094658767596;17.374556864094245;61.01653979609705;27.037081892709693;3.923568118841331;15.510792370877425;16.738498091554106;55.60671784341963;0.5150911415759083;8.167124276028687;4.0;0.5500000000000002;108717.42384759853;17366.03891494979;6.260346667426138;0.5150911415759083;deltaT_shex_1_K;shex;True;True;True;True;True;True;True;True;101.95922503404182;2678.6506186274855;0.08292544283941183;108717.42384759853;0.0;0.0;135.0;4.0;147.53674080314585;4.0;125.0;8.0;118.69772312559593;8.0;118.69772312559593;8.0;112.64749363885932;8.0;30.0;4.0;42.170390958621454;4.0;101.95922503404182;2678.6506186274855;0.008194587456142549;108717.42384759853;0.0;0.0;103.1869307547185;286.74178223106253;0.632925442839412;17366.03891494979;0.5799205328348843;0.2226108829718261;172.5476873908218;396.6016964604553;0.5581945874561427;108717.42384759853;0.6575600506243657;0.2848513225835894;101.95922503404182;2678.6506186274855;0.07473085538326929;108717.42384759853;0.0;0.0;129.27189792838107;286.74178223106253;0.632925442839412;108717.42384759853;0.5799205328348843;0.2226108829718261;152.37455686409425;334.86482264326105;0.632925442839412;108717.42384759853;0.5799205328348843;0.2226108829718261;151.85946572251834;362.60087932668586;0.5500000000000002;108717.42384759853;0.6673572001021578;0.293860700592538;121.10477365235238;307.22215811483625;0.5500000000000002;108717.42384759853;0.6673572001021578;0.293860700592538;121.07643188115867;307.1717273044776;0.5500000000000002;17366.03891494979;0.6673572001021578;0.293860700592538;103.1869307547185;2692.6580132249223;0.08292544283941183;17366.03891494979;0.0;0.0;57.03708189270969;238.77980817011533;0.08292544283941183;17366.03891494979;0.0;0.0;57.040775795439686;238.87258297355436;0.08292544283941183;108717.42384759853;0.0;0.0;"Zustand 3: Temperatur 425.525 K liegt außerhalb des Boryta-Prüfbereichs; Kristallisation wurde nicht bewertet.";"Zustand 4: Temperatur 425.009 K liegt außerhalb des Boryta-Prüfbereichs; Kristallisation wurde nicht bewertet.";"Zustand 5: Temperatur 394.255 K liegt außerhalb des Boryta-Prüfbereichs; Kristallisation wurde nicht bewertet.";"Zustand 6: Temperatur 394.226 K liegt außerhalb des Boryta-Prüfbereichs; Kristallisation wurde nicht bewertet.";"Zustand 20: Temperatur 445.698 K liegt außerhalb des Boryta-Prüfbereichs; Kristallisation wurde nicht bewertet.";5
series_desorber_to_evaporator;Serie Desorber → Verdampfer;series_desorber_to_evaporator;125.0;nan;30.0;125.0;8.0;8.0;4.0;125.0;0.5600000000000002;Abwärmetemperatur [°C];hot_temperature_C;125.0;10.0;10.0;25.0;15.0;11.0;nan;nan;5.4382872782592034e-18;`gtol` termination condition is satisfied.;4;3.111925914208046e-07;3.2979652145707067e-09;1;True;;True;0;zulässig;feasible;True;True;True;101.93279157426116;129.17885047801013;151.97432077951675;57.07324333469245;0.0993095184347377;0.2844721755853969;0.22317655894082664;0.2933558113304699;209.80767017247555;203.7610983488615;210.97606264781285;202.556793076831;31.250723995625822;0.5073542942671977;6.744616244349383;28.857398414855368;0.007692112013329467;0.02822068208691062;20.980766987713004;20.376109832262284;8.43904250659155;13.50378620304306;2.840974915573747;103.37815169091778;0.02001063323443457;2693.0211546822484;286.72454269834935;237.58980655871608;0.012867421210020047;0.6301617652865679;0.5925736898267666;0.23176927864760147;-2.5929871583230124e-09;-7.568539572844202e-08;4.389181640362949e-08;-1.0920672699477052e-09;-1.6975889138848288e-08;2.6238666350764106e-08;3.118512381661276e-08;2.9534552936638647e-07;-2.5929871583230123e-11;-7.568539572844202e-10;4.389181640362949e-10;-1.0920672699477052e-09;-1.6975889138848287e-10;2.6238666350764106e-10;3.118512381661276e-10;2.9534552936638648e-09;147.54830563232508;125.0;118.69090721746971;118.69090721746971;112.63358685033961;42.18666856153476;24.849203595081576;17.536295302176427;61.191483129383016;27.07324333469245;4.0142367477204175;15.312755526551939;16.758115643208555;55.556652751303204;0.561974522659682;8.164793174783085;4.0;0.5600000000000002;108616.1280688073;17395.7240376715;6.24384060321907;0.561974522659682;deltaT_shex_1_K;shex;True;True;True;True;True;True;True;True;101.93279157426116;2678.6091965442943;0.08302918649658775;108616.1280688073;0.0;0.0;135.0;4.0;147.54830563232508;4.0;125.0;8.0;118.69090721746971;8.0;118.69090721746971;8.0;112.63358685033961;8.0;30.0;4.0;42.18666856153476;4.0;101.93279157426116;2678.6091965442943;0.008245588527004155;108616.1280688073;0.0;0.0;103.37815169091778;286.7245426983476;0.6430291864965879;17395.7240376715;0.5807159150552677;0.22317655894082664;172.39750922740666;396.15725108517654;0.5682455885270044;108616.1280688073;0.6571406643096747;0.2844721755853969;101.93279157426116;2678.6091965442943;0.07478359796958359;108616.1280688073;0.0;0.0;129.17885047801013;286.7245426983476;0.6430291864965879;108616.1280688073;0.5807159150552677;0.22317655894082664;152.53629530217643;335.32377373152815;0.6430291864965879;108616.1280688073;0.5807159150552677;0.22317655894082664;151.97432077951675;362.5498233512048;0.5600000000000002;108616.1280688073;0.6668165757921612;0.2933558113304699;121.01405730322705;306.7449590686712;0.5600000000000002;108616.1280688073;0.6668165757921612;0.2933558113304699;120.98576325227958;306.694564993516;0.5600000000000002;17395.7240376715;0.6668165757921612;0.2933558113304699;103.37815169091778;2693.0211546822484;0.08302918649658775;17395.7240376715;0.0;0.0;57.07324333469245;238.93112987831393;0.08302918649658775;17395.7240376715;0.0;0.0;57.07693409903641;239.02377334909687;0.08302918649658775;108616.1280688073;0.0;0.0;"Zustand 3: Temperatur 425.686 K liegt außerhalb des Boryta-Prüfbereichs; Kristallisation wurde nicht bewertet.";"Zustand 4: Temperatur 425.124 K liegt außerhalb des Boryta-Prüfbereichs; Kristallisation wurde nicht bewertet.";"Zustand 5: Temperatur 394.164 K liegt außerhalb des Boryta-Prüfbereichs; Kristallisation wurde nicht bewertet.";"Zustand 6: Temperatur 394.136 K liegt außerhalb des Boryta-Prüfbereichs; Kristallisation wurde nicht bewertet.";"Zustand 20: Temperatur 445.548 K liegt außerhalb des Boryta-Prüfbereichs; Kristallisation wurde nicht bewertet.";5
series_desorber_to_evaporator;Serie Desorber → Verdampfer;series_desorber_to_evaporator;125.0;nan;30.0;125.0;8.0;8.0;4.0;125.0;0.5700000000000002;Abwärmetemperatur [°C];hot_temperature_C;125.0;10.0;10.0;25.0;15.0;11.0;nan;nan;4.334511030641931e-18;`gtol` termination condition is satisfied.;4;2.7491433194332784e-07;2.94432030548374e-09;1;True;;True;0;zulässig;feasible;True;True;True;101.90758353145293;129.0884382517496;152.0825394337403;57.108031152251726;0.09980829912957673;0.28410062101455985;0.22372454374800274;0.2928635260503265;209.9866193455896;204.02292157308608;211.18841680551176;202.78472819683927;32.04287864354855;0.5072469600519547;6.856819444515142;28.874451420355626;0.007690922885527587;0.028704991134989137;20.998661908374682;20.402292154959095;8.447536672823917;13.518981877940135;2.912988973266861;103.5629011772341;0.019763201994025963;2693.3720299223355;286.7100955153013;238.18779351870805;0.012907918788345518;0.6402210019324636;0.5932083510278384;0.23223777925973657;-2.3041408780954953e-09;-6.238692407123381e-08;3.960738581554324e-08;-1.0542031136928642e-09;-1.5086158100530156e-08;2.3495118739447207e-08;2.7737229402191588e-08;2.618427572542714e-07;-2.3041408780954953e-11;-6.23869240712338e-10;3.960738581554324e-10;-1.0542031136928642e-09;-1.5086158100530157e-10;2.349511873944721e-10;2.773722940219159e-10;2.618427572542714e-09;147.5590083340664;125.0;118.68455691371076;118.68455691371076;112.6204203049536;42.20232784528025;24.69215186251199;17.693246091654544;61.360573331953844;27.108031152251726;4.103369288452541;15.121655736476669;16.776973382257836;55.50870137784875;0.6107066579142497;8.163559191131242;4.0;0.5700000000000002;108519.60092869471;17424.322394083163;6.228052860497179;0.6107066579142497;deltaT_shex_1_K;shex;True;True;True;True;True;True;True;True;101.90758353145293;2678.569691064912;0.08312892072080891;108519.60092869471;0.0;0.0;135.0;4.0;147.5590083340664;4.0;125.0;8.0;118.68455691371076;8.0;118.68455691371076;8.0;112.6204203049536;8.0;30.0;4.0;42.20232784528025;4.0;101.90758353145293;2678.569691064912;0.008296956185621365;108519.60092869471;0.0;0.0;103.5629011772341;286.7100955153015;0.6531289207208091;17424.322394083163;0.5814846545619322;0.22372454374800274;172.25116019657838;395.72319829562997;0.5782969561856215;108519.60092869471;0.6567291109553192;0.28410062101455985;101.90758353145293;2678.569691064912;0.07483196453518755;108519.60092869471;0.0;0.0;129.0884382517496;286.7100955153015;0.6531289207208091;108519.60092869471;0.5814846545619322;0.22372454374800274;152.69324609165454;335.77066782648507;0.6531289207208091;108519.60092869471;0.5814846545619322;0.22372454374800274;152.0825394337403;362.493939893176;0.5700000000000002;108519.60092869471;0.6662884997363985;0.2928635260503265;120.92487906061837;306.2783633215046;0.5700000000000002;108519.60092869471;0.6662884997363985;0.2928635260503265;120.89663071154746;306.22800368793446;0.5700000000000002;17424.322394083163;0.6662884997363985;0.2928635260503265;103.5629011772341;2693.3720299223355;0.08312892072080891;17424.322394083163;0.0;0.0;57.108031152251726;239.07670401159166;0.08312892072080891;17424.322394083163;0.0;0.0;57.111718927104846;239.16922202841226;0.08312892072080891;108519.60092869471;0.0;0.0;"Zustand 3: Temperatur 425.843 K liegt außerhalb des Boryta-Prüfbereichs; Kristallisation wurde nicht bewertet.";"Zustand 4: Temperatur 425.233 K liegt außerhalb des Boryta-Prüfbereichs; Kristallisation wurde nicht bewertet.";"Zustand 5: Temperatur 394.075 K liegt außerhalb des Boryta-Prüfbereichs; Kristallisation wurde nicht bewertet.";"Zustand 6: Temperatur 394.047 K liegt außerhalb des Boryta-Prüfbereichs; Kristallisation wurde nicht bewertet.";"Zustand 20: Temperatur 445.401 K liegt außerhalb des Boryta-Prüfbereichs; Kristallisation wurde nicht bewertet.";5
series_desorber_to_evaporator;Serie Desorber → Verdampfer;series_desorber_to_evaporator;125.0;nan;30.0;125.0;8.0;8.0;4.0;125.0;0.5800000000000002;Abwärmetemperatur [°C];hot_temperature_C;125.0;10.0;10.0;25.0;15.0;11.0;nan;nan;3.4722669989269854e-18;`gtol` termination condition is satisfied.;4;2.431602375404687e-07;2.6352483749836506e-09;1;True;;True;0;zulässig;feasible;True;True;True;101.88352455968749;129.0006801979946;152.18436530448457;57.141537875973825;0.10031546208788646;0.28373638946477087;0.22425554412745088;0.2923833630513107;210.15187823370667;204.27510291307092;211.38598125244755;203.00412022477187;32.834548293495054;0.5071353719226315;6.96906617188953;28.890243352866662;0.007689822034165474;0.02918984548488481;21.01518780015702;20.427510289185914;8.455439250635902;13.533608013344221;2.984958940506323;103.74150012769843;0.01952444176474372;2693.711244392729;286.69842069923294;238.7670048587589;0.01294909639854247;0.6502758272418002;0.5938219557913457;0.23269158277363516;-2.0391652810758387e-09;-5.207449760291638e-08;3.586353614082327e-08;-1.0158479613053828e-09;-1.3449977132040658e-08;2.121177544722741e-08;2.4608567628092715e-08;2.3213647182274144e-07;-2.0391652810758386e-11;-5.207449760291638e-10;3.5863536140823273e-10;-1.0158479613053828e-09;-1.3449977132040658e-10;2.121177544722741e-10;2.4608567628092717e-10;2.3213647182274143e-09;147.56889223885804;125.0;118.67864888599138;118.67864888599138;112.6079515108487;42.21741046130808;24.53957200780684;17.845578423117217;61.52408966639035;27.141537875973825;4.190970514149626;14.937148758292949;16.795124326303892;55.462728709431474;0.6612131186326451;8.163446172022134;4.0;0.5800000000000002;108427.54000435311;17451.90550531892;6.212934167636137;0.6612131186326451;deltaT_shex_1_K;shex;True;True;True;True;True;True;True;True;101.88352455968749;2678.531983048805;0.08322492364034251;108427.54000435311;0.0;0.0;135.0;4.0;147.56889223885804;4.0;125.0;8.0;118.67864888599138;8.0;118.67864888599138;8.0;112.6079515108487;8.0;30.0;4.0;42.21741046130808;4.0;101.88352455968749;2678.531983048805;0.008348746672210024;108427.54000435311;0.0;0.0;103.74150012769843;286.698420699234;0.6632249236403427;17451.90550531892;0.5822279135968713;0.22425554412745088;172.10846424666488;395.2990997351515;0.5883487466722102;108427.54000435311;0.6563251247436509;0.28373638946477087;101.88352455968749;2678.531983048805;0.07487617696813248;108427.54000435311;0.0;0.0;129.0006801979946;286.698420699234;0.6632249236403427;108427.54000435311;0.5822279135968713;0.22425554412745088;152.84557842311722;336.20583081475127;0.6632249236403427;108427.54000435311;0.5822279135968713;0.22425554412745088;152.18436530448457;362.433353354838;0.5800000000000002;108427.54000435311;0.665772523338898;0.2923833630513107;120.83723402597246;305.82206319012386;0.5800000000000002;108427.54000435311;0.665772523338898;0.2923833630513107;120.80902948585037;305.77173587032235;0.5800000000000002;17451.90550531892;0.665772523338898;0.2923833630513107;103.74150012769843;2693.711244392729;0.08322492364034251;17451.90550531892;0.0;0.0;57.141537875973825;239.2169177190492;0.08322492364034251;17451.90550531892;0.0;0.0;57.14522280141722;239.30931578561155;0.08322492364034251;108427.54000435311;0.0;0.0;"Zustand 3: Temperatur 425.996 K liegt außerhalb des Boryta-Prüfbereichs; Kristallisation wurde nicht bewertet.";"Zustand 4: Temperatur 425.334 K liegt außerhalb des Boryta-Prüfbereichs; Kristallisation wurde nicht bewertet.";"Zustand 5: Temperatur 393.987 K liegt außerhalb des Boryta-Prüfbereichs; Kristallisation wurde nicht bewertet.";"Zustand 6: Temperatur 393.959 K liegt außerhalb des Boryta-Prüfbereichs; Kristallisation wurde nicht bewertet.";"Zustand 20: Temperatur 445.258 K liegt außerhalb des Boryta-Prüfbereichs; Kristallisation wurde nicht bewertet.";5
series_desorber_to_evaporator;Serie Desorber → Verdampfer;series_desorber_to_evaporator;125.0;nan;30.0;125.0;8.0;8.0;4.0;125.0;0.5900000000000002;Abwärmetemperatur [°C];hot_temperature_C;125.0;10.0;10.0;25.0;15.0;11.0;nan;nan;2.8073573321110377e-18;`gtol` termination condition is satisfied.;4;2.15578665109088e-07;2.3695389138442263e-09;1;True;;True;0;zulässig;feasible;True;True;True;101.8605435824025;128.91558455381136;152.28003652061955;57.17384954256022;0.10083134588712095;0.2833792250051916;0.22477023133583235;0.2919148632281978;210.30412495833173;204.5182899057282;211.56948668005785;203.21556415670634;33.62553663986321;0.5070195382742844;7.0813493979987685;28.904836620715344;0.007688807174852717;0.02967521829980508;21.03041247521541;20.451828988676453;8.462779467673883;13.547704275636988;3.0568669712407655;103.91424989148868;0.019294009072100913;2694.0393667511635;286.6894888676054;239.3282707112241;0.012990993058453415;0.6603264605566357;0.5944154470406874;0.2331313049268287;-1.8211778751719976e-09;-4.3785206571556046e-08;3.2468847166455816e-08;-9.835625647269808e-10;-1.1789239806603291e-08;1.8963675074701314e-08;2.2151510847834288e-08;2.0617761720131966e-07;-1.8211778751719975e-11;-4.3785206571556044e-10;3.2468847166455814e-10;-9.835625647269808e-10;-1.1789239806603292e-10;1.8963675074701314e-10;2.2151510847834288e-10;2.0617761720131967e-09;147.57799790420643;125.0;118.67316128349108;118.67316128349108;112.59614082425941;42.23195513790239;24.39125804820111;17.993454171970143;61.68229475358629;27.17384954256022;4.277047939945646;14.758911392002403;16.812617701088584;55.4186090739384;0.7134176513505963;8.164469986391737;4.0;0.5900000000000002;108339.66430868041;17478.54010867798;6.1984389791736945;0.7134176513505963;deltaT_shex_1_K;shex;True;True;True;True;True;True;True;True;101.8605435824025;2678.495961550257;0.08331745361508891;108339.66430868041;0.0;0.0;135.0;4.0;147.57799790420643;4.0;125.0;8.0;118.67316128349108;8.0;118.67316128349108;8.0;112.59614082425941;8.0;30.0;4.0;42.23195513790239;4.0;101.8605435824025;2678.495961550257;0.008401010983897186;108339.66430868041;0.0;0.0;103.91424989148868;286.68948886760546;0.6733174536150891;17478.54010867798;0.5829467900128874;0.22477023133583235;171.96925595240754;394.88454198696826;0.5984010109838974;108339.66430868041;0.6559284526989078;0.2833792250051916;101.8605435824025;2678.495961550257;0.07491644263119172;108339.66430868041;0.0;0.0;128.91558455381136;286.68948886760546;0.6733174536150891;108339.66430868041;0.5829467900128874;0.22477023133583235;152.99345417197014;336.6295824435633;0.6733174536150891;108339.66430868041;0.5829467900128874;0.22477023133583235;152.28003652061955;362.3681952306372;0.5900000000000002;108339.66430868041;0.6652682173636733;0.2919148632281978;120.75111456741962;305.37576024473145;0.5900000000000002;108339.66430868041;0.6652682173636733;0.2919148632281978;120.72295206005435;305.3254632645623;0.5900000000000002;17478.54010867798;0.6652682173636733;0.2919148632281978;103.91424989148868;2694.0393667511635;0.08331745361508891;17478.54010867798;0.0;0.0;57.17384954256022;239.35213098223863;0.08331745361508891;17478.54010867798;0.0;0.0;57.17753175032101;239.44441425352503;0.08331745361508891;108339.66430868041;0.0;0.0;"Zustand 3: Temperatur 426.143 K liegt außerhalb des Boryta-Prüfbereichs; Kristallisation wurde nicht bewertet.";"Zustand 4: Temperatur 425.430 K liegt außerhalb des Boryta-Prüfbereichs; Kristallisation wurde nicht bewertet.";"Zustand 5: Temperatur 393.901 K liegt außerhalb des Boryta-Prüfbereichs; Kristallisation wurde nicht bewertet.";"Zustand 6: Temperatur 393.873 K liegt außerhalb des Boryta-Prüfbereichs; Kristallisation wurde nicht bewertet.";"Zustand 20: Temperatur 445.119 K liegt außerhalb des Boryta-Prüfbereichs; Kristallisation wurde nicht bewertet.";5
series_desorber_to_evaporator;Serie Desorber → Verdampfer;series_desorber_to_evaporator;125.0;nan;30.0;125.0;8.0;8.0;4.0;125.0;0.6000000000000002;Abwärmetemperatur [°C];hot_temperature_C;125.0;10.0;10.0;25.0;15.0;11.0;nan;nan;2.2845708289810236e-18;`gtol` termination condition is satisfied.;4;1.9100124287651531e-07;2.1375550654806644e-09;1;True;;True;0;zulässig;feasible;True;True;True;101.8385743846394;128.83315014560446;152.3697853274009;57.20504619309827;0.10135624722794265;0.28302888424203715;0.2252692432511047;0.29145758880952666;210.4439948401214;204.7530849635789;211.73961811005566;203.41961273272594;34.41566234618431;0.5068994718313642;7.193662317268824;28.918289706647727;0.007687876000652383;0.030161083289750028;21.044399465715113;20.47530849467823;8.46958472482745;13.561307514214812;3.128696580281902;104.08143362843526;0.019071575346971566;2694.356931444457;286.683262511923;239.87237536263032;0.013033643339886103;0.6703731074273365;0.5949897126733682;0.23355752788860396;-1.6283649983961368e-09;-3.691661021321124e-08;2.934987719527271e-08;-9.59732404659519e-10;-1.0630600399963441e-08;1.67966049957613e-08;1.950374439729785e-08;1.829702682698553e-07;-1.6283649983961367e-11;-3.6916610213211244e-10;2.934987719527271e-10;-9.59732404659519e-10;-1.0630600399963441e-10;1.67966049957613e-10;1.9503744397297852e-10;1.829702682698553e-09;147.58636332775848;125.0;118.66807362111075;118.66807362111075;112.58495123077802;42.245997904520266;24.247016391873956;18.13702824365612;61.835435723915;27.20504619309827;4.361611479757926;14.586639992675487;16.82949923647135;55.37622542362783;0.7672429162552135;8.166639483272604;4.0;0.6000000000000002;108255.71257120866;17504.288499527916;6.1845251564568455;0.7672429162552135;deltaT_shex_1_K;shex;True;True;True;True;True;True;True;True;101.8385743846394;2678.461523187247;0.08340675076722237;108255.71257120866;0.0;0.0;135.0;4.0;147.58636332775848;4.0;125.0;8.0;118.66807362111075;8.0;118.66807362111075;8.0;112.58495123077802;8.0;30.0;4.0;42.245997904520266;4.0;101.8385743846394;2678.461523187247;0.008453795251241986;108255.71257120866;0.0;0.0;104.08143362843526;286.6832625119239;0.6834067507672226;17504.288499527916;0.5836423215374451;0.2252692432511047;171.83337971963243;394.4791347578789;0.6084537952512422;108255.71257120866;0.6555388538043012;0.28302888424203715;101.8385743846394;2678.461523187247;0.07495295551598039;108255.71257120866;0.0;0.0;128.83315014560446;286.6832625119239;0.6834067507672226;108255.71257120866;0.5836423215374451;0.2252692432511047;153.13702824365612;337.0422358576624;0.6834067507672226;108255.71257120866;0.5836423215374451;0.2252692432511047;152.3697853274009;362.29860235808786;0.6000000000000002;108255.71257120866;0.664775170953573;0.29145758880952666;120.66651066233186;304.9391651117334;0.6000000000000002;108255.71257120866;0.664775170953573;0.29145758880952666;120.63838852024207;304.88889663958383;0.6000000000000002;17504.288499527916;0.664775170953573;0.29145758880952666;104.08143362843526;2694.356931444457;0.08340675076722237;17504.288499527916;0.0;0.0;57.20504619309827;239.48267869939173;0.08340675076722237;17504.288499527916;0.0;0.0;57.20872580715019;239.57485200586794;0.08340675076722237;108255.71257120866;0.0;0.0;"Zustand 3: Temperatur 426.287 K liegt außerhalb des Boryta-Prüfbereichs; Kristallisation wurde nicht bewertet.";"Zustand 4: Temperatur 425.520 K liegt außerhalb des Boryta-Prüfbereichs; Kristallisation wurde nicht bewertet.";"Zustand 5: Temperatur 393.817 K liegt außerhalb des Boryta-Prüfbereichs; Kristallisation wurde nicht bewertet.";"Zustand 6: Temperatur 393.788 K liegt außerhalb des Boryta-Prüfbereichs; Kristallisation wurde nicht bewertet.";"Zustand 20: Temperatur 444.983 K liegt außerhalb des Boryta-Prüfbereichs; Kristallisation wurde nicht bewertet.";5
series_desorber_to_evaporator;Serie Desorber → Verdampfer;series_desorber_to_evaporator;125.0;nan;30.0;125.0;8.0;8.0;4.0;125.0;0.6100000000000002;Abwärmetemperatur [°C];hot_temperature_C;125.0;10.0;10.0;25.0;15.0;11.0;nan;nan;1.8688803920484673e-18;`gtol` termination condition is satisfied.;4;1.6928048492881755e-07;1.9333289384108787e-09;1;True;;True;0;zulässig;feasible;True;True;True;101.81755524046639;128.75336757666088;152.45383776879225;57.23520233053557;0.10189042420077306;0.28268513545884183;0.2257531863277992;0.29101112217994834;210.5720836323921;204.98004881771524;211.89701829382852;203.61677971393624;35.20475803952359;0.5067751892765234;7.305998341876409;28.93065746287715;0.007687026198744085;0.030647414731894626;21.057208347011287;20.498004880265754;8.475880732131282;13.574451979756391;3.2004325519058736;104.24331757932754;0.018856826258507223;2694.6644410907925;286.6796971827608;240.40006015908884;0.013077077736312726;0.6804159606488198;0.595545589415435;0.2339708024407371;-1.4119052593741799e-09;-3.14410186774694e-08;2.6540618591752718e-08;-9.33948474113322e-10;-9.45351530390326e-09;1.505770796939032e-08;1.7590366496733623e-08;1.6227923538281175e-07;-1.4119052593741798e-11;-3.1441018677469403e-10;2.6540618591752717e-10;-9.33948474113322e-10;-9.453515303903259e-11;1.5057707969390322e-10;1.7590366496733624e-10;1.6227923538281175e-09;147.5940241406933;125.0;118.66336667781616;118.66336667781616;112.57434814570081;42.259572297710235;24.106664917608327;18.27644890330697;61.9837452816173;27.23520233053557;4.44467313707014;14.420049098488619;16.845811437349766;55.335468678145105;0.822611134514716;8.169957370741827;4.0;0.6100000000000002;108175.44167417668;17529.20884826678;6.171153679013451;0.822611134514716;deltaT_shex_1_K;shex;True;True;True;True;True;True;True;True;101.81755524046639;2678.4285715644337;0.08349303838513233;108175.44167417668;0.0;0.0;135.0;4.0;147.5940241406933;4.0;125.0;8.0;118.66336667781616;8.0;118.66336667781616;8.0;112.57434814570081;8.0;30.0;4.0;42.259572297710235;4.0;101.81755524046639;2678.4285715644337;0.008507141098872562;108175.44167417668;0.0;0.0;104.24331757932754;286.6796971827603;0.6934930383851325;17529.20884826678;0.5843154897068078;0.2257531863277992;171.70068905830163;394.08250921568435;0.6185071410988727;108175.44167417668;0.6551560981919887;0.28268513545884183;101.81755524046639;2678.4285715644337;0.07498589728625978;108175.44167417668;0.0;0.0;128.75336757666088;286.6796971827603;0.6934930383851325;108175.44167417668;0.5843154897068078;0.2257531863277992;153.27644890330697;337.4440972429273;0.6934930383851325;108175.44167417668;0.5843154897068078;0.2257531863277992;152.45383776879225;362.22471537221855;0.6100000000000002;108175.44167417668;0.6642929907086405;0.29101112217994834;120.58341020591905;304.5119972723243;0.6100000000000002;108175.44167417668;0.6642929907086405;0.29101112217994834;120.55532686292986;304.46175560882944;0.6100000000000002;17529.20884826678;0.6642929907086405;0.29101112217994834;104.24331757932754;2694.6644410907925;0.08349303838513233;17529.20884826678;0.0;0.0;57.23520233053557;239.60887259903427;0.08349303838513233;17529.20884826678;0.0;0.0;57.238879467555705;239.70094046897196;0.08349303838513233;108175.44167417668;0.0;0.0;"Zustand 3: Temperatur 426.426 K liegt außerhalb des Boryta-Prüfbereichs; Kristallisation wurde nicht bewertet.";"Zustand 4: Temperatur 425.604 K liegt außerhalb des Boryta-Prüfbereichs; Kristallisation wurde nicht bewertet.";"Zustand 5: Temperatur 393.733 K liegt außerhalb des Boryta-Prüfbereichs; Kristallisation wurde nicht bewertet.";"Zustand 6: Temperatur 393.705 K liegt außerhalb des Boryta-Prüfbereichs; Kristallisation wurde nicht bewertet.";"Zustand 20: Temperatur 444.851 K liegt außerhalb des Boryta-Prüfbereichs; Kristallisation wurde nicht bewertet.";5
series_desorber_to_evaporator;Serie Desorber → Verdampfer;series_desorber_to_evaporator;125.0;nan;30.0;125.0;8.0;8.0;4.0;125.0;0.6200000000000002;Abwärmetemperatur [°C];hot_temperature_C;125.0;10.0;10.0;25.0;15.0;11.0;nan;nan;1.5405685699229569e-18;`gtol` termination condition is satisfied.;4;1.502890211238752e-07;1.7553168203620433e-09;1;True;;True;0;zulässig;feasible;True;True;True;101.79742857077196;128.67622030517828;152.5324134371233;57.264387340806024;0.10243409951503886;0.2823477578576545;0.22622263741423693;0.2905750647736327;210.68895046859848;205.19970368644505;212.0422908171043;203.80754289376236;35.99266934162737;0.5066467108775784;7.418351095896468;28.941991380212357;0.007686255464063699;0.031134187483378768;21.06889503244077;20.519970367324262;8.481691633028168;13.58716952520974;3.272060851686354;104.40015223842289;0.018649461085292918;2694.9623686790183;286.6787425760886;240.9120262129173;0.013121323008869368;0.6904552012059202;0.5960838663609326;0.23437164999392432;-1.2294165685489133e-09;-2.6922528206796414e-08;2.401088750048075e-08;-9.06940134104417e-10;-8.599926104579936e-09;1.3202424042901839e-08;1.561625140311662e-08;1.441907784283103e-07;-1.2294165685489133e-11;-2.692252820679641e-10;2.401088750048075e-10;-9.06940134104417e-10;-8.599926104579936e-11;1.3202424042901838e-10;1.561625140311662e-10;1.441907784283103e-09;147.60101378400708;125.0;118.65902240379472;118.65902240379472;112.56429923113438;42.27270955062471;23.970032140928936;18.411858086531083;62.12744268779818;27.264387340806024;4.526246727146258;14.258870165371832;16.861593833022766;55.29623712042053;0.8794446494077874;8.174421016734698;4.0;0.6200000000000002;108098.62522263234;17553.355494874395;6.158288382765181;0.8794446494077874;deltaT_shex_1_K;shex;True;True;True;True;True;True;True;True;101.79742857077196;2678.3970167428624;0.08357652421478934;108098.62522263234;0.0;0.0;135.0;4.0;147.60101378400708;4.0;125.0;8.0;118.65902240379472;8.0;118.65902240379472;8.0;112.56429923113438;8.0;30.0;4.0;42.27270955062471;4.0;101.79742857077196;2678.3970167428624;0.008561085998538786;108098.62522263234;0.0;0.0;104.40015223842289;286.6787425760894;0.7035765242147896;17553.355494874395;0.5849672234916634;0.22622263741423693;171.57104592493602;393.69431649269734;0.628561085998539;108098.62522263234;0.6547799664323116;0.2823477578576545;101.79742857077196;2678.3970167428624;0.07501543821625055;108098.62522263234;0.0;0.0;128.67622030517828;286.6787425760894;0.7035765242147896;108098.62522263234;0.5849672234916634;0.22622263741423693;153.41185808653108;337.83546555202463;0.7035765242147896;108098.62522263234;0.5849672234916634;0.22622263741423693;152.5324134371233;362.1466773412061;0.6200000000000002;108098.62522263234;0.6638212998126458;0.2905750647736327;120.50179928844358;304.09398485272743;0.6200000000000002;108098.62522263234;0.6638212998126458;0.2905750647736327;120.47375327285374;304.0437684213026;0.6200000000000002;17553.355494874395;0.6638212998126458;0.2905750647736327;104.40015223842289;2694.9623686790183;0.08357652421478934;17553.355494874395;0.0;0.0;57.264387340806024;239.73100300164774;0.08357652421478934;17553.355494874395;0.0;0.0;57.268062110713856;239.8229696817206;0.08357652421478934;108098.62522263234;0.0;0.0;"Zustand 3: Temperatur 426.562 K liegt außerhalb des Boryta-Prüfbereichs; Kristallisation wurde nicht bewertet.";"Zustand 4: Temperatur 425.682 K liegt außerhalb des Boryta-Prüfbereichs; Kristallisation wurde nicht bewertet.";"Zustand 5: Temperatur 393.652 K liegt außerhalb des Boryta-Prüfbereichs; Kristallisation wurde nicht bewertet.";"Zustand 6: Temperatur 393.624 K liegt außerhalb des Boryta-Prüfbereichs; Kristallisation wurde nicht bewertet.";"Zustand 20: Temperatur 444.721 K liegt außerhalb des Boryta-Prüfbereichs; Kristallisation wurde nicht bewertet.";5
series_desorber_to_evaporator;Serie Desorber → Verdampfer;series_desorber_to_evaporator;125.0;nan;30.0;125.0;8.0;8.0;4.0;125.0;0.6300000000000002;Abwärmetemperatur [°C];hot_temperature_C;125.0;10.0;10.0;25.0;15.0;11.0;nan;nan;1.2787855221232692e-18;`gtol` termination condition is satisfied.;4;1.3361899756585649e-07;1.5992407711931742e-09;1;True;;True;0;zulässig;feasible;True;True;True;101.77814063139056;128.6016856208243;152.6057252929719;57.29266587798537;0.10298746342812164;0.28201654083077327;0.2266781454576279;0.29014903604823394;210.7951205365628;205.4125361755404;212.17600292302905;203.9923468494865;36.7792539488466;0.5065140601196292;7.530714409545054;28.952339832420876;0.007685561510726092;0.03162137699114977;21.079512040831897;20.54125361637545;8.48704011723829;13.599489789034518;3.343568542906329;104.55217343750581;0.018449192118912442;2695.2511596027407;286.6803435292743;241.40893693375503;0.01316640250995138;0.7004909991306536;0.5966052882444327;0.2347605644679116;-1.0857164056687907e-09;-2.3123021719584358e-08;2.1772621039417572e-08;-8.787744976146428e-10;-7.928207423901767e-09;1.1785886044890503e-08;1.3968730172564392e-08;1.282438120142615e-07;-1.0857164056687907e-11;-2.3123021719584357e-10;2.1772621039417573e-10;-8.787744976146428e-10;-7.928207423901767e-11;1.1785886044890503e-10;1.3968730172564393e-10;1.282438120142615e-09;147.6073636684547;125.0;118.65502383603382;118.65502383603382;112.55477422929079;42.28543876647967;23.836956443721192;18.54339170052299;62.26673467102614;27.29266587798537;4.606347627023354;14.102850398528005;16.876883204643264;55.25843584495112;0.9376664075510917;8.180023176115924;4.0;0.6300000000000002;108025.05224599951;17576.779220373177;6.145895723648169;0.9376664075510917;deltaT_shex_1_K;shex;True;True;True;True;True;True;True;True;101.77814063139056;2678.3667747564205;0.08365740164060476;108025.05224599951;0.0;0.0;135.0;4.0;147.6073636684547;4.0;125.0;8.0;118.65502383603382;8.0;118.65502383603382;8.0;112.55477422929079;8.0;30.0;4.0;42.28543876647967;4.0;101.77814063139056;2678.3667747564205;0.008615663591953465;108025.05224599951;0.0;0.0;104.55217343750581;286.6803435292737;0.713657401640605;17576.779220373177;0.585598402662452;0.2266781454576279;171.4443201121759;393.31422628428106;0.6386156635919537;108025.05224599951;0.65441024884535;0.28201654083077327;101.77814063139056;2678.3667747564205;0.07504173804865129;108025.05224599951;0.0;0.0;128.6016856208243;286.6803435292737;0.713657401640605;108025.05224599951;0.585598402662452;0.2266781454576279;153.543391700523;338.2166323203602;0.713657401640605;108025.05224599951;0.585598402662452;0.2266781454576279;152.6057252929719;362.06463259253616;0.6300000000000002;108025.05224599951;0.6633597372205938;0.29014903604823394;120.42166244470837;303.68486441804043;0.6300000000000002;108025.05224599951;0.6633597372205938;0.29014903604823394;120.39365237297665;303.6346717561497;0.6300000000000002;17576.779220373177;0.6633597372205938;0.29014903604823394;104.55217343750581;2695.2511596027407;0.08365740164060476;17576.779220373177;0.0;0.0;57.29266587798537;239.8493404307789;0.08365740164060476;17576.779220373177;0.0;0.0;57.29633838433966;239.94120990508728;0.08365740164060476;108025.05224599951;0.0;0.0;"Zustand 3: Temperatur 426.693 K liegt außerhalb des Boryta-Prüfbereichs; Kristallisation wurde nicht bewertet.";"Zustand 4: Temperatur 425.756 K liegt außerhalb des Boryta-Prüfbereichs; Kristallisation wurde nicht bewertet.";"Zustand 5: Temperatur 393.572 K liegt außerhalb des Boryta-Prüfbereichs; Kristallisation wurde nicht bewertet.";"Zustand 6: Temperatur 393.544 K liegt außerhalb des Boryta-Prüfbereichs; Kristallisation wurde nicht bewertet.";"Zustand 20: Temperatur 444.594 K liegt außerhalb des Boryta-Prüfbereichs; Kristallisation wurde nicht bewertet.";5
series_desorber_to_evaporator;Serie Desorber → Verdampfer;series_desorber_to_evaporator;125.0;nan;30.0;125.0;8.0;8.0;4.0;125.0;0.6400000000000002;Abwärmetemperatur [°C];hot_temperature_C;125.0;10.0;10.0;25.0;15.0;11.0;nan;nan;1.065093641751401e-18;`gtol` termination condition is satisfied.;4;1.1864480256474958e-07;1.4595161127931416e-09;1;True;;True;0;zulässig;feasible;True;True;True;101.75964122669052;128.52973552425027;152.6739795428382;57.32009821886385;0.10355067654443706;0.2816912833034161;0.22712023309369772;0.289732672520442;210.89108752141402;205.61899994544868;212.29868809560767;204.17160546898864;37.56438075780559;0.5063772633490459;7.643082313116838;28.961748299594376;0.007684942081245034;0.03210895929674761;21.089108740753627;20.561899993490776;8.491947524106582;13.611440363764611;3.4149437070733644;104.69960334735282;0.018255744096157888;2695.531233539798;286.6844409197637;241.89142038669598;0.013212336484886622;0.7105235142859015;0.5971105584526412;0.2351380140330171;-8.883773716661381e-10;-2.000142274027894e-08;1.9728958022824372e-08;-8.500591897053766e-10;-7.056883077893872e-09;1.0540901485001086e-08;1.2519478786998661e-08;1.1387774634386005e-07;-8.88377371666138e-12;-2.000142274027894e-10;1.9728958022824373e-10;-8.500591897053766e-10;-7.056883077893872e-11;1.0540901485001086e-10;1.251947878699866e-10;1.1387774634386005e-09;147.61310332065875;125.0;118.65135502106438;118.65135502106438;112.54574480967119;42.29778707807708;23.707285371461808;18.67117990916455;62.40181626927574;27.320098218863848;4.684992551270284;13.951751673711556;16.891713794373857;55.2219762504626;0.9972003663263536;8.186752646427976;4.0;0.6400000000000002;107954.52601042241;17599.52749878853;6.133944562878378;0.9972003663263536;deltaT_shex_1_K;shex;True;True;True;True;True;True;True;True;101.75964122669052;2678.3377671675544;0.08373585077078793;107954.52601042241;0.0;0.0;135.0;4.0;147.61310332065875;4.0;125.0;8.0;118.65135502106438;8.0;118.65135502106438;8.0;112.54574480967119;8.0;30.0;4.0;42.29778707807708;4.0;101.75964122669052;2678.3377671675544;0.008670903998339112;107954.52601042241;0.0;0.0;104.69960334735282;286.6844409197637;0.7237358507707882;17599.52749878853;0.5862098609004158;0.22712023309369772;171.32038869212056;392.9419255729161;0.6486709039983394;107954.52601042241;0.6540467448808729;0.2816912833034161;101.75964122669052;2678.3377671675544;0.07506494677244882;107954.52601042241;0.0;0.0;128.52973552425027;286.6844409197637;0.7237358507707882;107954.52601042241;0.5862098609004158;0.22712023309369772;153.67117990916455;338.5878815435756;0.7237358507707882;107954.52601042241;0.5862098609004158;0.22712023309369772;152.6739795428382;361.97872569644494;0.6400000000000002;107954.52601042241;0.6629079568890432;0.289732672520442;120.3429828778223;303.28438076098564;0.6400000000000002;107954.52601042241;0.6629079568890432;0.289732672520442;120.31500744872972;303.2342105120845;0.6400000000000002;17599.52749878853;0.6629079568890432;0.289732672520442;104.69960334735282;2695.531233539798;0.08373585077078793;17599.52749878853;0.0;0.0;57.32009821886385;239.96413709631324;0.08373585077078793;17599.52749878853;0.0;0.0;57.32376855920859;240.05591310396713;0.08373585077078793;107954.52601042241;0.0;0.0;"Zustand 3: Temperatur 426.821 K liegt außerhalb des Boryta-Prüfbereichs; Kristallisation wurde nicht bewertet.";"Zustand 4: Temperatur 425.824 K liegt außerhalb des Boryta-Prüfbereichs; Kristallisation wurde nicht bewertet.";"Zustand 5: Temperatur 393.493 K liegt außerhalb des Boryta-Prüfbereichs; Kristallisation wurde nicht bewertet.";"Zustand 6: Temperatur 393.465 K liegt außerhalb des Boryta-Prüfbereichs; Kristallisation wurde nicht bewertet.";"Zustand 20: Temperatur 444.470 K liegt außerhalb des Boryta-Prüfbereichs; Kristallisation wurde nicht bewertet.";5
series_desorber_to_evaporator;Serie Desorber → Verdampfer;series_desorber_to_evaporator;125.0;nan;30.0;125.0;8.0;8.0;4.0;125.0;0.6500000000000002;Abwärmetemperatur [°C];hot_temperature_C;125.0;10.0;10.0;25.0;15.0;11.0;nan;nan;8.967769016191682e-19;`gtol` termination condition is satisfied.;4;1.0582232681562973e-07;1.3392362761060262e-09;1;True;;True;0;zulässig;feasible;True;True;True;101.74188344695926;128.4603375168973;152.73737557071308;57.34674058862993;0.10412387242730857;0.2813717931287095;0.22754939813333555;0.2893256268629379;210.9773158395119;205.81951816320986;212.4108484257416;204.3457042702201;38.34792904008768;0.5062363494340235;7.755449030789052;28.97025957251094;0.007684394954046956;0.03259691103764282;21.09773157379107;20.581951815383942;8.49643393728253;13.623046950602115;3.4861753688583708;104.84265140332843;0.018068853656944654;2695.8029861897703;286.69097247234305;242.36007149098288;0.013259142352244346;0.7205528970821596;0.5976003418026876;0.235504442727543;-7.684874958613364e-10;-1.735440235961505e-08;1.789328507584287e-08;-8.208438928569706e-10;-6.321670298348181e-09;9.370438647238188e-09;1.118837644753512e-08;1.0160121632907249e-07;-7.684874958613363e-12;-1.7354402359615052e-10;1.789328507584287e-10;-8.208438928569706e-10;-6.32167029834818e-11;9.370438647238188e-11;1.118837644753512e-10;1.0160121632907249e-09;147.6182605167172;125.0;118.64800094420627;118.64800094420627;112.53718442894848;42.30977979445038;23.580874988783762;18.795347404846666;62.532871608878054;27.346740588629928;4.762199350996525;13.805349540877842;16.90611749724701;55.1867755739529;1.057971834133582;8.194594857142306;4.0;0.6500000000000002;107886.86293374274;17621.64473026642;6.122405972039569;1.057971834133582;deltaT_shex_1_K;shex;True;True;True;True;True;True;True;True;101.74188344695926;2678.3099206596894;0.08381203943440374;107886.86293374274;0.0;0.0;135.0;4.0;147.6182605167172;4.0;125.0;8.0;118.64800094420627;8.0;118.64800094420627;8.0;112.53718442894848;8.0;30.0;4.0;42.30977979445038;4.0;101.74188344695926;2678.3099206596894;0.00872683410194041;107886.86293374274;0.0;0.0;104.84265140332843;286.69097247234157;0.733812039434404;17621.64473026642;0.5868023886813147;0.22754939813333555;171.19913550550098;392.57711745555196;0.6587268341019407;107886.86293374274;0.6536892625470633;0.2813717931287095;101.74188344695926;2678.3099206596894;0.07508520533246332;107886.86293374274;0.0;0.0;128.4603375168973;286.69097247234157;0.733812039434404;107886.86293374274;0.5868023886813147;0.22754939813333555;153.79534740484667;338.9494896120234;0.733812039434404;107886.86293374274;0.5868023886813147;0.22754939813333555;152.73737557071308;361.8891005985791;0.6500000000000002;107886.86293374274;0.6624656270511003;0.2893256268629379;120.265742659755;302.89228668956963;0.6500000000000002;107886.86293374274;0.6624656270511003;0.2893256268629379;120.23780064900347;302.8421375956656;0.6500000000000002;17621.64473026642;0.6624656270511003;0.2893256268629379;104.84265140332843;2695.8029861897703;0.08381203943440374;17621.64473026642;0.0;0.0;57.34674058862993;240.07562825694723;0.08381203943440374;17621.64473026642;0.0;0.0;57.35040885499558;240.16731430832962;0.08381203943440374;107886.86293374274;0.0;0.0;"Zustand 3: Temperatur 426.945 K liegt außerhalb des Boryta-Prüfbereichs; Kristallisation wurde nicht bewertet.";"Zustand 4: Temperatur 425.887 K liegt außerhalb des Boryta-Prüfbereichs; Kristallisation wurde nicht bewertet.";"Zustand 5: Temperatur 393.416 K liegt außerhalb des Boryta-Prüfbereichs; Kristallisation wurde nicht bewertet.";"Zustand 6: Temperatur 393.388 K liegt außerhalb des Boryta-Prüfbereichs; Kristallisation wurde nicht bewertet.";"Zustand 20: Temperatur 444.349 K liegt außerhalb des Boryta-Prüfbereichs; Kristallisation wurde nicht bewertet.";5
series_desorber_to_evaporator;Serie Desorber → Verdampfer;series_desorber_to_evaporator;125.0;nan;30.0;125.0;8.0;8.0;4.0;125.0;0.6600000000000003;Abwärmetemperatur [°C];hot_temperature_C;125.0;10.0;10.0;25.0;15.0;11.0;nan;nan;7.571664982492203e-19;`gtol` termination condition is satisfied.;4;9.423012268385051e-08;1.2305823810287715e-09;1;True;;True;0;zulässig;feasible;True;True;True;101.72482342729779;128.39345530718577;152.79610591679227;57.372645460419164;0.10470716003861227;0.2810578865343211;0.22796611495334276;0.28892756705709166;211.05424268413583;206.0144857569103;212.512956782122;204.51500253090146;39.129787666845985;0.5060913494428737;7.867808974373048;28.977913939904113;0.0076839179494562065;0.03308520944547532;21.105424259368462;20.601448574861347;8.50051827150898;13.634333501387857;3.5572534256393635;104.98151516123346;0.017888268825038748;2696.066790880909;286.6998734778098;242.81545406954234;0.013306834963072944;0.7305792891344678;0.5980752671057409;0.23586027195962075;-6.276792419157573e-10;-1.5187012536443945e-08;1.6258070445474004e-08;-7.914948141340972e-10;-5.602515784630668e-09;8.296808573504677e-09;1.0083596180265886e-08;9.045120918926841e-08;-6.276792419157573e-12;-1.5187012536443944e-10;1.6258070445474005e-10;-7.914948141340972e-10;-5.6025157846306685e-11;8.296808573504677e-11;1.0083596180265886e-10;9.045120918926841e-10;147.6228614045536;125.0;118.64494746464948;118.64494746464948;112.52906820236177;42.32144053570039;23.457589289063094;18.91601366717714;62.66007462553307;27.372645460419164;4.837986833837874;13.663432303416016;16.920124037351684;55.15275646284147;1.1199077503848685;8.203532396235573;4.0;0.6600000000000003;107821.89159283007;17643.172456980046;6.111253055862595;1.1199077503848685;deltaT_shex_1_K;shex;True;True;True;True;True;True;True;True;101.72482342729779;2678.283166662859;0.08388612409754048;107821.89159283007;0.0;0.0;135.0;4.0;147.6228614045536;4.0;125.0;8.0;118.64494746464948;8.0;118.64494746464948;8.0;112.52906820236177;8.0;30.0;4.0;42.32144053570039;4.0;101.72482342729779;2678.283166662859;0.008783477820900061;107821.89159283007;0.0;0.0;104.98151516123346;286.69987347781074;0.7438861240975407;17643.172456980046;0.5873767359501465;0.22796611495334276;171.08045069361668;392.2195200687553;0.6687834778209003;107821.89159283007;0.6533376178882314;0.2810578865343211;101.72482342729779;2678.283166662859;0.07510264627664043;107821.89159283007;0.0;0.0;128.39345530718577;286.69987347781074;0.7438861240975407;107821.89159283007;0.5873767359501465;0.22796611495334276;153.91601366717714;339.3017252925855;0.7438861240975407;107821.89159283007;0.5873767359501465;0.22796611495334276;152.79610591679227;361.79589988577476;0.6600000000000003;107821.89159283007;0.6620324295318468;0.28892756705709166;120.1899229109502;302.508342813845;0.6600000000000003;107821.89159283007;0.6620324295318468;0.28892756705709166;120.16201316616213;302.45821370862456;0.6600000000000003;17643.172456980046;0.6620324295318468;0.28892756705709166;104.98151516123346;2696.066790880909;0.08388612409754048;17643.172456980046;0.0;0.0;57.372645460419164;240.1840334732322;0.08388612409754048;17643.172456980046;0.0;0.0;57.376311739520304;240.27563286505202;0.08388612409754048;107821.89159283007;0.0;0.0;"Zustand 3: Temperatur 427.066 K liegt außerhalb des Boryta-Prüfbereichs; Kristallisation wurde nicht bewertet.";"Zustand 4: Temperatur 425.946 K liegt außerhalb des Boryta-Prüfbereichs; Kristallisation wurde nicht bewertet.";"Zustand 5: Temperatur 393.340 K liegt außerhalb des Boryta-Prüfbereichs; Kristallisation wurde nicht bewertet.";"Zustand 6: Temperatur 393.312 K liegt außerhalb des Boryta-Prüfbereichs; Kristallisation wurde nicht bewertet.";"Zustand 20: Temperatur 444.230 K liegt außerhalb des Boryta-Prüfbereichs; Kristallisation wurde nicht bewertet.";5
series_desorber_to_evaporator;Serie Desorber → Verdampfer;series_desorber_to_evaporator;125.0;nan;30.0;125.0;8.0;8.0;4.0;125.0;0.6700000000000003;Abwärmetemperatur [°C];hot_temperature_C;125.0;10.0;10.0;25.0;15.0;11.0;nan;nan;6.431924365487632e-19;`gtol` termination condition is satisfied.;4;8.400036376456878e-08;1.1341890817220585e-09;1;True;;True;0;zulässig;feasible;True;True;True;101.70842012603936;128.3290494403688;152.85035629758352;57.3978618309435;0.10530062599659795;0.28074938761210466;0.2283708357978217;0.2885381755967915;211.12227990305513;206.20427149003436;212.6054588058184;204.6798352454773;39.909854381790346;0.5059422963443866;7.980156737043381;28.984749360404578;0.007683508934384635;0.033573832341636765;21.112227982243017;20.62042714827288;8.504218352435835;13.64532234909481;3.62816858136397;105.1163810888782;0.01771374851039854;2696.3230000566837;286.7110774295104;243.25810275909424;0.013355426840341966;0.7406028238654249;0.5985359295337419;0.23620590190200821;-5.17808018685173e-10;-1.3213323768468399e-08;1.480157152400352e-08;-7.621265285528978e-10;-5.077481546322815e-09;7.3055446137004765e-09;9.055156624526717e-09;8.062497158789483e-08;-5.17808018685173e-12;-1.3213323768468398e-10;1.480157152400352e-10;-7.621265285528978e-10;-5.077481546322815e-11;7.305544613700476e-11;9.055156624526717e-11;8.062497158789483e-10;147.62693061621144;125.0;118.64218125580686;118.64218125580686;112.52137278554738;42.33279135705948;23.337299651648948;19.03329320888338;62.78358973181872;27.397861830943498;4.9123746030620055;13.525800166928661;16.933761129767504;55.119846580911485;1.182936911299862;8.213545479514721;4.0;0.6700000000000003;107759.45181435699;17664.149563098596;6.100460790904565;1.182936911299862;deltaT_shex_1_K;shex;True;True;True;True;True;True;True;True;101.70842012603936;2678.257441009507;0.08395825070576657;107759.45181435699;0.0;0.0;135.0;4.0;147.62693061621144;4.0;125.0;8.0;118.64218125580686;8.0;118.64218125580686;8.0;112.52137278554738;8.0;30.0;4.0;42.33279135705948;4.0;101.70842012603936;2678.257441009507;0.00884085635689653;107759.45181435699;0.0;0.0;105.1163810888782;286.7110774295107;0.7539582507057668;17664.149563098596;0.5879336146035435;0.2283708357978217;170.9642302678604;391.8688655987436;0.6788408563568968;107759.45181435699;0.6529916345027442;0.28074938761210466;101.70842012603936;2678.257441009507;0.07511739434887003;107759.45181435699;0.0;0.0;128.3290494403688;286.7110774295107;0.7539582507057668;107759.45181435699;0.5879336146035435;0.2283708357978217;154.03329320888338;339.64484974970406;0.7539582507057668;107759.45181435699;0.5879336146035435;0.2283708357978217;152.85035629758352;361.6992641711999;0.6700000000000003;107759.45181435699;0.6616080591009045;0.2885381755967915;120.11550396085408;302.132317331934;0.6700000000000003;107759.45181435699;0.6616080591009045;0.2885381755967915;120.087625396938;302.0822071344092;0.6700000000000003;17664.149563098596;0.6616080591009045;0.2885381755967915;105.1163810888782;2696.3230000566837;0.08395825070576657;17664.149563098596;0.0;0.0;57.3978618309435;240.28955776068443;0.08395825070576657;17664.149563098596;0.0;0.0;57.4015262046359;240.38107358991854;0.08395825070576657;107759.45181435699;0.0;0.0;"Zustand 3: Temperatur 427.183 K liegt außerhalb des Boryta-Prüfbereichs; Kristallisation wurde nicht bewertet.";"Zustand 4: Temperatur 426.000 K liegt außerhalb des Boryta-Prüfbereichs; Kristallisation wurde nicht bewertet.";"Zustand 5: Temperatur 393.266 K liegt außerhalb des Boryta-Prüfbereichs; Kristallisation wurde nicht bewertet.";"Zustand 6: Temperatur 393.238 K liegt außerhalb des Boryta-Prüfbereichs; Kristallisation wurde nicht bewertet.";"Zustand 20: Temperatur 444.114 K liegt außerhalb des Boryta-Prüfbereichs; Kristallisation wurde nicht bewertet.";5
series_desorber_to_evaporator;Serie Desorber → Verdampfer;series_desorber_to_evaporator;125.0;nan;30.0;125.0;8.0;8.0;4.0;125.0;0.6800000000000003;Abwärmetemperatur [°C];hot_temperature_C;125.0;10.0;10.0;25.0;15.0;11.0;nan;nan;5.507064736700128e-19;`gtol` termination condition is satisfied.;4;7.509740539071004e-08;1.0494822282154308e-09;1;True;;True;0;zulässig;feasible;True;True;True;101.69263512106414;128.26707785806792;152.90030566175454;57.4224354741325;0.10590433666845064;0.28044612785029277;0.228763991997402;0.28815714874054993;211.18181572376324;206.38921987047053;212.68877474611136;204.8405149237398;40.688035122782225;0.505789224728998;8.092487087109934;28.99080162062313;0.0076831658259414745;0.03406275813077056;21.118181565167934;20.638921986408736;8.50755099002752;13.65603432771732;3.6989122849485994;105.24742529856815;0.017545062031267454;2696.5719466516616;286.724516582774;243.68852479075687;0.013404928399186833;0.7506236270597568;0.5989828928065604;0.23654171278854264;-4.2580694525895524e-10;-1.1652367959413823e-08;1.347825673292391e-08;-7.331470985860733e-10;-4.576634182740236e-09;6.383174877555575e-09;7.979991778483964e-09;7.208390684354526e-08;-4.258069452589552e-12;-1.1652367959413823e-10;1.347825673292391e-10;-7.331470985860733e-10;-4.5766341827402357e-11;6.383174877555576e-11;7.979991778483964e-11;7.208390684354527e-10;147.6304913710385;125.0;118.63968975041536;118.63968975041536;112.51407626585376;42.343852863066445;23.219884343605997;19.147295809836862;62.9035724355017;27.4224354741325;4.9853829138542665;13.392264451847211;16.947054629351214;55.08797824622076;1.2469901480823182;8.224612366776114;4.0;0.6800000000000003;107699.39384165256;17684.612459929445;6.090005878595444;1.2469901480823182;deltaT_shex_1_K;shex;True;True;True;True;True;True;True;True;101.69263512106414;2678.2326836179454;0.08402855545894339;107699.39384165256;0.0;0.0;135.0;4.0;147.6304913710385;4.0;125.0;8.0;118.63968975041536;8.0;118.63968975041536;8.0;112.51407626585376;8.0;30.0;4.0;42.343852863066445;4.0;101.69263512106414;2678.2326836179454;0.008898988427087516;107699.39384165256;0.0;0.0;105.24742529856815;286.72451658277413;0.7640285554589437;17684.612459929445;0.5884737007966012;0.228763991997402;170.85037571464449;391.5248993724329;0.6888989884270877;107699.39384165256;0.6526511431014232;0.28044612785029277;101.69263512106414;2678.2326836179454;0.07512956703185587;107699.39384165256;0.0;0.0;128.26707785806792;286.72451658277413;0.7640285554589437;107699.39384165256;0.5884737007966012;0.228763991997402;154.14729580983686;339.9791166001012;0.7640285554589437;107699.39384165256;0.5884737007966012;0.228763991997402;152.90030566175454;361.59933158617775;0.6800000000000003;107699.39384165256;0.6611922228605966;0.28815714874054993;120.04246549129181;301.7639858167542;0.6800000000000003;107699.39384165256;0.6611922228605966;0.28815714874054993;120.01461708614573;301.7138935253854;0.6800000000000003;17684.612459929445;0.6611922228605966;0.28815714874054993;105.24742529856815;2696.5719466516616;0.08402855545894339;17684.612459929445;0.0;0.0;57.4224354741325;240.39239265096342;0.08402855545894339;17684.612459929445;0.0;0.0;57.426098019633;240.48382782777895;0.08402855545894339;107699.39384165256;0.0;0.0;"Zustand 3: Temperatur 427.297 K liegt außerhalb des Boryta-Prüfbereichs; Kristallisation wurde nicht bewertet.";"Zustand 4: Temperatur 426.050 K liegt außerhalb des Boryta-Prüfbereichs; Kristallisation wurde nicht bewertet.";"Zustand 5: Temperatur 393.192 K liegt außerhalb des Boryta-Prüfbereichs; Kristallisation wurde nicht bewertet.";"Zustand 6: Temperatur 393.165 K liegt außerhalb des Boryta-Prüfbereichs; Kristallisation wurde nicht bewertet.";"Zustand 20: Temperatur 444.000 K liegt außerhalb des Boryta-Prüfbereichs; Kristallisation wurde nicht bewertet.";5
series_desorber_to_evaporator;Serie Desorber → Verdampfer;series_desorber_to_evaporator;125.0;nan;30.0;125.0;8.0;8.0;4.0;125.0;0.6900000000000003;Abwärmetemperatur [°C];hot_temperature_C;125.0;10.0;10.0;25.0;15.0;11.0;nan;nan;4.733425695076818e-19;`gtol` termination condition is satisfied.;4;6.710921562080933e-08;9.729774606923654e-10;1;True;;True;0;zulässig;feasible;True;True;True;101.6774324224092;128.20749639392324;152.9461262766972;57.44640917463704;0.10651834009386828;0.28014794570177665;0.22914599511196862;0.28778419580814724;211.23321634154212;206.56965290811792;212.76330115221586;204.9973332447246;41.46424339013741;0.5056321705525664;8.204794961870384;28.996104480720703;0.0076828865941215504;0.034551965792548815;21.123321627715942;20.656965290234083;8.51053204625797;13.666488882498383;3.769476672762011;105.37481422516993;0.017381988655191898;2696.813945365427;286.7401224437336;244.10720164995865;0.01345534814915672;0.7606418173749783;0.5994166912144671;0.23686806611962963;-3.3288216627624934e-10;-1.0244711745599488e-08;1.2211103239678778e-08;-7.045353744850047e-10;-4.2333851979492465e-09;5.77708192395221e-09;7.2488433033868205e-09;6.438270361286413e-08;-3.3288216627624934e-12;-1.0244711745599488e-10;1.2211103239678777e-10;-7.045353744850047e-10;-4.2333851979492465e-11;5.77708192395221e-11;7.24884330338682e-11;6.438270361286414e-10;147.6335655706664;125.0;118.6374610899457;118.6374610899457;112.50715806229243;42.3546443126865;23.105228061050298;19.258126739617126;63.020169912483425;27.44640917463704;5.057032545213872;13.262646864775775;16.960028667536506;55.057088097432256;1.3120004629199116;8.236709729662323;4.0;0.6900000000000003;107641.5775705289;17704.595257342193;6.079866611234128;1.3120004629199116;deltaT_shex_1_K;shex;True;True;True;True;True;True;True;True;101.6774324224092;2678.2088382010224;0.08409716552413471;107641.5775705289;0.0;0.0;135.0;4.0;147.6335655706664;4.0;125.0;8.0;118.6374610899457;8.0;118.6374610899457;8.0;112.50715806229243;8.0;30.0;4.0;42.3546443126865;4.0;101.6774324224092;2678.2088382010224;0.008957890478230115;107641.5775705289;0.0;0.0;105.37481422516993;286.7401224437342;0.774097165524135;17704.595257342193;0.5889976370880445;0.22914599511196862;170.7387936317167;391.1873790195995;0.6989578904782304;107641.5775705289;0.652315981099872;0.28014794570177665;101.6774324224092;2678.2088382010224;0.07513927504590459;107641.5775705289;0.0;0.0;128.20749639392324;286.7401224437342;0.774097165524135;107641.5775705289;0.5889976370880445;0.22914599511196862;154.25812673961713;340.3047719952699;0.774097165524135;107641.5775705289;0.5889976370880445;0.22914599511196862;152.9461262766972;361.4962373667037;0.6900000000000003;107641.5775705289;0.6607846396670554;0.28778419580814724;119.97078666426091;301.4031310037033;0.6900000000000003;107641.5775705289;0.6607846396670554;0.28778419580814724;119.94296745478613;301.3530556909605;0.6900000000000003;17704.595257342193;0.6607846396670554;0.28778419580814724;105.37481422516993;2696.813945365427;0.08409716552413471;17704.595257342193;0.0;0.0;57.44640917463704;240.49271716855858;0.08409716552413471;17704.595257342193;0.0;0.0;57.45006996486018;240.5840744282978;0.08409716552413471;107641.5775705289;0.0;0.0;"Zustand 3: Temperatur 427.408 K liegt außerhalb des Boryta-Prüfbereichs; Kristallisation wurde nicht bewertet.";"Zustand 4: Temperatur 426.096 K liegt außerhalb des Boryta-Prüfbereichs; Kristallisation wurde nicht bewertet.";"Zustand 5: Temperatur 393.121 K liegt außerhalb des Boryta-Prüfbereichs; Kristallisation wurde nicht bewertet.";"Zustand 6: Temperatur 393.093 K liegt außerhalb des Boryta-Prüfbereichs; Kristallisation wurde nicht bewertet.";"Zustand 20: Temperatur 443.889 K liegt außerhalb des Boryta-Prüfbereichs; Kristallisation wurde nicht bewertet.";5
series_desorber_to_evaporator;Serie Desorber → Verdampfer;series_desorber_to_evaporator;125.0;nan;30.0;125.0;8.0;8.0;4.0;125.0;0.7000000000000003;Abwärmetemperatur [°C];hot_temperature_C;125.0;10.0;10.0;25.0;15.0;11.0;nan;nan;4.0901809316508615e-19;`gtol` termination condition is satisfied.;4;6.005520366676337e-08;9.044535291158813e-10;1;True;;True;0;zulässig;feasible;True;True;True;101.6627782995933;128.15025921129234;152.98798384034882;57.469822943059626;0.1071426677592278;0.27985468618704196;0.22951723800189455;0.2874190385182528;211.27682738346016;206.74587173409398;212.82941243468838;205.15056257849457;42.23839965931252;0.5054711709018992;8.317075461557398;29.000689808660525;0.007682669263666726;0.035041434871788825;21.127682732588486;20.674587172902598;8.513176497540156;13.676704171464413;3.839854515314706;105.49870525416287;0.017224317158100418;2697.049293842747;286.75782619348917;244.51459062400184;0.013506692879523108;0.7706575068124832;0.599837831489084;0.23718530578327093;-2.3571544716105564e-10;-9.14924669359607e-09;1.1163649560330668e-08;-6.763277160537484e-10;-3.815529225903447e-09;5.0680171170824906e-09;6.528381391035509e-09;5.757530630035035e-08;-2.3571544716105564e-12;-9.149246693596069e-11;1.1163649560330669e-10;-6.763277160537484e-10;-3.815529225903447e-11;5.068017117082491e-11;6.528381391035509e-11;5.757530630035034e-10;147.6361738865706;125.0;118.63548407791006;118.63548407791006;112.50059883333785;42.36518371615392;22.993221506882833;19.365886968813186;63.13352153800895;27.469822943059626;5.127344685865694;13.136778823747193;16.972705778316765;55.02711678653725;1.377903128464368;8.249812975557006;4.0;0.7000000000000003;107585.87184718948;17724.129922650733;6.070022749590603;1.377903128464368;deltaT_shex_1_K;shex;True;True;True;True;True;True;True;True;101.6627782995933;2678.1858519975735;0.08416419969200606;107585.87184718948;0.0;0.0;135.0;4.0;147.6361738865706;4.0;125.0;8.0;118.63548407791006;8.0;118.63548407791006;8.0;112.50059883333785;8.0;30.0;4.0;42.36518371615392;4.0;101.6627782995933;2678.1858519975735;0.009017576884821908;107585.87184718948;0.0;0.0;105.49870525416287;286.7578261934878;0.7841641996920063;17724.129922650733;0.5895060344360888;0.22951723800189455;170.62939539345342;390.85607370134926;0.7090175768848221;107585.87184718948;0.6519859922437522;0.27985468618704196;101.6627782995933;2678.1858519975735;0.07514662280718415;107585.87184718948;0.0;0.0;128.15025921129234;286.7578261934878;0.7841641996920063;107585.87184718948;0.5895060344360888;0.22951723800189455;154.3658869688132;340.6220547261119;0.7841641996920063;107585.87184718948;0.5895060344360888;0.22951723800189455;152.98798384034882;361.39011352197036;0.7000000000000003;107585.87184718948;0.660385039581691;0.2874190385182528;119.90044623573533;301.0495425797586;0.7000000000000003;107585.87184718948;0.660385039581691;0.2874190385182528;119.8726553141343;300.99948338708464;0.7000000000000003;17724.129922650733;0.660385039581691;0.2874190385182528;105.49870525416287;2697.049293842747;0.08416419969200606;17724.129922650733;0.0;0.0;57.469822943059626;240.59069873142482;0.08416419969200606;17724.129922650733;0.0;0.0;57.4734820468006;240.68198064572783;0.08416419969200606;107585.87184718948;0.0;0.0;"Zustand 3: Temperatur 427.516 K liegt außerhalb des Boryta-Prüfbereichs; Kristallisation wurde nicht bewertet.";"Zustand 4: Temperatur 426.138 K liegt außerhalb des Boryta-Prüfbereichs; Kristallisation wurde nicht bewertet.";"Zustand 5: Temperatur 393.050 K liegt außerhalb des Boryta-Prüfbereichs; Kristallisation wurde nicht bewertet.";"Zustand 6: Temperatur 393.023 K liegt außerhalb des Boryta-Prüfbereichs; Kristallisation wurde nicht bewertet.";"Zustand 20: Temperatur 443.779 K liegt außerhalb des Boryta-Prüfbereichs; Kristallisation wurde nicht bewertet.";5
series_desorber_to_evaporator;Serie Desorber → Verdampfer;series_desorber_to_evaporator;125.0;nan;30.0;125.0;8.0;8.0;4.0;125.0;0.7100000000000003;Abwärmetemperatur [°C];hot_temperature_C;125.0;10.0;10.0;25.0;15.0;11.0;nan;nan;3.5505187328853024e-19;`gtol` termination condition is satisfied.;4;5.3797253732627635e-08;8.426765373362786e-10;1;True;;True;0;zulässig;feasible;True;True;True;101.6486411226021;128.09531918844;153.02603761457027;57.492714214146815;0.10777733621919507;0.27956620052816505;0.2298780958334323;0.287061410365161;211.31297526030187;206.91815809337444;212.88746230877194;205.30045738734464;43.010430836806236;0.5053062637817374;8.429323843400176;29.00458770422773;0.0076825119153228335;0.03553114546756698;21.131297520875936;20.69181580888542;8.515498492492606;13.686697158764078;3.9100391677180277;105.61924730351694;0.017071845400746816;2697.278273767205;286.77755905362056;244.9111262452554;0.013558967828723345;0.7806708011527952;0.6002467945362883;0.23749375909875328;-1.7687540321276174e-10;-8.092065684195404e-09;1.0196970379183767e-08;-6.486380876857822e-10;-3.5431924061413156e-09;4.520245511230314e-09;5.883464382350212e-09;5.1542514256652794e-08;-1.7687540321276174e-12;-8.092065684195404e-11;1.0196970379183767e-10;-6.486380876857822e-10;-3.543192406141316e-11;4.5202455112303144e-11;5.883464382350212e-11;5.154251425665279e-10;147.63833584092714;125.0;118.63374813669941;118.63374813669941;112.49438039186253;42.37548792424491;22.88376100176066;19.47067337006382;63.243759379272035;27.492714214146815;5.196340832920953;13.014500833182467;16.98510701409731;54.99800869544134;1.4446357554935503;8.263896531698833;4.0;0.7100000000000003;107532.1538234445;17743.24642765429;6.060455411127409;1.4446357554935503;deltaT_shex_1_K;shex;True;True;True;True;True;True;True;True;101.6486411226021;2678.163675525012;0.08422976898151824;107532.1538234445;0.0;0.0;135.0;4.0;147.63833584092714;4.0;125.0;8.0;118.63374813669941;8.0;118.63374813669941;8.0;112.49438039186253;8.0;30.0;4.0;42.37548792424491;4.0;101.6486411226021;2678.163675525012;0.009078060131186219;107532.1538234445;0.0;0.0;105.61924730351694;286.7775590536208;0.7942297689815185;17743.24642765429;0.589999474057671;0.2298780958334323;170.5220968426878;390.5307633990795;0.7190780601311865;107532.1538234445;0.6516610262635331;0.27956620052816505;101.6486411226021;2678.163675525012;0.07515170885033202;107532.1538234445;0.0;0.0;128.09531918844;286.7775590536208;0.7942297689815185;107532.1538234445;0.589999474057671;0.2298780958334323;154.47067337006382;340.9311963467189;0.7942297689815185;107532.1538234445;0.589999474057671;0.2298780958334323;153.02603761457027;361.28108857631486;0.7100000000000003;107532.1538234445;0.6599931633521707;0.287061410365161;119.83142265674115;300.7030169749302;0.7100000000000003;107532.1538234445;0.6599931633521707;0.287061410365161;119.80365916707905;300.6529731080745;0.7100000000000003;17743.24642765429;0.6599931633521707;0.287061410365161;105.61924730351694;2697.278273767205;0.08422976898151824;17743.24642765429;0.0;0.0;57.492714214146815;240.68649397998288;0.08422976898151824;17743.24642765429;0.0;0.0;57.49637169642119;240.77770296711674;0.08422976898151824;107532.1538234445;0.0;0.0;"Zustand 3: Temperatur 427.621 K liegt außerhalb des Boryta-Prüfbereichs; Kristallisation wurde nicht bewertet.";"Zustand 4: Temperatur 426.176 K liegt außerhalb des Boryta-Prüfbereichs; Kristallisation wurde nicht bewertet.";"Zustand 5: Temperatur 392.981 K liegt außerhalb des Boryta-Prüfbereichs; Kristallisation wurde nicht bewertet.";"Zustand 6: Temperatur 392.954 K liegt außerhalb des Boryta-Prüfbereichs; Kristallisation wurde nicht bewertet.";"Zustand 20: Temperatur 443.672 K liegt außerhalb des Boryta-Prüfbereichs; Kristallisation wurde nicht bewertet.";5
series_desorber_to_evaporator;Serie Desorber → Verdampfer;series_desorber_to_evaporator;125.0;nan;30.0;125.0;8.0;8.0;4.0;125.0;0.7200000000000003;Abwärmetemperatur [°C];hot_temperature_C;125.0;10.0;10.0;25.0;15.0;11.0;nan;nan;3.0952745789147495e-19;`gtol` termination condition is satisfied.;4;4.822977804118871e-08;7.86800429450156e-10;1;True;;True;0;zulässig;feasible;True;True;True;101.63499121522437;128.04262825650136;153.06044057550292;57.515118029682355;0.10842234858497943;0.27928234581004346;0.23022892702236453;0.28671105603108826;211.341968415407;207.08677572047156;212.93778512924024;205.44725551565222;43.78026975640928;0.5051374879217662;8.541535515852848;29.00782661363803;0.0076824126864977384;0.036021078221312924;21.134196836920214;20.708677571652668;8.517511405297276;13.696483700692351;3.980024523963415;105.7365813632814;0.01692437992191126;2697.501151875538;286.7992525989033;245.29722163755164;0.013612176838985746;0.7906818003579367;0.6006440370418092;0.2377937377883873;-7.820233349775663e-11;-7.188283746017987e-09;9.255757049686508e-09;-6.216770986888775e-10;-3.1916442821966484e-09;3.9448764255212154e-09;5.266940661385888e-09;4.620486038220406e-08;-7.820233349775663e-13;-7.188283746017988e-11;9.255757049686508e-11;-6.216770986888775e-10;-3.1916442821966485e-11;3.9448764255212155e-11;5.2669406613858885e-11;4.620486038220406e-10;147.64006988130427;125.0;118.63224326766624;118.63224326766624;112.48848562664796;42.38557271055453;22.776748124945698;19.57257890900223;63.351008652726875;27.515118029682355;5.264042701899086;12.895661904384838;16.997252052441866;54.96971167477761;1.5121383334993084;8.278934093407258;4.0;0.7200000000000003;107480.30836358978;17761.97288499976;6.051146967708663;1.5121383334993084;deltaT_shex_1_K;shex;True;True;True;True;True;True;True;True;101.63499121522437;2678.1422623510753;0.08429397719692211;107480.30836358978;0.0;0.0;135.0;4.0;147.64006988130427;4.0;125.0;8.0;118.63224326766624;8.0;118.63224326766624;8.0;112.48848562664796;8.0;30.0;4.0;42.38557271055453;4.0;101.63499121522437;2678.1422623510753;0.009139350979258996;107480.30836358978;0.0;0.0;105.7365813632814;286.79925259890246;0.8042939771969224;17761.97288499976;0.5904785091610831;0.23022892702236453;170.41681800624997;390.2112382572643;0.7291393509792593;107480.30836358978;0.6513409385549174;0.27928234581004346;101.63499121522437;2678.1422623510753;0.07515462621766311;107480.30836358978;0.0;0.0;128.04262825650136;286.79925259890246;0.8042939771969224;107480.30836358978;0.5904785091610831;0.23022892702236453;154.57257890900223;341.2324213128964;0.8042939771969224;107480.30836358978;0.5904785091610831;0.23022892702236453;153.06044057550292;361.1692873735517;0.7200000000000003;107480.30836358978;0.6596087619201066;0.28671105603108826;119.7636941630941;300.363357156208;0.7200000000000003;107480.30836358978;0.6596087619201066;0.28671105603108826;119.73595729810091;300.3133278809006;0.7200000000000003;17761.97288499976;0.6596087619201066;0.28671105603108826;105.7365813632814;2697.501151875538;0.08429397719692211;17761.97288499976;0.0;0.0;57.515118029682355;240.7802495423989;0.08429397719692211;17761.97288499976;0.0;0.0;57.518773951870344;240.87138787685606;0.08429397719692211;107480.30836358978;0.0;0.0;"Zustand 3: Temperatur 427.723 K liegt außerhalb des Boryta-Prüfbereichs; Kristallisation wurde nicht bewertet.";"Zustand 4: Temperatur 426.210 K liegt außerhalb des Boryta-Prüfbereichs; Kristallisation wurde nicht bewertet.";"Zustand 5: Temperatur 392.914 K liegt außerhalb des Boryta-Prüfbereichs; Kristallisation wurde nicht bewertet.";"Zustand 6: Temperatur 392.886 K liegt außerhalb des Boryta-Prüfbereichs; Kristallisation wurde nicht bewertet.";"Zustand 20: Temperatur 443.567 K liegt außerhalb des Boryta-Prüfbereichs; Kristallisation wurde nicht bewertet.";5
series_desorber_to_evaporator;Serie Desorber → Verdampfer;series_desorber_to_evaporator;125.0;nan;30.0;125.0;8.0;8.0;4.0;125.0;0.7300000000000003;Abwärmetemperatur [°C];hot_temperature_C;125.0;10.0;10.0;25.0;15.0;11.0;nan;nan;2.709792070443239e-19;`gtol` termination condition is satisfied.;4;4.327451863914832e-08;7.361782488559735e-10;1;True;;True;0;zulässig;feasible;True;True;True;101.62180071973654;127.99213769512119;153.09133957788094;57.537067207061284;0.10907769588091663;0.27900298466736073;0.23057007412056035;0.2863677308324937;211.3640984809104;207.25197160874725;212.98069712687354;205.59117937867146;44.54785471362021;0.5049648826038851;8.653706032972009;29.010433435666698;0.007682369771479739;0.036511214304223286;21.13640984394816;20.725197160525656;8.519227885190089;13.706078624930102;4.04980497455102;105.85084099605035;0.016781735548031924;2697.7181808986006;286.8228390229887;245.6732697725743;0.013666322497338235;0.8006905989440172;0.6010299929606402;0.23808553888327813;-3.6919800550094806e-11;-6.441013056246447e-09;8.470351531286724e-09;-5.955883564112696e-10;-2.87869283965847e-09;3.4906975088233594e-09;4.719936441688333e-09;4.142879106439068e-08;-3.6919800550094806e-13;-6.441013056246447e-11;8.470351531286723e-11;-5.955883564112696e-10;-2.87869283965847e-11;3.4906975088233596e-11;4.719936441688333e-11;4.1428791064390677e-10;147.6413934498152;125.0;118.63096001414851;118.63096001414851;112.4828984298581;42.39545284741314;22.672089382691638;19.671692825786295;63.45538814863721;27.537067207061284;5.330472147117064;12.780119018098162;17.009159294411972;54.9421768026761;1.5803532479053501;8.29489884033461;4.0;0.7300000000000003;107430.22749855812;17780.335674431866;6.042080951994785;1.5803532479053501;deltaT_shex_1_K;shex;True;True;True;True;True;True;True;True;101.62180071973654;2678.1215688831476;0.08435692144135509;107430.22749855812;0.0;0.0;135.0;4.0;147.6413934498152;4.0;125.0;8.0;118.63096001414851;8.0;118.63096001414851;8.0;112.4828984298581;8.0;30.0;4.0;42.39545284741314;4.0;101.62180071973654;2678.1215688831476;0.009201458622430506;107430.22749855812;0.0;0.0;105.85084099605035;286.8228390229887;0.8143569214413554;17780.335674431866;0.5909436665623392;0.23057007412056035;170.31348283250685;389.89729797644605;0.7392014586224308;107430.22749855812;0.6510255898837031;0.27900298466736073;101.62180071973654;2678.1215688831476;0.07515546281892459;107430.22749855812;0.0;0.0;127.99213769512119;286.8228390229887;0.8143569214413554;107430.22749855812;0.5909436665623392;0.23057007412056035;154.6716928257863;341.5259471328499;0.8143569214413554;107430.22749855812;0.5909436665623392;0.23057007412056035;153.09133957788094;361.05483093655715;0.7300000000000003;107430.22749855812;0.6592315959547578;0.2863677308324937;119.69723885478658;300.0303724246981;0.7300000000000003;107430.22749855812;0.6592315959547578;0.2863677308324937;119.66952785288294;299.9803570626375;0.7300000000000003;17780.335674431866;0.6592315959547578;0.2863677308324937;105.85084099605035;2697.7181808986006;0.08435692144135509;17780.335674431866;0.0;0.0;57.537067207061284;240.8721027397534;0.08435692144135509;17780.335674431866;0.0;0.0;57.540721627181995;240.96317256117663;0.08435692144135509;107430.22749855812;0.0;0.0;"Zustand 3: Temperatur 427.822 K liegt außerhalb des Boryta-Prüfbereichs; Kristallisation wurde nicht bewertet.";"Zustand 4: Temperatur 426.241 K liegt außerhalb des Boryta-Prüfbereichs; Kristallisation wurde nicht bewertet.";"Zustand 5: Temperatur 392.847 K liegt außerhalb des Boryta-Prüfbereichs; Kristallisation wurde nicht bewertet.";"Zustand 6: Temperatur 392.820 K liegt außerhalb des Boryta-Prüfbereichs; Kristallisation wurde nicht bewertet.";"Zustand 20: Temperatur 443.463 K liegt außerhalb des Boryta-Prüfbereichs; Kristallisation wurde nicht bewertet.";5
series_desorber_to_evaporator;Serie Desorber → Verdampfer;series_desorber_to_evaporator;125.0;nan;30.0;125.0;8.0;8.0;4.0;125.0;0.7400000000000003;Abwärmetemperatur [°C];hot_temperature_C;125.0;10.0;10.0;25.0;15.0;11.0;nan;nan;2.377277524280508e-19;`gtol` termination condition is satisfied.;4;3.879450647062466e-08;6.895328163735949e-10;1;True;;True;0;zulässig;feasible;True;True;True;101.60904347196475;127.94379838981678;153.11887552966198;57.55859249495262;0.1097433582792845;0.278727984994242;0.23090186464898804;0.28603120019756667;211.379641348439;207.41397718155827;213.0164975550728;205.73243705813826;45.313129036291016;0.504788487506686;8.76583108897571;29.012433619974615;0.007682381421255023;0.03700153540411672;21.137964131133593;20.741397717848805;8.520659902307383;13.715495803591201;4.119375367461982;105.96215280150483;0.01664373501851122;2697.929600434956;286.8482513613902;246.03964464263365;0.01372140626378282;0.8106972863266618;0.6014050748991042;0.23836944556764267;3.909406132152071e-11;-5.790788293325022e-09;7.748155894660158e-09;-5.700759864168958e-10;-2.611784566397546e-09;3.0702267395099625e-09;4.2702481550804805e-09;3.710306373250205e-08;3.9094061321520714e-13;-5.7907882933250224e-11;7.748155894660158e-11;-5.700759864168958e-10;-2.611784566397546e-11;3.0702267395099625e-11;4.2702481550804806e-11;3.710306373250205e-10;147.64232304715546;125.0;118.62988942718084;118.62988942718084;112.4776036299877;42.40514217593051;22.569695901589114;19.768100807542737;63.55701062557432;27.55859249495262;5.395651091316438;12.667736625676014;17.02084595521609;54.9153581621336;1.6492252778807597;8.311763623661932;4.0;0.7400000000000003;107381.80992314835;17798.359559886034;6.033241971645837;1.6492252778807597;deltaT_shex_1_K;shex;True;True;True;True;True;True;True;True;101.60904347196475;2678.1015541736915;0.08441869259044432;107381.80992314835;0.0;0.0;135.0;4.0;147.64232304715546;4.0;125.0;8.0;118.62988942718084;8.0;118.62988942718084;8.0;112.4776036299877;8.0;30.0;4.0;42.40514217593051;4.0;101.60904347196475;2678.1015541736915;0.009264390826421911;107381.80992314835;0.0;0.0;105.96215280150483;286.8482513613907;0.8244186925904446;17798.359559886034;0.5913954481936956;0.23090186464898804;170.21201894874457;389.5887512512946;0.7492643908264223;107381.80992314835;0.6507148461120611;0.278727984994242;101.60904347196475;2678.1015541736915;0.07515430176402241;107381.80992314835;0.0;0.0;127.94379838981678;286.8482513613907;0.8244186925904446;107381.80992314835;0.5913954481936956;0.23090186464898804;154.76810080754274;341.8119845270113;0.8244186925904446;107381.80992314835;0.5913954481936956;0.23090186464898804;153.11887552966198;360.937836373193;0.7400000000000003;107381.80992314835;0.6588614354105221;0.28603120019756667;119.63203476615485;299.70387821609586;0.7400000000000003;107381.80992314835;0.6588614354105221;0.28603120019756667;119.60434890868356;299.65387614122545;0.7400000000000003;17798.359559886034;0.6588614354105221;0.28603120019756667;105.96215280150483;2697.929600434956;0.08441869259044432;17798.359559886034;0.0;0.0;57.55859249495262;240.96218223738637;0.08441869259044432;17798.359559886034;0.0;0.0;57.5622454678541;241.0531855588726;0.08441869259044432;107381.80992314835;0.0;0.0;"Zustand 3: Temperatur 427.918 K liegt außerhalb des Boryta-Prüfbereichs; Kristallisation wurde nicht bewertet.";"Zustand 4: Temperatur 426.269 K liegt außerhalb des Boryta-Prüfbereichs; Kristallisation wurde nicht bewertet.";"Zustand 5: Temperatur 392.782 K liegt außerhalb des Boryta-Prüfbereichs; Kristallisation wurde nicht bewertet.";"Zustand 6: Temperatur 392.754 K liegt außerhalb des Boryta-Prüfbereichs; Kristallisation wurde nicht bewertet.";"Zustand 20: Temperatur 443.362 K liegt außerhalb des Boryta-Prüfbereichs; Kristallisation wurde nicht bewertet.";5
series_desorber_to_evaporator;Serie Desorber → Verdampfer;series_desorber_to_evaporator;125.0;nan;30.0;125.0;8.0;8.0;4.0;125.0;0.7500000000000003;Abwärmetemperatur [°C];hot_temperature_C;125.0;10.0;10.0;25.0;15.0;11.0;nan;nan;2.0991365467592928e-19;`gtol` termination condition is satisfied.;4;3.497649572615123e-08;6.479408224150247e-10;1;True;;True;0;zulässig;feasible;True;True;True;101.5966948858071;127.89756105565766;153.14318357448906;57.579722717014704;0.11041930623174127;0.2784572196759928;0.2312246118807806;0.28570123917309864;211.3888581628879;207.5730093741844;213.04546975415565;205.8712233133322;46.0760406882;0.5046083425680843;8.877906512956676;29.013851258371176;0.007682445943014182;0.03749202371183164;21.138885812947866;20.75730093714328;8.521818790261772;13.724748220629387;4.188730972128093;106.07063684779752;0.016510208626704943;2698.1356377622515;286.8754236775666;246.3967023557904;0.013777428587977592;0.8207019471415856;0.6017696753985126;0.23864572796649738;7.034373084024992e-11;-5.2090243229940825e-09;7.163805548771052e-09;-5.45455347555901e-10;-2.388645725659444e-09;2.751590955085703e-09;3.891386768373195e-09;3.3409264688089024e-08;7.034373084024992e-13;-5.2090243229940826e-11;7.163805548771052e-11;-5.45455347555901e-10;-2.388645725659444e-11;2.751590955085703e-11;3.891386768373195e-11;3.3409264688089025e-10;147.64287429203875;125.0;118.62902303366758;118.62902303366758;112.4725869298;42.41465367070481;22.469483145029187;19.861885152116372;63.65598317709271;27.579722717014704;5.459601463662182;12.558386185870063;17.032328147860483;54.88921263524884;1.7187015776273142;8.329501127966296;4.0;0.7500000000000003;107334.96053240556;17816.067798036336;6.024615630629554;1.7187015776273142;deltaT_shex_1_K;shex;True;True;True;True;True;True;True;True;101.5966948858071;2678.08217974035;0.08447937572956288;107334.96053240556;0.0;0.0;135.0;4.0;147.64287429203875;4.0;125.0;8.0;118.62902303366758;8.0;118.62902303366758;8.0;112.4725869298;8.0;30.0;4.0;42.41465367070481;4.0;101.5966948858071;2678.08217974035;0.009328154058948934;107334.96053240556;0.0;0.0;106.07063684779752;286.87542367756805;0.8344793757295632;17816.067798036336;0.5918343325124586;0.2312246118807806;170.11235743706794;389.2854152511761;0.7593281540589493;107334.96053240556;0.6504085779459107;0.2784572196759928;101.5966948858071;2678.08217974035;0.07515122167061394;107334.96053240556;0.0;0.0;127.89756105565766;286.87542367756805;0.8344793757295632;107334.96053240556;0.5918343325124586;0.2312246118807806;154.86188515211637;342.090737594604;0.8344793757295632;107334.96053240556;0.5918343325124586;0.2312246118807806;153.14318357448906;360.81841682235597;0.7500000000000003;107334.96053240556;0.658498059107092;0.28570123917309864;119.56805992769137;299.3836959048498;0.7500000000000003;107334.96053240556;0.658498059107092;0.28570123917309864;119.54039853633782;299.3337065399007;0.7500000000000003;17816.067798036336;0.658498059107092;0.28570123917309864;106.07063684779752;2698.1356377622515;0.08447937572956288;17816.067798036336;0.0;0.0;57.579722717014704;241.05060864613407;0.08447937572956288;17816.067798036336;0.0;0.0;57.58337429455116;241.14154736196463;0.08447937572956288;107334.96053240556;0.0;0.0;"Zustand 3: Temperatur 428.012 K liegt außerhalb des Boryta-Prüfbereichs; Kristallisation wurde nicht bewertet.";"Zustand 4: Temperatur 426.293 K liegt außerhalb des Boryta-Prüfbereichs; Kristallisation wurde nicht bewertet.";"Zustand 5: Temperatur 392.718 K liegt außerhalb des Boryta-Prüfbereichs; Kristallisation wurde nicht bewertet.";"Zustand 6: Temperatur 392.690 K liegt außerhalb des Boryta-Prüfbereichs; Kristallisation wurde nicht bewertet.";"Zustand 20: Temperatur 443.262 K liegt außerhalb des Boryta-Prüfbereichs; Kristallisation wurde nicht bewertet.";5
series_desorber_to_evaporator;Serie Desorber → Verdampfer;series_desorber_to_evaporator;125.0;nan;30.0;125.0;8.0;8.0;4.0;125.0;0.7600000000000003;Abwärmetemperatur [°C];hot_temperature_C;125.0;10.0;10.0;25.0;15.0;11.0;nan;nan;1.854740886166879e-19;`gtol` termination condition is satisfied.;4;3.144907604563482e-08;6.090551512247276e-10;1;True;;True;0;zulässig;feasible;True;True;True;101.58473184657055;127.85337643040964;153.16439327963172;57.60048490460434;0.11110550148802728;0.2781905663383478;0.23153861557825897;0.2853776319591969;211.3919962438241;207.72927163237918;213.06788213956344;206.00772051316594;46.83654190467546;0.5044244878626254;8.989928263819536;29.01470916947403;0.007682561699398097;0.03798266190752285;21.139199621380296;20.772927162997423;8.522715285670525;13.733848033974407;4.2578674463073;106.17640707244817;0.016380993875711552;2698.336508591403;286.9042912156491;246.74478215921837;0.013834389014975579;0.8307046615421535;0.6021241681288405;0.23891464388135966;1.3299228385221795e-10;-4.7048374085534306e-09;6.490495252364781e-09;-5.216042042732738e-10;-2.199698201366118e-09;2.404959786872496e-09;3.5498146644385997e-09;3.002114112859999e-08;1.3299228385221794e-12;-4.704837408553431e-11;6.49049525236478e-11;-5.216042042732738e-10;-2.1996982013661183e-11;2.4049597868724958e-11;3.5498146644386e-11;3.0021141128599993e-10;147.64306197630526;125.0;118.62835280683123;118.62835280683123;112.46783484890165;42.42399949954421;22.3713706502773;19.95312492391082;63.75240757290396;27.600484904604343;5.522345145228201;12.45194573438306;17.043620960260682;54.86369971317254;1.7887316442790961;8.348084010026525;4.0;0.7600000000000003;107289.58999431418;17833.48223891548;6.016188457024469;1.7887316442790961;deltaT_shex_1_K;shex;True;True;True;True;True;True;True;True;101.58473184657055;2678.0634093997382;0.08453905055712874;107289.58999431418;0.0;0.0;135.0;4.0;147.64306197630526;4.0;125.0;8.0;118.62835280683123;8.0;118.62835280683123;8.0;112.46783484890165;8.0;30.0;4.0;42.42399949954421;4.0;101.58473184657055;2678.0634093997382;0.00939275360747148;107289.58999431418;0.0;0.0;106.17640707244817;286.9042912156492;0.8445390505571291;17833.48223891548;0.592260775818304;0.23153861557825897;170.01443262658256;388.98711513724976;0.7693927536074718;107289.58999431418;0.6501066606985598;0.2781905663383478;101.58473184657055;2678.0634093997382;0.07514629694965726;107289.58999431418;0.0;0.0;127.85337643040964;286.9042912156492;0.8445390505571291;107289.58999431418;0.592260775818304;0.23153861557825897;154.95312492391082;342.36240398589723;0.8445390505571291;107289.58999431418;0.592260775818304;0.23153861557825897;153.16439327963172;360.69668143432756;0.7600000000000003;107289.58999431418;0.6581412543313407;0.2853776319591969;119.50529242038311;299.0696526125612;0.7600000000000003;107289.58999431418;0.6581412543313407;0.2853776319591969;119.4776548547718;299.0196754258408;0.7600000000000003;17833.48223891548;0.6581412543313407;0.2853776319591969;106.17640707244817;2698.336508591403;0.08453905055712874;17833.48223891548;0.0;0.0;57.60048490460434;241.1374950774943;0.08453905055712874;17833.48223891548;0.0;0.0;57.60413513572911;241.22837097033633;0.08453905055712874;107289.58999431418;0.0;0.0;"Zustand 3: Temperatur 428.103 K liegt außerhalb des Boryta-Prüfbereichs; Kristallisation wurde nicht bewertet.";"Zustand 4: Temperatur 426.314 K liegt außerhalb des Boryta-Prüfbereichs; Kristallisation wurde nicht bewertet.";"Zustand 5: Temperatur 392.655 K liegt außerhalb des Boryta-Prüfbereichs; Kristallisation wurde nicht bewertet.";"Zustand 6: Temperatur 392.628 K liegt außerhalb des Boryta-Prüfbereichs; Kristallisation wurde nicht bewertet.";"Zustand 20: Temperatur 443.164 K liegt außerhalb des Boryta-Prüfbereichs; Kristallisation wurde nicht bewertet.";5
series_desorber_to_evaporator;Serie Desorber → Verdampfer;series_desorber_to_evaporator;125.0;nan;30.0;125.0;8.0;8.0;4.0;125.0;0.7700000000000004;Abwärmetemperatur [°C];hot_temperature_C;125.0;10.0;10.0;25.0;15.0;11.0;nan;nan;1.6427530177031009e-19;`gtol` termination condition is satisfied.;4;2.8289929444578882e-08;5.731933387092179e-10;1;True;;True;0;zulässig;feasible;True;True;True;101.57313261221833;127.81119544095247;153.1826288271571;57.62090441946765;0.11180189803051692;0.2779279071150489;0.23184416268620162;0.28506017146955975;211.38928994269997;207.88295483607985;213.0839891211469;206.14209949754098;47.594588856601696;0.5042369634943489;9.10189242536647;29.01502897746849;0.007682727107535357;0.03847343314667986;21.13892899157352;20.788295483396116;8.523359564927615;13.742806632955256;4.3267808055329064;106.2795716550475;0.01625593514898916;2698.5324177678485;286.934790524399;247.08420739548026;0.013892286281278698;0.8407055054761866;0.6024689089988077;0.23917643947724626;1.623519096938253e-10;-4.260272135070409e-09;5.984418294247007e-09;-4.985413193381305e-10;-2.0434640646271873e-09;2.1186963294894667e-09;3.2121363346959697e-09;2.6964784183292068e-08;1.623519096938253e-12;-4.260272135070409e-11;5.984418294247007e-11;-4.985413193381305e-10;-2.0434640646271874e-11;2.118696329489467e-11;3.21213633469597e-11;2.6964784183292066e-10;147.64290011619016;125.0;118.62787113872167;118.62787113872167;112.4633346704938;42.43319107871292;22.275281784813217;20.041896101751604;63.84638057633458;27.62090441946765;5.5839039212434045;12.348299483674168;17.054738526503343;54.83878131998108;1.8592672745945151;8.367485017648278;4.0;0.7700000000000004;107245.6143550325;17850.623419284108;6.007947836666287;1.8592672745945151;deltaT_shex_1_K;shex;True;True;True;True;True;True;True;True;101.57313261221833;2678.045209113512;0.08459779175746496;107245.6143550325;0.0;0.0;135.0;4.0;147.64290011619016;4.0;125.0;8.0;118.62787113872167;8.0;118.62787113872167;8.0;112.4633346704938;8.0;30.0;4.0;42.43319107871292;4.0;101.57313261221833;2678.045209113512;0.009458193687675002;107245.6143550325;0.0;0.0;106.2795716550475;286.93479052439994;0.8545977917574653;17850.623419284108;0.5926752134848409;0.23184416268620162;169.91818190100338;388.6936836149842;0.7794581936876753;107245.6143550325;0.6498089740718307;0.2779279071150489;101.57313261221833;2678.045209113512;0.07513959806978995;107245.6143550325;0.0;0.0;127.81119544095247;286.93479052439994;0.8545977917574653;107245.6143550325;0.5926752134848409;0.23184416268620162;155.0418961017516;342.6271750772833;0.8545977917574653;107245.6143550325;0.5926752134848409;0.23184416268620162;153.1826288271571;360.5727353794584;0.7700000000000004;107245.6143550325;0.6577908164591286;0.28506017146955975;119.4437104233042;298.7615810204463;0.7700000000000004;107245.6143550325;0.6577908164591286;0.28506017146955975;119.4160960787566;298.7116155228532;0.7700000000000004;17850.623419284108;0.6577908164591286;0.28506017146955975;106.2795716550475;2698.5324177678485;0.08459779175746496;17850.623419284108;0.0;0.0;57.62090441946765;241.22294765705072;0.08459779175746496;17850.623419284108;0.0;0.0;57.62455335051271;241.3137624046692;0.08459779175746496;107245.6143550325;0.0;0.0;"Zustand 3: Temperatur 428.192 K liegt außerhalb des Boryta-Prüfbereichs; Kristallisation wurde nicht bewertet.";"Zustand 4: Temperatur 426.333 K liegt außerhalb des Boryta-Prüfbereichs; Kristallisation wurde nicht bewertet.";"Zustand 5: Temperatur 392.594 K liegt außerhalb des Boryta-Prüfbereichs; Kristallisation wurde nicht bewertet.";"Zustand 6: Temperatur 392.566 K liegt außerhalb des Boryta-Prüfbereichs; Kristallisation wurde nicht bewertet.";"Zustand 20: Temperatur 443.068 K liegt außerhalb des Boryta-Prüfbereichs; Kristallisation wurde nicht bewertet.";5
series_desorber_to_evaporator;Serie Desorber → Verdampfer;series_desorber_to_evaporator;125.0;nan;30.0;125.0;8.0;8.0;4.0;125.0;0.7800000000000004;Abwärmetemperatur [°C];hot_temperature_C;125.0;10.0;10.0;25.0;15.0;11.0;nan;nan;1.4613855953606184e-19;`gtol` termination condition is satisfied.;4;2.5555124501668143e-08;5.406265985614504e-10;1;True;;True;0;zulässig;feasible;True;True;True;101.56187672200275;127.77096934557022;153.1980092065745;57.64100506720365;0.11250844291405904;0.27766912843099023;0.23214152798464965;0.28474865891590234;211.38096143939208;208.03423815311217;213.09403195845886;206.27452037256435;48.35014134183749;0.5040458095020468;9.213795201589415;29.014831185324226;0.007682940637906954;0.03896432104616398;21.13809614150459;20.8034238151263;8.523761278414034;13.751634691314322;4.395467395059486;106.38023336400948;0.016134883395016467;2698.7235599241058;286.96685955535065;247.41528639674758;0.013951118401724472;0.8507045509434603;0.6028042371893414;0.2394313499248612;2.0305890302552143e-10;-3.8168508353919606e-09;5.5111399888119195e-09;-4.764382222077757e-10;-1.891976353363134e-09;1.8491448372515151e-09;2.8495321657828754e-09;2.4346178406631225e-08;2.030589030255214e-12;-3.8168508353919604e-11;5.511139988811919e-11;-4.764382222077757e-10;-1.8919763533631338e-11;1.8491448372515152e-11;2.8495321657828755e-11;2.4346178406631223e-10;147.64240199996362;125.0;118.6275708146394;118.6275708146394;112.45907439201488;42.442239123989964;22.18114352020956;20.128271719459747;63.93799424001952;27.64100506720365;5.644299439388533;12.247337450629914;17.065694092636647;54.814421649982705;1.9302625128852355;8.387677090401326;4.0;0.7800000000000004;107202.95467437885;17867.510649280408;5.999881952145153;1.9302625128852355;deltaT_shex_1_K;shex;True;True;True;True;True;True;True;True;101.56187672200275;2678.0275468459267;0.08465566934518443;107202.95467437885;0.0;0.0;135.0;4.0;147.64240199996362;4.0;125.0;8.0;118.6275708146394;8.0;118.6275708146394;8.0;112.45907439201488;8.0;30.0;4.0;42.442239123989964;4.0;101.56187672200275;2678.0275468459267;0.00952447754187414;107202.95467437885;0.0;0.0;106.38023336400948;286.9668595553524;0.8646556693451848;17867.510649280408;0.5930780611122695;0.23214152798464965;169.82354552017318;388.40496051820406;0.7895244775418745;107202.95467437885;0.6495154019518209;0.27766912843099023;101.56187672200275;2678.0275468459267;0.0751311918033103;107202.95467437885;0.0;0.0;127.77096934557022;286.9668595553524;0.8646556693451848;107202.95467437885;0.5930780611122695;0.23214152798464965;155.12827171945975;342.8852361484923;0.8646556693451848;107202.95467437885;0.5930780611122695;0.23214152798464965;153.1980092065745;360.446679880595;0.7800000000000004;107202.95467437885;0.65744654859612;0.28474865891590234;119.3832922551689;298.4593191861919;0.7800000000000004;107202.95467437885;0.65744654859612;0.28474865891590234;119.35570056061147;298.4093649284404;0.7800000000000004;17867.510649280408;0.65744654859612;0.28474865891590234;106.38023336400948;2698.7235599241058;0.08465566934518443;17867.510649280408;0.0;0.0;57.64100506720365;241.30706599916516;0.08465566934518443;17867.510649280408;0.0;0.0;57.64465274203218;241.39782118068266;0.08465566934518443;107202.95467437885;0.0;0.0;"Zustand 3: Temperatur 428.278 K liegt außerhalb des Boryta-Prüfbereichs; Kristallisation wurde nicht bewertet.";"Zustand 4: Temperatur 426.348 K liegt außerhalb des Boryta-Prüfbereichs; Kristallisation wurde nicht bewertet.";"Zustand 5: Temperatur 392.533 K liegt außerhalb des Boryta-Prüfbereichs; Kristallisation wurde nicht bewertet.";"Zustand 6: Temperatur 392.506 K liegt außerhalb des Boryta-Prüfbereichs; Kristallisation wurde nicht bewertet.";"Zustand 20: Temperatur 442.974 K liegt außerhalb des Boryta-Prüfbereichs; Kristallisation wurde nicht bewertet.";5
series_desorber_to_evaporator;Serie Desorber → Verdampfer;series_desorber_to_evaporator;125.0;nan;30.0;125.0;8.0;8.0;4.0;125.0;0.7900000000000004;Abwärmetemperatur [°C];hot_temperature_C;125.0;10.0;10.0;25.0;15.0;11.0;nan;nan;1.2988123814207264e-19;`gtol` termination condition is satisfied.;4;2.2954797781479202e-08;5.096689869750221e-10;1;True;;True;0;zulässig;feasible;True;True;True;101.55094491188214;127.73264985529272;153.2106484077156;57.66080920216757;0.1132250770297364;0.2774141207992518;0.23243097470412463;0.284442903415435;211.36722148347582;208.18328982882417;213.0982395567386;206.40513324530906;49.103162501385064;0.5038510657772811;9.325632912157063;29.01413524293332;0.007683200813088972;0.03945530967035022;21.136722146163322;20.81832898272643;8.523929582338155;13.760342216181963;4.463923864080225;106.47848987939659;0.01601769582587204;2698.9101200873993;287.00043773935494;247.7383133216276;0.014010882748230369;0.8607018662352885;0.6031304761169296;0.23967960000165572;2.311466573701182e-10;-3.4974050322489347e-09;5.030074134992901e-09;-4.5507242418807436e-10;-1.7152785858343123e-09;1.5598686786688631e-09;2.5796111913223285e-09;2.1842595288035227e-08;2.311466573701182e-12;-3.4974050322489346e-11;5.030074134992901e-11;-4.5507242418807436e-10;-1.7152785858343122e-11;1.5598686786688633e-11;2.5796111913223285e-11;2.1842595288035228e-10;147.6415802322653;125.0;118.62744498933199;118.62744498933199;112.45504267936462;42.45115369789619;22.088886221955534;20.212321999582173;64.0273361815004;27.66080920216757;5.703553173512603;12.1489551099354;17.07650007744985;54.79058701713035;2.001673591866563;8.408633444816303;4.0;0.7900000000000004;107161.53668902659;17884.162092792812;5.991979726699744;2.001673591866563;deltaT_shex_1_K;shex;True;True;True;True;True;True;True;True;101.55094491188214;2678.010392431926;0.08471274898351855;107161.53668902659;0.0;0.0;135.0;4.0;147.6415802322653;4.0;125.0;8.0;118.62744498933199;8.0;118.62744498933199;8.0;112.45504267936462;8.0;30.0;4.0;42.45115369789619;4.0;101.55094491188214;2678.010392431926;0.009591607529059612;107161.53668902659;0.0;0.0;106.47848987939659;287.0004377393566;0.8747127489835189;17884.162092792812;0.5934697156071753;0.23243097470412463;169.73046645422085;388.1207924216839;0.79959160752906;107161.53668902659;0.6492258322176366;0.2774141207992518;101.55094491188214;2678.010392431926;0.07512114145445893;107161.53668902659;0.0;0.0;127.73264985529272;287.0004377393566;0.8747127489835189;107161.53668902659;0.5934697156071753;0.23243097470412463;155.21232199958217;343.13676656095726;0.8747127489835189;107161.53668902659;0.5934697156071753;0.23243097470412463;153.2106484077156;360.31861226580617;0.7900000000000004;107161.53668902659;0.6571082612369864;0.284442903415435;119.32401641047642;298.16271036561136;0.7900000000000004;107161.53668902659;0.6571082612369864;0.284442903415435;119.2964468264874;298.1127669356489;0.7900000000000004;17884.162092792812;0.6571082612369864;0.284442903415435;106.47848987939659;2698.9101200873993;0.08471274898351855;17884.162092792812;0.0;0.0;57.66080920216757;241.389943645862;0.08471274898351855;17884.162092792812;0.0;0.0;57.664455662234275;241.4806407476003;0.08471274898351855;107161.53668902659;0.0;0.0;"Zustand 3: Temperatur 428.362 K liegt außerhalb des Boryta-Prüfbereichs; Kristallisation wurde nicht bewertet.";"Zustand 4: Temperatur 426.361 K liegt außerhalb des Boryta-Prüfbereichs; Kristallisation wurde nicht bewertet.";"Zustand 5: Temperatur 392.474 K liegt außerhalb des Boryta-Prüfbereichs; Kristallisation wurde nicht bewertet.";"Zustand 6: Temperatur 392.446 K liegt außerhalb des Boryta-Prüfbereichs; Kristallisation wurde nicht bewertet.";"Zustand 20: Temperatur 442.880 K liegt außerhalb des Boryta-Prüfbereichs; Kristallisation wurde nicht bewertet.";5
series_desorber_to_evaporator;Serie Desorber → Verdampfer;series_desorber_to_evaporator;125.0;nan;30.0;125.0;8.0;8.0;4.0;125.0;0.8000000000000004;Abwärmetemperatur [°C];hot_temperature_C;125.0;10.0;10.0;25.0;15.0;11.0;nan;nan;1.1602342542291579e-19;`gtol` termination condition is satisfied.;4;2.079858707926453e-08;4.81712415083763e-10;1;True;;True;0;zulässig;feasible;True;True;True;101.54031903603942;127.69618923628371;153.22065561210286;57.68033782463897;0.11395173579868867;0.2771627786320371;0.23271275510495684;0.2841427216192043;211.34827008522535;208.33026791753218;213.09682920952693;206.53407890376334;49.85361855856527;0.5036527719930639;9.437401988059218;29.012959610645225;0.00768350620637886;0.03994638351720836;21.134827006545652;20.833026791613296;8.523873168445084;13.76893859342677;4.532147141974353;106.57443409355125;0.015904235629083417;2699.0922742456232;287.0354660432488;248.05356893803332;0.014071576120935791;0.8706975161580848;0.6034479343311957;0.23992140465391915;2.5632118649809854e-10;-3.152614169721346e-09;4.635126060748007e-09;-4.3451997555621347e-10;-1.600170662641176e-09;1.3992291769682197e-09;2.3618156319571426e-09;1.976883368115523e-08;2.5632118649809855e-12;-3.152614169721346e-11;4.635126060748007e-11;-4.3451997555621347e-10;-1.600170662641176e-11;1.3992291769682197e-11;2.3618156319571426e-11;1.976883368115523e-10;147.6404467754321;125.0;118.62748716478688;118.62748716478688;112.45122882436334;42.45994425344094;21.998443454098094;20.29411448022421;64.11448984011031;27.68033782463897;5.7616863922530115;12.053053071235638;17.087168128747464;54.76724571518929;2.0734588681213495;8.430327645520947;4.0;0.8000000000000004;107121.29050059068;17900.59484214544;5.9842307725094495;2.0734588681213495;deltaT_shex_1_K;shex;True;True;True;True;True;True;True;True;101.54031903603942;2677.993717454717;0.08476909227902019;107121.29050059068;0.0;0.0;135.0;4.0;147.6404467754321;4.0;125.0;8.0;118.62748716478688;8.0;118.62748716478688;8.0;112.45122882436334;8.0;30.0;4.0;42.45994425344094;4.0;101.54031903603942;2677.993717454717;0.009659585207273568;107121.29050059068;0.0;0.0;106.57443409355125;287.03546604325;0.8847690922790206;17900.59484214544;0.5938505561937087;0.23271275510495684;169.6388902295302;387.8410322808443;0.809659585207274;107121.29050059068;0.6489401565633423;0.2771627786320371;101.54031903603942;2677.993717454717;0.07510950707174661;107121.29050059068;0.0;0.0;127.69618923628371;287.03546604325;0.8847690922790206;107121.29050059068;0.5938505561937087;0.23271275510495684;155.2941144802242;343.3819399352691;0.8847690922790206;107121.29050059068;0.5938505561937087;0.23271275510495684;153.22065561210286;360.188626036509;0.8000000000000004;107121.29050059068;0.6567757719411237;0.2841427216192043;119.26586159076277;297.87160283862283;0.8000000000000004;107121.29050059068;0.6567757719411237;0.2841427216192043;119.23831360774699;297.82166985922635;0.8000000000000004;17900.59484214544;0.6567757719411237;0.2841427216192043;106.57443409355125;2699.0922742456232;0.08476909227902019;17900.59484214544;0.0;0.0;57.68033782463897;241.4716684733397;0.08476909227902019;17900.59484214544;0.0;0.0;57.68398310917405;241.56230889427388;0.08476909227902019;107121.29050059068;0.0;0.0;"Zustand 3: Temperatur 428.444 K liegt außerhalb des Boryta-Prüfbereichs; Kristallisation wurde nicht bewertet.";"Zustand 4: Temperatur 426.371 K liegt außerhalb des Boryta-Prüfbereichs; Kristallisation wurde nicht bewertet.";"Zustand 5: Temperatur 392.416 K liegt außerhalb des Boryta-Prüfbereichs; Kristallisation wurde nicht bewertet.";"Zustand 6: Temperatur 392.388 K liegt außerhalb des Boryta-Prüfbereichs; Kristallisation wurde nicht bewertet.";"Zustand 20: Temperatur 442.789 K liegt außerhalb des Boryta-Prüfbereichs; Kristallisation wurde nicht bewertet.";5
series_desorber_to_evaporator;Serie Desorber → Verdampfer;series_desorber_to_evaporator;125.0;nan;30.0;125.0;8.0;8.0;4.0;125.0;0.8100000000000004;Abwärmetemperatur [°C];hot_temperature_C;125.0;10.0;10.0;25.0;15.0;11.0;nan;nan;1.0367672825567711e-19;`gtol` termination condition is satisfied.;4;1.8775677786238628e-08;4.5536079817146557e-10;1;True;;True;0;zulässig;feasible;True;True;True;101.52998199422763;127.66154039590396;153.22813538223318;57.69961067077571;0.114688349795635;0.27691500006307807;0.232987111023848;0.2838479373607639;211.32429715886065;208.47532095918768;213.09000729022176;206.66148944517556;50.60147857949975;0.5034509675425294;9.549098967465298;29.01132181841939;0.007683855440360808;0.04043752750474062;21.13242971410615;20.847532095796982;8.5236002916672;13.777432629534129;4.60013441658241;106.66815439138657;0.015794371692470218;2699.2701898750875;287.0718870104516;248.3613213567006;0.014133194812535499;0.880691562241481;0.6037569063529711;0.24015696952365173;2.9407942747639026e-10;-2.9067663831483515e-09;4.326352609496098e-09;-4.14871137444095e-10;-1.4582610674551688e-09;1.2178702490928117e-09;2.1636310520989355e-09;1.779915237420937e-08;2.9407942747639026e-12;-2.9067663831483513e-11;4.326352609496098e-11;-4.14871137444095e-10;-1.458261067455169e-11;1.2178702490928117e-11;2.1636310520989354e-11;1.7799152374209372e-10;147.63901298797015;125.0;118.62769116955076;118.62769116955076;112.44762270528116;42.46861967459256;21.909751797438275;20.373714135862997;64.199534716794;27.699610670775712;5.818720131974885;11.959536778164193;17.097709175323132;54.74436788841331;2.1455787536298203;8.45273366436146;4.0;0.8100000000000004;107082.15028736141;17916.824987443164;5.976625343073279;2.1455787536298203;deltaT_shex_1_K;shex;True;True;True;True;True;True;True;True;101.52998199422763;2677.977495132424;0.08482475705401615;107082.15028736141;0.0;0.0;135.0;4.0;147.63901298797015;4.0;125.0;8.0;118.62769116955076;8.0;118.62769116955076;8.0;112.44762270528116;8.0;30.0;4.0;42.46861967459256;4.0;101.52998199422763;2677.977495132424;0.009728411408340762;107082.15028736141;0.0;0.0;106.66815439138657;287.07188701045067;0.8948247570540165;17916.824987443164;0.5942209453621363;0.232987111023848;169.54876478540842;387.5655390955276;0.8197284114083412;107082.15028736141;0.6486582703305607;0.27691500006307807;101.52998199422763;2677.977495132424;0.0750963456456754;107082.15028736141;0.0;0.0;127.66154039590396;287.07188701045067;0.8948247570540165;107082.15028736141;0.5942209453621363;0.232987111023848;155.373714135863;343.6209243282069;0.8948247570540165;107082.15028736141;0.5942209453621363;0.232987111023848;153.22813538223318;360.05681094912876;0.8100000000000004;107082.15028736141;0.6564489050247918;0.2838479373607639;119.2088067315425;297.5858497402329;0.8100000000000004;107082.15028736141;0.6564489050247918;0.2838479373607639;119.18127986802511;297.53592686677024;0.8100000000000004;17916.824987443164;0.6564489050247918;0.2838479373607639;106.66815439138657;2699.2701898750875;0.08482475705401615;17916.824987443164;0.0;0.0;57.69961067077571;241.55232306845198;0.08482475705401615;17916.824987443164;0.0;0.0;57.703254816867855;241.64290812530592;0.08482475705401615;107082.15028736141;0.0;0.0;"Zustand 3: Temperatur 428.524 K liegt außerhalb des Boryta-Prüfbereichs; Kristallisation wurde nicht bewertet.";"Zustand 4: Temperatur 426.378 K liegt außerhalb des Boryta-Prüfbereichs; Kristallisation wurde nicht bewertet.";"Zustand 5: Temperatur 392.359 K liegt außerhalb des Boryta-Prüfbereichs; Kristallisation wurde nicht bewertet.";"Zustand 6: Temperatur 392.331 K liegt außerhalb des Boryta-Prüfbereichs; Kristallisation wurde nicht bewertet.";"Zustand 20: Temperatur 442.699 K liegt außerhalb des Boryta-Prüfbereichs; Kristallisation wurde nicht bewertet.";5
series_desorber_to_evaporator;Serie Desorber → Verdampfer;series_desorber_to_evaporator;125.0;nan;30.0;125.0;8.0;8.0;4.0;125.0;0.8200000000000004;Abwärmetemperatur [°C];hot_temperature_C;125.0;10.0;10.0;25.0;15.0;11.0;nan;nan;9.278451503822352e-20;`gtol` termination condition is satisfied.;4;1.6970718621822616e-08;4.3077723950604335e-10;1;True;;True;0;zulässig;feasible;True;True;True;101.51991766428387;127.62865695412557;153.23318784763143;57.718646295948815;0.11543484531214641;0.2766706867809446;0.23325427438920648;0.2835583813235686;211.29548312321526;208.6185886069175;213.0779698980728;206.78748885823467;51.34671425307272;0.50324569148674;9.660720491733569;29.009238521067687;0.007684247185413855;0.04092872695749981;21.129548310713144;20.861858860588583;8.523118795975654;13.78583259042095;4.667883114157412;106.7597349116806;0.015687978341488242;2699.4440264325976;287.1096447869729;248.6618267181477;0.01419573466638524;0.8906840629327335;0.6040576734566416;0.24038649144217497;3.1744207262818236e-10;-2.658815390077507e-09;3.936804660042981e-09;-3.95959820487235e-10;-1.3185399438953027e-09;1.031679630614235e-09;1.920398062793538e-09;1.6083816944956197e-08;3.1744207262818235e-12;-2.6588153900775068e-11;3.936804660042981e-11;-3.95959820487235e-10;-1.3185399438953028e-11;1.0316796306142351e-11;1.9203980627935378e-11;1.6083816944956197e-10;147.63728966047938;125.0;118.6280511394117;118.6280511394117;112.4442147501104;42.47718831381087;21.8227506799945;20.451183492037615;64.28254659786973;27.718646295948815;5.874675173643652;11.8683162277311;17.10813347512783;54.721925411373775;2.2179956444061872;8.47582592879968;4.0;0.8200000000000004;107044.0540370116;17932.86768099578;5.969154289274701;2.2179956444061872;deltaT_shex_1_K;shex;True;True;True;True;True;True;True;True;101.51991766428387;2677.961700212767;0.08487979759911835;107044.0540370116;0.0;0.0;135.0;4.0;147.63728966047938;4.0;125.0;8.0;118.6280511394117;8.0;118.6280511394117;8.0;112.4442147501104;8.0;30.0;4.0;42.47718831381087;4.0;101.51991766428387;2677.961700212767;0.009798086305980523;107044.0540370116;0.0;0.0;106.7597349116806;287.10964478697383;0.9048797975991187;17932.86768099578;0.5945812297584441;0.23325427438920648;169.46004034047388;387.294177595853;0.829798086305981;107044.0540370116;0.6483800723512682;0.2766706867809446;101.51991766428387;2677.961700212767;0.07508171129313781;107044.0540370116;0.0;0.0;127.62865695412557;287.10964478697383;0.9048797975991187;107044.0540370116;0.5945812297584441;0.23325427438920648;155.45118349203761;343.85388240760466;0.9048797975991187;107044.0540370116;0.5945812297584441;0.23325427438920648;153.23318784763143;359.9232531068648;0.8200000000000004;107044.0540370116;0.6561274912683607;0.2835583813235686;119.1528310253259;297.3053088961877;0.8200000000000004;107044.0540370116;0.6561274912683607;0.2835583813235686;119.12532482635635;297.2553958145322;0.8200000000000004;17932.86768099578;0.6561274912683607;0.2835583813235686;106.7597349116806;2699.4440264325976;0.08487979759911835;17932.86768099578;0.0;0.0;57.718646295948815;241.6319850772533;0.08487979759911835;17932.86768099578;0.0;0.0;57.72228933873663;241.72251600926265;0.08487979759911835;107044.0540370116;0.0;0.0;"Zustand 3: Temperatur 428.601 K liegt außerhalb des Boryta-Prüfbereichs; Kristallisation wurde nicht bewertet.";"Zustand 4: Temperatur 426.383 K liegt außerhalb des Boryta-Prüfbereichs; Kristallisation wurde nicht bewertet.";"Zustand 5: Temperatur 392.303 K liegt außerhalb des Boryta-Prüfbereichs; Kristallisation wurde nicht bewertet.";"Zustand 6: Temperatur 392.275 K liegt außerhalb des Boryta-Prüfbereichs; Kristallisation wurde nicht bewertet.";"Zustand 20: Temperatur 442.610 K liegt außerhalb des Boryta-Prüfbereichs; Kristallisation wurde nicht bewertet.";5
series_desorber_to_evaporator;Serie Desorber → Verdampfer;series_desorber_to_evaporator;125.0;nan;30.0;125.0;8.0;8.0;4.0;125.0;0.8300000000000004;Abwärmetemperatur [°C];hot_temperature_C;125.0;10.0;10.0;25.0;15.0;11.0;nan;nan;8.323651045461612e-20;`gtol` termination condition is satisfied.;4;1.5397910453685896e-08;4.0801105488605604e-10;1;True;;True;0;zulässig;feasible;True;True;True;101.5101108395321;127.59749330217329;153.2359088870079;57.73746215201578;0.1161911448708181;0.2764297438728461;0.23351446770740905;0.2832738907259771;211.26199946192645;208.76020220851674;213.06090346104963;206.91219356196868;52.08929968895491;0.5030369825102091;9.772263301604234;29.006725549787802;0.007684680158191611;0.0414199675934383;21.12619994473491;20.87602022076177;8.522436138489857;13.794146237345952;4.735390881034363;106.8492557909978;0.015584935088578758;2699.6139358148907;287.14868513523464;248.9553298367992;0.014259191128893067;0.9006750737781679;0.6043505044011915;0.24061015889301365;3.268070258855005e-10;-2.4230786266343785e-09;3.6150709092908073e-09;-3.778594104275612e-10;-1.196781340695452e-09;8.990355127025396e-10;1.7793979623093037e-09;1.4577352658307063e-08;3.2680702588550048e-12;-2.4230786266343783e-11;3.6150709092908075e-11;-3.778594104275612e-10;-1.1967813406954519e-11;8.990355127025395e-12;1.7793979623093038e-11;1.4577352658307063e-10;147.6352870491583;125.0;118.6285614993705;118.6285614993705;112.44099590242166;42.48565802682515;21.737382219128506;20.526582734440353;64.36359776417265;27.73746215201578;5.929572023197977;11.779305708372704;17.118450659838402;54.69989177774676;2.2906738474324584;8.499579361030328;4.0;0.8300000000000004;107006.94329906018;17948.737197219143;5.961809018833877;2.2906738474324584;deltaT_shex_1_K;shex;True;True;True;True;True;True;True;True;101.5101108395321;2677.946308875355;0.08493426490706057;107006.94329906018;0.0;0.0;135.0;4.0;147.6352870491583;4.0;125.0;8.0;118.6285614993705;8.0;118.6285614993705;8.0;112.44099590242166;8.0;30.0;4.0;42.48565802682515;4.0;101.5101108395321;2677.946308875355;0.009868609478312716;107006.94329906018;0.0;0.0;106.8492557909978;287.1486851352346;0.914934264907061;17948.737197219143;0.5949317410193491;0.23351446770740905;169.3726692682868;387.02681794915935;0.8398686094783131;107006.94329906018;0.6481054648004808;0.2764297438728461;101.5101108395321;2677.946308875355;0.07506565542874785;107006.94329906018;0.0;0.0;127.59749330217329;287.1486851352346;0.914934264907061;107006.94329906018;0.5949317410193491;0.23351446770740905;155.52658273444035;344.0809716249598;0.914934264907061;107006.94329906018;0.5949317410193491;0.23351446770740905;153.2359088870079;359.7880350592912;0.8300000000000004;107006.94329906018;0.6558113676378505;0.2832738907259771;119.09791394114296;297.02984266335375;0.8300000000000004;107006.94329906018;0.6558113676378505;0.2832738907259771;119.07042797680202;296.97993908793995;0.8300000000000004;17948.737197219143;0.6558113676378505;0.2832738907259771;106.8492557909978;2699.6139358148907;0.08493426490706057;17948.737197219143;0.0;0.0;57.73746215201578;241.7107275284254;0.08493426490706057;17948.737197219143;0.0;0.0;57.741104124674905;241.80120550179223;0.08493426490706057;107006.94329906018;0.0;0.0;"Zustand 3: Temperatur 428.677 K liegt außerhalb des Boryta-Prüfbereichs; Kristallisation wurde nicht bewertet.";"Zustand 4: Temperatur 426.386 K liegt außerhalb des Boryta-Prüfbereichs; Kristallisation wurde nicht bewertet.";"Zustand 5: Temperatur 392.248 K liegt außerhalb des Boryta-Prüfbereichs; Kristallisation wurde nicht bewertet.";"Zustand 6: Temperatur 392.220 K liegt außerhalb des Boryta-Prüfbereichs; Kristallisation wurde nicht bewertet.";"Zustand 20: Temperatur 442.523 K liegt außerhalb des Boryta-Prüfbereichs; Kristallisation wurde nicht bewertet.";5
series_desorber_to_evaporator;Serie Desorber → Verdampfer;series_desorber_to_evaporator;125.0;nan;30.0;125.0;8.0;8.0;4.0;125.0;0.8400000000000004;Abwärmetemperatur [°C];hot_temperature_C;125.0;10.0;10.0;25.0;15.0;11.0;nan;nan;7.478669416034756e-20;`gtol` termination condition is satisfied.;4;1.3962830958014676e-08;3.8674718915681223e-10;1;True;;True;0;zulässig;feasible;True;True;True;101.50054717060925;127.56800464996502;153.2363903060234;57.75607465898594;0.1169571676830685;0.276192079677361;0.2337679045218702;0.2829943090229426;211.22400924657245;208.90028534572107;213.0389852989996;207.03571290501955;52.82921123208679;0.5028248788837707;9.883724233563624;29.003797960291422;0.007685153120069861;0.04191123551097558;21.122400923339704;20.890028534493776;8.52155941200285;13.802380860221968;4.802655566753757;106.93679339140743;0.015485126394148714;2699.780062787616;287.18895543748283;249.2420648050588;0.014323559296779531;0.9106646475926329;0.604635656113911;0.2408281524463262;3.566000827959215e-10;-2.2045369973966444e-09;3.410889348742785e-09;-3.6068037445602386e-10;-1.071640554073383e-09;7.833023119019344e-10;1.6900401078601135e-09;1.3175394997233525e-08;3.566000827959215e-12;-2.2045369973966445e-11;3.4108893487427847e-11;-3.6068037445602386e-10;-1.0716405540733831e-11;7.833023119019345e-12;1.6900401078601135e-11;1.3175394997233526e-10;147.63301490709165;125.0;118.62921694680023;118.62921694680023;112.43795758959271;42.49403620488761;21.65359107407062;20.599969812620827;64.44275718651983;27.756074658985938;5.983430895019296;11.692423555392793;17.128669776190975;54.67824199656235;2.363579506597432;8.523969408985295;4.0;0.8400000000000004;106970.76295519034;17964.446988331805;5.954581458848667;2.363579506597432;deltaT_shex_1_K;shex;True;True;True;True;True;True;True;True;101.50054717060925;2677.931298640872;0.084988206889412;106970.76295519034;0.0;0.0;135.0;4.0;147.63301490709165;4.0;125.0;8.0;118.62921694680023;8.0;118.62921694680023;8.0;112.43795758959271;8.0;30.0;4.0;42.49403620488761;4.0;101.50054717060925;2677.931298640872;0.009939979964248277;106970.76295519034;0.0;0.0;106.93679339140743;287.1889554374842;0.9249882068894124;17964.446988331805;0.595272796556578;0.2337679045218702;169.28660598116227;386.7633354854528;0.8499399799642486;106970.76295519034;0.6478343530572082;0.276192079677361;101.50054717060925;2677.931298640872;0.07504822692516372;106970.76295519034;0.0;0.0;127.56800464996502;287.1889554374842;0.9249882068894124;106970.76295519034;0.595272796556578;0.2337679045218702;155.59996981262083;344.30234438515845;0.9249882068894124;106970.76295519034;0.595272796556578;0.2337679045218702;153.2363903060234;359.6512359079748;0.8400000000000004;106970.76295519034;0.6555003770201367;0.2829943090229426;119.04403524097972;296.7593177749627;0.8400000000000004;106970.76295519034;0.6555003770201367;0.2829943090229426;119.0165691049807;296.70942344697346;0.8400000000000004;17964.446988331805;0.6555003770201367;0.2829943090229426;106.93679339140743;2699.780062787616;0.084988206889412;17964.446988331805;0.0;0.0;57.75607465898594;241.78861913302202;0.084988206889412;17964.446988331805;0.0;0.0;57.759715593030364;241.87904524508332;0.084988206889412;106970.76295519034;0.0;0.0;"Zustand 3: Temperatur 428.750 K liegt außerhalb des Boryta-Prüfbereichs; Kristallisation wurde nicht bewertet.";"Zustand 4: Temperatur 426.386 K liegt außerhalb des Boryta-Prüfbereichs; Kristallisation wurde nicht bewertet.";"Zustand 5: Temperatur 392.194 K liegt außerhalb des Boryta-Prüfbereichs; Kristallisation wurde nicht bewertet.";"Zustand 6: Temperatur 392.167 K liegt außerhalb des Boryta-Prüfbereichs; Kristallisation wurde nicht bewertet.";"Zustand 20: Temperatur 442.437 K liegt außerhalb des Boryta-Prüfbereichs; Kristallisation wurde nicht bewertet.";5
series_desorber_to_evaporator;Serie Desorber → Verdampfer;series_desorber_to_evaporator;125.0;nan;30.0;125.0;8.0;8.0;4.0;125.0;0.8500000000000004;Abwärmetemperatur [°C];hot_temperature_C;125.0;10.0;10.0;25.0;15.0;11.0;nan;nan;6.723932434393047e-20;`gtol` termination condition is satisfied.;4;1.2658427889685336e-08;3.667133058505799e-10;1;True;;True;0;zulässig;feasible;True;True;True;101.49121311142903;127.5401470637886;153.23472001024493;57.77449927151105;0.11773283006222232;0.27595760564549343;0.23401478984656854;0.28271948562337673;211.1816676255741;209.03895433470583;213.01238415002456;207.1581496285676;53.566427292304795;0.50260941843403;9.995100216367078;29.000470077786304;0.007685664875601318;0.04240251717641851;21.118166761365227;20.903895433405655;8.52049536604385;13.810543308473408;4.869675208576813;107.02242051324765;0.015388441438765017;2699.942545386229;287.2304046905352;249.52225556018547;0.014388833959711245;0.9206528346178705;0.6049133743302381;0.2410406451668465;3.6423131177798496e-10;-2.0401458300511877e-09;3.1578224479744677e-09;-3.441902318712664e-10;-1.071697397492244e-09;6.492939519375795e-10;1.4664749414805556e-09;1.1921827081096126e-08;3.64231311777985e-12;-2.0401458300511877e-11;3.1578224479744675e-11;-3.441902318712664e-10;-1.0716973974922439e-11;6.492939519375795e-12;1.4664749414805556e-11;1.1921827081096125e-10;147.6304825134913;125.0;118.630012435705;118.630012435705;112.43509169322391;42.5023298047073;21.571324308132773;20.671400538634998;64.52009070854035;27.774499271511047;6.036271698201745;11.607591922457345;17.138799324275965;54.656952496562326;2.4366805283900703;8.548972070367768;4.0;0.8500000000000004;106935.46100621756;17980.009736155833;5.947464021178034;2.4366805283900703;deltaT_shex_1_K;shex;True;True;True;True;True;True;True;True;101.49121311142903;2677.916648286693;0.08504166857758133;106935.46100621756;0.0;0.0;135.0;4.0;147.6304825134913;4.0;125.0;8.0;118.630012435705;8.0;118.630012435705;8.0;112.43509169322391;8.0;30.0;4.0;42.5023298047073;4.0;101.49121311142903;2677.916648286693;0.010012196314852215;106935.46100621756;0.0;0.0;107.02242051324765;287.23040469053535;0.9350416685775818;17980.009736155833;0.5956047002938315;0.23401478984656854;169.20180682162407;386.50361044014153;0.8600121963148526;106935.46100621756;0.6475666455731249;0.27595760564549343;101.49121311142903;2677.916648286693;0.07502947226272912;106935.46100621756;0.0;0.0;127.5401470637886;287.23040469053535;0.9350416685775818;106935.46100621756;0.5956047002938315;0.23401478984656854;155.671400538635;344.51814821301593;0.9350416685775818;106935.46100621756;0.5956047002938315;0.23401478984656854;153.23472001024493;359.51293141640775;0.8500000000000004;106935.46100621756;0.6551943679710522;0.28271948562337673;118.99117499342083;296.49360519059536;0.8500000000000004;106935.46100621756;0.6551943679710522;0.28271948562337673;118.96372830179826;296.44371987627017;0.8500000000000004;17980.009736155833;0.6551943679710522;0.28271948562337673;107.02242051324765;2699.942545386229;0.08504166857758133;17980.009736155833;0.0;0.0;57.77449927151105;241.86572456274098;0.08504166857758133;17980.009736155833;0.0;0.0;57.778139196661584;241.95609984587162;0.08504166857758133;106935.46100621756;0.0;0.0;"Zustand 3: Temperatur 428.821 K liegt außerhalb des Boryta-Prüfbereichs; Kristallisation wurde nicht bewertet.";"Zustand 4: Temperatur 426.385 K liegt außerhalb des Boryta-Prüfbereichs; Kristallisation wurde nicht bewertet.";"Zustand 5: Temperatur 392.141 K liegt außerhalb des Boryta-Prüfbereichs; Kristallisation wurde nicht bewertet.";"Zustand 6: Temperatur 392.114 K liegt außerhalb des Boryta-Prüfbereichs; Kristallisation wurde nicht bewertet.";"Zustand 20: Temperatur 442.352 K liegt außerhalb des Boryta-Prüfbereichs; Kristallisation wurde nicht bewertet.";5
series_desorber_to_evaporator;Serie Desorber → Verdampfer;series_desorber_to_evaporator;125.0;nan;30.0;125.0;8.0;8.0;4.0;125.0;0.8600000000000004;Abwärmetemperatur [°C];hot_temperature_C;125.0;10.0;10.0;25.0;15.0;11.0;nan;nan;6.05963029990603e-20;`gtol` termination condition is satisfied.;4;1.1553586309834811e-08;3.4812728419088415e-10;1;True;;True;0;zulässig;feasible;True;True;True;101.48209586894001;127.51387749532108;153.23098217283462;57.79275054065624;0.11851804580179137;0.27572623621010156;0.23425532057546697;0.28244927562211936;211.13512228146442;209.17631869103658;212.98126066321055;207.27960029597668;54.30092818799206;0.5023906385181284;10.106388267705237;28.996755539059222;0.007686214270983456;0.04289379941169948;21.1135122270604;20.91763186905128;8.519250426566108;13.81864001964016;4.936448017262071;107.10620659402088;0.015294773906008193;2700.101515290804;287.2729834928516;249.79611641639636;0.014455009638641103;0.9306396826707883;0.6051838941926941;0.24124780299698445;3.687858907142072e-10;-1.890725798148196e-09;2.9440343496389687e-09;-3.284126304237134e-10;-9.421512459084624e-10;5.237836830929155e-10;1.374274916088325e-09;1.0860418342417688e-08;3.687858907142072e-12;-1.8907257981481962e-11;2.9440343496389685e-11;-3.284126304237134e-10;-9.421512459084625e-12;5.237836830929154e-12;1.3742749160883249e-11;1.0860418342417688e-10;147.62769870104455;125.0;118.63094316198533;118.63094316198533;112.43239052155542;42.510545376258165;21.490531260050773;20.74092868082107;64.59566121776271;27.792750540656243;6.088114025289258;11.524736567964453;17.14884729304532;54.636001036484856;2.509946507986456;8.5745639104926;4.0;0.8600000000000004;106900.98837429823;17995.437400355608;5.940449570410873;2.509946507986456;deltaT_shex_1_K;shex;True;True;True;True;True;True;True;True;101.48209586894001;2677.9023377684284;0.08509469230942901;106900.98837429823;0.0;0.0;135.0;4.0;147.62769870104455;4.0;125.0;8.0;118.63094316198533;8.0;118.63094316198533;8.0;112.43239052155542;8.0;30.0;4.0;42.510545376258165;4.0;101.48209586894001;2677.9023377684284;0.010085256640618252;106900.98837429823;0.0;0.0;107.10620659402088;287.2729834928517;0.9450946923094294;17995.437400355608;0.5959277433594593;0.23425532057546697;169.11822996109532;386.24752771338166;0.8700852566406186;106900.98837429823;0.6473022537491424;0.27572623621010156;101.48209586894001;2677.9023377684284;0.07500943566881076;106900.98837429823;0.0;0.0;127.51387749532108;287.2729834928517;0.9450946923094294;106900.98837429823;0.5959277433594593;0.23425532057546697;155.74092868082107;344.72852591612207;0.9450946923094294;106900.98837429823;0.5959277433594593;0.23425532057546697;153.23098217283462;359.3731941224882;0.8600000000000004;106900.98837429823;0.6548931944755355;0.28244927562211936;118.93931358482848;296.23257995083327;0.8600000000000004;106900.98837429823;0.6548931944755355;0.28244927562211936;118.91188597471074;296.18270343988945;0.8600000000000004;17995.437400355608;0.6548931944755355;0.28244927562211936;107.10620659402088;2700.101515290804;0.08509469230942901;17995.437400355608;0.0;0.0;57.79275054065624;241.94210470840508;0.08509469230942901;17995.437400355608;0.0;0.0;57.79638948507056;242.03243013367407;0.08509469230942901;106900.98837429823;0.0;0.0;"Zustand 3: Temperatur 428.891 K liegt außerhalb des Boryta-Prüfbereichs; Kristallisation wurde nicht bewertet.";"Zustand 4: Temperatur 426.381 K liegt außerhalb des Boryta-Prüfbereichs; Kristallisation wurde nicht bewertet.";"Zustand 5: Temperatur 392.089 K liegt außerhalb des Boryta-Prüfbereichs; Kristallisation wurde nicht bewertet.";"Zustand 6: Temperatur 392.062 K liegt außerhalb des Boryta-Prüfbereichs; Kristallisation wurde nicht bewertet.";"Zustand 20: Temperatur 442.268 K liegt außerhalb des Boryta-Prüfbereichs; Kristallisation wurde nicht bewertet.";5
series_desorber_to_evaporator;Serie Desorber → Verdampfer;series_desorber_to_evaporator;125.0;nan;30.0;125.0;8.0;8.0;4.0;125.0;0.8700000000000004;Abwärmetemperatur [°C];hot_temperature_C;125.0;10.0;10.0;25.0;15.0;11.0;nan;nan;5.45909442893539e-20;`gtol` termination condition is satisfied.;4;1.0481817063970556e-08;3.304268278737485e-10;1;True;;True;0;zulässig;feasible;True;True;True;101.47318335635254;127.48915380325292;153.22525739687813;57.81084217122719;0.11931272650971637;0.27549788866220926;0.23448968586964425;0.2821835395459073;211.08451385815135;209.31248156109888;212.94576785901216;207.40015569103738;55.03269600239361;0.5021685760038495;10.21758549104616;28.99266733179769;0.007686800192514482;0.043385069382405224;21.108451384831316;20.931248156064424;8.517830714395739;13.826677045985782;5.002972364013666;107.18821789444758;0.015204021775666505;2700.257098176708;287.3166440256887;250.06385256481445;0.014522080620355982;0.940625237281941;0.6054474408124202;0.24144978511720286;3.7420733178805676e-10;-1.7567174381838413e-09;2.6844872991205193e-09;-3.133765469343075e-10;-8.813003660179675e-10;4.546336640487425e-10;1.2506404800660675e-09;9.838203141043778e-09;3.7420733178805675e-12;-1.7567174381838414e-11;2.6844872991205193e-11;-3.133765469343075e-10;-8.813003660179674e-12;4.546336640487425e-12;1.2506404800660675e-11;9.838203141043778e-11;147.62467188146837;125.0;118.63200454967068;118.63200454967068;112.42984678379037;42.51868908858245;21.411163423489484;20.80860605302945;64.66952880586513;27.810842171227193;6.138977143254181;11.443786655223107;17.158821193318147;54.615366622251486;2.5833486561513155;8.600722074963528;4.0;0.8700000000000004;106867.29871905141;18010.74126330272;5.93353139422395;2.5833486561513155;deltaT_shex_1_K;shex;True;True;True;True;True;True;True;True;101.47318335635254;2677.888348146854;0.08514731790229657;106867.29871905141;0.0;0.0;135.0;4.0;147.62467188146837;4.0;125.0;8.0;118.63200454967068;8.0;118.63200454967068;8.0;112.42984678379037;8.0;30.0;4.0;42.51868908858245;4.0;101.47318335635254;2677.888348146854;0.010159158653912587;106867.29871905141;0.0;0.0;107.18821789444758;287.316644025689;0.955147317902297;18010.74126330272;0.5962422047382866;0.23448968586964425;169.03583530495786;385.9949766438163;0.880159158653913;106867.29871905141;0.6470410918182989;0.27549788866220926;101.47318335635254;2677.888348146854;0.07498815924838398;106867.29871905141;0.0;0.0;127.48915380325292;287.316644025689;0.955147317902297;106867.29871905141;0.5962422047382866;0.23448968586964425;155.80860605302945;344.9336157439962;0.955147317902297;106867.29871905141;0.5962422047382866;0.23448968586964425;153.22525739687813;359.2320934527065;0.8700000000000004;106867.29871905141;0.6545967157194557;0.2821835395459073;118.88843172828939;295.9761210365923;0.8700000000000004;106867.29871905141;0.6545967157194557;0.2821835395459073;118.86102285674582;295.9262531407505;0.8700000000000004;18010.74126330272;0.6545967157194557;0.2821835395459073;107.18821789444758;2700.257098176708;0.08514731790229657;18010.74126330272;0.0;0.0;57.81084217122719;242.01781691975415;0.08514731790229657;18010.74126330272;0.0;0.0;57.81448016153888;242.1080934003514;0.08514731790229657;106867.29871905141;0.0;0.0;"Zustand 3: Temperatur 428.959 K liegt außerhalb des Boryta-Prüfbereichs; Kristallisation wurde nicht bewertet.";"Zustand 4: Temperatur 426.375 K liegt außerhalb des Boryta-Prüfbereichs; Kristallisation wurde nicht bewertet.";"Zustand 5: Temperatur 392.038 K liegt außerhalb des Boryta-Prüfbereichs; Kristallisation wurde nicht bewertet.";"Zustand 6: Temperatur 392.011 K liegt außerhalb des Boryta-Prüfbereichs; Kristallisation wurde nicht bewertet.";"Zustand 20: Temperatur 442.186 K liegt außerhalb des Boryta-Prüfbereichs; Kristallisation wurde nicht bewertet.";5
series_desorber_to_evaporator;Serie Desorber → Verdampfer;series_desorber_to_evaporator;125.0;nan;30.0;125.0;8.0;8.0;4.0;125.0;0.8800000000000004;Abwärmetemperatur [°C];hot_temperature_C;125.0;10.0;10.0;25.0;15.0;11.0;nan;nan;4.9181724083602446e-20;`gtol` termination condition is satisfied.;4;9.502509771906799e-09;3.136294759221539e-10;1;True;;True;0;zulässig;feasible;True;True;True;101.46446414965226;127.46593476842588;153.2176228721412;57.82878707511185;0.12011678191245065;0.2752724830337428;0.23471806752314409;0.2819221431122942;211.0299763611681;209.4475401234638;212.9060515607393;207.51990118813055;55.76171445167761;0.5019432672540585;10.328689072601833;28.988217831431655;0.007687421565099393;0.04387631458622759;21.102997635227883;20.94475401230908;8.51624206246319;13.834660079133046;5.069246768480375;107.26851767262542;0.01511608712677499;2700.409414042912;287.3613400290739;250.3256605432776;0.014590040988541553;0.9506095418253431;0.6057042297954899;0.24164674428482996;3.892424160767405e-10;-1.6065158092715137e-09;2.514582320145564e-09;-2.989023473176644e-10;-8.404583695664769e-10;3.730065145646222e-10;1.1348504358466016e-09;8.889287528290879e-09;3.8924241607674044e-12;-1.6065158092715136e-11;2.5145823201455642e-11;-2.989023473176644e-10;-8.404583695664768e-12;3.730065145646222e-12;1.1348504358466017e-11;8.889287528290879e-11;147.62141006944785;125.0;118.63319223801619;118.63319223801619;112.42745356612232;42.5267667537957;21.33317433416471;20.87448259951691;64.74175091882972;27.828787075111848;6.188879986396216;11.364674565390771;17.168728088363935;54.5950294295435;2.6568597273757177;8.627424297781488;4.0;0.8800000000000004;106834.348266818;18025.93197191437;5.926703175917516;2.6568597273757177;deltaT_shex_1_K;shex;True;True;True;True;True;True;True;True;101.46446414965226;2677.874661519977;0.08519958281388418;106834.348266818;0.0;0.0;135.0;4.0;147.62141006944785;4.0;125.0;8.0;118.63319223801619;8.0;118.63319223801619;8.0;112.42745356612232;8.0;30.0;4.0;42.5267667537957;4.0;101.46446414965226;2677.874661519977;0.010233899707887104;106834.348266818;0.0;0.0;107.26851767262542;287.3613400290733;0.9651995828138846;18025.93197191437;0.5965483518848451;0.23471806752314409;168.95458440361256;385.74585079587155;0.8902338997078876;106834.348266818;0.646783076734551;0.2752724830337428;101.46446414965226;2677.874661519977;0.07496568310599708;106834.348266818;0.0;0.0;127.46593476842588;287.3613400290733;0.9651995828138846;106834.348266818;0.5965483518848451;0.23471806752314409;155.8744825995169;345.13355154320726;0.9651995828138846;106834.348266818;0.5965483518848451;0.23471806752314409;153.2176228721412;359.089695836787;0.8800000000000004;106834.348266818;0.6543047958722303;0.2819221431122942;118.8385104706444;295.7241112330502;0.8800000000000004;106834.348266818;0.6543047958722303;0.2819221431122942;118.81112001360378;295.6742517846568;0.8800000000000004;18025.93197191437;0.6543047958722303;0.2819221431122942;107.26851767262542;2700.409414042912;0.08519958281388418;18025.93197191437;0.0;0.0;57.82878707511185;242.09291522864646;0.08519958281388418;18025.93197191437;0.0;0.0;57.83242413657882;242.18314362309638;0.08519958281388418;106834.348266818;0.0;0.0;"Zustand 3: Temperatur 429.024 K liegt außerhalb des Boryta-Prüfbereichs; Kristallisation wurde nicht bewertet.";"Zustand 4: Temperatur 426.368 K liegt außerhalb des Boryta-Prüfbereichs; Kristallisation wurde nicht bewertet.";"Zustand 5: Temperatur 391.989 K liegt außerhalb des Boryta-Prüfbereichs; Kristallisation wurde nicht bewertet.";"Zustand 6: Temperatur 391.961 K liegt außerhalb des Boryta-Prüfbereichs; Kristallisation wurde nicht bewertet.";"Zustand 20: Temperatur 442.105 K liegt außerhalb des Boryta-Prüfbereichs; Kristallisation wurde nicht bewertet.";5
series_desorber_to_evaporator;Serie Desorber → Verdampfer;series_desorber_to_evaporator;125.0;nan;30.0;125.0;8.0;8.0;4.0;125.0;0.8900000000000005;Abwärmetemperatur [°C];hot_temperature_C;125.0;10.0;10.0;25.0;15.0;11.0;nan;nan;4.4468984604174115e-20;`gtol` termination condition is satisfied.;4;8.720040965978202e-09;2.9822469583914113e-10;1;True;;True;0;zulässig;feasible;True;True;True;101.45592744704334;127.44418010334675;153.2081525260893;57.84659742086029;0.12093012012803221;0.27504994198728683;0.23494064030896822;0.28166495700085625;210.97163753250447;209.5815859621702;212.8622507987024;207.63891709615993;56.487968763587354;0.5017147481151673;10.43969627843114;28.983418835637337;0.007688077350767336;0.044367522841668554;21.097163752435737;20.95815859618999;8.514490031979879;13.842594473009258;5.135269887736238;107.34716634709838;0.015030875950114703;2700.558577519444;287.40702677360576;250.58172867801736;0.014658884651728155;0.9605926376400442;0.6059544677367218;0.2418388271529298;3.801190473495808e-10;-1.5112675555428723e-09;2.3252937353390735e-09;-2.8520552586286385e-10;-7.945573088363744e-10;2.703188783925725e-10;1.021049911287264e-09;8.147111429934739e-09;3.801190473495808e-12;-1.5112675555428723e-11;2.3252937353390734e-11;-2.8520552586286385e-10;-7.945573088363744e-12;2.703188783925725e-12;1.021049911287264e-11;8.14711142993474e-11;147.61792090505412;125.0;118.63450206941678;118.63450206941678;112.42520430936418;42.53478384941212;21.256519464240284;20.938606475648044;64.81238249768626;27.84659742086029;6.237841151023019;11.287335722318403;17.178574622373446;54.574970732044505;2.7304539495587505;8.654648905605256;4.0;0.8900000000000005;106802.09565163183;18041.019576618688;5.919958968951413;2.7304539495587505;deltaT_shex_1_K;shex;True;True;True;True;True;True;True;True;101.45592744704334;2677.861260959664;0.08525152229177191;106802.09565163183;0.0;0.0;135.0;4.0;147.61792090505412;4.0;125.0;8.0;118.63450206941678;8.0;118.63450206941678;8.0;112.42520430936418;8.0;30.0;4.0;42.53478384941212;4.0;101.45592744704334;2677.861260959664;0.010309476831841594;106802.09565163183;0.0;0.0;107.34716634709838;287.40702677360565;0.9752515222917724;18041.019576618688;0.5968464413007534;0.23494064030896822;168.8744403692944;385.5000477604403;0.900309476831842;106802.09565163183;0.6465281280682454;0.27504994198728683;101.45592744704334;2677.861260959664;0.07494204545993031;106802.09565163183;0.0;0.0;127.44418010334675;287.40702677360565;0.9752515222917724;106802.09565163183;0.5968464413007534;0.23494064030896822;155.93860647564804;345.3284629081985;0.9752515222917724;106802.09565163183;0.5968464413007534;0.23494064030896822;153.2081525260893;358.94606482182866;0.8900000000000005;106802.09565163183;0.65401730387976;0.28166495700085625;118.7895311977415;295.47643699800034;0.8900000000000005;106802.09565163183;0.65401730387976;0.28166495700085625;118.76215884897698;295.42658584874005;0.8900000000000005;18041.019576618688;0.65401730387976;0.28166495700085625;107.34716634709838;2700.558577519444;0.08525152229177191;18041.019576618688;0.0;0.0;57.84659742086029;242.1674505565645;0.08525152229177191;18041.019576618688;0.0;0.0;57.85023357731967;242.257631671741;0.08525152229177191;106802.09565163183;0.0;0.0;"Zustand 3: Temperatur 429.089 K liegt außerhalb des Boryta-Prüfbereichs; Kristallisation wurde nicht bewertet.";"Zustand 4: Temperatur 426.358 K liegt außerhalb des Boryta-Prüfbereichs; Kristallisation wurde nicht bewertet.";"Zustand 5: Temperatur 391.940 K liegt außerhalb des Boryta-Prüfbereichs; Kristallisation wurde nicht bewertet.";"Zustand 6: Temperatur 391.912 K liegt außerhalb des Boryta-Prüfbereichs; Kristallisation wurde nicht bewertet.";"Zustand 20: Temperatur 442.024 K liegt außerhalb des Boryta-Prüfbereichs; Kristallisation wurde nicht bewertet.";5
series_desorber_to_evaporator;Serie Desorber → Verdampfer;series_desorber_to_evaporator;125.0;nan;30.0;125.0;8.0;8.0;4.0;125.0;0.9000000000000005;Abwärmetemperatur [°C];hot_temperature_C;125.0;10.0;10.0;25.0;15.0;11.0;nan;nan;4.026384141348555e-20;`gtol` termination condition is satisfied.;4;8.102457781180836e-09;2.8377399956121964e-10;1;True;;True;0;zulässig;feasible;True;True;True;101.44756303122512;127.42385045682471;153.19691716936643;57.86428467977072;0.12175264790993616;0.27483019071045606;0.23515757230672868;0.28141185663627655;210.9096192012717;209.71470541360887;212.8144981886287;207.75727897783156;57.211445566285214;0.5014830539087617;10.550604451698078;28.978281596625948;0.007688766547230158;0.044858682277228945;21.090961919370702;20.971470541337183;8.512579927574047;13.850485265123908;5.20104050615246;107.42422164969497;0.014948297969679586;2700.704698155602;287.45366102899095;250.83223749938972;0.014728605368338976;0.970574564143921;0.6061983526836732;0.2420261745708646;4.041993406644906e-10;-1.3918466379436722e-09;2.1739197109127417e-09;-2.7197444296689355e-10;-7.224514320114395e-10;2.370370566495694e-10;9.7293195722159e-10;7.5646937602869e-09;4.041993406644906e-12;-1.3918466379436722e-11;2.1739197109127417e-11;-2.7197444296689355e-10;-7.2245143201143946e-12;2.3703705664956944e-12;9.7293195722159e-12;7.5646937602869e-11;147.61421167471718;125.0;118.63593007809123;118.63593007809123;112.42309278808432;42.54274553909141;21.181156123047288;21.0010241248728;64.88147611060356;27.86428467977072;6.2858788916531125;11.211708428396264;17.18836704686612;54.555172834264795;2.80410695550637;8.682374818652761;4.0;0.9000000000000005;106770.5017674708;18056.013567641807;5.913293173351081;2.80410695550637;deltaT_shex_1_K;shex;True;True;True;True;True;True;True;True;101.44756303122512;2677.8481304526886;0.08530316951225947;106770.5017674708;0.0;0.0;135.0;4.0;147.61421167471718;4.0;125.0;8.0;118.63593007809123;8.0;118.63593007809123;8.0;112.42309278808432;8.0;30.0;4.0;42.54274553909141;4.0;101.44756303122512;2677.8481304526886;0.010385886763227728;106770.5017674708;0.0;0.0;107.42422164969497;287.4536610289915;0.9853031695122599;18056.013567641807;0.5971367190790288;0.23515757230672868;168.79536779776447;385.257468966321;0.9103858867632282;106770.5017674708;0.646276167905614;0.27483019071045606;101.44756303122512;2677.8481304526886;0.07491728274903174;106770.5017674708;0.0;0.0;127.42385045682471;287.4536610289915;0.9853031695122599;106770.5017674708;0.5971367190790288;0.23515757230672868;156.0010241248728;345.5184753283363;0.9853031695122599;106770.5017674708;0.5971367190790288;0.23515757230672868;153.19691716936643;358.8012611858134;0.9000000000000005;106770.5017674708;0.6537341132674652;0.28141185663627655;118.74147563817195;295.23298833483454;0.9000000000000005;106770.5017674708;0.6537341132674652;0.28141185663627655;118.71412110834689;295.1831453545265;0.9000000000000005;18056.013567641807;0.6537341132674652;0.28141185663627655;107.42422164969497;2700.704698155602;0.08530316951225947;18056.013567641807;0.0;0.0;57.86428467977072;242.24147090741164;0.08530316951225947;18056.013567641807;0.0;0.0;57.86791995381952;242.3316055013686;0.08530316951225947;106770.5017674708;0.0;0.0;"Zustand 3: Temperatur 429.151 K liegt außerhalb des Boryta-Prüfbereichs; Kristallisation wurde nicht bewertet.";"Zustand 4: Temperatur 426.347 K liegt außerhalb des Boryta-Prüfbereichs; Kristallisation wurde nicht bewertet.";"Zustand 5: Temperatur 391.891 K liegt außerhalb des Boryta-Prüfbereichs; Kristallisation wurde nicht bewertet.";"Zustand 6: Temperatur 391.864 K liegt außerhalb des Boryta-Prüfbereichs; Kristallisation wurde nicht bewertet.";"Zustand 20: Temperatur 441.945 K liegt außerhalb des Boryta-Prüfbereichs; Kristallisation wurde nicht bewertet.";5
series_desorber_to_evaporator;Serie Desorber → Verdampfer;series_desorber_to_evaporator;125.0;nan;30.0;125.0;8.0;8.0;4.0;125.0;0.9100000000000005;Abwärmetemperatur [°C];hot_temperature_C;125.0;10.0;10.0;25.0;15.0;11.0;nan;nan;3.613454737768156e-20;`gtol` termination condition is satisfied.;4;7.0773684104247185e-09;2.688291181315058e-10;1;True;;True;0;zulässig;feasible;True;True;True;101.43936123416836;127.40490741453755;153.18398463544423;57.88185966887136;0.12258427086991826;0.27461315681688314;0.2353690252123987;0.2811627219819708;210.84403761279754;209.846979889787;212.76292028653762;207.8750579469275;57.932132785666575;0.5012482194267622;10.661411010037078;28.972816851439347;0.0076894881864671685;0.04534978132083663;21.08440376062568;20.984697988963767;8.510516811488985;13.85833719640415;5.2665575260852355;107.49973876882115;0.014868266472860303;2700.847880690208;287.50120102998613;251.07736013298359;0.014799196769266998;0.980555358940413;0.6064360745721048;0.24220892186715723;3.878568577420083e-10;-1.2710188457276672e-09;2.0571064851537813e-09;-2.593586456711705e-10;-6.870095603517257e-10;1.4932766134734266e-10;8.652421001897892e-10;6.540744834637735e-09;3.878568577420083e-12;-1.2710188457276672e-11;2.0571064851537812e-11;-2.593586456711705e-10;-6.870095603517257e-12;1.4932766134734265e-12;8.652421001897892e-12;6.540744834637736e-11;147.61028933090893;125.0;118.63747247946958;118.63747247946958;112.42111309110453;42.550656691972904;21.107043364194794;21.061780351806647;64.94908207684824;27.881859668871357;6.333011118595948;11.137733710648433;17.19811124530122;54.53561900925962;2.8777957163624137;8.710581548904429;4.0;0.9100000000000005;106739.52963046553;18070.922908918288;5.90670051377331;2.8777957163624137;deltaT_shex_1_K;shex;True;True;True;True;True;True;True;True;101.43936123416836;2677.835254845677;0.08535455570967954;106739.52963046553;0.0;0.0;135.0;4.0;147.61028933090893;4.0;125.0;8.0;118.63747247946958;8.0;118.63747247946958;8.0;112.42111309110453;8.0;30.0;4.0;42.550656691972904;4.0;101.43936123416836;2677.835254845677;0.010463125977096885;106739.52963046553;0.0;0.0;107.49973876882115;287.5012010299882;0.99535455570968;18070.922908918288;0.5974194214166113;0.2353690252123987;168.71733269510372;385.01801950371737;0.9204631259770973;106739.52963046553;0.6460271207546663;0.27461315681688314;101.43936123416836;2677.835254845677;0.07489142973258266;106739.52963046553;0.0;0.0;127.40490741453755;287.5012010299882;0.99535455570968;106739.52963046553;0.5974194214166113;0.2353690252123987;156.06178035180665;345.70371033016556;0.99535455570968;106739.52963046553;0.5974194214166113;0.2353690252123987;153.18398463544423;358.6553430490088;0.9100000000000005;106739.52963046553;0.6534551019521593;0.2811627219819708;118.69432586563312;294.9936586695817;0.9100000000000005;106739.52963046553;0.6534551019521593;0.2811627219819708;118.66698888140405;294.9438237450533;0.9100000000000005;18070.922908918288;0.6534551019521593;0.2811627219819708;107.49973876882115;2700.847880690208;0.08535455570967954;18070.922908918288;0.0;0.0;57.88185966887136;242.3150215473473;0.08535455570967954;18070.922908918288;0.0;0.0;57.88549408184491;242.4051103319767;0.08535455570967954;106739.52963046553;0.0;0.0;"Zustand 3: Temperatur 429.212 K liegt außerhalb des Boryta-Prüfbereichs; Kristallisation wurde nicht bewertet.";"Zustand 4: Temperatur 426.334 K liegt außerhalb des Boryta-Prüfbereichs; Kristallisation wurde nicht bewertet.";"Zustand 5: Temperatur 391.844 K liegt außerhalb des Boryta-Prüfbereichs; Kristallisation wurde nicht bewertet.";"Zustand 6: Temperatur 391.817 K liegt außerhalb des Boryta-Prüfbereichs; Kristallisation wurde nicht bewertet.";"Zustand 20: Temperatur 441.867 K liegt außerhalb des Boryta-Prüfbereichs; Kristallisation wurde nicht bewertet.";5
series_desorber_to_evaporator;Serie Desorber → Verdampfer;series_desorber_to_evaporator;125.0;nan;30.0;125.0;8.0;8.0;4.0;125.0;0.9200000000000005;Abwärmetemperatur [°C];hot_temperature_C;125.0;10.0;10.0;25.0;15.0;11.0;nan;nan;3.282363797682633e-20;`gtol` termination condition is satisfied.;4;6.636768367797851e-09;2.562172436696107e-10;1;True;;True;0;zulässig;feasible;True;True;True;101.43131290424509;127.38731349583429;153.16941991452052;57.89933259093823;0.12342489367439413;0.2743987702509759;0.23557515463153772;0.28091743734406827;210.77500373751684;209.97848617982933;212.70763792239097;207.99232094533997;58.650019551232766;0.5010102789284678;10.772113443017465;28.967034850401433;0.007690241333360868;0.04584080868960398;21.077500373136736;20.99784861797314;8.508305516919568;13.866154729635985;5.331819959310858;107.57377048383682;0.014790698148759341;2700.98822530508;287.549606439923;251.31726266777395;0.01487065237804086;0.9905350579188883;0.606667815635197;0.2423871991160538;4.078444248989399e-10;-1.1866703175655857e-09;1.8939090296044014e-09;-2.4748481042280446e-10;-5.98248561800574e-10;9.79127889877418e-11;8.001848073035944e-10;6.1494915826187935e-09;4.078444248989399e-12;-1.1866703175655857e-11;1.8939090296044015e-11;-2.4748481042280446e-10;-5.98248561800574e-12;9.791278898774181e-13;8.001848073035945e-12;6.149491582618793e-11;147.60616051061703;125.0;118.6391256602156;118.6391256602156;112.41925960323772;42.55852190070749;21.034141897918914;21.120918391766395;65.01524858312933;27.89933259093823;6.379255396751205;11.065355176378773;17.207812755970508;54.516293440186644;2.9514984772458774;8.739249195759726;4.0;0.9200000000000005;106709.14425046087;18085.756069718103;5.900176019134162;2.9514984772458774;deltaT_shex_1_K;shex;True;True;True;True;True;True;True;True;101.43131290424509;2677.822619793722;0.08540571029692867;106709.14425046087;0.0;0.0;135.0;4.0;147.60616051061703;4.0;125.0;8.0;118.6391256602156;8.0;118.6391256602156;8.0;112.41925960323772;8.0;30.0;4.0;42.55852190070749;4.0;101.43131290424509;2677.822619793722;0.01054119071258453;106709.14425046087;0.0;0.0;107.57377048383682;287.5496064399236;1.0054057102969292;18085.756069718103;0.5976947750975696;0.23557515463153772;168.64030240853594;384.7816079566054;0.930541190712585;106709.14425046087;0.6457809134542947;0.2743987702509759;101.43131290424509;2677.822619793722;0.07486451958434415;106709.14425046087;0.0;0.0;127.38731349583429;287.5496064399236;1.0054057102969292;106709.14425046087;0.5976947750975696;0.23557515463153772;156.1209183917664;345.88428561527013;1.0054057102969292;106709.14425046087;0.5976947750975696;0.23557515463153772;153.16941991452052;358.5083659830631;0.9200000000000005;106709.14425046087;0.6531801520627555;0.28091743734406827;118.64806430007457;294.75834473216645;0.9200000000000005;106709.14425046087;0.6531801520627555;0.28091743734406827;118.6207446032488;294.70851776619946;0.9200000000000005;18085.756069718103;0.6531801520627555;0.28091743734406827;107.57377048383682;2700.98822530508;0.08540571029692867;18085.756069718103;0.0;0.0;57.89933259093823;242.388145172259;0.08540571029692867;18085.756069718103;0.0;0.0;57.902966163051076;242.47818881578849;0.08540571029692867;106709.14425046087;0.0;0.0;"Zustand 3: Temperatur 429.271 K liegt außerhalb des Boryta-Prüfbereichs; Kristallisation wurde nicht bewertet.";"Zustand 4: Temperatur 426.319 K liegt außerhalb des Boryta-Prüfbereichs; Kristallisation wurde nicht bewertet.";"Zustand 5: Temperatur 391.798 K liegt außerhalb des Boryta-Prüfbereichs; Kristallisation wurde nicht bewertet.";"Zustand 6: Temperatur 391.771 K liegt außerhalb des Boryta-Prüfbereichs; Kristallisation wurde nicht bewertet.";"Zustand 20: Temperatur 441.790 K liegt außerhalb des Boryta-Prüfbereichs; Kristallisation wurde nicht bewertet.";5
series_desorber_to_evaporator;Serie Desorber → Verdampfer;series_desorber_to_evaporator;125.0;nan;30.0;125.0;8.0;8.0;4.0;125.0;0.9300000000000005;Abwärmetemperatur [°C];hot_temperature_C;125.0;10.0;10.0;25.0;15.0;11.0;nan;nan;2.9991776383077405e-20;`gtol` termination condition is satisfied.;4;6.167422776584711e-09;2.449153992017546e-10;1;True;;True;0;zulässig;feasible;True;True;True;101.42340937564853;127.3710321477509;153.15328528227565;57.91671307170344;0.1242744202250188;0.2741869631986083;0.23577611035761198;0.28067589118562175;210.7026235597296;210.1092967298034;212.64876651160932;208.1091309998604;59.3650961095313;0.5007692661407167;10.882709309785039;28.9609453837042;0.0076910250843665985;0.046331753380128286;21.070262355403052;21.01092967297067;8.505950660486809;13.873942066603501;5.396826919149346;107.64636729128739;0.014715512934437645;2701.125827863194;287.59883831347884;251.55210450352104;0.014942965628971239;1.0005136953482552;0.6068937507893045;0.2425611313896099;4.013216425846622e-10;-1.1115020015495247e-09;1.7687398212729022e-09;-2.370347251812177e-10;-5.609024356090231e-10;9.671907719166484e-11;8.078870905592339e-10;5.699064331565751e-09;4.0132164258466215e-12;-1.1115020015495247e-11;1.7687398212729023e-11;-2.370347251812177e-10;-5.609024356090231e-12;9.671907719166484e-13;8.078870905592339e-12;5.699064331565751e-11;147.6018315526154;125.0;118.64088616891121;118.64088616891121;112.41752698829339;42.56634549819398;20.962414009261693;21.178479977287452;65.08002179309341;27.91671307170344;6.424628945438826;10.994518877623818;17.217476793262676;54.497181166221196;3.0251946950118054;8.768358439931205;4.0;0.9300000000000005;106679.31251164156;18100.521054098204;5.893715003717416;3.0251946950118054;deltaT_shex_1_K;shex;True;True;True;True;True;True;True;True;101.42340937564853;2677.8102117125745;0.08545666097722593;106679.31251164156;0.0;0.0;135.0;4.0;147.6018315526154;4.0;125.0;8.0;118.64088616891121;8.0;118.64088616891121;8.0;112.41752698829339;8.0;30.0;4.0;42.56634549819398;4.0;101.42340937564853;2677.8102117125745;0.010620076997310742;106679.31251164156;0.0;0.0;107.64636729128739;287.5988383134795;1.0154566609772264;18100.521054098204;0.5979629979497352;0.23577611035761198;168.5642455618771;384.54814624604137;0.9406200769973112;106679.31251164156;0.6455374750891487;0.2741869631986083;101.42340937564853;2677.8102117125745;0.07483658397991519;106679.31251164156;0.0;0.0;127.3710321477509;287.5988383134795;1.0154566609772264;106679.31251164156;0.5979629979497352;0.23577611035761198;156.17847997728745;346.0603151946309;1.0154566609772264;106679.31251164156;0.5979629979497352;0.23577611035761198;153.15328528227565;358.36038311862444;0.9300000000000005;106679.31251164156;0.65290914976986;0.28067589118562175;118.60267370781969;294.5269464421406;0.9300000000000005;106679.31251164156;0.65290914976986;0.28067589118562175;118.57537105456117;294.47712735248456;0.9300000000000005;18100.521054098204;0.65290914976986;0.28067589118562175;107.64636729128739;2701.125827863194;0.08545666097722593;18100.521054098204;0.0;0.0;57.91671307170344;242.46088206339016;0.08545666097722593;18100.521054098204;0.0;0.0;57.92034582207219;242.55088119273148;0.08545666097722593;106679.31251164156;0.0;0.0;"Zustand 3: Temperatur 429.328 K liegt außerhalb des Boryta-Prüfbereichs; Kristallisation wurde nicht bewertet.";"Zustand 4: Temperatur 426.303 K liegt außerhalb des Boryta-Prüfbereichs; Kristallisation wurde nicht bewertet.";"Zustand 5: Temperatur 391.753 K liegt außerhalb des Boryta-Prüfbereichs; Kristallisation wurde nicht bewertet.";"Zustand 6: Temperatur 391.725 K liegt außerhalb des Boryta-Prüfbereichs; Kristallisation wurde nicht bewertet.";"Zustand 20: Temperatur 441.714 K liegt außerhalb des Boryta-Prüfbereichs; Kristallisation wurde nicht bewertet.";5
series_desorber_to_evaporator;Serie Desorber → Verdampfer;series_desorber_to_evaporator;125.0;nan;30.0;125.0;8.0;8.0;4.0;125.0;0.9400000000000005;Abwärmetemperatur [°C];hot_temperature_C;125.0;10.0;10.0;25.0;15.0;11.0;nan;nan;2.7357349217284674e-20;`gtol` termination condition is satisfied.;4;5.623283283406617e-09;2.339117321439208e-10;1;True;;True;0;zulässig;feasible;True;True;True;101.4156424397446;127.35602773633781;153.13564042289596;57.934010194630446;0.12513275380938843;0.2739776700001383;0.23597203663554522;0.28043797594999176;210.62699834936404;210.23947990441005;212.5864163487705;208.22554746218503;60.07735374439837;0.5005252142593207;10.993196236767018;28.95455780644437;0.00769183856621979;0.04682260465890998;21.062699834419163;21.02394799043812;8.50345665397309;13.881703164098537;5.461577613222063;107.71757752322031;0.014642633868755988;2701.2607801319245;287.64885905813674;251.78203867772166;0.015016129883532514;1.010491303965065;0.6071140479968629;0.2427308389954836;4.0665781853022054e-10;-1.0443130804560496e-09;1.6581225281697698e-09;-2.2706325708554687e-10;-5.567528660321841e-10;2.8848035071860068e-11;7.069616003718693e-10;5.1724100558203645e-09;4.066578185302206e-12;-1.0443130804560497e-11;1.6581225281697697e-11;-2.2706325708554687e-10;-5.567528660321841e-12;2.884803507186007e-13;7.069616003718693e-12;5.172410055820365e-11;147.59730851371796;125.0;118.64275070727359;118.64275070727359;112.41591017311737;42.57413157323026;20.89182348032938;21.234505401302386;65.14344594999005;27.934010194630446;6.469148639063121;10.925173184053278;17.22710826752899;54.47826803181101;3.098864978406425;8.797890535483646;4.0;0.9400000000000005;106650.00306082552;18115.22542847752;5.887313049561583;3.098864978406425;deltaT_shex_1_K;shex;True;True;True;True;True;True;True;True;101.4156424397446;2677.7980177338495;0.08550743384859694;106650.00306082552;0.0;0.0;135.0;4.0;147.59730851371796;4.0;125.0;8.0;118.64275070727359;8.0;118.64275070727359;8.0;112.41591017311737;8.0;30.0;4.0;42.57413157323026;4.0;101.4156424397446;2677.7980177338495;0.010699780668649048;106650.00306082552;0.0;0.0;107.71757752322031;287.6488590581368;1.0255074338485974;18115.22542847752;0.5982242992754665;0.23597203663554522;168.48913199404734;384.3175494799541;0.9506997806686496;106650.00306082552;0.6452967369062028;0.2739776700001383;101.4156424397446;2677.7980177338495;0.07480765317994789;106650.00306082552;0.0;0.0;127.35602773633781;287.6488590581368;1.0255074338485974;106650.00306082552;0.5982242992754665;0.23597203663554522;156.23450540130239;346.23190951827416;1.0255074338485974;106650.00306082552;0.5982242992754665;0.23597203663554522;153.13564042289596;358.2114452496466;0.9400000000000005;106650.00306082552;0.6526419851232539;0.28043797594999176;118.55813720085416;294.2993667985916;0.9400000000000005;106650.00306082552;0.6526419851232539;0.28043797594999176;118.53085136093688;294.2495555170396;0.9400000000000005;18115.22542847752;0.6526419851232539;0.28043797594999176;107.71757752322031;2701.2607801319245;0.08550743384859694;18115.22542847752;0.0;0.0;57.934010194630446;242.5332702329735;0.08550743384859694;18115.22542847752;0.0;0.0;57.937642141306355;242.62322543593095;0.08550743384859694;106650.00306082552;0.0;0.0;"Zustand 3: Temperatur 429.385 K liegt außerhalb des Boryta-Prüfbereichs; Kristallisation wurde nicht bewertet.";"Zustand 4: Temperatur 426.286 K liegt außerhalb des Boryta-Prüfbereichs; Kristallisation wurde nicht bewertet.";"Zustand 5: Temperatur 391.708 K liegt außerhalb des Boryta-Prüfbereichs; Kristallisation wurde nicht bewertet.";"Zustand 6: Temperatur 391.681 K liegt außerhalb des Boryta-Prüfbereichs; Kristallisation wurde nicht bewertet.";"Zustand 20: Temperatur 441.639 K liegt außerhalb des Boryta-Prüfbereichs; Kristallisation wurde nicht bewertet.";5
series_desorber_to_evaporator;Serie Desorber → Verdampfer;series_desorber_to_evaporator;125.0;nan;30.0;125.0;8.0;8.0;4.0;125.0;0.9500000000000005;Abwärmetemperatur [°C];hot_temperature_C;125.0;10.0;10.0;25.0;15.0;11.0;nan;nan;2.497208851745417e-20;`gtol` termination condition is satisfied.;4;5.1612934346289245e-09;2.2348193894565248e-10;1;True;;True;0;zulässig;feasible;True;True;True;101.40800431841637;127.34226553541475;153.11654254653462;57.95123253327921;0.12599979725333102;0.27377082706921296;0.23616307241027557;0.28020358789117167;210.54822491644717;210.36910023081708;212.52069288250192;208.34162623218407;60.78678470388785;0.5002781559521661;11.103571915506725;28.94788106206323;0.007692680934709663;0.047313352053473465;21.05482249117256;21.03691002308355;8.500827715320579;13.889441748768178;5.52607133680685;107.7874474592478;0.014571986952452327;2701.393169994561;287.69963239363426;252.00721217476425;0.015090138444124657;1.0204679150569547;0.6073288686059082;0.24289643769975042;4.099049988326442e-10;-9.875051887320296e-10;1.5667183106415905e-09;-2.1745116818294719e-10;-5.125571078679059e-10;-1.8417267710901797e-11;6.614016001549317e-10;4.721584900835296e-09;4.099049988326442e-12;-9.875051887320296e-12;1.5667183106415905e-11;-2.1745116818294719e-10;-5.125571078679059e-12;-1.8417267710901798e-13;6.614016001549317e-12;4.721584900835296e-11;147.592597183998;125.0;118.64471612193478;118.64471612193478;112.4144043326948;42.58188398509674;20.82233551780547;21.289033577032342;65.20556347415106;27.95123253327921;6.512831009162539;10.857268662686977;17.236711803518403;54.45954063935636;3.1724910304977243;8.827827300681406;4.0;0.9500000000000005;106621.1862036182;18129.87634733639;5.88096599011183;3.1724910304977243;deltaT_shex_1_K;shex;True;True;True;True;True;True;True;True;101.40800431841637;2677.78602566334;0.08555805350107881;106621.1862036182;0.0;0.0;135.0;4.0;147.592597183998;4.0;125.0;8.0;118.64471612193478;8.0;118.64471612193478;8.0;112.4144043326948;8.0;30.0;4.0;42.58188398509674;4.0;101.40800431841637;2677.78602566334;0.010780297394525578;106621.1862036182;0.0;0.0;107.7874474592478;287.6996323936345;1.0355580535010793;18129.87634733639;0.5984788802567352;0.23616307241027557;168.41493270180348;384.08973581311216;0.9607802973945261;106621.1862036182;0.6450586322370524;0.27377082706921296;101.40800431841637;2677.78602566334;0.07477775610655324;106621.1862036182;0.0;0.0;127.34226553541475;287.6996323936345;1.0355580535010793;106621.1862036182;0.5984788802567352;0.23616307241027557;156.28903357703234;346.3991755997117;1.0355580535010793;106621.1862036182;0.5984788802567352;0.23616307241027557;153.11654254653462;358.06160093338724;0.9500000000000005;106621.1862036182;0.6523785518949158;0.28020358789117167;118.51443823473335;294.07551177183154;0.9500000000000005;106621.1862036182;0.6523785518949158;0.28020358789117167;118.48716899083746;294.0257082433542;0.9500000000000005;18129.87634733639;0.6523785518949158;0.28020358789117167;107.7874474592478;2701.393169994561;0.08555805350107881;18129.87634733639;0.0;0.0;57.95123253327921;242.60534555948877;0.08555805350107881;18129.87634733639;0.0;0.0;57.95486369333844;242.69525738683782;0.08555805350107881;106621.1862036182;0.0;0.0;"Zustand 3: Temperatur 429.439 K liegt außerhalb des Boryta-Prüfbereichs; Kristallisation wurde nicht bewertet.";"Zustand 4: Temperatur 426.267 K liegt außerhalb des Boryta-Prüfbereichs; Kristallisation wurde nicht bewertet.";"Zustand 5: Temperatur 391.664 K liegt außerhalb des Boryta-Prüfbereichs; Kristallisation wurde nicht bewertet.";"Zustand 6: Temperatur 391.637 K liegt außerhalb des Boryta-Prüfbereichs; Kristallisation wurde nicht bewertet.";"Zustand 20: Temperatur 441.565 K liegt außerhalb des Boryta-Prüfbereichs; Kristallisation wurde nicht bewertet.";5
series_desorber_to_evaporator;Serie Desorber → Verdampfer;series_desorber_to_evaporator;125.0;nan;30.0;125.0;8.0;8.0;4.0;125.0;0.9600000000000005;Abwärmetemperatur [°C];hot_temperature_C;125.0;10.0;10.0;25.0;15.0;11.0;nan;nan;2.2872814487471126e-20;`gtol` termination condition is satisfied.;4;4.830958149438657e-09;2.1388227830968665e-10;1;True;;True;0;zulässig;feasible;True;True;True;101.40048763892526;127.3297117144217;153.09604650211793;57.96838818169414;0.12687545304634315;0.2735663728162395;0.23634935156462236;0.27997262691553304;210.466395852068;210.4982186271536;212.45169697564097;208.45741996725684;61.49338213185841;0.5000281233647421;11.213834100528036;28.940923704538818;0.007693551373456627;0.04780398534306988;21.046639584765884;21.049821862720158;8.498067879045571;13.897161331110532;5.590307466615763;107.85602143013307;0.01450350101689574;2701.5230816457797;287.75112331384156;252.22776621582526;0.015164984568240447;1.0304435585396696;0.6075383676740818;0.2430580389405614;3.9266012663574656e-10;-9.149800916929962e-10;1.5011778486950789e-09;-2.083654360163223e-10;-4.983178314432735e-10;-4.800426722795237e-11;5.988738394080428e-10;4.409145049066865e-09;3.926601266357466e-12;-9.149800916929962e-12;1.5011778486950787e-11;-2.083654360163223e-10;-4.983178314432735e-12;-4.800426722795237e-13;5.988738394080429e-12;4.409145049066865e-11;147.58770310120025;125.0;118.64677939666143;118.64677939666143;112.41300487610948;42.58960637722208;20.753916684566434;21.34210209550929;65.26641505291099;27.968388181694138;6.5556922460721125;10.79075796652836;17.246291757736174;54.44098630481625;3.246055593391361;8.85815110754345;4.0;0.9600000000000005;106592.8338065961;18144.480577391816;5.874669894899704;3.246055593391361;deltaT_shex_1_K;shex;True;True;True;True;True;True;True;True;101.40048763892526;2677.7742239417003;0.08560854310790955;106592.8338065961;0.0;0.0;135.0;4.0;147.58770310120025;4.0;125.0;8.0;118.64677939666143;8.0;118.64677939666143;8.0;112.41300487610948;8.0;30.0;4.0;42.58960637722208;4.0;101.40048763892526;2677.7742239417003;0.010861622691453422;106592.8338065961;0.0;0.0;107.85602143013307;287.75112331384133;1.04560854310791;18144.480577391816;0.5987269343407176;0.23634935156462236;168.34161978576668;383.86462631503935;0.9708616226914539;106592.8338065961;0.6448230964247168;0.2735663728162395;101.40048763892526;2677.7742239417003;0.07474692041645613;106592.8338065961;0.0;0.0;127.3297117144217;287.75112331384133;1.04560854310791;106592.8338065961;0.5987269343407176;0.23634935156462236;156.3421020955093;346.5622171378061;1.04560854310791;106592.8338065961;0.5987269343407176;0.23634935156462236;153.09604650211793;357.91089658980667;0.9600000000000005;106592.8338065961;0.6521187474327735;0.27997262691553304;118.47156060687826;293.8552902028632;0.9600000000000005;106592.8338065961;0.6521187474327735;0.27997262691553304;118.44430775392789;293.8054943847975;0.9600000000000005;18144.480577391816;0.6521187474327735;0.27997262691553304;107.85602143013307;2701.5230816457797;0.08560854310790955;18144.480577391816;0.0;0.0;57.96838818169414;242.67714191496788;0.08560854310790955;18144.480577391816;0.0;0.0;57.97201857129323;242.76701088241145;0.08560854310790955;106592.8338065961;0.0;0.0;"Zustand 3: Temperatur 429.492 K liegt außerhalb des Boryta-Prüfbereichs; Kristallisation wurde nicht bewertet.";"Zustand 4: Temperatur 426.246 K liegt außerhalb des Boryta-Prüfbereichs; Kristallisation wurde nicht bewertet.";"Zustand 5: Temperatur 391.622 K liegt außerhalb des Boryta-Prüfbereichs; Kristallisation wurde nicht bewertet.";"Zustand 6: Temperatur 391.594 K liegt außerhalb des Boryta-Prüfbereichs; Kristallisation wurde nicht bewertet.";"Zustand 20: Temperatur 441.492 K liegt außerhalb des Boryta-Prüfbereichs; Kristallisation wurde nicht bewertet.";5
series_desorber_to_evaporator;Serie Desorber → Verdampfer;series_desorber_to_evaporator;125.0;nan;30.0;125.0;8.0;8.0;4.0;125.0;0.9700000000000005;Abwärmetemperatur [°C];hot_temperature_C;125.0;10.0;10.0;25.0;15.0;11.0;nan;nan;2.0917871143973882e-20;`gtol` termination condition is satisfied.;4;4.44276205082372e-09;2.045378749472766e-10;1;True;;True;0;zulässig;feasible;True;True;True;101.39308541068664;127.31833332386572;153.07420488475242;57.98548478253599;0.12775962345433642;0.27336424757274874;0.23653100314318792;0.2797449964285426;210.3815997521022;210.62689261429463;212.37952514731768;208.57297827582343;62.19714000637829;0.4997751481255043;11.323980607401658;28.93369391900484;0.0076944490927720365;0.04829449455057882;21.038159974806945;21.06268926143692;8.495181005913338;13.904865218351091;5.654285455204631;107.92334191704356;0.014437107597344854;2701.650595779042;287.80329804601524;252.44383653465977;0.01524066147924552;1.0404182630305676;0.6077426942706095;0.24321575002740803;3.8770053834014107e-10;-8.72653060923767e-10;1.393345883116126e-09;-1.9966450715003248e-10;-5.157687610335415e-10;-7.455014383594971e-11;5.570655048359185e-10;4.032756351080025e-09;3.8770053834014106e-12;-8.726530609237671e-12;1.3933458831161261e-11;-1.9966450715003248e-10;-5.157687610335415e-12;-7.455014383594971e-13;5.5706550483591855e-12;4.032756351080025e-11;147.58263156412096;125.0;118.64893764511612;118.64893764511612;112.41170743351853;42.597302189850154;20.68653483491056;21.393747280152127;65.3260397271934;27.98548478253599;6.597748202270054;10.725595728072562;17.255852234429483;54.422593016613575;3.319542395399708;8.888844870673154;4.0;0.9700000000000005;106564.91920698996;18159.04451999635;5.868421055394349;3.319542395399708;deltaT_shex_1_K;shex;True;True;True;True;True;True;True;True;101.39308541068664;2677.7626016081135;0.0856589245098126;106564.91920698996;0.0;0.0;135.0;4.0;147.58263156412096;4.0;125.0;8.0;118.64893764511612;8.0;118.64893764511612;8.0;112.41170743351853;8.0;30.0;4.0;42.597302189850154;4.0;101.39308541068664;2677.7626016081135;0.010943751940877088;106564.91920698996;0.0;0.0;107.92334191704356;287.8032980460144;1.0556589245098131;18159.04451999635;0.5989686476019244;0.23653100314318792;168.26916639903152;383.64214484298975;0.9809437519408776;106564.91920698996;0.6445900667506561;0.27336424757274874;101.39308541068664;2677.7626016081135;0.07471517256893552;106564.91920698996;0.0;0.0;127.31833332386572;287.8032980460144;1.0556589245098131;106564.91920698996;0.5989686476019244;0.23653100314318792;156.39374728015213;346.72113463348893;1.0556589245098131;106564.91920698996;0.5989686476019244;0.23653100314318792;153.07420488475242;357.7593765956333;0.9700000000000005;106564.91920698996;0.651862472518087;0.2797449964285426;118.42948845319256;293.6386137028595;0.9700000000000005;106564.91920698996;0.651862472518087;0.2797449964285426;118.40225179772995;293.58882556414756;0.9700000000000005;18159.04451999635;0.651862472518087;0.2797449964285426;107.92334191704356;2701.650595779042;0.0856589245098126;18159.04451999635;0.0;0.0;57.98548478253599;242.74869128260625;0.0856589245098126;18159.04451999635;0.0;0.0;57.989114416904954;242.83851787261779;0.0856589245098126;106564.91920698996;0.0;0.0;"Zustand 3: Temperatur 429.544 K liegt außerhalb des Boryta-Prüfbereichs; Kristallisation wurde nicht bewertet.";"Zustand 4: Temperatur 426.224 K liegt außerhalb des Boryta-Prüfbereichs; Kristallisation wurde nicht bewertet.";"Zustand 5: Temperatur 391.579 K liegt außerhalb des Boryta-Prüfbereichs; Kristallisation wurde nicht bewertet.";"Zustand 6: Temperatur 391.552 K liegt außerhalb des Boryta-Prüfbereichs; Kristallisation wurde nicht bewertet.";"Zustand 20: Temperatur 441.419 K liegt außerhalb des Boryta-Prüfbereichs; Kristallisation wurde nicht bewertet.";5
series_desorber_to_evaporator;Serie Desorber → Verdampfer;series_desorber_to_evaporator;125.0;nan;30.0;125.0;8.0;8.0;4.0;125.0;0.9800000000000005;Abwärmetemperatur [°C];hot_temperature_C;125.0;10.0;10.0;25.0;15.0;11.0;nan;nan;1.915469457009304e-20;`gtol` termination condition is satisfied.;4;4.130716261055674e-09;1.9572784457042918e-10;1;True;;True;0;zulässig;feasible;True;True;True;101.38579100335807;127.30809827997751;153.05106813837148;58.00252955352124;0.12865221062414772;0.27316439352095917;0.23670815156542735;0.27952060318999344;210.29392142934694;210.75517651488013;212.30426980216504;208.68834789919794;62.89805308201968;0.4995192613532285;11.434009310826026;28.926199541293613;0.007695373328539493;0.048784869934193974;21.029392142561242;21.07551765149675;8.49217079210423;13.912556526577735;5.718004825713338;107.98944964404859;0.014372740813342104;2701.7757897612264;287.85612401136933;252.65555363684237;0.015317162376932592;1.0503920559173114;0.6079419917625761;0.24336967433065845;3.987494778812106e-10;-8.270433227153262e-10;1.3235990081739146e-09;-1.913289526811468e-10;-4.4073544813727494e-10;-8.736833478906192e-11;5.31912291990011e-10;3.734498932317365e-09;3.987494778812107e-12;-8.270433227153262e-12;1.3235990081739146e-11;-1.913289526811468e-10;-4.407354481372749e-12;-8.736833478906191e-13;5.31912291990011e-12;3.734498932317365e-11;147.57738764529586;125.0;118.65118810400224;118.65118810400224;112.41050784385874;42.604974671942614;20.6201590536935;21.444004238771754;65.38447497210598;28.002529553521242;6.639014395739366;10.661738459953654;17.26539710064418;54.40434939682092;3.392936100400277;8.919892035314092;4.0;0.9800000000000005;106537.41712756848;18173.574232226303;5.862215971729487;3.392936100400277;deltaT_shex_1_K;shex;True;True;True;True;True;True;True;True;101.38579100335807;2677.7511482660193;0.0857092182942435;106537.41712756848;0.0;0.0;135.0;4.0;147.57738764529586;4.0;125.0;8.0;118.65118810400224;8.0;118.65118810400224;8.0;112.41050784385874;8.0;30.0;4.0;42.604974671942614;4.0;101.38579100335807;2677.7511482660193;0.01102668040442207;106537.41712756848;0.0;0.0;107.98944964404859;287.8561240113699;1.065709218294244;18173.574232226303;0.5992041990854257;0.23670815156542735;168.19754669898936;383.42221792298926;0.9910266804044227;106537.41712756848;0.6443594823670064;0.27316439352095917;101.38579100335807;2677.7511482660193;0.07468253788982143;106537.41712756848;0.0;0.0;127.30809827997751;287.8561240113699;1.065709218294244;106537.41712756848;0.5992041990854257;0.23670815156542735;156.44400423877175;346.8760255025977;1.065709218294244;106537.41712756848;0.5992041990854257;0.23670815156542735;153.05106813837148;357.6070833758581;0.9800000000000005;106537.41712756848;0.6516096312305685;0.27952060318999344;118.38820624466342;293.4253965578776;0.9800000000000005;106537.41712756848;0.6516096312305685;0.27952060318999344;118.36098560426063;293.3756160783529;0.9800000000000005;18173.574232226303;0.6516096312305685;0.27952060318999344;107.98944964404859;2701.7757897612264;0.0857092182942435;18173.574232226303;0.0;0.0;58.00252955352124;242.82002386742948;0.0857092182942435;18173.574232226303;0.0;0.0;58.00615844703782;242.9098085309895;0.0857092182942435;106537.41712756848;0.0;0.0;"Zustand 3: Temperatur 429.594 K liegt außerhalb des Boryta-Prüfbereichs; Kristallisation wurde nicht bewertet.";"Zustand 4: Temperatur 426.201 K liegt außerhalb des Boryta-Prüfbereichs; Kristallisation wurde nicht bewertet.";"Zustand 5: Temperatur 391.538 K liegt außerhalb des Boryta-Prüfbereichs; Kristallisation wurde nicht bewertet.";"Zustand 6: Temperatur 391.511 K liegt außerhalb des Boryta-Prüfbereichs; Kristallisation wurde nicht bewertet.";"Zustand 20: Temperatur 441.348 K liegt außerhalb des Boryta-Prüfbereichs; Kristallisation wurde nicht bewertet.";5
series_desorber_to_evaporator;Serie Desorber → Verdampfer;series_desorber_to_evaporator;125.0;nan;30.0;125.0;8.0;8.0;4.0;125.0;0.9900000000000005;Abwärmetemperatur [°C];hot_temperature_C;125.0;10.0;10.0;25.0;15.0;11.0;nan;nan;1.7552810626545503e-20;`gtol` termination condition is satisfied.;4;3.84458135963833e-09;1.8736494136601704e-10;1;True;;True;0;zulässig;feasible;True;True;True;101.37859812640238;127.29897534829786;153.0266846537117;58.01952931208041;0.12955311667381617;0.27296675462607967;0.2368809168278722;0.27929935717601984;210.20344211233555;210.88312163885752;212.22601944533784;208.80357288093072;63.596116836942365;0.49926049366487885;11.543918142823092;28.918448076256254;0.007696323341147713;0.049275101979604684;21.020344210886897;21.088312163896664;8.48904077782957;13.920238192027506;5.781465167064207;108.05438366540966;0.014310337254742405;2701.89873779747;287.90956978583847;252.8630430450287;0.015394480446742298;1.0603649634224517;0.6081363980849698;0.24351991146077637;3.9617731317775906e-10;-7.639116006430413e-10;1.244131908606505e-09;-1.8338730534139813e-10;-4.014282239950262e-10;-1.0911094250332098e-10;5.181277629162651e-10;3.4665958992263768e-09;3.961773131777591e-12;-7.639116006430412e-12;1.244131908606505e-11;-1.8338730534139813e-10;-4.014282239950262e-12;-1.0911094250332099e-12;5.181277629162651e-12;3.466595899226377e-11;147.57197620289088;125.0;118.65352812663463;118.65352812663463;112.40940214335319;42.61262689227618;20.554759598893725;21.4929069132304;65.44175677313348;28.019529312080408;6.6795060139014595;10.599144461224967;17.274930000232246;54.38624466500022;3.4662222595187018;8.951276564901548;4.0;0.9900000000000005;106510.30359731097;18188.075446571962;5.8560513403514465;3.4662222595187018;deltaT_shex_1_K;shex;True;True;True;True;True;True;True;True;101.37859812640238;2677.7398540511413;0.08575944386919343;106510.30359731097;0.0;0.0;135.0;4.0;147.57197620289088;4.0;125.0;8.0;118.65352812663463;8.0;118.65352812663463;8.0;112.40940214335319;8.0;30.0;4.0;42.61262689227618;4.0;101.37859812640238;2677.7398540511413;0.011110403237467205;106510.30359731097;0.0;0.0;108.05438366540966;287.909569785838;1.075759443869194;18188.075446571962;0.5994337611314895;0.2368809168278722;168.1267358017846;383.2047746368397;1.0011104032374678;106510.30359731097;0.6441312842312531;0.27296675462607967;101.37859812640238;2677.7398540511413;0.07464904063172623;106510.30359731097;0.0;0.0;127.29897534829786;287.909569785838;1.075759443869194;106510.30359731097;0.5994337611314895;0.2368809168278722;156.4929069132304;347.02698418492116;1.075759443869194;106510.30359731097;0.5994337611314895;0.2368809168278722;153.0266846537117;357.454057491827;0.9900000000000005;106510.30359731097;0.6513601308194243;0.27929935717601984;118.34769878339631;293.21555563672985;0.9900000000000005;106510.30359731097;0.6513601308194243;0.27929935717601984;118.32049398609854;293.1657828064474;0.9900000000000005;18188.075446571962;0.6513601308194243;0.27929935717601984;108.05438366540966;2701.89873779747;0.08575944386919343;18188.075446571962;0.0;0.0;58.01952931208041;242.8911681995157;0.08575944386919343;18188.075446571962;0.0;0.0;58.02315747835297;242.98091135774894;0.08575944386919343;106510.30359731097;0.0;0.0;"Zustand 3: Temperatur 429.643 K liegt außerhalb des Boryta-Prüfbereichs; Kristallisation wurde nicht bewertet.";"Zustand 4: Temperatur 426.177 K liegt außerhalb des Boryta-Prüfbereichs; Kristallisation wurde nicht bewertet.";"Zustand 5: Temperatur 391.498 K liegt außerhalb des Boryta-Prüfbereichs; Kristallisation wurde nicht bewertet.";"Zustand 6: Temperatur 391.470 K liegt außerhalb des Boryta-Prüfbereichs; Kristallisation wurde nicht bewertet.";"Zustand 20: Temperatur 441.277 K liegt außerhalb des Boryta-Prüfbereichs; Kristallisation wurde nicht bewertet.";5
series_desorber_to_evaporator;Serie Desorber → Verdampfer;series_desorber_to_evaporator;125.0;nan;30.0;125.0;8.0;8.0;4.0;125.0;1.0;Abwärmetemperatur [°C];hot_temperature_C;125.0;10.0;10.0;25.0;15.0;11.0;nan;nan;4.099365488926067e-19;`gtol` termination condition is satisfied.;7;3.771848956638401e-08;9.054684410763378e-10;1;True;;True;0;zulässig;feasible;True;True;True;101.37150079345503;127.29093411080396;153.00110081002856;58.03649051772595;0.13046224606584297;0.2727712769101339;0.23704941458674522;0.27908117134168586;210.11023978764854;211.01077660391465;212.1448590434577;208.91869487021208;64.29132735347211;0.4989988751929055;11.65370508240697;28.91044672902973;0.007697298413370229;0.04976518135591351;21.011023975266394;21.101077660197408;8.485794361858893;13.927912991046073;5.844666123352324;108.11818143646678;0.014249835875203443;2702.0195110628533;287.96360498418676;253.0664254481035;0.015472608870953586;1.0703370107245904;0.6083260458495467;0.2436665573249347;1.875932298389671e-09;-3.4034570717267343e-09;1.2234750101924874e-08;-8.232086123882709e-10;-3.0146338758640923e-09;1.940577476489125e-09;4.520984475675505e-09;3.498459477668803e-08;1.8759322983896708e-11;-3.403457071726734e-11;1.2234750101924875e-10;-8.232086123882709e-10;-3.0146338758640924e-11;1.9405774764891247e-11;4.520984475675505e-11;3.498459477668803e-10;147.56640190117514;125.0;118.65595517214541;118.65595517214541;112.40838654564385;42.62026175860734;20.49030792515009;21.540488071350467;65.49791967785944;28.03649051772595;6.719237924031688;10.537773735678627;17.284454378690384;54.36826857608986;3.539387261321906;8.982982918661719;4.0;1.0;106483.55581502507;18202.55360586118;5.849924033776097;3.539387261321906;deltaT_shex_1_K;shex;True;True;True;True;True;True;True;True;101.37150079345503;2677.7287095756333;0.085809619595544;106483.55581502507;0.0;0.0;135.0;4.0;147.56640190117514;4.0;125.0;8.0;118.65595517214541;8.0;118.65595517214541;8.0;112.40838654564385;8.0;30.0;4.0;42.62026175860734;4.0;101.37150079345503;2677.7287095756333;0.011194915706490243;106483.55581502507;0.0;0.0;108.11818143646678;287.96360498418517;1.085809619595544;18202.55360586118;0.5996574995375792;0.23704941458674522;168.05670982632523;382.98974682180136;1.0111949157064903;106483.55581502507;0.6439054154349754;0.2727712769101339;101.37150079345503;2677.7287095756333;0.07461470388905377;106483.55581502507;0.0;0.0;127.29093411080396;287.96360498418517;1.085809619595544;106483.55581502507;0.5996574995375792;0.23704941458674522;156.54048807135047;347.17410210376323;1.085809619595544;106483.55581502507;0.5996574995375792;0.23704941458674522;153.00110081002856;357.30033757760816;1.0;106483.55581502507;0.651113881460514;0.27908117134168586;118.30795119214224;293.009010226012;1.0;106483.55581502507;0.651113881460514;0.27908117134168586;118.28076207596831;292.9592450446561;1.0;18202.55360586118;0.651113881460514;0.27908117134168586;108.11818143646678;2702.0195110628533;0.085809619595544;18202.55360586118;0.0;0.0;58.03649051772595;242.9621513111709;0.085809619595544;18202.55360586118;0.0;0.0;58.04011796955399;243.05185335681162;0.085809619595544;106483.55581502507;0.0;0.0;"Zustand 3: Temperatur 429.690 K liegt außerhalb des Boryta-Prüfbereichs; Kristallisation wurde nicht bewertet.";"Zustand 4: Temperatur 426.151 K liegt außerhalb des Boryta-Prüfbereichs; Kristallisation wurde nicht bewertet.";"Zustand 5: Temperatur 391.458 K liegt außerhalb des Boryta-Prüfbereichs; Kristallisation wurde nicht bewertet.";"Zustand 6: Temperatur 391.431 K liegt außerhalb des Boryta-Prüfbereichs; Kristallisation wurde nicht bewertet.";"Zustand 20: Temperatur 441.207 K liegt außerhalb des Boryta-Prüfbereichs; Kristallisation wurde nicht bewertet.";5
series_desorber_to_evaporator;Serie Desorber → Verdampfer;series_desorber_to_evaporator;125.0;nan;30.0;125.0;8.0;8.0;4.0;125.0;1.0000000000000004;Abwärmetemperatur [°C];hot_temperature_C;125.0;10.0;10.0;25.0;15.0;11.0;nan;nan;4.099402319657826e-19;`gtol` termination condition is satisfied.;1;3.771949024496941e-08;9.054725086558759e-10;1;True;;True;0;zulässig;feasible;True;True;True;101.37150079345503;127.29093411080396;153.00110081002856;58.03649051772595;0.13046224606584297;0.2727712769101339;0.23704941458674522;0.27908117134168586;210.1102397876491;211.01077660391522;212.1448590434582;208.91869487021262;64.29132735347216;0.4989988751929056;11.653705082406946;28.910446729029786;0.007697298413370249;0.04976518135591353;21.011023975266355;21.101077660197372;8.485794361858893;13.927912991046073;5.844666123352324;108.11818143646678;0.014249835875203435;2702.0195110628533;287.96360498418676;253.0664254481035;0.015472608870953586;1.070337010724591;0.6083260458495467;0.2436665573249347;1.875946509244386e-09;-3.4034144391625887e-09;1.2234863788762596e-08;-8.232085013659685e-10;-3.014122285094345e-09;1.9414869711908977e-09;4.521524488154682e-09;3.498556111480866e-08;1.875946509244386e-11;-3.403414439162589e-11;1.2234863788762596e-10;-8.23208501365968e-10;-3.014122285094345e-11;1.9414869711908978e-11;4.521524488154682e-11;3.4985561114808663e-10;147.5664019011752;125.0;118.65595517214541;118.65595517214541;112.40838654564385;42.6202617586074;20.490307925150034;21.540488071350467;65.49791967785939;28.03649051772595;6.719237924031688;10.537773735678627;17.284454378690384;54.36826857608986;3.539387261321906;8.982982918661719;4.0;1.0000000000000004;106483.55581502507;18202.55360586118;5.849924033776097;3.539387261321906;deltaT_shex_1_K;shex;True;True;True;True;True;True;True;True;101.37150079345503;2677.7287095756333;0.08580961959554423;106483.55581502507;0.0;0.0;135.0;4.0;147.5664019011752;4.0;125.0;8.0;118.65595517214541;8.0;118.65595517214541;8.0;112.40838654564385;8.0;30.0;4.0;42.6202617586074;4.0;101.37150079345503;2677.7287095756333;0.011194915706490272;106483.55581502507;0.0;0.0;108.11818143646678;287.96360498418517;1.0858096195955447;18202.55360586118;0.5996574995375792;0.23704941458674522;168.05670982632523;382.98974682180136;1.0111949157064908;106483.55581502507;0.6439054154349754;0.2727712769101339;101.37150079345503;2677.7287095756333;0.07461470388905396;106483.55581502507;0.0;0.0;127.29093411080396;287.96360498418517;1.0858096195955447;106483.55581502507;0.5996574995375792;0.23704941458674522;156.54048807135047;347.17410210376323;1.0858096195955447;106483.55581502507;0.5996574995375792;0.23704941458674522;153.00110081002856;357.30033757760816;1.0000000000000004;106483.55581502507;0.651113881460514;0.27908117134168586;118.30795119214224;293.009010226012;1.0000000000000004;106483.55581502507;0.651113881460514;0.27908117134168586;118.28076207596831;292.9592450446561;1.0000000000000004;18202.55360586118;0.651113881460514;0.27908117134168586;108.11818143646678;2702.0195110628533;0.08580961959554423;18202.55360586118;0.0;0.0;58.03649051772595;242.9621513111709;0.08580961959554423;18202.55360586118;0.0;0.0;58.04011796955399;243.05185335681162;0.08580961959554423;106483.55581502507;0.0;0.0;"Zustand 3: Temperatur 429.690 K liegt außerhalb des Boryta-Prüfbereichs; Kristallisation wurde nicht bewertet.";"Zustand 4: Temperatur 426.151 K liegt außerhalb des Boryta-Prüfbereichs; Kristallisation wurde nicht bewertet.";"Zustand 5: Temperatur 391.458 K liegt außerhalb des Boryta-Prüfbereichs; Kristallisation wurde nicht bewertet.";"Zustand 6: Temperatur 391.431 K liegt außerhalb des Boryta-Prüfbereichs; Kristallisation wurde nicht bewertet.";"Zustand 20: Temperatur 441.207 K liegt außerhalb des Boryta-Prüfbereichs; Kristallisation wurde nicht bewertet.";5
series_desorber_to_evaporator;Serie Desorber → Verdampfer;series_desorber_to_evaporator;125.0;nan;30.0;125.0;8.0;8.0;4.0;125.0;1.0100000000000007;Abwärmetemperatur [°C];hot_temperature_C;125.0;10.0;10.0;25.0;15.0;11.0;nan;nan;2.859625370159253e-20;`gtol` termination condition is satisfied.;4;6.223613047184324e-09;2.391495502884859e-10;1;True;;True;0;zulässig;feasible;True;True;True;101.36449338509675;127.283945024878;152.97436131755836;58.05341919907272;0.13137949445235997;0.2725779067304611;0.23721375687641166;0.2788659620152937;210.0143886159815;211.1381867787177;212.0608694391425;209.0337525591219;64.98368161871922;0.498734435551274;11.763368196068894;28.90220235260483;0.007698297854732605;0.05025509908722774;21.001438861028543;21.113818677873546;8.482434777591317;13.935583503886292;5.907607419972623;108.18087894686875;0.01419117787949868;2702.138177964734;288.01820059977285;253.26581732575733;0.015551540821208354;1.0803082217200621;0.6085110633017448;0.2438097048414732;5.071427722214139e-10;-9.796394806471653e-10;1.9803678696916904e-09;-2.3323043496503715e-10;-6.404263785952935e-10;-1.7763568394002505e-11;8.274980700662127e-10;5.696051630366128e-09;5.071427722214139e-12;-9.796394806471653e-12;1.9803678696916904e-11;-2.309212227376604e-10;-6.404263785952935e-12;-1.7763568394002505e-13;8.274980700662126e-12;5.6960516303661276e-11;147.56066917559696;125.0;118.65846682299212;118.65846682299212;112.40745747612846;42.62788198437306;20.426776251011404;21.586779623604457;65.55299696249568;28.05341919907272;6.758224647969826;10.47758787612338;17.293973437895374;54.35041152755832;3.612418306046095;9.014996085193673;4.0;1.0100000000000007;106457.15238397656;18217.013799790722;5.843831132476803;3.612418306046095;deltaT_shex_1_K;shex;True;True;True;True;True;True;True;True;101.36449338509675;2677.71770602675;0.08585976254126981;106457.15238397656;0.0;0.0;135.0;4.0;147.56066917559696;4.0;125.0;8.0;118.65846682299212;8.0;118.65846682299212;8.0;112.40745747612846;8.0;30.0;4.0;42.62788198437306;4.0;101.36449338509675;2677.71770602675;0.011280212196471701;106457.15238397656;0.0;0.0;108.18087894686875;288.0182005997723;1.0958597625412705;18217.013799790722;0.5998755745607869;0.23721375687641166;167.98744542660836;382.7770674641901;1.0212802121964724;106457.15238397656;0.6436818192255906;0.2725779067304611;101.36449338509675;2677.71770602675;0.07457955034479812;106457.15238397656;0.0;0.0;127.283945024878;288.0182005997723;1.0958597625412705;106457.15238397656;0.5998755745607869;0.23721375687641166;156.58677962360446;347.3174684805673;1.0958597625412705;106457.15238397656;0.5998755745607869;0.23721375687641166;152.97436131755836;357.14596114804004;1.0100000000000007;106457.15238397656;0.6508707967252394;0.2788659620152937;118.26894893968432;292.80568231812714;1.0100000000000007;106457.15238397656;0.6508707967252394;0.2788659620152937;118.24177535203017;292.75592479427837;1.0100000000000007;18217.013799790722;0.6508707967252394;0.2788659620152937;108.18087894686875;2702.138177964734;0.08585976254126981;18217.013799790722;0.0;0.0;58.05341919907272;243.032998431645;0.08585976254126981;18217.013799790722;0.0;0.0;58.057045948570135;243.12265973080167;0.08585976254126981;106457.15238397656;0.0;0.0;"Zustand 3: Temperatur 429.737 K liegt außerhalb des Boryta-Prüfbereichs; Kristallisation wurde nicht bewertet.";"Zustand 4: Temperatur 426.124 K liegt außerhalb des Boryta-Prüfbereichs; Kristallisation wurde nicht bewertet.";"Zustand 5: Temperatur 391.419 K liegt außerhalb des Boryta-Prüfbereichs; Kristallisation wurde nicht bewertet.";"Zustand 6: Temperatur 391.392 K liegt außerhalb des Boryta-Prüfbereichs; Kristallisation wurde nicht bewertet.";"Zustand 20: Temperatur 441.137 K liegt außerhalb des Boryta-Prüfbereichs; Kristallisation wurde nicht bewertet.";5
series_desorber_to_evaporator;Serie Desorber → Verdampfer;series_desorber_to_evaporator;125.0;nan;30.0;125.0;8.0;8.0;4.0;125.0;1.0200000000000005;Abwärmetemperatur [°C];hot_temperature_C;125.0;10.0;10.0;25.0;15.0;11.0;nan;nan;2.258789817690675e-20;`gtol` termination condition is satisfied.;4;5.570703296959454e-09;2.12545986444848e-10;1;True;;True;0;zulässig;feasible;True;True;True;101.35757047427165;127.2779792550084;152.94650880718717;58.07032115886619;0.13230477067989602;0.272386593963472;0.2373740512347919;0.2786536477635979;209.91596058373392;211.26539584076033;211.97412904748182;209.14878321028388;65.67317680724146;0.49846720392939853;11.872905553847255;28.89372159733705;0.007699320990111453;0.05074484619615091;20.991596057863536;21.12653958407975;8.478965161922597;13.943252213971919;5.970288800741521;108.24251068480379;0.014134306643976658;2702.25480405435;288.073328228597;253.46133036368434;0.015631269493829203;1.0902786196545342;0.6086915731488095;0.2439494430095761;4.5767478695779573e-10;-9.152785196420155e-10;1.762884949130239e-09;-2.092290785071782e-10;-5.830997906741686e-10;-3.717559593496844e-11;7.05114189258893e-10;5.098570454720175e-09;4.576747869577957e-12;-9.152785196420155e-12;1.762884949130239e-11;-2.0512654755605696e-10;-5.830997906741686e-12;-3.717559593496844e-13;7.05114189258893e-12;5.098570454720175e-11;147.55478233156305;125.0;118.661060734226;118.661060734226;112.40661147554528;42.635490181863645;20.364138255852538;21.631812135399855;65.60702050294014;28.070321158866193;6.796480425577045;10.418550049422208;17.303490259954344;54.332664258115585;3.685303328212683;9.047301477902806;4.0;1.0200000000000005;106431.07265225539;18231.46093893382;5.837769831432912;3.685303328212683;deltaT_shex_1_K;shex;True;True;True;True;True;True;True;True;101.35757047427165;2677.7068348927983;0.08590988914836295;106431.07265225539;0.0;0.0;135.0;4.0;147.55478233156305;4.0;125.0;8.0;118.661060734226;8.0;118.661060734226;8.0;112.40661147554528;8.0;30.0;4.0;42.635490181863645;4.0;101.35757047427165;2677.7068348927983;0.011366288182909447;106431.07265225539;0.0;0.0;108.24251068480379;288.0733282285978;1.1059098891483634;18231.46093893382;0.6000881398023197;0.2373740512347919;167.91892058741558;382.5666735428623;1.03136628818291;106431.07265225539;0.6434604426973133;0.272386593963472;101.35757047427165;2677.7068348927983;0.07454360096545351;106431.07265225539;0.0;0.0;127.2779792550084;288.0733282285978;1.1059098891483634;106431.07265225539;0.6000881398023197;0.2373740512347919;156.63181213539985;347.45716903846244;1.1059098891483634;106431.07265225539;0.6000881398023197;0.2373740512347919;152.94650880718717;356.99096325628415;1.0200000000000005;106431.07265225539;0.6506307923215987;0.2786536477635979;118.2306777771056;292.605495798653;1.0200000000000005;106431.07265225539;0.6506307923215987;0.2786536477635979;118.20351957442296;292.5557459494411;1.0200000000000005;18231.46093893382;0.6506307923215987;0.2786536477635979;108.24251068480379;2702.25480405435;0.08590988914836295;18231.46093893382;0.0;0.0;58.07032115886619;243.1037338450356;0.08590988914836295;18231.46093893382;0.0;0.0;58.07394721742969;243.1933547381183;0.08590988914836295;106431.07265225539;0.0;0.0;"Zustand 3: Temperatur 429.782 K liegt außerhalb des Boryta-Prüfbereichs; Kristallisation wurde nicht bewertet.";"Zustand 4: Temperatur 426.097 K liegt außerhalb des Boryta-Prüfbereichs; Kristallisation wurde nicht bewertet.";"Zustand 5: Temperatur 391.381 K liegt außerhalb des Boryta-Prüfbereichs; Kristallisation wurde nicht bewertet.";"Zustand 6: Temperatur 391.354 K liegt außerhalb des Boryta-Prüfbereichs; Kristallisation wurde nicht bewertet.";"Zustand 20: Temperatur 441.069 K liegt außerhalb des Boryta-Prüfbereichs; Kristallisation wurde nicht bewertet.";5
series_desorber_to_evaporator;Serie Desorber → Verdampfer;series_desorber_to_evaporator;125.0;nan;30.0;125.0;8.0;8.0;4.0;125.0;1.0300000000000007;Abwärmetemperatur [°C];hot_temperature_C;125.0;10.0;10.0;25.0;15.0;11.0;nan;nan;1.7785297608035192e-20;`gtol` termination condition is satisfied.;4;5.005029739882607e-09;1.886016840223607e-10;1;True;;True;0;zulässig;feasible;True;True;True;101.35072696411333;127.273008800343;152.91758439352463;58.08720181297355;0.13323797548920419;0.27219728879144817;0.23753040188822117;0.27844415026664143;209.81502421265958;211.39244455001952;211.8847125481641;209.26382143371427;66.35981090027732;0.498197209020055;11.9823153079944;28.885010794661582;0.007700367169005649;0.051234414037332573;20.981502420808358;21.13924445500722;8.47538850194828;13.950921428875633;6.032710081919282;108.30310981201865;0.014079167605008268;2702.3694523777453;288.1289607518369;253.65307242130103;0.0157117880874309;1.1002482266112985;0.6088676941377276;0.24408585810744088;4.056062152812956e-10;-8.347740276803961e-10;1.6063381735875737e-09;-1.8730450523918307e-10;-5.429399152490078e-10;-5.2665427574538626e-11;5.797744506708113e-10;4.576008905132767e-09;4.056062152812956e-12;-8.34774027680396e-12;1.6063381735875736e-11;-1.8184903421279898e-10;-5.4293991524900776e-12;-5.266542757453863e-13;5.797744506708114e-12;4.576008905132767e-11;147.54874546726433;125.0;118.66373467260274;118.66373467260274;112.40584527566153;42.64308878887675;20.302368308619634;21.675615384921457;65.6600210231419;28.087201812973547;6.834019162913137;10.360624860584096;17.31300770848941;54.31501808434132;3.758030991396822;9.079885010514772;4.0;1.0300000000000007;106405.29723055777;18245.89961628301;5.831737511895523;3.758030991396822;deltaT_shex_1_K;shex;True;True;True;True;True;True;True;True;101.35072696411333;2677.69608817964;0.08596001469872872;106405.29723055777;0.0;0.0;135.0;4.0;147.54874546726433;4.0;125.0;8.0;118.66373467260274;8.0;118.66373467260274;8.0;112.40584527566153;8.0;30.0;4.0;42.64308878887675;4.0;101.35072696411333;2677.69608817964;0.011453138331480848;106405.29723055777;0.0;0.0;108.30310981201865;288.12896075183835;1.1159600146987294;18245.89961628301;0.6002953438226876;0.23753040188822117;167.85111377588396;382.3585030757987;1.0414531383314816;106405.29723055777;0.6432412330875583;0.27219728879144817;101.35072696411333;2677.69608817964;0.07450687636724787;106405.29723055777;0.0;0.0;127.273008800343;288.12896075183835;1.1159600146987294;106405.29723055777;0.6002953438226876;0.23753040188822117;156.67561538492146;347.5932874537159;1.1159600146987294;106405.29723055777;0.6002953438226876;0.23753040188822117;152.91758439352463;356.8353779514928;1.0300000000000007;106405.29723055777;0.650393787102859;0.27844415026664143;118.19312378982823;292.40837707783095;1.0300000000000007;106405.29723055777;0.650393787102859;0.27844415026664143;118.16598083708686;292.35863492828014;1.0300000000000007;18245.89961628301;0.650393787102859;0.27844415026664143;108.30310981201865;2702.3694523777453;0.08596001469872872;18245.89961628301;0.0;0.0;58.08720181297355;243.17438021652748;0.08596001469872872;18245.89961628301;0.0;0.0;58.090827191320216;243.26396101983462;0.08596001469872872;106405.29723055777;0.0;0.0;"Zustand 3: Temperatur 429.826 K liegt außerhalb des Boryta-Prüfbereichs; Kristallisation wurde nicht bewertet.";"Zustand 4: Temperatur 426.068 K liegt außerhalb des Boryta-Prüfbereichs; Kristallisation wurde nicht bewertet.";"Zustand 5: Temperatur 391.343 K liegt außerhalb des Boryta-Prüfbereichs; Kristallisation wurde nicht bewertet.";"Zustand 6: Temperatur 391.316 K liegt außerhalb des Boryta-Prüfbereichs; Kristallisation wurde nicht bewertet.";"Zustand 20: Temperatur 441.001 K liegt außerhalb des Boryta-Prüfbereichs; Kristallisation wurde nicht bewertet.";5
series_desorber_to_evaporator;Serie Desorber → Verdampfer;series_desorber_to_evaporator;125.0;nan;30.0;125.0;8.0;8.0;4.0;125.0;1.0400000000000005;Abwärmetemperatur [°C];hot_temperature_C;125.0;10.0;10.0;25.0;15.0;11.0;nan;nan;1.3932848099585533e-20;`gtol` termination condition is satisfied.;4;4.46068773306473e-09;1.6693021355995164e-10;1;True;;True;0;zulässig;feasible;True;True;True;101.34395799869532;127.26900640512332;152.8876275182385;58.104066295325254;0.13417901191727838;0.27200994317739574;0.237682909413527;0.27823739373008843;209.71164540830637;211.51937154594117;211.79269176093322;209.3788999637961;67.04358233130003;0.49792447906925874;12.09159565266248;28.876076034017558;0.007701435759740199;0.051723794126066466;20.971164540423203;21.15193715460149;8.471707670456466;13.958593330885154;6.094871121096682;108.36270817755388;0.014025708178866992;2702.4821834919258;288.1850719516143;253.84114734380225;0.01579308982158345;1.1102170638317936;0.6090395405984894;0.24421903331821818;3.6762060062756063e-10;-7.634781695742276e-10;1.4310899132397026e-09;-1.6730339336135103e-10;-4.784226348419907e-10;-7.3725914262468e-11;5.187814622331643e-10;4.074337311976706e-09;3.676206006275606e-12;-7.634781695742276e-12;1.4310899132397025e-11;-1.6086864746283744e-10;-4.784226348419907e-12;-7.3725914262468e-13;5.1878146223316435e-12;4.0743373119767056e-11;147.54256252442025;125.0;118.66648649040269;118.66648649040269;112.40515574985852;42.650680116384024;20.241441775804788;21.718218151859162;65.71202806116986;28.104066295325254;6.870854465211721;10.303778312848806;17.322528491707374;54.29746474630218;3.830590633620659;9.11273304062621;4.0;1.0400000000000005;106379.80765440674;18260.334195956464;5.825731693232827;3.830590633620659;deltaT_shex_1_K;shex;True;True;True;True;True;True;True;True;101.34395799869532;2677.6854582706173;0.08601015365337661;106379.80765440674;0.0;0.0;135.0;4.0;147.54256252442025;4.0;125.0;8.0;118.66648649040269;8.0;118.66648649040269;8.0;112.40515574985852;8.0;30.0;4.0;42.650680116384024;4.0;101.34395799869532;2677.6854582706173;0.011540757432063365;106379.80765440674;0.0;0.0;108.36270817755388;288.18507195161345;1.126010153653377;18260.334195956464;0.6004973297326638;0.237682909413527;167.78400430022504;382.15249641902705;1.0515407574320639;106379.80765440674;0.6430241394915284;0.27200994317739574;101.34395799869532;2677.6854582706173;0.07446939622131324;106379.80765440674;0.0;0.0;127.26900640512332;288.18507195161345;1.126010153653377;106379.80765440674;0.6004973297326638;0.237682909413527;156.71821815185916;347.7259047884888;1.126010153653377;106379.80765440674;0.6004973297326638;0.237682909413527;152.8876275182385;356.6792376799847;1.0400000000000005;106379.80765440674;0.6501597024237684;0.27823739373008843;118.15627336449711;292.2142546694728;1.0400000000000005;106379.80765440674;0.6501597024237684;0.27823739373008843;118.12914553478828;292.16452025204387;1.0400000000000005;18260.334195956464;0.6501597024237684;0.27823739373008843;108.36270817755388;2702.4821834919258;0.08601015365337661;18260.334195956464;0.0;0.0;58.104066295325254;243.24495903154067;0.08601015365337661;18260.334195956464;0.0;0.0;58.10769100355634;243.33450003841733;0.08601015365337661;106379.80765440674;0.0;0.0;"Zustand 3: Temperatur 429.868 K liegt außerhalb des Boryta-Prüfbereichs; Kristallisation wurde nicht bewertet.";"Zustand 4: Temperatur 426.038 K liegt außerhalb des Boryta-Prüfbereichs; Kristallisation wurde nicht bewertet.";"Zustand 5: Temperatur 391.306 K liegt außerhalb des Boryta-Prüfbereichs; Kristallisation wurde nicht bewertet.";"Zustand 6: Temperatur 391.279 K liegt außerhalb des Boryta-Prüfbereichs; Kristallisation wurde nicht bewertet.";"Zustand 20: Temperatur 440.934 K liegt außerhalb des Boryta-Prüfbereichs; Kristallisation wurde nicht bewertet.";5
series_desorber_to_evaporator;Serie Desorber → Verdampfer;series_desorber_to_evaporator;125.0;nan;30.0;125.0;8.0;8.0;4.0;125.0;1.0500000000000007;Abwärmetemperatur [°C];hot_temperature_C;125.0;10.0;10.0;25.0;15.0;11.0;nan;nan;1.087328202382706e-20;`gtol` termination condition is satisfied.;4;3.988036882414772e-09;1.4746716260799935e-10;1;True;;True;0;zulässig;feasible;True;True;True;101.33725896348682;127.26594555351983;152.85667606852735;58.120919457717605;0.13512778334716358;0.27182451051824313;0.2378316709823023;0.2780333048741336;209.60588746356888;211.6462133445723;211.69813565778588;209.494049646368;67.72449001452307;0.4976490418790818;12.200744830020422;28.866923163424758;0.007702526149583383;0.05221297816388025;20.96058874599211;21.164621334464826;8.467925426328652;13.966269976394576;6.156771819564523;108.42133638917068;0.013973877675408608;2702.5930556017424;288.24163654349366;254.02565521043223;0.01587516793862931;1.1201851517081223;0.6092072227643113;0.24434904895829465;3.262243808421772e-10;-6.86682710693276e-10;1.2668692761508282e-09;-1.4907908241212908e-10;-4.304183676140383e-10;-7.597122930746991e-11;4.4937564780411776e-10;3.6477842968452023e-09;3.262243808421772e-12;-6.86682710693276e-12;1.2668692761508283e-11;-1.419800784877419e-10;-4.304183676140383e-12;-7.597122930746991e-13;4.493756478041178e-12;3.6477842968452025e-11;147.53623728849095;125.0;118.6693141250662;118.6693141250662;112.40453991315326;42.658266348359575;20.181334912640352;21.759648303124152;65.7630700408111;28.120919457717605;6.906999637057879;10.247977735895518;17.332055161579376;54.27999640780757;3.9029722345968025;9.145832364718615;4.0;1.0500000000000007;106354.58638453875;18274.76881219802;5.819750032271233;3.9029722345968025;deltaT_shex_1_K;shex;True;True;True;True;True;True;True;True;101.33725896348682;2677.6749379273374;0.08606031964675087;106354.58638453875;0.0;0.0;135.0;4.0;147.53623728849095;4.0;125.0;8.0;118.6693141250662;8.0;118.6693141250662;8.0;112.40453991315326;8.0;30.0;4.0;42.658266348359575;4.0;101.33725896348682;2677.6749379273374;0.011629140228013797;106354.58638453875;0.0;0.0;108.42133638917068;288.2416365434946;1.1360603196467516;18274.76881219802;0.6006942355544274;0.2378316709823023;167.7175722011313;381.9485959163812;1.0616291402280145;106354.58638453875;0.6428091124707006;0.27182451051824313;101.33725896348682;2677.6749379273374;0.07443117941873707;106354.58638453875;0.0;0.0;127.26594555351983;288.2416365434946;1.1360603196467516;106354.58638453875;0.6006942355544274;0.2378316709823023;156.75964830312415;347.8550997050118;1.1360603196467516;106354.58638453875;0.6006942355544274;0.2378316709823023;152.85667606852735;356.52257348293006;1.0500000000000007;106354.58638453875;0.6499284621465937;0.2780333048741336;118.12011318880121;292.023059183695;1.0500000000000007;106354.58638453875;0.6499284621465937;0.2780333048741336;118.09300036294212;291.97333253782466;1.0500000000000007;18274.76881219802;0.6499284621465937;0.2780333048741336;108.42133638917068;2702.5930556017424;0.08606031964675087;18274.76881219802;0.0;0.0;58.120919457717605;243.315490594897;0.08606031964675087;18274.76881219802;0.0;0.0;58.124543505345684;243.40499207689473;0.08606031964675087;106354.58638453875;0.0;0.0;"Zustand 3: Temperatur 429.910 K liegt außerhalb des Boryta-Prüfbereichs; Kristallisation wurde nicht bewertet.";"Zustand 4: Temperatur 426.007 K liegt außerhalb des Boryta-Prüfbereichs; Kristallisation wurde nicht bewertet.";"Zustand 5: Temperatur 391.270 K liegt außerhalb des Boryta-Prüfbereichs; Kristallisation wurde nicht bewertet.";"Zustand 6: Temperatur 391.243 K liegt außerhalb des Boryta-Prüfbereichs; Kristallisation wurde nicht bewertet.";"Zustand 20: Temperatur 440.868 K liegt außerhalb des Boryta-Prüfbereichs; Kristallisation wurde nicht bewertet.";5
series_desorber_to_evaporator;Serie Desorber → Verdampfer;series_desorber_to_evaporator;125.0;nan;30.0;125.0;8.0;8.0;4.0;125.0;1.0600000000000005;Abwärmetemperatur [°C];hot_temperature_C;125.0;10.0;10.0;25.0;15.0;11.0;nan;nan;8.4565621642941e-21;`gtol` termination condition is satisfied.;4;3.590137372450975e-09;1.3005046839049909e-10;1;True;;True;0;zulässig;feasible;True;True;True;101.3306254723214;127.26380045080293;152.8247664469975;58.137765885411966;0.13608419354791426;0.27164094559492236;0.237976780502548;0.2778318128347187;209.49781118953695;211.77300445593843;211.6011105048068;209.6092995451757;68.4025333144065;0.49737092481801937;12.309761128928583;28.85755780155148;0.007703637743958165;0.052701958032595364;20.949781118625094;21.17730044559759;8.464044420207411;13.973953302983332;6.218412119547914;108.47902387148264;0.013923627217513824;2702.7021246697723;288.2986301427388;254.20669250144152;0.01595801570759292;1.1301525098255916;0.6093708469542445;0.24447598260042505;2.836344492607168e-10;-6.205596037034411e-10;1.1323777471261565e-09;-1.3250411878829027e-10;-3.7849190448469017e-10;-3.7488234738702886e-11;4.257003638485912e-10;3.2860043575055897e-09;2.836344492607168e-12;-6.205596037034411e-12;1.1323777471261565e-11;-1.250038856493304e-10;-3.784919044846901e-12;-3.7488234738702884e-13;4.257003638485912e-12;3.28600435750559e-11;147.5297733965034;125.0;118.67221559495192;118.67221559495192;112.40399491477325;42.66584954880017;20.122024824190305;21.799932828586464;65.81317432268247;28.137765885411966;6.9424676880049105;10.193191723469283;17.34159012263052;54.262605633443286;3.975166381588963;9.179170204965828;4.0;1.0600000000000005;106329.61675658067;18289.207381929522;5.813790315573688;3.975166381588963;deltaT_shex_1_K;shex;True;True;True;True;True;True;True;True;101.3306254723214;2677.664520269275;0.08611052553318399;106329.61675658067;0.0;0.0;135.0;4.0;147.5297733965034;4.0;125.0;8.0;118.67221559495192;8.0;118.67221559495192;8.0;112.40399491477325;8.0;30.0;4.0;42.66584954880017;4.0;101.3306254723214;2677.664520269275;0.011718281423170423;106329.61675658067;0.0;0.0;108.47902387148264;288.2986301427383;1.1461105255331845;18289.207381929522;0.6008861944440329;0.237976780502548;167.6517982206937;381.7467458204752;1.071718281423171;106329.61675658067;0.642596104003998;0.27164094559492236;101.3306254723214;2677.664520269275;0.07439224411001356;106329.61675658067;0.0;0.0;127.26380045080293;288.2986301427383;1.1461105255331845;106329.61675658067;0.6008861944440329;0.237976780502548;156.79993282858646;347.9809485496693;1.1461105255331845;106329.61675658067;0.6008861944440329;0.237976780502548;152.8247664469975;356.3654150616849;1.0600000000000005;106329.61675658067;0.6496999925470619;0.2778318128347187;118.0846302458371;291.83472325590867;1.0600000000000005;106329.61675658067;0.6496999925470619;0.2778318128347187;118.05753231199509;291.78500442757604;1.0600000000000005;18289.207381929522;0.6496999925470619;0.2778318128347187;108.47902387148264;2702.7021246697723;0.08611052553318399;18289.207381929522;0.0;0.0;58.137765885411966;243.3859940960654;0.08611052553318399;18289.207381929522;0.0;0.0;58.141389281329964;243.47545630403891;0.08611052553318399;106329.61675658067;0.0;0.0;"Zustand 3: Temperatur 429.950 K liegt außerhalb des Boryta-Prüfbereichs; Kristallisation wurde nicht bewertet.";"Zustand 4: Temperatur 425.975 K liegt außerhalb des Boryta-Prüfbereichs; Kristallisation wurde nicht bewertet.";"Zustand 5: Temperatur 391.235 K liegt außerhalb des Boryta-Prüfbereichs; Kristallisation wurde nicht bewertet.";"Zustand 6: Temperatur 391.208 K liegt außerhalb des Boryta-Prüfbereichs; Kristallisation wurde nicht bewertet.";"Zustand 20: Temperatur 440.802 K liegt außerhalb des Boryta-Prüfbereichs; Kristallisation wurde nicht bewertet.";5
series_desorber_to_evaporator;Serie Desorber → Verdampfer;series_desorber_to_evaporator;125.0;nan;30.0;125.0;8.0;8.0;4.0;125.0;1.0700000000000007;Abwärmetemperatur [°C];hot_temperature_C;125.0;10.0;10.0;25.0;15.0;11.0;nan;nan;6.531651125661267e-21;`gtol` termination condition is satisfied.;4;3.173897256454957e-09;1.1429480413090761e-10;1;True;;True;0;zulässig;feasible;True;True;True;101.32405335513141;127.26254600458248;152.79193363819576;58.15460991176633;0.13704814671005144;0.2714592045244989;0.23811832875349406;0.27763284906925056;209.3874750388859;211.89977749409348;211.50167999590747;209.72467704157629;69.07771201737489;0.4970901548315342;12.418642883674433;28.84798534909328;0.007704769965677758;0.05319072578857091;20.93874750359793;21.189977749413146;8.460067199850343;13.981645136081035;6.279792001630708;108.53579892090966;0.013874909664363754;2702.809444520195;288.3560292315168;254.38435225639506;0.016041626427577116;1.1401191570028437;0.6095305157462108;0.24459990919065658;2.587086100902525e-10;-5.628919552691514e-10;9.864038474916015e-10;-1.1749223816082122e-10;-3.511217983032111e-10;-3.7971403799019754e-11;3.6075675780011807e-10;2.9065745366096962e-09;2.587086100902525e-12;-5.628919552691514e-12;9.864038474916015e-12;-1.0980583005684219e-10;-3.5112179830321113e-12;-3.797140379901975e-13;3.607567578001181e-12;2.906574536609696e-11;147.52317434443097;125.0;118.67518899533769;118.67518899533769;112.40351803117574;42.673431668307046;20.063489428447497;21.839097875185132;65.86236725260261;28.15460991176633;6.97727133828522;10.139390074428036;17.35113564020628;54.245285366788266;4.047164236989374;9.212734196205304;4.0;1.0700000000000007;106304.88293371604;18303.653616534815;5.807850452200664;4.047164236989374;deltaT_shex_1_K;shex;True;True;True;True;True;True;True;True;101.32405335513141;2677.6541987545643;0.08616078343042011;106304.88293371604;0.0;0.0;135.0;4.0;147.52317434443097;4.0;125.0;8.0;118.67518899533769;8.0;118.67518899533769;8.0;112.40351803117574;8.0;30.0;4.0;42.673431668307046;4.0;101.32405335513141;2677.6541987545643;0.011808175688225184;106304.88293371604;0.0;0.0;108.53579892090966;288.3560292315169;1.1561607834304208;18303.653616534815;0.601073334902559;0.23811832875349406;167.58666377287847;381.5468922174123;1.0818081756882258;106304.88293371604;0.6423850674408746;0.2714592045244989;101.32405335513141;2677.6541987545643;0.07435260774219492;106304.88293371604;0.0;0.0;127.26254600458248;288.3560292315169;1.1561607834304208;106304.88293371604;0.601073334902559;0.23811832875349406;156.83909787518513;348.10352543391866;1.1561607834304208;106304.88293371604;0.601073334902559;0.23811832875349406;152.79193363819576;356.2077908401956;1.0700000000000007;106304.88293371604;0.6494742222243718;0.27763284906925056;118.04981180837717;291.64918147840484;1.0700000000000007;106304.88293371604;0.6494742222243718;0.27763284906925056;118.02272866171478;291.5994705197239;1.0700000000000007;18303.653616534815;0.6494742222243718;0.27763284906925056;108.53579892090966;2702.809444520195;0.08616078343042011;18303.653616534815;0.0;0.0;58.15460991176633;243.4564876704586;0.08616078343042011;18303.653616534815;0.0;0.0;58.15823266438747;243.5459108356031;0.08616078343042011;106304.88293371604;0.0;0.0;"Zustand 3: Temperatur 429.989 K liegt außerhalb des Boryta-Prüfbereichs; Kristallisation wurde nicht bewertet.";"Zustand 4: Temperatur 425.942 K liegt außerhalb des Boryta-Prüfbereichs; Kristallisation wurde nicht bewertet.";"Zustand 5: Temperatur 391.200 K liegt außerhalb des Boryta-Prüfbereichs; Kristallisation wurde nicht bewertet.";"Zustand 6: Temperatur 391.173 K liegt außerhalb des Boryta-Prüfbereichs; Kristallisation wurde nicht bewertet.";"Zustand 20: Temperatur 440.737 K liegt außerhalb des Boryta-Prüfbereichs; Kristallisation wurde nicht bewertet.";5
series_desorber_to_evaporator;Serie Desorber → Verdampfer;series_desorber_to_evaporator;125.0;nan;30.0;125.0;8.0;8.0;4.0;125.0;1.0800000000000005;Abwärmetemperatur [°C];hot_temperature_C;125.0;10.0;10.0;25.0;15.0;11.0;nan;nan;5.0158499993252465e-21;`gtol` termination condition is satisfied.;4;2.8129134591417448e-09;1.0015837458071338e-10;1;True;;True;0;zulässig;feasible;True;True;True;101.31753864643758;127.26215780621817;152.75821127198054;58.171455631963624;0.13801954747702114;0.271279244714109;0.23825640351396124;0.2774363472666283;209.27493522247244;212.02656328058845;211.39990537916776;209.84020792820976;69.75002630558744;0.4968067584526671;12.527388472753184;28.838210999524904;0.00770592225422648;0.053679273657212805;20.92749352199216;21.202656328064663;8.455996215179773;13.989347195194327;6.340911482374383;108.59168875765357;0.013827679538416546;2702.9150669370797;288.4138111272325;254.55872422435132;0.016125993430770924;1.1500851113297292;0.609686328141065;0.24472090115942016;2.2808421817899216e-10;-5.307754236127948e-10;9.296741154685151e-10;-1.0382350534854368e-10;-3.2656544135534205e-10;-5.8179239204037e-11;2.948752353404416e-10;2.5508199996693293e-09;2.2808421817899216e-12;-5.307754236127948e-12;9.296741154685151e-12;-9.613287532272558e-11;-3.2656544135534206e-12;-5.8179239204037e-13;2.9487523534044158e-12;2.5508199996693293e-11;147.516443494167;125.0;118.67823249464209;118.67823249464209;112.40310665946834;42.681014550274426;20.005707421306226;21.877168779535168;65.91067420737915;28.171455631963624;7.0114230245780504;10.086543736988517;17.360693848204505;54.22802891033933;4.118957507554626;9.246512373134522;4.0;1.0800000000000005;106280.36986229109;18318.111032925477;5.801928466928704;4.118957507554626;deltaT_shex_1_K;shex;True;True;True;True;True;True;True;True;101.31753864643758;2677.643967161977;0.08621110476049965;106280.36986229109;0.0;0.0;135.0;4.0;147.516443494167;4.0;125.0;8.0;118.67823249464209;8.0;118.67823249464209;8.0;112.40310665946834;8.0;30.0;4.0;42.681014550274426;4.0;101.31753864643758;2677.643967161977;0.011898817666538225;106280.36986229109;0.0;0.0;108.59168875765357;288.4138111272314;1.1662111047605002;18318.111032925477;0.6012557809765766;0.23825640351396124;167.52215091547322;381.34898295495304;1.0918988176665387;106280.36986229109;0.6421759574560644;0.271279244714109;101.31753864643758;2677.643967161977;0.07431228709396143;106280.36986229109;0.0;0.0;127.26215780621817;288.4138111272314;1.1662111047605002;106280.36986229109;0.6012557809765766;0.23825640351396124;156.87716877953517;348.22290231223747;1.1662111047605002;106280.36986229109;0.6012557809765766;0.23825640351396124;152.75821127198054;356.049728024642;1.0800000000000005;106280.36986229109;0.6492510820151207;0.2774363472666283;118.01564543308365;291.46637033449446;1.0800000000000005;106280.36986229109;0.6492510820151207;0.2774363472666283;117.98857697542195;291.41666730333037;1.0800000000000005;18318.111032925477;0.6492510820151207;0.2774363472666283;108.59168875765357;2702.9150669370797;0.08621110476049965;18318.111032925477;0.0;0.0;58.171455631963624;243.52698845678697;0.08621110476049965;18318.111032925477;0.0;0.0;58.175077749129;243.61637279161985;0.08621110476049965;106280.36986229109;0.0;0.0;"Zustand 3: Temperatur 430.027 K liegt außerhalb des Boryta-Prüfbereichs; Kristallisation wurde nicht bewertet.";"Zustand 4: Temperatur 425.908 K liegt außerhalb des Boryta-Prüfbereichs; Kristallisation wurde nicht bewertet.";"Zustand 5: Temperatur 391.166 K liegt außerhalb des Boryta-Prüfbereichs; Kristallisation wurde nicht bewertet.";"Zustand 6: Temperatur 391.139 K liegt außerhalb des Boryta-Prüfbereichs; Kristallisation wurde nicht bewertet.";"Zustand 20: Temperatur 440.672 K liegt außerhalb des Boryta-Prüfbereichs; Kristallisation wurde nicht bewertet.";5
series_desorber_to_evaporator;Serie Desorber → Verdampfer;series_desorber_to_evaporator;125.0;nan;30.0;125.0;8.0;8.0;4.0;125.0;1.0900000000000007;Abwärmetemperatur [°C];hot_temperature_C;125.0;10.0;10.0;25.0;15.0;11.0;nan;nan;3.8409056410696475e-21;`gtol` termination condition is satisfied.;4;2.510433972105923e-09;8.764594275914485e-11;1;True;;True;0;zulässig;feasible;True;True;True;101.3110775745032;127.26261211235942;152.7236316837794;58.18830691592285;0.1389983009726252;0.2711010248171033;0.23839108968451947;0.27724224326120794;209.16024581932606;212.1533909416022;211.295845576192;209.95591649684883;70.41947673263776;0.4965207618124094;12.635996317700425;28.828239749247757;0.0077070940650627445;0.054167594027645566;20.916024581703933;21.21533909416401;8.45183382305872;13.997061099772461;6.4017706121003695;108.64671957486945;0.013781892955808445;2703.01904175735;288.47195395169086;254.7298950063003;0.016211110085009528;1.1600503902031114;0.6098383797180503;0.2448390285269945;2.0527579636109294e-10;-4.663007757699233e-10;8.117808647511993e-10;-9.153677815731953e-11;-2.760316419880837e-10;-3.788613867072854e-11;2.6190605240117293e-10;2.2867254756420152e-09;2.0527579636109293e-12;-4.6630077576992334e-12;8.117808647511993e-12;-8.397869555717382e-11;-2.7603164198808373e-12;-3.788613867072854e-13;2.6190605240117294e-12;2.2867254756420154e-11;147.50958408010325;125.0;118.6813443308555;118.6813443308555;112.40275831121289;42.68859993669872;19.94865824341582;21.914170099028922;65.95811963817073;28.18830691592285;7.04493490582189;10.034624755986044;17.370266756352294;54.21082990623847;4.190538415249534;9.280493157681406;4.0;1.0900000000000007;106256.06323001032;18332.582963957324;5.796022493879585;4.190538415249534;deltaT_shex_1_K;shex;True;True;True;True;True;True;True;True;101.3110775745032;2677.633819573939;0.08626150028812019;106256.06323001032;0.0;0.0;135.0;4.0;147.50958408010325;4.0;125.0;8.0;118.6813443308555;8.0;118.6813443308555;8.0;112.40275831121289;8.0;30.0;4.0;42.68859993669872;4.0;101.3110775745032;2677.633819573939;0.011990201979398324;106256.06323001032;0.0;0.0;108.64671957486945;288.47195395168995;1.176261500288121;18332.582963957324;0.6014336524484325;0.23839108968451947;167.45824232351907;381.1529675743582;1.101990201979399;106256.06323001032;0.6419687300064756;0.2711010248171033;101.3110775745032;2677.633819573939;0.07427129830872187;106256.06323001032;0.0;0.0;127.26261211235942;288.47195395168995;1.176261500288121;106256.06323001032;0.6014336524484325;0.23839108968451947;156.91417009902892;348.3391490570205;1.176261500288121;106256.06323001032;0.6014336524484325;0.23839108968451947;152.7236316837794;355.8912526601527;1.0900000000000007;106256.06323001032;0.6490305049107863;0.27724224326120794;117.98211895467801;291.2862281349853;1.0900000000000007;106256.06323001032;0.6490305049107863;0.27724224326120794;117.95506509417811;291.23653309459297;1.0900000000000007;18332.582963957324;0.6490305049107863;0.27724224326120794;108.64671957486945;2703.01904175735;0.08626150028812019;18332.582963957324;0.0;0.0;58.18830691592285;243.5975126511644;0.08626150028812019;18332.582963957324;0.0;0.0;58.19192840497442;243.6868583504546;0.08626150028812019;106256.06323001032;0.0;0.0;"Zustand 3: Temperatur 430.064 K liegt außerhalb des Boryta-Prüfbereichs; Kristallisation wurde nicht bewertet.";"Zustand 4: Temperatur 425.874 K liegt außerhalb des Boryta-Prüfbereichs; Kristallisation wurde nicht bewertet.";"Zustand 5: Temperatur 391.132 K liegt außerhalb des Boryta-Prüfbereichs; Kristallisation wurde nicht bewertet.";"Zustand 6: Temperatur 391.105 K liegt außerhalb des Boryta-Prüfbereichs; Kristallisation wurde nicht bewertet.";"Zustand 20: Temperatur 440.608 K liegt außerhalb des Boryta-Prüfbereichs; Kristallisation wurde nicht bewertet.";5
