config_case_key;config_case_label;config_routing_mode;input_fixed_T13_C;input_fixed_T15_C;input_fixed_T17_C;input_fixed_hot_C;input_fixed_m13_kg_s;input_fixed_m15_kg_s;input_fixed_m17_kg_s;input_hot_variation_C;input_m6_kg_s;input_outer_variation_label;input_outer_variation_mode;input_outer_variation_value;input_scaled_UA_abs;input_scaled_UA_cond;input_scaled_UA_des;input_scaled_UA_evap;input_scaled_UA_shex;input_ua_scale_factor;input_ua_scale_percent;solve_cost;solve_message;solve_nfev;solve_raw_residual_norm;solve_scaled_residual_norm;solve_status;solve_success;status_final_evaluation_error;status_final_point_evaluable;failure_code;failure_label;failure_reason;feasible_margin;feasible_numeric;feasible_physical;primary_T10_C;primary_T2_C;primary_T4_C;primary_T8_C;primary_beta;primary_x20;primary_x3;primary_x6;heat_Q_abs_kW;heat_Q_cond_kW;heat_Q_des_kW;heat_Q_evap_kW;heat_Q_shex_kW;kpi_COP;kpi_FR;kpi_GTL_K;pump_W_ref_pump_kW;pump_W_sol_pump_kW;lmtd_LMTD_abs_K;lmtd_LMTD_cond_K;lmtd_LMTD_des_K;lmtd_LMTD_evap_K;lmtd_LMTD_shex_K;flash_T1_C;flash_flash_fraction;flash_h1_flash_kJ_kg;flash_h1_mix_kJ_kg;flash_h1_sol_kJ_kg;flash_m1_flash_kg_s;flash_m1_sol_kg_s;flash_w1_LiBr;flash_x1_LiBr_mol;residual_raw_R1_SHEX_energy;residual_raw_R2_SHEX_UA;residual_raw_R3_preabs_energy;residual_raw_R4_preabs_LiBr;residual_raw_R5_desorber_UA;residual_raw_R6_condenser_UA;residual_raw_R7_evaporator_UA;residual_raw_R8_absorber_UA;residual_scaled_R1_SHEX_energy;residual_scaled_R2_SHEX_UA;residual_scaled_R3_preabs_energy;residual_scaled_R4_preabs_LiBr;residual_scaled_R5_desorber_UA;residual_scaled_R6_condenser_UA;residual_scaled_R7_evaporator_UA;residual_scaled_R8_absorber_UA;diagnostic_T12_C;diagnostic_T13_C;diagnostic_T14_C;diagnostic_T15_C;diagnostic_T16_C;diagnostic_T18_C;diagnostic_deltaT_abs_1_K;diagnostic_deltaT_abs_2_K;diagnostic_deltaT_cond_1_K;diagnostic_deltaT_cond_2_K;diagnostic_deltaT_des_1_K;diagnostic_deltaT_des_2_K;diagnostic_deltaT_evap_1_K;diagnostic_deltaT_evap_2_K;diagnostic_deltaT_shex_1_K;diagnostic_deltaT_shex_2_K;diagnostic_m11_kg_s;diagnostic_m6_kg_s;diagnostic_p_high_Pa;diagnostic_p_low_Pa;diagnostic_pressure_ratio_high_over_low;pinch_deltaT_min_global_K;pinch_limiting_key;pinch_limiting_unit;check_beta_in_0_1;check_crystallization_safe_all_checked_states;check_desorber_evaporator_temperature_coupling_ok;check_m21_nonnegative;check_m7_positive;check_p_high_gt_p_low;check_w6_gt_w20_gt_w3;check_w6_gt_w3;state_10_T_C;state_10_h_kJ_kg;state_10_m_kg_s;state_10_p_Pa;state_10_w_LiBr;state_10_x_LiBr_mol;state_11_T_C;state_11_m_kg_s;state_12_T_C;state_12_m_kg_s;state_13_T_C;state_13_m_kg_s;state_14_T_C;state_14_m_kg_s;state_15_T_C;state_15_m_kg_s;state_16_T_C;state_16_m_kg_s;state_17_T_C;state_17_m_kg_s;state_18_T_C;state_18_m_kg_s;state_19_T_C;state_19_h_kJ_kg;state_19_m_kg_s;state_19_p_Pa;state_19_w_LiBr;state_19_x_LiBr_mol;state_1_T_C;state_1_h_kJ_kg;state_1_m_kg_s;state_1_p_Pa;state_1_w_LiBr;state_1_x_LiBr_mol;state_20_T_C;state_20_h_kJ_kg;state_20_m_kg_s;state_20_p_Pa;state_20_w_LiBr;state_20_x_LiBr_mol;state_21_T_C;state_21_h_kJ_kg;state_21_m_kg_s;state_21_p_Pa;state_21_w_LiBr;state_21_x_LiBr_mol;state_2_T_C;state_2_h_kJ_kg;state_2_m_kg_s;state_2_p_Pa;state_2_w_LiBr;state_2_x_LiBr_mol;state_3_T_C;state_3_h_kJ_kg;state_3_m_kg_s;state_3_p_Pa;state_3_w_LiBr;state_3_x_LiBr_mol;state_4_T_C;state_4_h_kJ_kg;state_4_m_kg_s;state_4_p_Pa;state_4_w_LiBr;state_4_x_LiBr_mol;state_5_T_C;state_5_h_kJ_kg;state_5_m_kg_s;state_5_p_Pa;state_5_w_LiBr;state_5_x_LiBr_mol;state_6_T_C;state_6_h_kJ_kg;state_6_m_kg_s;state_6_p_Pa;state_6_w_LiBr;state_6_x_LiBr_mol;state_7_T_C;state_7_h_kJ_kg;state_7_m_kg_s;state_7_p_Pa;state_7_w_LiBr;state_7_x_LiBr_mol;state_8_T_C;state_8_h_kJ_kg;state_8_m_kg_s;state_8_p_Pa;state_8_w_LiBr;state_8_x_LiBr_mol;state_9_T_C;state_9_h_kJ_kg;state_9_m_kg_s;state_9_p_Pa;state_9_w_LiBr;state_9_x_LiBr_mol;validity_message_1;validity_message_2;validity_message_3;validity_message_4;validity_message_5;validity_message_count
parallel;Parallel (T13 = T15);parallel;115.0;115.0;30.0;115.0;4.0;4.0;4.0;115.0;0.4;Abwärmetemperatur [°C];hot_temperature_C;115.0;10.0;10.0;25.0;15.0;11.0;nan;nan;6.715525871784096e-23;`gtol` termination condition is satisfied.;5;1.1588013683771826e-09;1.1589241452126275e-11;1;True;;True;0;zulässig;feasible_but_near_limit_shex;False;True;True;99.07960050160096;120.90855644340638;146.1603818179599;50.955874469019705;0.09426448821203098;0.2779246810312864;0.2146664314825668;0.28671803933325546;161.91175793154193;157.72000219844003;161.95373941623197;157.65353762413366;24.90149456358974;0.5065959681233818;6.243284275613468;29.683717579637687;0.0055262439558333;0.018956845660640306;16.191175793154056;15.772000219844035;6.478149576649281;10.510235841609022;2.2637722331589583;93.70543796850507;0.02148715484929332;2675.0664657528173;266.97752589499834;214.09832231783295;0.009971519090071546;0.4540973239005347;0.5810352925968192;0.22340407229359852;1.9895196601282805e-13;-1.1587992787553958e-09;-2.842170943040401e-14;-1.6869838859179254e-13;-5.684341886080802e-14;-3.126388037344441e-13;-1.6768808563938364e-12;1.3642420526593924e-12;1.9895196601282807e-15;-1.1587992787553958e-11;-2.842170943040401e-16;-1.6869838859179254e-13;-5.684341886080802e-16;-3.126388037344441e-15;-1.6768808563938364e-14;1.3642420526593923e-14;144.6837175796377;115.0;105.31377156601485;115.0;105.57096066841308;39.43301448555263;22.257749150420466;11.341949664031972;54.27242348295243;20.955874469019705;3.1417410410905404;11.608333597509784;15.920399498399036;54.61198186731394;0.18156784607208465;9.023857083597989;4.0;0.4;98131.7460977261;12949.876380087995;7.577813348752546;0.18156784607208465;deltaT_shex_1_K;shex;True;True;True;True;True;True;True;True;99.07960050160096;2674.1153274536687;0.06406884299060622;98131.7460977261;0.0;0.0;135.0;4.0;144.6837175796377;4.0;115.0;4.0;105.31377156601485;4.0;115.0;4.0;105.57096066841308;4.0;30.0;4.0;39.43301448555263;4.0;99.07960050160096;2674.1153274536687;0.006039416694846464;98131.7460977261;0.0;0.0;93.70543796850507;266.9775258949983;0.46406884299060625;12949.876380087995;0.5685504972918869;0.2146664314825668;166.94146673005815;383.04612642513933;0.4060394166948465;98131.7460977261;0.6498053159662546;0.2779246810312864;99.07960050160096;2674.1153274536687;0.05802942629575976;98131.7460977261;0.0;0.0;120.90855644340638;266.9775258949983;0.46406884299060625;98131.7460977261;0.5685504972918869;0.2146664314825668;146.34194966403197;320.6365787267218;0.46406884299060625;98131.7460977261;0.5685504972918869;0.2146664314825668;146.1603818179599;348.45432247078867;0.4;98131.7460977261;0.6596164286499494;0.28671803933325546;111.8846993598084;286.2005860618148;0.4;98131.7460977261;0.6596164286499494;0.28671803933325546;111.85825895890946;286.1531939476632;0.4;12949.876380087995;0.6596164286499494;0.28671803933325546;93.70543796850507;2675.0664657528173;0.06406884299060622;12949.876380087995;0.0;0.0;50.955874469019705;213.33944156471188;0.06406884299060622;12949.876380087995;0.0;0.0;50.958978801099136;213.42569634469353;0.06406884299060622;98131.7460977261;0.0;0.0;"Zustand 3: Temperatur 419.492 K liegt außerhalb des Boryta-Prüfbereichs; Kristallisation wurde nicht bewertet.";"Zustand 4: Temperatur 419.310 K liegt außerhalb des Boryta-Prüfbereichs; Kristallisation wurde nicht bewertet.";"Zustand 5: Temperatur 385.035 K liegt außerhalb des Boryta-Prüfbereichs; Kristallisation wurde nicht bewertet.";"Zustand 6: Temperatur 385.008 K liegt außerhalb des Boryta-Prüfbereichs; Kristallisation wurde nicht bewertet.";"Zustand 20: Temperatur 440.091 K liegt außerhalb des Boryta-Prüfbereichs; Kristallisation wurde nicht bewertet.";5
parallel;Parallel (T13 = T15);parallel;115.0;115.0;30.0;115.0;4.0;4.0;4.0;115.0;0.41000000000000003;Abwärmetemperatur [°C];hot_temperature_C;115.0;10.0;10.0;25.0;15.0;11.0;nan;nan;3.221094392264055e-23;`gtol` termination condition is satisfied.;5;8.02526189963162e-10;8.026324678536316e-12;1;True;;True;0;zulässig;feasible_but_near_limit_shex;False;True;True;99.04399754212932;120.7328287854325;146.3334374091546;51.007178520375646;0.09474874603408481;0.27737024185380715;0.21538434808911167;0.2859846569978487;162.24879013714536;158.10613140075995;162.32387795136788;158.00609991449278;25.789817130566146;0.5065051707557875;6.384384732454811;29.703875008202488;0.005529062216078291;0.0194146098286923;16.22487901371441;15.810613140076097;6.492955118054701;10.533739994299637;2.3445288301244243;93.95060798887624;0.0211057018715621;2675.5305302934835;266.81059052910723;214.87676576585;0.010008728792469557;0.4642104586753186;0.5818744044207673;0.22400284471474907;1.3855583347321954e-13;-8.025224929042452e-10;2.5579538487363607e-13;-1.3061773884714967e-13;3.410605131648481e-13;-1.0231815394945443e-12;-1.7621459846850485e-12;1.2505552149377763e-12;1.3855583347321954e-15;-8.025224929042452e-12;2.5579538487363606e-15;-1.3061773884714967e-13;3.4106051316484808e-15;-1.0231815394945442e-14;-1.7621459846850484e-14;1.2505552149377763e-14;144.7038750082025;115.0;105.29163409381772;115.0;105.54987440702791;39.456108337366004;22.022317441668008;11.5469077820905;54.49449965151024;21.007178520375646;3.273912722477405;11.341026104941477;15.956002457870682;54.53959444115662;0.21347037293588755;8.980360610336277;4.0;0.41000000000000003;98006.42146121766;12982.658007084257;7.54902589344481;0.21347037293588755;deltaT_shex_1_K;shex;True;True;True;True;True;True;True;True;99.04399754212932;2674.0589697244795;0.06421918746778815;98006.42146121766;0.0;0.0;135.0;4.0;144.7038750082025;4.0;115.0;4.0;105.29163409381772;4.0;115.0;4.0;105.54987440702791;4.0;30.0;4.0;39.456108337366004;4.0;99.04399754212932;2674.0589697244795;0.006084687483900742;98006.42146121766;0.0;0.0;93.95060798887624;266.81059052910706;0.4742191874677882;12982.658007084257;0.5695935367143699;0.21538434808911167;166.7261924498705;382.39866154656255;0.41608468748390076;98006.42146121766;0.6491759785756934;0.27737024185380715;99.04399754212932;2674.0589697244795;0.05813449998388741;98006.42146121766;0.0;0.0;120.7328287854325;266.81059052910706;0.4742191874677882;98006.42146121766;0.5695935367143699;0.21538434808911167;146.5469077820905;321.1943392514591;0.4742191874677882;98006.42146121766;0.5695935367143699;0.21538434808911167;146.3334374091546;348.38881570626484;0.41000000000000003;98006.42146121766;0.6588102052868103;0.2859846569978487;111.75246817509623;285.48682270488433;0.41000000000000003;98006.42146121766;0.6588102052868103;0.2859846569978487;111.7260872775226;285.4394699979851;0.41000000000000003;12982.658007084257;0.6588102052868103;0.2859846569978487;93.95060798887624;2675.5305302934835;0.06421918746778815;12982.658007084257;0.0;0.0;51.007178520375646;213.55401462883512;0.06421918746778815;12982.658007084257;0.0;0.0;51.01027996587129;213.64011136151103;0.06421918746778815;98006.42146121766;0.0;0.0;"Zustand 3: Temperatur 419.697 K liegt außerhalb des Boryta-Prüfbereichs; Kristallisation wurde nicht bewertet.";"Zustand 4: Temperatur 419.483 K liegt außerhalb des Boryta-Prüfbereichs; Kristallisation wurde nicht bewertet.";"Zustand 5: Temperatur 384.902 K liegt außerhalb des Boryta-Prüfbereichs; Kristallisation wurde nicht bewertet.";"Zustand 6: Temperatur 384.876 K liegt außerhalb des Boryta-Prüfbereichs; Kristallisation wurde nicht bewertet.";"Zustand 20: Temperatur 439.876 K liegt außerhalb des Boryta-Prüfbereichs; Kristallisation wurde nicht bewertet.";5
parallel;Parallel (T13 = T15);parallel;115.0;115.0;30.0;115.0;4.0;4.0;4.0;115.0;0.42000000000000004;Abwärmetemperatur [°C];hot_temperature_C;115.0;10.0;10.0;25.0;15.0;11.0;nan;nan;1.5725320693958685e-23;`gtol` termination condition is satisfied.;5;5.607217665106064e-10;5.608087141612314e-12;1;True;;True;0;zulässig;feasible_but_near_limit_shex;False;True;True;99.01072232882007;120.56133166852055;146.49607314160136;51.055219799283975;0.09524017117192651;0.27683135452183233;0.21607381471666362;0.28527537310311324;162.55676305534539;158.46770402929604;162.66345069512874;158.33561143798994;26.6809375647151;0.5064088411197067;6.525818533668935;29.72229444110917;0.005531656388269175;0.01987329513467669;16.255676305534518;15.84677040292969;6.5065380278051315;10.555707429199455;2.425539778661438;94.18419229734042;0.020740237676671144;2675.972751683921;266.6498449154146;215.62157677982654;0.010045736179098874;0.47431400625521436;0.5826771540586223;0.2245770548919838;2.2737367544323206e-13;-5.607176944977255e-10;-1.1368683772161603e-13;-9.875433804040767e-14;4.547473508864641e-13;-8.526512829121202e-13;-1.8758328224066645e-12;1.9895196601282805e-13;2.2737367544323206e-15;-5.6071769449772545e-12;-1.1368683772161603e-15;-9.875433804040767e-14;4.547473508864641e-15;-8.526512829121202e-15;-1.8758328224066646e-14;1.9895196601282807e-15;144.72229444110917;115.0;105.27132471919089;115.0;105.5301667800245;39.47773349457515;21.796193953700424;11.74452260165225;54.70645880276527;21.055219799283975;3.4040096538528815;11.08713242185047;15.989277671179934;54.47184823802206;0.2484494600508924;8.93901631512955;4.0;0.42000000000000004;97889.41055433563;13013.419268886719;7.52218986660759;0.2484494600508924;deltaT_shex_1_K;shex;True;True;True;True;True;True;True;True;99.01072232882007;2674.006290506004;0.0643597424343132;97889.41055433563;0.0;0.0;135.0;4.0;144.72229444110917;4.0;115.0;4.0;105.27132471919089;4.0;115.0;4.0;105.5301667800245;4.0;30.0;4.0;39.47773349457515;4.0;99.01072232882007;2674.006290506004;0.006129632886025091;97889.41055433563;0.0;0.0;94.18419229734042;266.64984491541367;0.48435974243431323;13013.419268886719;0.5705922913946802;0.21607381471666362;166.5184883948096;381.77225670193246;0.4261296328860251;97889.41055433563;0.6485630521005108;0.27683135452183233;99.01072232882007;2674.006290506004;0.058230109548288105;97889.41055433563;0.0;0.0;120.56133166852055;266.64984491541367;0.48435974243431323;97889.41055433563;0.5705922913946802;0.21607381471666362;146.74452260165225;321.7348060036764;0.48435974243431323;97889.41055433563;0.5705922913946802;0.21607381471666362;146.49607314160136;348.3185588065241;0.42000000000000004;97889.41055433563;0.6580284173688854;0.28527537310311324;111.622315353391;284.7925169857744;0.42000000000000004;97889.41055433563;0.6580284173688854;0.28527537310311324;111.59599034614712;284.7451996164061;0.42000000000000004;13013.419268886719;0.6580284173688854;0.28527537310311324;94.18419229734042;2675.972751683921;0.0643597424343132;13013.419268886719;0.0;0.0;51.055219799283975;213.75494229738936;0.0643597424343132;13013.419268886719;0.0;0.0;51.05831854200244;213.84089131115235;0.0643597424343132;97889.41055433563;0.0;0.0;"Zustand 3: Temperatur 419.895 K liegt außerhalb des Boryta-Prüfbereichs; Kristallisation wurde nicht bewertet.";"Zustand 4: Temperatur 419.646 K liegt außerhalb des Boryta-Prüfbereichs; Kristallisation wurde nicht bewertet.";"Zustand 5: Temperatur 384.772 K liegt außerhalb des Boryta-Prüfbereichs; Kristallisation wurde nicht bewertet.";"Zustand 6: Temperatur 384.746 K liegt außerhalb des Boryta-Prüfbereichs; Kristallisation wurde nicht bewertet.";"Zustand 20: Temperatur 439.668 K liegt außerhalb des Boryta-Prüfbereichs; Kristallisation wurde nicht bewertet.";5
parallel;Parallel (T13 = T15);parallel;115.0;115.0;30.0;115.0;4.0;4.0;4.0;115.0;0.43000000000000005;Abwärmetemperatur [°C];hot_temperature_C;115.0;10.0;10.0;25.0;15.0;11.0;nan;nan;7.850840748908422e-24;`gtol` termination condition is satisfied.;5;3.961844872623659e-10;3.962534731433511e-12;1;True;;True;0;zulässig;feasible_but_near_limit_shex;False;True;True;98.97957551403277;120.3942826470709;146.6486034120602;51.100272493638556;0.09574019915603912;0.2763073639011271;0.2167362822234452;0.28458913620504056;162.83771702589067;158.80678370183145;162.97458757302866;158.64404625694237;27.57428668224535;0.5063068488499877;6.667561601934404;29.73909790824706;0.005534049589948757;0.020332848161135605;16.28377170258907;15.880678370183258;6.518983502921215;10.576269750462961;2.5067533347855933;94.40695514419895;0.020390052525109795;2676.3945645326594;266.4955209846916;216.3347726125295;0.010082704450119773;0.4844086382133283;0.5834457125349056;0.22512808156502306;-7.105427357601002e-15;-3.9617376046408026e-10;-8.526512829121202e-14;-7.394085344003543e-14;-1.7337242752546445e-12;-1.1368683772161603e-12;-2.0463630789890885e-12;-2.842170943040401e-14;-7.105427357601002e-17;-3.961737604640803e-12;-8.526512829121202e-16;-7.394085344003543e-14;-1.7337242752546444e-14;-1.1368683772161604e-14;-2.0463630789890885e-14;-2.842170943040401e-16;144.73909790824706;115.0;105.25271605424467;115.0;105.51171972147472;39.49801337929614;21.578816034406486;11.935091590998923;54.908941764902806;21.100272493638556;3.5319432557453183;10.845760910045726;16.020424485967226;54.40835101922585;0.28648817893872547;8.899953471905121;4.0;0.43000000000000005;97779.98897809764;13042.323636432444;7.497129476603302;0.28648817893872547;deltaT_shex_1_K;shex;True;True;True;True;True;True;True;True;98.97957551403277;2673.9569754112863;0.06449134266344803;97779.98897809764;0.0;0.0;135.0;4.0;144.73909790824706;4.0;115.0;4.0;105.25271605424467;4.0;115.0;4.0;105.51171972147472;4.0;30.0;4.0;39.49801337929614;4.0;98.97957551403277;2673.9569754112863;0.006174413990438877;97779.98897809764;0.0;0.0;94.40695514419895;266.4955209846916;0.4944913426634481;13042.323636432444;0.5715492238107688;0.2167362822234452;166.31791394265355;381.16580925248957;0.43617441399043894;97779.98897809764;0.6479658916598162;0.2763073639011271;98.97957551403277;2673.9569754112863;0.05831692867300915;97779.98897809764;0.0;0.0;120.3942826470709;266.4955209846916;0.4944913426634481;97779.98897809764;0.5715492238107688;0.2167362822234452;146.93509159099892;322.25845210846757;0.4944913426634481;97779.98897809764;0.5715492238107688;0.2167362822234452;146.6486034120602;348.2433863374067;0.43000000000000005;97779.98897809764;0.6572701001870666;0.28458913620504056;111.49432917516577;284.1171382391617;0.43000000000000005;97779.98897809764;0.6572701001870666;0.28458913620504056;111.46805674425468;284.0698525457637;0.43000000000000005;13042.323636432444;0.6572701001870666;0.28458913620504056;94.40695514419895;2676.3945645326594;0.06449134266344803;13042.323636432444;0.0;0.0;51.100272493638556;213.94337119072068;0.06449134266344803;13042.323636432444;0.0;0.0;51.10336870224887;214.02918192688148;0.06449134266344803;97779.98897809764;0.0;0.0;"Zustand 3: Temperatur 420.085 K liegt außerhalb des Boryta-Prüfbereichs; Kristallisation wurde nicht bewertet.";"Zustand 4: Temperatur 419.799 K liegt außerhalb des Boryta-Prüfbereichs; Kristallisation wurde nicht bewertet.";"Zustand 5: Temperatur 384.644 K liegt außerhalb des Boryta-Prüfbereichs; Kristallisation wurde nicht bewertet.";"Zustand 6: Temperatur 384.618 K liegt außerhalb des Boryta-Prüfbereichs; Kristallisation wurde nicht bewertet.";"Zustand 20: Temperatur 439.468 K liegt außerhalb des Boryta-Prüfbereichs; Kristallisation wurde nicht bewertet.";5
parallel;Parallel (T13 = T15);parallel;115.0;115.0;30.0;115.0;4.0;4.0;4.0;115.0;0.44000000000000006;Abwärmetemperatur [°C];hot_temperature_C;115.0;10.0;10.0;25.0;15.0;11.0;nan;nan;4.008809506290671e-24;`gtol` termination condition is satisfied.;5;2.8310088903858144e-10;2.8315400425530524e-12;1;True;;True;0;zulässig;feasible_but_near_limit_shex;False;True;True;98.95037552543334;120.23185328928616;146.79135293184027;51.14258671012402;0.09625012978042473;0.27579765139365375;0.2173731143981233;0.28392494747432856;163.09351514592132;159.12525279397042;163.25923604980227;158.93320241170812;28.46933627637648;0.5061990775596824;6.809590795552302;29.75439683887089;0.005536262290878154;0.020793216090654893;16.309351514592095;15.912525279397071;6.530369441992062;10.595546827447322;2.588121479696325;94.61960248494529;0.020054469516991965;2676.797294430267;266.3477945890426;217.01823032949875;0.010119781101505687;0.494494967891545;0.5841820932594606;0.22565721073047829;1.3855583347321954e-13;-2.830944367815391e-10;2.842170943040401e-14;-5.484501741648273e-14;7.105427357601002e-13;-2.8421709430404007e-13;-1.7053025658242404e-12;3.694822225952521e-13;1.3855583347321954e-15;-2.8309443678153913e-12;2.842170943040401e-16;-5.484501741648273e-14;7.105427357601002e-15;-2.842170943040401e-15;-1.7053025658242404e-14;3.694822225952521e-15;144.7543968388709;115.0;105.23569162381563;115.0;105.49442569307968;39.51706057380204;21.36966444125983;12.118900089925319;55.10254191114325;21.14258671012402;3.6576435104159373;10.616089138870336;16.049624474566656;54.348745153633956;0.3275471580850535;8.86327390354245;4.0;0.44000000000000006;97677.49883953214;13069.521159897839;7.473686116308768;0.3275471580850535;deltaT_shex_1_K;shex;True;True;True;True;True;True;True;True;98.95037552543334;2673.9107379879993;0.06461474899305064;97677.49883953214;0.0;0.0;135.0;4.0;144.7543968388709;4.0;115.0;4.0;105.23569162381563;4.0;115.0;4.0;105.49442569307968;4.0;30.0;4.0;39.51706057380204;4.0;98.95037552543334;2673.9107379879993;0.006219177976310692;97677.49883953214;0.0;0.0;94.61960248494529;266.3477945890483;0.5046147489930507;13069.521159897839;0.5724666312778162;0.2173731143981233;166.12406128013072;380.5782918414074;0.4462191779763108;97677.49883953214;0.6473838860071213;0.27579765139365375;98.95037552543334;2673.9107379879993;0.05839557101673995;97677.49883953214;0.0;0.0;120.23185328928616;266.3477945890483;0.5046147489930507;97677.49883953214;0.5724666312778162;0.2173731143981233;147.11890008992532;322.7657576652099;0.5046147489930507;97677.49883953214;0.5724666312778162;0.2173731143981233;146.79135293184027;348.1631949290584;0.44000000000000006;97677.49883953214;0.6565343305662557;0.28392494747432856;111.36857938574371;283.460157937294;0.44000000000000006;97677.49883953214;0.6565343305662557;0.28392494747432856;111.34235648958406;283.4129006279971;0.44000000000000006;13069.521159897839;0.6565343305662557;0.28392494747432856;94.61960248494529;2676.797294430267;0.06461474899305064;13069.521159897839;0.0;0.0;51.14258671012402;214.12034723537138;0.06461474899305064;13069.521159897839;0.0;0.0;51.14568053944572;214.2060283279571;0.06461474899305064;97677.49883953214;0.0;0.0;"Zustand 3: Temperatur 420.269 K liegt außerhalb des Boryta-Prüfbereichs; Kristallisation wurde nicht bewertet.";"Zustand 4: Temperatur 419.941 K liegt außerhalb des Boryta-Prüfbereichs; Kristallisation wurde nicht bewertet.";"Zustand 5: Temperatur 384.519 K liegt außerhalb des Boryta-Prüfbereichs; Kristallisation wurde nicht bewertet.";"Zustand 6: Temperatur 384.492 K liegt außerhalb des Boryta-Prüfbereichs; Kristallisation wurde nicht bewertet.";"Zustand 20: Temperatur 439.274 K liegt außerhalb des Boryta-Prüfbereichs; Kristallisation wurde nicht bewertet.";5
parallel;Parallel (T13 = T15);parallel;115.0;115.0;30.0;115.0;4.0;4.0;4.0;115.0;0.45000000000000007;Abwärmetemperatur [°C];hot_temperature_C;115.0;10.0;10.0;25.0;15.0;11.0;nan;nan;2.1778922743798182e-24;`gtol` termination condition is satisfied.;5;2.0866560758051912e-10;2.087051640175594e-12;1;True;;True;0;zulässig;feasible_but_near_limit_shex;False;True;True;98.92295686607804;120.07417345165464;146.92465403209144;51.18239073486484;0.096771130449729;0.2753016323526881;0.21798559342611343;0.2832818574603615;163.32586163370706;159.4248294534377;163.51917967325826;159.20471875429286;29.365597967925485;0.506085426054595;6.951883890938328;29.768293159910684;0.0055383126523953045;0.021254346941369823;16.332586163370678;15.94248294534367;6.540767186930305;10.613647916952829;2.6695998152849225;94.82278665981272;0.0197328423304285;2677.182166655161;266.2067893738899;217.67369652240686;0.010157098864155722;0.5045735564603051;0.5848881641463879;0.2261656419055459;1.2789769243681803e-13;-2.0866153249698982e-10;-5.684341886080802e-14;-4.063416270128073e-14;6.536993168992922e-13;9.947598300641403e-13;4.263256414560601e-13;2.8421709430404007e-13;1.2789769243681803e-15;-2.0866153249698984e-12;-5.684341886080802e-16;-4.063416270128073e-14;6.536993168992922e-15;9.947598300641402e-15;4.263256414560601e-15;2.842170943040401e-15;144.76829315991068;115.0;105.22014475638406;115.0;105.47818667737482;39.53497783812429;21.168259355331713;12.296221454940564;55.28780882168843;21.18239073486484;3.781056746754075;10.397358096571338;16.07704313392196;54.2927043504701;0.37156742284912525;8.829054043832173;4.0;0.45000000000000007;97581.34210579346;13095.149593887647;7.4517164852657345;0.37156742284912525;deltaT_shex_1_K;shex;True;True;True;True;True;True;True;True;98.92295686607804;2673.867317061612;0.06473065532446076;97581.34210579346;0.0;0.0;135.0;4.0;144.76829315991068;4.0;115.0;4.0;105.22014475638406;4.0;115.0;4.0;105.47818667737482;4.0;30.0;4.0;39.53497783812429;4.0;98.92295686607804;2673.867317061612;0.006264058690499837;97581.34210579346;0.0;0.0;94.82278665981272;266.2067893738997;0.5147306553244608;13095.149593887647;0.5733466582223534;0.21798559342611343;165.9365525152424;380.0087461767855;0.4562640586904999;97581.34210579346;0.6468164552823391;0.2753016323526881;98.92295686607804;2673.867317061612;0.05846659663396092;97581.34210579346;0.0;0.0;120.07417345165464;266.2067893738997;0.5147306553244608;97581.34210579346;0.5733466582223534;0.21798559342611343;147.29622145494056;323.2572052839738;0.5147306553244608;97581.34210579346;0.5733466582223534;0.21798559342611343;146.92465403209144;348.07793569738845;0.45000000000000007;97581.34210579346;0.6558202246997369;0.2832818574603615;111.24511940782247;282.821051324221;0.45000000000000007;97581.34210579346;0.6558202246997369;0.2832818574603615;111.21894325324593;282.7738194421291;0.45000000000000007;13095.149593887647;0.6558202246997369;0.2832818574603615;94.82278665981272;2677.182166655161;0.06473065532446076;13095.149593887647;0.0;0.0;51.18239073486484;214.2868251152864;0.06473065532446076;13095.149593887647;0.0;0.0;51.18548232690472;214.372384463089;0.06473065532446076;97581.34210579346;0.0;0.0;"Zustand 3: Temperatur 420.446 K liegt außerhalb des Boryta-Prüfbereichs; Kristallisation wurde nicht bewertet.";"Zustand 4: Temperatur 420.075 K liegt außerhalb des Boryta-Prüfbereichs; Kristallisation wurde nicht bewertet.";"Zustand 5: Temperatur 384.395 K liegt außerhalb des Boryta-Prüfbereichs; Kristallisation wurde nicht bewertet.";"Zustand 6: Temperatur 384.369 K liegt außerhalb des Boryta-Prüfbereichs; Kristallisation wurde nicht bewertet.";"Zustand 20: Temperatur 439.087 K liegt außerhalb des Boryta-Prüfbereichs; Kristallisation wurde nicht bewertet.";5
parallel;Parallel (T13 = T15);parallel;115.0;115.0;30.0;115.0;4.0;4.0;4.0;115.0;0.4600000000000001;Abwärmetemperatur [°C];hot_temperature_C;115.0;10.0;10.0;25.0;15.0;11.0;nan;nan;1.2266298220883355e-24;`gtol` termination condition is satisfied.;5;1.5660027128811012e-10;1.5662884932785118e-12;1;True;;True;0;zulässig;feasible_but_near_limit_shex;False;True;True;98.89716858892689;119.92133553502578;147.04884402702226;51.219893068183524;0.09730424117417803;0.27481875370871706;0.2185749250775314;0.2826589632124085;163.53631799937705;159.70708291425987;163.75605445241726;159.46009005464836;30.262621698613057;0.5059658088824276;7.094419562110862;29.78088026312065;0.005540216818738456;0.021716189752995566;16.353631799937812;15.970708291426124;6.550242178096687;10.63067267031005;2.751147427160875;95.01711072831148;0.01942455337964488;2677.5503142453194;266.0725812370216;218.30279655590437;0.010194776669615768;0.5146449182444996;0.585565658947485;0.22665449412860975;4.654054919228656e-13;-1.5657164453841688e-10;-1.1368683772161603e-13;-2.992051051364797e-14;8.526512829121202e-14;-1.3642420526593924e-12;-2.3874235921539366e-12;-1.0800249583553523e-12;4.6540549192286564e-15;-1.5657164453841687e-12;-1.1368683772161603e-15;-2.992051051364797e-14;8.526512829121202e-16;-1.3642420526593923e-14;-2.3874235921539365e-14;-1.0800249583553523e-14;144.78088026312065;115.0;105.20597760452051;115.0;105.46291327424353;39.551859025972476;20.974156809441297;12.467317296599674;55.465251702339;21.219893068183524;3.902143641016039;10.188866876209033;16.10283141107311;54.23993072095607;0.4184732695774187;8.797347196596832;4.0;0.4600000000000001;97490.97468469827;13119.335430395888;7.431090942215234;0.4184732695774187;deltaT_shex_1_K;shex;True;True;True;True;True;True;True;True;98.89716858892689;2673.8264743489012;0.06483969491411534;97490.97468469827;0.0;0.0;135.0;4.0;144.78088026312065;4.0;115.0;4.0;105.20597760452051;4.0;115.0;4.0;105.46291327424353;4.0;30.0;4.0;39.551859025972476;4.0;98.89716858892689;2673.8264743489012;0.006309177311583204;97490.97468469827;0.0;0.0;95.01711072831148;266.0725812370109;0.5248396949141154;13119.335430395888;0.5741913075479727;0.2185749250775314;165.75503707256195;379.4562773921285;0.4663091773115833;97490.97468469827;0.6462630489351922;0.27481875370871706;98.89716858892689;2673.8264743489012;0.05853051760253214;97490.97468469827;0.0;0.0;119.92133553502578;266.0725812370109;0.5248396949141154;97490.97468469827;0.5741913075479727;0.2185749250775314;147.46731729659967;323.7332764776124;0.5248396949141154;97490.97468469827;0.5741913075479727;0.2185749250775314;147.04884402702226;347.9876069768841;0.4600000000000001;97490.97468469827;0.6551269362517717;0.2826589632124085;111.12398833842894;282.19929893642194;0.4600000000000001;97490.97468469827;0.6551269362517717;0.2826589632124085;111.09785635898396;282.15208982826323;0.4600000000000001;13119.335430395888;0.6551269362517717;0.2826589632124085;95.01711072831148;2677.5503142453194;0.06483969491411534;13119.335430395888;0.0;0.0;51.219893068183524;214.44367677882718;0.06483969491411534;13119.335430395888;0.0;0.0;51.222982553287466;214.52912161051674;0.06483969491411534;97490.97468469827;0.0;0.0;"Zustand 3: Temperatur 420.617 K liegt außerhalb des Boryta-Prüfbereichs; Kristallisation wurde nicht bewertet.";"Zustand 4: Temperatur 420.199 K liegt außerhalb des Boryta-Prüfbereichs; Kristallisation wurde nicht bewertet.";"Zustand 5: Temperatur 384.274 K liegt außerhalb des Boryta-Prüfbereichs; Kristallisation wurde nicht bewertet.";"Zustand 6: Temperatur 384.248 K liegt außerhalb des Boryta-Prüfbereichs; Kristallisation wurde nicht bewertet.";"Zustand 20: Temperatur 438.905 K liegt außerhalb des Boryta-Prüfbereichs; Kristallisation wurde nicht bewertet.";5
parallel;Parallel (T13 = T15);parallel;115.0;115.0;30.0;115.0;4.0;4.0;4.0;115.0;0.4700000000000001;Abwärmetemperatur [°C];hot_temperature_C;115.0;10.0;10.0;25.0;15.0;11.0;nan;nan;6.595557679123845e-25;`gtol` termination condition is satisfied.;5;1.1483079397534292e-10;1.1485258098209063e-12;1;True;;True;0;zulässig;feasible_but_near_limit_shex;False;True;True;98.87287292612865;119.77339862837954;147.1642627095216;51.25528425802247;0.09785038079848968;0.27434849178144344;0.21914224360833598;0.28205540568222937;163.72631729805727;159.97344729563977;163.97136333545512;159.70068057434327;31.159993957741392;0.5058401563518562;7.237177357619023;29.79224385753929;0.005541989167744641;0.02217869473074229;16.372631729805704;15.997344729564038;6.558854533418266;10.646712038289666;2.8327267234414726;95.20313247405687;0.01912901229231348;2677.9027854622364;265.94520309413;218.9070433158656;0.01023292062590253;0.524709525410079;0.5862161878024487;0.22712481166186282;-1.2079226507921703e-13;-1.1480594253043819e-10;1.4210854715202004e-13;-2.2370993946196904e-14;-1.5347723092418164e-12;-5.968558980384842e-13;-1.7053025658242404e-12;2.2737367544323206e-13;-1.2079226507921704e-15;-1.1480594253043818e-12;1.4210854715202005e-15;-2.2370993946196904e-14;-1.5347723092418165e-14;-5.968558980384841e-15;-1.7053025658242404e-14;2.2737367544323206e-15;144.7922438575393;115.0;105.19310027897995;115.0;105.4485238890943;39.567789910026306;20.78694548135678;12.632437782636146;55.635342564030566;21.25528425802247;4.020877419008855;9.989967804923083;16.12712707387135;54.19015213335143;0.4681750731145371;8.768185883709577;4.0;0.4700000000000001;97405.9011429717;13142.194846595638;7.411692056004161;0.4681750731145371;deltaT_shex_1_K;shex;True;True;True;True;True;True;True;True;98.87287292612865;2673.7879923116875;0.06494244603598143;97405.9011429717;0.0;0.0;135.0;4.0;144.7922438575393;4.0;115.0;4.0;105.19310027897995;4.0;115.0;4.0;105.4485238890943;4.0;30.0;4.0;39.567789910026306;4.0;98.87287292612865;2673.7879923116875;0.0063546430746061495;97405.9011429717;0.0;0.0;95.20313247405687;265.94520309412064;0.5349424460359815;13142.194846595638;0.5750024511400225;0.21914224360833598;165.57918933889607;378.9200489186481;0.47635464307460623;97405.9011429717;0.6457231437993478;0.27434849178144344;98.87287292612865;2673.7879923116875;0.05858780296137528;97405.9011429717;0.0;0.0;119.77339862837954;265.94520309412064;0.5349424460359815;97405.9011429717;0.5750024511400225;0.21914224360833598;147.63243778263615;324.1944487627762;0.5349424460359815;97405.9011429717;0.5750024511400225;0.21914224360833598;147.1642627095216;347.8922474641415;0.4700000000000001;97405.9011429717;0.6544536546585713;0.28205540568222937;111.00521274466996;281.5943879795851;0.4700000000000001;97405.9011429717;0.6544536546585713;0.28205540568222937;110.97912258099115;281.54719926739205;0.4700000000000001;13142.194846595638;0.6544536546585713;0.28205540568222937;95.20313247405687;2677.9027854622364;0.06494244603598143;13142.194846595638;0.0;0.0;51.25528425802247;214.5916991042278;0.06494244603598143;13142.194846595638;0.0;0.0;51.25837175574287;214.67703603725116;0.06494244603598143;97405.9011429717;0.0;0.0;"Zustand 3: Temperatur 420.782 K liegt außerhalb des Boryta-Prüfbereichs; Kristallisation wurde nicht bewertet.";"Zustand 4: Temperatur 420.314 K liegt außerhalb des Boryta-Prüfbereichs; Kristallisation wurde nicht bewertet.";"Zustand 5: Temperatur 384.155 K liegt außerhalb des Boryta-Prüfbereichs; Kristallisation wurde nicht bewertet.";"Zustand 6: Temperatur 384.129 K liegt außerhalb des Boryta-Prüfbereichs; Kristallisation wurde nicht bewertet.";"Zustand 20: Temperatur 438.729 K liegt außerhalb des Boryta-Prüfbereichs; Kristallisation wurde nicht bewertet.";5
parallel;Parallel (T13 = T15);parallel;115.0;115.0;30.0;115.0;4.0;4.0;4.0;115.0;0.4800000000000001;Abwärmetemperatur [°C];hot_temperature_C;115.0;10.0;10.0;25.0;15.0;11.0;nan;nan;8.007208400191873e-17;`gtol` termination condition is satisfied.;4;1.1538460171994915e-06;1.2654808098261999e-08;1;True;;True;0;zulässig;feasible;True;True;True;98.84994383949578;119.63039227631481;147.2712491883858;51.28873883785104;0.09841037896840572;0.2738903560725141;0.21968861459789663;0.28147036578833345;163.8971789287704;160.22523624766248;164.16649123588402;159.9277384807937;32.05733523520548;0.5057084140993465;7.380137569062639;29.80246285459151;0.005543642545677154;0.022641813151686743;16.389717779868562;16.02252361648967;6.566659650629534;10.661849225559141;2.914303215875357;95.38136786920796;0.018845654767439875;2678.2405502177903;265.82464875322745;219.4878440951313;0.010271625083558944;0.5347678129361535;0.5868412445281698;0.22757756756690023;-4.05773903366935e-09;-1.3942344878614676e-07;1.325035157151433e-07;-5.19719212110914e-09;-2.985433411595295e-08;8.276575158561172e-08;9.740656992107688e-08;1.1300847688744398e-06;-4.05773903366935e-11;-1.3942344878614676e-09;1.325035157151433e-09;-5.19719212110914e-09;-2.985433411595295e-10;8.276575158561173e-10;9.740656992107688e-10;1.1300847688744397e-08;144.8024628545915;115.0;105.18142995000693;115.0;105.43494387076595;39.58284905787457;20.606245237021028;12.791821133232702;55.798518811333395;21.288738837851042;4.137242322705731;9.800062080798966;16.15005616050422;54.143119412867634;0.5205719448468926;8.741584081366227;4.0;0.4800000000000001;97325.66922874696;13163.834758064668;7.3934131670197045;0.5205719448468926;deltaT_shex_1_K;shex;True;True;True;True;True;True;True;True;98.84994383949578;2673.7516718816246;0.06503943801971235;97325.66922874696;0.0;0.0;135.0;4.0;144.8024628545915;4.0;115.0;4.0;105.18142995000693;4.0;115.0;4.0;105.43494387076595;4.0;30.0;4.0;39.58284905787457;4.0;98.84994383949578;2673.7516718816246;0.006400555743412028;97325.66922874696;0.0;0.0;95.38136786920796;265.82464875322216;0.5450394380197124;13163.834758064668;0.5757818370304971;0.21968861459789663;165.40870809161254;378.3992832715449;0.4864005557434121;97325.66922874696;0.6451962489940112;0.2738903560725141;98.84994383949578;2673.7516718816246;0.05863888227630032;97325.66922874696;0.0;0.0;119.63039227631481;265.82464875322216;0.5450394380197124;97325.66922874696;0.5757818370304971;0.21968861459789663;147.7918211332327;324.641191188535;0.5450394380197124;97325.66922874696;0.5757818370304971;0.21968861459789663;147.2712491883858;347.7919274766089;0.4800000000000001;97325.66922874696;0.6537996018272078;0.28147036578833345;110.88880819494858;281.00581239481056;0.4800000000000001;97325.66922874696;0.6537996018272078;0.28147036578833345;110.86275767729427;280.95864195074455;0.4800000000000001;13163.834758064668;0.6537996018272078;0.28147036578833345;95.38136786920796;2678.2405502177903;0.06503943801971235;13163.834758064668;0.0;0.0;51.28873883785104;214.73162200256024;0.06503943801971235;13163.834758064668;0.0;0.0;51.291824457898315;214.81685709552025;0.06503943801971235;97325.66922874696;0.0;0.0;"Zustand 3: Temperatur 420.942 K liegt außerhalb des Boryta-Prüfbereichs; Kristallisation wurde nicht bewertet.";"Zustand 4: Temperatur 420.421 K liegt außerhalb des Boryta-Prüfbereichs; Kristallisation wurde nicht bewertet.";"Zustand 5: Temperatur 384.039 K liegt außerhalb des Boryta-Prüfbereichs; Kristallisation wurde nicht bewertet.";"Zustand 6: Temperatur 384.013 K liegt außerhalb des Boryta-Prüfbereichs; Kristallisation wurde nicht bewertet.";"Zustand 20: Temperatur 438.559 K liegt außerhalb des Boryta-Prüfbereichs; Kristallisation wurde nicht bewertet.";5
parallel;Parallel (T13 = T15);parallel;115.0;115.0;30.0;115.0;4.0;4.0;4.0;115.0;0.4900000000000001;Abwärmetemperatur [°C];hot_temperature_C;115.0;10.0;10.0;25.0;15.0;11.0;nan;nan;5.641328341501384e-17;`gtol` termination condition is satisfied.;4;9.483135646042895e-07;1.062198507012826e-08;1;True;;True;0;zulässig;feasible;True;True;True;98.82826679751872;119.4923209992134;147.37014326010313;51.32041565381115;0.098984882173954;0.27344386358314704;0.22021504656233032;0.2809030686339578;164.0501106633339;160.4636451614829;164.34270733002552;160.14239780490882;32.95430035456672;0.5055705425835034;7.523281638387311;29.811609489433863;0.005545188377756533;0.023105498266401264;16.405010973435193;16.04636450926003;6.573708294190145;10.676159848230853;2.9958454966434633;95.55229540566637;0.018573940874132545;2678.564508298367;265.71088169632105;220.04651382905715;0.010310973194813333;0.5448201788146756;0.5874422258900924;0.22801367617265608;-3.2383340453634446e-09;-1.0851137943745925e-07;1.1177334613421408e-07;-4.785289442477136e-09;-2.4728109337956994e-08;6.888259918014228e-08;8.144601792992034e-08;9.289819615787565e-07;-3.238334045363445e-11;-1.0851137943745926e-09;1.1177334613421408e-09;-4.785289442477136e-09;-2.4728109337956995e-10;6.888259918014228e-10;8.144601792992035e-10;9.289819615787564e-09;144.81160948943386;115.0;105.17089070992671;115.0;105.42210539444324;39.59710796420353;20.43169868890857;12.94569749968042;55.95518744146284;21.320415653811153;4.251231850976637;9.618595304260339;16.171733202481278;54.098605897574316;0.5755542395772864;8.717539981347898;4.0;0.4900000000000001;97249.86875127854;13184.352861264839;7.376157917996506;0.5755542395772864;deltaT_shex_1_K;shex;True;True;True;True;True;True;True;True;98.82826679751872;2673.7173321245086;0.06513115200948882;97249.86875127854;0.0;0.0;135.0;4.0;144.81160948943386;4.0;115.0;4.0;105.17089070992671;4.0;115.0;4.0;105.42210539444324;4.0;30.0;4.0;39.59710796420353;4.0;98.82826679751872;2673.7173321245086;0.006446999407513139;97249.86875127854;0.0;0.0;95.55229540566637;265.71088169631645;0.5551311520094889;13184.352861264839;0.576531108719441;0.22021504656233032;165.24330817834243;377.893235440269;0.49644699940751325;97249.86875127854;0.6446818768569176;0.27344386358314704;98.82826679751872;2673.7173321245086;0.05868415260197569;97249.86875127854;0.0;0.0;119.4923209992134;265.71088169631645;0.5551311520094889;97249.86875127854;0.576531108719441;0.22021504656233032;147.94569749968042;325.073971364906;0.5551311520094889;97249.86875127854;0.576531108719441;0.22021504656233032;147.37014326010313;347.68675282944383;0.4900000000000001;97249.86875127854;0.6531640378627166;0.2809030686339578;110.77478101786551;280.4330786298417;0.4900000000000001;97249.86875127854;0.6531640378627166;0.2809030686339578;110.74876814902336;280.385924551747;0.4900000000000001;13184.352861264839;0.6531640378627166;0.2809030686339578;95.55229540566637;2678.564508298367;0.06513115200948882;13184.352861264839;0.0;0.0;51.32041565381115;214.86410978391575;0.06513115200948882;13184.352861264839;0.0;0.0;51.32349949686892;214.949248587801;0.06513115200948882;97249.86875127854;0.0;0.0;"Zustand 3: Temperatur 421.096 K liegt außerhalb des Boryta-Prüfbereichs; Kristallisation wurde nicht bewertet.";"Zustand 4: Temperatur 420.520 K liegt außerhalb des Boryta-Prüfbereichs; Kristallisation wurde nicht bewertet.";"Zustand 5: Temperatur 383.925 K liegt außerhalb des Boryta-Prüfbereichs; Kristallisation wurde nicht bewertet.";"Zustand 6: Temperatur 383.899 K liegt außerhalb des Boryta-Prüfbereichs; Kristallisation wurde nicht bewertet.";"Zustand 20: Temperatur 438.393 K liegt außerhalb des Boryta-Prüfbereichs; Kristallisation wurde nicht bewertet.";5
parallel;Parallel (T13 = T15);parallel;115.0;115.0;30.0;115.0;4.0;4.0;4.0;115.0;0.5000000000000001;Abwärmetemperatur [°C];hot_temperature_C;115.0;10.0;10.0;25.0;15.0;11.0;nan;nan;4.0181509684181434e-17;`gtol` termination condition is satisfied.;4;7.812848602259017e-07;8.964542340151163e-09;1;True;;True;0;zulässig;feasible;True;True;True;98.80773640941317;119.35916653797432;147.46127821746694;51.35046100587505;0.09957451729607461;0.2730085737278515;0.22072248380238496;0.2803527716171816;164.1862325018276;160.6897752053481;164.50118910151744;160.34570226209001;33.85057265598814;0.5054265158968405;7.666591464347068;29.819750747716967;0.005546636948219699;0.023569704091093952;16.4186231736362;16.06897751482654;6.580047564895072;10.689713479628358;3.0773247946429545;95.71635777585198;0.018313354973776102;2678.875492287996;265.6038335092079;220.58427379604828;0.010351038439792681;0.5548669925881048;0.5880204241858149;0.2284339863888744;-2.528921072553203e-09;-8.50843591138073e-08;9.450582183490042e-08;-4.3959468287724235e-09;-2.08593462502904e-08;5.7082701232502586e-08;6.766464366592118e-08;7.654655860278581e-07;-2.528921072553203e-11;-8.508435911380729e-10;9.450582183490041e-10;-4.3959468287724235e-09;-2.08593462502904e-10;5.708270123250258e-10;6.766464366592118e-10;7.654655860278581e-09;144.81975074771697;115.0;105.16141213507672;115.0;105.40994603695634;39.610632488358135;20.262977844286013;13.094283975129827;56.10572528749384;21.350461005875047;4.362847964438117;9.445054359224741;16.192263590586833;54.056402872713704;0.633005757662886;8.69603744409443;4.0;0.5000000000000001;97178.1230180842;13203.839523165207;7.359838238535997;0.633005757662886;deltaT_shex_1_K;shex;True;True;True;True;True;True;True;True;98.80773640941317;2673.6848065071717;0.06521803102789736;97178.1230180842;0.0;0.0;135.0;4.0;144.81975074771697;4.0;115.0;4.0;105.16141213507672;4.0;115.0;4.0;105.40994603695634;4.0;30.0;4.0;39.610632488358135;4.0;98.80773640941317;2673.6848065071717;0.006494053958603296;97178.1230180842;0.0;0.0;95.71635777585198;265.603833509204;0.5652180310278975;13203.839523165207;0.5772517974258697;0.22072248380238496;165.08272859200298;377.40122339248575;0.5064940539586034;97178.1230180842;0.6441795835395503;0.2730085737278515;98.80773640941317;2673.6848065071717;0.05872397706929407;97178.1230180842;0.0;0.0;119.35916653797432;265.603833509204;0.5652180310278975;97178.1230180842;0.5772517974258697;0.22072248380238496;148.09428397512983;325.49324042431596;0.5652180310278975;97178.1230180842;0.5772517974258697;0.22072248380238496;147.46127821746694;347.576844595494;0.5000000000000001;97178.1230180842;0.6525462486967295;0.2803527716171816;110.66312909387989;279.8756992784599;0.5000000000000001;97178.1230180842;0.6525462486967295;0.2803527716171816;110.63715203556188;279.8285598702777;0.5000000000000001;13203.839523165207;0.6525462486967295;0.2803527716171816;95.71635777585198;2678.875492287996;0.06521803102789736;13203.839523165207;0.0;0.0;51.35046100587505;214.98977429365513;0.06521803102789736;13203.839523165207;0.0;0.0;51.35354316424264;215.07482189262123;0.06521803102789736;97178.1230180842;0.0;0.0;"Zustand 3: Temperatur 421.244 K liegt außerhalb des Boryta-Prüfbereichs; Kristallisation wurde nicht bewertet.";"Zustand 4: Temperatur 420.611 K liegt außerhalb des Boryta-Prüfbereichs; Kristallisation wurde nicht bewertet.";"Zustand 5: Temperatur 383.813 K liegt außerhalb des Boryta-Prüfbereichs; Kristallisation wurde nicht bewertet.";"Zustand 6: Temperatur 383.787 K liegt außerhalb des Boryta-Prüfbereichs; Kristallisation wurde nicht bewertet.";"Zustand 20: Temperatur 438.233 K liegt außerhalb des Boryta-Prüfbereichs; Kristallisation wurde nicht bewertet.";5
parallel;Parallel (T13 = T15);parallel;115.0;115.0;30.0;115.0;4.0;4.0;4.0;115.0;0.5100000000000001;Abwärmetemperatur [°C];hot_temperature_C;115.0;10.0;10.0;25.0;15.0;11.0;nan;nan;2.886691016232442e-17;`gtol` termination condition is satisfied.;4;6.441511247006809e-07;7.598277457730064e-09;1;True;;True;0;zulässig;feasible;True;True;True;98.78825645682059;119.23089186729055;147.54498290424578;51.37900863959544;0.100179793528119;0.27258406169667593;0.2212118178711198;0.27981876926538984;164.30657584458947;160.90463298706177;164.6430217804206;160.53860466548602;34.74586437998146;0.5052763209299022;7.810049826947059;29.826948316063977;0.0055479974598553064;0.02403438629744986;16.430657521352895;16.09046329398325;6.58572087191224;10.702573640618901;3.158714949802215;95.87396572232802;0.018063404187668868;2679.1742749069936;265.50341238384794;221.10226413080164;0.01039188509376332;0.5649085945831198;0.588577045700097;0.2288392939167087;-1.987281450510636e-09;-6.784290462746867e-08;7.986781724866887e-08;-4.030183298198153e-09;-1.738538912832155e-08;4.722926405520411e-08;5.6202509313152405e-08;6.310605158432736e-07;-1.987281450510636e-11;-6.784290462746867e-10;7.986781724866888e-10;-4.030183298198153e-09;-1.7385389128321548e-10;4.722926405520411e-10;5.62025093131524e-10;6.310605158432736e-09;144.82694831606398;115.0;105.15292931935284;115.0;105.39840881187286;39.6234828341544;20.099775849415323;13.23778868975171;56.25048288817362;21.37900863959544;4.472099610305861;9.278963597024813;16.21174354317941;54.01631961392064;0.6928057855059251;8.67704853681471;4.0;0.5100000000000001;97110.088707965;13222.377656062306;7.344374153724248;0.6928057855059251;deltaT_shex_1_K;shex;True;True;True;True;True;True;True;True;98.78825645682059;2673.6539429599757;0.06530047967688302;97110.088707965;0.0;0.0;135.0;4.0;144.82694831606398;4.0;115.0;4.0;105.15292931935284;4.0;115.0;4.0;105.39840881187286;4.0;30.0;4.0;39.6234828341544;4.0;98.78825645682059;2673.6539429599757;0.006541788571317271;97110.088707965;0.0;0.0;95.87396572232802;265.5034123838442;0.5753004796768831;13222.377656062306;0.577945340628032;0.2212118178711198;164.9267241654793;376.92260102695207;0.5165417885713174;97110.088707965;0.6436889387790616;0.27258406169667593;98.78825645682059;2673.6539429599757;0.058758691105565745;97110.088707965;0.0;0.0;119.23089186729055;265.5034123838442;0.5753004796768831;97110.088707965;0.577945340628032;0.2212118178711198;148.2377886897517;325.8994412546987;0.5753004796768831;97110.088707965;0.577945340628032;0.2212118178711198;147.54498290424578;347.4623446266073;0.5100000000000001;97110.088707965;0.6519455523339732;0.27981876926538984;110.55384333047584;279.3331987796098;0.5100000000000001;97110.088707965;0.6519455523339732;0.27981876926538984;110.52790038969414;279.28607253196776;0.5100000000000001;13222.377656062306;0.6519455523339732;0.27981876926538984;95.87396572232802;2679.1742749069936;0.06530047967688302;13222.377656062306;0.0;0.0;51.37900863959544;215.10917487644176;0.06530047967688302;13222.377656062306;0.0;0.0;51.38208919795221;215.19413592860107;0.06530047967688302;97110.088707965;0.0;0.0;"Zustand 3: Temperatur 421.388 K liegt außerhalb des Boryta-Prüfbereichs; Kristallisation wurde nicht bewertet.";"Zustand 4: Temperatur 420.695 K liegt außerhalb des Boryta-Prüfbereichs; Kristallisation wurde nicht bewertet.";"Zustand 5: Temperatur 383.704 K liegt außerhalb des Boryta-Prüfbereichs; Kristallisation wurde nicht bewertet.";"Zustand 6: Temperatur 383.678 K liegt außerhalb des Boryta-Prüfbereichs; Kristallisation wurde nicht bewertet.";"Zustand 20: Temperatur 438.077 K liegt außerhalb des Boryta-Prüfbereichs; Kristallisation wurde nicht bewertet.";5
parallel;Parallel (T13 = T15);parallel;115.0;115.0;30.0;115.0;4.0;4.0;4.0;115.0;0.5200000000000001;Abwärmetemperatur [°C];hot_temperature_C;115.0;10.0;10.0;25.0;15.0;11.0;nan;nan;2.0980531456747305e-17;`gtol` termination condition is satisfied.;4;5.324916412375366e-07;6.4777359403957345e-09;1;True;;True;0;zulässig;feasible;True;True;True;98.76973883885876;119.10744387232455;147.62157941790014;51.406181163493386;0.10080113730589252;0.272169923428063;0.22168388914333975;0.27930038970918536;164.41209375148293;161.10914129404796;164.76920881996253;160.72197744392747;35.63991392343369;0.5051199562073144;7.953640241879189;29.833259195662833;0.005549278177371883;0.024499502007784908;16.441209322993448;16.110914125464664;6.590768353391491;10.714798493126118;3.2399921797994766;96.02550040624322;0.017823617712555608;2679.4615734012395;265.4095060159292;221.60154854186325;0.010433569170339774;0.5749452993962805;0.5891132149665389;0.22923034332238304;-1.4557244298885053e-09;-5.436055516838678e-08;6.766950377823377e-08;-3.688860106265679e-09;-1.48247352171893e-08;3.940132842217281e-08;4.703571221398306e-08;5.215484577547613e-07;-1.4557244298885053e-11;-5.436055516838678e-10;6.766950377823378e-10;-3.688860106265679e-09;-1.48247352171893e-10;3.940132842217281e-10;4.703571221398306e-10;5.215484577547613e-09;144.83325919566283;115.0;105.14538224760992;115.0;105.38744154043496;39.63571419222774;19.941806659706458;13.376410272124474;56.38978621401549;21.406181163493386;4.579001794311239;9.119881841366691;16.230261161141243;53.978181340942;0.7548308542243376;8.660535283642616;4.0;0.5200000000000001;97045.45197927285;13240.043532892329;7.329692816959565;0.7548308542243376;deltaT_shex_1_K;shex;True;True;True;True;True;True;True;True;98.76973883885876;2673.6246022160585;0.06537886856662012;97045.45197927285;0.0;0.0;135.0;4.0;144.83325919566283;4.0;115.0;4.0;105.14538224760992;4.0;115.0;4.0;105.38744154043496;4.0;30.0;4.0;39.63571419222774;4.0;98.76973883885876;2673.6246022160585;0.006590264307287775;97045.45197927285;0.0;0.0;96.02550040624322;265.4095060159262;0.5853788685666202;13240.043532892329;0.5786130862335607;0.22168388914333975;164.7750658553693;376.45676098618526;0.526590264307288;97045.45197927285;0.6432095319719994;0.272169923428063;98.76973883885876;2673.6246022160585;0.05878860425933234;97045.45197927285;0.0;0.0;119.10744387232455;265.4095060159262;0.5853788685666202;97045.45197927285;0.5786130862335607;0.22168388914333975;148.37641027212447;326.2930052968327;0.5853788685666202;97045.45197927285;0.5786130862335607;0.22168388914333975;147.62157941790014;347.3434087472679;0.5200000000000001;97045.45197927285;0.6513612956870037;0.27930038970918536;110.44690858868194;278.8051127378652;0.5200000000000001;97045.45197927285;0.6513612956870037;0.27930038970918536;110.42099820568876;278.7579983109272;0.5200000000000001;13240.043532892329;0.6513612956870037;0.27930038970918536;96.02550040624322;2679.4615734012395;0.06537886856662012;13240.043532892329;0.0;0.0;51.406181163493386;215.22282430327877;0.06537886856662012;13240.043532892329;0.0;0.0;51.40926019949296;215.30770307678824;0.06537886856662012;97045.45197927285;0.0;0.0;"Zustand 3: Temperatur 421.526 K liegt außerhalb des Boryta-Prüfbereichs; Kristallisation wurde nicht bewertet.";"Zustand 4: Temperatur 420.772 K liegt außerhalb des Boryta-Prüfbereichs; Kristallisation wurde nicht bewertet.";"Zustand 5: Temperatur 383.597 K liegt außerhalb des Boryta-Prüfbereichs; Kristallisation wurde nicht bewertet.";"Zustand 6: Temperatur 383.571 K liegt außerhalb des Boryta-Prüfbereichs; Kristallisation wurde nicht bewertet.";"Zustand 20: Temperatur 437.925 K liegt außerhalb des Boryta-Prüfbereichs; Kristallisation wurde nicht bewertet.";5
parallel;Parallel (T13 = T15);parallel;115.0;115.0;30.0;115.0;4.0;4.0;4.0;115.0;0.5300000000000001;Abwärmetemperatur [°C];hot_temperature_C;115.0;10.0;10.0;25.0;15.0;11.0;nan;nan;1.5394729138515652e-17;`gtol` termination condition is satisfied.;4;4.407300044138511e-07;5.548824945610675e-09;1;True;;True;0;zulässig;feasible;True;True;True;98.75210283626018;118.98875595440535;147.6913819900863;51.4320910462651;0.10143889987604812;0.2717657742693614;0.22213949012236936;0.2787969929888699;164.5036678993474;161.30414659776255;164.8806790712997;160.89661992840647;36.53248380185499;0.5049574307493284;8.097346930796768;29.83873611838203;0.005550486534119479;0.02496500979520512;16.450366746781217;16.130414656504158;6.595227163344508;10.726441325946215;3.3211348950915975;96.17131580863594;0.017593546012062134;2679.738054032174;265.3219852270082;222.08312006447605;0.010476139207910351;0.5849773981703936;0.5896299812218313;0.22960783181879513;-1.0744116707428475e-09;-4.415258558765345e-08;5.743137876379478e-08;-3.3713945524205258e-09;-1.2312995067986776e-08;3.272097615081293e-08;3.9213233549162396e-08;4.3153522710781544e-07;-1.0744116707428474e-11;-4.4152585587653446e-10;5.743137876379478e-10;-3.3713945524205258e-09;-1.2312995067986776e-10;3.272097615081293e-10;3.9213233549162397e-10;4.315352271078154e-09;144.83873611838203;115.0;105.13871536654904;115.0;105.37699641576518;39.64737718886141;19.788803317431416;13.510338257384944;56.523938619774526;21.4320910462651;4.683574683106997;8.967399557913097;16.24789716373982;53.94182778471696;0.8189562672986312;8.646451374832736;4.0;0.5300000000000001;96983.92572698423;13256.907346611675;7.315727808248754;0.8189562672986312;deltaT_shex_1_K;shex;True;True;True;True;True;True;True;True;98.75210283626018;2673.5966566543875;0.06545353737830384;96983.92572698423;0.0;0.0;135.0;4.0;144.83873611838203;4.0;115.0;4.0;105.13871536654904;4.0;115.0;4.0;105.37699641576518;4.0;30.0;4.0;39.64737718886141;4.0;98.75210283626018;2673.5966566543875;0.006639534824650936;96983.92572698423;0.0;0.0;96.17131580863594;265.32198522700645;0.595453537378304;13256.907346611675;0.5792562990171136;0.22213949012236936;164.62753943581345;376.00313172127505;0.5366395348246511;96983.92572698423;0.6427409709620133;0.2717657742693614;98.75210283626018;2673.5966566543875;0.058814002553652905;96983.92572698423;0.0;0.0;118.98875595440535;265.32198522700645;0.595453537378304;96983.92572698423;0.5792562990171136;0.22213949012236936;148.51033825738494;326.6743519669913;0.595453537378304;96983.92572698423;0.5792562990171136;0.22213949012236936;147.6913819900863;347.22020310947414;0.5300000000000001;96983.92572698423;0.6507928533932166;0.2787969929888699;110.34230457957261;278.29098838696586;0.5300000000000001;96983.92572698423;0.6507928533932166;0.2787969929888699;110.316425316893;278.24388459489944;0.5300000000000001;13256.907346611675;0.6507928533932166;0.2787969929888699;96.17131580863594;2679.738054032174;0.06545353737830384;13256.907346611675;0.0;0.0;51.4320910462651;215.33119294126064;0.06545353737830384;13256.907346611675;0.0;0.0;51.435168631048214;215.41599334711248;0.06545353737830384;96983.92572698423;0.0;0.0;"Zustand 3: Temperatur 421.660 K liegt außerhalb des Boryta-Prüfbereichs; Kristallisation wurde nicht bewertet.";"Zustand 4: Temperatur 420.841 K liegt außerhalb des Boryta-Prüfbereichs; Kristallisation wurde nicht bewertet.";"Zustand 5: Temperatur 383.492 K liegt außerhalb des Boryta-Prüfbereichs; Kristallisation wurde nicht bewertet.";"Zustand 6: Temperatur 383.466 K liegt außerhalb des Boryta-Prüfbereichs; Kristallisation wurde nicht bewertet.";"Zustand 20: Temperatur 437.778 K liegt außerhalb des Boryta-Prüfbereichs; Kristallisation wurde nicht bewertet.";5
parallel;Parallel (T13 = T15);parallel;115.0;115.0;30.0;115.0;4.0;4.0;4.0;115.0;0.5400000000000001;Abwärmetemperatur [°C];hot_temperature_C;115.0;10.0;10.0;25.0;15.0;11.0;nan;nan;1.1419846706420627e-17;`gtol` termination condition is satisfied.;4;3.656585792774667e-07;4.779089182348584e-09;1;True;;True;0;zulässig;feasible;True;True;True;98.73527444616451;118.87475035872484;147.75469608710563;51.45684151966492;0.10209336453809077;0.2713712477471723;0.22257936852119356;0.278307969448956;164.58211481197543;161.4904258504013;164.9782932221691;161.06326494058897;37.42335869667983;0.5047887629398979;8.24115479147261;29.843427919376495;0.005551629225402896;0.0254308696720839;16.458211445408704;16.149042582320305;6.599131729303287;10.737550993850412;3.402123521156447;96.3117409265297;0.017372760032609045;2680.004336184524;265.24070721980075;222.54790637411236;0.01051963700312819;0.5950051606330911;0.5901283243138454;0.22997241275780833;-7.211440333776409e-10;-3.6041086559635005e-08;4.885677640231734e-08;-3.0773398829175846e-09;-1.0413060635983129e-08;2.7198240104553406e-08;3.283278715571214e-08;3.5788838204098283e-07;-7.2114403337764085e-12;-3.6041086559635005e-10;4.885677640231734e-10;-3.0773398829175846e-09;-1.0413060635983129e-10;2.719824010455341e-10;3.283278715571214e-10;3.5788838204098283e-09;144.8434279193765;115.0;105.13287719963103;115.0;105.36702960881644;39.65851829248811;19.64051639376811;13.639753488573433;56.65322263404158;21.45684151966492;4.78584281132629;8.821136273101331;16.26472555383549;53.90711189036625;0.8850574014678045;8.634743702503158;4.0;0.5400000000000001;96925.24711374546;13273.03372179062;7.302418508484705;0.8850574014678045;deltaT_shex_1_K;shex;True;True;True;True;True;True;True;True;98.73527444616451;2673.5699892533426;0.0655247976362191;96925.24711374546;0.0;0.0;135.0;4.0;144.8434279193765;4.0;115.0;4.0;105.13287719963103;4.0;115.0;4.0;105.36702960881644;4.0;30.0;4.0;39.65851829248811;4.0;98.73527444616451;2673.5699892533426;0.006689647051359145;96925.24711374546;0.0;0.0;96.3117409265297;265.2407072198014;0.6055247976362192;13273.03372179062;0.5798761665470953;0.22257936852119356;164.4839443131446;375.56117481731826;0.5466896470513593;96925.24711374546;0.6422828809246669;0.2713712477471723;98.73527444616451;2673.5699892533426;0.058835150584859955;96925.24711374546;0.0;0.0;118.87475035872484;265.2407072198014;0.6055247976362192;96925.24711374546;0.5798761665470953;0.22257936852119356;148.63975348857343;327.04388826667014;0.6055247976362192;96925.24711374546;0.5798761665470953;0.22257936852119356;147.75469608710563;347.0929010383692;0.5400000000000001;96925.24711374546;0.6502396266712895;0.278307969448956;110.24000665622168;277.7903849320711;0.5400000000000001;96925.24711374546;0.6502396266712895;0.278307969448956;110.21415718867371;277.74329072897467;0.5400000000000001;13273.03372179062;0.6502396266712895;0.278307969448956;96.3117409265297;2680.004336184524;0.0655247976362191;13273.03372179062;0.0;0.0;51.45684151966492;215.4347125289939;0.0655247976362191;13273.03372179062;0.0;0.0;51.459917718450185;215.51943815082984;0.0655247976362191;96925.24711374546;0.0;0.0;"Zustand 3: Temperatur 421.790 K liegt außerhalb des Boryta-Prüfbereichs; Kristallisation wurde nicht bewertet.";"Zustand 4: Temperatur 420.905 K liegt außerhalb des Boryta-Prüfbereichs; Kristallisation wurde nicht bewertet.";"Zustand 5: Temperatur 383.390 K liegt außerhalb des Boryta-Prüfbereichs; Kristallisation wurde nicht bewertet.";"Zustand 6: Temperatur 383.364 K liegt außerhalb des Boryta-Prüfbereichs; Kristallisation wurde nicht bewertet.";"Zustand 20: Temperatur 437.634 K liegt außerhalb des Boryta-Prüfbereichs; Kristallisation wurde nicht bewertet.";5
parallel;Parallel (T13 = T15);parallel;115.0;115.0;30.0;115.0;4.0;4.0;4.0;115.0;0.5500000000000002;Abwärmetemperatur [°C];hot_temperature_C;115.0;10.0;10.0;25.0;15.0;11.0;nan;nan;8.548445012836962e-18;`gtol` termination condition is satisfied.;4;3.0371307085118127e-07;4.134838573109466e-09;1;True;;True;0;zulässig;feasible;True;True;True;98.71918578063003;118.76534024069349;147.81181771300004;51.480527396186744;0.10276475346461932;0.2709859944365468;0.2230042301358485;0.2778327382166088;164.6481914475786;161.6686926381076;165.0628495817837;161.22258474815396;38.31234360116807;0.5046139794309281;8.385049368372105;29.84737987126664;0.005552712290093647;0.02589704306929586;16.46481911504635;16.16686926156074;6.602513983633409;10.748172314712209;3.482940330067416;96.44708178145754;0.01716085043628189;2680.2609961244357;265.16551847800895;222.99677469157294;0.01056409829086824;0.6050288369248227;0.5906091601117887;0.23032469885483106;-3.8915715094844927e-10;-2.9573513415925845e-08;4.169891099081724e-08;-2.8059783385714354e-09;-9.051518645719625e-09;2.2500159957417054e-08;2.747083271970041e-08;2.9711509341723286e-07;-3.891571509484493e-12;-2.9573513415925843e-10;4.169891099081724e-10;-2.8059783385714354e-09;-9.051518645719624e-11;2.2500159957417054e-10;2.747083271970041e-10;2.9711509341723286e-09;144.84737987126664;115.0;105.1278200010895;115.0;105.35750091219177;39.669180181704974;19.496712578022766;13.764828510106383;56.77790159975257;21.480527396186744;4.885834381865607;8.680738219631962;16.280814219369972;53.873898643428504;0.9530107971063444;8.625353728165237;4.0;0.5500000000000002;96869.17534626002;13288.482182232869;7.289709540776391;0.9530107971063444;deltaT_shex_1_K;shex;True;True;True;True;True;True;True;True;98.71918578063003;2673.544492644071;0.06559293521569076;96869.17534626002;0.0;0.0;135.0;4.0;144.84737987126664;4.0;115.0;4.0;105.1278200010895;4.0;115.0;4.0;105.35750091219177;4.0;30.0;4.0;39.669180181704974;4.0;98.71918578063003;2673.544492644071;0.006740641816461207;96869.17534626002;0.0;0.0;96.44708178145754;265.16551847800736;0.6155929352156909;13288.482182232869;0.5804738046488122;0.2230042301358485;164.3440924492894;375.13038255393354;0.5567406418164613;96869.17534626002;0.6418349033397166;0.2709859944365468;98.71918578063003;2673.544492644071;0.05885229339922955;96869.17534626002;0.0;0.0;118.76534024069349;265.16551847800736;0.6155929352156909;96869.17534626002;0.5804738046488122;0.2230042301358485;148.76482851010638;327.4020085503702;0.6155929352156909;96869.17534626002;0.5804738046488122;0.2230042301358485;147.81181771300004;346.9616803351714;0.5500000000000002;96869.17534626002;0.6497010422174214;0.2778327382166088;110.13998651252825;277.3028737868856;0.5500000000000002;96869.17534626002;0.6497010422174214;0.2778327382166088;110.1141656181344;277.2557882540323;0.5500000000000002;13288.482182232869;0.6497010422174214;0.2778327382166088;96.44708178145754;2680.2609961244357;0.06559293521569076;13288.482182232869;0.0;0.0;51.480527396186744;215.5337795958766;0.06559293521569076;13288.482182232869;0.0;0.0;51.48360226876326;215.61843371711444;0.06559293521569076;96869.17534626002;0.0;0.0;"Zustand 3: Temperatur 421.915 K liegt außerhalb des Boryta-Prüfbereichs; Kristallisation wurde nicht bewertet.";"Zustand 4: Temperatur 420.962 K liegt außerhalb des Boryta-Prüfbereichs; Kristallisation wurde nicht bewertet.";"Zustand 5: Temperatur 383.290 K liegt außerhalb des Boryta-Prüfbereichs; Kristallisation wurde nicht bewertet.";"Zustand 6: Temperatur 383.264 K liegt außerhalb des Boryta-Prüfbereichs; Kristallisation wurde nicht bewertet.";"Zustand 20: Temperatur 437.494 K liegt außerhalb des Boryta-Prüfbereichs; Kristallisation wurde nicht bewertet.";5
parallel;Parallel (T13 = T15);parallel;115.0;115.0;30.0;115.0;4.0;4.0;4.0;115.0;0.5600000000000002;Abwärmetemperatur [°C];hot_temperature_C;115.0;10.0;10.0;25.0;15.0;11.0;nan;nan;6.4633083966696174e-18;`gtol` termination condition is satisfied.;4;2.5281747829919816e-07;3.595360453882091e-09;1;True;;True;0;zulässig;feasible;True;True;True;98.70377452240126;118.66043148640676;147.86303289389429;51.5032358099856;0.10345323407421744;0.2706096809217982;0.22341474152170732;0.2773707457559654;164.70260022636222;161.83960275790446;165.13508929550179;161.37519645463044;39.199262075490395;0.5044331140992104;8.529016823618502;29.850633984830267;0.005553741182255787;0.026363492808147097;16.470259997916923;16.183960273921407;6.605403572125234;10.758346428774015;3.563569281821965;96.57762325507014;0.01695742684542735;2680.508570435094;265.09625732029946;223.43053630299798;0.010609553370655611;0.6150486592441036;0.5910733454543534;0.23066526516004054;-1.4409096138479072e-10;-2.4551219723889517e-08;3.557417471711233e-08;-2.556482470161825e-09;-7.629068932146765e-09;1.869040033852798e-08;2.3020220396574587e-08;2.471929860803357e-07;-1.4409096138479071e-12;-2.4551219723889515e-10;3.5574174717112326e-10;-2.556482470161825e-09;-7.629068932146765e-11;1.869040033852798e-10;2.3020220396574588e-10;2.471929860803357e-09;144.85063398483027;115.0;105.12349944404895;115.0;105.34837341778524;39.67940207882202;19.35717339881961;13.88572795038533;56.898221176248114;21.503235809985597;4.983580650023612;8.54587618897881;16.29622547759874;53.84206400676692;1.0226950564910453;8.618218688134846;4.0;0.5600000000000002;96815.48967077302;13303.307578331149;7.277550270916774;1.0226950564910453;deltaT_shex_1_K;shex;True;True;True;True;True;True;True;True;98.70377452240126;2673.520068253592;0.06565821261475902;96815.48967077302;0.0;0.0;135.0;4.0;144.85063398483027;4.0;115.0;4.0;105.12349944404895;4.0;115.0;4.0;105.34837341778524;4.0;30.0;4.0;39.67940207882202;4.0;98.70377452240126;2673.520068253592;0.006792554438529401;96815.48967077302;0.0;0.0;96.57762325507014;265.0962573202957;0.6256582126147592;13303.307578331149;0.5810502624385292;0.22341474152170732;164.20780738364988;374.71027568003194;0.5667925544385296;96815.48967077302;0.6413966950452175;0.2706096809217982;98.70377452240126;2673.520068253592;0.058865658176229615;96815.48967077302;0.0;0.0;118.66043148640676;265.0962573202957;0.6256582126147592;96815.48967077302;0.5810502624385292;0.22341474152170732;148.88572795038533;327.7490944207124;0.6256582126147592;96815.48967077302;0.5810502624385292;0.22341474152170732;147.86303289389429;346.8267209937709;0.5600000000000002;96815.48967077302;0.6491765511368336;0.2773707457559654;110.04221279827192;276.8280387158522;0.5600000000000002;96815.48967077302;0.6491765511368336;0.2773707457559654;110.01641934997639;276.7809610501234;0.5600000000000002;13303.307578331149;0.6491765511368336;0.2773707457559654;96.57762325507014;2680.508570435094;0.06565821261475902;13303.307578331149;0.0;0.0;51.5032358099856;215.62875856026892;0.06565821261475902;13303.307578331149;0.0;0.0;51.50630941101832;215.71334418880014;0.06565821261475902;96815.48967077302;0.0;0.0;"Zustand 3: Temperatur 422.036 K liegt außerhalb des Boryta-Prüfbereichs; Kristallisation wurde nicht bewertet.";"Zustand 4: Temperatur 421.013 K liegt außerhalb des Boryta-Prüfbereichs; Kristallisation wurde nicht bewertet.";"Zustand 5: Temperatur 383.192 K liegt außerhalb des Boryta-Prüfbereichs; Kristallisation wurde nicht bewertet.";"Zustand 6: Temperatur 383.166 K liegt außerhalb des Boryta-Prüfbereichs; Kristallisation wurde nicht bewertet.";"Zustand 20: Temperatur 437.358 K liegt außerhalb des Boryta-Prüfbereichs; Kristallisation wurde nicht bewertet.";5
parallel;Parallel (T13 = T15);parallel;115.0;115.0;30.0;115.0;4.0;4.0;4.0;115.0;0.5700000000000002;Abwärmetemperatur [°C];hot_temperature_C;115.0;10.0;10.0;25.0;15.0;11.0;nan;nan;4.9286495328121145e-18;`gtol` termination condition is satisfied.;4;2.1074223723255613e-07;3.1396335877971857e-09;1;True;;True;0;zulässig;feasible;True;True;True;98.68898343233741;118.55992430654658;147.90861732320747;51.52504688842521;0.10415892493600062;0.2702419888402332;0.22381153248733646;0.2769214644946319;164.74599356199982;162.00375927144867;165.19570105272777;161.5216668768896;40.08395461622158;0.5042462070687653;8.673043908684887;29.853229280023925;0.005554720834049077;0.02683018306677278;16.47459933560635;16.20037592559155;6.6078280423720654;10.768111123840917;3.6439958760637277;96.70363076679206;0.016762117096738124;2680.7475591575985;265.0327561303355;223.8499507230599;0.010656027680735591;0.6250648433307928;0.5915216826765625;0.23099465179560327;6.973266408749623e-11;-2.0479419049479475e-08;3.0358364710991737e-08;-2.327361525722438e-09;-6.573856126124156e-09;1.553317474645155e-08;1.927585913108487e-08;2.0593634530996496e-07;6.973266408749623e-13;-2.0479419049479476e-10;3.0358364710991735e-10;-2.327361525722438e-09;-6.573856126124155e-11;1.553317474645155e-10;1.9275859131084872e-10;2.0593634530996497e-09;144.85322928002392;115.0;105.11987433895166;115.0;105.33961322506639;39.68922005212016;19.221694063789073;14.00260889287955;57.0144107146719;21.52504688842521;5.07911538238659;8.416243572159601;16.31101656766259;53.81149395707064;1.0939915696720846;8.613272647046813;4.0;0.5700000000000002;96763.98756504567;13317.560477466319;7.265894360215072;1.0939915696720846;deltaT_shex_1_K;shex;True;True;True;True;True;True;True;True;98.68898343233741;2673.4966255288973;0.06572087101152824;96763.98756504567;0.0;0.0;135.0;4.0;144.85322928002392;4.0;115.0;4.0;105.11987433895166;4.0;115.0;4.0;105.33961322506639;4.0;30.0;4.0;39.68922005212016;4.0;98.68898343233741;2673.4966255288973;0.006845415270418349;96763.98756504567;0.0;0.0;96.70363076679206;265.032756130336;0.6357208710115284;13317.560477466319;0.5816065269662783;0.22381153248733646;164.074923343813;374.300401382362;0.5768454152704185;96763.98756504567;0.6409679273658166;0.2702419888402332;98.68898343233741;2673.4966255288973;0.05887545574110989;96763.98756504567;0.0;0.0;118.55992430654658;265.032756130336;0.6357208710115284;96763.98756504567;0.5816065269662783;0.22381153248733646;149.00260889287955;328.08551472931345;0.6357208710115284;96763.98756504567;0.5816065269662783;0.22381153248733646;147.90861732320747;346.6882032909541;0.5700000000000002;96763.98756504567;0.6486656279105129;0.2769214644946319;109.94665165949976;276.3654758941965;0.5700000000000002;96763.98756504567;0.6486656279105129;0.2769214644946319;109.92088461761341;276.3184053975881;0.5700000000000002;13317.560477466319;0.6486656279105129;0.2769214644946319;96.70363076679206;2680.7475591575985;0.06572087101152824;13317.560477466319;0.0;0.0;51.52504688842521;215.71998453779068;0.06572087101152824;13317.560477466319;0.0;0.0;51.52811926799575;215.80450442848226;0.06572087101152824;96763.98756504567;0.0;0.0;"Zustand 3: Temperatur 422.153 K liegt außerhalb des Boryta-Prüfbereichs; Kristallisation wurde nicht bewertet.";"Zustand 4: Temperatur 421.059 K liegt außerhalb des Boryta-Prüfbereichs; Kristallisation wurde nicht bewertet.";"Zustand 5: Temperatur 383.097 K liegt außerhalb des Boryta-Prüfbereichs; Kristallisation wurde nicht bewertet.";"Zustand 6: Temperatur 383.071 K liegt außerhalb des Boryta-Prüfbereichs; Kristallisation wurde nicht bewertet.";"Zustand 20: Temperatur 437.225 K liegt außerhalb des Boryta-Prüfbereichs; Kristallisation wurde nicht bewertet.";5
parallel;Parallel (T13 = T15);parallel;115.0;115.0;30.0;115.0;4.0;4.0;4.0;115.0;0.5800000000000002;Abwärmetemperatur [°C];hot_temperature_C;115.0;10.0;10.0;25.0;15.0;11.0;nan;nan;3.8222117642518866e-18;`gtol` termination condition is satisfied.;4;1.7710379087843852e-07;2.764855064646929e-09;1;True;;True;0;zulässig;feasible;True;True;True;98.67475990296282;118.4637146235304;147.94883614561445;51.54603436146732;0.10488190123251362;0.26988261400906083;0.22419519841524407;0.27648439151627546;164.77897796061092;162.16171709190863;165.245325351227;161.66251696647512;40.96627713994666;0.5040533038068634;8.817117936642;29.855202031137026;0.005555655711141201;0.027297079341912257;16.477897778768906;16.216171707881724;6.609813014272874;10.777501130001898;3.724207014295762;96.82535180674267;0.016574566504996353;2680.9784286615754;264.9748432862599;224.25572952508804;0.01070354232216797;0.6350775898082813;0.5919549237473088;0.23131336647319442;2.355946548959764e-10;-1.7306724942045548e-08;2.6201490754829138e-08;-2.1232755553768357e-09;-5.59487034479389e-09;1.309138042415725e-08;1.6446648487544735e-08;1.7292185816586425e-07;2.355946548959764e-12;-1.7306724942045548e-10;2.6201490754829137e-10;-2.1232755553768357e-09;-5.5948703447938896e-11;1.309138042415725e-10;1.6446648487544734e-10;1.7292185816586425e-09;144.85520203113703;115.0;105.11690637851513;115.0;105.3311891766462;39.69866729018594;19.0900824072217;14.115621233233185;57.126684516556736;21.54603436146732;5.172474382341477;8.291554571772451;16.32524009703718;53.78208361127622;1.1667850876187345;8.610447411178313;4.0;0.5800000000000002;96714.48310492141;13331.287520886535;7.254699364438422;1.1667850876187345;deltaT_shex_1_K;shex;True;True;True;True;True;True;True;True;98.67475990296282;2673.474081233449;0.06578113213044912;96714.48310492141;0.0;0.0;135.0;4.0;144.85520203113703;4.0;115.0;4.0;105.11690637851513;4.0;115.0;4.0;105.3311891766462;4.0;30.0;4.0;39.69866729018594;4.0;98.67475990296282;2673.474081233449;0.006899250203068692;96714.48310492141;0.0;0.0;96.82535180674267;264.97484328626035;0.6457811321304493;13331.287520886535;0.582143527495699;0.22419519841524407;163.94528443835873;373.9003314364746;0.5868992502030689;96714.48310492141;0.6405482853177713;0.26988261400906083;98.67475990296282;2673.474081233449;0.058881881927380426;96714.48310492141;0.0;0.0;118.4637146235304;264.97484328626035;0.6457811321304493;96714.48310492141;0.582143527495699;0.22419519841524407;149.11562123323318;328.41162565987634;0.6457811321304493;96714.48310492141;0.582143527495699;0.22419519841524407;147.94883614561445;346.5463062053423;0.5800000000000002;96714.48310492141;0.6481677693941134;0.27648439151627546;109.85326721235208;275.9147938954957;0.5800000000000002;96714.48310492141;0.6481677693941134;0.27648439151627546;109.82752561765852;275.86772996559586;0.5800000000000002;13331.287520886535;0.6481677693941134;0.27648439151627546;96.82535180674267;2680.9784286615754;0.06578113213044912;13331.287520886535;0.0;0.0;51.54603436146732;215.8077658896227;0.06578113213044912;13331.287520886535;0.0;0.0;51.549105565369985;215.89222256483046;0.06578113213044912;96714.48310492141;0.0;0.0;"Zustand 3: Temperatur 422.266 K liegt außerhalb des Boryta-Prüfbereichs; Kristallisation wurde nicht bewertet.";"Zustand 4: Temperatur 421.099 K liegt außerhalb des Boryta-Prüfbereichs; Kristallisation wurde nicht bewertet.";"Zustand 5: Temperatur 383.003 K liegt außerhalb des Boryta-Prüfbereichs; Kristallisation wurde nicht bewertet.";"Zustand 6: Temperatur 382.978 K liegt außerhalb des Boryta-Prüfbereichs; Kristallisation wurde nicht bewertet.";"Zustand 20: Temperatur 437.095 K liegt außerhalb des Boryta-Prüfbereichs; Kristallisation wurde nicht bewertet.";5
parallel;Parallel (T13 = T15);parallel;115.0;115.0;30.0;115.0;4.0;4.0;4.0;115.0;0.5900000000000002;Abwärmetemperatur [°C];hot_temperature_C;115.0;10.0;10.0;25.0;15.0;11.0;nan;nan;3.0650590460842757e-18;`gtol` termination condition is satisfied.;4;1.519547566115624e-07;2.475907529001952e-09;1;True;;True;0;zulässig;feasible;True;True;True;98.66105555417846;118.37169527124325;147.98394386225533;51.56626611419176;0.10562219972300961;0.26953126561442003;0.22456630242598008;0.27605904731939784;164.80211772922075;162.313987141862;165.28455836076802;161.79822581243357;41.846099582624674;0.5038544542960486;8.961226755483166;29.856585988589757;0.005556549861517207;0.02776414840793209;16.480211758091937;16.231398713085845;6.611382334628297;10.786548386558911;3.8041908724844586;96.9430173369949;0.016394437136305697;2681.2016142699326;264.9223448167393;224.64853986643269;0.01075211453482805;0.6450870853982609;0.5923737740573966;0.23162188681302184;3.8828318338346435e-10;-1.4704369277751539e-08;2.3105883428797824e-08;-1.954859440989054e-09;-4.9394088819099125e-09;1.1003550071109203e-08;1.4049902574697626e-08;1.483013818415202e-07;3.882831833834644e-12;-1.470436927775154e-10;2.3105883428797824e-10;-1.954859440989054e-09;-4.939408881909913e-11;1.1003550071109203e-10;1.4049902574697626e-10;1.483013818415202e-09;144.85658598858976;115.0;105.11455990665263;115.0;105.3230726188736;39.70777435058983;18.962157931667093;14.2249080241304;57.23524298640507;21.566266114191762;5.263695074854354;8.171542569657731;16.33894444582154;53.753736434582606;1.2409641618750697;8.609673313555447;4.0;0.5900000000000002;96666.80548950506;13344.531749445472;7.243926374076184;1.2409641618750697;deltaT_shex_1_K;shex;True;True;True;True;True;True;True;True;98.66105555417846;2673.4523588098814;0.06583919993308873;96666.80548950506;0.0;0.0;135.0;4.0;144.85658598858976;4.0;115.0;4.0;105.11455990665263;4.0;115.0;4.0;105.3230726188736;4.0;30.0;4.0;39.70777435058983;4.0;98.66105555417846;2673.4523588098814;0.006954081124935859;96666.80548950506;0.0;0.0;96.9430173369949;264.922344816739;0.6558391999330889;13344.531749445472;0.5826621394574164;0.22456630242598008;163.81874392025685;373.50966051043105;0.5969540811249361;96666.80548950506;0.6401374668681376;0.26953126561442003;98.66105555417846;2673.4523588098814;0.05888511880815287;96666.80548950506;0.0;0.0;118.37169527124325;264.922344816739;0.6558391999330889;96666.80548950506;0.5826621394574164;0.22456630242598008;149.2249080241304;328.72777088290576;0.6558391999330889;96666.80548950506;0.5826621394574164;0.22456630242598008;147.98394386225533;346.4012061314948;0.5900000000000002;96666.80548950506;0.6476824938526334;0.27605904731939784;109.76202195768781;275.47561361922976;0.5900000000000002;96666.80548950506;0.6476824938526334;0.27605904731939784;109.73630492514565;275.4285557405722;0.5900000000000002;13344.531749445472;0.6476824938526334;0.27605904731939784;96.9430173369949;2681.2016142699326;0.06583919993308873;13344.531749445472;0.0;0.0;51.56626611419176;215.89238653297727;0.06583919993308873;13344.531749445472;0.0;0.0;51.56933618429099;215.97678230126067;0.06583919993308873;96666.80548950506;0.0;0.0;"Zustand 3: Temperatur 422.375 K liegt außerhalb des Boryta-Prüfbereichs; Kristallisation wurde nicht bewertet.";"Zustand 4: Temperatur 421.134 K liegt außerhalb des Boryta-Prüfbereichs; Kristallisation wurde nicht bewertet.";"Zustand 5: Temperatur 382.912 K liegt außerhalb des Boryta-Prüfbereichs; Kristallisation wurde nicht bewertet.";"Zustand 6: Temperatur 382.886 K liegt außerhalb des Boryta-Prüfbereichs; Kristallisation wurde nicht bewertet.";"Zustand 20: Temperatur 436.969 K liegt außerhalb des Boryta-Prüfbereichs; Kristallisation wurde nicht bewertet.";5
parallel;Parallel (T13 = T15);parallel;115.0;115.0;30.0;115.0;4.0;4.0;4.0;115.0;0.6000000000000002;Abwärmetemperatur [°C];hot_temperature_C;115.0;10.0;10.0;25.0;15.0;11.0;nan;nan;2.4773175386238546e-18;`gtol` termination condition is satisfied.;4;1.3085714954187398e-07;2.2259009585441374e-09;1;True;;True;0;zulässig;feasible;True;True;True;98.64782586809991;118.28375702804175;148.01418434261382;51.58580468653162;0.106379823085436;0.2691876654301975;0.2249253774048971;0.27564497464749615;164.81593832862487;162.4610401151834;165.31395542081034;161.92923425826788;42.723304614162956;0.5036497122835681;9.105358723109735;29.857412579463187;0.005557406958547154;0.028231358275351982;16.48159382010043;16.24610401056936;6.612558217003989;10.795282283060354;3.883936784252591;97.0568430738141;0.016221407092258642;2681.417522661435;264.87508581671847;225.0290077394198;0.010801758128089589;0.6550935040187141;0.5927788959008844;0.2319206624888437;5.038387485001294e-10;-1.2615544164873427e-08;2.0313649429226643e-08;-1.8007220714544303e-09;-4.289375965527142e-09;9.489809826845885e-09;1.23625625292334e-08;1.276205807698716e-07;5.038387485001295e-12;-1.2615544164873426e-10;2.0313649429226642e-10;-1.8007220714544303e-09;-4.2893759655271426e-11;9.489809826845885e-11;1.23625625292334e-10;1.276205807698716e-09;144.8574125794632;115.0;105.11280170928165;115.0;105.31523718551028;39.71656938487939;18.83775092745924;14.33060581162863;57.3402736889347;21.585804686531617;5.352816143298639;8.055958635467562;16.352174131900085;53.72636352447887;1.3164214690148128;8.6108798843253;4.0;0.6000000000000002;96620.79771254626;13357.332899955349;7.233539692109437;1.3164214690148128;deltaT_shex_1_K;shex;True;True;True;True;True;True;True;True;98.64782586809991;2673.4313878042035;0.06589526214680352;96620.79771254626;0.0;0.0;135.0;4.0;144.8574125794632;4.0;115.0;4.0;105.11280170928165;4.0;115.0;4.0;105.31523718551028;4.0;30.0;4.0;39.71656938487939;4.0;98.64782586809991;2673.4313878042035;0.0070099263293453866;96620.79771254626;0.0;0.0;97.0568430738141;264.8750858167185;0.6658952621468037;13357.332899955349;0.5831631881147765;0.2249253774048971;163.69516350692243;373.12800458205913;0.6070099263293456;96620.79771254626;0.6397351822119677;0.2691876654301975;98.64782586809991;2673.4313878042035;0.05888533581745814;96620.79771254626;0.0;0.0;118.28375702804175;264.8750858167185;0.6658952621468037;96620.79771254626;0.5831631881147765;0.2249253774048971;149.33060581162863;329.0342817785966;0.6658952621468037;96620.79771254626;0.5831631881147765;0.2249253774048971;148.01418434261382;346.2530758633632;0.6000000000000002;96620.79771254626;0.6472093400400913;0.27564497464749615;109.67287714371645;275.0475681739314;0.6000000000000002;96620.79771254626;0.6472093400400913;0.27564497464749615;109.64718385670136;275.00051591013914;0.6000000000000002;13357.332899955349;0.6472093400400913;0.27564497464749615;97.0568430738141;2681.417522661435;0.06589526214680352;13357.332899955349;0.0;0.0;51.58580468653162;215.97410803099268;0.06589526214680352;13357.332899955349;0.0;0.0;51.588873661031414;216.05844500420582;0.06589526214680352;96620.79771254626;0.0;0.0;"Zustand 3: Temperatur 422.481 K liegt außerhalb des Boryta-Prüfbereichs; Kristallisation wurde nicht bewertet.";"Zustand 4: Temperatur 421.164 K liegt außerhalb des Boryta-Prüfbereichs; Kristallisation wurde nicht bewertet.";"Zustand 5: Temperatur 382.823 K liegt außerhalb des Boryta-Prüfbereichs; Kristallisation wurde nicht bewertet.";"Zustand 6: Temperatur 382.797 K liegt außerhalb des Boryta-Prüfbereichs; Kristallisation wurde nicht bewertet.";"Zustand 20: Temperatur 436.845 K liegt außerhalb des Boryta-Prüfbereichs; Kristallisation wurde nicht bewertet.";5
parallel;Parallel (T13 = T15);parallel;115.0;115.0;30.0;115.0;4.0;4.0;4.0;115.0;0.6100000000000002;Abwärmetemperatur [°C];hot_temperature_C;115.0;10.0;10.0;25.0;15.0;11.0;nan;nan;2.008187454896984e-18;`gtol` termination condition is satisfied.;4;1.127229210493929e-07;2.004089546351152e-09;1;True;;True;0;zulässig;feasible;True;True;True;98.63502985472076;118.19978949645957;148.03979090929903;51.604707731129395;0.1071547442394328;0.2688515471714366;0.22527292786590383;0.27524173735432567;164.82092945072233;162.60330992203492;165.33403425320293;162.05594821165673;43.597786450359756;0.5034391346058164;9.249502681585085;29.857711091550357;0.005558230339243103;0.028698678144404455;16.48209293408551;16.260330991400874;6.6133613702809315;10.803729880066433;3.963435132841375;97.16703065722209;0.01605516980850771;2681.6265340622044;264.8328916259695;225.39772094278797;0.010852483870648078;0.6650970077938558;0.5931709116282655;0.23221011717696555;5.86084070164361e-10;-1.0895369939589727e-08;1.7921991002367577e-08;-1.6571070626802964e-09;-3.8203609165066155e-09;8.02617705630837e-09;1.0660244242899353e-08;1.098672157695546e-07;5.860840701643611e-12;-1.0895369939589728e-10;1.7921991002367576e-10;-1.6571070626802964e-09;-3.8203609165066157e-11;8.02617705630837e-11;1.0660244242899352e-10;1.098672157695546e-09;144.85771109155036;115.0;105.11160082217685;115.0;105.30765859978129;39.725078344619305;18.71670168828075;14.432844945368345;57.44195231260278;21.604707731129395;5.439877214350702;7.944570164954769;16.364970145279244;53.699882954874454;1.3930540360693158;8.613996415850409;4.0;0.6100000000000002;96576.31534960061;13369.72767852261;7.223506541927753;1.3930540360693158;deltaT_shex_1_K;shex;True;True;True;True;True;True;True;True;98.63502985472076;2673.411103338414;0.0659494916645037;96576.31534960061;0.0;0.0;135.0;4.0;144.85771109155036;4.0;115.0;4.0;105.11160082217685;4.0;115.0;4.0;105.30765859978129;4.0;30.0;4.0;39.725078344619305;4.0;98.63502985472076;2673.411103338414;0.0070668009120304996;96576.31534960061;0.0;0.0;97.16703065722209;264.8328916259703;0.6759494916645039;13369.72767852261;0.5836474519166064;0.22527292786590383;163.5744127798311;372.7549995587308;0.6170668009120307;96576.31534960061;0.639341153191715;0.2688515471714366;98.63502985472076;2673.411103338414;0.0588826907524732;96576.31534960061;0.0;0.0;118.19978949645957;264.8328916259703;0.6759494916645039;96576.31534960061;0.5836474519166064;0.22527292786590383;149.43284494536834;329.3314776712111;0.6759494916645039;96576.31534960061;0.5836474519166064;0.22527292786590383;148.03979090929903;346.1020837644081;0.6100000000000002;96576.31534960061;0.6467478662857589;0.27524173735432567;109.58579308060916;274.6303026992054;0.6100000000000002;96576.31534960061;0.6467478662857589;0.27524173735432567;109.5601227856493;274.58325568585394;0.6100000000000002;13369.72767852261;0.6467478662857589;0.27524173735432567;97.16703065722209;2681.6265340622044;0.0659494916645037;13369.72767852261;0.0;0.0;51.604707731129395;216.05317150733202;0.0659494916645037;13369.72767852261;0.0;0.0;51.60777564490684;216.1374516162299;0.0659494916645037;96576.31534960061;0.0;0.0;"Zustand 3: Temperatur 422.583 K liegt außerhalb des Boryta-Prüfbereichs; Kristallisation wurde nicht bewertet.";"Zustand 4: Temperatur 421.190 K liegt außerhalb des Boryta-Prüfbereichs; Kristallisation wurde nicht bewertet.";"Zustand 5: Temperatur 382.736 K liegt außerhalb des Boryta-Prüfbereichs; Kristallisation wurde nicht bewertet.";"Zustand 6: Temperatur 382.710 K liegt außerhalb des Boryta-Prüfbereichs; Kristallisation wurde nicht bewertet.";"Zustand 20: Temperatur 436.724 K liegt außerhalb des Boryta-Prüfbereichs; Kristallisation wurde nicht bewertet.";5
parallel;Parallel (T13 = T15);parallel;115.0;115.0;30.0;115.0;4.0;4.0;4.0;115.0;0.6200000000000002;Abwärmetemperatur [°C];hot_temperature_C;115.0;10.0;10.0;25.0;15.0;11.0;nan;nan;1.6318056837996117e-18;`gtol` termination condition is satisfied.;4;9.70922906512535e-08;1.8065468074753068e-09;1;True;;True;0;zulässig;feasible;True;True;True;98.62262975076055;118.11968185214084;148.06098650144077;51.623028426338465;0.1079469099618753;0.2685226558413884;0.22560943170637596;0.27484891934285727;164.81754780027086;162.74119679837344;165.34527786995545;162.17874162793822;44.469449773301726;0.503222780585504;9.393647933661525;29.85750883972912;0.005559023038081665;0.029166078360701682;16.481754770571822;16.2741196791469;6.613811114930595;10.811916107908443;4.0426772529741175;97.27376872297481;0.015895433367232568;2681.829004255129;264.7955888231479;225.75523182853343;0.010904299840701848;0.6750977479663351;0.5935504065595943;0.23249065036869176;6.48164188987721e-10;-9.413568591298827e-09;1.5812247511348687e-08;-1.52353279991857e-09;-3.3094238460762426e-09;6.904429028509185e-09;9.311577287007822e-09;9.455263239033229e-08;6.48164188987721e-12;-9.413568591298827e-11;1.5812247511348686e-10;-1.52353279991857e-09;-3.309423846076243e-11;6.904429028509185e-11;9.311577287007821e-11;9.45526323903323e-10;144.85750883972912;115.0;105.11092835706006;115.0;105.30031449593673;39.73332516736684;18.598859782407544;14.531749884263263;57.540443555607965;21.623028426338465;5.524918583299325;7.837159634085253;16.377370249239448;53.67421918480147;1.470763382822497;8.618952437395649;4.0;0.6200000000000002;96533.22546787646;13381.750008266576;7.213796805966563;1.470763382822497;deltaT_shex_1_K;shex;True;True;True;True;True;True;True;True;98.62262975076055;2673.391445635353;0.06600204780703678;96533.22546787646;0.0;0.0;135.0;4.0;144.85750883972912;4.0;115.0;4.0;105.11092835706006;4.0;115.0;4.0;105.30031449593673;4.0;30.0;4.0;39.73332516736684;4.0;98.62262975076055;2673.391445635353;0.007124717111925588;96533.22546787646;0.0;0.0;97.27376872297481;264.79558882314905;0.686002047807037;13381.750008266576;0.5841156656220324;0.22560943170637596;163.45636862213667;372.3902999614614;0.6271247171119259;96533.22546787646;0.6389551126955533;0.2685226558413884;98.62262975076055;2673.391445635353;0.05887733069511119;96533.22546787646;0.0;0.0;118.11968185214084;264.79558882314905;0.686002047807037;96533.22546787646;0.5841156656220324;0.22560943170637596;149.53174988426326;329.619666120671;0.686002047807037;96533.22546787646;0.5841156656220324;0.22560943170637596;148.06098650144077;345.9483931528632;0.6200000000000002;96533.22546787646;0.6462976496336849;0.27484891934285727;109.5007294147452;274.22347416471234;0.6200000000000002;96533.22546787646;0.6462976496336849;0.27484891934285727;109.47508141670068;274.17643210284024;0.6200000000000002;13381.750008266576;0.6462976496336849;0.27484891934285727;97.27376872297481;2681.829004255129;0.06600204780703678;13381.750008266576;0.0;0.0;51.623028426338465;216.12979937344568;0.06600204780703678;13381.750008266576;0.0;0.0;51.62609531113526;216.2140243819535;0.06600204780703678;96533.22546787646;0.0;0.0;"Zustand 3: Temperatur 422.682 K liegt außerhalb des Boryta-Prüfbereichs; Kristallisation wurde nicht bewertet.";"Zustand 4: Temperatur 421.211 K liegt außerhalb des Boryta-Prüfbereichs; Kristallisation wurde nicht bewertet.";"Zustand 5: Temperatur 382.651 K liegt außerhalb des Boryta-Prüfbereichs; Kristallisation wurde nicht bewertet.";"Zustand 6: Temperatur 382.625 K liegt außerhalb des Boryta-Prüfbereichs; Kristallisation wurde nicht bewertet.";"Zustand 20: Temperatur 436.606 K liegt außerhalb des Boryta-Prüfbereichs; Kristallisation wurde nicht bewertet.";5
parallel;Parallel (T13 = T15);parallel;115.0;115.0;30.0;115.0;4.0;4.0;4.0;115.0;0.6300000000000002;Abwärmetemperatur [°C];hot_temperature_C;115.0;10.0;10.0;25.0;15.0;11.0;nan;nan;1.3290557801328907e-18;`gtol` termination condition is satisfied.;4;8.365299274171357e-08;1.6303716018950347e-09;1;True;;True;0;zulässig;feasible;True;True;True;98.61059074574399;118.04332347486604;148.07798389250087;51.64081585221379;0.10875624418563824;0.26820074713446435;0.22593534183988592;0.2744661235542146;164.8062196343505;162.87507013470764;165.34813723002688;162.29795922154835;45.33820874576267;0.5030007114969801;9.537784220208929;29.856831317843955;0.00555978781698173;0.029633530370236878;16.48062195529546;16.28750701289262;6.61392548932436;10.819863947569381;4.121655341268274;97.37723388334632;0.01574191982638012;2682.0252664186673;264.7630060448859;226.10205982697306;0.010957211740455053;0.6850958657306352;0.5939179316503519;0.23276263903624297;7.042899596854113e-10;-8.18833711946354e-09;1.3999397197039798e-08;-1.399473148477881e-09;-3.0821070140518714e-09;5.781458867204492e-09;8.007646101759747e-09;8.139588203448511e-08;7.042899596854113e-12;-8.18833711946354e-11;1.39993971970398e-10;-1.399473148477881e-09;-3.0821070140518716e-11;5.781458867204492e-11;8.007646101759747e-11;8.139588203448511e-10;144.85683131784396;115.0;105.11075734270173;115.0;105.29318425708442;39.741331945855734;18.484083388804322;14.627439486843855;57.63590193749059;21.64081585221379;5.607980976175895;7.7335234593554105;16.38940925425601;53.64930252016853;1.5494555943429873;8.625678108689158;4.0;0.6300000000000002;96491.40563695261;13393.431256000122;7.204382789789244;1.5494555943429873;deltaT_shex_1_K;shex;True;True;True;True;True;True;True;True;98.61059074574399;2673.372359586393;0.06605307747109002;96491.40563695261;0.0;0.0;135.0;4.0;144.85683131784396;4.0;115.0;4.0;105.11075734270173;4.0;115.0;4.0;105.29318425708442;4.0;30.0;4.0;39.741331945855734;4.0;98.61059074574399;2673.372359586393;0.007183684622658746;96491.40563695261;0.0;0.0;97.37723388334632;264.76300604488597;0.6960530774710902;13393.431256000122;0.5845685231868626;0.22593534183988592;163.34091470664828;372.0335777239934;0.637183684622659;96491.40563695261;0.6385768041085051;0.26820074713446435;98.61059074574399;2673.372359586393;0.05886939284843127;96491.40563695261;0.0;0.0;118.04332347486604;264.76300604488597;0.6960530774710902;96491.40563695261;0.5845685231868626;0.22593534183988592;149.62743948684385;329.8991432350067;0.6960530774710902;96491.40563695261;0.5845685231868626;0.22593534183988592;148.07798389250087;345.79216184336843;0.6300000000000002;96491.40563695261;0.6458582850110253;0.2744661235542146;109.41764536617688;273.8267511369266;0.6300000000000002;96491.40563695261;0.6458582850110253;0.2744661235542146;109.3920190238241;273.77971378713255;0.6300000000000002;13393.431256000122;0.6458582850110253;0.2744661235542146;97.37723388334632;2682.0252664186673;0.06605307747109002;13393.431256000122;0.0;0.0;51.64081585221379;216.2041969008313;0.06605307747109002;13393.431256000122;0.0;0.0;51.64388173691589;216.2883684190988;0.06605307747109002;96491.40563695261;0.0;0.0;"Zustand 3: Temperatur 422.777 K liegt außerhalb des Boryta-Prüfbereichs; Kristallisation wurde nicht bewertet.";"Zustand 4: Temperatur 421.228 K liegt außerhalb des Boryta-Prüfbereichs; Kristallisation wurde nicht bewertet.";"Zustand 5: Temperatur 382.568 K liegt außerhalb des Boryta-Prüfbereichs; Kristallisation wurde nicht bewertet.";"Zustand 6: Temperatur 382.542 K liegt außerhalb des Boryta-Prüfbereichs; Kristallisation wurde nicht bewertet.";"Zustand 20: Temperatur 436.491 K liegt außerhalb des Boryta-Prüfbereichs; Kristallisation wurde nicht bewertet.";5
parallel;Parallel (T13 = T15);parallel;115.0;115.0;30.0;115.0;4.0;4.0;4.0;115.0;0.6400000000000002;Abwärmetemperatur [°C];hot_temperature_C;115.0;10.0;10.0;25.0;15.0;11.0;nan;nan;1.0840161144434828e-18;`gtol` termination condition is satisfied.;4;7.201058240852925e-08;1.4724239297454268e-09;1;True;;True;0;zulässig;feasible;True;True;True;98.59888073308485;117.97060447648528;148.09098595208593;51.65811533249786;0.10958265096351981;0.2678855868848427;0.22625108771781594;0.2740929710075824;164.78734308423066;163.00527105086624;165.34303367029656;162.4139189316971;46.203986114242824;0.5027729900953084;9.681901698562136;29.855702337573575;0.0055605271920195895;0.03010100667465197;16.47873430142365;16.300527104597744;6.6137213469213245;10.827594594980756;4.2003623746736904;97.47759162504582;0.015594364567366636;2682.215632810634;264.73497465350675;226.438693769975;0.011011223178017726;0.6950914929955052;0.5942740059357651;0.2330264391669337;7.635136967110157e-10;-7.167770377236593e-09;1.2350881206657505e-08;-1.2843849872545832e-09;-2.7365558707970195e-09;4.888789817414363e-09;6.985771960899001e-09;6.999414381425595e-08;7.635136967110156e-12;-7.167770377236593e-11;1.2350881206657504e-10;-1.2843849872545832e-09;-2.7365558707970195e-11;4.888789817414363e-11;6.985771960899001e-11;6.999414381425595e-10;144.85570233757358;115.0;105.1110625795277;115.0;105.28624886772144;39.74911908198959;18.372238690646952;14.720027287925461;57.72847254305623;21.658115332497857;5.68910534425828;7.633470954481879;16.401119266915146;53.62506862430956;1.6290413358395313;8.634104542727528;4.0;0.6400000000000002;96450.74303169898;13404.800439372357;7.195239009184013;1.6290413358395313;deltaT_shex_1_K;shex;True;True;True;True;True;True;True;True;98.59888073308485;2673.353794358499;0.0661027161735227;96450.74303169898;0.0;0.0;135.0;4.0;144.85570233757358;4.0;115.0;4.0;105.1110625795277;4.0;115.0;4.0;105.28624886772144;4.0;30.0;4.0;39.74911908198959;4.0;98.59888073308485;2673.353794358499;0.007243710874183754;96450.74303169898;0.0;0.0;97.47759162504582;264.734974653507;0.7061027161735229;13404.800439372357;0.5850066804342934;0.22625108771781594;163.22794102822053;371.6845210917804;0.647243710874184;96450.74303169898;0.6382059808055704;0.2678855868848427;98.59888073308485;2673.353794358499;0.05885900529933895;96450.74303169898;0.0;0.0;117.97060447648528;264.734974653507;0.7061027161735229;96450.74303169898;0.5850066804342934;0.22625108771781594;149.72002728792546;330.1701940003878;0.7061027161735229;96450.74303169898;0.5850066804342934;0.22625108771781594;148.09098595208593;345.6335418243025;0.6400000000000002;96450.74303169898;0.6454293844286102;0.2740929710075824;109.33649993375775;273.4398135219911;0.6400000000000002;96450.74303169898;0.6454293844286102;0.2740929710075824;109.31089465574172;273.3927806990619;0.6400000000000002;13404.800439372357;0.6454293844286102;0.2740929710075824;97.47759162504582;2682.215632810634;0.0661027161735227;13404.800439372357;0.0;0.0;51.65811533249786;216.2765536513171;0.0661027161735227;13404.800439372357;0.0;0.0;51.66118024341188;216.36067314766916;0.0661027161735227;96450.74303169898;0.0;0.0;"Zustand 3: Temperatur 422.870 K liegt außerhalb des Boryta-Prüfbereichs; Kristallisation wurde nicht bewertet.";"Zustand 4: Temperatur 421.241 K liegt außerhalb des Boryta-Prüfbereichs; Kristallisation wurde nicht bewertet.";"Zustand 5: Temperatur 382.486 K liegt außerhalb des Boryta-Prüfbereichs; Kristallisation wurde nicht bewertet.";"Zustand 6: Temperatur 382.461 K liegt außerhalb des Boryta-Prüfbereichs; Kristallisation wurde nicht bewertet.";"Zustand 20: Temperatur 436.378 K liegt außerhalb des Boryta-Prüfbereichs; Kristallisation wurde nicht bewertet.";5
parallel;Parallel (T13 = T15);parallel;115.0;115.0;30.0;115.0;4.0;4.0;4.0;115.0;0.6500000000000002;Abwärmetemperatur [°C];hot_temperature_C;115.0;10.0;10.0;25.0;15.0;11.0;nan;nan;8.862267367497322e-19;`gtol` termination condition is satisfied.;4;6.205442441979968e-08;1.3313352220607192e-09;1;True;;True;0;zulässig;feasible;True;True;True;98.58747008375775;117.90141613872083;148.10018594159163;51.67496874588568;0.1104260171187994;0.2675769505523676;0.22655707674826808;0.2737290998884387;164.7612902780593;163.1321147379867;165.3303611296153;162.52691416297336;47.06671239436114;0.5025396802038994;9.825990921963468;29.854144155386336;0.005561243457173979;0.030568480787113595;16.476129021779375;16.313211473388776;6.613214445276083;10.835127610464783;4.278792036418058;97.57499713190111;0.015452515662429995;2682.4003963112013;264.7113292732768;226.76559402981553;0.011066335919451387;0.7050847530813633;0.5946191187741862;0.23328238717717267;7.869331852816686e-10;-6.2374994058700395e-09;1.0947616146950168e-08;-1.1779291431146532e-09;-2.2867538973514456e-09;4.0989505123434355e-09;6.0016134284524014e-09;6.026556320648524e-08;7.869331852816686e-12;-6.23749940587004e-11;1.0947616146950167e-10;-1.1779291431146532e-09;-2.2867538973514457e-11;4.098950512343436e-11;6.001613428452402e-11;6.026556320648524e-10;144.85414415538634;115.0;105.11182050660193;115.0;105.27949077972647;39.75670542691307;18.263199319600005;14.80962176211159;57.81829170498804;21.67496874588568;5.76833268721731;7.536823374700816;16.41252991624225;53.60145807292912;1.709435820519957;8.644164067056863;4.0;0.6500000000000002;96411.13361821153;13415.884416226136;7.186341997819016;1.709435820519957;deltaT_shex_1_K;shex;True;True;True;True;True;True;True;True;98.58747008375775;2673.3357030368575;0.06615108900081446;96411.13361821153;0.0;0.0;135.0;4.0;144.85414415538634;4.0;115.0;4.0;105.11182050660193;4.0;115.0;4.0;105.27949077972647;4.0;30.0;4.0;39.75670542691307;4.0;98.58747008375775;2673.3357030368575;0.00730480128643116;96411.13361821153;0.0;0.0;97.57499713190111;264.71132927327744;0.7161510890008147;13415.884416226136;0.5854307575281477;0.22655707674826808;163.11734347498634;371.34283360723447;0.6573048012864314;96411.13361821153;0.6378424056780713;0.2675769505523676;98.58747008375775;2673.3357030368575;0.0588462877143833;96411.13361821153;0.0;0.0;117.90141613872083;264.71132927327744;0.7161510890008147;96411.13361821153;0.5854307575281477;0.22655707674826808;149.8096217621116;330.4330926235634;0.7161510890008147;96411.13361821153;0.5854307575281477;0.22655707674826808;148.10018594159163;345.47267904874644;0.6500000000000002;96411.13361821153;0.6450105762128534;0.2737290998884387;109.25725207166397;273.06235228940153;0.6500000000000002;96411.13361821153;0.6450105762128534;0.2737290998884387;109.23166731278269;273.0153238574214;0.6500000000000002;13415.884416226136;0.6450105762128534;0.2737290998884387;97.57499713190111;2682.4003963112013;0.06615108900081446;13415.884416226136;0.0;0.0;51.67496874588568;216.34704477864784;0.06615108900081446;13415.884416226136;0.0;0.0;51.67803270679735;216.43111359053248;0.06615108900081446;96411.13361821153;0.0;0.0;"Zustand 3: Temperatur 422.960 K liegt außerhalb des Boryta-Prüfbereichs; Kristallisation wurde nicht bewertet.";"Zustand 4: Temperatur 421.250 K liegt außerhalb des Boryta-Prüfbereichs; Kristallisation wurde nicht bewertet.";"Zustand 5: Temperatur 382.407 K liegt außerhalb des Boryta-Prüfbereichs; Kristallisation wurde nicht bewertet.";"Zustand 6: Temperatur 382.382 K liegt außerhalb des Boryta-Prüfbereichs; Kristallisation wurde nicht bewertet.";"Zustand 20: Temperatur 436.267 K liegt außerhalb des Boryta-Prüfbereichs; Kristallisation wurde nicht bewertet.";5
parallel;Parallel (T13 = T15);parallel;115.0;115.0;30.0;115.0;4.0;4.0;4.0;115.0;0.6600000000000003;Abwärmetemperatur [°C];hot_temperature_C;115.0;10.0;10.0;25.0;15.0;11.0;nan;nan;7.254280422215799e-19;`gtol` termination condition is satisfied.;4;5.344775863945705e-08;1.2045148751439974e-09;1;True;;True;0;zulässig;feasible;True;True;True;98.57633144051721;117.83565127263103;148.10576783514477;51.691414809313585;0.11128621459893555;0.26727462274275;0.22685369562013816;0.273374164684081;164.72840928495648;163.2558925909888;165.31048818719873;162.63721582365565;47.92632513255455;0.5023008463553821;9.970042820016067;29.852177588813163;0.005561938705533874;0.031035927189225522;16.472840923310574;16.32558925875722;6.612419527571921;10.842481054563207;4.35693864890781;97.66959603906838;0.015316133262808198;2682.579831837774;264.6919082134693;227.08319448946511;0.011122550113748964;0.7150757613593947;0.5949537319084667;0.2335308012170618;8.038512078201165e-10;-5.431353145013418e-09;9.677449952505413e-09;-1.0794935501046155e-09;-2.099312723657931e-09;3.416602112338296e-09;5.207539288676344e-09;5.1850747695425525e-08;8.038512078201165e-12;-5.431353145013418e-11;9.677449952505412e-11;-1.0794935501046155e-09;-2.0993127236579312e-11;3.416602112338296e-11;5.207539288676344e-11;5.185074769542553e-10;144.85217758881316;115.0;105.11300907971298;115.0;105.27289379045123;39.76410840855198;18.15684584619214;14.896326574854868;57.905487630516404;21.691414809313585;5.845703901431818;7.4434130406446;16.423668559482792;53.578415948647375;1.790558739710093;8.655790431857952;4.0;0.6600000000000003;96372.48141500315;13426.70805762957;7.1776701333906345;1.790558739710093;deltaT_shex_1_K;shex;True;True;True;True;True;True;True;True;98.57633144051721;2673.3180422998885;0.06619831147314337;96372.48141500315;0.0;0.0;135.0;4.0;144.85217758881316;4.0;115.0;4.0;105.11300907971298;4.0;115.0;4.0;105.27289379045123;4.0;30.0;4.0;39.76410840855198;4.0;98.57633144051721;2673.3180422998885;0.00736695949668741;96372.48141500315;0.0;0.0;97.66959603906838;264.6919082134676;0.7261983114731436;13426.70805762957;0.5858413412653515;0.22685369562013816;163.0090234350053;371.0082331738991;0.6673669594966877;96372.48141500315;0.6374858506906125;0.26727462274275;98.57633144051721;2673.3180422998885;0.058831351976455955;96372.48141500315;0.0;0.0;117.83565127263103;264.6919082134676;0.7261983114731436;96372.48141500315;0.5858413412653515;0.22685369562013816;149.89632657485487;330.68810288284476;0.7261983114731436;96372.48141500315;0.5858413412653515;0.22685369562013816;148.10576783514477;345.3097133208994;0.6600000000000003;96372.48141500315;0.6446015042697875;0.273374164684081;109.17986084077307;272.6940691818832;0.6600000000000003;96372.48141500315;0.6446015042697875;0.273374164684081;109.15429609856818;272.64704504977834;0.6600000000000003;13426.70805762957;0.6446015042697875;0.273374164684081;97.66959603906838;2682.579831837774;0.06619831147314337;13426.70805762957;0.0;0.0;51.691414809313585;216.41583221337746;0.06619831147314337;13426.70805762957;0.0;0.0;51.69447784180386;216.49985155740242;0.06619831147314337;96372.48141500315;0.0;0.0;"Zustand 3: Temperatur 423.046 K liegt außerhalb des Boryta-Prüfbereichs; Kristallisation wurde nicht bewertet.";"Zustand 4: Temperatur 421.256 K liegt außerhalb des Boryta-Prüfbereichs; Kristallisation wurde nicht bewertet.";"Zustand 5: Temperatur 382.330 K liegt außerhalb des Boryta-Prüfbereichs; Kristallisation wurde nicht bewertet.";"Zustand 6: Temperatur 382.304 K liegt außerhalb des Boryta-Prüfbereichs; Kristallisation wurde nicht bewertet.";"Zustand 20: Temperatur 436.159 K liegt außerhalb des Boryta-Prüfbereichs; Kristallisation wurde nicht bewertet.";5
parallel;Parallel (T13 = T15);parallel;115.0;115.0;30.0;115.0;4.0;4.0;4.0;115.0;0.6700000000000003;Abwärmetemperatur [°C];hot_temperature_C;115.0;10.0;10.0;25.0;15.0;11.0;nan;nan;5.943740913781603e-19;`gtol` termination condition is satisfied.;4;4.5960502939461464e-08;1.0902972909974237e-09;1;True;;True;0;zulässig;feasible;True;True;True;98.56543953050146;117.77320451028805;148.10790665805382;51.70748933609849;0.11216310257393937;0.26697839675971025;0.22714131153866998;0.27302783536364056;164.68902589759807;163.37687415129503;165.28375993259627;162.74507418099358;48.78276823720377;0.5020565534814222;10.114048680129578;29.849822123062097;0.005562614848216858;0.03150332128891062;16.46890258530614;16.337687414846716;6.61135039737674;10.849671611769272;4.43479711291025;97.76152512490847;0.01518498900872053;2682.7541976431753;264.6765537942552;227.39190435829744;0.01117986449341013;0.7250646258377773;0.5952782813611535;0.23377198237447014;8.338716384059808e-10;-4.8089816573337885e-09;8.537739404346212e-09;-9.887412000253448e-10;-1.8222294784209225e-09;2.8278748231969075e-09;4.45450609731779e-09;4.453667656889593e-08;8.338716384059807e-12;-4.8089816573337884e-11;8.537739404346211e-11;-9.887412000253448e-10;-1.8222294784209225e-11;2.8278748231969076e-11;4.4545060973177896e-11;4.453667656889593e-10;144.8498221230621;115.0;105.1146076595337;115.0;105.26644293175877;39.77134414780471;18.05306531190189;14.980240821093219;57.99018097710376;21.70748933609849;5.9212596504262365;7.35308253462523;16.434560469498535;53.55589147208997;1.8723341630393975;8.668918972336826;4.0;0.6700000000000003;96334.6978213709;13437.294406145984;7.169203480226576;1.8723341630393975;deltaT_shex_1_K;shex;True;True;True;True;True;True;True;True;98.56543953050146;2673.300772123221;0.06624449033118718;96334.6978213709;0.0;0.0;135.0;4.0;144.8498221230621;4.0;115.0;4.0;105.1146076595337;4.0;115.0;4.0;105.26644293175877;4.0;30.0;4.0;39.77134414780471;4.0;98.56543953050146;2673.300772123221;0.007430187563975282;96334.6978213709;0.0;0.0;97.76152512490847;264.67655379425446;0.7362444903311874;13437.294406145984;0.5862389872015543;0.22714131153866998;162.902887434964;370.68045119252844;0.6774301875639755;96334.6978213709;0.6371360964667078;0.26697839675971025;98.56543953050146;2673.300772123221;0.0588143027672119;96334.6978213709;0.0;0.0;117.77320451028805;264.67655379425446;0.7362444903311874;96334.6978213709;0.5862389872015543;0.22714131153866998;149.98024082109322;330.93547848279053;0.7362444903311874;96334.6978213709;0.5862389872015543;0.22714131153866998;148.10790665805382;345.14477826029224;0.6700000000000003;96334.6978213709;0.6442018273798205;0.27302783536364056;109.10428553795123;272.33467641496406;0.6700000000000003;96334.6978213709;0.6442018273798205;0.27302783536364056;109.07874034957376;272.2876565324433;0.6700000000000003;13437.294406145984;0.6442018273798205;0.27302783536364056;97.76152512490847;2682.7541976431753;0.06624449033118718;13437.294406145984;0.0;0.0;51.70748933609849;216.48306574227857;0.06624449033118718;13437.294406145984;0.0;0.0;51.71055145966881;216.5670367234184;0.06624449033118718;96334.6978213709;0.0;0.0;"Zustand 3: Temperatur 423.130 K liegt außerhalb des Boryta-Prüfbereichs; Kristallisation wurde nicht bewertet.";"Zustand 4: Temperatur 421.258 K liegt außerhalb des Boryta-Prüfbereichs; Kristallisation wurde nicht bewertet.";"Zustand 5: Temperatur 382.254 K liegt außerhalb des Boryta-Prüfbereichs; Kristallisation wurde nicht bewertet.";"Zustand 6: Temperatur 382.229 K liegt außerhalb des Boryta-Prüfbereichs; Kristallisation wurde nicht bewertet.";"Zustand 20: Temperatur 436.053 K liegt außerhalb des Boryta-Prüfbereichs; Kristallisation wurde nicht bewertet.";5
parallel;Parallel (T13 = T15);parallel;115.0;115.0;30.0;115.0;4.0;4.0;4.0;115.0;0.6800000000000003;Abwärmetemperatur [°C];hot_temperature_C;115.0;10.0;10.0;25.0;15.0;11.0;nan;nan;4.879294538148533e-19;`gtol` termination condition is satisfied.;4;3.963088944931736e-08;9.87855711948717e-10;1;True;;True;0;zulässig;feasible;True;True;True;98.5547709946984;117.71397253776496;148.10676883668236;51.723225471140836;0.11305652928904965;0.26668807418427765;0.2274202733789847;0.27268979660058446;164.64344526768298;163.495308877123;165.25049968227557;162.85072055034675;49.635991373996696;0.5018068666460658;10.25800012996742;29.847096008832693;0.005563273631306946;0.031970639379757186;16.464344522933473;16.34953088747032;6.61001998735663;10.856714703093125;4.512362852567314;97.85091294613835;0.015058865461603607;2682.923736507638;264.6651125893588;227.6921098463929;0.011238276552899107;0.7350514476998303;0.5955931791785715;0.23400621578723527;8.274056995105639e-10;-4.243759121891344e-09;7.507281907237484e-09;-9.049199167776578e-10;-1.6401600078097545e-09;2.4197959191951668e-09;3.9498786463809665e-09;3.834824724435748e-08;8.274056995105639e-12;-4.243759121891344e-11;7.507281907237484e-11;-9.049199167776578e-10;-1.6401600078097546e-11;2.4197959191951668e-11;3.9498786463809666e-11;3.834824724435748e-10;144.8470960088327;115.0;105.11659690895482;115.0;105.26012436899839;39.778427564421236;17.951750798738374;15.061459252247005;58.072485381717115;21.723225471140836;5.995040254948947;7.265683962816468;16.4452290053016;53.53383766568567;1.9546904155646416;8.683486732043434;4.0;0.6800000000000003;96297.70100716916;13447.664820546977;7.160923646760873;1.9546904155646416;deltaT_shex_1_K;shex;True;True;True;True;True;True;True;True;98.5547709946984;2673.2838555102658;0.06628972425272917;96297.70100716916;0.0;0.0;135.0;4.0;144.8470960088327;4.0;115.0;4.0;105.11659690895482;4.0;115.0;4.0;105.26012436899839;4.0;30.0;4.0;39.778427564421236;4.0;98.5547709946984;2673.2838555102658;0.0074944861515417;96297.70100716916;0.0;0.0;97.85091294613835;264.6651125893602;0.7462897242527294;13447.664820546977;0.5866242216234726;0.2274202733789847;162.79884680757107;370.3592317610125;0.687494486151542;96297.70100716916;0.6367929318981803;0.26668807418427765;98.5547709946984;2673.2838555102658;0.05879523810118747;96297.70100716916;0.0;0.0;117.71397253776496;264.6651125893602;0.7462897242527294;96297.70100716916;0.5866242216234726;0.2274202733789847;150.061459252247;331.1754634101462;0.7462897242527294;96297.70100716916;0.5866242216234726;0.2274202733789847;148.10676883668236;344.97800132979796;0.6800000000000003;96297.70100716916;0.6438112185225783;0.27268979660058446;109.03048580572153;271.9838963692549;0.6800000000000003;96297.70100716916;0.6438112185225783;0.27268979660058446;109.00495974505105;271.93688072310823;0.6800000000000003;13447.664820546977;0.6438112185225783;0.27268979660058446;97.85091294613835;2682.923736507638;0.06628972425272917;13447.664820546977;0.0;0.0;51.723225471140836;216.54888399206345;0.06628972425272917;13447.664820546977;0.0;0.0;51.726286703312724;216.63280761211198;0.06628972425272917;96297.70100716916;0.0;0.0;"Zustand 3: Temperatur 423.211 K liegt außerhalb des Boryta-Prüfbereichs; Kristallisation wurde nicht bewertet.";"Zustand 4: Temperatur 421.257 K liegt außerhalb des Boryta-Prüfbereichs; Kristallisation wurde nicht bewertet.";"Zustand 5: Temperatur 382.180 K liegt außerhalb des Boryta-Prüfbereichs; Kristallisation wurde nicht bewertet.";"Zustand 6: Temperatur 382.155 K liegt außerhalb des Boryta-Prüfbereichs; Kristallisation wurde nicht bewertet.";"Zustand 20: Temperatur 435.949 K liegt außerhalb des Boryta-Prüfbereichs; Kristallisation wurde nicht bewertet.";5
parallel;Parallel (T13 = T15);parallel;115.0;115.0;30.0;115.0;4.0;4.0;4.0;115.0;0.6900000000000003;Abwärmetemperatur [°C];hot_temperature_C;115.0;10.0;10.0;25.0;15.0;11.0;nan;nan;4.0078672833593858e-19;`gtol` termination condition is satisfied.;4;3.4093205415668696e-08;8.953063479457058e-10;1;True;;True;0;zulässig;feasible;True;True;True;98.54430423244168;117.65785427772119;148.1025125540682;51.73865390550378;0.11396633371262292;0.2664034644816308;0.2276909127633088;0.2723597470357646;164.59195340844119;163.6114277581739;165.211010557667;162.95436883453957;50.485949419370755;0.5015518508176613;10.40188912082265;29.844016352179494;0.005563916651004275;0.032437858601585344;16.459195337549396;16.361142775620213;6.608440422365946;10.863624588743754;4.589631765737043;97.93788042131786;0.01493755555901753;2683.088676834034;264.6574355980714;227.98417570932708;0.01129778270723747;0.7450363217987173;0.5958988150371362;0.23423377167117063;8.441176646556414e-10;-3.736722931080294e-09;6.628511073358823e-09;-8.278933094629792e-10;-1.481623712606961e-09;1.9717845134437084e-09;3.3832634471764322e-09;3.2947212957878946e-08;8.441176646556414e-12;-3.736722931080294e-11;6.628511073358822e-11;-8.278933094629792e-10;-1.4816237126069608e-11;1.9717845134437084e-11;3.3832634471764325e-11;3.294721295787895e-10;144.8440163521795;115.0;105.11895869870415;115.0;105.25392530893902;39.78537247357497;17.85280103337311;15.140072491709134;58.15250794774289;21.73865390550378;6.067085600104804;7.181078277386291;16.455695767558325;53.51221104689819;2.0375599376409355;8.699432552818678;4.0;0.6900000000000003;96261.41535721745;13457.839108275639;7.1528136562446605;2.0375599376409355;deltaT_shex_1_K;shex;True;True;True;True;True;True;True;True;98.54430423244168;2673.267258246483;0.06633410450595445;96261.41535721745;0.0;0.0;135.0;4.0;144.8440163521795;4.0;115.0;4.0;105.11895869870415;4.0;115.0;4.0;105.25392530893902;4.0;30.0;4.0;39.78537247357497;4.0;98.54430423244168;2673.267258246483;0.0075598546906536085;96261.41535721745;0.0;0.0;97.93788042131786;264.6574355980718;0.7563341045059547;13457.839108275639;0.5869975433799662;0.2276909127633088;162.6968173855526;370.04433093461506;0.6975598546906538;96261.41535721745;0.6364561537794641;0.2664034644816308;98.54430423244168;2673.267258246483;0.05877424981530084;96261.41535721745;0.0;0.0;117.65785427772119;264.6574355980718;0.7563341045059547;96261.41535721745;0.5869975433799662;0.2276909127633088;150.14007249170913;331.4082922877205;0.7563341045059547;96261.41535721745;0.5869975433799662;0.2276909127633088;148.1025125540682;344.8095039142802;0.6900000000000003;96261.41535721745;0.6434293642311332;0.2723597470357646;108.95842172490251;271.64146127873437;0.6900000000000003;96261.41535721745;0.6434293642311332;0.2723597470357646;108.9329143998952;271.5944498894567;0.6900000000000003;13457.839108275639;0.6434293642311332;0.2723597470357646;97.93788042131786;2683.088676834034;0.06633410450595445;13457.839108275639;0.0;0.0;51.73865390550378;216.61341532677397;0.06633410450595445;13457.839108275639;0.0;0.0;51.74171426204083;216.6972924921091;0.06633410450595445;96261.41535721745;0.0;0.0;"Zustand 3: Temperatur 423.290 K liegt außerhalb des Boryta-Prüfbereichs; Kristallisation wurde nicht bewertet.";"Zustand 4: Temperatur 421.253 K liegt außerhalb des Boryta-Prüfbereichs; Kristallisation wurde nicht bewertet.";"Zustand 5: Temperatur 382.108 K liegt außerhalb des Boryta-Prüfbereichs; Kristallisation wurde nicht bewertet.";"Zustand 6: Temperatur 382.083 K liegt außerhalb des Boryta-Prüfbereichs; Kristallisation wurde nicht bewertet.";"Zustand 20: Temperatur 435.847 K liegt außerhalb des Boryta-Prüfbereichs; Kristallisation wurde nicht bewertet.";5
parallel;Parallel (T13 = T15);parallel;115.0;115.0;30.0;115.0;4.0;4.0;4.0;115.0;0.7000000000000003;Abwärmetemperatur [°C];hot_temperature_C;115.0;10.0;10.0;25.0;15.0;11.0;nan;nan;3.2949467034069326e-19;`gtol` termination condition is satisfied.;4;2.936749763608706e-08;8.117815843448202e-10;1;True;;True;0;zulässig;feasible;True;True;True;98.5340192597348;117.60475102903064;148.0952881074923;51.75380307212936;0.11489234697891766;0.2661243846296845;0.22795354506761586;0.27203739857937814;164.53481857626753;163.72544478912272;165.16557693649085;163.05621692744774;51.33260196696116;0.5012915706763639;10.54570791190039;29.840599197145195;0.00556454536724282;0.03290495690263454;16.453481854792436;16.37254447875163;6.606623077511895;10.87041446163386;4.666600179115023;98.02254136724918;0.014820862092539798;2683.249233654928;264.6533783582031;228.26844667453184;0.011358378432892668;0.755019337112413;0.5961955577246136;0.23445490627135915;8.181331168088946e-10;-3.304094775558042e-09;5.833214800077258e-09;-7.56836593396315e-10;-1.3065175608062418e-09;1.6063950170064345e-09;2.939827936643269e-09;2.834315182553837e-08;8.181331168088946e-12;-3.304094775558042e-11;5.833214800077258e-11;-7.56836593396315e-10;-1.3065175608062418e-11;1.6063950170064346e-11;2.9398279366432686e-11;2.834315182553837e-10;144.8405991971452;115.0;105.12167602054478;115.0;105.24783391582253;39.7921916739906;17.7561200218222;15.216167239659057;58.230349693258574;21.753803072129358;6.137435057569405;7.099134653295607;16.465980740265195;53.49097134872244;2.120879132166749;8.716697136846449;4.0;0.7000000000000003;96225.77096581875;13467.835646634978;7.144857829465818;2.120879132166749;deltaT_shex_1_K;shex;True;True;True;True;True;True;True;True;98.5340192597348;2673.2509486754643;0.06637771554530536;96225.77096581875;0.0;0.0;135.0;4.0;144.8405991971452;4.0;115.0;4.0;105.12167602054478;4.0;115.0;4.0;105.24783391582253;4.0;30.0;4.0;39.7921916739906;4.0;98.5340192597348;2673.2509486754643;0.00762629152609912;96225.77096581875;0.0;0.0;98.02254136724918;264.65337835820355;0.7663777155453056;13467.835646634978;0.5873594255833923;0.22795354506761586;162.5967192189674;369.73551603809443;0.7076262915260995;96225.77096581875;0.6361255664605803;0.2661243846296845;98.5340192597348;2673.2509486754643;0.05875142401920624;96225.77096581875;0.0;0.0;117.60475102903064;264.65337835820355;0.7663777155453056;96225.77096581875;0.5873594255833923;0.22795354506761586;150.21616723965906;331.63419072490467;0.7663777155453056;96225.77096581875;0.5873594255833923;0.22795354506761586;148.0952881074923;344.6394014404835;0.7000000000000003;96225.77096581875;0.6430559639751471;0.27203739857937814;108.88805389218419;271.30711291742205;0.7000000000000003;96225.77096581875;0.6430559639751471;0.27203739857937814;108.8625649424306;271.2601058361326;0.7000000000000003;13467.835646634978;0.6430559639751471;0.27203739857937814;98.02254136724918;2683.249233654928;0.06637771554530536;13467.835646634978;0.0;0.0;51.75380307212936;216.67677866626877;0.06637771554530536;13467.835646634978;0.0;0.0;51.756862567100086;216.76061019499087;0.06637771554530536;96225.77096581875;0.0;0.0;"Zustand 3: Temperatur 423.366 K liegt außerhalb des Boryta-Prüfbereichs; Kristallisation wurde nicht bewertet.";"Zustand 4: Temperatur 421.245 K liegt außerhalb des Boryta-Prüfbereichs; Kristallisation wurde nicht bewertet.";"Zustand 5: Temperatur 382.038 K liegt außerhalb des Boryta-Prüfbereichs; Kristallisation wurde nicht bewertet.";"Zustand 6: Temperatur 382.013 K liegt außerhalb des Boryta-Prüfbereichs; Kristallisation wurde nicht bewertet.";"Zustand 20: Temperatur 435.747 K liegt außerhalb des Boryta-Prüfbereichs; Kristallisation wurde nicht bewertet.";5
parallel;Parallel (T13 = T15);parallel;115.0;115.0;30.0;115.0;4.0;4.0;4.0;115.0;0.7100000000000003;Abwärmetemperatur [°C];hot_temperature_C;115.0;10.0;10.0;25.0;15.0;11.0;nan;nan;2.712380577904302e-19;`gtol` termination condition is satisfied.;4;2.5338163873886705e-08;7.365297791541496e-10;1;True;;True;0;zulässig;feasible;True;True;True;98.52389757988868;117.55456656933524;148.08523826373107;51.768699324650925;0.11583439367405207;0.2658506587714019;0.22820847036206887;0.27172247574914254;164.4722925419847;163.83755831505624;165.11446578918938;163.15644799454932;52.17591288220937;0.501026090451429;10.689449055466692;29.83685960179332;0.00556516111589444;0.033371913003105116;16.44722925175779;16.38375583137574;6.604578631611669;10.877096532801271;4.74326480774046;98.10500299245234;0.014708597208297584;2683.405609559212;264.65280100841477;228.54524875878522;0.011420058392593191;0.7650005771626979;0.5964837565062971;0.23466986274239945;8.168044018930232e-10;-2.935692577921145e-09;5.22135223945952e-09;-6.916080486085718e-10;-1.1023360002582194e-09;1.2988436992600327e-09;2.5302426820417168e-09;2.4406801912846277e-08;8.168044018930231e-12;-2.935692577921145e-11;5.22135223945952e-11;-6.916080486085718e-10;-1.1023360002582195e-11;1.2988436992600328e-11;2.5302426820417168e-11;2.4406801912846274e-10;144.83685960179332;115.0;105.1247329073451;115.0;105.24183923477574;39.798897028412455;17.66161671284584;15.289826467192313;58.30610596403989;21.768699324650925;6.206127420996154;7.019729914892764;16.476102420111317;53.470081264123564;2.204588203461242;8.735223084806535;4.0;0.7100000000000003;96190.7031758335;13477.671493834365;7.137041678144322;2.204588203461242;deltaT_shex_1_K;shex;True;True;True;True;True;True;True;True;98.52389757988868;2673.234897494455;0.06642063555529076;96190.7031758335;0.0;0.0;135.0;4.0;144.83685960179332;4.0;115.0;4.0;105.1247329073451;4.0;115.0;4.0;105.24183923477574;4.0;30.0;4.0;39.798897028412455;4.0;98.52389757988868;2673.234897494455;0.007693794046992291;96190.7031758335;0.0;0.0;98.10500299245234;264.6528010084144;0.7764206355552911;13477.671493834365;0.5877103171905538;0.22820847036206887;162.49847631463916;369.43256502848317;0.7176937940469926;96190.7031758335;0.6358009815216844;0.2658506587714019;98.52389757988868;2673.234897494455;0.058726841508298475;96190.7031758335;0.0;0.0;117.55456656933524;264.6528010084144;0.7764206355552911;96190.7031758335;0.5877103171905538;0.22820847036206887;150.2898264671923;331.8533756619892;0.7764206355552911;96190.7031758335;0.5877103171905538;0.22820847036206887;148.08523826373107;344.4678035274236;0.7100000000000003;96190.7031758335;0.6426907295711145;0.27172247574914254;108.8193434845287;270.98060228602566;0.7100000000000003;96190.7031758335;0.6426907295711145;0.27172247574914254;108.79387257900385;270.9335995916551;0.7100000000000003;13477.671493834365;0.6426907295711145;0.27172247574914254;98.10500299245234;2683.405609559212;0.06642063555529076;13477.671493834365;0.0;0.0;51.768699324650925;216.7390842340758;0.06642063555529076;13477.671493834365;0.0;0.0;51.771757970652175;216.82287086257412;0.06642063555529076;96190.7031758335;0.0;0.0;"Zustand 3: Temperatur 423.440 K liegt außerhalb des Boryta-Prüfbereichs; Kristallisation wurde nicht bewertet.";"Zustand 4: Temperatur 421.235 K liegt außerhalb des Boryta-Prüfbereichs; Kristallisation wurde nicht bewertet.";"Zustand 5: Temperatur 381.969 K liegt außerhalb des Boryta-Prüfbereichs; Kristallisation wurde nicht bewertet.";"Zustand 6: Temperatur 381.944 K liegt außerhalb des Boryta-Prüfbereichs; Kristallisation wurde nicht bewertet.";"Zustand 20: Temperatur 435.648 K liegt außerhalb des Boryta-Prüfbereichs; Kristallisation wurde nicht bewertet.";5
parallel;Parallel (T13 = T15);parallel;115.0;115.0;30.0;115.0;4.0;4.0;4.0;115.0;0.7200000000000003;Abwärmetemperatur [°C];hot_temperature_C;115.0;10.0;10.0;25.0;15.0;11.0;nan;nan;2.277546450307028e-19;`gtol` termination condition is satisfied.;4;2.2146654781530574e-08;6.749142834919155e-10;1;True;;True;0;zulässig;feasible;True;True;True;98.5139220653407;117.50720722647168;148.07249860922138;51.783367100909004;0.11679229297906656;0.26558211788958586;0.22845597428932002;0.27141471504254555;164.40461176328415;163.94795226226398;165.05792791139686;163.25523164348695;53.015849899811116;0.5007554737866083;10.833105382723703;29.832811708330382;0.005565765119773094;0.03383870636011132;16.440461174199054;16.394795226121627;6.6023171164981145;10.883682109418237;4.81962271840383;98.1853663513919;0.01460058193032154;2683.55799554517;264.6555683088091;228.81489048549344;0.011482816546066532;0.7749801204016564;0.596763742385505;0.23487887196305257;8.154756869771518e-10;-2.631011852827214e-09;4.685205112764379e-09;-6.375754924015098e-10;-1.0560086138866609e-09;1.047709474732983e-09;2.213397465311573e-09;2.1293601548677543e-08;8.154756869771518e-12;-2.6310118528272143e-11;4.685205112764379e-11;-6.375754924015098e-10;-1.056008613886661e-11;1.0477094747329829e-11;2.2133974653115728e-11;2.1293601548677544e-10;144.83281170833038;115.0;105.12811435936624;115.0;105.235931121801;39.80549953721675;17.56920468761888;15.361129600071024;58.37986681417516;21.783367100909004;6.273200853022672;6.9427480079743304;16.486077934659306;53.44950621270522;2.28863099084964;8.75495491448271;4.0;0.7200000000000003;96156.15215812699;13487.362490817735;7.1293518079306155;2.28863099084964;deltaT_shex_1_K;shex;True;True;True;True;True;True;True;True;98.5139220653407;2673.219077567504;0.06646293694772265;96156.15215812699;0.0;0.0;135.0;4.0;144.83281170833038;4.0;115.0;4.0;105.12811435936624;4.0;115.0;4.0;105.235931121801;4.0;30.0;4.0;39.80549953721675;4.0;98.5139220653407;2673.219077567504;0.007762358804247652;96156.15215812699;0.0;0.0;98.1853663513919;264.65556830880917;0.786462936947723;13487.362490817735;0.5880506444717601;0.22845597428932002;162.40201639594926;369.135265904848;0.727762358804248;96156.15215812699;0.6354822174682356;0.26558211788958586;98.5139220653407;2673.219077567504;0.058700578143475;96156.15215812699;0.0;0.0;117.50720722647168;264.65556830880917;0.786462936947723;96156.15215812699;0.5880506444717601;0.22845597428932002;150.36112960007102;332.066055706431;0.786462936947723;96156.15215812699;0.5880506444717601;0.22845597428932002;148.07249860922138;344.29481415971065;0.7200000000000003;96156.15215812699;0.6423333846184188;0.27141471504254555;108.75225231198897;270.6616892999945;0.7200000000000003;96156.15215812699;0.6423333846184188;0.27141471504254555;108.72679914697733;270.61469109671657;0.7200000000000003;13487.362490817735;0.6423333846184188;0.27141471504254555;98.1853663513919;2683.55799554517;0.06646293694772265;13487.362490817735;0.0;0.0;51.783367100909004;216.8004342411978;0.06646293694772265;13487.362490817735;0.0;0.0;51.786424909095786;216.884176630195;0.06646293694772265;96156.15215812699;0.0;0.0;"Zustand 3: Temperatur 423.511 K liegt außerhalb des Boryta-Prüfbereichs; Kristallisation wurde nicht bewertet.";"Zustand 4: Temperatur 421.222 K liegt außerhalb des Boryta-Prüfbereichs; Kristallisation wurde nicht bewertet.";"Zustand 5: Temperatur 381.902 K liegt außerhalb des Boryta-Prüfbereichs; Kristallisation wurde nicht bewertet.";"Zustand 6: Temperatur 381.877 K liegt außerhalb des Boryta-Prüfbereichs; Kristallisation wurde nicht bewertet.";"Zustand 20: Temperatur 435.552 K liegt außerhalb des Boryta-Prüfbereichs; Kristallisation wurde nicht bewertet.";5
parallel;Parallel (T13 = T15);parallel;115.0;115.0;30.0;115.0;4.0;4.0;4.0;115.0;0.7300000000000003;Abwärmetemperatur [°C];hot_temperature_C;115.0;10.0;10.0;25.0;15.0;11.0;nan;nan;1.9208090683942162e-19;`gtol` termination condition is satisfied.;4;1.9404444872276533e-08;6.198078844923185e-10;1;True;;True;0;zulässig;feasible;True;True;True;98.50407685029978;117.46258192396573;148.0571978954299;51.79782907161251;0.11776585958390978;0.2653185994842412;0.22869632889121994;0.2711138643470862;164.33199845871525;164.05679725710777;164.99619905395684;163.3527249870316;53.85238426303446;0.5004797836285931;10.976669990922849;29.828468807339448;0.005566358498494728;0.034305317135016306;16.4331998440089;16.405679725623127;6.599847962195976;10.890181665669516;4.895671296852261;98.26372676362467;0.014496645705781363;2683.706571807918;264.6615496302855;229.0776640148402;0.011546646247727721;0.7849580405656389;0.5970358292757943;0.23508215329688423;7.989058303792262e-10;-2.3404140847560484e-09;4.18577883465332e-09;-5.886792164844223e-10;-9.42549149840488e-10;8.764970971242292e-10;1.988837539101951e-09;1.8626252540343557e-08;7.989058303792262e-12;-2.3404140847560485e-11;4.18577883465332e-11;-5.886792164844223e-10;-9.425491498404881e-12;8.764970971242291e-12;1.9888375391019508e-11;1.8626252540343557e-10;144.82846880733945;115.0;105.1318062766772;115.0;105.23010018020148;39.812009405329434;17.478801868931498;15.4301526954402;58.45171735829524;21.79782907161251;6.338692842031378;6.868079513052521;16.495923149700218;53.429214128431624;2.372954800010291;8.775839063176022;4.0;0.7300000000000003;96122.06252993255;13496.923354046565;7.12177583057207;2.372954800010291;deltaT_shex_1_K;shex;True;True;True;True;True;True;True;True;98.50407685029978;2673.2034637557304;0.0665046868133663;96122.06252993255;0.0;0.0;135.0;4.0;144.82846880733945;4.0;115.0;4.0;105.1318062766772;4.0;115.0;4.0;105.23010018020148;4.0;30.0;4.0;39.812009405329434;4.0;98.50407685029978;2673.2034637557304;0.007831981608934791;96122.06252993255;0.0;0.0;98.26372676362467;264.66154963028686;0.7965046868133666;13496.923354046565;0.5883808123851257;0.22869632889121994;162.30727067627095;368.8434161440462;0.7378319816089352;96122.06252993255;0.6351690994236142;0.2653185994842412;98.50407685029978;2673.2034637557304;0.058672705204431505;96122.06252993255;0.0;0.0;117.46258192396573;264.66154963028686;0.7965046868133666;96122.06252993255;0.5883808123851257;0.22869632889121994;150.4301526954402;332.27243146763743;0.7965046868133666;96122.06252993255;0.5883808123851257;0.22869632889121994;148.0571978954299;344.12053188504206;0.7300000000000003;96122.06252993255;0.6419836639668611;0.2711138643470862;108.6867428607897;270.3501424847194;0.7300000000000003;96122.06252993255;0.6419836639668611;0.2711138643470862;108.66130715796862;270.30314889960295;0.7300000000000003;13496.923354046565;0.6419836639668611;0.2711138643470862;98.26372676362467;2683.706571807918;0.0665046868133663;13496.923354046565;0.0;0.0;51.79782907161251;216.860923507907;0.0665046868133663;13496.923354046565;0.0;0.0;51.80088605176985;216.9446222480291;0.0665046868133663;96122.06252993255;0.0;0.0;"Zustand 3: Temperatur 423.580 K liegt außerhalb des Boryta-Prüfbereichs; Kristallisation wurde nicht bewertet.";"Zustand 4: Temperatur 421.207 K liegt außerhalb des Boryta-Prüfbereichs; Kristallisation wurde nicht bewertet.";"Zustand 5: Temperatur 381.837 K liegt außerhalb des Boryta-Prüfbereichs; Kristallisation wurde nicht bewertet.";"Zustand 6: Temperatur 381.811 K liegt außerhalb des Boryta-Prüfbereichs; Kristallisation wurde nicht bewertet.";"Zustand 20: Temperatur 435.457 K liegt außerhalb des Boryta-Prüfbereichs; Kristallisation wurde nicht bewertet.";5
parallel;Parallel (T13 = T15);parallel;115.0;115.0;30.0;115.0;4.0;4.0;4.0;115.0;0.7400000000000003;Abwärmetemperatur [°C];hot_temperature_C;115.0;10.0;10.0;25.0;15.0;11.0;nan;nan;1.622760647005095e-19;`gtol` termination condition is satisfied.;4;1.7065557070518335e-08;5.696947686270421e-10;1;True;;True;0;zulässig;feasible;True;True;True;98.49434723169287;117.42060220337675;148.0394583717802;51.81210627757582;0.11875490462485248;0.26505994729106747;0.22892979337465835;0.27081968237451753;164.25466160764995;164.16425165882796;164.9295009748684;163.44907362396287;54.68549039514253;0.500199082136568;11.120136230567393;29.8238433975867;0.005566942277431525;0.034771726160956515;16.425466159131577;16.41642516581038;6.597180039027137;10.89660490814544;4.971408217932716;98.34017419938414;0.014396625972421962;2683.851508463778;264.6706189106656;229.33384618412185;0.011611540333409942;0.7949344070054246;0.5973003150750313;0.23527991529031514;7.91679610756546e-10;-2.117339192864165e-09;3.8299958760035224e-09;-5.435608074755294e-10;-8.100187187665142e-10;7.241567345772637e-10;1.7812737951317104e-09;1.6334183783328626e-08;7.91679610756546e-12;-2.117339192864165e-11;3.829995876003522e-11;-5.435608074755294e-10;-8.100187187665142e-12;7.241567345772637e-12;1.7812737951317104e-11;1.6334183783328626e-10;144.8238433975867;115.0;105.13579539623993;115.0;105.22433770191611;39.81843610399687;17.390330257607218;15.496968605694974;58.52173809538726;21.812106277575822;6.402640168203789;6.795621196855791;16.50565276830713;53.40917526359493;2.4575102339147747;8.797823876251528;4.0;0.7400000000000003;96088.38300319384;13506.367761401887;7.114302283238021;2.4575102339147747;deltaT_shex_1_K;shex;True;True;True;True;True;True;True;True;98.49434723169287;2673.1880327606746;0.06654594733883423;96088.38300319384;0.0;0.0;135.0;4.0;144.8238433975867;4.0;115.0;4.0;105.13579539623993;4.0;115.0;4.0;105.22433770191611;4.0;30.0;4.0;39.81843610399687;4.0;98.49434723169287;2673.1880327606746;0.007902657629393715;96088.38300319384;0.0;0.0;98.34017419938414;264.6706189106667;0.8065459473388346;13506.367761401887;0.5887012058456863;0.22892979337465835;162.21417365519392;368.55682219626175;0.747902657629394;96088.38300319384;0.6348614588653696;0.26505994729106747;98.49434723169287;2673.1880327606746;0.05864328970944052;96088.38300319384;0.0;0.0;117.42060220337675;264.6706189106667;0.8065459473388346;96088.38300319384;0.5887012058456863;0.22892979337465835;150.49696860569497;332.4726958730209;0.8065459473388346;96088.38300319384;0.5887012058456863;0.22892979337465835;148.0394583717802;343.94505001345675;0.7400000000000003;96088.38300319384;0.6416413132004366;0.27081968237451753;108.62277832712522;270.0457386697394;0.7400000000000003;96088.38300319384;0.6416413132004366;0.27081968237451753;108.59735983179621;269.998749850603;0.7400000000000003;13506.367761401887;0.6416413132004366;0.27081968237451753;98.34017419938414;2683.851508463778;0.06654594733883423;13506.367761401887;0.0;0.0;51.81210627757582;216.9206400376762;0.06654594733883423;13506.367761401887;0.0;0.0;51.81516243832118;217.00429565458532;0.06654594733883423;96088.38300319384;0.0;0.0;"Zustand 3: Temperatur 423.647 K liegt außerhalb des Boryta-Prüfbereichs; Kristallisation wurde nicht bewertet.";"Zustand 4: Temperatur 421.189 K liegt außerhalb des Boryta-Prüfbereichs; Kristallisation wurde nicht bewertet.";"Zustand 5: Temperatur 381.773 K liegt außerhalb des Boryta-Prüfbereichs; Kristallisation wurde nicht bewertet.";"Zustand 6: Temperatur 381.747 K liegt außerhalb des Boryta-Prüfbereichs; Kristallisation wurde nicht bewertet.";"Zustand 20: Temperatur 435.364 K liegt außerhalb des Boryta-Prüfbereichs; Kristallisation wurde nicht bewertet.";5
parallel;Parallel (T13 = T15);parallel;115.0;115.0;30.0;115.0;4.0;4.0;4.0;115.0;0.7500000000000003;Abwärmetemperatur [°C];hot_temperature_C;115.0;10.0;10.0;25.0;15.0;11.0;nan;nan;1.3727095441943799e-19;`gtol` termination condition is satisfied.;4;1.4997109666345702e-08;5.239674692563232e-10;1;True;;True;0;zulässig;feasible;True;True;True;98.4847195791013;117.38118222867291;148.01939611063244;51.82621825462343;0.11975923642388338;0.2648060110014099;0.22915661483301333;0.2705319381293692;164.1727978678337;164.270462499705;164.85804240500366;163.5444125310074;55.51514560490516;0.4999134306100807;11.263497693711475;29.81894724089915;0.005567517395764951;0.03523791491264087;16.417279785351212;16.42704624991313;6.594321696230478;10.902960835296582;5.046831418801965;98.414793635958;0.014300367746996666;2683.9929662199906;264.6826545911737;229.5836994750851;0.011677491196790846;0.8049092849889704;0.5975574826661988;0.23547235632554983;7.807656743352709e-10;-1.9164545506100694e-09;3.4550566851976328e-09;-5.020714954895311e-10;-7.582912076031789e-10;5.736922048527049e-10;1.5586749668727862e-09;1.4321585695142858e-08;7.807656743352708e-12;-1.9164545506100695e-11;3.455056685197633e-11;-5.020714954895311e-10;-7.58291207603179e-12;5.736922048527049e-12;1.558674966872786e-11;1.4321585695142858e-10;144.81894724089915;115.0;105.14006923415047;115.0;105.21863561417422;39.82478842701585;17.303715684936662;15.56164713599668;58.59000520894216;21.826218254623427;6.465078876928374;6.725275598192468;16.515280420898705;53.389362010789114;2.542251025364237;8.820859585055018;4.0;0.7500000000000003;96055.06606510755;13515.708430518196;7.106920555360395;2.542251025364237;deltaT_shex_1_K;shex;True;True;True;True;True;True;True;True;98.4847195791013;2673.1727629818597;0.06658677618576092;96055.06606510755;0.0;0.0;135.0;4.0;144.81894724089915;4.0;115.0;4.0;105.14006923415047;4.0;115.0;4.0;105.21863561417422;4.0;30.0;4.0;39.82478842701585;4.0;98.4847195791013;2673.1727629818597;0.007974381471934749;96055.06606510755;0.0;0.0;98.414793635958;264.68265459117424;0.8165867761857613;13515.708430518196;0.5890121909141025;0.22915661483301333;162.1226629258358;368.2752990014791;0.7579743814719351;96055.06606510755;0.6345591333584398;0.2648060110014099;98.4847195791013;2673.1727629818597;0.05861239471382617;96055.06606510755;0.0;0.0;117.38118222867291;264.68265459117424;0.8165867761857613;96055.06606510755;0.5890121909141025;0.22915661483301333;150.56164713599668;332.6670344806133;0.8165867761857613;96055.06606510755;0.5890121909141025;0.22915661483301333;148.01939611063244;343.76845683078653;0.7500000000000003;96055.06606510755;0.6413060881502118;0.2705319381293692;108.5603226436179;269.74826269195404;0.7500000000000003;96055.06606510755;0.6413060881502118;0.2705319381293692;108.53492112307163;269.70127880540383;0.7500000000000003;13515.708430518196;0.6413060881502118;0.2705319381293692;98.414793635958;2683.9929662199906;0.06658677618576092;13515.708430518196;0.0;0.0;51.82621825462343;216.979665539532;0.06658677618576092;13515.708430518196;0.0;0.0;51.829273603385104;217.0632784986612;0.06658677618576092;96055.06606510755;0.0;0.0;"Zustand 3: Temperatur 423.712 K liegt außerhalb des Boryta-Prüfbereichs; Kristallisation wurde nicht bewertet.";"Zustand 4: Temperatur 421.169 K liegt außerhalb des Boryta-Prüfbereichs; Kristallisation wurde nicht bewertet.";"Zustand 5: Temperatur 381.710 K liegt außerhalb des Boryta-Prüfbereichs; Kristallisation wurde nicht bewertet.";"Zustand 6: Temperatur 381.685 K liegt außerhalb des Boryta-Prüfbereichs; Kristallisation wurde nicht bewertet.";"Zustand 20: Temperatur 435.273 K liegt außerhalb des Boryta-Prüfbereichs; Kristallisation wurde nicht bewertet.";5
parallel;Parallel (T13 = T15);parallel;115.0;115.0;30.0;115.0;4.0;4.0;4.0;115.0;0.7600000000000003;Abwärmetemperatur [°C];hot_temperature_C;115.0;10.0;10.0;25.0;15.0;11.0;nan;nan;1.163282137472279e-19;`gtol` termination condition is satisfied.;4;1.3236634870640032e-08;4.823447185306955e-10;1;True;;True;0;zulässig;feasible;True;True;True;98.47518125226532;117.344238775071;147.99712132081407;51.840183148089125;0.1207786611467997;0.2645566459982037;0.22937702892128684;0.2702504104051873;164.08659242324796;164.37556634679814;164.78201994084833;163.6388668797723;56.34132982086593;0.4996228894323338;11.40674820289115;29.813791412873684;0.005568084713768501;0.03570386547751024;16.408659241062924;16.43755663463691;6.591280797659871;10.909257791894513;5.1219390747810705;98.48766538677211;0.014207723234283947;2684.131096993237;264.69753953428375;229.82747291041494;0.011744490856840484;0.8148827359813372;0.5978076008443196;0.23565966522695692;7.658087497475208e-10;-1.725844356315065e-09;3.1235458664014004e-09;-4.638502915099707e-10;-6.484413006546674e-10;4.290541255613789e-10;1.3546070931624854e-09;1.2618727396329632e-08;7.658087497475208e-12;-1.725844356315065e-11;3.1235458664014004e-11;-4.638502915099707e-10;-6.4844130065466745e-12;4.290541255613789e-12;1.3546070931624854e-11;1.261872739632963e-10;144.81379141287368;115.0;105.14461603224589;115.0;105.21298643063562;39.83107454227263;17.218887583251615;15.624255193323108;58.656590844499476;21.840183148089125;6.526044258887623;6.656950645473785;16.524818747734685;53.369748739374586;2.6271338725090345;8.844898275962862;4.0;0.7600000000000003;96022.06768579879;13524.957190746163;7.099620821831326;2.6271338725090345;deltaT_shex_1_K;shex;True;True;True;True;True;True;True;True;98.47518125226532;2673.1576343863085;0.06662722683817734;96022.06768579879;0.0;0.0;135.0;4.0;144.81379141287368;4.0;115.0;4.0;105.14461603224589;4.0;115.0;4.0;105.21298643063562;4.0;30.0;4.0;39.83107454227263;4.0;98.47518125226532;2673.1576343863085;0.00804714725343918;96022.06768579879;0.0;0.0;98.48766538677211;264.69753953428466;0.8266272268381777;13524.957190746163;0.5893141159041723;0.22937702892128684;162.0326789961253;367.9986695386283;0.7680471472534395;96022.06768579879;0.6342619663029119;0.2645566459982037;98.47518125226532;2673.1576343863085;0.05858007958473817;96022.06768579879;0.0;0.0;117.344238775071;264.69753953428466;0.8266272268381777;96022.06768579879;0.5893141159041723;0.22937702892128684;150.6242551933231;332.85562578117697;0.8266272268381777;96022.06768579879;0.5893141159041723;0.22937702892128684;147.99712132081407;343.59083581548197;0.7600000000000003;96022.06768579879;0.6409777544295502;0.2702504104051873;108.49934049910814;269.45750710482395;0.7600000000000003;96022.06768579879;0.6409777544295502;0.2702504104051873;108.47395574111238;269.4105283344588;0.7600000000000003;13524.957190746163;0.6409777544295502;0.2702504104051873;98.48766538677211;2684.131096993237;0.06662722683817734;13524.957190746163;0.0;0.0;51.840183148089125;217.03807590698233;0.06662722683817734;13524.957190746163;0.0;0.0;51.84323769126104;217.12164661790644;0.06662722683817734;96022.06768579879;0.0;0.0;"Zustand 3: Temperatur 423.774 K liegt außerhalb des Boryta-Prüfbereichs; Kristallisation wurde nicht bewertet.";"Zustand 4: Temperatur 421.147 K liegt außerhalb des Boryta-Prüfbereichs; Kristallisation wurde nicht bewertet.";"Zustand 5: Temperatur 381.649 K liegt außerhalb des Boryta-Prüfbereichs; Kristallisation wurde nicht bewertet.";"Zustand 6: Temperatur 381.624 K liegt außerhalb des Boryta-Prüfbereichs; Kristallisation wurde nicht bewertet.";"Zustand 20: Temperatur 435.183 K liegt außerhalb des Boryta-Prüfbereichs; Kristallisation wurde nicht bewertet.";5
parallel;Parallel (T13 = T15);parallel;115.0;115.0;30.0;115.0;4.0;4.0;4.0;115.0;0.7700000000000004;Abwärmetemperatur [°C];hot_temperature_C;115.0;10.0;10.0;25.0;15.0;11.0;nan;nan;9.859924852982384e-20;`gtol` termination condition is satisfied.;4;1.1590565194678881e-08;4.440703739945367e-10;1;True;;True;0;zulässig;feasible;True;True;True;98.46572052545412;117.30969120521479;147.97273864922778;51.8540178178514;0.12181298337976834;0.26431171310738055;0.22959126048845185;0.2699748873074594;163.99621976839381;164.47969009246575;164.70161887041377;163.73255278564056;57.16402535134142;0.4993275180273731;11.549881800642767;29.808386349784314;0.005568645019402929;0.03616956052817569;16.399621975736146;16.44796900921586;6.5880647548299;10.915503518962511;5.196729577537558;98.5588654053289;0.014118551456221564;2684.266044481;264.7151609272796;230.06540288501472;0.01181253101748192;0.8248548179035393;0.598050925176224;0.23584202182505762;7.424247883136559e-10;-1.571713426073984e-09;2.787601260934025e-09;-4.286989097046501e-10;-3.3372771213180386e-10;3.071534138143761e-10;1.2028920082229888e-09;1.1032341262762202e-08;7.424247883136558e-12;-1.571713426073984e-11;2.787601260934025e-11;-4.286989097046501e-10;-3.3372771213180386e-12;3.071534138143761e-12;1.2028920082229889e-11;1.1032341262762202e-10;144.8083863497843;115.0;105.14942470870733;115.0;105.20738320660047;39.837302039023086;17.135778773263326;15.684856927571559;58.721563366305816;21.8540178178514;6.5855708358241145;6.590559303378427;16.534279474545883;53.350311645712;2.7121182783437803;8.86989385243811;4.0;0.7700000000000004;95989.34705057487;13534.125049301352;7.092393981946395;2.7121182783437803;deltaT_shex_1_K;shex;True;True;True;True;True;True;True;True;98.46572052545412;2673.142628388899;0.06666734892102089;95989.34705057487;0.0;0.0;135.0;4.0;144.8083863497843;4.0;115.0;4.0;105.14942470870733;4.0;115.0;4.0;105.20738320660047;4.0;30.0;4.0;39.837302039023086;4.0;98.46572052545412;2673.142628388899;0.008120948666089534;95989.34705057487;0.0;0.0;98.5588654053289;264.71516092727984;0.8366673489210212;13534.125049301352;0.5896073124156826;0.22959126048845185;161.94416512304764;367.7267644053474;0.7781209486660898;95989.34705057487;0.6339698066960351;0.26431171310738055;98.46572052545412;2673.142628388899;0.05854640025493135;95989.34705057487;0.0;0.0;117.30969120521479;264.71516092727984;0.8366673489210212;95989.34705057487;0.5896073124156826;0.22959126048845185;150.68485692757156;333.0386414898487;0.8366673489210212;95989.34705057487;0.5896073124156826;0.22959126048845185;147.97273864922778;343.41226585650156;0.7700000000000004;95989.34705057487;0.6406560869912692;0.2699748873074594;108.43979735277668;269.1732718946847;0.7700000000000004;95989.34705057487;0.6406560869912692;0.2699748873074594;108.41442916417589;269.1262984394533;0.7700000000000004;13534.125049301352;0.6406560869912692;0.2699748873074594;98.5588654053289;2684.266044481;0.06666734892102089;13534.125049301352;0.0;0.0;51.8540178178514;217.09594165719236;0.06666734892102089;13534.125049301352;0.0;0.0;51.85707156088847;217.17947047766486;0.06666734892102089;95989.34705057487;0.0;0.0;"Zustand 3: Temperatur 423.835 K liegt außerhalb des Boryta-Prüfbereichs; Kristallisation wurde nicht bewertet.";"Zustand 4: Temperatur 421.123 K liegt außerhalb des Boryta-Prüfbereichs; Kristallisation wurde nicht bewertet.";"Zustand 5: Temperatur 381.590 K liegt außerhalb des Boryta-Prüfbereichs; Kristallisation wurde nicht bewertet.";"Zustand 6: Temperatur 381.564 K liegt außerhalb des Boryta-Prüfbereichs; Kristallisation wurde nicht bewertet.";"Zustand 20: Temperatur 435.094 K liegt außerhalb des Boryta-Prüfbereichs; Kristallisation wurde nicht bewertet.";5
parallel;Parallel (T13 = T15);parallel;115.0;115.0;30.0;115.0;4.0;4.0;4.0;115.0;0.7800000000000004;Abwärmetemperatur [°C];hot_temperature_C;115.0;10.0;10.0;25.0;15.0;11.0;nan;nan;8.386023210670214e-20;`gtol` termination condition is satisfied.;4;1.0292353131590786e-08;4.0953688992983804e-10;1;True;;True;0;zulässig;feasible;True;True;True;98.45632651829004;117.27746143432626;147.94634746999844;51.867737934497484;0.12286200663250352;0.2640710783597854;0.22979952416917415;0.26970516580021936;163.9018444316648;164.5829516781029;164.61701393543862;163.82557799272206;57.98321666873917;0.4990273748281544;11.692892739726128;29.802741891845983;0.005569199034283671;0.03663498329656825;16.390184442190687;16.458295167789373;6.58468055744102;10.921705199446283;5.27120151546866;98.62846556718796;0.014032717899140812;2684.397944691767;264.73541017308884;230.2977139387149;0.011881603119276107;0.8348255853722412;0.5982876987968373;0.23601959748009055;7.238014632093837e-10;-1.4160974615151645e-09;2.5659687707957346e-09;-3.9641256943667713e-10;-5.868798780284123e-10;2.091553596983431e-10;1.0278142781317001e-09;9.757940233612317e-09;7.238014632093836e-12;-1.4160974615151645e-11;2.5659687707957347e-11;-3.9641256943667713e-10;-5.868798780284124e-12;2.091553596983431e-12;1.0278142781317001e-11;9.757940233612317e-11;144.80274189184598;115.0;105.15448481247375;115.0;105.20181949804294;39.8434779711784;17.054325265952173;15.743513865106195;58.78498759600956;21.867737934497484;6.643692351957213;6.526019245285795;16.54367348170996;53.33102861614981;2.7971663951077517;8.895801991702683;4.0;0.7800000000000004;95956.86631522683;13543.222251933727;7.085231603692092;2.7971663951077517;deltaT_shex_1_K;shex;True;True;True;True;True;True;True;True;98.45632651829004;2673.1277277429276;0.06670718849151691;95956.86631522683;0.0;0.0;135.0;4.0;144.80274189184598;4.0;115.0;4.0;105.15448481247375;4.0;115.0;4.0;105.20181949804294;4.0;30.0;4.0;39.8434779711784;4.0;98.45632651829004;2673.1277277429276;0.008195779034880413;95956.86631522683;0.0;0.0;98.62846556718796;264.7354101730882;0.8467071884915173;13543.222251933727;0.5898920962970952;0.22979952416917415;161.85706715779816;367.45942142246633;0.7881957790348808;95956.86631522683;0.6336825089028928;0.2640710783597854;98.45632651829004;2673.1277277429276;0.0585114094566365;95956.86631522683;0.0;0.0;117.27746143432626;264.7354101730882;0.8467071884915173;95956.86631522683;0.5898920962970952;0.22979952416917415;150.7435138651062;333.2162468269512;0.8467071884915173;95956.86631522683;0.5898920962970952;0.22979952416917415;147.94634746999844;343.2328214689234;0.7800000000000004;95956.86631522683;0.6403408697039494;0.26970516580021936;108.38165944262357;268.8953642022371;0.7800000000000004;95956.86631522683;0.6403408697039494;0.26970516580021936;108.35630764804279;268.8483962749338;0.7800000000000004;13543.222251933727;0.6403408697039494;0.26970516580021936;98.62846556718796;2684.397944691767;0.06670718849151691;13543.222251933727;0.0;0.0;51.867737934497484;217.15332833332573;0.06670718849151691;13543.222251933727;0.0;0.0;51.87079088189313;217.23681557301043;0.06670718849151691;95956.86631522683;0.0;0.0;"Zustand 3: Temperatur 423.894 K liegt außerhalb des Boryta-Prüfbereichs; Kristallisation wurde nicht bewertet.";"Zustand 4: Temperatur 421.096 K liegt außerhalb des Boryta-Prüfbereichs; Kristallisation wurde nicht bewertet.";"Zustand 5: Temperatur 381.532 K liegt außerhalb des Boryta-Prüfbereichs; Kristallisation wurde nicht bewertet.";"Zustand 6: Temperatur 381.506 K liegt außerhalb des Boryta-Prüfbereichs; Kristallisation wurde nicht bewertet.";"Zustand 20: Temperatur 435.007 K liegt außerhalb des Boryta-Prüfbereichs; Kristallisation wurde nicht bewertet.";5
parallel;Parallel (T13 = T15);parallel;115.0;115.0;30.0;115.0;4.0;4.0;4.0;115.0;0.7900000000000004;Abwärmetemperatur [°C];hot_temperature_C;115.0;10.0;10.0;25.0;15.0;11.0;nan;nan;7.132099667443132e-20;`gtol` termination condition is satisfied.;4;9.083289042706604e-09;3.776797497203982e-10;1;True;;True;0;zulässig;feasible;True;True;True;98.4469891320494;117.24747388826415;147.9180421617147;51.88135806792894;0.12392553377030098;0.263834612768622;0.2300020249407969;0.2694410512802039;163.80362164823038;164.68546076102638;164.52837004017354;163.91804250482514;58.79889021332565;0.49872251725626177;11.835775473702451;29.79686732345874;0.005569747419119546;0.03710011754872001;16.380362163964893;16.468546076088725;6.581134801628287;10.927869500259238;5.34535365587385;98.69653392941524;0.013950094181474748;2684.5269264328977;264.75818277642236;230.52461947277232;0.011951698386567622;0.8447950899210749;0.5985181531533046;0.2361925555729357;7.097256116139761e-10;-1.2867005239058926e-09;2.321598913113121e-09;-3.6661262914350345e-10;-5.336175945558352e-10;1.3912426766182762e-10;9.365805908601033e-10;8.581451993450173e-09;7.097256116139761e-12;-1.2867005239058925e-11;2.321598913113121e-11;-3.6661262914350345e-10;-5.336175945558352e-12;1.3912426766182762e-12;9.365805908601032e-12;8.581451993450173e-11;144.79686732345874;115.0;105.15978648085087;115.0;105.19628932387411;39.84960889719059;16.974466078803232;15.800285035713387;58.84692503222465;21.881358067928943;6.70044176828651;6.46325255143563;16.553010867950604;53.31187910051102;2.8822428739986776;8.922580097193475;4.0;0.7900000000000004;95924.59038090515;13552.258338937714;7.078125872593434;2.8822428739986776;deltaT_shex_1_K;shex;True;True;True;True;True;True;True;True;98.4469891320494;2673.1129164393274;0.06674678830764214;95924.59038090515;0.0;0.0;135.0;4.0;144.79686732345874;4.0;115.0;4.0;105.15978648085087;4.0;115.0;4.0;105.19628932387411;4.0;30.0;4.0;39.84960889719059;4.0;98.4469891320494;2673.1129164393274;0.008271631368477837;95924.59038090515;0.0;0.0;98.69653392941524;264.7581827764232;0.8567467883076425;13552.258338937714;0.5901687685474937;0.2300020249407969;161.77133340226197;367.1964852661813;0.7982716313684782;95924.59038090515;0.6333999324419938;0.263834612768622;98.4469891320494;2673.1129164393274;0.0584751569391643;95924.59038090515;0.0;0.0;117.24747388826415;264.7581827764232;0.8567467883076425;95924.59038090515;0.5901687685474937;0.2300020249407969;150.8002850357134;333.3886007899799;0.8567467883076425;95924.59038090515;0.5901687685474937;0.2300020249407969;147.9180421617147;343.05257300939826;0.7900000000000004;95924.59038090515;0.6400318949525841;0.2694410512802039;108.32489379107068;268.6235980567199;0.7900000000000004;95924.59038090515;0.6400318949525841;0.2694410512802039;108.29955823171349;268.5766358826076;0.7900000000000004;13552.258338937714;0.6400318949525841;0.2694410512802039;98.69653392941524;2684.5269264328977;0.06674678830764214;13552.258338937714;0.0;0.0;51.88135806792894;217.21029687499538;0.06674678830764214;13552.258338937714;0.0;0.0;51.88441022336309;217.2937427989168;0.06674678830764214;95924.59038090515;0.0;0.0;"Zustand 3: Temperatur 423.950 K liegt außerhalb des Boryta-Prüfbereichs; Kristallisation wurde nicht bewertet.";"Zustand 4: Temperatur 421.068 K liegt außerhalb des Boryta-Prüfbereichs; Kristallisation wurde nicht bewertet.";"Zustand 5: Temperatur 381.475 K liegt außerhalb des Boryta-Prüfbereichs; Kristallisation wurde nicht bewertet.";"Zustand 6: Temperatur 381.450 K liegt außerhalb des Boryta-Prüfbereichs; Kristallisation wurde nicht bewertet.";"Zustand 20: Temperatur 434.921 K liegt außerhalb des Boryta-Prüfbereichs; Kristallisation wurde nicht bewertet.";5
parallel;Parallel (T13 = T15);parallel;115.0;115.0;30.0;115.0;4.0;4.0;4.0;115.0;0.8000000000000004;Abwärmetemperatur [°C];hot_temperature_C;115.0;10.0;10.0;25.0;15.0;11.0;nan;nan;6.077110252494273e-20;`gtol` termination condition is satisfied.;4;8.076353773149558e-09;3.486290364411511e-10;1;True;;True;0;zulässig;feasible;True;True;True;98.43769899144075;117.21965545348286;147.88791237152805;51.89489176839703;0.12500336739644233;0.26360219211464114;0.2301989586435299;0.2691823571698109;163.70169797933966;164.78731932434803;164.43584290427637;164.01003916175665;59.611034217669946;0.498413001708537;11.978524648255538;29.7907714102476;0.005570290778625707;0.03756494756147538;16.37016979717408;16.478731932427536;6.57743371619251;10.934002610728859;5.419184928985214;98.76313497243626;0.013870557736997018;2684.6531117655427;264.78337822016954;230.74632241730583;0.012022807867303364;0.854763380206076;0.5987425086926271;0.23636105195952703;6.854250500509806e-10;-1.1674003985717718e-09;2.1366304281400517e-09;-3.3916214281504153e-10;-5.363745003705844e-10;7.267431101354305e-11;8.237748261308298e-10;7.598885076731676e-09;6.854250500509806e-12;-1.1674003985717718e-11;2.1366304281400516e-11;-3.3916214281504153e-10;-5.363745003705844e-12;7.267431101354305e-13;8.237748261308297e-12;7.598885076731676e-11;144.7907714102476;115.0;105.16532040046195;115.0;105.19078713147388;39.85570091652801;16.896143064114085;15.855227092396944;58.907434055908254;21.89489176839703;6.755851262079261;6.402185428025689;16.562301008559245;53.292843996721444;2.967314720868899;8.950187248096825;4.0;0.8000000000000004;95892.48668849208;13561.24219645164;7.071069545058548;2.967314720868899;deltaT_shex_1_K;shex;True;True;True;True;True;True;True;True;98.43769899144075;2673.0981796145284;0.066786188073379;95892.48668849208;0.0;0.0;135.0;4.0;144.7907714102476;4.0;115.0;4.0;105.16532040046195;4.0;115.0;4.0;105.19078713147388;4.0;30.0;4.0;39.85570091652801;4.0;98.43769899144075;2673.0981796145284;0.008348498404744489;95892.48668849208;0.0;0.0;98.76313497243626;264.78337822016846;0.8667861880733794;13561.24219645164;0.5904376161562116;0.2301989586435299;161.68691447436169;366.937807120046;0.8083484984047449;95892.48668849208;0.6331219417767572;0.26360219211464114;98.43769899144075;2673.0981796145284;0.0584376896686345;95892.48668849208;0.0;0.0;117.21965545348286;264.78337822016846;0.8667861880733794;95892.48668849208;0.5904376161562116;0.2301989586435299;150.85522709239694;333.5558564136298;0.8667861880733794;95892.48668849208;0.5904376161562116;0.2301989586435299;147.88791237152805;342.8715868841478;0.8000000000000004;95892.48668849208;0.6397289632539694;0.2691823571698109;108.26946820538603;268.3577941129172;0.8000000000000004;95892.48668849208;0.6397289632539694;0.2691823571698109;108.24414873792074;268.31083792846533;0.8000000000000004;13561.24219645164;0.6397289632539694;0.2691823571698109;98.76313497243626;2684.6531117655427;0.066786188073379;13561.24219645164;0.0;0.0;51.89489176839703;217.26690395721948;0.066786188073379;13561.24219645164;0.0;0.0;51.89794313475244;217.35030878895662;0.066786188073379;95892.48668849208;0.0;0.0;"Zustand 3: Temperatur 424.005 K liegt außerhalb des Boryta-Prüfbereichs; Kristallisation wurde nicht bewertet.";"Zustand 4: Temperatur 421.038 K liegt außerhalb des Boryta-Prüfbereichs; Kristallisation wurde nicht bewertet.";"Zustand 5: Temperatur 381.419 K liegt außerhalb des Boryta-Prüfbereichs; Kristallisation wurde nicht bewertet.";"Zustand 6: Temperatur 381.394 K liegt außerhalb des Boryta-Prüfbereichs; Kristallisation wurde nicht bewertet.";"Zustand 20: Temperatur 434.837 K liegt außerhalb des Boryta-Prüfbereichs; Kristallisation wurde nicht bewertet.";5
parallel;Parallel (T13 = T15);parallel;115.0;115.0;30.0;115.0;4.0;4.0;4.0;115.0;0.8100000000000004;Abwärmetemperatur [°C];hot_temperature_C;115.0;10.0;10.0;25.0;15.0;11.0;nan;nan;5.1815920354736024e-20;`gtol` termination condition is satisfied.;4;7.13867465780607e-09;3.219189971242332e-10;1;True;;True;0;zulässig;feasible;True;True;True;98.42844739103987;117.19393542249418;147.85604326720312;51.90835164114549;0.12609531017522582;0.26337369674351513;0.23039051246995582;0.2689289045336678;163.59621188779425;164.88862223880477;164.33957966952096;164.10165416997162;60.41963854737596;0.49809888355170046;12.121135092903458;29.78446243348054;0.00557082966601168;0.03802945810009158;16.359621188109642;16.488862223878275;6.573583186800635;10.94011027795033;5.49269441349434;98.82832982358065;0.013793991515914988;2684.7766164251752;264.81089983987874;230.96301585193464;0.01209492246876176;0.8647305021958173;0.5989609755040827;0.2365252353966439;6.596252433155314e-10;-1.0617853263283905e-09;1.9182380128768273e-09;-3.139197790602566e-10;-4.94907226311625e-10;2.2026824808563106e-11;7.166818249970675e-10;6.697831622659578e-09;6.596252433155314e-12;-1.0617853263283905e-11;1.918238012876827e-11;-3.139197790602566e-10;-4.94907226311625e-12;2.2026824808563106e-13;7.1668182499706744e-12;6.697831622659578e-11;144.78446243348054;115.0;105.17107777096169;115.0;105.18530776495385;39.86175970327781;16.819300749217007;15.90839442521019;58.96657012030283;21.908351641145487;6.80995222870456;6.342747947381042;16.571552608960133;53.273905544413935;3.0523511580070704;8.978584146723392;4.0;0.8100000000000004;95860.52502956195;13570.182103789071;7.064055905542766;3.0523511580070704;deltaT_shex_1_K;shex;True;True;True;True;True;True;True;True;98.42844739103987;2673.08350346571;0.06682542466457864;95860.52502956195;0.0;0.0;135.0;4.0;144.78446243348054;4.0;115.0;4.0;105.17107777096169;4.0;115.0;4.0;105.18530776495385;4.0;30.0;4.0;39.86175970327781;4.0;98.42844739103987;2673.08350346571;0.008426372650671228;95860.52502956195;0.0;0.0;98.82832982358065;264.8108998398782;0.876825424664579;13570.182103789071;0.5906989128896152;0.23039051246995582;161.60376318269755;366.68324434951154;0.8184263726506716;95860.52502956195;0.6328484061184251;0.26337369674351513;98.42844739103987;2673.08350346571;0.05839905201390741;95860.52502956195;0.0;0.0;117.19393542249418;264.8108998398782;0.876825424664579;95860.52502956195;0.5906989128896152;0.23039051246995582;150.9083944252102;333.71816102073285;0.876825424664579;95860.52502956195;0.5906989128896152;0.23039051246995582;147.85604326720312;342.68992575321585;0.8100000000000004;95860.52502956195;0.6394318828930146;0.2689289045336678;108.21535127577079;268.0977793992451;0.8100000000000004;95860.52502956195;0.6394318828930146;0.2689289045336678;108.19004777129544;268.05082945097337;0.8100000000000004;13570.182103789071;0.6394318828930146;0.2689289045336678;98.82832982358065;2684.7766164251752;0.06682542466457864;13570.182103789071;0.0;0.0;51.90835164114549;217.32320230261078;0.06682542466457864;13570.182103789071;0.0;0.0;51.91140222053991;217.40656622725433;0.06682542466457864;95860.52502956195;0.0;0.0;"Zustand 3: Temperatur 424.058 K liegt außerhalb des Boryta-Prüfbereichs; Kristallisation wurde nicht bewertet.";"Zustand 4: Temperatur 421.006 K liegt außerhalb des Boryta-Prüfbereichs; Kristallisation wurde nicht bewertet.";"Zustand 5: Temperatur 381.365 K liegt außerhalb des Boryta-Prüfbereichs; Kristallisation wurde nicht bewertet.";"Zustand 6: Temperatur 381.340 K liegt außerhalb des Boryta-Prüfbereichs; Kristallisation wurde nicht bewertet.";"Zustand 20: Temperatur 434.754 K liegt außerhalb des Boryta-Prüfbereichs; Kristallisation wurde nicht bewertet.";5
parallel;Parallel (T13 = T15);parallel;115.0;115.0;30.0;115.0;4.0;4.0;4.0;115.0;0.8200000000000004;Abwärmetemperatur [°C];hot_temperature_C;115.0;10.0;10.0;25.0;15.0;11.0;nan;nan;4.424664869893145e-20;`gtol` termination condition is satisfied.;4;6.345609218880309e-09;2.974782301242612e-10;1;True;;True;0;zulässig;feasible;True;True;True;98.41922624607417;117.17024543512645;147.82251577680353;51.92174941501946;0.12720116511458535;0.26314901137244073;0.23057686542424816;0.2686805217148422;163.48729427081207;164.98945777907883;164.23971946170542;164.19296758984132;61.22469455733979;0.49778021712300863;12.263601813208979;29.777948221938516;0.005571364587058196;0.0384936343970464;16.348729426489204;16.498945777911317;6.569588778486305;10.94619783928104;5.565881323484228;98.89217646458872;0.013720283701824227;2684.8975502120247;264.8406546953744;231.17488358363622;0.012168032988741029;0.8746964993476557;0.5991737539170094;0.23668524793901546;6.399503149623342e-10;-9.86716486295336e-10;1.7762431525625288e-09;-2.906459517504345e-10;-4.5221781874715816e-10;-3.433342499192804e-11;6.257039331103442e-10;5.920043122387142e-09;6.399503149623342e-12;-9.86716486295336e-12;1.776243152562529e-11;-2.906459517504345e-10;-4.522178187471582e-12;-3.433342499192804e-13;6.257039331103442e-12;5.920043122387141e-11;144.77794822193852;115.0;105.1770502714291;115.0;105.17984643601426;39.867790537026224;16.743886187244755;15.959839268999588;59.02438592756249;21.921749415019463;6.862775286377541;6.28487380684038;16.580773753925826;53.25504722706984;3.13732349219606;9.007733064586319;4.0;0.8200000000000004;95828.6773728077;13579.085777007125;7.057078727278549;3.13732349219606;deltaT_shex_1_K;shex;True;True;True;True;True;True;True;True;98.41922624607417;2673.0688751728976;0.06686453233639633;95828.6773728077;0.0;0.0;135.0;4.0;144.77794822193852;4.0;115.0;4.0;105.1770502714291;4.0;115.0;4.0;105.17984643601426;4.0;30.0;4.0;39.867790537026224;4.0;98.41922624607417;2673.0688751728976;0.00850524641803148;95828.6773728077;0.0;0.0;98.89217646458872;264.84065469537506;0.8868645323363967;13579.085777007125;0.5909529200265811;0.23057686542424816;161.52183440918327;366.4326601953428;0.8285052464180319;95828.6773728077;0.6325791992370915;0.26314901137244073;98.41922624607417;2673.0688751728976;0.05835928591836485;95828.6773728077;0.0;0.0;117.17024543512645;264.84065469537506;0.8868645323363967;95828.6773728077;0.5909529200265811;0.23057686542424816;150.9598392689996;333.875656462834;0.8868645323363967;95828.6773728077;0.5909529200265811;0.23057686542424816;147.82251577680353;342.5076487278266;0.8200000000000004;95828.6773728077;0.6391404695758556;0.2686805217148422;108.16251237054013;267.84338707331466;0.8200000000000004;95828.6773728077;0.6391404695758556;0.2686805217148422;108.13722471362246;267.7964436167329;0.8200000000000004;13579.085777007125;0.6391404695758556;0.2686805217148422;98.89217646458872;2684.8975502120247;0.06686453233639633;13579.085777007125;0.0;0.0;51.92174941501946;217.3792409682731;0.06686453233639633;13579.085777007125;0.0;0.0;51.92479920894442;217.46256413516568;0.06686453233639633;95828.6773728077;0.0;0.0;"Zustand 3: Temperatur 424.110 K liegt außerhalb des Boryta-Prüfbereichs; Kristallisation wurde nicht bewertet.";"Zustand 4: Temperatur 420.973 K liegt außerhalb des Boryta-Prüfbereichs; Kristallisation wurde nicht bewertet.";"Zustand 5: Temperatur 381.313 K liegt außerhalb des Boryta-Prüfbereichs; Kristallisation wurde nicht bewertet.";"Zustand 6: Temperatur 381.287 K liegt außerhalb des Boryta-Prüfbereichs; Kristallisation wurde nicht bewertet.";"Zustand 20: Temperatur 434.672 K liegt außerhalb des Boryta-Prüfbereichs; Kristallisation wurde nicht bewertet.";5
parallel;Parallel (T13 = T15);parallel;115.0;115.0;30.0;115.0;4.0;4.0;4.0;115.0;0.8300000000000004;Abwärmetemperatur [°C];hot_temperature_C;115.0;10.0;10.0;25.0;15.0;11.0;nan;nan;3.7815550327612814e-20;`gtol` termination condition is satisfied.;4;5.642424133537198e-09;2.750110918767198e-10;1;True;;True;0;zulässig;feasible;True;True;True;98.41002804716533;117.14851941683065;147.78740681641005;51.93509600560259;0.12832073580610137;0.2629280249064934;0.23075818875355136;0.26843704399028895;163.37506895429215;165.08990809906126;164.1363939119933;164.28405378384724;62.026194961830804;0.49745705573606186;12.40591998342109;29.77123618147681;0.005571896003837503;0.038957462131937626;16.337506894904998;16.508990809910763;6.565455756494298;10.952270252217403;5.638744996611009;98.9547299242953;0.013649327443934822;2685.0160173536788;264.87255344138805;231.38210068523617;0.01224213014286013;0.8846614127712642;0.5993810350581151;0.23684122531040672;6.229186055861646e-10;-8.902958370526903e-10;1.6202648112084717e-09;-2.6917401640957905e-10;-3.6413894122233614e-10;-4.6355808080988936e-11;5.861977570020827e-10;5.242156930762576e-09;6.229186055861646e-12;-8.902958370526903e-12;1.6202648112084718e-11;-2.6917401640957905e-10;-3.6413894122233616e-12;-4.635580808098893e-13;5.8619775700208265e-12;5.242156930762576e-11;144.7712361814768;115.0;105.18323002918703;115.0;105.17439869713832;39.87379833128358;16.669848817900345;16.009611805511156;59.08093159301171;21.93509600560259;6.914350283161184;6.2285001048917366;16.589971952834674;53.23625368226294;3.222204989101101;9.037597787775951;4.0;0.8300000000000004;95796.91770452699;13587.960409055588;7.0501322362320025;3.222204989101101;deltaT_shex_1_K;shex;True;True;True;True;True;True;True;True;98.41002804716533;2673.054282827341;0.06690354291412393;95796.91770452699;0.0;0.0;135.0;4.0;144.7712361814768;4.0;115.0;4.0;105.18323002918703;4.0;115.0;4.0;105.17439869713832;4.0;30.0;4.0;39.87379833128358;4.0;98.41002804716533;2673.054282827341;0.008585111854775462;95796.91770452699;0.0;0.0;98.9547299242953;264.87255344138765;0.8969035429141243;13587.960409055588;0.5911998870469224;0.23075818875355136;161.44108499937715;366.1859234856182;0.8385851118547759;95796.91770452699;0.6323141992816778;0.2629280249064934;98.41002804716533;2673.054282827341;0.05831843105934846;95796.91770452699;0.0;0.0;117.14851941683065;264.87255344138765;0.8969035429141243;95796.91770452699;0.5911998870469224;0.23075818875355136;151.00961180551116;334.028479350992;0.8969035429141243;95796.91770452699;0.5911998870469224;0.23075818875355136;147.78740681641005;342.3248115608342;0.8300000000000004;95796.91770452699;0.6388545460997765;0.26843704399028895;108.1109216290547;267.59445618588495;0.8300000000000004;95796.91770452699;0.6388545460997765;0.26843704399028895;108.08564971683882;267.54751948452116;0.8300000000000004;13587.960409055588;0.6388545460997765;0.26843704399028895;98.9547299242953;2685.0160173536788;0.06690354291412393;13587.960409055588;0.0;0.0;51.93509600560259;217.4350656099508;0.06690354291412393;13587.960409055588;0.0;0.0;51.938145014875374;217.51834813522737;0.06690354291412393;95796.91770452699;0.0;0.0;"Zustand 3: Temperatur 424.160 K liegt außerhalb des Boryta-Prüfbereichs; Kristallisation wurde nicht bewertet.";"Zustand 4: Temperatur 420.937 K liegt außerhalb des Boryta-Prüfbereichs; Kristallisation wurde nicht bewertet.";"Zustand 5: Temperatur 381.261 K liegt außerhalb des Boryta-Prüfbereichs; Kristallisation wurde nicht bewertet.";"Zustand 6: Temperatur 381.236 K liegt außerhalb des Boryta-Prüfbereichs; Kristallisation wurde nicht bewertet.";"Zustand 20: Temperatur 434.591 K liegt außerhalb des Boryta-Prüfbereichs; Kristallisation wurde nicht bewertet.";5
parallel;Parallel (T13 = T15);parallel;115.0;115.0;30.0;115.0;4.0;4.0;4.0;115.0;0.8400000000000004;Abwärmetemperatur [°C];hot_temperature_C;115.0;10.0;10.0;25.0;15.0;11.0;nan;nan;3.2377026605942254e-20;`gtol` termination condition is satisfied.;4;5.067950566018291e-09;2.5446817720863354e-10;1;True;;True;0;zulässig;feasible;True;True;True;98.40084581869053;117.12869351490127;147.75078950615818;51.948401573362275;0.12945382663339197;0.26271063026331776;0.23093464635332772;0.2681983132443141;163.2596531511503;165.19004966933323;164.0297276405024;164.37498182882817;62.824133717021695;0.49712945169075595;12.548084939543532;29.76433332243721;0.005572424338103507;0.0394209274124393;16.325965314646776;16.5190049669416;6.561189105635325;10.958332121886999;5.711284883440864;99.01604245766845;0.0135810206038212;2685.1321168420727;264.9065101982666;231.58483399750497;0.012317204588422337;0.894625281380322;0.5995830013713702;0.23699329725057688;5.976446004751779e-10;-8.278036034425895e-10;1.4925944924470969e-09;-2.493829587280061e-10;-3.807372195296921e-10;-8.276401786133647e-11;5.23186827194877e-10;4.682533472077921e-09;5.976446004751779e-12;-8.278036034425895e-12;1.4925944924470968e-11;-2.493829587280061e-10;-3.807372195296921e-12;-8.276401786133647e-13;5.23186827194877e-12;4.682533472077921e-11;144.7643333224372;115.0;105.18960959087906;115.0;105.1689604169361;39.87978765964914;16.597140337220992;16.05776026015161;59.13625479801931;21.948401573362275;6.964706305905452;6.173567133210611;16.599154181309473;53.217510618688436;3.3069707539934257;9.068143562183877;4.0;0.8400000000000004;95765.22188194963;13596.812706800218;7.04321107799435;3.3069707539934257;deltaT_shex_1_K;shex;True;True;True;True;True;True;True;True;98.40084581869053;2673.0397153656036;0.06694248596874397;95765.22188194963;0.0;0.0;135.0;4.0;144.7643333224372;4.0;115.0;4.0;105.18960959087906;4.0;115.0;4.0;105.1689604169361;4.0;30.0;4.0;39.87978765964914;4.0;98.40084581869053;2673.0397153656036;0.008665960973006056;95765.22188194963;0.0;0.0;99.01604245766845;264.9065101982668;0.9069424859687444;13596.812706800218;0.5914400522760447;0.23093464635332772;161.3614736596582;365.9429083641241;0.8486659609730065;95765.22188194963;0.6320532886073469;0.26271063026331776;98.40084581869053;2673.0397153656036;0.05827652499573791;95765.22188194963;0.0;0.0;117.12869351490127;264.9065101982668;0.9069424859687444;95765.22188194963;0.5914400522760447;0.23093464635332772;151.0577602601516;334.17676127699593;0.9069424859687444;95765.22188194963;0.5914400522760447;0.23093464635332772;147.75078950615818;342.1414668296847;0.8400000000000004;95765.22188194963;0.6385739420389522;0.2681983132443141;108.0605499527174;267.35083145298944;0.8400000000000004;95765.22188194963;0.6385739420389522;0.2681983132443141;108.03529369409455;267.3039017774984;0.8400000000000004;13596.812706800218;0.6385739420389522;0.2681983132443141;99.01604245766845;2685.1321168420727;0.06694248596874397;13596.812706800218;0.0;0.0;51.948401573362275;217.4907187251594;0.06694248596874397;13596.812706800218;0.0;0.0;51.951449798247666;217.5739606941043;0.06694248596874397;95765.22188194963;0.0;0.0;"Zustand 3: Temperatur 424.208 K liegt außerhalb des Boryta-Prüfbereichs; Kristallisation wurde nicht bewertet.";"Zustand 4: Temperatur 420.901 K liegt außerhalb des Boryta-Prüfbereichs; Kristallisation wurde nicht bewertet.";"Zustand 5: Temperatur 381.211 K liegt außerhalb des Boryta-Prüfbereichs; Kristallisation wurde nicht bewertet.";"Zustand 6: Temperatur 381.185 K liegt außerhalb des Boryta-Prüfbereichs; Kristallisation wurde nicht bewertet.";"Zustand 20: Temperatur 434.511 K liegt außerhalb des Boryta-Prüfbereichs; Kristallisation wurde nicht bewertet.";5
parallel;Parallel (T13 = T15);parallel;115.0;115.0;30.0;115.0;4.0;4.0;4.0;115.0;0.8500000000000004;Abwärmetemperatur [°C];hot_temperature_C;115.0;10.0;10.0;25.0;15.0;11.0;nan;nan;2.7735197029143374e-20;`gtol` termination condition is satisfied.;4;4.494513096026517e-09;2.355215362940017e-10;1;True;;True;0;zulässig;feasible;True;True;True;98.39167308044631;117.11070603335389;147.71273337504817;51.96167557721276;0.1306002429470002;0.2624967242063627;0.23110639514849715;0.2679641776592696;163.14115788699928;165.28995368046037;163.91983870556294;164.46581589574018;63.61850591477087;0.49679745628678834;12.690092172778103;29.757246285107612;0.005572949974395903;0.03988401675625298;16.3141157882865;16.528995368056613;6.556793548235835;10.964387726351841;5.783500537775154;99.07616371229625;0.013515265515957662;2685.2459427469057;264.94244242372093;231.78324259770608;0.012393246945238356;0.9045881420334301;0.5997798271034834;0.237141587839996;5.740474762205849e-10;-7.558256243100914e-10;1.348382738797227e-09;-2.3120483305660855e-10;-3.3293190426775254e-10;-1.0575718079053331e-10;4.625633209798252e-10;4.134278697165428e-09;5.740474762205849e-12;-7.558256243100914e-12;1.348382738797227e-11;-2.3120483305660855e-10;-3.3293190426775254e-12;-1.0575718079053331e-12;4.625633209798252e-12;4.1342786971654274e-11;144.7572462851076;115.0;105.19618189560032;115.0;105.16352775743178;39.88576277993184;16.52571457583258;16.104330993718577;59.19040093236441;21.96167557721276;7.013871690775659;6.120018183304069;16.60832691955369;53.19880474002787;3.391597618670403;9.099337038964848;4.0;0.8500000000000004;95733.56749827246;13605.64892516991;7.036310287351981;3.391597618670403;deltaT_shex_1_K;shex;True;True;True;True;True;True;True;True;98.39167308044631;2673.0251625088827;0.06698138897866801;95733.56749827246;0.0;0.0;135.0;4.0;144.7572462851076;4.0;115.0;4.0;105.19618189560032;4.0;115.0;4.0;105.16352775743178;4.0;30.0;4.0;39.88576277993184;4.0;98.39167308044631;2673.0251625088827;0.008747785673541564;95733.56749827246;0.0;0.0;99.07616371229625;264.94244242372037;0.9169813889786684;13605.64892516991;0.5916736434890647;0.23110639514849715;161.2829608609402;365.7034940346841;0.8587477856735419;95733.56749827246;0.6317963536107817;0.2624967242063627;98.39167308044631;2673.0251625088827;0.05823360330512645;95733.56749827246;0.0;0.0;117.11070603335389;264.94244242372037;0.9169813889786684;95733.56749827246;0.5916736434890647;0.23110639514849715;151.10433099371858;334.32062902533613;0.9169813889786684;95733.56749827246;0.5916736434890647;0.23110639514849715;147.71273337504817;341.9576641118815;0.8500000000000004;95733.56749827246;0.6382984934454962;0.2679641776592696;108.01136899438904;267.1123630363559;0.8500000000000004;95733.56749827246;0.6382984934454962;0.2679641776592696;107.98612830922434;267.06544066370145;0.8500000000000004;13605.64892516991;0.6382984934454962;0.2679641776592696;99.07616371229625;2685.2459427469057;0.06698138897866801;13605.64892516991;0.0;0.0;51.96167557721276;217.5462398771827;0.06698138897866801;13605.64892516991;0.0;0.0;51.96472301740391;217.62944134641725;0.06698138897866801;95733.56749827246;0.0;0.0;"Zustand 3: Temperatur 424.254 K liegt außerhalb des Boryta-Prüfbereichs; Kristallisation wurde nicht bewertet.";"Zustand 4: Temperatur 420.863 K liegt außerhalb des Boryta-Prüfbereichs; Kristallisation wurde nicht bewertet.";"Zustand 5: Temperatur 381.161 K liegt außerhalb des Boryta-Prüfbereichs; Kristallisation wurde nicht bewertet.";"Zustand 6: Temperatur 381.136 K liegt außerhalb des Boryta-Prüfbereichs; Kristallisation wurde nicht bewertet.";"Zustand 20: Temperatur 434.433 K liegt außerhalb des Boryta-Prüfbereichs; Kristallisation wurde nicht bewertet.";5
parallel;Parallel (T13 = T15);parallel;115.0;115.0;30.0;115.0;4.0;4.0;4.0;115.0;0.8600000000000004;Abwärmetemperatur [°C];hot_temperature_C;115.0;10.0;10.0;25.0;15.0;11.0;nan;nan;2.3783678556330795e-20;`gtol` termination condition is satisfied.;4;4.0194700165429815e-09;2.18099420248339e-10;1;True;;True;0;zulässig;feasible;True;True;True;98.38250381232933;117.09449736709496;147.67330455484188;51.97492682390924;0.13175979121378;0.262286207185482;0.2312735854518344;0.26773449142224914;163.0196883952283;165.3896864146269;163.80683902073633;164.5566155993333;64.4093076864267;0.49646111984005326;12.831937323348964;29.74998136335097;0.0055734732628718;0.0403467170740112;16.30196883915559;16.538968641476234;6.552273560841293;10.97044103992831;5.855391607920405;99.13514088329566;0.013451968761337925;2685.357584507304;264.9802707862591;231.9774782370234;0.012470247813770152;0.9145500296649198;0.5999716787573888;0.23728621580381412;5.513953738045529e-10;-6.977529665164184e-10;1.2490204426285345e-09;-2.1437429609250103e-10;-2.9598368200822733e-10;-1.354294454358751e-10;4.086473381903488e-10;3.672369075502502e-09;5.513953738045529e-12;-6.977529665164184e-12;1.2490204426285345e-11;-2.1437429609250103e-10;-2.9598368200822734e-12;-1.354294454358751e-12;4.086473381903488e-12;3.6723690755025015e-11;144.74998136335097;115.0;105.20294024995599;115.0;105.15809715314992;39.89172765637721;16.455527384862023;16.149368589325434;59.24341322691845;21.974926823909243;7.061874035144001;6.067799366660324;16.617496187670667;53.18012367452445;3.4760640344835565;9.131146220652852;4.0;0.8600000000000004;95701.93375838042;13614.47489868279;7.029425260289667;3.4760640344835565;deltaT_shex_1_K;shex;True;True;True;True;True;True;True;True;98.38250381232933;2673.0106147070996;0.06702027747868955;95701.93375838042;0.0;0.0;135.0;4.0;144.74998136335097;4.0;115.0;4.0;105.20294024995599;4.0;115.0;4.0;105.15809715314992;4.0;30.0;4.0;39.89172765637721;4.0;98.38250381232933;2673.0106147070996;0.008830577767681737;95701.93375838042;0.0;0.0;99.13514088329566;264.9802707862583;0.92702027747869;13614.47489868279;0.5919008784770569;0.2312735854518344;161.205508748213;365.4675645196084;0.8688305777676821;95701.93375838042;0.6315432845720754;0.262286207185482;98.38250381232933;2673.0106147070996;0.05818969971100781;95701.93375838042;0.0;0.0;117.09449736709496;264.9802707862583;0.92702027747869;95701.93375838042;0.5919008784770569;0.2312735854518344;151.14936858932543;334.46020477605964;0.92702027747869;95701.93375838042;0.5919008784770569;0.2312735854518344;147.67330455484188;341.7734501525094;0.8600000000000004;95701.93375838042;0.6380280425647458;0.26773449142224914;107.96335114644211;266.8789063317242;0.8600000000000004;95701.93375838042;0.6380280425647458;0.26773449142224914;107.938125964856;266.83199154442883;0.8600000000000004;13614.47489868279;0.6380280425647458;0.26773449142224914;99.13514088329566;2685.357584507304;0.06702027747868955;13614.47489868279;0.0;0.0;51.97492682390924;217.601665901687;0.06702027747868955;13614.47489868279;0.0;0.0;51.97797347862547;217.68482690120157;0.06702027747868955;95701.93375838042;0.0;0.0;"Zustand 3: Temperatur 424.299 K liegt außerhalb des Boryta-Prüfbereichs; Kristallisation wurde nicht bewertet.";"Zustand 4: Temperatur 420.823 K liegt außerhalb des Boryta-Prüfbereichs; Kristallisation wurde nicht bewertet.";"Zustand 5: Temperatur 381.113 K liegt außerhalb des Boryta-Prüfbereichs; Kristallisation wurde nicht bewertet.";"Zustand 6: Temperatur 381.088 K liegt außerhalb des Boryta-Prüfbereichs; Kristallisation wurde nicht bewertet.";"Zustand 20: Temperatur 434.356 K liegt außerhalb des Boryta-Prüfbereichs; Kristallisation wurde nicht bewertet.";5
parallel;Parallel (T13 = T15);parallel;115.0;115.0;30.0;115.0;4.0;4.0;4.0;115.0;0.8700000000000004;Abwärmetemperatur [°C];hot_temperature_C;115.0;10.0;10.0;25.0;15.0;11.0;nan;nan;2.043054356343834e-20;`gtol` termination condition is satisfied.;4;3.623798635856618e-09;2.021412553806785e-10;1;True;;True;0;zulässig;feasible;True;True;True;98.37333242176055;117.0800099358816;147.63256596351727;51.98816351362575;0.13293227914363667;0.2620789831856089;0.2314363613011885;0.267509114447086;162.89534448435558;165.48930958873527;163.69083474269962;164.64743632074962;65.19653611570719;0.49612049170130734;12.973616174651452;29.742544526576296;0.005573994521901766;0.040809015653047974;16.2895344481063;16.548930958889464;6.547633389720325;10.976495754692264;5.926957828759015;99.19301885756533;0.01339104095347249;2685.4671272034802;265.01991904090954;232.16768574926493;0.012548197790895776;0.9245109774065221;0.6001587155162289;0.2374272947966532;5.334186425898224e-10;-6.419753617592505e-10;1.1402789823478088e-09;-1.9887647084715354e-10;-3.084892341576051e-10;-1.5936052477627527e-10;3.6564529182214756e-10;3.2925981940934435e-09;5.334186425898224e-12;-6.419753617592505e-12;1.1402789823478087e-11;-1.9887647084715354e-10;-3.084892341576051e-12;-1.5936052477627527e-12;3.656452918221476e-12;3.2925981940934435e-11;144.7425445265763;115.0;105.20987830486246;115.0;105.15266529182122;39.89768598018753;16.386536529235855;16.19291593478698;59.2953328773778;21.98816351362575;7.1087402105540605;6.016859447297122;16.62666757823945;53.16145591028135;3.5603499712697158;9.1635404081336;4.0;0.8700000000000004;95670.30136427782;13623.29607056845;7.022551728209328;3.5603499712697158;deltaT_shex_1_K;shex;True;True;True;True;True;True;True;True;98.37333242176055;2672.996063087321;0.06705917519741744;95670.30136427782;0.0;0.0;135.0;4.0;144.7425445265763;4.0;115.0;4.0;105.20987830486246;4.0;115.0;4.0;105.15266529182122;4.0;30.0;4.0;39.89768598018753;4.0;98.37333242176055;2672.996063087321;0.008914328996485133;95670.30136427782;0.0;0.0;99.19301885756533;265.01991904090926;0.9370591751974179;13623.29607056845;0.5921219655781677;0.2314363613011885;161.12908105581215;365.2350084323828;0.8789143289964856;95670.30136427782;0.6312939755042345;0.2620789831856089;98.37333242176055;2672.996063087321;0.05814484620093231;95670.30136427782;0.0;0.0;117.0800099358816;265.01991904090926;0.9370591751974179;95670.30136427782;0.5921219655781677;0.2314363613011885;151.19291593478698;334.5956062988369;0.9370591751974179;95670.30136427782;0.5921219655781677;0.2314363613011885;147.63256596351727;341.5888690239583;0.8700000000000004;95670.30136427782;0.6377624375643118;0.267509114447086;107.916469527748;266.6503217651379;0.8700000000000004;95670.30136427782;0.6377624375643118;0.267509114447086;107.89125978944594;266.60341485059416;0.8700000000000004;13623.29607056845;0.6377624375643118;0.267509114447086;99.19301885756533;2685.4671272034802;0.06705917519741744;13623.29607056845;0.0;0.0;51.98816351362575;217.65703109736955;0.06705917519741744;13623.29607056845;0.0;0.0;51.991209381539875;217.74015163241182;0.06705917519741744;95670.30136427782;0.0;0.0;"Zustand 3: Temperatur 424.343 K liegt außerhalb des Boryta-Prüfbereichs; Kristallisation wurde nicht bewertet.";"Zustand 4: Temperatur 420.783 K liegt außerhalb des Boryta-Prüfbereichs; Kristallisation wurde nicht bewertet.";"Zustand 5: Temperatur 381.066 K liegt außerhalb des Boryta-Prüfbereichs; Kristallisation wurde nicht bewertet.";"Zustand 6: Temperatur 381.041 K liegt außerhalb des Boryta-Prüfbereichs; Kristallisation wurde nicht bewertet.";"Zustand 20: Temperatur 434.279 K liegt außerhalb des Boryta-Prüfbereichs; Kristallisation wurde nicht bewertet.";5
parallel;Parallel (T13 = T15);parallel;115.0;115.0;30.0;115.0;4.0;4.0;4.0;115.0;0.8800000000000004;Abwärmetemperatur [°C];hot_temperature_C;115.0;10.0;10.0;25.0;15.0;11.0;nan;nan;1.7554333700038192e-20;`gtol` termination condition is satisfied.;4;3.215670533939767e-09;1.8737307010367414e-10;1;True;;True;0;zulässig;feasible;True;True;True;98.36415371365223;117.06718811854569;147.59057747878018;52.001393282016465;0.13411751579461342;0.26187495958179535;0.23159486077703512;0.26728791211085234;162.76822087929423;165.58888067093534;163.57192663165353;164.73832950490544;65.9801891597827;0.4957756202766679;13.115124647740583;29.734941440149157;0.005574514040445766;0.041270900142049725;16.276822087639278;16.55888806711168;6.542877065277563;10.982555300307068;5.998199014578488;99.24984034822364;0.013332396536107669;2685.5746518099354;265.0613139078138;232.35400343308652;0.01262708748357666;0.9344710167004052;0.6003410896402083;0.23756493366973752;5.11860775986861e-10;-5.806697345178691e-10;1.0414851203677244e-09;-1.846023334195479e-10;-2.8555291464726906e-10;-1.814726147131296e-10;2.994227088493062e-10;2.9014586289122235e-09;5.11860775986861e-12;-5.806697345178691e-12;1.0414851203677244e-11;-1.846023334195479e-10;-2.8555291464726906e-12;-1.814726147131296e-12;2.994227088493062e-12;2.9014586289122235e-11;144.73494144014916;115.0;105.21699003399203;115.0;105.14722909659656;39.90364118845309;16.318701587490807;16.235014300792102;59.34619915977055;22.001393282016465;7.154496376560473;5.9671496857683906;16.63584628634777;53.14279073513495;3.644436822011926;9.196490148754435;4.0;0.8800000000000004;95638.65240950965;13632.117519670357;7.015685734186828;3.644436822011926;deltaT_shex_1_K;shex;True;True;True;True;True;True;True;True;98.36415371365223;2672.9814994062167;0.06709810418398143;95638.65240950965;0.0;0.0;135.0;4.0;144.73494144014916;4.0;115.0;4.0;105.21699003399203;4.0;115.0;4.0;105.14722909659656;4.0;30.0;4.0;39.90364118845309;4.0;98.36415371365223;2672.9814994062167;0.008999031047683747;95638.65240950965;0.0;0.0;99.24984034822364;265.06131390781314;0.9470981041839819;13632.117519670357;0.5923371041762061;0.23159486077703512;161.05364302763996;365.0057187624349;0.8889990310476842;95638.65240950965;0.6310483240083823;0.26187495958179535;98.36415371365223;2672.9814994062167;0.05809907313629768;95638.65240950965;0.0;0.0;117.06718811854569;265.06131390781314;0.9470981041839819;95638.65240950965;0.5923371041762061;0.23159486077703512;151.2350143007921;334.726947138735;0.9470981041839819;95638.65240950965;0.5923371041762061;0.23159486077703512;147.59057747878018;341.40396227803257;0.8800000000000004;95638.65240950965;0.6375015322762662;0.26728791211085234;107.87069796979125;266.426474597043;0.8800000000000004;95638.65240950965;0.6375015322762662;0.26728791211085234;107.84550362343953;266.3795758468816;0.8800000000000004;13632.117519670357;0.6375015322762662;0.26728791211085234;99.24984034822364;2685.5746518099354;0.06709810418398143;13632.117519670357;0.0;0.0;52.001393282016465;217.71236740180203;0.06709810418398143;13632.117519670357;0.0;0.0;52.00443836146161;217.79544745463275;0.06709810418398143;95638.65240950965;0.0;0.0;"Zustand 3: Temperatur 424.385 K liegt außerhalb des Boryta-Prüfbereichs; Kristallisation wurde nicht bewertet.";"Zustand 4: Temperatur 420.741 K liegt außerhalb des Boryta-Prüfbereichs; Kristallisation wurde nicht bewertet.";"Zustand 5: Temperatur 381.021 K liegt außerhalb des Boryta-Prüfbereichs; Kristallisation wurde nicht bewertet.";"Zustand 6: Temperatur 380.996 K liegt außerhalb des Boryta-Prüfbereichs; Kristallisation wurde nicht bewertet.";"Zustand 20: Temperatur 434.204 K liegt außerhalb des Boryta-Prüfbereichs; Kristallisation wurde nicht bewertet.";5
parallel;Parallel (T13 = T15);parallel;115.0;115.0;30.0;115.0;4.0;4.0;4.0;115.0;0.8900000000000005;Abwärmetemperatur [°C];hot_temperature_C;115.0;10.0;10.0;25.0;15.0;11.0;nan;nan;1.511869527484945e-20;`gtol` termination condition is satisfied.;4;2.9177553817651502e-09;1.7388901790998447e-10;1;True;;True;0;zulässig;feasible;True;True;True;98.3549628626763;117.05597818776243;147.5473961019544;52.01462323908822;0.13531531166058694;0.26167404700110725;0.23174921630135817;0.2670707550038004;162.63840753894982;165.68845317322234;163.4502103868457;164.82934293519907;66.76026557769677;0.495426553049438;13.256458796103278;29.72717748438697;0.005575032080236911;0.041732358536498884;16.26384075363331;16.56884531734008;6.538008415484736;10.988622862327581;6.069115052567719;99.30564601993632;0.013275953592027158;2685.680235431558;265.10438495375905;232.53656340941805;0.012706907520673716;0.9444301774044211;0.6005189468379183;0.2376992367213241;4.893792038274114e-10;-5.481410880747717e-10;9.534346645523328e-10;-1.7143220176762952e-10;-2.7270630198472645e-10;-1.7845991351350676e-10;2.8535396268125623e-10;2.616729943838436e-09;4.893792038274114e-12;-5.481410880747717e-12;9.534346645523328e-12;-1.7143220176762952e-10;-2.7270630198472646e-12;-1.7845991351350676e-12;2.8535396268125625e-12;2.616729943838436e-11;144.72717748438697;115.0;105.22426971370538;115.0;105.1417857096173;39.909596481652045;16.251983857823404;16.27570341496613;59.396049538284274;22.014623239088223;7.19916799529318;5.918623693769064;16.645037137323698;53.124118181703864;3.728307313011726;9.2299671856984;4.0;0.8900000000000005;95606.97028171524;13640.943985333177;7.008823611072109;3.728307313011726;deltaT_shex_1_K;shex;True;True;True;True;True;True;True;True;98.3549628626763;2672.966916006156;0.0671370849250944;95606.97028171524;0.0;0.0;135.0;4.0;144.72717748438697;4.0;115.0;4.0;105.22426971370538;4.0;115.0;4.0;105.1417857096173;4.0;30.0;4.0;39.909596481652045;4.0;98.3549628626763;2672.966916006156;0.009084675570622442;95606.97028171524;0.0;0.0;99.30564601993632;265.1043849537582;0.9571370849250949;13640.943985333177;0.5925464851685651;0.23174921630135817;160.97916134221038;364.77959267194933;0.8990846755706229;95606.97028171524;0.6308062311353835;0.26167404700110725;98.3549628626763;2672.966916006156;0.058052409354471965;95606.97028171524;0.0;0.0;117.05597818776243;265.1043849537582;0.9571370849250949;95606.97028171524;0.5925464851685651;0.23174921630135817;151.27570341496613;334.85433679364684;0.9571370849250949;95606.97028171524;0.5925464851685651;0.23174921630135817;147.5473961019544;341.21876909019517;0.8900000000000005;95606.97028171524;0.637245185951518;0.2670707550038004;107.82601100206404;266.2072347337824;0.8900000000000005;95606.97028171524;0.637245185951518;0.2670707550038004;107.80083200470682;266.16034444329193;0.8900000000000005;13640.943985333177;0.637245185951518;0.2670707550038004;99.30564601993632;2685.680235431558;0.0671370849250944;13640.943985333177;0.0;0.0;52.01462323908822;217.76770455413288;0.0671370849250944;13640.943985333177;0.0;0.0;52.01766752791343;217.85074408565941;0.0671370849250944;95606.97028171524;0.0;0.0;"Zustand 3: Temperatur 424.426 K liegt außerhalb des Boryta-Prüfbereichs; Kristallisation wurde nicht bewertet.";"Zustand 4: Temperatur 420.697 K liegt außerhalb des Boryta-Prüfbereichs; Kristallisation wurde nicht bewertet.";"Zustand 5: Temperatur 380.976 K liegt außerhalb des Boryta-Prüfbereichs; Kristallisation wurde nicht bewertet.";"Zustand 6: Temperatur 380.951 K liegt außerhalb des Boryta-Prüfbereichs; Kristallisation wurde nicht bewertet.";"Zustand 20: Temperatur 434.129 K liegt außerhalb des Boryta-Prüfbereichs; Kristallisation wurde nicht bewertet.";5
parallel;Parallel (T13 = T15);parallel;115.0;115.0;30.0;115.0;4.0;4.0;4.0;115.0;0.9000000000000005;Abwärmetemperatur [°C];hot_temperature_C;115.0;10.0;10.0;25.0;15.0;11.0;nan;nan;1.3021292682630112e-20;`gtol` termination condition is satisfied.;4;2.604452638375381e-09;1.61377152550354e-10;1;True;;True;0;zulässig;feasible;True;True;True;98.3457553876471;117.04632824572496;147.50307611285655;52.02786000511588;0.13652547874372306;0.26147615919093253;0.23189955491943198;0.2668575186923459;162.50598995155963;165.78807692168533;163.3257769586487;164.9205209870293;67.53676486544849;0.49507333660303154;13.397614800732722;29.719257772222477;0.005575548877778356;0.04219337916486797;16.250598994924847;16.57880769218677;6.533031078356118;10.9947013991184;6.1397058969053555;99.36047460589856;0.013221633662317062;2685.7839515240244;265.1490644772401;232.71549195625056;0.012787648563117981;0.9543884878899755;0.6006924266144896;0.23783030393198504;4.755946747536655e-10;-5.104254796606256e-10;8.760707714827731e-10;-1.5926959751055847e-10;-2.5426061256439425e-10;-1.8238210941490252e-10;2.533226961531909e-10;2.3111681457521627e-09;4.755946747536655e-12;-5.104254796606256e-12;8.760707714827732e-12;-1.5926959751055847e-10;-2.5426061256439423e-12;-1.8238210941490252e-12;2.533226961531909e-12;2.3111681457521626e-11;144.71925777222248;115.0;105.23171190438705;115.0;105.13633247685232;39.915554839813694;16.186346269934063;16.315021532177298;59.444919766084865;22.027860005115883;7.2427798465295155;5.871237298488495;16.654244612352898;53.10542897603068;3.8119454193207503;9.263944408770271;4.0;0.9000000000000005;95575.23957264792;13649.779890417209;7.001961961287468;3.8119454193207503;deltaT_shex_1_K;shex;True;True;True;True;True;True;True;True;98.3457553876471;2672.952305774642;0.06717613645309306;95575.23957264792;0.0;0.0;135.0;4.0;144.71925777222248;4.0;115.0;4.0;105.23171190438705;4.0;115.0;4.0;105.13633247685232;4.0;30.0;4.0;39.915554839813694;4.0;98.3457553876471;2672.952305774642;0.009171254189412196;95575.23957264792;0.0;0.0;99.36047460589856;265.14906447723916;0.9671761364530935;13649.779890417209;0.5927502914060646;0.23189955491943198;160.90560404215654;364.5565313038773;0.9091712541894127;95575.23957264792;0.6305676012534762;0.26147615919093253;98.3457553876471;2672.952305774642;0.05800488226368086;95575.23957264792;0.0;0.0;117.04632824572496;265.14906447723916;0.9671761364530935;95575.23957264792;0.5927502914060646;0.23189955491943198;151.3150215321773;334.97788088406736;0.9671761364530935;95575.23957264792;0.5927502914060646;0.23189955491943198;147.50307611285655;341.0333263965881;0.9000000000000005;95575.23957264792;0.6369932630261806;0.2668575186923459;107.7823838369547;265.99247654661826;0.9000000000000005;95575.23957264792;0.6369932630261806;0.2668575186923459;107.75722015347048;265.94559501421287;0.9000000000000005;13649.779890417209;0.6369932630261806;0.2668575186923459;99.36047460589856;2685.7839515240244;0.06717613645309306;13649.779890417209;0.0;0.0;52.02786000511588;217.82307024515202;0.06717613645309306;13649.779890417209;0.0;0.0;52.03090350082164;217.90606919644884;0.06717613645309306;95575.23957264792;0.0;0.0;"Zustand 3: Temperatur 424.465 K liegt außerhalb des Boryta-Prüfbereichs; Kristallisation wurde nicht bewertet.";"Zustand 4: Temperatur 420.653 K liegt außerhalb des Boryta-Prüfbereichs; Kristallisation wurde nicht bewertet.";"Zustand 5: Temperatur 380.932 K liegt außerhalb des Boryta-Prüfbereichs; Kristallisation wurde nicht bewertet.";"Zustand 6: Temperatur 380.907 K liegt außerhalb des Boryta-Prüfbereichs; Kristallisation wurde nicht bewertet.";"Zustand 20: Temperatur 434.056 K liegt außerhalb des Boryta-Prüfbereichs; Kristallisation wurde nicht bewertet.";5
parallel;Parallel (T13 = T15);parallel;115.0;115.0;30.0;115.0;4.0;4.0;4.0;115.0;0.9100000000000005;Abwärmetemperatur [°C];hot_temperature_C;115.0;10.0;10.0;25.0;15.0;11.0;nan;nan;1.1229801268047111e-20;`gtol` termination condition is satisfied.;4;2.3816772077587034e-09;1.4986528128987788e-10;1;True;;True;0;zulässig;feasible;True;True;True;98.33652712784885;117.0381881609249;147.4576692159605;52.04110974387845;0.13774783061284138;0.2612812128930108;0.23204599856523872;0.2666480834940373;162.37104940991412;165.88779830672587;163.19871283939773;165.01190486236797;68.30968719697462;0.4947160166447004;13.538588965444477;29.71118716566474;0.005576064646187957;0.04265395067554302;16.237104940781204;16.588779830690637;6.527948513585673;11.000793657475683;6.209971563404024;99.41436301703538;0.013169361575551184;2685.8858700995747;265.1952873969915;232.89090982209248;0.012869301312668502;0.9643459751332496;0.600861662597765;0.23795823118544182;4.474145498534199e-10;-4.696403266279958e-10;8.153051567205694e-10;-1.479680822313867e-10;-2.440856405883096e-10;-1.8050627659249585e-10;2.3274537852557842e-10;2.1020696294726804e-09;4.4741454985341985e-12;-4.6964032662799584e-12;8.153051567205694e-12;-1.479680822313867e-10;-2.440856405883096e-12;-1.8050627659249585e-12;2.327453785255784e-12;2.1020696294726805e-11;144.71118716566474;115.0;105.23931143305037;115.0;105.13086693406888;39.92151903748362;16.121753302119316;16.353005501176995;59.492843979551765;22.04110974387845;7.28535604318995;5.8249484160149905;16.663472872151146;53.086714490490806;3.8953362852165014;9.298395806709038;4.0;0.9100000000000005;95543.44599505614;13658.629362614593;6.99509763816937;3.8953362852165014;deltaT_shex_1_K;shex;True;True;True;True;True;True;True;True;98.33652712784885;2672.9376621068277;0.06721527644591763;95543.44599505614;0.0;0.0;135.0;4.0;144.71118716566474;4.0;115.0;4.0;105.23931143305037;4.0;115.0;4.0;105.13086693406888;4.0;30.0;4.0;39.92151903748362;4.0;98.33652712784885;2672.9376621068277;0.009258758514467568;95543.44599505614;0.0;0.0;99.41436301703538;265.1952873969915;0.9772152764459181;13658.629362614593;0.5929486981061282;0.23204599856523872;160.83294046778406;364.33643960006435;0.919258758514468;95543.44599505614;0.6303323419211955;0.2612812128930108;98.33652712784885;2672.9376621068277;0.057956517931450055;95543.44599505614;0.0;0.0;117.0381881609249;265.1952873969915;0.9772152764459181;95543.44599505614;0.5929486981061282;0.23204599856523872;151.353005501177;335.0976813151601;0.9772152764459181;95543.44599505614;0.5929486981061282;0.23204599856523872;147.4576692159605;340.84766902360343;0.9100000000000005;95543.44599505614;0.6367456328989307;0.2666480834940373;107.73979235421587;265.7820786977494;0.9100000000000005;95543.44599505614;0.6367456328989307;0.2666480834940373;107.71464395681005;265.73520622447955;0.9100000000000005;13658.629362614593;0.6367456328989307;0.2666480834940373;99.41436301703538;2685.8858700995747;0.06721527644591763;13658.629362614593;0.0;0.0;52.04110974387845;217.87849025636922;0.06721527644591763;13658.629362614593;0.0;0.0;52.04415244357807;217.96144855009393;0.06721527644591763;95543.44599505614;0.0;0.0;"Zustand 3: Temperatur 424.503 K liegt außerhalb des Boryta-Prüfbereichs; Kristallisation wurde nicht bewertet.";"Zustand 4: Temperatur 420.608 K liegt außerhalb des Boryta-Prüfbereichs; Kristallisation wurde nicht bewertet.";"Zustand 5: Temperatur 380.890 K liegt außerhalb des Boryta-Prüfbereichs; Kristallisation wurde nicht bewertet.";"Zustand 6: Temperatur 380.865 K liegt außerhalb des Boryta-Prüfbereichs; Kristallisation wurde nicht bewertet.";"Zustand 20: Temperatur 433.983 K liegt außerhalb des Boryta-Prüfbereichs; Kristallisation wurde nicht bewertet.";5
parallel;Parallel (T13 = T15);parallel;115.0;115.0;30.0;115.0;4.0;4.0;4.0;115.0;0.9200000000000005;Abwärmetemperatur [°C];hot_temperature_C;115.0;10.0;10.0;25.0;15.0;11.0;nan;nan;9.690868548798283e-21;`gtol` termination condition is satisfied.;4;2.1221394585865154e-09;1.392183073363434e-10;1;True;;True;0;zulässig;feasible;True;True;True;98.32727422114067;117.03150950619397;147.41122467836942;52.05437819340824;0.13898218245165056;0.26108912772348003;0.2321886643118683;0.2664423342641;162.23366326745418;165.98766051441456;163.06910033422463;165.10353280647203;69.0790333706369;0.49435463802949137;13.67937771245974;29.702970291115662;0.005576579576887308;0.04311406202441923;16.223366326560463;16.598766051462693;6.52276401337826;11.006902187086029;6.279912124641699;99.46734644405154;0.013119065286272531;2685.986057919352;265.2429911442025;233.06293251987915;0.012951856519358151;0.9743026648001338;0.6010267828444333;0.23808311047622918;4.292246558179613e-10;-4.2177816794719547e-10;7.548237590526696e-10;-1.3759826611448034e-10;-2.318643055332359e-10;-2.1236701286397874e-10;1.816147232602816e-10;1.8495427411835408e-09;4.2922465581796135e-12;-4.217781679471955e-12;7.548237590526696e-12;-1.3759826611448034e-10;-2.318643055332359e-12;-2.1236701286397874e-12;1.816147232602816e-12;1.8495427411835408e-11;144.70297029111566;115.0;105.24706337713968;115.0;105.12538679387131;39.927491657560665;16.058170903452776;16.38969082786707;59.53985478649088;22.05437819340824;7.326920047099236;5.779716933088139;16.67272577885933;53.067966699950546;3.978466149497649;9.33329642102359;4.0;0.9200000000000005;95511.57630583282;13667.496254185917;6.988227728731272;3.978466149497649;deltaT_shex_1_K;shex;True;True;True;True;True;True;True;True;98.32727422114067;2672.922978870851;0.0672545213194915;95511.57630583282;0.0;0.0;135.0;4.0;144.70297029111566;4.0;115.0;4.0;105.24706337713968;4.0;115.0;4.0;105.12538679387131;4.0;30.0;4.0;39.927491657560665;4.0;98.32727422114067;2672.922978870851;0.00934718015272399;95511.57630583282;0.0;0.0;99.46734644405154;265.2429911442022;0.987254521319492;13667.496254185917;0.5931418732414989;0.2321886643118683;160.76114119456844;364.11922612944187;0.9293471801527244;95511.57630583282;0.6301003637660463;0.26108912772348003;98.32727422114067;2672.922978870851;0.05790734116676751;95511.57630583282;0.0;0.0;117.03150950619397;265.2429911442022;0.987254521319492;95511.57630583282;0.5931418732414989;0.2321886643118683;151.38969082786707;335.21383643170816;0.987254521319492;95511.57630583282;0.5931418732414989;0.2321886643118683;147.41122467836942;340.6618298105241;0.9200000000000005;95511.57630583282;0.6365021697191114;0.2664423342641;107.69821308517038;265.5759239733419;0.9200000000000005;95511.57630583282;0.6365021697191114;0.2664423342641;107.67307995290076;265.5290608624458;0.9200000000000005;13667.496254185917;0.6365021697191114;0.2664423342641;99.46734644405154;2685.986057919352;0.0672545213194915;13667.496254185917;0.0;0.0;52.05437819340824;217.93398858868338;0.0672545213194915;13667.496254185917;0.0;0.0;52.05742009392077;218.01690613039622;0.0672545213194915;95511.57630583282;0.0;0.0;"Zustand 3: Temperatur 424.540 K liegt außerhalb des Boryta-Prüfbereichs; Kristallisation wurde nicht bewertet.";"Zustand 4: Temperatur 420.561 K liegt außerhalb des Boryta-Prüfbereichs; Kristallisation wurde nicht bewertet.";"Zustand 5: Temperatur 380.848 K liegt außerhalb des Boryta-Prüfbereichs; Kristallisation wurde nicht bewertet.";"Zustand 6: Temperatur 380.823 K liegt außerhalb des Boryta-Prüfbereichs; Kristallisation wurde nicht bewertet.";"Zustand 20: Temperatur 433.911 K liegt außerhalb des Boryta-Prüfbereichs; Kristallisation wurde nicht bewertet.";5
parallel;Parallel (T13 = T15);parallel;115.0;115.0;30.0;115.0;4.0;4.0;4.0;115.0;0.9300000000000005;Abwärmetemperatur [°C];hot_temperature_C;115.0;10.0;10.0;25.0;15.0;11.0;nan;nan;8.370483303269852e-21;`gtol` termination condition is satisfied.;4;1.9217999465583328e-09;1.2938688730524322e-10;1;True;;True;0;zulässig;feasible;True;True;True;98.31799308370319;117.02624549823366;147.36378946004083;52.06767069446033;0.14022835109339976;0.26089982605775464;0.2323276646077199;0.26624016019282837;162.09390517710682;166.08770374087646;162.93701781353616;165.19544030855786;69.84480476048267;0.49398924478478046;13.819977578211189;29.694611553654738;0.0055770938411628815;0.043573702463153445;16.2093905175445;16.608770374108538;6.517480712550033;11.01302935389233;6.3495277055347366;99.5194584528387;0.01307067572232984;2686.084578673244;265.29211555857853;233.2316706026136;0.013035304987862761;0.9842585813254017;0.6011879101274095;0.23820503010499483;4.150280119574745e-10;-3.994244934801827e-10;6.810978447902016e-10;-1.2795808856935764e-10;-2.1466917132784147e-10;-2.0889956431346945e-10;1.7291768017457798e-10;1.6618173503957223e-09;4.150280119574745e-12;-3.994244934801827e-12;6.810978447902016e-12;-1.2795808856935764e-10;-2.1466917132784147e-12;-2.0889956431346945e-12;1.72917680174578e-12;1.6618173503957224e-11;144.69461155365474;115.0;105.25496304942965;115.0;105.11988993369869;39.933475104119395;15.99556642040642;16.42511173534575;59.58598334871931;22.067670694460332;7.367494684928829;5.735504596590943;16.682006916296814;53.04917814140987;4.061322275304917;9.368622301495748;4.0;0.9300000000000005;95479.618234949;13676.38416024713;6.981349537729255;4.061322275304917;deltaT_shex_1_K;shex;True;True;True;True;True;True;True;True;98.31799308370319;2672.908250375755;0.06729388631326394;95479.618234949;0.0;0.0;135.0;4.0;144.69461155365474;4.0;115.0;4.0;105.25496304942965;4.0;115.0;4.0;105.11988993369869;4.0;30.0;4.0;39.933475104119395;4.0;98.31799308370319;2672.908250375755;0.009436510716375704;95479.618234949;0.0;0.0;99.5194584528387;265.29211555857984;0.9972938863132644;13676.38416024713;0.5933299779059489;0.2323276646077199;160.69017797406116;363.90480292477446;0.9394365107163762;95479.618234949;0.6298715803675973;0.26089982605775464;98.31799308370319;2672.908250375755;0.057857375596888236;95479.618234949;0.0;0.0;117.02624549823366;265.29211555857984;0.9972938863132644;95479.618234949;0.5933299779059489;0.2323276646077199;151.42511173534575;335.3264411661304;0.9972938863132644;95479.618234949;0.5933299779059489;0.2323276646077199;147.36378946004083;340.4758397254858;0.9300000000000005;95479.618234949;0.636262752184932;0.26624016019282837;107.65762319673792;265.37389912326256;0.9300000000000005;95479.618234949;0.636262752184932;0.26624016019282837;107.63250531507117;265.3270456797538;0.9300000000000005;13676.38416024713;0.636262752184932;0.26624016019282837;99.5194584528387;2686.084578673244;0.06729388631326394;13676.38416024713;0.0;0.0;52.06767069446033;217.9895875813143;0.06729388631326394;13676.38416024713;0.0;0.0;52.07071179228882;218.07246426070833;0.06729388631326394;95479.618234949;0.0;0.0;"Zustand 3: Temperatur 424.575 K liegt außerhalb des Boryta-Prüfbereichs; Kristallisation wurde nicht bewertet.";"Zustand 4: Temperatur 420.514 K liegt außerhalb des Boryta-Prüfbereichs; Kristallisation wurde nicht bewertet.";"Zustand 5: Temperatur 380.808 K liegt außerhalb des Boryta-Prüfbereichs; Kristallisation wurde nicht bewertet.";"Zustand 6: Temperatur 380.783 K liegt außerhalb des Boryta-Prüfbereichs; Kristallisation wurde nicht bewertet.";"Zustand 20: Temperatur 433.840 K liegt außerhalb des Boryta-Prüfbereichs; Kristallisation wurde nicht bewertet.";5
parallel;Parallel (T13 = T15);parallel;115.0;115.0;30.0;115.0;4.0;4.0;4.0;115.0;0.9400000000000005;Abwärmetemperatur [°C];hot_temperature_C;115.0;10.0;10.0;25.0;15.0;11.0;nan;nan;7.242781385973536e-21;`gtol` termination condition is satisfied.;4;1.7496352999108309e-09;1.2035598353196683e-10;1;True;;True;0;zulässig;feasible;True;True;True;98.3086803912704;117.02235093863908;147.31540833659398;52.08099221691333;0.14148615505144338;0.26071323292116316;0.23246310749937293;0.2660414546131366;161.95184531383052;166.18796539082635;162.80253994843974;165.28766028749075;70.60700327193109;0.49361988013470237;13.960385209375197;29.686115150348712;0.00557760759159705;0.044032861527992455;16.195184531233412;16.618796539104597;6.512101597946641;11.019177352491164;6.418818479300307;99.5707310737385;0.013024126640492491;2686.1814931481663;265.3426027880911;233.39722992202675;0.013119637582851729;0.9942137479865338;0.6013451622056828;0.23832407486220475;3.9320013911492424e-10;-3.722817609741469e-10;6.3243987824535e-10;-1.19083409799714e-10;-2.262936504848767e-10;-2.1961454876873177e-10;1.2329337550909258e-10;1.496403001510771e-09;3.932001391149242e-12;-3.722817609741469e-12;6.3243987824535e-12;-1.19083409799714e-10;-2.262936504848767e-12;-2.1961454876873175e-12;1.232933755090926e-12;1.496403001510771e-11;144.6861151503487;115.0;105.26300598394499;115.0;105.11437438471944;39.93947161428389;15.933908527968185;16.45930122087134;59.63125945945461;22.08099221691333;7.407102164224398;5.692274910206493;16.6913196087296;53.03034187645676;4.1438928842773635;9.404350463260641;4.0;0.9400000000000005;95447.56041961984;13685.296435740049;6.974460572907451;4.1438928842773635;deltaT_shex_1_K;shex;True;True;True;True;True;True;True;True;98.3086803912704;2672.893471341777;0.06733338556938506;95447.56041961984;0.0;0.0;135.0;4.0;144.6861151503487;4.0;115.0;4.0;105.26300598394499;4.0;115.0;4.0;105.11437438471944;4.0;30.0;4.0;39.93947161428389;4.0;98.3086803912704;2672.893471341777;0.009526741830808635;95447.56041961984;0.0;0.0;99.5707310737385;265.3426027880906;1.0073333855693856;13685.296435740049;0.5935131666584684;0.23246310749937293;160.6200236783169;363.6930853285665;0.9495267418308091;95447.56041961984;0.6296459081462034;0.26071323292116316;98.3086803912704;2672.893471341777;0.05780664373857643;95447.56041961984;0.0;0.0;117.02235093863908;265.3426027880906;1.0073333855693856;95447.56041961984;0.5935131666584684;0.23246310749937293;151.45930122087134;335.43558717976856;1.0073333855693856;95447.56041961984;0.5935131666584684;0.23246310749937293;147.31540833659398;340.2897279748228;0.9400000000000005;95447.56041961984;0.6360272633511507;0.2660414546131366;107.61800047537844;265.17589470722936;0.9400000000000005;95447.56041961984;0.6360272633511507;0.2660414546131366;107.5928978357756;265.12905123751875;0.9400000000000005;13685.296435740049;0.6360272633511507;0.2660414546131366;99.5707310737385;2686.1814931481663;0.06733338556938506;13685.296435740049;0.0;0.0;52.08099221691333;218.0453080223708;0.06733338556938506;13685.296435740049;0.0;0.0;52.08403250826268;218.1281437144191;0.06733338556938506;95447.56041961984;0.0;0.0;"Zustand 3: Temperatur 424.609 K liegt außerhalb des Boryta-Prüfbereichs; Kristallisation wurde nicht bewertet.";"Zustand 4: Temperatur 420.465 K liegt außerhalb des Boryta-Prüfbereichs; Kristallisation wurde nicht bewertet.";"Zustand 5: Temperatur 380.768 K liegt außerhalb des Boryta-Prüfbereichs; Kristallisation wurde nicht bewertet.";"Zustand 6: Temperatur 380.743 K liegt außerhalb des Boryta-Prüfbereichs; Kristallisation wurde nicht bewertet.";"Zustand 20: Temperatur 433.770 K liegt außerhalb des Boryta-Prüfbereichs; Kristallisation wurde nicht bewertet.";5
parallel;Parallel (T13 = T15);parallel;115.0;115.0;30.0;115.0;4.0;4.0;4.0;115.0;0.9500000000000005;Abwärmetemperatur [°C];hot_temperature_C;115.0;10.0;10.0;25.0;15.0;11.0;nan;nan;6.272770444526734e-21;`gtol` termination condition is satisfied.;4;1.5959057494167035e-09;1.1200687875775071e-10;1;True;;True;0;zulässig;feasible;True;True;True;98.29933306176378;117.01978215657829;147.26612401518065;52.09434738422482;0.14275541453756557;0.2605292758839344;0.2325950968420798;0.2658461148179026;161.8075505823037;166.28848026178676;162.6657379305139;165.38022326396467;71.36563130146196;0.49324658652443465;14.100597359098572;29.677485082673684;0.0055781209633981085;0.04449152902921588;16.180755058094604;16.628848026198103;6.506629517227421;11.025348217588286;6.487784663800096;99.62119488510234;0.012979354489915971;2686.2768593856267;265.39439719257143;233.55971187148995;0.013204845233483864;1.004168186972631;0.6014986520780427;0.23844032620118216;3.806945869655465e-10;-3.390994152141502e-10;5.870219865755644e-10;-1.108696467966297e-10;-1.716387032502098e-10;-1.942623839568114e-10;1.403748228767654e-10;1.3576482160715386e-09;3.8069458696554646e-12;-3.390994152141502e-12;5.8702198657556435e-12;-1.108696467966297e-10;-1.716387032502098e-12;-1.9426238395681137e-12;1.403748228767654e-12;1.3576482160715386e-11;144.67748508267368;115.0;105.27118792281613;115.0;105.1088383215332;39.94548326924564;15.873167164624363;16.492291109993914;59.6757116158567;22.094347384224818;7.445764089440104;5.649993037713784;16.700666938236225;53.01145145648212;4.226167094813263;9.440458845546345;4.0;0.9500000000000005;95415.39234340457;13694.236211162153;6.9675585313499715;4.226167094813263;deltaT_shex_1_K;shex;True;True;True;True;True;True;True;True;98.29933306176378;2672.8786368728397;0.06737303220611446;95415.39234340457;0.0;0.0;135.0;4.0;144.67748508267368;4.0;115.0;4.0;105.27118792281613;4.0;115.0;4.0;105.1088383215332;4.0;30.0;4.0;39.94548326924564;4.0;98.29933306176378;2672.8786368728397;0.009617865141236626;95415.39234340457;0.0;0.0;99.62119488510234;265.3943971925723;1.017373032206115;13694.236211162153;0.5936915878475151;0.2325950968420798;160.55065224729805;363.48399184651356;0.9596178651412371;95415.39234340457;0.6294232662557415;0.2605292758839344;98.29933306176378;2672.8786368728397;0.057755167064877835;95415.39234340457;0.0;0.0;117.01978215657829;265.3943971925723;1.017373032206115;95415.39234340457;0.5936915878475151;0.2325950968420798;151.49229110999391;335.5413629979364;1.017373032206115;95415.39234340457;0.5936915878475151;0.2325950968420798;147.26612401518065;340.10352210633437;0.9500000000000005;95415.39234340457;0.6357955904459887;0.2658461148179026;107.57932331103194;264.9818049473015;0.9500000000000005;95415.39234340457;0.6357955904459887;0.2658461148179026;107.5542359105599;264.9349717588497;0.9500000000000005;13694.236211162153;0.6357955904459887;0.2658461148179026;99.62119488510234;2686.2768593856267;0.06737303220611446;13694.236211162153;0.0;0.0;52.09434738422482;218.101169251033;0.06737303220611446;13694.236211162153;0.0;0.0;52.09738686505108;218.18396381705958;0.06737303220611446;95415.39234340457;0.0;0.0;"Zustand 3: Temperatur 424.642 K liegt außerhalb des Boryta-Prüfbereichs; Kristallisation wurde nicht bewertet.";"Zustand 4: Temperatur 420.416 K liegt außerhalb des Boryta-Prüfbereichs; Kristallisation wurde nicht bewertet.";"Zustand 5: Temperatur 380.729 K liegt außerhalb des Boryta-Prüfbereichs; Kristallisation wurde nicht bewertet.";"Zustand 6: Temperatur 380.704 K liegt außerhalb des Boryta-Prüfbereichs; Kristallisation wurde nicht bewertet.";"Zustand 20: Temperatur 433.701 K liegt außerhalb des Boryta-Prüfbereichs; Kristallisation wurde nicht bewertet.";5
parallel;Parallel (T13 = T15);parallel;115.0;115.0;30.0;115.0;4.0;4.0;4.0;115.0;0.9600000000000005;Abwärmetemperatur [°C];hot_temperature_C;115.0;10.0;10.0;25.0;15.0;11.0;nan;nan;5.4333005750765715e-21;`gtol` termination condition is satisfied.;4;1.4344321684731505e-09;1.0424299089220887e-10;1;True;;True;0;zulässig;feasible;True;True;True;98.2899482391689;117.01849695315144;147.21597724375698;52.107740496133374;0.14403595147706444;0.26034788496109934;0.2327237324985463;0.2656540418863609;161.66108481057813;166.38928071478927;162.52667967669862;165.47315751991226;72.12069169980319;0.4928694056444749;14.240610883434176;29.668725168096785;0.005578634075615114;0.04494969504107278;16.16610848093819;16.63892807149915;6.501067187075572;11.031543834653403;6.556426518193197;99.67087909156885;0.01293629828301105;2686.3707328293517;265.4474452510864;233.71921361423946;0.013290918937153728;1.014121919448646;0.6016484882216393;0.23855386240107643;3.6018832361151e-10;-3.219753352823318e-10;5.412061909737531e-10;-1.0325651444986761e-10;-1.9068124856858049e-10;-2.0224888430675492e-10;1.1121414900117088e-10;1.1962413282162743e-09;3.6018832361151e-12;-3.219753352823318e-12;5.412061909737531e-12;-1.0325651444986761e-10;-1.906812485685805e-12;-2.022488843067549e-12;1.1121414900117089e-12;1.1962413282162742e-11;144.66872516809678;115.0;105.27950480402518;115.0;105.10328005263682;39.951512004473045;15.81331347115389;16.524112107920075;59.719367087095804;22.107740496133374;7.483501477926097;5.60862571245633;16.710051760831107;52.992500890494625;4.308134864163094;9.476926272045716;4.0;0.9600000000000005;95383.10427968024;13703.20640717785;6.960641286824505;4.308134864163094;deltaT_shex_1_K;shex;True;True;True;True;True;True;True;True;98.2899482391689;2672.8637424310186;0.06741283838579915;95383.10427968024;0.0;0.0;135.0;4.0;144.66872516809678;4.0;115.0;4.0;105.27950480402518;4.0;115.0;4.0;105.10328005263682;4.0;30.0;4.0;39.951512004473045;4.0;98.2899482391689;2672.8637424310186;0.009709872318668152;95383.10427968024;0.0;0.0;99.67087909156885;265.44744525108706;1.0274128383857997;13703.20640717785;0.5938653839164815;0.2327237324985463;160.48203863925067;363.2774440087289;0.9697098723186687;95383.10427968024;0.629203576481125;0.26034788496109934;98.2899482391689;2672.8637424310186;0.05770296606713099;95383.10427968024;0.0;0.0;117.01849695315144;265.44744525108706;1.0274128383857997;95383.10427968024;0.5938653839164815;0.2327237324985463;151.52411210792008;335.6438541387882;1.0274128383857997;95383.10427968024;0.5938653839164815;0.2327237324985463;147.21597724375698;339.91724810655745;0.9600000000000005;95383.10427968024;0.6355676246965672;0.2656540418863609;107.54157068110572;264.79152758630437;0.9600000000000005;95383.10427968024;0.6355676246965672;0.2656540418863609;107.5164985220739;264.74470498730324;0.9600000000000005;13703.20640717785;0.6355676246965672;0.2656540418863609;99.67087909156885;2686.3707328293517;0.06741283838579915;13703.20640717785;0.0;0.0;52.107740496133374;218.15718925246534;0.06741283838579915;13703.20640717785;0.0;0.0;52.110779162142194;218.23994254114442;0.06741283838579915;95383.10427968024;0.0;0.0;"Zustand 3: Temperatur 424.674 K liegt außerhalb des Boryta-Prüfbereichs; Kristallisation wurde nicht bewertet.";"Zustand 4: Temperatur 420.366 K liegt außerhalb des Boryta-Prüfbereichs; Kristallisation wurde nicht bewertet.";"Zustand 5: Temperatur 380.692 K liegt außerhalb des Boryta-Prüfbereichs; Kristallisation wurde nicht bewertet.";"Zustand 6: Temperatur 380.666 K liegt außerhalb des Boryta-Prüfbereichs; Kristallisation wurde nicht bewertet.";"Zustand 20: Temperatur 433.632 K liegt außerhalb des Boryta-Prüfbereichs; Kristallisation wurde nicht bewertet.";5
parallel;Parallel (T13 = T15);parallel;115.0;115.0;30.0;115.0;4.0;4.0;4.0;115.0;0.9700000000000005;Abwärmetemperatur [°C];hot_temperature_C;115.0;10.0;10.0;25.0;15.0;11.0;nan;nan;4.71293838696595e-21;`gtol` termination condition is satisfied.;4;1.3153520489202026e-09;9.708695470521207e-11;1;True;;True;0;zulässig;feasible;True;True;True;98.28052327859973;117.01845454745228;147.1650069141428;52.12117554972764;0.14532758951692668;0.2601689925167176;0.23284911052677693;0.26546514051921993;161.51250893116276;166.49039683311258;162.38543002104512;165.56648924665225;72.87218773845095;0.4924883784544189;14.380422737930823;29.65983905090684;0.005579147032275025;0.04540734989226194;16.15125089300782;16.649039683331775;6.495417200848461;11.037765949770225;6.624744339885935;99.7198115974283;0.012894899473256106;2686.4631664636518;265.5016954729473;233.87582829791938;0.013377849762546523;1.0240749656155068;0.601794774816461;0.23866475872046636;3.466311682132073e-10;-2.943352228612639e-10;5.081801646156237e-10;-9.619660623627624e-11;-1.6640910871501546e-10;-2.0517632037808653e-10;9.887912710837554e-11;1.084572431864217e-09;3.4663116821320726e-12;-2.943352228612639e-12;5.081801646156237e-12;-9.619660623627624e-11;-1.6640910871501546e-12;-2.0517632037808652e-12;9.887912710837554e-13;1.084572431864217e-11;144.65983905090684;115.0;105.28795274993752;115.0;105.09769801156386;39.95755961920531;15.754319732893293;16.554793848328472;59.76225197822299;22.12117554972764;7.520334775789479;5.568141152509213;16.71947672140027;52.97348461513445;4.389786934185679;9.513732412861998;4.0;0.9700000000000005;95350.68723928995;13712.20974818636;6.953706878054536;4.389786934185679;deltaT_shex_1_K;shex;True;True;True;True;True;True;True;True;98.28052327859973;2672.848783812889;0.06745281537805281;95350.68723928995;0.0;0.0;135.0;4.0;144.65983905090684;4.0;115.0;4.0;105.28795274993752;4.0;115.0;4.0;105.09769801156386;4.0;30.0;4.0;39.95755961920531;4.0;98.28052327859973;2672.848783812889;0.009802755065022699;95350.68723928995;0.0;0.0;99.7198115974283;265.5016954729477;1.0374528153780533;13712.20974818636;0.594034691691672;0.23284911052677693;160.41415878380013;363.0733662380151;0.9798027550650232;95350.68723928995;0.6289867631399514;0.2601689925167176;98.28052327859973;2672.848783812889;0.05765006031303011;95350.68723928995;0.0;0.0;117.01845454745228;265.5016954729477;1.0374528153780533;95350.68723928995;0.594034691691672;0.23284911052677693;151.55479384832847;335.7431432364259;1.0374528153780533;95350.68723928995;0.594034691691672;0.23284911052677693;147.1650069141428;339.73093049245966;0.9700000000000005;95350.68723928995;0.6353432611626378;0.26546514051921993;107.50472213459028;264.604963752146;0.9700000000000005;95350.68723928995;0.6353432611626378;0.26546514051921993;107.47966522421052;264.5581520512261;0.9700000000000005;13712.20974818636;0.6353432611626378;0.26546514051921993;99.7198115974283;2686.4631664636518;0.06745281537805281;13712.20974818636;0.0;0.0;52.12117554972764;218.21338474610855;0.06745281537805281;13712.20974818636;0.0;0.0;52.12421339642941;218.29609659439842;0.06745281537805281;95350.68723928995;0.0;0.0;"Zustand 3: Temperatur 424.705 K liegt außerhalb des Boryta-Prüfbereichs; Kristallisation wurde nicht bewertet.";"Zustand 4: Temperatur 420.315 K liegt außerhalb des Boryta-Prüfbereichs; Kristallisation wurde nicht bewertet.";"Zustand 5: Temperatur 380.655 K liegt außerhalb des Boryta-Prüfbereichs; Kristallisation wurde nicht bewertet.";"Zustand 6: Temperatur 380.630 K liegt außerhalb des Boryta-Prüfbereichs; Kristallisation wurde nicht bewertet.";"Zustand 20: Temperatur 433.564 K liegt außerhalb des Boryta-Prüfbereichs; Kristallisation wurde nicht bewertet.";5
parallel;Parallel (T13 = T15);parallel;115.0;115.0;30.0;115.0;4.0;4.0;4.0;115.0;0.9800000000000005;Abwärmetemperatur [°C];hot_temperature_C;115.0;10.0;10.0;25.0;15.0;11.0;nan;nan;4.094442527862589e-21;`gtol` termination condition is satisfied.;4;1.1968152132121588e-09;9.049245855719236e-11;1;True;;True;0;zulässig;feasible;True;True;True;98.27105573242807;117.0196155243924;147.11325015922404;52.134656259010455;0.14663015402931992;0.259992533172329;0.2329713233576804;0.2652793188819148;161.36188114984225;166.5918565694197;162.24205089342922;165.66024268208355;73.62012307905039;0.4921035452064691;14.520029974420734;29.65083021231112;0.005579659923421489;0.04586448415687965;16.1361881148871;16.659185656962574;6.48968203574417;11.044016178800112;6.692738461757684;99.76801907543461;0.012855101839603146;2686.5542109432454;265.5570983124498;234.02964525641715;0.01346562885213154;1.0340273447661343;0.601937611956738;0.23877308754225773;3.311555474283523e-10;-2.8413182917574886e-10;4.5918113755760714e-10;-8.9702023586824e-11;-1.7502088667242788e-10;-2.0605739337042905e-10;8.188294486899395e-11;9.712266546557657e-10;3.311555474283523e-12;-2.8413182917574886e-12;4.5918113755760715e-12;-8.9702023586824e-11;-1.7502088667242787e-12;-2.0605739337042905e-12;8.188294486899394e-13;9.712266546557658e-12;144.65083021231112;115.0;105.29652805661306;115.0;105.0920907486792;39.963627785252356;15.69615932528302;16.58436493974915;59.80439129018225;22.134656259010455;7.556283873612358;5.528508981178447;16.728944267571933;52.95439746704113;4.471114780525113;9.550857748071792;4.0;0.9800000000000005;95318.13292193568;13721.248774927048;6.946753497838426;4.471114780525113;deltaT_shex_1_K;shex;True;True;True;True;True;True;True;True;98.27105573242807;2672.8337571275592;0.06749297361826534;95318.13292193568;0.0;0.0;135.0;4.0;144.65083021231112;4.0;115.0;4.0;105.29652805661306;4.0;115.0;4.0;105.0920907486792;4.0;30.0;4.0;39.963627785252356;4.0;98.27105573242807;2672.8337571275592;0.009896505117543072;95318.13292193568;0.0;0.0;99.76801907543461;265.55709831244894;1.0474929736182659;13721.248774927048;0.5941996426539466;0.2329713233576804;160.34698953759414;362.8716857248232;0.9898965051175436;95318.13292193568;0.6287727529882403;0.259992533172329;98.27105573242807;2672.8337571275592;0.05759646850072227;95318.13292193568;0.0;0.0;117.0196155243924;265.55709831244894;1.0474929736182659;95318.13292193568;0.5941996426539466;0.2329713233576804;151.58436493974915;335.8393101584632;1.0474929736182659;95318.13292193568;0.5941996426539466;0.2329713233576804;147.11325015922404;339.54459239777384;0.9800000000000005;95318.13292193568;0.6351223985780543;0.2652793188819148;107.46875777632061;264.4220178276522;0.9800000000000005;95318.13292193568;0.6351223985780543;0.2652793188819148;107.44371612638764;264.37521733361456;0.9800000000000005;13721.248774927048;0.6351223985780543;0.2652793188819148;99.76801907543461;2686.5542109432454;0.06749297361826534;13721.248774927048;0.0;0.0;52.134656259010455;218.26977126735548;0.06749297361826534;13721.248774927048;0.0;0.0;52.137693281638064;218.35244150137095;0.06749297361826534;95318.13292193568;0.0;0.0;"Zustand 3: Temperatur 424.734 K liegt außerhalb des Boryta-Prüfbereichs; Kristallisation wurde nicht bewertet.";"Zustand 4: Temperatur 420.263 K liegt außerhalb des Boryta-Prüfbereichs; Kristallisation wurde nicht bewertet.";"Zustand 5: Temperatur 380.619 K liegt außerhalb des Boryta-Prüfbereichs; Kristallisation wurde nicht bewertet.";"Zustand 6: Temperatur 380.594 K liegt außerhalb des Boryta-Prüfbereichs; Kristallisation wurde nicht bewertet.";"Zustand 20: Temperatur 433.497 K liegt außerhalb des Boryta-Prüfbereichs; Kristallisation wurde nicht bewertet.";5
parallel;Parallel (T13 = T15);parallel;115.0;115.0;30.0;115.0;4.0;4.0;4.0;115.0;0.9900000000000005;Abwärmetemperatur [°C];hot_temperature_C;115.0;10.0;10.0;25.0;15.0;11.0;nan;nan;3.560094781106033e-21;`gtol` termination condition is satisfied.;4;1.0908773422637158e-09;8.438121569527229e-11;1;True;;True;0;zulässig;feasible;True;True;True;98.26154333740811;117.02194178424816;147.0607424446327;52.148186073085355;0.14794347211083655;0.2598184437192606;0.23309045996304018;0.26509648845563494;161.20925710363065;166.69368588266838;162.09660148688533;165.75444023825892;74.36450174549148;0.49171494546837935;14.659429737949274;29.641701979882214;0.005580172826083339;0.04632108864582644;16.120925710275976;16.669368588286975;6.483864059481736;11.050296015879095;6.760409249613978;99.81552703138311;0.01281685137705042;2686.643914715091;265.61360608711175;234.18075019982885;0.013554247424119037;1.043979075337896;0.6020770958500853;0.23887891851039278;3.170868012603023e-10;-2.622755346237682e-10;4.2945202949340455e-10;-8.367728732139312e-11;-1.5805312614247669e-10;-2.013678113144124e-10;7.250378075696062e-11;8.708980203664396e-10;3.170868012603023e-12;-2.622755346237682e-12;4.294520294934045e-12;-8.367728732139312e-11;-1.5805312614247668e-12;-2.0136781131441238e-12;7.250378075696063e-13;8.708980203664396e-12;144.6417019798822;115.0;105.3052271837987;115.0;105.08645692354912;39.969718055183534;15.63880666241215;16.61285300964812;59.84580897619958;22.148186073085355;7.591368121952826;5.489700152415594;16.738456662591886;52.935234656828015;4.552110565015425;9.588283532793525;4.0;0.9900000000000005;95285.43367106716;13730.325856202948;6.939779482947965;4.552110565015425;deltaT_shex_1_K;shex;True;True;True;True;True;True;True;True;98.26154333740811;2672.818658776277;0.0675333227620144;95285.43367106716;0.0;0.0;135.0;4.0;144.6417019798822;4.0;115.0;4.0;105.3052271837987;4.0;115.0;4.0;105.08645692354912;4.0;30.0;4.0;39.969718055183534;4.0;98.26154333740811;2672.818658776277;0.009991114252594201;95285.43367106716;0.0;0.0;99.81552703138311;265.61360608711226;1.057533322762015;13730.325856202948;0.5943603631950487;0.23309045996304018;160.28050864229436;362.6723323083599;0.9999911142525948;95285.43367106716;0.6285614751298718;0.2598184437192606;98.26154333740811;2672.818658776277;0.0575422085094202;95285.43367106716;0.0;0.0;117.02194178424816;265.61360608711226;1.057533322762015;95285.43367106716;0.5943603631950487;0.23309045996304018;151.61285300964812;335.93243211830514;1.057533322762015;95285.43367106716;0.5943603631950487;0.23309045996304018;147.0607424446327;339.358255654297;0.9900000000000005;95285.43367106716;0.6349049391996945;0.26509648845563494;107.43365825145463;264.24259732583806;0.9900000000000005;95285.43367106716;0.6349049391996945;0.26509648845563494;107.40863187804717;264.19580834740793;0.9900000000000005;13730.325856202948;0.6349049391996945;0.26509648845563494;99.81552703138311;2686.643914715091;0.0675333227620144;13730.325856202948;0.0;0.0;52.148186073085355;218.3263632436136;0.0675333227620144;13730.325856202948;0.0;0.0;52.151222266721106;218.40899167944147;0.0675333227620144;95285.43367106716;0.0;0.0;"Zustand 3: Temperatur 424.763 K liegt außerhalb des Boryta-Prüfbereichs; Kristallisation wurde nicht bewertet.";"Zustand 4: Temperatur 420.211 K liegt außerhalb des Boryta-Prüfbereichs; Kristallisation wurde nicht bewertet.";"Zustand 5: Temperatur 380.584 K liegt außerhalb des Boryta-Prüfbereichs; Kristallisation wurde nicht bewertet.";"Zustand 6: Temperatur 380.559 K liegt außerhalb des Boryta-Prüfbereichs; Kristallisation wurde nicht bewertet.";"Zustand 20: Temperatur 433.431 K liegt außerhalb des Boryta-Prüfbereichs; Kristallisation wurde nicht bewertet.";5
parallel;Parallel (T13 = T15);parallel;115.0;115.0;30.0;115.0;4.0;4.0;4.0;115.0;1.0;Abwärmetemperatur [°C];hot_temperature_C;115.0;10.0;10.0;25.0;15.0;11.0;nan;nan;3.039720173559759e-16;`gtol` termination condition is satisfied.;8;6.109625394291112e-07;2.465652113968943e-08;1;True;;True;0;zulässig;feasible;True;True;True;98.25198348683529;117.0253959123786;147.00751580830138;52.1617688813875;0.1492674743686569;0.25964667490770027;0.2332066018289551;0.26491655993706364;161.05469536271625;166.79591404513653;161.9491438730393;165.84910778005;75.10532579726103;0.49132261856344894;14.798618781134078;29.632457856621784;0.0055806858360219905;0.04677715339308253;16.105469481128825;16.679591404634348;6.477965756669536;11.05660717975265;6.827756894364226;99.8623593800807;0.012780096300953885;2686.7323231490054;265.67116990271757;234.32922210258636;0.01364369691733347;1.0539301770224996;0.6022133133556007;0.23898231436968992;8.446559718322533e-08;-4.074546211541019e-08;2.2563295942745754e-07;-2.3888775180225252e-08;-4.369908879198192e-08;-1.2069563126715366e-09;8.376025562029099e-08;5.51428001926979e-07;8.446559718322532e-10;-4.074546211541019e-10;2.256329594274575e-09;-2.3888775180225252e-08;-4.369908879198192e-10;-1.2069563126715367e-11;8.376025562029099e-10;5.514280019269791e-09;144.63245785662178;115.0;105.31404641907659;115.0;105.08079498923144;39.97583217973306;15.582239990601295;16.640282758838566;59.88652720034764;22.161768881387502;7.6256066395986295;5.451687038995885;16.748016513164714;52.91599074840849;4.632766950537189;9.625991475920614;4.0;1.0;95252.5806593812;13739.44366197067;6.932782942516828;4.632766950537189;deltaT_shex_1_K;shex;True;True;True;True;True;True;True;True;98.25198348683529;2672.8034846146247;0.06757387393983305;95252.5806593812;0.0;0.0;135.0;4.0;144.63245785662178;4.0;115.0;4.0;105.31404641907659;4.0;115.0;4.0;105.08079498923144;4.0;30.0;4.0;39.97583217973306;4.0;98.25198348683529;2672.8034846146247;0.010086581496304882;95252.5806593812;0.0;0.0;99.8623593800807;265.67116990271865;1.067573873939833;13739.44366197067;0.5945169692171997;0.2332066018289551;160.21469784722308;362.4752492751876;1.010086581496305;95252.5806593812;0.6283528753532613;0.25964667490770027;98.25198348683529;2672.8034846146247;0.05748729244352817;95252.5806593812;0.0;0.0;117.0253959123786;265.67116990271865;1.067573873939833;95252.5806593812;0.5945169692171997;0.2332066018289551;151.64028275883857;336.022578484954;1.067573873939833;95252.5806593812;0.5945169692171997;0.2332066018289551;147.00751580830138;339.1719354718551;1.0;95252.5806593812;0.6346907839501743;0.26491655993706364;107.39940443645798;264.06660975905965;1.0;95252.5806593812;0.6346907839501743;0.26491655993706364;107.37439336040137;264.0198326056666;1.0;13739.44366197067;0.6346907839501743;0.26491655993706364;99.8623593800807;2686.7323231490054;0.06757387393983305;13739.44366197067;0.0;0.0;52.1617688813875;218.38317694422275;0.06757387393983305;13739.44366197067;0.0;0.0;52.164804240822946;218.46576338644732;0.06757387393983305;95252.5806593812;0.0;0.0;"Zustand 3: Temperatur 424.790 K liegt außerhalb des Boryta-Prüfbereichs; Kristallisation wurde nicht bewertet.";"Zustand 4: Temperatur 420.158 K liegt außerhalb des Boryta-Prüfbereichs; Kristallisation wurde nicht bewertet.";"Zustand 5: Temperatur 380.549 K liegt außerhalb des Boryta-Prüfbereichs; Kristallisation wurde nicht bewertet.";"Zustand 6: Temperatur 380.524 K liegt außerhalb des Boryta-Prüfbereichs; Kristallisation wurde nicht bewertet.";"Zustand 20: Temperatur 433.365 K liegt außerhalb des Boryta-Prüfbereichs; Kristallisation wurde nicht bewertet.";5
parallel;Parallel (T13 = T15);parallel;115.0;115.0;30.0;115.0;4.0;4.0;4.0;115.0;1.0000000000000004;Abwärmetemperatur [°C];hot_temperature_C;115.0;10.0;10.0;25.0;15.0;11.0;nan;nan;3.039720707110221e-16;`gtol` termination condition is satisfied.;1;6.109634127233792e-07;2.4656523303621786e-08;1;True;;True;0;zulässig;feasible;True;True;True;98.25198348683529;117.0253959123786;147.00751580830138;52.1617688813875;0.1492674743686569;0.25964667490770027;0.2332066018289551;0.26491655993706364;161.0546953627168;166.79591404513707;161.94914387303987;165.84910778005053;75.10532579726107;0.49132261856344905;14.798618781134035;29.63245785662184;0.005580685836022008;0.04677715339308255;16.10546948112879;16.679591404634348;6.477965756669536;11.05660717975265;6.827756894364226;99.8623593800807;0.01278009630095367;2686.7323231490054;265.671169902717;234.32922210258636;0.013643696917333248;1.0539301770225005;0.6022133133556007;0.23898231436968992;8.446561139408004e-08;-4.0745419482846046e-08;2.256330162708764e-07;-2.3888775180225252e-08;-4.3698520357793313e-08;-1.206416300192359e-09;8.376079563277017e-08;5.514289114216808e-07;8.446561139408004e-10;-4.0745419482846047e-10;2.256330162708764e-09;-2.3888775180225242e-08;-4.369852035779331e-10;-1.206416300192359e-11;8.376079563277017e-10;5.514289114216808e-09;144.63245785662184;115.0;105.31404641907659;115.0;105.08079498923144;39.97583217973306;15.582239990601238;16.640282758838566;59.88652720034764;22.161768881387502;7.6256066395986295;5.451687038995885;16.748016513164714;52.91599074840849;4.632766950537189;9.625991475920614;4.0;1.0000000000000004;95252.5806593812;13739.44366197067;6.932782942516828;4.632766950537189;deltaT_shex_1_K;shex;True;True;True;True;True;True;True;True;98.25198348683529;2672.8034846146247;0.06757387393983327;95252.5806593812;0.0;0.0;135.0;4.0;144.63245785662184;4.0;115.0;4.0;105.31404641907659;4.0;115.0;4.0;105.08079498923144;4.0;30.0;4.0;39.97583217973306;4.0;98.25198348683529;2672.8034846146247;0.010086581496304915;95252.5806593812;0.0;0.0;99.8623593800807;265.67116990271865;1.0675738739398337;13739.44366197067;0.5945169692171997;0.2332066018289551;160.21469784722308;362.4752492751876;1.0100865814963054;95252.5806593812;0.6283528753532613;0.25964667490770027;98.25198348683529;2672.8034846146247;0.05748729244352836;95252.5806593812;0.0;0.0;117.0253959123786;265.67116990271865;1.0675738739398337;95252.5806593812;0.5945169692171997;0.2332066018289551;151.64028275883857;336.022578484954;1.0675738739398337;95252.5806593812;0.5945169692171997;0.2332066018289551;147.00751580830138;339.1719354718551;1.0000000000000004;95252.5806593812;0.6346907839501743;0.26491655993706364;107.39940443645798;264.06660975905965;1.0000000000000004;95252.5806593812;0.6346907839501743;0.26491655993706364;107.37439336040137;264.0198326056666;1.0000000000000004;13739.44366197067;0.6346907839501743;0.26491655993706364;99.8623593800807;2686.7323231490054;0.06757387393983327;13739.44366197067;0.0;0.0;52.1617688813875;218.38317694422275;0.06757387393983327;13739.44366197067;0.0;0.0;52.164804240822946;218.46576338644732;0.06757387393983327;95252.5806593812;0.0;0.0;"Zustand 3: Temperatur 424.790 K liegt außerhalb des Boryta-Prüfbereichs; Kristallisation wurde nicht bewertet.";"Zustand 4: Temperatur 420.158 K liegt außerhalb des Boryta-Prüfbereichs; Kristallisation wurde nicht bewertet.";"Zustand 5: Temperatur 380.549 K liegt außerhalb des Boryta-Prüfbereichs; Kristallisation wurde nicht bewertet.";"Zustand 6: Temperatur 380.524 K liegt außerhalb des Boryta-Prüfbereichs; Kristallisation wurde nicht bewertet.";"Zustand 20: Temperatur 433.365 K liegt außerhalb des Boryta-Prüfbereichs; Kristallisation wurde nicht bewertet.";5
parallel;Parallel (T13 = T15);parallel;115.0;115.0;30.0;115.0;4.0;4.0;4.0;115.0;1.0100000000000007;Abwärmetemperatur [°C];hot_temperature_C;115.0;10.0;10.0;25.0;15.0;11.0;nan;nan;8.695704639436817e-24;`gtol` termination condition is satisfied.;4;2.481861774380333e-10;4.170300861913159e-12;1;True;;True;0;zulässig;feasible;True;True;True;98.24237580026556;117.02994404176803;146.95360818175266;52.1754055858317;0.15060168566859944;0.2594771319682706;0.23331984404542938;0.2647394629076637;160.89823078165176;166.89854784723804;161.7997158376025;165.94424891970957;75.8426068181571;0.4909266015036882;14.937595876392093;29.623099927132273;0.005581198914211442;0.04723267267861732;16.089823078143223;16.68985478472564;6.471988633505238;11.062949927983292;6.894782438021992;99.90854092697731;0.012744786409241003;2686.8194835669433;265.7297545703256;234.47514983499954;0.013733968275233766;1.0638806605015596;0.6023463704248967;0.23908335254596716;1.5063505998114124e-11;-8.482459179504076e-11;5.690026227966882e-11;-3.3850700020821023e-12;-2.845013113983441e-11;-1.836042429204099e-11;-3.9818814911996014e-11;2.1952928364044055e-10;1.5063505998114123e-13;-8.482459179504076e-13;5.690026227966882e-13;-3.35155445750703e-12;-2.845013113983441e-13;-1.8360424292040989e-13;-3.9818814911996014e-13;2.1952928364044054e-12;144.62309992713227;115.0;105.32298350253575;115.0;105.07510472968244;39.98197056502619;15.526427123580845;16.666685944391475;59.92657036195112;22.175405585831697;7.659016862913518;5.414442575558439;16.757624199734437;52.89666462374515;4.713077762638818;9.663965148307284;4.0;1.0100000000000007;95219.5727178173;13748.602861239422;6.925763561493502;4.713077762638818;deltaT_shex_1_K;shex;True;True;True;True;True;True;True;True;98.24237580026556;2672.7882340314895;0.0676146287767927;95219.5727178173;0.0;0.0;135.0;4.0;144.62309992713227;4.0;115.0;4.0;105.32298350253575;4.0;115.0;4.0;105.07510472968244;4.0;30.0;4.0;39.98197056502619;4.0;98.24237580026556;2672.7882340314895;0.010182877069641572;95219.5727178173;0.0;0.0;99.90854092697731;265.7297545703255;1.0776146287767934;13748.602861239422;0.5946695945894499;0.23331984404542938;160.14952705071312;362.28033866332015;1.0201828770696422;95219.5727178173;0.6281468438898292;0.2594771319682706;98.24237580026556;2672.7882340314895;0.057431751707151125;95219.5727178173;0.0;0.0;117.02994404176803;265.7297545703255;1.0776146287767934;95219.5727178173;0.5946695945894499;0.23331984404542938;151.66668594439147;336.1098373873586;1.0776146287767934;95219.5727178173;0.5946695945894499;0.23331984404542938;146.95360818175266;338.9856675079603;1.0100000000000007;95219.5727178173;0.6344798558597582;0.2647394629076637;107.36597889346075;263.8939775890078;1.0100000000000007;95219.5727178173;0.6344798558597582;0.2647394629076637;107.34098313708648;263.84721256655376;1.0100000000000007;13748.602861239422;0.6344798558597582;0.2647394629076637;99.90854092697731;2686.8194835669433;0.0676146287767927;13748.602861239422;0.0;0.0;52.1754055858317;218.4402161424585;0.0676146287767927;13748.602861239422;0.0;0.0;52.178440105937284;218.52276039383102;0.0676146287767927;95219.5727178173;0.0;0.0;"Zustand 3: Temperatur 424.817 K liegt außerhalb des Boryta-Prüfbereichs; Kristallisation wurde nicht bewertet.";"Zustand 4: Temperatur 420.104 K liegt außerhalb des Boryta-Prüfbereichs; Kristallisation wurde nicht bewertet.";"Zustand 5: Temperatur 380.516 K liegt außerhalb des Boryta-Prüfbereichs; Kristallisation wurde nicht bewertet.";"Zustand 6: Temperatur 380.491 K liegt außerhalb des Boryta-Prüfbereichs; Kristallisation wurde nicht bewertet.";"Zustand 20: Temperatur 433.300 K liegt außerhalb des Boryta-Prüfbereichs; Kristallisation wurde nicht bewertet.";5
parallel;Parallel (T13 = T15);parallel;115.0;115.0;30.0;115.0;4.0;4.0;4.0;115.0;1.0200000000000005;Abwärmetemperatur [°C];hot_temperature_C;115.0;10.0;10.0;25.0;15.0;11.0;nan;nan;5.1817443848537064e-24;`gtol` termination condition is satisfied.;4;1.9789764165643772e-10;3.219237296271807e-12;1;True;;True;0;zulässig;feasible;True;True;True;98.23271694843845;117.03554998520809;146.89904497665998;52.18910100669683;0.1519462442238175;0.25930979340307214;0.23343025354576252;0.2645651060739756;160.73992823374732;167.00162356532397;161.64838567111673;166.03989678081388;76.57634285715969;0.4905269331909256;15.076356980436833;29.613632071396353;0.005581712196482896;0.0476876349536869;16.073992823357933;16.700162356533873;6.465935426846152;11.069326452056789;6.961485714293922;99.95409256954304;0.012710874069525554;2686.9054354947543;265.78930853297584;234.61859937672432;0.013825053381731012;1.0738305481222374;0.6024763357077911;0.23918208231947927;9.492850949754938e-12;-7.345590802287916e-11;4.922640073345974e-11;-2.5900392941480277e-12;-3.709033080667723e-11;-1.475086719437968e-11;-3.794298208958935e-11;1.6797230273368768e-10;9.492850949754938e-14;-7.345590802287915e-13;4.922640073345974e-13;-2.5392542099490458e-12;-3.709033080667723e-13;-1.475086719437968e-13;-3.794298208958935e-13;1.6797230273368769e-12;144.61363207139635;115.0;105.33203434981357;115.0;105.0693841638269;39.98813538070118;15.47135385408319;16.692081519671035;59.965957188841855;22.18910100669683;7.691617493636613;5.3779417802705325;16.76728305156155;52.87724948186087;4.7930365430110555;9.70218707021246;4.0;1.0200000000000005;95186.39855295305;13757.806758760316;6.918718966040345;4.7930365430110555;deltaT_shex_1_K;shex;True;True;True;True;True;True;True;True;98.23271694843845;2672.7729017346705;0.06765560150396799;95186.39855295305;0.0;0.0;135.0;4.0;144.61363207139635;4.0;115.0;4.0;105.33203434981357;4.0;115.0;4.0;105.0693841638269;4.0;30.0;4.0;39.98813538070118;4.0;98.23271694843845;2672.7729017346705;0.010280014549231194;95186.39855295305;0.0;0.0;99.95409256954304;265.7893085329763;1.0876556015039684;13757.806758760316;0.5948183348747402;0.23343025354576252;160.08498592547954;362.0875704029761;1.0302800145492317;95186.39855295305;0.627943359737422;0.25930979340307214;98.23271694843845;2672.7729017346705;0.057375586954736796;95186.39855295305;0.0;0.0;117.03554998520809;265.7893085329763;1.0876556015039684;95186.39855295305;0.5948183348747402;0.23343025354576252;151.69208151967104;336.19426277701535;1.0876556015039684;95186.39855295305;0.5948183348747402;0.23343025354576252;146.89904497665998;338.7994539081372;1.0200000000000005;95186.39855295305;0.6342720527487983;0.2645651060739756;107.33336291499563;263.7246079697547;1.0200000000000005;95186.39855295305;0.6342720527487983;0.2645651060739756;107.30838250636339;263.6778553864668;1.0200000000000005;13757.806758760316;0.6342720527487983;0.2645651060739756;99.95409256954304;2686.9054354947543;0.06765560150396799;13757.806758760316;0.0;0.0;52.18910100669683;218.49750100126923;0.06765560150396799;13757.806758760316;0.0;0.0;52.192134681966024;218.5800028499322;0.06765560150396799;95186.39855295305;0.0;0.0;"Zustand 3: Temperatur 424.842 K liegt außerhalb des Boryta-Prüfbereichs; Kristallisation wurde nicht bewertet.";"Zustand 4: Temperatur 420.049 K liegt außerhalb des Boryta-Prüfbereichs; Kristallisation wurde nicht bewertet.";"Zustand 5: Temperatur 380.483 K liegt außerhalb des Boryta-Prüfbereichs; Kristallisation wurde nicht bewertet.";"Zustand 6: Temperatur 380.458 K liegt außerhalb des Boryta-Prüfbereichs; Kristallisation wurde nicht bewertet.";"Zustand 20: Temperatur 433.235 K liegt außerhalb des Boryta-Prüfbereichs; Kristallisation wurde nicht bewertet.";5
parallel;Parallel (T13 = T15);parallel;115.0;115.0;30.0;115.0;4.0;4.0;4.0;115.0;1.0300000000000007;Abwärmetemperatur [°C];hot_temperature_C;115.0;10.0;10.0;25.0;15.0;11.0;nan;nan;2.9971652128395823e-24;`gtol` termination condition is satisfied.;4;1.5666663383594635e-10;2.4483321722509722e-12;1;True;;True;0;zulässig;feasible;True;True;True;98.22300581153144;117.04218101774148;146.84385765909047;52.20285700080848;0.15330088185903423;0.25914459197073936;0.23353791117004544;0.26439341680125655;160.57982909430922;167.1051551752646;161.49519761021884;166.13606240077007;77.30654146063343;0.4901236502552391;15.214900067550273;29.604056764013706;0.005582225685181932;0.048142032907283305;16.057982909418044;16.710515517528176;6.459807904409844;11.075737493387402;7.027867405517789;99.99903620275501;0.012678313050446416;2686.9902206125803;265.8497938170759;234.7596469320787;0.013916943625798206;1.083779853292162;0.602603297305844;0.23927856790177457;7.560174708487466e-12;-6.225775450729998e-11;3.61524143954739e-11;-1.9380053117856733e-12;-2.7284841053187847e-11;-1.716671249596402e-11;-4.0955683289212175e-11;1.2877876542916056e-10;7.560174708487466e-14;-6.225775450729998e-13;3.61524143954739e-13;-1.88155855513172e-12;-2.7284841053187846e-13;-1.716671249596402e-13;-4.0955683289212175e-13;1.2877876542916056e-12;144.6040567640137;115.0;105.34119631517831;115.0;105.06363263153287;39.994327462635454;15.416995440024493;16.716495580380638;60.004708740119554;22.20285700080848;7.723425578476281;5.342160112423301;16.776994188468564;52.85774280588066;4.872637921290163;9.74064156590083;4.0;1.0300000000000007;95153.05447049276;13767.05667376403;6.911648344691321;4.872637921290163;deltaT_shex_1_K;shex;True;True;True;True;True;True;True;True;98.22300581153144;2672.757485938634;0.0676967969179596;95153.05447049276;0.0;0.0;135.0;4.0;144.6040567640137;4.0;115.0;4.0;105.34119631517831;4.0;115.0;4.0;105.06363263153287;4.0;30.0;4.0;39.994327462635454;4.0;98.22300581153144;2672.757485938634;0.010377978666555158;95153.05447049276;0.0;0.0;99.99903620275501;265.84979381707666;1.0976967969179603;13767.05667376403;0.5949633040573693;0.23353791117004544;160.0210522040382;361.89687290880926;1.040377978666556;95153.05447049276;0.6277423460908872;0.25914459197073936;98.22300581153144;2672.757485938634;0.057318818251404446;95153.05447049276;0.0;0.0;117.04218101774148;265.84979381707666;1.0976967969179603;95153.05447049276;0.5949633040573693;0.23353791117004544;151.71649558038064;336.2759275888883;1.0976967969179603;95153.05447049276;0.5949633040573693;0.23353791117004544;146.84385765909047;338.61331742980934;1.0300000000000007;95153.05447049276;0.6340672943179615;0.26439341680125655;107.30153945184065;263.55842280784253;1.0300000000000007;95153.05447049276;0.6340672943179615;0.26439341680125655;107.27657442152372;263.5116829700685;1.0300000000000007;13767.05667376403;0.6340672943179615;0.26439341680125655;99.99903620275501;2686.9902206125803;0.0676967969179596;13767.05667376403;0.0;0.0;52.20285700080848;218.55503928818152;0.0676967969179596;13767.05667376403;0.0;0.0;52.20588982565221;218.63749851726362;0.0676967969179596;95153.05447049276;0.0;0.0;"Zustand 3: Temperatur 424.866 K liegt außerhalb des Boryta-Prüfbereichs; Kristallisation wurde nicht bewertet.";"Zustand 4: Temperatur 419.994 K liegt außerhalb des Boryta-Prüfbereichs; Kristallisation wurde nicht bewertet.";"Zustand 5: Temperatur 380.452 K liegt außerhalb des Boryta-Prüfbereichs; Kristallisation wurde nicht bewertet.";"Zustand 6: Temperatur 380.427 K liegt außerhalb des Boryta-Prüfbereichs; Kristallisation wurde nicht bewertet.";"Zustand 20: Temperatur 433.171 K liegt außerhalb des Boryta-Prüfbereichs; Kristallisation wurde nicht bewertet.";5
parallel;Parallel (T13 = T15);parallel;115.0;115.0;30.0;115.0;4.0;4.0;4.0;115.0;1.0400000000000005;Abwärmetemperatur [°C];hot_temperature_C;115.0;10.0;10.0;25.0;15.0;11.0;nan;nan;1.6090527331291322e-24;`gtol` termination condition is satisfied.;4;1.1635314569426832e-10;1.793907875633045e-12;1;True;;True;0;zulässig;feasible;True;True;True;98.21324088462427;117.04980491977955;146.78807456132324;52.21667592415258;0.1546654341825766;0.25898147412515393;0.2336428908155142;0.2642243211569752;160.41797818957235;167.20916040890197;161.34019931843085;166.2327606822264;78.0332081212254;0.48971678916736744;15.353222707769858;29.594376685979228;0.005582739404455728;0.048595858419554695;16.041797818947956;16.72091604089183;6.453607972737794;11.082184045484235;7.09392801102504;100.04339233741331;0.012647058978926925;2687.0738779135936;265.9111709474605;234.89836257833494;0.014009630620095637;1.0937285908461827;0.6027273346055609;0.2393728670412077;6.87805368215777e-12;-5.0036419452226255e-11;2.3078428057488054e-11;-1.4200862707980377e-12;-1.4011902749189176e-11;-1.6342482922482304e-11;-3.7118752516107634e-11;9.279688129026908e-11;6.87805368215777e-14;-5.003641945222626e-13;2.307842805748805e-13;-1.3654675680750356e-12;-1.4011902749189175e-13;-1.6342482922482304e-13;-3.7118752516107635e-13;9.279688129026908e-13;144.59437668597923;115.0;105.35046654794075;115.0;105.05784924149361;40.000547871345816;15.363330811239962;16.739951437599927;60.04284446606749;22.216675924152582;7.754457991576487;5.307074210527446;16.78675911537573;52.83814134859938;4.951876876276685;9.779313292969107;4.0;1.0400000000000005;95119.53545967916;13776.354264664384;6.904550625825275;4.951876876276685;deltaT_shex_1_K;shex;True;True;True;True;True;True;True;True;98.21324088462427;2672.741984246229;0.06773822146627784;95119.53545967916;0.0;0.0;135.0;4.0;144.59437668597923;4.0;115.0;4.0;105.35046654794075;4.0;115.0;4.0;105.05784924149361;4.0;30.0;4.0;40.000547871345816;4.0;98.21324088462427;2672.741984246229;0.010476761433837392;95119.53545967916;0.0;0.0;100.04339233741331;265.91117094746113;1.1077382214662783;13776.354264664384;0.595104606456593;0.2336428908155142;159.9577074972192;361.70818767809664;1.050476761433838;95119.53545967916;0.6275437425614632;0.25898147412515393;98.21324088462427;2672.741984246229;0.057261460032440446;95119.53545967916;0.0;0.0;117.04980491977955;265.91117094746113;1.1077382214662783;95119.53545967916;0.595104606456593;0.2336428908155142;151.73995143759993;336.35489728014585;1.1077382214662783;95119.53545967916;0.595104606456593;0.2336428908155142;146.78807456132324;338.42727445486906;1.0400000000000005;95119.53545967916;0.6338654984063611;0.2642243211569752;107.27049162681044;263.39534356908206;1.0400000000000005;95119.53545967916;0.6338654984063611;0.2642243211569752;107.24554200842351;263.3486167821402;1.0400000000000005;13776.354264664384;0.6338654984063611;0.2642243211569752;100.04339233741331;2687.0738779135936;0.06773822146627784;13776.354264664384;0.0;0.0;52.21667592415258;218.61284085870437;0.06773822146627784;13776.354264664384;0.0;0.0;52.219707892894235;218.69525724466212;0.06773822146627784;95119.53545967916;0.0;0.0;"Zustand 3: Temperatur 424.890 K liegt außerhalb des Boryta-Prüfbereichs; Kristallisation wurde nicht bewertet.";"Zustand 4: Temperatur 419.938 K liegt außerhalb des Boryta-Prüfbereichs; Kristallisation wurde nicht bewertet.";"Zustand 5: Temperatur 380.420 K liegt außerhalb des Boryta-Prüfbereichs; Kristallisation wurde nicht bewertet.";"Zustand 6: Temperatur 380.396 K liegt außerhalb des Boryta-Prüfbereichs; Kristallisation wurde nicht bewertet.";"Zustand 20: Temperatur 433.108 K liegt außerhalb des Boryta-Prüfbereichs; Kristallisation wurde nicht bewertet.";5
parallel;Parallel (T13 = T15);parallel;115.0;115.0;30.0;115.0;4.0;4.0;4.0;115.0;1.0500000000000007;Abwärmetemperatur [°C];hot_temperature_C;115.0;10.0;10.0;25.0;15.0;11.0;nan;nan;8.784989155525188e-25;`gtol` termination condition is satisfied.;4;9.194949452977154e-11;1.325517948239494e-12;1;True;;True;0;zulässig;feasible;True;True;True;98.20342078679789;117.05839052003938;146.73172279902906;52.230559953292925;0.1560397384682129;0.25882038803840696;0.23374526375600027;0.2640577477708543;160.25441853218888;167.31365564768433;161.18343652306004;166.33000529988308;78.75634856949546;0.48930638583934494;15.491322548787956;29.584594409819886;0.005583253369924967;0.04904910356407368;16.025441853212236;16.731365564770087;6.447337460923156;11.088667019994563;7.159668051776211;100.08718063090822;0.012617069152910578;2687.1564447750834;265.97340189062476;235.03481370000262;0.014103106057213655;1.1036767750144747;0.6028485240860209;0.23946503542275147;4.021671884402167e-12;-4.285993782104924e-11;1.7280399333685637e-11;-1.0025313912365164e-12;-1.8843593352357857e-11;-1.6541434888495132e-11;-3.5356606531422585e-11;6.650680006714538e-11;4.021671884402167e-14;-4.2859937821049243e-13;1.7280399333685637e-13;-9.54791801177634e-13;-1.8843593352357857e-13;-1.6541434888495133e-13;-3.5356606531422584e-13;6.650680006714537e-13;144.58459440981989;115.0;105.35984231321413;115.0;105.05203317584431;40.006797586584014;15.310339681651158;16.762471643998367;60.08038304432421;22.230559953292925;7.784731154454676;5.272661682305909;16.796579213202108;52.8184421157942;5.03074884496931;9.818187504487582;4.0;1.0500000000000007;95085.83694205216;13785.701073111926;6.8974248344547835;5.03074884496931;deltaT_shex_1_K;shex;True;True;True;True;True;True;True;True;98.20342078679789;2672.726394456806;0.06777988107168764;95085.83694205216;0.0;0.0;135.0;4.0;144.58459440981989;4.0;115.0;4.0;105.35984231321413;4.0;115.0;4.0;105.05203317584431;4.0;30.0;4.0;40.006797586584014;4.0;98.20342078679789;2672.726394456806;0.010576354915832713;95085.83694205216;0.0;0.0;100.08718063090822;265.9734018906247;1.1177798810716884;13785.701073111926;0.5952423425688974;0.23374526375600027;159.89493409147104;361.5214582573606;1.0605763549158334;95085.83694205216;0.62734749063805;0.25882038803840696;98.20342078679789;2672.726394456806;0.05720352615585493;95085.83694205216;0.0;0.0;117.05839052003938;265.9734018906247;1.1177798810716884;95085.83694205216;0.5952423425688974;0.23374526375600027;151.76247164399837;336.43123522896195;1.1177798810716884;95085.83694205216;0.5952423425688974;0.23374526375600027;146.73172279902906;338.2413404588343;1.0500000000000007;95085.83694205216;0.6336665856052333;0.2640577477708543;107.2402030155518;263.23529420217585;1.0500000000000007;95085.83694205216;0.6336665856052333;0.2640577477708543;107.21526884554532;263.1885807702101;1.0500000000000007;13785.701073111926;0.6336665856052333;0.2640577477708543;100.08718063090822;2687.1564447750834;0.06777988107168764;13785.701073111926;0.0;0.0;52.230559953292925;218.670914817832;0.06777988107168764;13785.701073111926;0.0;0.0;52.23359106005012;218.75328813099878;0.06777988107168764;95085.83694205216;0.0;0.0;"Zustand 3: Temperatur 424.912 K liegt außerhalb des Boryta-Prüfbereichs; Kristallisation wurde nicht bewertet.";"Zustand 4: Temperatur 419.882 K liegt außerhalb des Boryta-Prüfbereichs; Kristallisation wurde nicht bewertet.";"Zustand 5: Temperatur 380.390 K liegt außerhalb des Boryta-Prüfbereichs; Kristallisation wurde nicht bewertet.";"Zustand 6: Temperatur 380.365 K liegt außerhalb des Boryta-Prüfbereichs; Kristallisation wurde nicht bewertet.";"Zustand 20: Temperatur 433.045 K liegt außerhalb des Boryta-Prüfbereichs; Kristallisation wurde nicht bewertet.";5
parallel;Parallel (T13 = T15);parallel;115.0;115.0;30.0;115.0;4.0;4.0;4.0;115.0;1.0600000000000005;Abwärmetemperatur [°C];hot_temperature_C;115.0;10.0;10.0;25.0;15.0;11.0;nan;nan;4.224350866525732e-25;`gtol` termination condition is satisfied.;4;6.601386886179842e-11;9.191681964173622e-13;1;True;;True;0;zulässig;feasible;True;True;True;98.19354425335052;117.06790765666648;146.67482833228155;52.244511096423025;0.15742363363978307;0.2586612835364013;0.2338450987568876;0.263893627729517;160.08919142072534;167.4186560058649;161.0249531208106;166.42780877759506;79.4759687587774;0.48889247564323196;15.629197313757286;29.574712405545768;0.005583767589259013;0.04950176060178097;16.008919142068898;16.74186560058759;6.440998124833152;11.095187251841583;7.225088068983397;100.13041992926702;0.012588302466394436;2687.2379570378585;266.036449994899;235.16906511493661;0.01419736170949415;1.1136244194556182;0.6029669394519833;0.23955512676031157;6.423306331271306e-12;-3.9975134313863236e-11;1.0970779840135947e-11;-6.780132011385831e-13;-1.8189894035458565e-11;-1.0999201549566351e-11;-2.8677504815277644e-11;3.637978807091713e-11;6.423306331271305e-14;-3.9975134313863235e-13;1.0970779840135947e-13;-6.396350954137574e-13;-1.8189894035458566e-13;-1.0999201549566351e-13;-2.8677504815277643e-13;3.637978807091713e-13;144.57471240554577;115.0;105.36932098559743;115.0;105.04618368555055;40.01307751231252;15.25800251441808;16.784078024932285;60.1173424169545;22.244511096423025;7.81426104946803;5.2389010563304055;16.806455746649476;52.7986423503055;5.109249692650735;9.857250023602148;4.0;1.0600000000000005;95051.95474420104;13795.098531135745;6.890270086122788;5.109249692650735;deltaT_shex_1_K;shex;True;True;True;True;True;True;True;True;98.19354425335052;2672.7107145538844;0.06782178116511184;95051.95474420104;0.0;0.0;135.0;4.0;144.57471240554577;4.0;115.0;4.0;105.36932098559743;4.0;115.0;4.0;105.04618368555055;4.0;30.0;4.0;40.01307751231252;4.0;98.19354425335052;2672.7107145538844;0.010676751230934105;95051.95474420104;0.0;0.0;100.13041992926702;266.0364499948987;1.1278217811651123;13795.098531135745;0.5953766092409256;0.2338450987568876;159.83271491996385;361.33663015865505;1.0706767512309345;95051.95474420104;0.6271535336195905;0.2586612835364013;98.19354425335052;2672.7107145538844;0.057145029934177735;95051.95474420104;0.0;0.0;117.06790765666648;266.0364499948987;1.1278217811651123;95051.95474420104;0.5953766092409256;0.2338450987568876;151.78407802493228;336.5050028159602;1.1278217811651123;95051.95474420104;0.5953766092409256;0.2338450987568876;146.67482833228155;338.05553006365034;1.0600000000000005;95051.95474420104;0.6334704791491939;0.263893627729517;107.21065763306433;263.0782010459419;1.0600000000000005;95051.95474420104;0.6334704791491939;0.263893627729517;107.18573895053197;263.0315012717893;1.0600000000000005;13795.098531135745;0.6334704791491939;0.263893627729517;100.13041992926702;2687.2379570378585;0.06782178116511184;13795.098531135745;0.0;0.0;52.244511096423025;218.7292695664263;0.06782178116511184;13795.098531135745;0.0;0.0;52.247541335245046;218.81159957152695;0.06782178116511184;95051.95474420104;0.0;0.0;"Zustand 3: Temperatur 424.934 K liegt außerhalb des Boryta-Prüfbereichs; Kristallisation wurde nicht bewertet.";"Zustand 4: Temperatur 419.825 K liegt außerhalb des Boryta-Prüfbereichs; Kristallisation wurde nicht bewertet.";"Zustand 5: Temperatur 380.361 K liegt außerhalb des Boryta-Prüfbereichs; Kristallisation wurde nicht bewertet.";"Zustand 6: Temperatur 380.336 K liegt außerhalb des Boryta-Prüfbereichs; Kristallisation wurde nicht bewertet.";"Zustand 20: Temperatur 432.983 K liegt außerhalb des Boryta-Prüfbereichs; Kristallisation wurde nicht bewertet.";5
parallel;Parallel (T13 = T15);parallel;115.0;115.0;30.0;115.0;4.0;4.0;4.0;115.0;1.0700000000000007;Abwärmetemperatur [°C];hot_temperature_C;115.0;10.0;10.0;25.0;15.0;11.0;nan;nan;2.0218861793304292e-25;`gtol` termination condition is satisfied.;4;4.896988389614276e-11;6.359066251157365e-13;1;True;;True;0;zulässig;feasible;True;True;True;98.1836101285374;117.07832713986892;146.61741602316408;52.25853120368265;0.15881696025479378;0.25850411203710566;0.23394246218417622;0.2637318944760992;159.9223365329351;167.5241754081258;160.86479127677632;166.5261825602495;80.19207485123303;0.4884750934292523;15.766844799197514;29.564733046228184;0.005584282062709597;0.049953821975212795;15.992233653290626;16.75241754081361;6.4345916510714245;11.101745504018282;7.2901886228417645;100.1731283067885;0.012560719338332102;2687.3184490811163;266.1002799333233;235.3011791935219;0.014292389428695929;1.1235715372876038;0.603082651759807;0.23964319288417404;2.8848035071860068e-12;-2.637534635141492e-11;7.617018127348274e-12;-4.340972026284362e-13;-9.29389898374211e-12;-1.028865881380625e-11;-2.4726887204451486e-11;2.8848035071860068e-11;2.8848035071860065e-14;-2.6375346351414917e-13;7.617018127348274e-14;-4.056983202134915e-13;-9.29389898374211e-14;-1.0288658813806251e-13;-2.4726887204451484e-13;2.884803507186007e-13;144.56473304622818;115.0;105.37890004325499;115.0;105.04030008610948;40.01938848134722;15.206300488888132;16.804791708059895;60.15373982544128;22.25853120368265;7.843063232941745;5.205771736466488;16.816389871462604;52.77873951759352;5.187375684895812;9.896487219306437;4.0;1.0700000000000007;95017.88507235111;13804.547967811648;6.88308558120891;5.187375684895812;deltaT_shex_1_K;shex;True;True;True;True;True;True;True;True;98.1836101285374;2672.6949426936612;0.06786392671629904;95017.88507235111;0.0;0.0;135.0;4.0;144.56473304622818;4.0;115.0;4.0;105.37890004325499;4.0;115.0;4.0;105.04030008610948;4.0;30.0;4.0;40.01938848134722;4.0;98.1836101285374;2672.6949426936612;0.010777942552036701;95017.88507235111;0.0;0.0;100.1731283067885;266.10027993332443;1.1378639267162998;13804.547967811648;0.595507499833235;0.23394246218417622;159.77103353511632;361.15365077974076;1.0807779425520374;95017.88507235111;0.6269618165500815;0.25850411203710566;98.1836101285374;2672.6949426936612;0.05708598416426234;95017.88507235111;0.0;0.0;117.07832713986892;266.10027993332443;1.1378639267162998;95017.88507235111;0.595507499833235;0.23394246218417622;151.8047917080599;336.57625950203703;1.1378639267162998;95017.88507235111;0.595507499833235;0.23394246218417622;146.61741602316408;337.86985708730964;1.0700000000000007;95017.88507235111;0.6332771048123836;0.2637318944760992;107.18183992056248;262.92399274036563;1.0700000000000007;95017.88507235111;0.6332771048123836;0.2637318944760992;107.15693676705826;262.8773069254355;1.0700000000000007;13804.547967811648;0.6332771048123836;0.2637318944760992;100.1731283067885;2687.3184490811163;0.06786392671629904;13804.547967811648;0.0;0.0;52.25853120368265;218.78791284423932;0.06786392671629904;13804.547967811648;0.0;0.0;52.26156056851596;218.87019930087266;0.06786392671629904;95017.88507235111;0.0;0.0;"Zustand 3: Temperatur 424.955 K liegt außerhalb des Boryta-Prüfbereichs; Kristallisation wurde nicht bewertet.";"Zustand 4: Temperatur 419.767 K liegt außerhalb des Boryta-Prüfbereichs; Kristallisation wurde nicht bewertet.";"Zustand 5: Temperatur 380.332 K liegt außerhalb des Boryta-Prüfbereichs; Kristallisation wurde nicht bewertet.";"Zustand 6: Temperatur 380.307 K liegt außerhalb des Boryta-Prüfbereichs; Kristallisation wurde nicht bewertet.";"Zustand 20: Temperatur 432.921 K liegt außerhalb des Boryta-Prüfbereichs; Kristallisation wurde nicht bewertet.";5
parallel;Parallel (T13 = T15);parallel;115.0;115.0;30.0;115.0;4.0;4.0;4.0;115.0;1.0800000000000005;Abwärmetemperatur [°C];hot_temperature_C;115.0;10.0;10.0;25.0;15.0;11.0;nan;nan;9.155144753719681e-26;`gtol` termination condition is satisfied.;4;3.578808688238271e-11;4.279052407652816e-13;1;True;;True;0;zulässig;feasible;True;True;True;98.17361735879933;117.0896207159924;146.55950969015703;52.27262197678618;0.16021956048748784;0.2583488264914455;0.234037418108014;0.263572483714602;159.75389201323856;167.63022666206692;160.70299151738516;166.62513708083557;80.90467320506148;0.48805427354313524;15.904262872991355;29.554658613231993;0.0055847967836094485;0.050405280303003855;15.975389201322438;16.76302266620769;6.4281196606958195;11.10834247205711;7.3549702913710515;100.21532310341973;0.01253428164517164;2687.397953893049;266.1648576490737;235.43121597137065;0.014388181145510659;1.1335181411169355;0.6031957295366399;0.2397292838238896;1.8474111129762605e-12;-2.007993771258043e-11;4.718003765447065e-12;-2.533528942194607e-13;-1.0317080523236655e-11;-9.976020010071807e-12;-2.1088908397359774e-11;1.41824330057716e-11;1.8474111129762605e-14;-2.0079937712580432e-13;4.718003765447065e-14;-2.3458601316616724e-13;-1.0317080523236654e-13;-9.976020010071806e-14;-2.1088908397359773e-13;1.41824330057716e-13;144.554658613232;115.0;105.38857706235734;115.0;105.03438175353853;40.025731259692975;15.155215469273458;16.824633151562978;60.18959184372676;22.272621976786183;7.8711528479574895;5.173253958937607;16.826382641200667;52.75873129207213;5.265123461405949;9.935885983318542;4.0;1.0800000000000005;94983.62448866283;13814.050615486593;6.8758705996182625;5.173253958937607;deltaT_des_2_K;desorber;True;True;True;True;True;True;True;True;98.17361735879933;2672.679077194281;0.06790632226244564;94983.62448866283;0.0;0.0;135.0;4.0;144.554658613232;4.0;115.0;4.0;105.38857706235734;4.0;115.0;4.0;105.03438175353853;4.0;30.0;4.0;40.025731259692975;4.0;98.17361735879933;2672.679077194281;0.010879921107210751;94983.62448866283;0.0;0.0;100.21532310341973;266.1648576490746;1.1479063222624462;13814.050615486593;0.595635104375463;0.234037418108014;159.70987408250545;360.9724693280587;1.0908799211072113;94983.62448866283;0.6267722861562343;0.2583488264914455;98.17361735879933;2672.679077194281;0.057026401155234885;94983.62448866283;0.0;0.0;117.0896207159924;266.1648576490746;1.1479063222624462;94983.62448866283;0.595635104375463;0.234037418108014;151.82463315156298;336.64506290276097;1.1479063222624462;94983.62448866283;0.595635104375463;0.234037418108014;146.55950969015703;337.68433459046844;1.0800000000000005;94983.62448866283;0.6330863908093015;0.263572483714602;107.15373473267385;262.7726001413392;1.0800000000000005;94983.62448866283;0.6330863908093015;0.263572483714602;107.12884715204251;262.7259285855031;1.0800000000000005;13814.050615486593;0.6330863908093015;0.263572483714602;100.21532310341973;2687.397953893049;0.06790632226244564;13814.050615486593;0.0;0.0;52.27262197678618;218.84685177023854;0.06790632226244564;13814.050615486593;0.0;0.0;52.2756504614664;218.92909443333;0.06790632226244564;94983.62448866283;0.0;0.0;"Zustand 3: Temperatur 424.975 K liegt außerhalb des Boryta-Prüfbereichs; Kristallisation wurde nicht bewertet.";"Zustand 4: Temperatur 419.710 K liegt außerhalb des Boryta-Prüfbereichs; Kristallisation wurde nicht bewertet.";"Zustand 5: Temperatur 380.304 K liegt außerhalb des Boryta-Prüfbereichs; Kristallisation wurde nicht bewertet.";"Zustand 6: Temperatur 380.279 K liegt außerhalb des Boryta-Prüfbereichs; Kristallisation wurde nicht bewertet.";"Zustand 20: Temperatur 432.860 K liegt außerhalb des Boryta-Prüfbereichs; Kristallisation wurde nicht bewertet.";5
parallel;Parallel (T13 = T15);parallel;115.0;115.0;30.0;115.0;4.0;4.0;4.0;115.0;1.0900000000000007;Abwärmetemperatur [°C];hot_temperature_C;115.0;10.0;10.0;25.0;15.0;11.0;nan;nan;3.439714507443695e-26;`gtol` termination condition is satisfied.;4;2.3201695826583948e-11;2.622866564445738e-13;1;True;;True;0;zulässig;feasible;True;True;True;98.16356498643756;117.10176103301654;146.5011321595207;52.28678497802508;0.16163127811131556;0.2581953813266623;0.23413002840097585;0.26341533331868794;159.58389455489686;167.73682152595183;160.53959281765873;166.72468182307568;81.61377036266678;0.487630049843007;16.04144947246458;29.544491301130222;0.005585311738836654;0.05085612837463599;15.958389455488229;16.773682152595665;6.421583712706562;11.11497878820591;7.419433669334244;100.25702096002419;0.012508952656836485;2687.4765031374814;266.2301503033483;235.55923325592005;0.014484728868966457;1.1434642430659585;0.6033062388932494;0.23981344788683412;-7.531752999057062e-13;-9.890754881780595e-12;2.7853275241795927e-12;-1.333377852574813e-13;-5.314859663485549e-12;-4.831690603168681e-12;-1.2960299500264227e-11;1.4580336937797256e-11;-7.531752999057062e-15;-9.890754881780595e-14;2.7853275241795927e-14;-1.2232824335548735e-13;-5.31485966348555e-14;-4.831690603168681e-14;-1.2960299500264226e-13;1.4580336937797256e-13;144.54449130113022;115.0;105.39834971186252;115.0;105.02842812062943;40.03210655059519;15.10472997492269;16.843622171028244;60.224914409429005;22.286784978025082;7.898544636795805;5.14132875183833;16.836435013562436;52.738615544296806;5.34249001150755;9.975433708026799;4.0;1.0900000000000007;94949.16988909364;13823.607615599716;6.868624495818664;5.14132875183833;deltaT_des_2_K;desorber;True;True;True;True;True;True;True;True;98.16356498643756;2672.6631165258145;0.06794897193492422;94949.16988909364;0.0;0.0;135.0;4.0;144.54449130113022;4.0;115.0;4.0;105.39834971186252;4.0;115.0;4.0;105.02842812062943;4.0;30.0;4.0;40.03210655059519;4.0;98.16356498643756;2672.6631165258145;0.010982679180191713;94949.16988909364;0.0;0.0;100.25702096002419;266.23015030334835;1.157948971934925;13823.607615599716;0.5957595097133597;0.23413002840097585;159.6492212760529;360.79303674822495;1.1009826791801924;94949.16988909364;0.6265848907876117;0.2581953813266623;98.16356498643756;2672.6631165258145;0.05696629275473251;94949.16988909364;0.0;0.0;117.10176103301654;266.23015030334835;1.157948971934925;94949.16988909364;0.5957595097133597;0.23413002840097585;151.84362217102824;336.71146885945944;1.157948971934925;94949.16988909364;0.5957595097133597;0.23413002840097585;146.5011321595207;337.4989749202628;1.0900000000000007;94949.16988909364;0.632898267700036;0.26341533331868794;107.12632732498975;262.6239562389165;1.0900000000000007;94949.16988909364;0.632898267700036;0.26341533331868794;107.1014553632042;262.5772992404076;1.0900000000000007;13823.607615599716;0.632898267700036;0.26341533331868794;100.25702096002419;2687.4765031374814;0.06794897193492422;13823.607615599716;0.0;0.0;52.28678497802508;218.90609288026667;0.06794897193492422;13823.607615599716;0.0;0.0;52.28981257633262;218.98829150049283;0.06794897193492422;94949.16988909364;0.0;0.0;"Zustand 3: Temperatur 424.994 K liegt außerhalb des Boryta-Prüfbereichs; Kristallisation wurde nicht bewertet.";"Zustand 4: Temperatur 419.651 K liegt außerhalb des Boryta-Prüfbereichs; Kristallisation wurde nicht bewertet.";"Zustand 5: Temperatur 380.276 K liegt außerhalb des Boryta-Prüfbereichs; Kristallisation wurde nicht bewertet.";"Zustand 6: Temperatur 380.251 K liegt außerhalb des Boryta-Prüfbereichs; Kristallisation wurde nicht bewertet.";"Zustand 20: Temperatur 432.799 K liegt außerhalb des Boryta-Prüfbereichs; Kristallisation wurde nicht bewertet.";5
