config_case_key;config_case_label;config_routing_mode;input_fixed_T13_C;input_fixed_T15_C;input_fixed_T17_C;input_fixed_hot_C;input_fixed_m13_kg_s;input_fixed_m15_kg_s;input_fixed_m17_kg_s;input_hot_variation_C;input_m6_kg_s;input_outer_variation_label;input_outer_variation_mode;input_outer_variation_value;input_scaled_UA_abs;input_scaled_UA_cond;input_scaled_UA_des;input_scaled_UA_evap;input_scaled_UA_shex;input_ua_scale_factor;input_ua_scale_percent;solve_cost;solve_message;solve_nfev;solve_raw_residual_norm;solve_scaled_residual_norm;solve_status;solve_success;status_final_evaluation_error;status_final_point_evaluable;failure_code;failure_label;failure_reason;feasible_margin;feasible_numeric;feasible_physical;primary_T10_C;primary_T2_C;primary_T4_C;primary_T8_C;primary_beta;primary_x20;primary_x3;primary_x6;heat_Q_abs_kW;heat_Q_cond_kW;heat_Q_des_kW;heat_Q_evap_kW;heat_Q_shex_kW;kpi_COP;kpi_FR;kpi_GTL_K;pump_W_ref_pump_kW;pump_W_sol_pump_kW;lmtd_LMTD_abs_K;lmtd_LMTD_cond_K;lmtd_LMTD_des_K;lmtd_LMTD_evap_K;lmtd_LMTD_shex_K;flash_T1_C;flash_flash_fraction;flash_h1_flash_kJ_kg;flash_h1_mix_kJ_kg;flash_h1_sol_kJ_kg;flash_m1_flash_kg_s;flash_m1_sol_kg_s;flash_w1_LiBr;flash_x1_LiBr_mol;residual_raw_R1_SHEX_energy;residual_raw_R2_SHEX_UA;residual_raw_R3_preabs_energy;residual_raw_R4_preabs_LiBr;residual_raw_R5_desorber_UA;residual_raw_R6_condenser_UA;residual_raw_R7_evaporator_UA;residual_raw_R8_absorber_UA;residual_scaled_R1_SHEX_energy;residual_scaled_R2_SHEX_UA;residual_scaled_R3_preabs_energy;residual_scaled_R4_preabs_LiBr;residual_scaled_R5_desorber_UA;residual_scaled_R6_condenser_UA;residual_scaled_R7_evaporator_UA;residual_scaled_R8_absorber_UA;diagnostic_T12_C;diagnostic_T13_C;diagnostic_T14_C;diagnostic_T15_C;diagnostic_T16_C;diagnostic_T18_C;diagnostic_deltaT_abs_1_K;diagnostic_deltaT_abs_2_K;diagnostic_deltaT_cond_1_K;diagnostic_deltaT_cond_2_K;diagnostic_deltaT_des_1_K;diagnostic_deltaT_des_2_K;diagnostic_deltaT_evap_1_K;diagnostic_deltaT_evap_2_K;diagnostic_deltaT_shex_1_K;diagnostic_deltaT_shex_2_K;diagnostic_m11_kg_s;diagnostic_m6_kg_s;diagnostic_p_high_Pa;diagnostic_p_low_Pa;diagnostic_pressure_ratio_high_over_low;pinch_deltaT_min_global_K;pinch_limiting_key;pinch_limiting_unit;check_beta_in_0_1;check_crystallization_safe_all_checked_states;check_desorber_evaporator_temperature_coupling_ok;check_m21_nonnegative;check_m7_positive;check_p_high_gt_p_low;check_w6_gt_w20_gt_w3;check_w6_gt_w3;state_10_T_C;state_10_h_kJ_kg;state_10_m_kg_s;state_10_p_Pa;state_10_w_LiBr;state_10_x_LiBr_mol;state_11_T_C;state_11_m_kg_s;state_12_T_C;state_12_m_kg_s;state_13_T_C;state_13_m_kg_s;state_14_T_C;state_14_m_kg_s;state_15_T_C;state_15_m_kg_s;state_16_T_C;state_16_m_kg_s;state_17_T_C;state_17_m_kg_s;state_18_T_C;state_18_m_kg_s;state_19_T_C;state_19_h_kJ_kg;state_19_m_kg_s;state_19_p_Pa;state_19_w_LiBr;state_19_x_LiBr_mol;state_1_T_C;state_1_h_kJ_kg;state_1_m_kg_s;state_1_p_Pa;state_1_w_LiBr;state_1_x_LiBr_mol;state_20_T_C;state_20_h_kJ_kg;state_20_m_kg_s;state_20_p_Pa;state_20_w_LiBr;state_20_x_LiBr_mol;state_21_T_C;state_21_h_kJ_kg;state_21_m_kg_s;state_21_p_Pa;state_21_w_LiBr;state_21_x_LiBr_mol;state_2_T_C;state_2_h_kJ_kg;state_2_m_kg_s;state_2_p_Pa;state_2_w_LiBr;state_2_x_LiBr_mol;state_3_T_C;state_3_h_kJ_kg;state_3_m_kg_s;state_3_p_Pa;state_3_w_LiBr;state_3_x_LiBr_mol;state_4_T_C;state_4_h_kJ_kg;state_4_m_kg_s;state_4_p_Pa;state_4_w_LiBr;state_4_x_LiBr_mol;state_5_T_C;state_5_h_kJ_kg;state_5_m_kg_s;state_5_p_Pa;state_5_w_LiBr;state_5_x_LiBr_mol;state_6_T_C;state_6_h_kJ_kg;state_6_m_kg_s;state_6_p_Pa;state_6_w_LiBr;state_6_x_LiBr_mol;state_7_T_C;state_7_h_kJ_kg;state_7_m_kg_s;state_7_p_Pa;state_7_w_LiBr;state_7_x_LiBr_mol;state_8_T_C;state_8_h_kJ_kg;state_8_m_kg_s;state_8_p_Pa;state_8_w_LiBr;state_8_x_LiBr_mol;state_9_T_C;state_9_h_kJ_kg;state_9_m_kg_s;state_9_p_Pa;state_9_w_LiBr;state_9_x_LiBr_mol;validity_message_1;validity_message_2;validity_message_3;validity_message_4;validity_message_5;validity_message_count
parallel;Parallel (T13 = T15);parallel;110.0;110.0;30.0;110.0;4.0;4.0;4.0;110.0;0.4;Abwärmetemperatur [°C];hot_temperature_C;110.0;10.0;10.0;25.0;15.0;11.0;nan;nan;1.5668318562863678e-24;`gtol` termination condition is satisfied.;5;1.7701157081708757e-10;1.77021572486879e-12;1;True;;True;0;zulässig;feasible_but_near_limit_shex;False;True;True;96.25643576231386;116.1323241224992;144.45701310680482;48.096112137789135;0.09614349964608464;0.2748276481939414;0.2194937358169722;0.2824004228049197;139.61041860686447;136.19659968734223;139.6882188709388;136.09718285358417;27.158431987062183;0.5062284578293914;7.254131260085751;33.349905419070865;0.004314162547675099;0.017302407136190516;13.96104186068655;13.619659968734545;5.587528754837596;9.07314552357255;2.468948362476283;91.63630223299168;0.018955408270959765;2671.3501117711944;258.5063878604038;211.88624616007198;0.008627383340464534;0.44651360951706914;0.586623742438242;0.22741992618628595;1.5987211554602254e-13;-1.7692869391794375e-10;-1.7053025658242404e-13;-1.8818280267396403e-14;-1.0800249583553523e-12;-3.211653165635653e-12;-4.092726157978177e-12;-1.0231815394945443e-12;1.5987211554602255e-15;-1.7692869391794374e-12;-1.7053025658242404e-15;-1.8818280267396403e-14;-1.0800249583553523e-14;-3.2116531656356525e-14;-4.092726157978177e-14;-1.0231815394945442e-14;143.34990541907086;110.0;101.6454414550874;110.0;101.86021633650813;38.14572964637216;19.263586992249373;9.734240785931036;53.49057258661952;18.096112137789135;2.711174202116183;10.009139222095712;13.743564237686144;53.761431057325865;0.27722767912621293;8.81949452226786;4.0;0.4;88597.22195508478;11231.233332469264;7.888467751707378;0.27722767912621293;deltaT_shex_1_K;shex;True;True;True;True;True;True;True;True;96.25643576231386;2669.6253936208323;0.055140992857533655;88597.22195508478;0.0;0.0;135.0;4.0;143.34990541907086;4.0;110.0;4.0;101.6454414550874;4.0;110.0;4.0;101.86021633650813;4.0;30.0;4.0;38.14572964637216;4.0;96.25643576231386;2669.6253936208323;0.005301448027283042;88597.22195508478;0.0;0.0;91.63630223299168;258.5063878604147;0.4551409928575337;11231.233332469264;0.5755040498988868;0.2194937358169722;162.61349241132024;373.48198699058196;0.4053014480272831;88597.22195508478;0.6462732515253621;0.2748276481939414;96.25643576231386;2669.6253936208323;0.04983954483025061;88597.22195508478;0.0;0.0;116.1323241224992;258.5063878604147;0.4551409928575337;88597.22195508478;0.5755040498988868;0.2194937358169722;144.73424078593104;318.17675904924585;0.4551409928575337;88597.22195508478;0.5755040498988868;0.2194937358169722;144.45701310680482;343.04977465698425;0.4;88597.22195508478;0.6548387116612774;0.2824004228049197;107.31282960023134;275.1536946893292;0.4;88597.22195508478;0.6548387116612774;0.2824004228049197;107.28882579788382;275.11043867148874;0.4;11231.233332469264;0.6548387116612774;0.2824004228049197;91.63630223299168;2671.3501117711944;0.055140992857533655;11231.233332469264;0.0;0.0;48.096112137789135;201.38008349785844;0.055140992857533655;11231.233332469264;0.0;0.0;48.098785279182266;201.45832225135388;0.055140992857533655;88597.22195508478;0.0;0.0;"Zustand 3: Temperatur 417.884 K liegt außerhalb des Boryta-Prüfbereichs; Kristallisation wurde nicht bewertet.";"Zustand 4: Temperatur 417.607 K liegt außerhalb des Boryta-Prüfbereichs; Kristallisation wurde nicht bewertet.";"Zustand 5: Temperatur 380.463 K liegt außerhalb des Boryta-Prüfbereichs; Kristallisation wurde nicht bewertet.";"Zustand 6: Temperatur 380.439 K liegt außerhalb des Boryta-Prüfbereichs; Kristallisation wurde nicht bewertet.";"Zustand 20: Temperatur 435.763 K liegt außerhalb des Boryta-Prüfbereichs; Kristallisation wurde nicht bewertet.";5
parallel;Parallel (T13 = T15);parallel;110.0;110.0;30.0;110.0;4.0;4.0;4.0;110.0;0.41000000000000003;Abwärmetemperatur [°C];hot_temperature_C;110.0;10.0;10.0;25.0;15.0;11.0;nan;nan;1.4857292692881218e-16;`gtol` termination condition is satisfied.;4;1.7008416481431634e-06;1.723791906981885e-08;1;True;;True;0;zulässig;feasible_but_near_limit_shex;False;True;True;96.2243443906113;115.96536066472129;144.59341412751638;48.1417174506675;0.09667545485359894;0.2743347412132612;0.2201317676414841;0.2817596515861207;139.8985556930797;136.5398385967286;140.0013842653486;136.4149713226204;28.062404386769092;0.5061153324140302;7.417436157612737;33.36713849838992;0.0043175044001914934;0.01772119179760495;13.989855403987145;13.653983850198788;5.600055372149211;9.094331414003328;2.5511277017140457;91.85042189087937;0.01862208712186201;2671.7550174985713;258.37874347365835;212.58384362623607;0.008664394639466944;0.4566107693508837;0.5873503765568556;0.2279469743932279;-5.641474842832395e-09;-3.320854098376458e-07;1.6224467458414438e-07;-2.8036420407495655e-09;-3.8381671174647636e-08;9.47407272633427e-08;1.1257048981860862e-07;1.6532082440789964e-06;-5.641474842832395e-11;-3.3208540983764577e-09;1.6224467458414437e-09;-2.8036420407495655e-09;-3.8381671174647637e-10;9.47407272633427e-10;1.1257048981860862e-09;1.6532082440789962e-08;143.36713849838992;110.0;101.62671146738347;110.0;101.84120984912556;38.166258289278005;19.055255544206148;9.913140683388406;53.68416360160137;18.1417174506675;2.8259251089401687;9.776289576504098;13.775655609388707;53.696821397939516;0.31972655587202325;8.767330703238088;4.0;0.41000000000000003;88493.43486159589;11257.020874107222;7.861177113488668;0.31972655587202325;deltaT_shex_1_K;shex;True;True;True;True;True;True;True;True;96.2243443906113;2669.5741145214397;0.055275163990350595;88493.43486159589;0.0;0.0;135.0;4.0;143.36713849838992;4.0;110.0;4.0;101.62671146738347;4.0;110.0;4.0;101.84120984912556;4.0;30.0;4.0;38.166258289278005;4.0;96.2243443906113;2669.5741145214397;0.005343751620874417;88493.43486159589;0.0;0.0;91.85042189087937;258.3787434736475;0.4652751639903506;11257.020874107222;0.5764126866735554;0.2201317676414841;162.42239404259607;372.9021216557355;0.41534375162087445;88493.43486159589;0.645707342593186;0.2743347412132612;96.2243443906113;2669.5741145214397;0.04993141236947618;88493.43486159589;0.0;0.0;115.96536066472129;258.3787434736475;0.4652751639903506;88493.43486159589;0.5764126866735554;0.2201317676414841;144.9131406833884;318.6923096354362;0.4652751639903506;88493.43486159589;0.5764126866735554;0.2201317676414841;144.59341412751638;342.96835452830067;0.41000000000000003;88493.43486159589;0.6541231885808709;0.2817596515861207;107.1980299614832;274.5234657663237;0.41000000000000003;88493.43486159589;0.6541231885808709;0.2817596515861207;107.17407489105983;274.48024334730513;0.41000000000000003;11257.020874107222;0.6541231885808709;0.2817596515861207;91.85042189087937;2671.7550174985713;0.055275163990350595;11257.020874107222;0.0;0.0;48.1417174506675;201.57078393276208;0.055275163990350595;11257.020874107222;0.0;0.0;48.144388451186046;201.6488932333685;0.055275163990350595;88493.43486159589;0.0;0.0;"Zustand 3: Temperatur 418.063 K liegt außerhalb des Boryta-Prüfbereichs; Kristallisation wurde nicht bewertet.";"Zustand 4: Temperatur 417.743 K liegt außerhalb des Boryta-Prüfbereichs; Kristallisation wurde nicht bewertet.";"Zustand 5: Temperatur 380.348 K liegt außerhalb des Boryta-Prüfbereichs; Kristallisation wurde nicht bewertet.";"Zustand 6: Temperatur 380.324 K liegt außerhalb des Boryta-Prüfbereichs; Kristallisation wurde nicht bewertet.";"Zustand 20: Temperatur 435.572 K liegt außerhalb des Boryta-Prüfbereichs; Kristallisation wurde nicht bewertet.";5
parallel;Parallel (T13 = T15);parallel;110.0;110.0;30.0;110.0;4.0;4.0;4.0;110.0;0.42000000000000004;Abwärmetemperatur [°C];hot_temperature_C;110.0;10.0;10.0;25.0;15.0;11.0;nan;nan;1.0729157459004844e-16;`gtol` termination condition is satisfied.;4;1.437781494207525e-06;1.464865690703748e-08;1;True;;True;0;zulässig;feasible_but_near_limit_shex;False;True;True;96.19432304392461;115.80389497018234;144.7200235768844;48.184448124683456;0.09722227532396654;0.2738554904299552;0.22074410020705257;0.281140093754074;140.1602481705543;136.8614420602127;140.28696786415358;136.7122610580786;28.967619938552513;0.5059950842314598;7.581130177664225;33.38278996235374;0.004320601928141907;0.018140701707558545;14.016024676722495;13.686144197789245;5.6114787158824955;9.11415073074553;2.633420016757798;92.05445275673378;0.01830359708488372;2672.140913413853;258.2577189413453;213.2511922082356;0.008701543063119377;0.46669916766961783;0.5880458182244487;0.22845246264003397;-4.899064265373454e-09;-2.4578326573987397e-07;1.4210101539902098e-07;-2.8039923161138347e-09;-3.290881522843847e-08;8.232026971199957e-08;9.689566127235594e-08;1.4033293496140686e-06;-4.899064265373454e-11;-2.4578326573987397e-09;1.4210101539902098e-09;-2.8039923161138347e-09;-3.290881522843847e-10;8.232026971199957e-10;9.689566127235593e-10;1.4033293496140686e-08;143.38278996235374;110.0;101.60963110860325;110.0;101.82342936255509;38.18549294618498;18.855152622427852;10.085496118850472;53.8689598105488;18.184448124683456;2.938816144381576;9.555178351869472;13.805676956075388;53.636312243762745;0.3654725419660849;8.718801848668534;4.0;0.42000000000000004;88396.43385744262;11281.22906366278;7.835709509894673;0.3654725419660849;deltaT_shex_1_K;shex;True;True;True;True;True;True;True;True;96.19432304392461;2669.526138291116;0.05540071073273717;88396.43385744262;0.0;0.0;135.0;4.0;143.38278996235374;4.0;110.0;4.0;101.60963110860325;4.0;110.0;4.0;101.82342936255509;4.0;30.0;4.0;38.18549294618498;4.0;96.19432304392461;2669.526138291116;0.0053861831520016015;88396.43385744262;0.0;0.0;92.05445275673378;258.2577189413377;0.4754007107327372;11281.22906366278;0.5772824645002176;0.22074410020705257;162.2379425847816;372.34091916022885;0.42538618315200166;88396.43385744262;0.6451561136457437;0.2738554904299552;96.19432304392461;2669.526138291116;0.05001452758073557;88396.43385744262;0.0;0.0;115.80389497018234;258.2577189413377;0.4754007107327372;88396.43385744262;0.5772824645002176;0.22074410020705257;145.08549611885047;319.19077874662196;0.4754007107327372;88396.43385744262;0.5772824645002176;0.22074410020705257;144.7200235768844;342.88125205973154;0.42000000000000004;88396.43385744262;0.6534297474213084;0.281140093754074;107.08509312151381;273.91072838484683;0.42000000000000004;88396.43385744262;0.6534297474213084;0.281140093754074;107.06118385561842;273.86753623792407;0.42000000000000004;11281.22906366278;0.6534297474213084;0.281140093754074;92.05445275673378;2672.140913413853;0.05540071073273717;11281.22906366278;0.0;0.0;48.184448124683456;201.74946445832416;0.05540071073273717;11281.22906366278;0.0;0.0;48.187117118792344;201.82745266228395;0.05540071073273717;88396.43385744262;0.0;0.0;"Zustand 3: Temperatur 418.235 K liegt außerhalb des Boryta-Prüfbereichs; Kristallisation wurde nicht bewertet.";"Zustand 4: Temperatur 417.870 K liegt außerhalb des Boryta-Prüfbereichs; Kristallisation wurde nicht bewertet.";"Zustand 5: Temperatur 380.235 K liegt außerhalb des Boryta-Prüfbereichs; Kristallisation wurde nicht bewertet.";"Zustand 6: Temperatur 380.211 K liegt außerhalb des Boryta-Prüfbereichs; Kristallisation wurde nicht bewertet.";"Zustand 20: Temperatur 435.388 K liegt außerhalb des Boryta-Prüfbereichs; Kristallisation wurde nicht bewertet.";5
parallel;Parallel (T13 = T15);parallel;110.0;110.0;30.0;110.0;4.0;4.0;4.0;110.0;0.43000000000000005;Abwärmetemperatur [°C];hot_temperature_C;110.0;10.0;10.0;25.0;15.0;11.0;nan;nan;7.653098855541598e-17;`gtol` termination condition is satisfied.;4;1.2051879532044453e-06;1.2371821899414491e-08;1;True;;True;0;zulässig;feasible_but_near_limit_shex;False;True;True;96.16619062114381;115.64799984663352;144.8371976745023;48.224551559011275;0.09778516544969337;0.2733893282406939;0.22133204900441897;0.2805408066127887;140.39735178391956;137.16327215466578;140.54689405122676;136.99084551403215;29.87360003955894;0.5058676056230803;7.745182075305583;33.39697080047364;0.004323479251917183;0.018560889899268535;14.039735060436433;13.716327208410357;5.621875763127819;9.132723028761736;2.715781838420896;92.24906619326373;0.01799924844133792;2672.509059220144;258.14342068392847;213.89012771315743;0.008738966033634332;0.4767794189209292;0.5887119034503325;0.22893759234599367;-4.175230827740961e-09;-1.8307091664837571e-07;1.2270760407773196e-07;-2.79552470061617e-09;-2.6968706379193463e-08;7.056220852064143e-08;8.260610684374114e-08;1.1795552268267784e-06;-4.175230827740961e-11;-1.8307091664837572e-09;1.2270760407773196e-09;-2.79552470061617e-09;-2.6968706379193465e-10;7.056220852064143e-10;8.260610684374114e-10;1.1795552268267783e-08;143.39697080047364;110.0;101.59408528401752;110.0;101.8067676127971;38.203544985326914;18.662777641423133;10.251570249384656;54.045521207936815;18.224551559011275;3.0497697689107213;9.345019090753794;13.833809378856188;53.579548942991494;0.4143725748823499;8.673903473885218;4.0;0.43000000000000005;88305.61622472722;11303.989488579076;7.811898296079124;0.4143725748823499;deltaT_shex_1_K;shex;True;True;True;True;True;True;True;True;96.16619062114381;2669.48117644727;0.05551838495456346;88305.61622472722;0.0;0.0;135.0;4.0;143.39697080047364;4.0;110.0;4.0;101.59408528401752;4.0;110.0;4.0;101.8067676127971;4.0;30.0;4.0;38.203544985326914;4.0;96.16619062114381;2669.48117644727;0.005428874458281756;88305.61622472722;0.0;0.0;92.24906619326373;258.1434206839224;0.4855183849545635;11303.989488579076;0.578115531639757;0.22133204900441897;162.05974844189677;371.79739904020556;0.4354288744582818;88305.61622472722;0.6446189917552212;0.2733893282406939;96.16619062114381;2669.48117644727;0.05008951049628171;88305.61622472722;0.0;0.0;115.64799984663352;258.1434206839224;0.4855183849545635;88305.61622472722;0.578115531639757;0.22133204900441897;145.25157024938466;319.6727076590276;0.4855183849545635;88305.61622472722;0.578115531639757;0.22133204900441897;144.8371976745023;342.788476599122;0.43000000000000005;88305.61622472722;0.652757486602055;0.2805408066127887;106.9740963727483;273.31498812532163;0.43000000000000005;88305.61622472722;0.652757486602055;0.2805408066127887;106.95023023108928;273.2718232650908;0.43000000000000005;11303.989488579076;0.652757486602055;0.2805408066127887;92.24906619326373;2672.509059220144;0.05551838495456346;11303.989488579076;0.0;0.0;48.224551559011275;201.91715949321718;0.05551838495456346;11303.989488579076;0.0;0.0;48.22721866980561;201.99503422346115;0.05551838495456346;88305.61622472722;0.0;0.0;"Zustand 3: Temperatur 418.402 K liegt außerhalb des Boryta-Prüfbereichs; Kristallisation wurde nicht bewertet.";"Zustand 4: Temperatur 417.987 K liegt außerhalb des Boryta-Prüfbereichs; Kristallisation wurde nicht bewertet.";"Zustand 5: Temperatur 380.124 K liegt außerhalb des Boryta-Prüfbereichs; Kristallisation wurde nicht bewertet.";"Zustand 6: Temperatur 380.100 K liegt außerhalb des Boryta-Prüfbereichs; Kristallisation wurde nicht bewertet.";"Zustand 20: Temperatur 435.210 K liegt außerhalb des Boryta-Prüfbereichs; Kristallisation wurde nicht bewertet.";5
parallel;Parallel (T13 = T15);parallel;110.0;110.0;30.0;110.0;4.0;4.0;4.0;110.0;0.44000000000000006;Abwärmetemperatur [°C];hot_temperature_C;110.0;10.0;10.0;25.0;15.0;11.0;nan;nan;5.4205645163606114e-17;`gtol` termination condition is satisfied.;4;1.0040840945527584e-06;1.0412074256708518e-08;1;True;;True;0;zulässig;feasible_but_near_limit_shex;False;True;True;96.13978258564106;115.49771039109936;144.94529990221451;48.26225281465372;0.09836515718176032;0.2729357167436699;0.22189685255198652;0.2799608968444735;140.61156289095615;137.44702275476217;140.78292374127545;137.25235403287488;30.77990771434638;0.5057328120972322;7.909562051651218;33.409782469554784;0.004326157863364485;0.018981710278588745;14.061156190669484;13.744702269508691;5.631316950578041;9.150156930875603;2.7981734412055195;92.43488163830904;0.01770838186682482;2672.860617548708;258.0359024239786;214.5023555551326;0.008776785296134626;0.48685208481408154;0.5893503374620147;0.2294034850182925;-3.4260878578606935e-09;-1.3891433425783362e-07;1.0552724916124134e-07;-2.7556419923691067e-09;-2.3175573460321175e-08;5.967527272332518e-08;6.974082111810276e-08;9.842613053479e-07;-3.4260878578606934e-11;-1.3891433425783363e-09;1.0552724916124134e-09;-2.7556419923691067e-09;-2.3175573460321176e-10;5.967527272332518e-10;6.974082111810276e-10;9.842613053478998e-09;143.40978246955478;110.0;101.57996867576105;110.0;101.79112715114383;38.22051571499776;18.477668569445484;10.411616609164298;54.21436592331128;18.26225281465372;3.1587250840274805;9.145087037452015;13.860217414358942;53.52620899634354;0.4663167069497831;8.632610002001968;4.0;0.44000000000000006;88220.43579100908;11325.422514446369;7.7895933399815975;0.4663167069497831;deltaT_shex_1_K;shex;True;True;True;True;True;True;True;True;96.13978258564106;2669.4389668186673;0.05562887011021611;88220.43579100908;0.0;0.0;135.0;4.0;143.40978246955478;4.0;110.0;4.0;101.57996867576105;4.0;110.0;4.0;101.79112715114383;4.0;30.0;4.0;38.22051571499776;4.0;96.13978258564106;2669.4389668186673;0.0054719425522351366;88220.43579100908;0.0;0.0;92.43488163830904;258.0359024239731;0.49562887011021617;11325.422514446369;0.5789138966328953;0.22189685255198652;161.88745103900027;371.27064712379763;0.4454719425522352;88220.43579100908;0.6440954318941465;0.2729357167436699;96.13978258564106;2669.4389668186673;0.05015692755798097;88220.43579100908;0.0;0.0;115.49771039109936;258.0359024239731;0.49562887011021617;88220.43579100908;0.5789138966328953;0.22189685255198652;145.4116166091643;320.1386360833373;0.49562887011021617;88220.43579100908;0.5789138966328953;0.22189685255198652;144.94529990221451;342.6900904983208;0.44000000000000006;88220.43579100908;0.6521055465437825;0.2799608968444735;106.86510038909739;272.73575477611064;0.44000000000000006;88220.43579100908;0.6521055465437825;0.2799608968444735;106.84127491597252;272.6926145254775;0.44000000000000006;11325.422514446369;0.6521055465437825;0.2799608968444735;92.43488163830904;2672.860617548708;0.05562887011021611;11325.422514446369;0.0;0.0;48.26225281465372;202.0748100634617;0.05562887011021611;11325.422514446369;0.0;0.0;48.264918154800284;202.152578277247;0.05562887011021611;88220.43579100908;0.0;0.0;"Zustand 3: Temperatur 418.562 K liegt außerhalb des Boryta-Prüfbereichs; Kristallisation wurde nicht bewertet.";"Zustand 4: Temperatur 418.095 K liegt außerhalb des Boryta-Prüfbereichs; Kristallisation wurde nicht bewertet.";"Zustand 5: Temperatur 380.015 K liegt außerhalb des Boryta-Prüfbereichs; Kristallisation wurde nicht bewertet.";"Zustand 6: Temperatur 379.991 K liegt außerhalb des Boryta-Prüfbereichs; Kristallisation wurde nicht bewertet.";"Zustand 20: Temperatur 435.037 K liegt außerhalb des Boryta-Prüfbereichs; Kristallisation wurde nicht bewertet.";5
parallel;Parallel (T13 = T15);parallel;110.0;110.0;30.0;110.0;4.0;4.0;4.0;110.0;0.45000000000000007;Abwärmetemperatur [°C];hot_temperature_C;110.0;10.0;10.0;25.0;15.0;11.0;nan;nan;3.834268569897075e-17;`gtol` termination condition is satisfied.;4;8.336578774480203e-07;8.757018407993755e-09;1;True;;True;0;zulässig;feasible;True;True;True;96.11494922652184;115.3530287714903;145.0446968230466;48.29775692228344;0.09896313694159284;0.2724941485722299;0.2224396758104943;0.27939951641191085;140.80443580076926;137.71423698145674;140.99667186096232;137.4982691437577;31.686144905951245;0.505590641225985;8.074241625700878;33.42131793066801;0.004328656960559925;0.0194031176972244;14.080443498272825;13.77142369310868;5.639866875227847;9.16655127233531;2.880558637474259;92.61247074528802;0.017430367339982766;2673.1966616442855;257.9351709667046;215.08945947178057;0.008815108277651973;0.4969176801204087;0.5899627031566319;0.22985118658752857;-2.8481217384523916e-09;-1.062656025396791e-07;9.006197387861903e-08;-2.680959620970924e-09;-1.97338465568464e-08;5.0369919790682616e-08;5.8728062413138105e-08;8.180410020486306e-07;-2.8481217384523916e-11;-1.062656025396791e-09;9.006197387861903e-10;-2.680959620970924e-09;-1.97338465568464e-10;5.036991979068262e-10;5.87280624131381e-10;8.180410020486307e-09;143.421317930668;110.0;101.56718469731089;110.0;101.77641930958384;38.23649742712064;18.29939904549991;10.565878514319081;54.37597331816738;18.29775692228344;3.2656358524359916;8.954713952022871;13.885050773478156;53.47599871455742;0.5211816912724885;8.59487756810097;4.0;0.45000000000000007;88140.3968005201;11345.638357646869;7.768659111288717;0.5211816912724885;deltaT_shex_1_K;shex;True;True;True;True;True;True;True;True;96.11494922652184;2669.3992707937355;0.05573278839806062;88140.3968005201;0.0;0.0;135.0;4.0;143.421317930668;4.0;110.0;4.0;101.56718469731089;4.0;110.0;4.0;101.77641930958384;4.0;30.0;4.0;38.23649742712064;4.0;96.11494922652184;2669.3992707937355;0.005515491570374089;88140.3968005201;0.0;0.0;92.61247074528802;257.9351709667014;0.5057327883980607;11345.638357646869;0.5796794365237227;0.2224396758104943;161.72071697616792;370.759812669133;0.45551549157037413;88140.3968005201;0.6435849184414111;0.2724941485722299;96.11494922652184;2669.3992707937355;0.050217296827686525;88140.3968005201;0.0;0.0;115.3530287714903;257.9351709667014;0.5057327883980607;88140.3968005201;0.5796794365237227;0.2224396758104943;145.56587851431908;320.5890973738047;0.5057327883980607;88140.3968005201;0.5796794365237227;0.2224396758104943;145.0446968230466;342.5861983034584;0.45000000000000007;88140.3968005201;0.6514731062447975;0.27939951641191085;106.75815120338933;272.1725429505709;0.45000000000000007;88140.3968005201;0.6514731062447975;0.27939951641191085;106.73436414756401;272.12942491124375;0.45000000000000007;11345.638357646869;0.6514731062447975;0.27939951641191085;92.61247074528802;2673.1966616442855;0.05573278839806062;11345.638357646869;0.0;0.0;48.29775692228344;202.22327345025647;0.05573278839806062;11345.638357646869;0.0;0.0;48.300420595026424;202.30094149962164;0.05573278839806062;88140.3968005201;0.0;0.0;"Zustand 3: Temperatur 418.716 K liegt außerhalb des Boryta-Prüfbereichs; Kristallisation wurde nicht bewertet.";"Zustand 4: Temperatur 418.195 K liegt außerhalb des Boryta-Prüfbereichs; Kristallisation wurde nicht bewertet.";"Zustand 5: Temperatur 379.908 K liegt außerhalb des Boryta-Prüfbereichs; Kristallisation wurde nicht bewertet.";"Zustand 6: Temperatur 379.884 K liegt außerhalb des Boryta-Prüfbereichs; Kristallisation wurde nicht bewertet.";"Zustand 20: Temperatur 434.871 K liegt außerhalb des Boryta-Prüfbereichs; Kristallisation wurde nicht bewertet.";5
parallel;Parallel (T13 = T15);parallel;110.0;110.0;30.0;110.0;4.0;4.0;4.0;110.0;0.4600000000000001;Abwärmetemperatur [°C];hot_temperature_C;110.0;10.0;10.0;25.0;15.0;11.0;nan;nan;2.7188584299405666e-17;`gtol` termination condition is satisfied.;4;6.908012037410154e-07;7.374087645181018e-09;1;True;;True;0;zulässig;feasible;True;True;True;96.09155423174184;115.21392882319344;145.13575491562943;48.33125078292022;0.09957985647695684;0.2720641443272587;0.2229616146986818;0.27885585984358724;140.9773966846602;137.9663215057745;141.18962143457745;137.72994069177892;32.59194998665523;0.5054410512117271;8.239193589795896;33.43166248113994;0.004330993721546938;0.019825068089607645;14.097739600638507;13.79663214636398;5.647584858047502;9.181996042832955;2.9629045517252712;92.78236136479347;0.01716460307979512;2673.518182783742;257.84119251007064;215.65291069098586;0.008854029335299884;0.5069766772728933;0.5905504706956888;0.230281672795328;-2.2671713395538973e-09;-8.232275661157473e-08;7.668205626032432e-08;-2.5801558112270584e-09;-1.661010173847899e-08;4.2134701061513624e-08;4.928460839437321e-08;6.782751142964116e-07;-2.2671713395538974e-11;-8.232275661157473e-10;7.668205626032431e-10;-2.5801558112270584e-09;-1.6610101738478988e-10;4.2134701061513624e-10;4.928460839437321e-10;6.782751142964116e-09;143.43166248113994;110.0;101.55564465104203;110.0;101.76256335575482;38.251574252737726;18.127575023926227;10.71458917885866;54.53078711205575;18.331250782920222;3.370468673804055;8.773283286248557;13.908445768258161;53.42865047300694;0.5788342632292256;8.560646793543242;4.0;0.4600000000000001;88065.04888098144;11364.737966414057;7.748973107979965;0.5788342632292256;deltaT_shex_1_K;shex;True;True;True;True;True;True;True;True;96.09155423174184;2669.361871062622;0.055830706608193115;88065.04888098144;0.0;0.0;135.0;4.0;143.43166248113994;4.0;110.0;4.0;101.55564465104203;4.0;110.0;4.0;101.76256335575482;4.0;30.0;4.0;38.251574252737726;4.0;96.09155423174184;2669.361871062622;0.005559613751050956;88065.04888098144;0.0;0.0;92.78236136479347;257.8411925100685;0.5158307066081932;11364.737966414057;0.5804139062676111;0.2229616146986818;161.55923750506616;370.2641026815403;0.46555961375105104;88065.04888098144;0.6430869627267435;0.2720641443272587;96.09155423174184;2669.361871062622;0.05027109285714216;88065.04888098144;0.0;0.0;115.21392882319344;257.8411925100685;0.5158307066081932;88065.04888098144;0.5804139062676111;0.2229616146986818;145.71458917885866;321.0246160037205;0.5158307066081932;88065.04888098144;0.5804139062676111;0.2229616146986818;145.13575491562943;342.47693856975775;0.4600000000000001;88065.04888098144;0.6508593812940073;0.27885585984358724;106.6532820296502;271.6248733764482;0.4600000000000001;88065.04888098144;0.6508593812940073;0.27885585984358724;106.62953132619594;271.5817754023403;0.4600000000000001;11364.737966414057;0.6508593812940073;0.27885585984358724;92.78236136479347;2673.518182783742;0.055830706608193115;11364.737966414057;0.0;0.0;48.33125078292022;202.36333113570558;0.055830706608193115;11364.737966414057;0.0;0.0;48.33391288274788;202.44090482202736;0.055830706608193115;88065.04888098144;0.0;0.0;"Zustand 3: Temperatur 418.865 K liegt außerhalb des Boryta-Prüfbereichs; Kristallisation wurde nicht bewertet.";"Zustand 4: Temperatur 418.286 K liegt außerhalb des Boryta-Prüfbereichs; Kristallisation wurde nicht bewertet.";"Zustand 5: Temperatur 379.803 K liegt außerhalb des Boryta-Prüfbereichs; Kristallisation wurde nicht bewertet.";"Zustand 6: Temperatur 379.780 K liegt außerhalb des Boryta-Prüfbereichs; Kristallisation wurde nicht bewertet.";"Zustand 20: Temperatur 434.709 K liegt außerhalb des Boryta-Prüfbereichs; Kristallisation wurde nicht bewertet.";5
parallel;Parallel (T13 = T15);parallel;110.0;110.0;30.0;110.0;4.0;4.0;4.0;110.0;0.4700000000000001;Abwärmetemperatur [°C];hot_temperature_C;110.0;10.0;10.0;25.0;15.0;11.0;nan;nan;1.9341763671899547e-17;`gtol` termination condition is satisfied.;4;5.712017428617104e-07;6.2196082950455244e-09;1;True;;True;0;zulässig;feasible;True;True;True;96.06947340588329;115.08036030327156;145.2188378198448;48.36290487962793;0.10021594399598047;0.2716452502884981;0.2234637003883897;0.278329161781659;141.13175587830588;138.20455943311023;141.36313607148713;137.9485985359638;33.49699519465436;0.5052840192219444;8.40439196292415;33.4408944903293;0.004333183541923128;0.02024751857366076;14.113175531732171;13.820455939772415;5.654525443410769;9.196573232969929;3.045181387182666;92.94504120750162;0.016910514590086332;2673.8260971055015;257.7538986544697;216.19407651317994;0.008893630955659981;0.5170295104296299;0.5911150064239505;0.23069585428826822;-1.8495640574656136e-09;-6.435496402446006e-08;6.526738616230432e-08;-2.4610952720216517e-09;-1.3782084806734929e-08;3.5386079844101914e-08;4.141489284847921e-08;5.609841764453449e-07;-1.8495640574656137e-11;-6.435496402446006e-10;6.526738616230431e-10;-2.4610952720216517e-09;-1.378208480673493e-10;3.5386079844101916e-10;4.141489284847921e-10;5.6098417644534496e-09;143.4408944903293;110.0;101.54526698137039;110.0;101.74948573349496;38.265822932602305;17.961831779041347;10.857971902355018;54.67921827489931;18.362904879627933;3.473201346336566;8.600225773868772;13.930526594116714;53.38392024045913;0.6391340825102247;8.529845403495472;4.0;0.4700000000000001;87993.9825498216;11382.813827083542;7.730424470305779;0.6391340825102247;deltaT_shex_1_K;shex;True;True;True;True;True;True;True;True;96.06947340588329;2669.3265695866367;0.055923141385289754;87993.9825498216;0.0;0.0;135.0;4.0;143.4408944903293;4.0;110.0;4.0;101.54526698137039;4.0;110.0;4.0;101.74948573349496;4.0;30.0;4.0;38.265822932602305;4.0;96.06947340588329;2669.3265695866367;0.005604390405147495;87993.9825498216;0.0;0.0;92.94504120750162;257.7538986544669;0.5259231413852898;11382.813827083542;0.5811189474833994;0.2234637003883897;161.40272626937065;369.78277682178623;0.47560439040514757;87993.9825498216;0.6426011008429289;0.2716452502884981;96.06947340588329;2669.3265695866367;0.05031875098014226;87993.9825498216;0.0;0.0;115.08036030327156;257.7538986544669;0.5259231413852898;87993.9825498216;0.5811189474833994;0.2234637003883897;145.85797190235502;321.44570561018054;0.5259231413852898;87993.9825498216;0.5811189474833994;0.2234637003883897;145.2188378198448;342.36247660238115;0.4700000000000001;87993.9825498216;0.6502636220829418;0.278329161781659;106.55051489977609;271.0922740566281;0.4700000000000001;87993.9825498216;0.6502636220829418;0.278329161781659;106.52679865366343;271.04919422987564;0.4700000000000001;11382.813827083542;0.6502636220829418;0.278329161781659;92.94504120750162;2673.8260971055015;0.055923141385289754;11382.813827083542;0.0;0.0;48.36290487962793;202.49569595847098;0.055923141385289754;11382.813827083542;0.0;0.0;48.36556549303583;202.573180581734;0.055923141385289754;87993.9825498216;0.0;0.0;"Zustand 3: Temperatur 419.008 K liegt außerhalb des Boryta-Prüfbereichs; Kristallisation wurde nicht bewertet.";"Zustand 4: Temperatur 418.369 K liegt außerhalb des Boryta-Prüfbereichs; Kristallisation wurde nicht bewertet.";"Zustand 5: Temperatur 379.701 K liegt außerhalb des Boryta-Prüfbereichs; Kristallisation wurde nicht bewertet.";"Zustand 6: Temperatur 379.677 K liegt außerhalb des Boryta-Prüfbereichs; Kristallisation wurde nicht bewertet.";"Zustand 20: Temperatur 434.553 K liegt außerhalb des Boryta-Prüfbereichs; Kristallisation wurde nicht bewertet.";5
parallel;Parallel (T13 = T15);parallel;110.0;110.0;30.0;110.0;4.0;4.0;4.0;110.0;0.4800000000000001;Abwärmetemperatur [°C];hot_temperature_C;110.0;10.0;10.0;25.0;15.0;11.0;nan;nan;1.3880919728554837e-17;`gtol` termination condition is satisfied.;4;4.725429200140652e-07;5.268950508128699e-09;1;True;;True;0;zulässig;feasible;True;True;True;96.04859351664459;114.95225276966806;145.29430398859205;48.39287482085007;0.10087191537524665;0.27123703638872837;0.2239469033666194;0.27781869473625964;141.26871879239576;138.43012191746195;141.5184710691073;138.1553639715381;34.400984065968615;0.5051195395946316;8.569811942360664;33.44908605217677;0.004335240241489373;0.020670427521077877;14.126871832826037;13.843012188785316;5.6607388432345775;9.210357595794981;3.1273621924352644;93.10096120534524;0.016667553764280578;2674.121251879924;257.67319199027867;216.71422830410805;0.008933984893175873;0.5270765790758368;0.5916575811151265;0.23109458139523076;-1.4497558709081204e-09;-5.0819295438486733e-08;5.5425857681257185e-08;-2.3308156515966516e-09;-1.1757123274946935e-08;2.960879896818369e-08;3.461337882981752e-08;4.6413538257183973e-07;-1.4497558709081203e-11;-5.081929543848674e-10;5.542585768125719e-10;-2.3308156515966516e-09;-1.1757123274946935e-10;2.960879896818369e-10;3.461337882981752e-10;4.641353825718397e-09;143.44908605217677;110.0;101.53597661069932;110.0;101.73711937969267;38.2793135118099;17.801831232100312;10.996240307984465;54.82164769353534;18.392874820850068;3.573821400838767;8.43501540535408;13.951406483355413;53.341585352684035;0.7019363193924164;8.502390641773616;4.0;0.4800000000000001;87926.82519576197;11399.950701824891;7.712912756867162;0.7019363193924164;deltaT_shex_1_K;shex;True;True;True;True;True;True;True;True;96.04859351664459;2669.2931857702524;0.056010563969012606;87926.82519576197;0.0;0.0;135.0;4.0;143.44908605217677;4.0;110.0;4.0;101.53597661069932;4.0;110.0;4.0;101.73711937969267;4.0;30.0;4.0;38.2793135118099;4.0;96.04859351664459;2669.2931857702524;0.005649892868802078;87926.82519576197;0.0;0.0;93.10096120534524;257.67319199027827;0.5360105639690127;11399.950701824891;0.5817960965718459;0.2239469033666194;161.25091728427708;369.31514285577686;0.48564989286880217;87926.82519576197;0.6421268917143704;0.27123703638872837;96.04859351664459;2669.2931857702524;0.05036067110021053;87926.82519576197;0.0;0.0;114.95225276966806;257.67319199027827;0.5360105639690127;87926.82519576197;0.5817960965718459;0.2239469033666194;145.99624030798446;321.85286750122094;0.5360105639690127;87926.82519576197;0.5817960965718459;0.2239469033666194;145.29430398859205;342.2429980898644;0.4800000000000001;87926.82519576197;0.6496851121634276;0.27781869473625964;106.44986212789445;270.5742812827428;0.4800000000000001;87926.82519576197;0.6496851121634276;0.27781869473625964;106.42617859916123;270.53121789207387;0.4800000000000001;11399.950701824891;0.6496851121634276;0.27781869473625964;93.10096120534524;2674.121251879924;0.056010563969012606;11399.950701824891;0.0;0.0;48.39287482085007;202.6210185659495;0.056010563969012606;11399.950701824891;0.0;0.0;48.39553402700864;202.69841896927142;0.056010563969012606;87926.82519576197;0.0;0.0;"Zustand 3: Temperatur 419.146 K liegt außerhalb des Boryta-Prüfbereichs; Kristallisation wurde nicht bewertet.";"Zustand 4: Temperatur 418.444 K liegt außerhalb des Boryta-Prüfbereichs; Kristallisation wurde nicht bewertet.";"Zustand 5: Temperatur 379.600 K liegt außerhalb des Boryta-Prüfbereichs; Kristallisation wurde nicht bewertet.";"Zustand 6: Temperatur 379.576 K liegt außerhalb des Boryta-Prüfbereichs; Kristallisation wurde nicht bewertet.";"Zustand 20: Temperatur 434.401 K liegt außerhalb des Boryta-Prüfbereichs; Kristallisation wurde nicht bewertet.";5
parallel;Parallel (T13 = T15);parallel;110.0;110.0;30.0;110.0;4.0;4.0;4.0;110.0;0.4900000000000001;Abwärmetemperatur [°C];hot_temperature_C;110.0;10.0;10.0;25.0;15.0;11.0;nan;nan;1.0042547307323802e-17;`gtol` termination condition is satisfied.;4;3.9082355620909504e-07;4.481639723878706e-09;1;True;;True;0;zulässig;feasible;True;True;True;96.02881125715254;114.82951907759531;145.36250473399082;48.421302731338244;0.10154818508524985;0.270839094406108;0.22441213727104672;0.27732376701688655;141.38939561248483;138.64407863091378;141.65678330511972;138.3512600063564;35.30364891490819;0.5049476220052925;8.73542985458138;33.45630356534002;0.004337176244380402;0.02109375460290216;14.138939522864245;13.864407860625535;5.666271332598183;9.223417331833721;3.2094226323168678;93.25053859070852;0.016435198020275904;2674.4044312566025;257.5989512052431;217.21454891554944;0.008975153239932587;0.5371182512240751;0.592179377578745;0.23147864859134246;-1.0751648460427532e-09;-4.057735480955671e-08;4.7100684241740964e-08;-2.1934608573914716e-09;-9.83484937933099e-09;2.4658419306433643e-08;2.8850593025708804e-08;3.83842376550092e-07;-1.0751648460427533e-11;-4.057735480955671e-10;4.710068424174097e-10;-2.1934608573914716e-09;-9.83484937933099e-11;2.4658419306433643e-10;2.8850593025708803e-10;3.83842376550092e-09;143.45630356534002;110.0;101.52770434777995;110.0;101.7254031096677;38.29210996596373;17.647259559876034;11.129598619557555;54.95842862474478;18.421302731338244;3.6723247928292153;8.27716575707143;13.97118874284746;53.30144250694548;0.7670938855667373;8.478191460755795;4.0;0.4900000000000001;87863.23748382724;11416.22630240982;7.696346862472447;0.7670938855667373;deltaT_shex_1_K;shex;True;True;True;True;True;True;True;True;96.02881125715254;2669.26155481561;0.05609340446400757;87863.23748382724;0.0;0.0;135.0;4.0;143.45630356534002;4.0;110.0;4.0;101.52770434777995;4.0;110.0;4.0;101.7254031096677;4.0;30.0;4.0;38.29210996596373;4.0;96.02881125715254;2669.26155481561;0.00569618341857282;87863.23748382724;0.0;0.0;93.25053859070852;257.5989512052424;0.5460934044640077;11416.22630240982;0.5824467922447145;0.22441213727104672;161.10356312521606;368.86055257319333;0.4956961834185729;87863.23748382724;0.6416639153764363;0.270839094406108;96.02881125715254;2669.26155481561;0.050397221045434745;87863.23748382724;0.0;0.0;114.82951907759531;257.5989512052424;0.5460934044640077;87863.23748382724;0.5824467922447145;0.22441213727104672;146.12959861955756;322.24658955121146;0.5460934044640077;87863.23748382724;0.5824467922447145;0.22441213727104672;145.36250473399082;342.11870359780374;0.4900000000000001;87863.23748382724;0.6491231667266463;0.27732376701688655;106.35132761683951;270.0704405039602;0.4900000000000001;87863.23748382724;0.6491231667266463;0.27732376701688655;106.32767520717078;270.02739202517876;0.4900000000000001;11416.22630240982;0.6491231667266463;0.27732376701688655;93.25053859070852;2674.4044312566025;0.05609340446400757;11416.22630240982;0.0;0.0;48.421302731338244;202.7398932292308;0.05609340446400757;11416.22630240982;0.0;0.0;48.42396060272222;202.81721383912824;0.05609340446400757;87863.23748382724;0.0;0.0;"Zustand 3: Temperatur 419.280 K liegt außerhalb des Boryta-Prüfbereichs; Kristallisation wurde nicht bewertet.";"Zustand 4: Temperatur 418.513 K liegt außerhalb des Boryta-Prüfbereichs; Kristallisation wurde nicht bewertet.";"Zustand 5: Temperatur 379.501 K liegt außerhalb des Boryta-Prüfbereichs; Kristallisation wurde nicht bewertet.";"Zustand 6: Temperatur 379.478 K liegt außerhalb des Boryta-Prüfbereichs; Kristallisation wurde nicht bewertet.";"Zustand 20: Temperatur 434.254 K liegt außerhalb des Boryta-Prüfbereichs; Kristallisation wurde nicht bewertet.";5
parallel;Parallel (T13 = T15);parallel;110.0;110.0;30.0;110.0;4.0;4.0;4.0;110.0;0.5000000000000001;Abwärmetemperatur [°C];hot_temperature_C;110.0;10.0;10.0;25.0;15.0;11.0;nan;nan;7.338546750708452e-18;`gtol` termination condition is satisfied.;4;3.234265966639111e-07;3.831069498379911e-09;1;True;;True;0;zulässig;feasible;True;True;True;96.0100323114658;114.71205849509926;145.42378263960398;48.4483185070261;0.10224507667340695;0.2704510363544536;0.22486026249710586;0.27684372080770175;141.49480994965668;138.847407208078;141.77914007875748;138.53722061461767;36.20474840262885;0.5047682896555267;8.901223105768485;33.462608250577546;0.0043390027363983084;0.021517460814416352;14.149480963207656;13.884740718746023;5.671165603477861;9.235814706028876;3.291340766842304;93.39415971233808;0.01621294944493048;2674.676361522554;257.53103567553865;217.69613954949537;0.00901718942157348;0.5471548662677141;0.5926814976514758;0.23184879864608715;-8.087610581242188e-10;-3.2636492619531055e-08;4.000722242381016e-08;-2.053543002311642e-09;-8.189033451344585e-09;2.0617761720131966e-08;2.4184515723391087e-08;3.1758011687088583e-07;-8.087610581242188e-12;-3.2636492619531054e-10;4.0007222423810165e-10;-2.053543002311642e-09;-8.189033451344586e-11;2.0617761720131965e-10;2.4184515723391087e-10;3.1758011687088585e-09;143.46260825057755;110.0;101.52038635892598;110.0;101.71428106371906;38.30427076603337;17.497825053324505;11.258241963678927;55.08988894630471;18.4483185070261;3.7687147392923066;8.126226646587895;13.989967688534193;53.263305953760096;0.8344593240749418;8.457150474967364;4.0;0.5000000000000001;87802.91013450891;11431.711905564507;7.680644059248022;0.8344593240749418;deltaT_shex_1_K;shex;True;True;True;True;True;True;True;True;96.0100323114658;2669.231526239763;0.056172055689287514;87802.91013450891;0.0;0.0;135.0;4.0;143.46260825057755;4.0;110.0;4.0;101.52038635892598;4.0;110.0;4.0;101.71428106371906;4.0;30.0;4.0;38.30427076603337;4.0;96.0100323114658;2669.231526239763;0.005743316140854087;87802.91013450891;0.0;0.0;93.39415971233808;257.5310356755388;0.5561720556892876;11431.711905564507;0.5830723824931068;0.22486026249710586;160.96043330390205;368.41839812793154;0.5057433161408542;87802.91013450891;0.6412117714474498;0.2704510363544536;96.0100323114658;2669.231526239763;0.050428739548433424;87802.91013450891;0.0;0.0;114.71205849509926;257.5310356755388;0.5561720556892876;87802.91013450891;0.5830723824931068;0.22486026249710586;146.25824196367893;322.6273454096889;0.5561720556892876;87802.91013450891;0.5830723824931068;0.22486026249710586;145.42378263960398;341.98980385639874;0.5000000000000001;87802.91013450891;0.6485771311736834;0.27684372080770175;106.2549080201319;269.5803070495235;0.5000000000000001;87802.91013450891;0.6485771311736834;0.27684372080770175;106.2312852607077;269.5372721278947;0.5000000000000001;11431.711905564507;0.6485771311736834;0.27684372080770175;93.39415971233808;2674.676361522554;0.056172055689287514;11431.711905564507;0.0;0.0;48.4483185070261;202.85286308937512;0.056172055689287514;11431.711905564507;0.0;0.0;48.45097510995896;202.93010795220155;0.056172055689287514;87802.91013450891;0.0;0.0;"Zustand 3: Temperatur 419.408 K liegt außerhalb des Boryta-Prüfbereichs; Kristallisation wurde nicht bewertet.";"Zustand 4: Temperatur 418.574 K liegt außerhalb des Boryta-Prüfbereichs; Kristallisation wurde nicht bewertet.";"Zustand 5: Temperatur 379.405 K liegt außerhalb des Boryta-Prüfbereichs; Kristallisation wurde nicht bewertet.";"Zustand 6: Temperatur 379.381 K liegt außerhalb des Boryta-Prüfbereichs; Kristallisation wurde nicht bewertet.";"Zustand 20: Temperatur 434.110 K liegt außerhalb des Boryta-Prüfbereichs; Kristallisation wurde nicht bewertet.";5
parallel;Parallel (T13 = T15);parallel;110.0;110.0;30.0;110.0;4.0;4.0;4.0;110.0;0.5100000000000001;Abwärmetemperatur [°C];hot_temperature_C;110.0;10.0;10.0;25.0;15.0;11.0;nan;nan;5.4084600981248014e-18;`gtol` termination condition is satisfied.;4;2.6746136474268067e-07;3.28890866340943e-09;1;True;;True;0;zulässig;feasible;True;True;True;95.99217051316987;114.59975945332451;145.47847030945383;48.47404094681616;0.10296283263181605;0.2700724930381032;0.22529208958856647;0.27637793037143404;141.5859065717493;139.0410017637254;141.8865270281226;138.71409906853876;37.10406522289647;0.5045815775299651;9.067170132751405;33.46805661314289;0.004340729802664588;0.021941508483668708;14.15859063092166;13.904100174664794;5.675461081402393;9.2476066032322;3.373096840858666;93.53218260820171;0.01600033393679295;2674.9377159085216;257.4692895417038;218.16002609624468;0.009060139117028188;0.5571867375306082;0.593164968616946;0.23220572647077792;-5.270166525406239e-10;-2.6548853782060178e-08;3.4079079114235356e-08;-1.9140868334766026e-09;-6.937227681191871e-09;1.7077468328352552e-08;2.0055779259564588e-08;2.625326942506945e-07;-5.270166525406239e-12;-2.654885378206018e-10;3.4079079114235356e-10;-1.9140868334766026e-09;-6.937227681191871e-11;1.7077468328352553e-10;2.0055779259564588e-10;2.6253269425069446e-09;143.4680566131429;110.0;101.51396369449026;110.0;101.70370220881944;38.315849387782634;17.35325619570972;11.382356690741574;55.216333220419074;18.47404094681616;3.86300068631283;7.981781086288549;14.007829486830133;53.22700586685505;0.903886381287748;8.439165680120595;4.0;0.5100000000000001;87745.56103746472;11446.47291415625;7.665729146045219;0.903886381287748;deltaT_shex_1_K;shex;True;True;True;True;True;True;True;True;95.99217051316987;2669.202962538931;0.05624687664763628;87745.56103746472;0.0;0.0;135.0;4.0;143.4680566131429;4.0;110.0;4.0;101.51396369449026;4.0;110.0;4.0;101.70370220881944;4.0;30.0;4.0;38.315849387782634;4.0;95.99217051316987;2669.202962538931;0.005791337746332977;87745.56103746472;0.0;0.0;93.53218260820171;257.4692895417028;0.5662468766476364;11446.47291415625;0.5836741310394676;0.22529208958856647;160.8213128088526;367.9881087451127;0.5157913377463331;87745.56103746472;0.6407700777591397;0.2700724930381032;95.99217051316987;2669.202962538931;0.050455538901303304;87745.56103746472;0.0;0.0;114.59975945332451;257.4692895417028;0.5662468766476364;87745.56103746472;0.5836741310394676;0.22529208958856647;146.38235669074157;322.99559397372803;0.5662468766476364;87745.56103746472;0.5836741310394676;0.22529208958856647;145.47847030945383;341.85651578213395;0.5100000000000001;87745.56103746472;0.6480463797669053;0.27637793037143404;106.16059377320391;269.1034467165977;0.5100000000000001;87745.56103746472;0.6480463797669053;0.27637793037143404;106.13699931368717;269.06042415094345;0.5100000000000001;11446.47291415625;0.6480463797669053;0.27637793037143404;93.53218260820171;2674.9377159085216;0.05624687664763628;11446.47291415625;0.0;0.0;48.47404094681616;202.96042488913727;0.05624687664763628;11446.47291415625;0.0;0.0;48.476696341964384;203.03759770408053;0.05624687664763628;87745.56103746472;0.0;0.0;"Zustand 3: Temperatur 419.532 K liegt außerhalb des Boryta-Prüfbereichs; Kristallisation wurde nicht bewertet.";"Zustand 4: Temperatur 418.628 K liegt außerhalb des Boryta-Prüfbereichs; Kristallisation wurde nicht bewertet.";"Zustand 5: Temperatur 379.311 K liegt außerhalb des Boryta-Prüfbereichs; Kristallisation wurde nicht bewertet.";"Zustand 6: Temperatur 379.287 K liegt außerhalb des Boryta-Prüfbereichs; Kristallisation wurde nicht bewertet.";"Zustand 20: Temperatur 433.971 K liegt außerhalb des Boryta-Prüfbereichs; Kristallisation wurde nicht bewertet.";5
parallel;Parallel (T13 = T15);parallel;110.0;110.0;30.0;110.0;4.0;4.0;4.0;110.0;0.5200000000000001;Abwärmetemperatur [°C];hot_temperature_C;110.0;10.0;10.0;25.0;15.0;11.0;nan;nan;4.0322858550138495e-18;`gtol` termination condition is satisfied.;4;2.214876664825913e-07;2.83981895726254e-09;1;True;;True;0;zulässig;feasible;True;True;True;95.97514708711549;114.49250195297833;145.52688941719708;48.498578774112445;0.10370162359576311;0.2697031127597723;0.22570838241559493;0.27592580036295555;141.66355833639503;139.2256805819402;141.97985524212973;138.88267544808141;38.00140392160665;0.5043875307548541;9.233250354446332;33.47270085743992;0.004342366548363718;0.02236586126657175;14.16635581190706;13.922568056770542;5.679194209910328;9.25884502874961;3.4546730857523675;93.66493935360688;0.0157969003427049;2675.189118977024;257.4135452834272;218.60716497232772;0.009104041102460991;0.5672141545532641;0.59363074908707;0.23255008267461116;-3.091216171924316e-10;-2.1669393390766345e-08;2.8918265115862596e-08;-1.7774163807438015e-09;-5.628464805340627e-09;1.4234785794542404e-08;1.6837276461956208e-08;2.173244126879581e-07;-3.091216171924316e-12;-2.1669393390766344e-10;2.8918265115862593e-10;-1.7774163807438015e-09;-5.628464805340627e-11;1.4234785794542404e-10;1.6837276461956208e-10;2.173244126879581e-09;143.47270085743992;110.0;101.50838186350899;110.0;101.69361988946883;38.32689477164712;17.213299937103216;11.50212070592994;55.338044581959764;18.498578774112445;3.9551973952769686;7.843442509902104;14.024852912884512;53.19238687250623;0.9752312887328571;8.424131946804778;4.0;0.5200000000000001;87690.93266186192;11460.5693689153;7.65153369253255;0.9752312887328571;deltaT_shex_1_K;shex;True;True;True;True;True;True;True;True;95.97514708711549;2669.1757379841265;0.056318195655724934;87690.93266186192;0.0;0.0;135.0;4.0;143.47270085743992;4.0;110.0;4.0;101.50838186350899;4.0;110.0;4.0;101.69361988946883;4.0;30.0;4.0;38.32689477164712;4.0;95.97514708711549;2669.1757379841265;0.005840288327482529;87690.93266186192;0.0;0.0;93.66493935360688;257.4135452834267;0.5763181956557251;11460.5693689153;0.5842532233033763;0.22570838241559493;160.68600079454313;367.5691477619206;0.5258402883274826;87690.93266186192;0.6403384691360124;0.2697031127597723;95.97514708711549;2669.1757379841265;0.05047790732824241;87690.93266186192;0.0;0.0;114.49250195297833;257.4135452834267;0.5763181956557251;87690.93266186192;0.5842532233033763;0.22570838241559493;146.50212070592994;323.35177907174096;0.5763181956557251;87690.93266186192;0.5842532233033763;0.22570838241559493;145.52688941719708;341.7190591572795;0.5200000000000001;87690.93266186192;0.6475303143466214;0.27592580036295555;106.06837000617355;268.6394362305184;0.5200000000000001;87690.93266186192;0.6475303143466214;0.27592580036295555;106.04480260472303;268.5964249588519;0.5200000000000001;11460.5693689153;0.6475303143466214;0.27592580036295555;93.66493935360688;2675.189118977024;0.056318195655724934;11460.5693689153;0.0;0.0;48.498578774112445;203.06303324388753;0.056318195655724934;11460.5693689153;0.0;0.0;48.5012330169626;203.1401373928718;0.056318195655724934;87690.93266186192;0.0;0.0;"Zustand 3: Temperatur 419.652 K liegt außerhalb des Boryta-Prüfbereichs; Kristallisation wurde nicht bewertet.";"Zustand 4: Temperatur 418.677 K liegt außerhalb des Boryta-Prüfbereichs; Kristallisation wurde nicht bewertet.";"Zustand 5: Temperatur 379.218 K liegt außerhalb des Boryta-Prüfbereichs; Kristallisation wurde nicht bewertet.";"Zustand 6: Temperatur 379.195 K liegt außerhalb des Boryta-Prüfbereichs; Kristallisation wurde nicht bewertet.";"Zustand 20: Temperatur 433.836 K liegt außerhalb des Boryta-Prüfbereichs; Kristallisation wurde nicht bewertet.";5
parallel;Parallel (T13 = T15);parallel;110.0;110.0;30.0;110.0;4.0;4.0;4.0;110.0;0.5300000000000001;Abwärmetemperatur [°C];hot_temperature_C;110.0;10.0;10.0;25.0;15.0;11.0;nan;nan;3.0377893806813825e-18;`gtol` termination condition is satisfied.;4;1.8357310936204845e-07;2.464868913626598e-09;1;True;;True;0;zulässig;feasible;True;True;True;95.95888996590804;114.39015965186945;145.5693500198213;48.52203155891698;0.10446155682999703;0.26934256015846764;0.22610986115206677;0.275486764241863;141.72857241915256;139.40219305530428;142.05996766061176;139.0436634083894;38.89658886234984;0.5041862030745634;9.399444124447388;33.476589259518676;0.004343921204742061;0.022790484131440438;14.172857223914503;13.940219304347945;5.6823987066235455;9.269577559622588;3.5360535345692305;93.79273820317457;0.01560221958638377;2675.431150626509;257.36362682041215;219.0384484913082;0.009148928020486835;0.5772373851468529;0.5940797343870009;0.23288247684708524;-1.1945644473598804e-10;-1.7911695238126413e-08;2.4714609025977552e-08;-1.644974378933739e-09;-4.976868694939185e-09;1.1824823786810157e-08;1.4050556274014525e-08;1.8000753243541112e-07;-1.1945644473598805e-12;-1.7911695238126414e-10;2.4714609025977553e-10;-1.644974378933739e-09;-4.976868694939185e-11;1.1824823786810156e-10;1.4050556274014526e-10;1.8000753243541111e-09;143.47658925951868;110.0;101.50359045092034;110.0;101.68399142294322;38.33745173775742;17.077720142218425;11.617703805758651;55.455286465417146;18.52203155891698;4.045324135788633;7.710852247745777;14.041110034091957;53.159306722694055;1.0483537859373655;8.411942301863974;4.0;0.5300000000000001;87638.78973149303;11474.056414678951;7.637995366605943;1.0483537859373655;deltaT_shex_1_K;shex;True;True;True;True;True;True;True;True;95.95888996590804;2669.1497375350195;0.05638631316733955;87638.78973149303;0.0;0.0;135.0;4.0;143.47658925951868;4.0;110.0;4.0;101.50359045092034;4.0;110.0;4.0;101.68399142294322;4.0;30.0;4.0;38.33745173775742;4.0;95.95888996590804;2669.1497375350195;0.00589020205736405;87638.78973149303;0.0;0.0;93.79273820317457;257.36362682041255;0.5863863131673397;11474.056414678951;0.5848107719192744;0.22610986115206677;160.5543094017371;367.161009961127;0.5358902020573642;87638.78973149303;0.6399165963003657;0.26934256015846764;95.95888996590804;2669.1497375350195;0.050496111109975504;87638.78973149303;0.0;0.0;114.39015965186945;257.36362682041255;0.5863863131673397;87638.78973149303;0.5848107719192744;0.22610986115206677;146.61770380575865;323.6963293220307;0.5863863131673397;87638.78973149303;0.5848107719192744;0.22610986115206677;145.5693500198213;341.57765389608926;0.5300000000000001;87638.78973149303;0.647028363106206;0.275486764241863;105.97821735000548;268.18786358954344;0.5300000000000001;87638.78973149303;0.647028363106206;0.275486764241863;105.95467586421137;268.1448626760879;0.5300000000000001;11474.056414678951;0.647028363106206;0.275486764241863;93.79273820317457;2675.431150626509;0.05638631316733955;11474.056414678951;0.0;0.0;48.52203155891698;203.16110449677302;0.05638631316733955;11474.056414678951;0.0;0.0;48.52468470024917;203.23814307157485;0.05638631316733955;87638.78973149303;0.0;0.0;"Zustand 3: Temperatur 419.768 K liegt außerhalb des Boryta-Prüfbereichs; Kristallisation wurde nicht bewertet.";"Zustand 4: Temperatur 418.719 K liegt außerhalb des Boryta-Prüfbereichs; Kristallisation wurde nicht bewertet.";"Zustand 5: Temperatur 379.128 K liegt außerhalb des Boryta-Prüfbereichs; Kristallisation wurde nicht bewertet.";"Zustand 6: Temperatur 379.105 K liegt außerhalb des Boryta-Prüfbereichs; Kristallisation wurde nicht bewertet.";"Zustand 20: Temperatur 433.704 K liegt außerhalb des Boryta-Prüfbereichs; Kristallisation wurde nicht bewertet.";5
parallel;Parallel (T13 = T15);parallel;110.0;110.0;30.0;110.0;4.0;4.0;4.0;110.0;0.5400000000000001;Abwärmetemperatur [°C];hot_temperature_C;110.0;10.0;10.0;25.0;15.0;11.0;nan;nan;2.3130147521530992e-18;`gtol` termination condition is satisfied.;4;1.5238376500791197e-07;2.1508206583316514e-09;1;True;;True;0;zulässig;feasible;True;True;True;95.94333317344348;114.29260166222991;145.60615010009326;48.54449055068483;0.10524268397452541;0.26899051516444505;0.2264972050601441;0.27506028277408967;141.7816959264748;139.57122595374122;142.12764485039926;139.1977162852956;39.789462340991996;0.5039776554595362;9.565732684725823;33.47976650277957;0.004345401222444346;0.023215343335190063;14.178169577713591;13.957122594389018;5.68510579418272;9.27984775156481;3.6172238505264347;93.91586554379387;0.015415883791751652;2675.6643497432724;257.3193521756861;219.4547097981114;0.009194827078051637;0.587256677244482;0.5945127614802111;0.23320348058213106;3.647215862656594e-11;-1.4798786196479341e-08;2.1051931753390818e-08;-1.5179521528629891e-09;-4.168725808995077e-09;9.85104975370632e-09;1.1823431123048067e-08;1.4933888792256766e-07;3.647215862656594e-13;-1.479878619647934e-10;2.1051931753390817e-10;-1.5179521528629891e-09;-4.1687258089950774e-11;9.851049753706321e-11;1.1823431123048067e-10;1.4933888792256766e-09;143.47976650277957;110.0;101.49954277210531;110.0;101.67477773413304;38.34756136086969;16.94629619271234;11.729268015134267;55.56830418292418;18.544490550684827;4.13340397423201;7.583677228311444;14.056666826556523;53.12763509727296;1.123117915041007;8.402489015111996;4.0;0.5400000000000001;87588.91713584386;11486.98472515334;7.6250573350244135;1.123117915041007;deltaT_shex_1_K;shex;True;True;True;True;True;True;True;True;95.94333317344348;2669.1248558599214;0.05645150432253354;87588.91713584386;0.0;0.0;135.0;4.0;143.47976650277957;4.0;110.0;4.0;101.49954277210531;4.0;110.0;4.0;101.67477773413304;4.0;30.0;4.0;38.34756136086969;4.0;95.94333317344348;2669.1248558599214;0.005941107829302953;87588.91713584386;0.0;0.0;93.91586554379387;257.31935217568656;0.5964515043225337;11486.98472515334;0.5853478218365189;0.2264972050601441;160.4260626954919;366.7632191677472;0.545941107829303;87588.91713584386;0.6395041248907449;0.26899051516444505;95.94333317344348;2669.1248558599214;0.05051039649323059;87588.91713584386;0.0;0.0;114.29260166222991;257.31935217568656;0.5964515043225337;87588.91713584386;0.5853478218365189;0.2264972050601441;146.72926801513427;324.02965813121597;0.5964515043225337;87588.91713584386;0.5853478218365189;0.2264972050601441;145.60615010009326;341.43251782591994;0.5400000000000001;87588.91713584386;0.6465399794190927;0.27506028277408967;105.89011264711792;267.74832830563196;0.5400000000000001;87588.91713584386;0.6465399794190927;0.27506028277408967;105.86659602576799;267.7053369290853;0.5400000000000001;11486.98472515334;0.6465399794190927;0.27506028277408967;93.91586554379387;2675.6643497432724;0.05645150432253354;11486.98472515334;0.0;0.0;48.54449055068483;203.25502020076277;0.05645150432253354;11486.98472515334;0.0;0.0;48.54714263686009;203.33199602761792;0.05645150432253354;87588.91713584386;0.0;0.0;"Zustand 3: Temperatur 419.879 K liegt außerhalb des Boryta-Prüfbereichs; Kristallisation wurde nicht bewertet.";"Zustand 4: Temperatur 418.756 K liegt außerhalb des Boryta-Prüfbereichs; Kristallisation wurde nicht bewertet.";"Zustand 5: Temperatur 379.040 K liegt außerhalb des Boryta-Prüfbereichs; Kristallisation wurde nicht bewertet.";"Zustand 6: Temperatur 379.017 K liegt außerhalb des Boryta-Prüfbereichs; Kristallisation wurde nicht bewertet.";"Zustand 20: Temperatur 433.576 K liegt außerhalb des Boryta-Prüfbereichs; Kristallisation wurde nicht bewertet.";5
parallel;Parallel (T13 = T15);parallel;110.0;110.0;30.0;110.0;4.0;4.0;4.0;110.0;0.5500000000000002;Abwärmetemperatur [°C];hot_temperature_C;110.0;10.0;10.0;25.0;15.0;11.0;nan;nan;1.7746293134150973e-18;`gtol` termination condition is satisfied.;4;1.2636916629690435e-07;1.8839476178573e-09;1;True;;True;0;zulässig;feasible;True;True;True;95.92841626873468;114.19969408581233;145.63757530419394;48.56603943060162;0.10604500808265829;0.2686466720537024;0.22687105509387573;0.27464584261539693;141.82362096106817;139.73340908595858;142.18361022521864;139.34543260223583;40.679882850241356;0.5037619548473727;9.73209812093371;33.48227398092513;0.004346813353742986;0.023640406393228643;14.182362083731737;13.973340907794364;5.687344409151036;9.289695506160523;3.6981711693390595;94.03458767494016;0.015237505404013973;2675.889217531514;257.28053574030474;219.85672739948404;0.009241760676385935;0.5972722605722237;0.5949306134729224;0.2335136302627832;1.7465850987719023e-10;-1.2488300171753508e-08;1.798565563149168e-08;-1.397332194397194e-09;-3.5572611523093656e-09;8.01495048108336e-09;9.827971325648832e-09;1.237507945006655e-07;1.7465850987719023e-12;-1.248830017175351e-10;1.7985655631491682e-10;-1.397332194397194e-09;-3.557261152309365e-11;8.014950481083361e-11;9.827971325648832e-11;1.2375079450066551e-09;143.48227398092513;110.0;101.49619556069268;110.0;101.66594302618205;38.357261308968816;16.818821726185206;11.836967922204451;55.67732636597134;18.56603943060162;4.21946314816978;7.461607885752528;14.07158373126532;53.09725252220784;1.1993926180105063;8.39566450957733;4.0;0.5500000000000002;87541.11805203158;11499.400889614422;7.612667728724332;1.1993926180105063;deltaT_shex_1_K;shex;True;True;True;True;True;True;True;True;95.92841626873468;2669.1009964512727;0.05651402124860949;87541.11805203158;0.0;0.0;135.0;4.0;143.48227398092513;4.0;110.0;4.0;101.49619556069268;4.0;110.0;4.0;101.66594302618205;4.0;30.0;4.0;38.357261308968816;4.0;95.92841626873468;2669.1009964512727;0.0059930298400923164;87541.11805203158;0.0;0.0;94.03458767494016;257.280535740304;0.6065140212486096;11499.400889614422;0.5858653550351154;0.22687105509387573;160.30109570711033;366.375326076622;0.5559930298400925;87541.11805203158;0.6391007345759737;0.2686466720537024;95.92841626873468;2669.1009964512727;0.05052099140851717;87541.11805203158;0.0;0.0;114.19969408581233;257.280535740304;0.6065140212486096;87541.11805203158;0.5858653550351154;0.22687105509387573;146.83696792220445;324.3521638067007;0.6065140212486096;87541.11805203158;0.5858653550351154;0.22687105509387573;145.63757530419394;341.2838649164107;0.5500000000000002;87541.11805203158;0.6460646407138038;0.27464584261539693;105.804029576235;267.3204415526531;0.5500000000000002;87541.11805203158;0.6460646407138038;0.27464584261539693;105.78053685183022;267.27745899557453;0.5500000000000002;11499.400889614422;0.6460646407138038;0.27464584261539693;94.03458767494016;2675.889217531514;0.05651402124860949;11499.400889614422;0.0;0.0;48.56603943060162;203.34513026402595;0.05651402124860949;11499.400889614422;0.0;0.0;48.56869050397421;203.42204592597506;0.05651402124860949;87541.11805203158;0.0;0.0;"Zustand 3: Temperatur 419.987 K liegt außerhalb des Boryta-Prüfbereichs; Kristallisation wurde nicht bewertet.";"Zustand 4: Temperatur 418.788 K liegt außerhalb des Boryta-Prüfbereichs; Kristallisation wurde nicht bewertet.";"Zustand 5: Temperatur 378.954 K liegt außerhalb des Boryta-Prüfbereichs; Kristallisation wurde nicht bewertet.";"Zustand 6: Temperatur 378.931 K liegt außerhalb des Boryta-Prüfbereichs; Kristallisation wurde nicht bewertet.";"Zustand 20: Temperatur 433.451 K liegt außerhalb des Boryta-Prüfbereichs; Kristallisation wurde nicht bewertet.";5
parallel;Parallel (T13 = T15);parallel;110.0;110.0;30.0;110.0;4.0;4.0;4.0;110.0;0.5600000000000002;Abwärmetemperatur [°C];hot_temperature_C;110.0;10.0;10.0;25.0;15.0;11.0;nan;nan;1.3749838060248807e-18;`gtol` termination condition is satisfied.;4;1.0501147917691191e-07;1.6583026298145226e-09;1;True;;True;0;zulässig;feasible;True;True;True;95.91408384384368;114.11130131511459;145.66389884331733;48.58675499150212;0.10686848994977823;0.26831073859139903;0.22723201633124004;0.2742429549709192;141.8549892058352;139.88932041739994;142.22853477512317;139.48736104260433;41.56772349010663;0.5035391730171184;9.898523319237931;33.48415007211935;0.004348163725183608;0.024065642044552155;14.185498910305576;13.988932041074271;5.689141391125575;9.299157402293206;3.7788839545890296;94.14915243153303;0.015066716313178338;2676.1062205496874;257.2469901804358;220.24522932099208;0.009289746977516722;0.6072843481616677;0.5953340237324125;0.23381342962305646;2.6208368808511295e-10;-1.0372694703164598e-08;1.5288037502614316e-08;-1.2835074114647682e-09;-3.0161970698827645e-09;6.657245421592961e-09;8.20625700725941e-09;1.0277946671521931e-07;2.6208368808511297e-12;-1.0372694703164598e-10;1.5288037502614316e-10;-1.2835074114647682e-09;-3.0161970698827645e-11;6.657245421592961e-11;8.20625700725941e-11;1.027794667152193e-09;143.48415007211935;110.0;101.49350868569837;110.0;101.65745448309781;38.366586149366015;16.695103497047683;11.940951008049012;55.78256628216701;18.58675499150212;4.303530517110971;7.344356254165348;14.085916156156316;53.06804939230318;1.2770521647316855;8.391362114169965;4.0;0.5600000000000002;87495.21225493855;11511.347764967877;7.600779165165176;1.2770521647316855;deltaT_shex_1_K;shex;True;True;True;True;True;True;True;True;95.91408384384368;2669.0780708268817;0.05657409513918421;87495.21225493855;0.0;0.0;135.0;4.0;143.48415007211935;4.0;110.0;4.0;101.49350868569837;4.0;110.0;4.0;101.65745448309781;4.0;30.0;4.0;38.366586149366015;4.0;95.91408384384368;2669.0780708268817;0.006045988117799705;87495.21225493855;0.0;0.0;94.14915243153303;257.24699018043617;0.6165740951391844;11511.347764967877;0.5863642948852532;0.22723201633124004;160.17925356916703;365.9969062869664;0.5660459881177998;87495.21225493855;0.6387061182545981;0.26831073859139903;95.91408384384368;2669.0780708268817;0.05052810702138451;87495.21225493855;0.0;0.0;114.11130131511459;257.24699018043617;0.6165740951391844;87495.21225493855;0.5863642948852532;0.22723201633124004;146.940951008049;324.664229759279;0.6165740951391844;87495.21225493855;0.5863642948852532;0.22723201633124004;145.66389884331733;341.1319038943796;0.5600000000000002;87495.21225493855;0.645601847394287;0.2742429549709192;105.71993920094462;266.90382623394294;0.5600000000000002;87495.21225493855;0.645601847394287;0.2742429549709192;105.69646948288903;266.8608518731491;0.5600000000000002;11511.347764967877;0.645601847394287;0.2742429549709192;94.14915243153303;2676.1062205496874;0.05657409513918421;11511.347764967877;0.0;0.0;48.58675499150212;203.43175579258053;0.05657409513918421;11511.347764967877;0.0;0.0;48.58940509079463;203.50861364977624;0.05657409513918421;87495.21225493855;0.0;0.0;"Zustand 3: Temperatur 420.091 K liegt außerhalb des Boryta-Prüfbereichs; Kristallisation wurde nicht bewertet.";"Zustand 4: Temperatur 418.814 K liegt außerhalb des Boryta-Prüfbereichs; Kristallisation wurde nicht bewertet.";"Zustand 5: Temperatur 378.870 K liegt außerhalb des Boryta-Prüfbereichs; Kristallisation wurde nicht bewertet.";"Zustand 6: Temperatur 378.846 K liegt außerhalb des Boryta-Prüfbereichs; Kristallisation wurde nicht bewertet.";"Zustand 20: Temperatur 433.329 K liegt außerhalb des Boryta-Prüfbereichs; Kristallisation wurde nicht bewertet.";5
parallel;Parallel (T13 = T15);parallel;110.0;110.0;30.0;110.0;4.0;4.0;4.0;110.0;0.5700000000000002;Abwärmetemperatur [°C];hot_temperature_C;110.0;10.0;10.0;25.0;15.0;11.0;nan;nan;1.0734043100012218e-18;`gtol` termination condition is satisfied.;4;8.73481557387504e-08;1.4651991741747753e-09;1;True;;True;0;zulässig;feasible;True;True;True;95.9002850705059;114.02728712747131;145.68538153067897;48.606707752622754;0.10771305379842204;0.267982435252629;0.22758066024528337;0.2738511543252691;141.8763960766052;140.03949069610994;142.26304135603172;139.62400493890675;42.452870518670224;0.503309385590425;10.064991924995281;33.48543038735676;0.00434945790179997;0.024491020213459183;14.187639599120098;14.00394906906406;5.690521654344958;9.30826699547105;3.859351866132806;94.25979066354188;0.014903166984512991;2676.315793479524;257.21852802706536;220.62089692063182;0.009338800411817005;0.617293137720639;0.5957236796532227;0.23410335210446373;3.3855940273497254e-10;-8.790642880285304e-09;1.3176190805097576e-08;-1.1764255125612522e-09;-2.592230430309428e-09;5.469331654239795e-09;6.841020194769953e-09;8.540422413716442e-08;3.3855940273497255e-12;-8.790642880285304e-11;1.3176190805097576e-10;-1.1764255125612522e-09;-2.5922304303094277e-11;5.469331654239795e-11;6.841020194769953e-11;8.540422413716442e-10;143.48543038735676;110.0;101.49144489497417;110.0;101.64928200126155;38.37556762536542;16.574960346036164;12.041357969492367;55.88422303817646;18.606707752622754;4.385637081455286;7.231654231432287;14.099714929494098;53.03992508816617;1.3559764388134;8.389476677327366;4.0;0.5700000000000002;87451.03459581529;11522.864796210184;7.589348321137772;1.3559764388134;deltaT_shex_1_K;shex;True;True;True;True;True;True;True;True;95.9002850705059;2669.0559978083993;0.05663193813245582;87451.03459581529;0.0;0.0;135.0;4.0;143.48543038735676;4.0;110.0;4.0;101.49144489497417;4.0;110.0;4.0;101.64928200126155;4.0;30.0;4.0;38.37556762536542;4.0;95.9002850705059;2669.0559978083993;0.006099998998770122;87451.03459581529;0.0;0.0;94.25979066354188;257.2185280270646;0.626631938132456;11522.864796210184;0.5868455101787222;0.22758066024528337;160.06039073339292;365.6275585205704;0.5760999989987703;87451.03459581529;0.6383199813281601;0.267982435252629;95.9002850705059;2669.0559978083993;0.05053193913368569;87451.03459581529;0.0;0.0;114.02728712747131;257.2185280270646;0.626631938132456;87451.03459581529;0.5868455101787222;0.22758066024528337;147.04135796949237;324.9662247773963;0.626631938132456;87451.03459581529;0.5868455101787222;0.22758066024528337;145.68538153067897;340.97683718685425;0.5700000000000002;87451.03459581529;0.6451511218028465;0.2738511543252691;105.63781045014395;266.49811697925486;0.5700000000000002;87451.03459581529;0.6451511218028465;0.2738511543252691;105.61436291854471;266.455150277126;0.5700000000000002;11522.864796210184;0.6451511218028465;0.2738511543252691;94.25979066354188;2676.315793479524;0.05663193813245582;11522.864796210184;0.0;0.0;48.606707752622754;203.51519166058;0.05663193813245582;11522.864796210184;0.0;0.0;48.60935691309538;203.59199386875497;0.05663193813245582;87451.03459581529;0.0;0.0;"Zustand 3: Temperatur 420.191 K liegt außerhalb des Boryta-Prüfbereichs; Kristallisation wurde nicht bewertet.";"Zustand 4: Temperatur 418.835 K liegt außerhalb des Boryta-Prüfbereichs; Kristallisation wurde nicht bewertet.";"Zustand 5: Temperatur 378.788 K liegt außerhalb des Boryta-Prüfbereichs; Kristallisation wurde nicht bewertet.";"Zustand 6: Temperatur 378.764 K liegt außerhalb des Boryta-Prüfbereichs; Kristallisation wurde nicht bewertet.";"Zustand 20: Temperatur 433.210 K liegt außerhalb des Boryta-Prüfbereichs; Kristallisation wurde nicht bewertet.";5
parallel;Parallel (T13 = T15);parallel;110.0;110.0;30.0;110.0;4.0;4.0;4.0;110.0;0.5800000000000002;Abwärmetemperatur [°C];hot_temperature_C;110.0;10.0;10.0;25.0;15.0;11.0;nan;nan;8.442574963361083e-19;`gtol` termination condition is satisfied.;4;7.277288000867967e-08;1.2994287178111066e-09;1;True;;True;0;zulässig;feasible;True;True;True;95.88697329037171;113.94751559714547;145.70227192879327;48.62596251567646;0.10857859234005604;0.26766149451270865;0.2279175268235178;0.27346999723921717;141.88839449422593;140.1844076386829;142.28770858972598;139.75582633070218;43.33522203533517;0.5030726711543179;10.231488303106797;33.486147996066165;0.004350700944034273;0.024916511968807727;14.188839442312469;14.018440763413901;5.691508343677478;9.31705508832799;3.9395656402477655;94.3667175849854;0.014746525600780856;2676.518341651257;257.1949629864126;220.98436838607043;0.009388932131494387;0.6272988128785727;0.5961002261015168;0.23438384302281334;4.3218051359872334e-10;-7.390248413230438e-09;1.1205855798834818e-08;-1.076587985426869e-09;-2.2109816200099885e-09;4.54389237347641e-09;5.7823399401968345e-09;7.110125466169848e-08;4.3218051359872334e-12;-7.390248413230438e-11;1.1205855798834819e-10;-1.076587985426869e-09;-2.2109816200099884e-11;4.54389237347641e-11;5.7823399401968346e-11;7.110125466169847e-10;143.48614799606617;110.0;101.4899695819542;110.0;101.64139794672832;38.38423490661978;16.458222266721805;12.13832303312978;55.98248267836561;18.625962515676463;4.465815561982538;7.123251996968804;14.113026709628286;53.01278717726052;1.4360511043365136;8.389905059146372;4.0;0.5800000000000002;87408.43363110775;11533.988308104827;7.578335550217842;1.4360511043365136;deltaT_shex_1_K;shex;True;True;True;True;True;True;True;True;95.88697329037171;2669.0347028689885;0.0566877450100669;87408.43363110775;0.0;0.0;135.0;4.0;143.48614799606617;4.0;110.0;4.0;101.4899695819542;4.0;110.0;4.0;101.64139794672832;4.0;30.0;4.0;38.38423490661978;4.0;95.88697329037171;2669.0347028689885;0.0061550755561251;87408.43363110775;0.0;0.0;94.3667175849854;257.19496298641064;0.6366877450100671;11533.988308104827;0.5873098188566795;0.2279175268235178;159.94437026278797;365.2669030048203;0.5861550755561253;87408.43363110775;0.637942041040833;0.26766149451270865;95.88697329037171;2669.0347028689885;0.0505326694539418;87408.43363110775;0.0;0.0;113.94751559714547;257.19496298641064;0.6366877450100671;87408.43363110775;0.5873098188566795;0.2279175268235178;147.13832303312978;325.2585033560309;0.6366877450100671;87408.43363110775;0.5873098188566795;0.2279175268235178;145.70227192879327;340.8188601414993;0.5800000000000002;87408.43363110775;0.6447120072243624;0.27346999723921717;105.5576105379991;266.1029600813217;0.5800000000000002;87408.43363110775;0.6447120072243624;0.27346999723921717;105.53418443801746;266.0600005779272;0.5800000000000002;11533.988308104827;0.6447120072243624;0.27346999723921717;94.3667175849854;2676.518341651257;0.0566877450100669;11533.988308104827;0.0;0.0;48.62596251567646;203.59570883550083;0.0566877450100669;11533.988308104827;0.0;0.0;48.6286107694678;203.6724573627753;0.0566877450100669;87408.43363110775;0.0;0.0;"Zustand 3: Temperatur 420.288 K liegt außerhalb des Boryta-Prüfbereichs; Kristallisation wurde nicht bewertet.";"Zustand 4: Temperatur 418.852 K liegt außerhalb des Boryta-Prüfbereichs; Kristallisation wurde nicht bewertet.";"Zustand 5: Temperatur 378.708 K liegt außerhalb des Boryta-Prüfbereichs; Kristallisation wurde nicht bewertet.";"Zustand 6: Temperatur 378.684 K liegt außerhalb des Boryta-Prüfbereichs; Kristallisation wurde nicht bewertet.";"Zustand 20: Temperatur 433.094 K liegt außerhalb des Boryta-Prüfbereichs; Kristallisation wurde nicht bewertet.";5
parallel;Parallel (T13 = T15);parallel;110.0;110.0;30.0;110.0;4.0;4.0;4.0;110.0;0.5900000000000002;Abwärmetemperatur [°C];hot_temperature_C;110.0;10.0;10.0;25.0;15.0;11.0;nan;nan;6.715532189408194e-19;`gtol` termination condition is satisfied.;4;6.091622823037718e-08;1.1589246903408517e-09;1;True;;True;0;zulässig;feasible;True;True;True;95.87410564463511;113.87185184873033;145.71480658478873;48.64457886808685;0.1094649712860478;0.26734766019571;0.22824312654588255;0.27309906120905675;141.89149831285062;140.32451971725118;142.3030744116482;139.883249631984;44.21468678833356;0.5028291104954862;10.397997500301432;33.48633363115135;0.004351897458215863;0.025342089481886435;14.18914982533973;14.0324519713558;5.6921229765403725;9.325549975144268;4.019516981332957;94.4701340047086;0.014596477220206964;2676.7142433480717;257.17611100763577;221.33624194313123;0.009440150414533055;0.637301544318794;0.5964642685672545;0.23465532156136087;4.705427159024111e-10;-6.328974677671795e-09;9.721304650156526e-09;-9.85963977129245e-10;-1.8611103769217152e-09;3.6931737668055575e-09;4.819980858883355e-09;5.9453327594383154e-08;4.7054271590241116e-12;-6.328974677671795e-11;9.721304650156526e-11;-9.85963977129245e-10;-1.8611103769217154e-11;3.693173766805558e-11;4.819980858883355e-11;5.945332759438315e-10;143.48633363115135;110.0;101.48905057346599;110.0;101.63377693588615;38.39261481562505;16.344729558139022;12.231974259938397;56.077519189083546;18.644578868086853;4.5441000331103965;7.0189165687573905;14.125894355364892;52.986550691375214;1.5171676751496648;8.39254651853878;4.0;0.5900000000000002;87367.27038629664;11544.751770660503;7.567704539852411;1.5171676751496648;deltaT_shex_1_K;shex;True;True;True;True;True;True;True;True;95.87410564463511;2669.01411754354;0.05674169473332691;87367.27038629664;0.0;0.0;135.0;4.0;143.48633363115135;4.0;110.0;4.0;101.48905057346599;4.0;110.0;4.0;101.63377693588615;4.0;30.0;4.0;38.39261481562505;4.0;95.87410564463511;2669.01411754354;0.00621122798470532;87367.27038629664;0.0;0.0;94.4701340047086;257.1761110076391;0.6467416947333271;11544.751770660503;0.5877579914584452;0.22824312654588255;159.83106318929038;364.91458000001865;0.5962112279847055;87367.27038629664;0.6375720258737002;0.26734766019571;95.87410564463511;2669.01411754354;0.05053046674862159;87367.27038629664;0.0;0.0;113.87185184873033;257.1761110076391;0.6467416947333271;87367.27038629664;0.5877579914584452;0.22824312654588255;147.2319742599384;325.5414060680801;0.6467416947333271;87367.27038629664;0.5877579914584452;0.22824312654588255;145.71480658478873;340.6581604789753;0.5900000000000002;87367.27038629664;0.6442840669303239;0.27309906120905675;105.47930533019155;265.7180133809024;0.5900000000000002;87367.27038629664;0.6442840669303239;0.27309906120905675;105.4558999668896;265.6750606868653;0.5900000000000002;11544.751770660503;0.6442840669303239;0.27309906120905675;94.4701340047086;2676.7142433480717;0.05674169473332691;11544.751770660503;0.0;0.0;48.64457886808685;203.67355648201024;0.05674169473332691;11544.751770660503;0.0;0.0;48.64722624451093;203.75025312420024;0.05674169473332691;87367.27038629664;0.0;0.0;"Zustand 3: Temperatur 420.382 K liegt außerhalb des Boryta-Prüfbereichs; Kristallisation wurde nicht bewertet.";"Zustand 4: Temperatur 418.865 K liegt außerhalb des Boryta-Prüfbereichs; Kristallisation wurde nicht bewertet.";"Zustand 5: Temperatur 378.629 K liegt außerhalb des Boryta-Prüfbereichs; Kristallisation wurde nicht bewertet.";"Zustand 6: Temperatur 378.606 K liegt außerhalb des Boryta-Prüfbereichs; Kristallisation wurde nicht bewertet.";"Zustand 20: Temperatur 432.981 K liegt außerhalb des Boryta-Prüfbereichs; Kristallisation wurde nicht bewertet.";5
parallel;Parallel (T13 = T15);parallel;110.0;110.0;30.0;110.0;4.0;4.0;4.0;110.0;0.6000000000000002;Abwärmetemperatur [°C];hot_temperature_C;110.0;10.0;10.0;25.0;15.0;11.0;nan;nan;5.454086238935865e-19;`gtol` termination condition is satisfied.;4;5.159272643237859e-08;1.0444219682614747e-09;1;True;;True;0;zulässig;feasible;True;True;True;95.8616427390271;113.80016267254905;145.7232103346284;48.66261163857979;0.11037203331689535;0.26704068687550286;0.22855794223020634;0.2727379435857498;141.8861854420813;140.46023958885144;142.30963930479928;140.00666494901586;45.09118309793433;0.5025787859369227;10.564505209225162;33.48601587572256;0.004353051641438512;0.025767725983550104;14.188618539177263;14.046023958578397;5.6923855722565095;9.333777662992558;4.099198463940287;94.57022744943015;0.014452722953918504;2676.9038519093483;257.1617911399315;221.67707879912612;0.009492461023662302;0.6473014908100752;0.5968163760503232;0.2349181826045382;5.073772513242147e-10;-5.408828940289823e-09;8.453440614175634e-09;-9.081402851940368e-10;-1.613472022654605e-09;3.0674698336952133e-09;4.127485908611561e-09;5.0308671006860095e-08;5.073772513242148e-12;-5.4088289402898226e-11;8.453440614175633e-11;-9.081402851940368e-10;-1.6134720226546053e-11;3.067469833695213e-11;4.127485908611561e-11;5.03086710068601e-10;143.48601587572256;110.0;101.4886579363158;110.0;101.62639563702061;38.400732032826056;16.234332054599122;12.322433839557448;56.16949541660409;18.66261163857979;4.620525603739736;6.918430486885654;14.138357260972896;52.96113747275592;1.599223504929057;8.397303009926816;4.0;0.6000000000000002;87327.41724047497;11555.186040753888;7.557422003633748;1.599223504929057;deltaT_shex_1_K;shex;True;True;True;True;True;True;True;True;95.8616427390271;2668.994178895059;0.056793951833737255;87327.41724047497;0.0;0.0;135.0;4.0;143.48601587572256;4.0;110.0;4.0;101.4886579363158;4.0;110.0;4.0;101.62639563702061;4.0;30.0;4.0;38.400732032826056;4.0;95.8616427390271;2668.994178895059;0.006268463943991398;87327.41724047497;0.0;0.0;94.57022744943015;257.1617911399326;0.6567939518337375;11555.186040753888;0.5881907543129062;0.22855794223020634;159.72034793032168;364.57024845655707;0.6062684639439916;87327.41724047497;0.6372096749882574;0.26704068687550286;95.8616427390271;2668.994178895059;0.050525487889745854;87327.41724047497;0.0;0.0;113.80016267254905;257.1617911399326;0.6567939518337375;87327.41724047497;0.5881907543129062;0.22855794223020634;147.32243383955745;325.8152599668636;0.6567939518337375;87327.41724047497;0.5881907543129062;0.22855794223020634;145.7232103346284;340.49491793793834;0.6000000000000002;87327.41724047497;0.6438668832620675;0.2727379435857498;105.40285966262223;265.34294610889344;0.6000000000000002;87327.41724047497;0.6438668832620675;0.2727379435857498;105.37947439626026;265.2999998989209;0.6000000000000002;11555.186040753888;0.6438668832620675;0.2727379435857498;94.57022744943015;2676.9038519093483;0.056793951833737255;11555.186040753888;0.0;0.0;48.66261163857979;203.74896386695653;0.056793951833737255;11555.186040753888;0.0;0.0;48.665258164264685;203.82561026152655;0.056793951833737255;87327.41724047497;0.0;0.0;"Zustand 3: Temperatur 420.472 K liegt außerhalb des Boryta-Prüfbereichs; Kristallisation wurde nicht bewertet.";"Zustand 4: Temperatur 418.873 K liegt außerhalb des Boryta-Prüfbereichs; Kristallisation wurde nicht bewertet.";"Zustand 5: Temperatur 378.553 K liegt außerhalb des Boryta-Prüfbereichs; Kristallisation wurde nicht bewertet.";"Zustand 6: Temperatur 378.529 K liegt außerhalb des Boryta-Prüfbereichs; Kristallisation wurde nicht bewertet.";"Zustand 20: Temperatur 432.870 K liegt außerhalb des Boryta-Prüfbereichs; Kristallisation wurde nicht bewertet.";5
parallel;Parallel (T13 = T15);parallel;110.0;110.0;30.0;110.0;4.0;4.0;4.0;110.0;0.6100000000000002;Abwärmetemperatur [°C];hot_temperature_C;110.0;10.0;10.0;25.0;15.0;11.0;nan;nan;4.470688704711256e-19;`gtol` termination condition is satisfied.;4;4.394616110326945e-08;9.45588568534038e-10;1;True;;True;0;zulässig;feasible;True;True;True;95.84954834098443;113.732317021889;145.72769666109667;48.680111309427446;0.11129960153616343;0.2667403393124782;0.22886243075718538;0.2723862605533078;141.87290068878386;140.59194719768576;142.30786924525006;140.12643107872478;45.96463788671919;0.5023217807682857;10.730997734713561;33.48522133306125;0.004354167321440671;0.026193395721581372;14.187290064600287;14.059194719508982;5.692314769868462;9.341762071677215;4.178603444678822;94.66717318966886;0.01431497916597066;2677.0874976524733;257.15182621194316;222.00740584695788;0.009545867524638263;0.6572988001456121;0.5971570837093734;0.23517279842910088;5.482476694851357e-10;-4.7478465603489894e-09;7.477552799173282e-09;-8.373060023103562e-10;-1.4615011423302349e-09;2.5959252525353804e-09;3.5665550512931077e-09;4.278098231225158e-08;5.482476694851357e-12;-4.7478465603489894e-11;7.477552799173281e-11;-8.373060023103562e-10;-1.461501142330235e-11;2.5959252525353805e-11;3.5665550512931074e-11;4.278098231225158e-10;143.48522133306125;110.0;101.48876380112142;110.0;101.61923259098535;38.40860928215824;16.126888422001514;12.40981837523833;56.25856390751062;18.680111309427446;4.695128140018312;6.821590611452564;14.150451659015573;52.936475582366995;1.6821217141416582;8.404079403648097;4.0;0.6100000000000002;87288.75692028127;11565.319581821315;7.547457405110026;1.6821217141416582;deltaT_shex_1_K;shex;True;True;True;True;True;True;True;True;95.84954834098443;2668.974829032178;0.056844667670250204;87288.75692028127;0.0;0.0;135.0;4.0;143.48522133306125;4.0;110.0;4.0;101.48876380112142;4.0;110.0;4.0;101.61923259098535;4.0;30.0;4.0;38.40860928215824;4.0;95.84954834098443;2668.974829032178;0.006326788861154479;87288.75692028127;0.0;0.0;94.66717318966886;257.1518262119436;0.6668446676702504;11565.319581821315;0.5886087924972618;0.22886243075718538;159.61210975506276;364.23358477790356;0.6163267888611547;87288.75692028127;0.6368547377004479;0.2667403393124782;95.84954834098443;2668.974829032178;0.05051787880909572;87288.75692028127;0.0;0.0;113.732317021889;257.1518262119436;0.6668446676702504;87288.75692028127;0.5886087924972618;0.22886243075718538;147.40981837523833;326.0803790146607;0.6668446676702504;87288.75692028127;0.5886087924972618;0.22886243075718538;145.72769666109667;340.32930408197944;0.6100000000000002;87288.75692028127;0.6434600567551211;0.2723862605533078;105.3282376182409;264.977438694814;0.6100000000000002;87288.75692028127;0.6434600567551211;0.2723862605533078;105.30487185998169;264.9344987018278;0.6100000000000002;11565.319581821315;0.6434600567551211;0.2723862605533078;94.66717318966886;2677.0874976524733;0.056844667670250204;11565.319581821315;0.0;0.0;48.680111309427446;203.82214208307326;0.056844667670250204;11565.319581821315;0.0;0.0;48.68275700861835;203.89873972186498;0.056844667670250204;87288.75692028127;0.0;0.0;"Zustand 3: Temperatur 420.560 K liegt außerhalb des Boryta-Prüfbereichs; Kristallisation wurde nicht bewertet.";"Zustand 4: Temperatur 418.878 K liegt außerhalb des Boryta-Prüfbereichs; Kristallisation wurde nicht bewertet.";"Zustand 5: Temperatur 378.478 K liegt außerhalb des Boryta-Prüfbereichs; Kristallisation wurde nicht bewertet.";"Zustand 6: Temperatur 378.455 K liegt außerhalb des Boryta-Prüfbereichs; Kristallisation wurde nicht bewertet.";"Zustand 20: Temperatur 432.762 K liegt außerhalb des Boryta-Prüfbereichs; Kristallisation wurde nicht bewertet.";5
parallel;Parallel (T13 = T15);parallel;110.0;110.0;30.0;110.0;4.0;4.0;4.0;110.0;0.6200000000000002;Abwärmetemperatur [°C];hot_temperature_C;110.0;10.0;10.0;25.0;15.0;11.0;nan;nan;3.6823664397034286e-19;`gtol` termination condition is satisfied.;4;3.747834552328755e-08;8.581802188006233e-10;1;True;;True;0;zulässig;feasible;True;True;True;95.8377891046257;113.66818640736767;145.72846808694254;48.69712439115722;0.11224748261837568;0.26644639195354064;0.22915702467263468;0.2720436461546691;141.85205835945442;140.71999259540075;142.29819840116593;140.24287823236887;46.834985804829465;0.5020581787597606;10.897461961189133;33.483974782264;0.004355247992242811;0.02661907391747717;14.185205832300673;14.071999259326002;5.691927936096709;9.349525215289063;4.257725982629043;94.7611351761521;0.014182976698957761;2677.2654896272475;257.14604335263596;222.32771814227328;0.009600371568298516;0.6672936100035672;0.5974868952810275;0.23541952025437224;5.892388799111359e-10;-4.090004779300216e-09;6.570587629539659e-09;-7.720558636847841e-10;-1.2518057701527141e-09;2.14072315429803e-09;3.0329374567372724e-09;3.6447687534746365e-08;5.892388799111359e-12;-4.090004779300216e-11;6.57058762953966e-11;-7.720558636847841e-10;-1.2518057701527141e-11;2.14072315429803e-11;3.032937456737272e-11;3.6447687534746363e-10;143.483974782264;110.0;101.48934220088722;110.0;101.61226804830329;38.41626749972494;16.022265521557188;12.494239154288323;56.34486767642716;18.697124391157217;4.767944025665031;6.728207024735127;14.162210895374301;52.91249876251868;1.7657710673457814;8.412783641013846;4.0;0.6200000000000002;87251.1815882292;11575.17866451039;7.53778270876649;1.7657710673457814;deltaT_shex_1_K;shex;True;True;True;True;True;True;True;True;95.8377891046257;2668.9560146708764;0.05689398157186554;87251.1815882292;0.0;0.0;135.0;4.0;143.483974782264;4.0;110.0;4.0;101.48934220088722;4.0;110.0;4.0;101.61226804830329;4.0;30.0;4.0;38.41626749972494;4.0;95.8377891046257;2668.9560146708764;0.006386206207578163;87251.1815882292;0.0;0.0;94.7611351761521;257.1460433526349;0.6768939815718658;11575.17866451039;0.5890127525673241;0.22915702467263468;159.5062403038212;363.90428170832195;0.6263862062075783;87251.1815882292;0.6365069730188646;0.26644639195354064;95.8377891046257;2668.9560146708764;0.050507775364287376;87251.1815882292;0.0;0.0;113.66818640736767;257.1460433526349;0.6768939815718658;87251.1815882292;0.5890127525673241;0.22915702467263468;147.49423915428832;326.3370645167919;0.6768939815718658;87251.1815882292;0.5890127525673241;0.22915702467263468;145.72846808694254;340.1614822256386;0.6200000000000002;87251.1815882292;0.6430632052933871;0.2720436461546691;105.25540276635382;264.6211825413802;0.6200000000000002;87251.1815882292;0.6430632052933871;0.2720436461546691;105.23205597433497;264.57824855119077;0.6200000000000002;11575.17866451039;0.6430632052933871;0.2720436461546691;94.7611351761521;2677.2654896272475;0.05689398157186554;11575.17866451039;0.0;0.0;48.69712439115722;203.89328561564142;0.05689398157186554;11575.17866451039;0.0;0.0;48.69976928578461;203.96983585649144;0.05689398157186554;87251.1815882292;0.0;0.0;"Zustand 3: Temperatur 420.644 K liegt außerhalb des Boryta-Prüfbereichs; Kristallisation wurde nicht bewertet.";"Zustand 4: Temperatur 418.878 K liegt außerhalb des Boryta-Prüfbereichs; Kristallisation wurde nicht bewertet.";"Zustand 5: Temperatur 378.405 K liegt außerhalb des Boryta-Prüfbereichs; Kristallisation wurde nicht bewertet.";"Zustand 6: Temperatur 378.382 K liegt außerhalb des Boryta-Prüfbereichs; Kristallisation wurde nicht bewertet.";"Zustand 20: Temperatur 432.656 K liegt außerhalb des Boryta-Prüfbereichs; Kristallisation wurde nicht bewertet.";5
parallel;Parallel (T13 = T15);parallel;110.0;110.0;30.0;110.0;4.0;4.0;4.0;110.0;0.6300000000000002;Abwärmetemperatur [°C];hot_temperature_C;110.0;10.0;10.0;25.0;15.0;11.0;nan;nan;3.0478279478975713e-19;`gtol` termination condition is satisfied.;4;3.210167320350365e-08;7.807468152861811e-10;1;True;;True;0;zulässig;feasible;True;True;True;95.8263343221031;113.60764520487811;145.7257165968109;48.71369376162181;0.11321546949171658;0.26615862845192384;0.22944213368707267;0.2717097513730461;141.82404463205916;140.84469849323207;142.28103159442256;140.35631049790524;47.70216844566628;0.5017880637503666;11.063885322281289;33.48229932009923;0.00435629684590126;0.027044736724513234;14.182404460088865;14.084469849145743;5.691241263819316;9.357087366352337;4.336560768113527;94.85226689643554;0.014056460126512382;2677.4381172212225;257.1442743852348;222.63848118268194;0.009655973139656049;0.6772860487313824;0.5978062853062;0.23565867967546536;6.069669211683504e-10;-3.5825138411382795e-09;5.836767513756058e-09;-7.117334499540107e-10;-1.0603571354295127e-09;1.7746515368344262e-09;2.6201973923889454e-09;3.117051505796553e-08;6.069669211683504e-12;-3.582513841138279e-11;5.836767513756058e-11;-7.117334499540107e-10;-1.0603571354295127e-11;1.774651536834426e-11;2.6201973923889454e-11;3.117051505796553e-10;143.48229932009923;110.0;101.49036892377853;110.0;101.60548382189563;38.42372598643732;15.920337825042395;12.575802409605615;56.42854090999822;18.713693761621812;4.839009954877497;6.638102027342995;14.173665677896906;52.88914595030781;1.8500858127947026;8.423326835496596;4.0;0.6300000000000002;87214.59202002166;11584.78754899022;7.528372156261395;1.8500858127947026;deltaT_shex_1_K;shex;True;True;True;True;True;True;True;True;95.8263343221031;2668.9376867381393;0.05694202187103825;87214.59202002166;0.0;0.0;135.0;4.0;143.48229932009923;4.0;110.0;4.0;101.49036892377853;4.0;110.0;4.0;101.60548382189563;4.0;30.0;4.0;38.42372598643732;4.0;95.8263343221031;2668.9376867381393;0.00644671773993719;87214.59202002166;0.0;0.0;94.85226689643554;257.144274385234;0.6869420218710385;11584.78754899022;0.5894032450934149;0.22944213368707267;159.40263714514163;363.5820472977862;0.6364467177399374;87214.59202002166;0.6361661491967944;0.26615862845192384;95.8263343221031;2668.9376867381393;0.05049530413110106;87214.59202002166;0.0;0.0;113.60764520487811;257.144274385234;0.6869420218710385;87214.59202002166;0.5894032450934149;0.22944213368707267;147.57580240960561;326.5856055702718;0.6869420218710385;87214.59202002166;0.5894032450934149;0.22944213368707267;145.7257165968109;339.99160746952015;0.6300000000000002;87214.59202002166;0.6426759633044786;0.2717097513730461;105.18431836938151;264.27387977894983;0.6300000000000002;87214.59202002166;0.6426759633044786;0.2717097513730461;105.1609900451225;264.23095162541887;0.6300000000000002;11584.78754899022;0.6426759633044786;0.2717097513730461;94.85226689643554;2677.4381172212225;0.05694202187103825;11584.78754899022;0.0;0.0;48.71369376162181;203.9625737602646;0.05694202187103825;11584.78754899022;0.0;0.0;48.716337871587825;204.03907783761835;0.05694202187103825;87214.59202002166;0.0;0.0;"Zustand 3: Temperatur 420.726 K liegt außerhalb des Boryta-Prüfbereichs; Kristallisation wurde nicht bewertet.";"Zustand 4: Temperatur 418.876 K liegt außerhalb des Boryta-Prüfbereichs; Kristallisation wurde nicht bewertet.";"Zustand 5: Temperatur 378.334 K liegt außerhalb des Boryta-Prüfbereichs; Kristallisation wurde nicht bewertet.";"Zustand 6: Temperatur 378.311 K liegt außerhalb des Boryta-Prüfbereichs; Kristallisation wurde nicht bewertet.";"Zustand 20: Temperatur 432.553 K liegt außerhalb des Boryta-Prüfbereichs; Kristallisation wurde nicht bewertet.";5
parallel;Parallel (T13 = T15);parallel;110.0;110.0;30.0;110.0;4.0;4.0;4.0;110.0;0.6400000000000002;Abwärmetemperatur [°C];hot_temperature_C;110.0;10.0;10.0;25.0;15.0;11.0;nan;nan;2.5667616282742683e-19;`gtol` termination condition is satisfied.;4;2.7836791444669655e-08;7.164860959257016e-10;1;True;;True;0;zulässig;feasible;True;True;True;95.81515569790969;113.55057088929641;145.7196240751466;48.72985897403004;0.11420334371111607;0.2658768412259424;0.22971814607284607;0.27138424325996113;141.789219727463;140.9663625801066;142.256746555484;140.46700807471828;48.566133641452176;0.5015115193023693;11.230255771971645;33.480216490876956;0.004357316800904107;0.02747036118644836;14.178921970046943;14.096636257863441;5.690269862258057;9.364467204830222;4.415103058599412;94.94071215833765;0.013935187034434611;2677.60565162815;257.14635611011045;222.94013300106462;0.009712670777768495;0.6872762360641672;0.5981157011719221;0.23589058998265636;6.200693292157666e-10;-3.1413520673595485e-09;5.226098664934398e-09;-6.602327018434551e-10;-9.674181455920916e-10;1.4721877050760668e-09;2.2649544462183258e-09;2.6993575374945067e-08;6.200693292157666e-12;-3.141352067359549e-11;5.2260986649343976e-11;-6.602327018434551e-10;-9.674181455920916e-12;1.4721877050760668e-11;2.2649544462183257e-11;2.699357537494507e-10;143.48021649087696;110.0;101.49182137826051;110.0;101.59886315342595;38.43100254665711;15.820986881635974;12.654609568925537;56.509709611680535;18.729858974030037;4.908362754225664;6.551109219922864;14.184844302090312;52.86636083613928;1.9349854937789246;8.435623328634222;4.0;0.6400000000000002;87178.89685921097;11594.168651244348;7.519202064552896;1.9349854937789246;deltaT_shex_1_K;shex;True;True;True;True;True;True;True;True;95.81515569790969;2668.919800012145;0.05698890684193547;87178.89685921097;0.0;0.0;135.0;4.0;143.48021649087696;4.0;110.0;4.0;101.49182137826051;4.0;110.0;4.0;101.59886315342595;4.0;30.0;4.0;38.43100254665711;4.0;95.81515569790969;2668.919800012145;0.0065083237157903305;87178.89685921097;0.0;0.0;94.94071215833765;257.14635611011164;0.6969889068419357;11594.168651244348;0.5897808470078594;0.22971814607284607;159.30120337251293;363.26660395633036;0.6465083237157906;87178.89685921097;0.6358320433214731;0.2658768412259424;95.81515569790969;2668.919800012145;0.05048058312614514;87178.89685921097;0.0;0.0;113.55057088929641;257.14635611011164;0.6969889068419357;87178.89685921097;0.5897808470078594;0.22971814607284607;147.65460956892554;326.826279513062;0.6969889068419357;87178.89685921097;0.5897808470078594;0.22971814607284607;145.7196240751466;339.8198268140621;0.6400000000000002;87178.89685921097;0.642297980987998;0.27138424325996113;105.11494756066219;263.93524300026195;0.6400000000000002;87178.89685921097;0.642297980987998;0.27138424325996113;105.09163724577434;263.8923205609081;0.6400000000000002;11594.168651244348;0.642297980987998;0.27138424325996113;94.94071215833765;2677.60565162815;0.05698890684193547;11594.168651244348;0.0;0.0;48.72985897403004;204.03017191082355;0.05698890684193547;11594.168651244348;0.0;0.0;48.732502317286674;204.10663094543864;0.05698890684193547;87178.89685921097;0.0;0.0;"Zustand 3: Temperatur 420.805 K liegt außerhalb des Boryta-Prüfbereichs; Kristallisation wurde nicht bewertet.";"Zustand 4: Temperatur 418.870 K liegt außerhalb des Boryta-Prüfbereichs; Kristallisation wurde nicht bewertet.";"Zustand 5: Temperatur 378.265 K liegt außerhalb des Boryta-Prüfbereichs; Kristallisation wurde nicht bewertet.";"Zustand 6: Temperatur 378.242 K liegt außerhalb des Boryta-Prüfbereichs; Kristallisation wurde nicht bewertet.";"Zustand 20: Temperatur 432.451 K liegt außerhalb des Boryta-Prüfbereichs; Kristallisation wurde nicht bewertet.";5
parallel;Parallel (T13 = T15);parallel;110.0;110.0;30.0;110.0;4.0;4.0;4.0;110.0;0.6500000000000002;Abwärmetemperatur [°C];hot_temperature_C;110.0;10.0;10.0;25.0;15.0;11.0;nan;nan;2.179601562348824e-19;`gtol` termination condition is satisfied.;4;2.4324980140460355e-08;6.602426163689866e-10;1;True;;True;0;zulässig;feasible;True;True;True;95.80422714460286;113.49684420637601;145.7103627548264;48.745656536009676;0.11521087744898233;0.26560083103335436;0.22998542997205965;0.27106680411347195;141.74791989252617;141.08525962305032;142.22569598381284;140.57522929667005;49.426834833016585;0.501228628413928;11.39656175775869;33.47774640505537;0.004358310527553201;0.02789592519791037;14.174791986897855;14.10852596218063;5.689027839390421;9.371681952975631;4.493348621437387;95.02660580744356;0.013818927331411456;2677.7683471932;257.15213049924563;223.23308609372492;0.009770461769540106;0.6972642837805806;0.598415564993993;0.23611554738311882;6.318927603388147e-10;-2.794671161154838e-09;4.694584276876412e-09;-6.138302088842806e-10;-9.476650575379608e-10;1.2440182217687834e-09;2.035562829405535e-09;2.3547613636765163e-08;6.3189276033881466e-12;-2.794671161154838e-11;4.694584276876412e-11;-6.138302088842806e-10;-9.476650575379608e-12;1.2440182217687834e-11;2.035562829405535e-11;2.3547613636765163e-10;143.47774640505537;110.0;101.49367846986763;110.0;101.59239059230441;38.438113613818814;15.724100826434324;12.73075749487748;56.588492193624745;18.745656536009676;4.976039229662149;6.467072662424073;14.195772855397138;52.84409146354534;2.0203947400510742;8.449590709207314;4.0;0.6500000000000002;87144.01194368841;11603.342694258356;7.510250644136332;2.0203947400510742;deltaT_shex_1_K;shex;True;True;True;True;True;True;True;True;95.80422714460286;2668.9023127965297;0.05703474555012045;87144.01194368841;0.0;0.0;135.0;4.0;143.47774640505537;4.0;110.0;4.0;101.49367846986763;4.0;110.0;4.0;101.59239059230441;4.0;30.0;4.0;38.438113613818814;4.0;95.80422714460286;2668.9023127965297;0.006571023079908817;87144.01194368841;0.0;0.0;95.02660580744356;257.15213049924506;0.7070347455501207;11603.342694258356;0.5901461037873554;0.22998542997205965;159.2018472314897;362.95768757065554;0.6565710230799091;87144.01194368841;0.6355044409136764;0.26560083103335436;95.80422714460286;2668.9023127965297;0.05046372247021163;87144.01194368841;0.0;0.0;113.49684420637601;257.15213049924506;0.7070347455501207;87144.01194368841;0.5901461037873554;0.22998542997205965;147.73075749487748;327.0593523777953;0.7070347455501207;87144.01194368841;0.5901461037873554;0.22998542997205965;145.7103627548264;339.6462793419536;0.6500000000000002;87144.01194368841;0.6419289235825967;0.27106680411347195;105.0472534971687;263.6049949844387;0.6500000000000002;87144.01194368841;0.6419289235825967;0.27106680411347195;105.02396077033785;263.5620781764419;0.6500000000000002;11603.342694258356;0.6419289235825967;0.27106680411347195;95.02660580744356;2677.7683471932;0.05703474555012045;11603.342694258356;0.0;0.0;48.745656536009676;204.09623272626035;0.05703474555012045;11603.342694258356;0.0;0.0;48.74829912875907;204.17264773408613;0.05703474555012045;87144.01194368841;0.0;0.0;"Zustand 3: Temperatur 420.881 K liegt außerhalb des Boryta-Prüfbereichs; Kristallisation wurde nicht bewertet.";"Zustand 4: Temperatur 418.860 K liegt außerhalb des Boryta-Prüfbereichs; Kristallisation wurde nicht bewertet.";"Zustand 5: Temperatur 378.197 K liegt außerhalb des Boryta-Prüfbereichs; Kristallisation wurde nicht bewertet.";"Zustand 6: Temperatur 378.174 K liegt außerhalb des Boryta-Prüfbereichs; Kristallisation wurde nicht bewertet.";"Zustand 20: Temperatur 432.352 K liegt außerhalb des Boryta-Prüfbereichs; Kristallisation wurde nicht bewertet.";5
parallel;Parallel (T13 = T15);parallel;110.0;110.0;30.0;110.0;4.0;4.0;4.0;110.0;0.6600000000000003;Abwärmetemperatur [°C];hot_temperature_C;110.0;10.0;10.0;25.0;15.0;11.0;nan;nan;1.8476169781199837e-19;`gtol` termination condition is satisfied.;4;2.1020396799764055e-08;6.078843604041781e-10;1;True;;True;0;zulässig;feasible;True;True;True;95.79352459680348;113.4463492909091;145.69809566535696;48.76112016386662;0.11623783532845622;0.2653304065882436;0.23024433461097163;0.27075713069380575;141.700459221717;141.20164338069645;142.1882094414387;140.68121247374205;50.28423050378107;0.5009394732817969;11.562792194964706;33.47490784818882;0.004359280470753056;0.028321407465514585;14.170045920145796;14.120164337972218;5.687528377690181;9.378747498134569;4.571293682418653;95.11007438471091;0.013707462589024317;2677.9264426460845;257.1614448094414;223.51772919158856;0.009829342319821577;0.7072502963065144;0.5987062753398585;0.23633383212214684;7.035154681034328e-10;-2.8241160521247366e-09;4.248136065143626e-09;-5.70412328482206e-10;-8.15845169199747e-10;9.74267777564819e-10;1.7235208815691294e-09;2.0259051325410837e-08;7.035154681034328e-12;-2.8241160521247367e-11;4.2481360651436264e-11;-5.70412328482206e-10;-8.15845169199747e-12;9.74267777564819e-12;1.7235208815691293e-11;2.0259051325410839e-10;143.47490784818882;110.0;101.49592048795222;110.0;101.58605188554174;38.44507436487419;15.629573933716756;12.804338711194475;56.665000019836725;18.76112016386662;5.042076036765934;6.385846103241306;14.20647540319652;52.822289864853815;2.106243045837516;8.46514980189744;4.0;0.6600000000000003;87109.85969346638;11612.32884627197;7.501497834470317;2.106243045837516;deltaT_shex_1_K;shex;True;True;True;True;True;True;True;True;95.79352459680348;2668.885186623739;0.057079638626335694;87109.85969346638;0.0;0.0;135.0;4.0;143.47490784818882;4.0;110.0;4.0;101.49592048795222;4.0;110.0;4.0;101.58605188554174;4.0;30.0;4.0;38.44507436487419;4.0;95.79352459680348;2668.885186623739;0.0066348136352557974;87109.85969346638;0.0;0.0;95.11007438471091;257.1614448094413;0.717079638626336;11612.32884627197;0.5904995314688234;0.23024433461097163;159.10448178190558;362.6550467038565;0.666634813635256;87109.85969346638;0.6351831355701986;0.2653304065882436;95.79352459680348;2668.885186623739;0.0504448249910799;87109.85969346638;0.0;0.0;113.4463492909091;257.1614448094413;0.717079638626336;87109.85969346638;0.5904995314688234;0.23024433461097163;147.80433871119448;327.2850793336448;0.717079638626336;87109.85969346638;0.5904995314688234;0.23024433461097163;145.69809566535696;339.47109644002285;0.6600000000000003;87109.85969346638;0.6415684706586127;0.27075713069380575;104.98119948901166;263.2828684050569;0.6600000000000003;87109.85969346638;0.6415684706586127;0.27075713069380575;104.95792396323407;263.2399571816243;0.6600000000000003;11612.32884627197;0.6415684706586127;0.27075713069380575;95.11007438471091;2677.9264426460845;0.057079638626335694;11612.32884627197;0.0;0.0;48.76112016386662;204.16089719380278;0.057079638626335694;11612.32884627197;0.0;0.0;48.76376202068792;204.2372690941102;0.057079638626335694;87109.85969346638;0.0;0.0;"Zustand 3: Temperatur 420.954 K liegt außerhalb des Boryta-Prüfbereichs; Kristallisation wurde nicht bewertet.";"Zustand 4: Temperatur 418.848 K liegt außerhalb des Boryta-Prüfbereichs; Kristallisation wurde nicht bewertet.";"Zustand 5: Temperatur 378.131 K liegt außerhalb des Boryta-Prüfbereichs; Kristallisation wurde nicht bewertet.";"Zustand 6: Temperatur 378.108 K liegt außerhalb des Boryta-Prüfbereichs; Kristallisation wurde nicht bewertet.";"Zustand 20: Temperatur 432.254 K liegt außerhalb des Boryta-Prüfbereichs; Kristallisation wurde nicht bewertet.";5
parallel;Parallel (T13 = T15);parallel;110.0;110.0;30.0;110.0;4.0;4.0;4.0;110.0;0.6700000000000003;Abwärmetemperatur [°C];hot_temperature_C;110.0;10.0;10.0;25.0;15.0;11.0;nan;nan;1.5775827585251372e-19;`gtol` termination condition is satisfied.;4;1.8672095804409783e-08;5.617086003481053e-10;1;True;;True;0;zulässig;feasible;True;True;True;95.7830258422457;113.39897374233493;145.68297707977013;48.77628101373068;0.11728397596851779;0.2650653841961328;0.23049519143705588;0.2704549334854859;141.6471313284397;141.31574834326923;142.144595090471;140.78517756553384;51.13828367235883;0.5006441351107254;11.72893644251326;33.47171838088752;0.0043602288704816415;0.028746787470228054;14.164713131042898;14.131574834242064;5.685783803648396;9.385678504263963;4.648934879509069;95.19123672781456;0.013600585413995309;2678.080162228845;257.17415163723945;223.7944288906228;0.009889307702368066;0.7172343712674906;0.598988208821002;0.2365457095236727;6.36624974958977e-10;-2.240923890894919e-09;3.848185770038981e-09;-5.297923211244893e-10;-7.38879180062213e-10;8.485869784635724e-10;1.5743921721877996e-09;1.8010723579209298e-08;6.36624974958977e-12;-2.2409238908949193e-11;3.848185770038981e-11;-5.297923211244893e-10;-7.38879180062213e-12;8.485869784635724e-12;1.5743921721877997e-11;1.8010723579209298e-10;143.47171838088752;110.0;101.49852900176609;110.0;101.57983387765944;38.45189882435818;15.537306205162736;12.875441619426738;56.739337903456374;18.77628101373068;5.106509569371099;6.307292273951532;14.216974157754294;52.8009117299909;2.192464539656612;8.482224631748409;4.0;0.6700000000000003;87076.36855541347;11621.1448468685;7.492925155207714;2.192464539656612;deltaT_shex_1_K;shex;True;True;True;True;True;True;True;True;95.7830258422457;2668.8683859855364;0.05712367896985837;87076.36855541347;0.0;0.0;135.0;4.0;143.47171838088752;4.0;110.0;4.0;101.49852900176609;4.0;110.0;4.0;101.57983387765944;4.0;30.0;4.0;38.45189882435818;4.0;95.7830258422457;2668.8683859855364;0.006699692191534194;87076.36855541347;0.0;0.0;95.19123672781456;257.1741516372393;0.7271236789698586;11621.1448468685;0.5908416185249559;0.23049519143705588;159.00902458605026;362.35844185066634;0.6766996921915345;87076.36855541347;0.6348679286210831;0.2650653841961328;95.7830258422457;2668.8683859855364;0.05042398677832418;87076.36855541347;0.0;0.0;113.39897374233493;257.1741516372393;0.7271236789698586;87076.36855541347;0.5908416185249559;0.23049519143705588;147.87544161942674;327.50370512504236;0.7271236789698586;87076.36855541347;0.5908416185249559;0.23049519143705588;145.68297707977013;339.29440206175866;0.6700000000000003;87076.36855541347;0.6412163154483157;0.2704549334854859;104.91674911058652;262.96860553680017;0.6700000000000003;87076.36855541347;0.6412163154483157;0.2704549334854859;104.8934904306289;262.9256998838595;0.6700000000000003;11621.1448468685;0.6412163154483157;0.2704549334854859;95.19123672781456;2678.080162228845;0.05712367896985837;11621.1448468685;0.0;0.0;48.77628101373068;204.2242955954076;0.05712367896985837;11621.1448468685;0.0;0.0;48.77892214766854;204.30062521823848;0.05712367896985837;87076.36855541347;0.0;0.0;"Zustand 3: Temperatur 421.025 K liegt außerhalb des Boryta-Prüfbereichs; Kristallisation wurde nicht bewertet.";"Zustand 4: Temperatur 418.833 K liegt außerhalb des Boryta-Prüfbereichs; Kristallisation wurde nicht bewertet.";"Zustand 5: Temperatur 378.067 K liegt außerhalb des Boryta-Prüfbereichs; Kristallisation wurde nicht bewertet.";"Zustand 6: Temperatur 378.043 K liegt außerhalb des Boryta-Prüfbereichs; Kristallisation wurde nicht bewertet.";"Zustand 20: Temperatur 432.159 K liegt außerhalb des Boryta-Prüfbereichs; Kristallisation wurde nicht bewertet.";5
parallel;Parallel (T13 = T15);parallel;110.0;110.0;30.0;110.0;4.0;4.0;4.0;110.0;0.6800000000000003;Abwärmetemperatur [°C];hot_temperature_C;110.0;10.0;10.0;25.0;15.0;11.0;nan;nan;1.3465749360295023e-19;`gtol` termination condition is satisfied.;4;1.6462660630465238e-08;5.1895566978876e-10;1;True;;True;0;zulässig;feasible;True;True;True;95.77271036850624;113.35460866275304;145.66515295408772;48.791167891424266;0.11834905331750104;0.2648055874063743;0.23073831518025106;0.27015993599710236;141.58821087299518;141.42779131160174;142.09514128355616;140.8873276984483;51.9889614400929;0.5003426939567734;11.894984280501635;33.468194430203084;0.004361157780126238;0.02917204543175439;14.158821085712843;14.142779131095207;5.683805651371498;9.392488513141771;4.726269222001692;95.2702045248721;0.013498098848185761;2678.229716734657;257.1901089202359;224.0635311574396;0.009950352390927009;0.7272165999954385;0.5992617215586636;0.23675143095106918;6.193801027620793e-10;-1.9257129224570235e-09;3.496722911222605e-09;-4.921760776710471e-10;-7.312905836442951e-10;6.496634341601748e-10;1.321723175351508e-09;1.5866760350036202e-08;6.193801027620794e-12;-1.9257129224570234e-11;3.496722911222605e-11;-4.921760776710471e-10;-7.312905836442951e-12;6.496634341601748e-12;1.321723175351508e-11;1.5866760350036202e-10;143.46819443020308;110.0;101.50148676533757;110.0;101.57372441994926;38.45859995882785;15.447202990688822;12.944150705419815;56.81160456604425;18.791167891424266;5.169375866472649;6.231282240465475;14.227289631493761;52.77991610581768;2.278997751332099;8.500742369292425;4.0;0.6800000000000003;87043.47250019823;11629.807121788514;7.484515571812172;2.278997751332099;deltaT_shex_1_K;shex;True;True;True;True;True;True;True;True;95.77271036850624;2668.8518780884747;0.057166952386365266;87043.47250019823;0.0;0.0;135.0;4.0;143.46819443020308;4.0;110.0;4.0;101.50148676533757;4.0;110.0;4.0;101.57372441994926;4.0;30.0;4.0;38.45859995882785;4.0;95.77271036850624;2668.8518780884747;0.006765654695972986;87043.47250019823;0.0;0.0;95.2702045248721;257.19010892023476;0.7371669523863655;11629.807121788514;0.5911728276051309;0.23073831518025106;158.9153974208919;362.06764474443145;0.6867656546959733;87043.47250019823;0.634558628800975;0.2648055874063743;95.77271036850624;2668.8518780884747;0.05040129769039228;87043.47250019823;0.0;0.0;113.35460866275304;257.19010892023476;0.7371669523863655;87043.47250019823;0.5911728276051309;0.23073831518025106;147.94415070541982;327.71546450188913;0.7371669523863655;87043.47250019823;0.5911728276051309;0.23073831518025106;145.66515295408772;339.1163130129258;0.6800000000000003;87043.47250019823;0.6408721642048595;0.27015993599710236;104.85386629346061;262.6619579548765;0.6800000000000003;87043.47250019823;0.6408721642048595;0.27015993599710236;104.83062413352735;262.61905788806513;0.6800000000000003;11629.807121788514;0.6408721642048595;0.27015993599710236;95.2702045248721;2678.229716734657;0.057166952386365266;11629.807121788514;0.0;0.0;48.791167891424266;204.28654838529246;0.057166952386365266;11629.807121788514;0.0;0.0;48.79380831413158;204.36283647829157;0.057166952386365266;87043.47250019823;0.0;0.0;"Zustand 3: Temperatur 421.094 K liegt außerhalb des Boryta-Prüfbereichs; Kristallisation wurde nicht bewertet.";"Zustand 4: Temperatur 418.815 K liegt außerhalb des Boryta-Prüfbereichs; Kristallisation wurde nicht bewertet.";"Zustand 5: Temperatur 378.004 K liegt außerhalb des Boryta-Prüfbereichs; Kristallisation wurde nicht bewertet.";"Zustand 6: Temperatur 377.981 K liegt außerhalb des Boryta-Prüfbereichs; Kristallisation wurde nicht bewertet.";"Zustand 20: Temperatur 432.065 K liegt außerhalb des Boryta-Prüfbereichs; Kristallisation wurde nicht bewertet.";5
parallel;Parallel (T13 = T15);parallel;110.0;110.0;30.0;110.0;4.0;4.0;4.0;110.0;0.6900000000000003;Abwärmetemperatur [°C];hot_temperature_C;110.0;10.0;10.0;25.0;15.0;11.0;nan;nan;1.143246210957741e-19;`gtol` termination condition is satisfied.;4;1.4143830357914994e-08;4.781728162406853e-10;1;True;;True;0;zulässig;feasible;True;True;True;95.76255922340721;113.31314866546757;145.64476135724686;48.805807443748904;0.11943281779477234;0.26455084668525786;0.23097400484392522;0.26987187409947533;141.52395496954674;141.53797283740136;142.04011802747672;140.98785054870186;52.83623458499817;0.5000352286083514;12.060925888881725;33.46435137377671;0.0043620690830341;0.0295971622741317;14.15239549559259;14.153797283684087;5.6816047211233585;9.399190036499075;4.803294053326349;95.34708282192042;0.01339981579954054;2678.3753044599925;257.20917989827035;224.32536271602802;0.010012470175131627;0.737197067994411;0.5995271505364623;0.23695123469675602;5.876472641830333e-10;-1.5916725715214852e-09;3.045016683245194e-09;-4.567989875248202e-10;-6.072298219805816e-10;5.60476109967567e-10;1.2157386208855314e-09;1.3620848449136247e-08;5.876472641830332e-12;-1.5916725715214852e-11;3.045016683245194e-11;-4.567989875248202e-10;-6.072298219805816e-12;5.60476109967567e-12;1.2157386208855314e-11;1.3620848449136247e-10;143.4643513737767;110.0;101.50477762993557;110.0;101.56771228775705;38.465189763002456;15.359174639217088;13.010546735383798;56.88189305891797;18.805807443748904;5.230710533701597;6.157694808015151;14.237440776592791;52.759265122156705;2.365785378136934;8.520633260757961;4.0;0.6900000000000003;87011.11056472905;11638.330887880718;7.476253373697759;2.365785378136934;deltaT_shex_1_K;shex;True;True;True;True;True;True;True;True;95.76255922340721;2668.8356326311605;0.05720953816954233;87011.11056472905;0.0;0.0;135.0;4.0;143.4643513737767;4.0;110.0;4.0;101.50477762993557;4.0;110.0;4.0;101.56771228775705;4.0;30.0;4.0;38.465189763002456;4.0;95.76255922340721;2668.8356326311605;0.006832696348326023;87011.11056472905;0.0;0.0;95.34708282192042;257.2091798982708;0.7472095381695426;11638.330887880718;0.5914935971524503;0.23097400484392522;158.8235260129938;361.782437714934;0.6968326963483263;87011.11056472905;0.6342550519391748;0.26455084668525786;95.76255922340721;2668.8356326311605;0.05037684182121631;87011.11056472905;0.0;0.0;113.31314866546757;257.2091798982708;0.7472095381695426;87011.11056472905;0.5914935971524503;0.23097400484392522;148.0105467353838;327.92058263870206;0.7472095381695426;87011.11056472905;0.5914935971524503;0.23097400484392522;145.64476135724686;338.93693925514714;0.6900000000000003;87011.11056472905;0.6405357355920633;0.26987187409947533;104.7925154047096;262.36268623426236;0.6900000000000003;87011.11056472905;0.6405357355920633;0.26987187409947533;104.7692894662984;262.3197917961839;0.6900000000000003;11638.330887880718;0.6405357355920633;0.26987187409947533;95.34708282192042;2678.3753044599925;0.05720953816954233;11638.330887880718;0.0;0.0;48.805807443748904;204.34776698977245;0.05720953816954233;11638.330887880718;0.0;0.0;48.80844716560034;204.42401422445747;0.05720953816954233;87011.11056472905;0.0;0.0;"Zustand 3: Temperatur 421.161 K liegt außerhalb des Boryta-Prüfbereichs; Kristallisation wurde nicht bewertet.";"Zustand 4: Temperatur 418.795 K liegt außerhalb des Boryta-Prüfbereichs; Kristallisation wurde nicht bewertet.";"Zustand 5: Temperatur 377.943 K liegt außerhalb des Boryta-Prüfbereichs; Kristallisation wurde nicht bewertet.";"Zustand 6: Temperatur 377.919 K liegt außerhalb des Boryta-Prüfbereichs; Kristallisation wurde nicht bewertet.";"Zustand 20: Temperatur 431.974 K liegt außerhalb des Boryta-Prüfbereichs; Kristallisation wurde nicht bewertet.";5
parallel;Parallel (T13 = T15);parallel;110.0;110.0;30.0;110.0;4.0;4.0;4.0;110.0;0.7000000000000003;Abwärmetemperatur [°C];hot_temperature_C;110.0;10.0;10.0;25.0;15.0;11.0;nan;nan;9.841330585149443e-20;`gtol` termination condition is satisfied.;4;1.3053092092744983e-08;4.436514529481323e-10;1;True;;True;0;zulässig;feasible;True;True;True;95.75255488783625;113.27449185846791;145.6219328874891;48.820224332869714;0.12053501730013143;0.26430099910877836;0.23120254462980794;0.26959049539838825;141.45460447778072;141.64647853518179;141.97977832833473;141.08691960113345;53.680077198386314;0.4997218164922636;12.226751827440697;33.460203617092134;0.004362964507396965;0.03002211959273954;14.145460446525888;14.164647853474982;5.679191133158212;9.40579464000607;4.8800070181779684;95.42197048943876;0.013305558501718471;2678.517112080115;257.23123304038734;224.5802323273119;0.010075654261904932;0.7471758553687218;0.5997848148479745;0.23714534680517987;6.05851369073207e-10;-1.5713368384240312e-09;2.9853879368602065e-09;-4.2403569544546826e-10;-6.205596037034411e-10;4.319815616327105e-10;1.0423946150694974e-09;1.2521837788881385e-08;6.05851369073207e-12;-1.5713368384240312e-11;2.985387936860207e-11;-4.2403569544546826e-10;-6.205596037034411e-12;4.319815616327105e-12;1.0423946150694974e-11;1.2521837788881384e-10;143.46020361709213;110.0;101.50838646361632;110.0;101.56178710519538;38.47167933822857;15.273136177194488;13.074706941783347;56.950291151210195;18.820224332869714;5.290548678147275;6.086415974177555;14.247445112163746;52.73892374214938;2.4527740542942524;8.541830546543792;4.0;0.7000000000000003;86979.22643581663;11646.730249036375;7.4681240636626836;2.4527740542942524;deltaT_shex_1_K;shex;True;True;True;True;True;True;True;True;95.75255488783625;2668.8196216012975;0.05725150963062642;86979.22643581663;0.0;0.0;135.0;4.0;143.46020361709213;4.0;110.0;4.0;101.50838646361632;4.0;110.0;4.0;101.56178710519538;4.0;30.0;4.0;38.47167933822857;4.0;95.75255488783625;2668.8196216012975;0.006900811703786197;86979.22643581663;0.0;0.0;95.42197048943876;257.23123304038745;0.7572515096306267;11646.730249036375;0.5918043429055725;0.23120254462980794;158.73333979428662;361.50261309329716;0.7069008117037865;86979.22643581663;0.6339570206676013;0.26430099910877836;95.75255488783625;2668.8196216012975;0.05035069792684022;86979.22643581663;0.0;0.0;113.27449185846791;257.23123304038745;0.7572515096306267;86979.22643581663;0.5918043429055725;0.23120254462980794;148.07470694178335;328.11927554104943;0.7572515096306267;86979.22643581663;0.5918043429055725;0.23120254462980794;145.6219328874891;338.7563842166235;0.7000000000000003;86979.22643581663;0.6402067601017223;0.26959049539838825;104.73266131192412;262.0705596483657;0.7000000000000003;86979.22643581663;0.6402067601017223;0.26959049539838825;104.70945132185273;262.02767090609035;0.7000000000000003;11646.730249036375;0.6402067601017223;0.26959049539838825;95.42197048943876;2678.517112080115;0.05725150963062642;11646.730249036375;0.0;0.0;48.820224332869714;204.40805453643958;0.05725150963062642;11646.730249036375;0.0;0.0;48.822863363046;204.4842615139594;0.05725150963062642;86979.22643581663;0.0;0.0;"Zustand 3: Temperatur 421.225 K liegt außerhalb des Boryta-Prüfbereichs; Kristallisation wurde nicht bewertet.";"Zustand 4: Temperatur 418.772 K liegt außerhalb des Boryta-Prüfbereichs; Kristallisation wurde nicht bewertet.";"Zustand 5: Temperatur 377.883 K liegt außerhalb des Boryta-Prüfbereichs; Kristallisation wurde nicht bewertet.";"Zustand 6: Temperatur 377.859 K liegt außerhalb des Boryta-Prüfbereichs; Kristallisation wurde nicht bewertet.";"Zustand 20: Temperatur 431.883 K liegt außerhalb des Boryta-Prüfbereichs; Kristallisation wurde nicht bewertet.";5
parallel;Parallel (T13 = T15);parallel;110.0;110.0;30.0;110.0;4.0;4.0;4.0;110.0;0.7100000000000003;Abwärmetemperatur [°C];hot_temperature_C;110.0;10.0;10.0;25.0;15.0;11.0;nan;nan;8.36162072105326e-20;`gtol` termination condition is satisfied.;4;1.1092268746426973e-08;4.08940600113348e-10;1;True;;True;0;zulässig;feasible;True;True;True;95.74268116011928;113.23853980820815;145.59679107568797;48.834441395009094;0.1216553980431838;0.26405588807044633;0.2314242048039631;0.26931555864288836;141.38038518957396;141.75348027702455;141.91435942725494;141.184695294697;54.52046636023278;0.4994025336058853;12.392453017113837;33.455764664448225;0.004363845639687893;0.03044689962310746;14.138038517897499;14.175348027671378;5.676574377112244;9.412313019586149;4.956406032881859;95.49496065164772;0.013215158001996312;2678.655315454905;257.2561419470798;224.82843197231114;0.010139897364295214;0.7571530372160903;0.6000350168519668;0.23733398183740995;6.162110821605893e-10;-1.4676686532766325e-09;2.6062707547680475e-09;-3.9362935133624433e-10;-5.511537892743945e-10;3.107629709120374e-10;9.047766980074812e-10;1.0598967037367402e-08;6.162110821605893e-12;-1.4676686532766325e-11;2.6062707547680475e-11;-3.9362935133624433e-10;-5.511537892743945e-12;3.1076297091203743e-12;9.047766980074811e-12;1.0598967037367401e-10;143.45576466444822;110.0;101.51229907731727;110.0;101.55593927663296;38.478078963936866;15.18900701178211;13.1367052006741;57.01688168771085;18.834441395009094;5.348924854566064;6.01733842566955;14.257318839880725;52.71885953507132;2.539914124986126;8.564270371362056;4.0;0.7100000000000003;86947.76807207383;11655.018283699339;7.460114257708083;2.539914124986126;deltaT_shex_1_K;shex;True;True;True;True;True;True;True;True;95.74268116011928;2668.8038190911443;0.0572929345803852;86947.76807207383;0.0;0.0;135.0;4.0;143.45576466444822;4.0;110.0;4.0;101.51229907731727;4.0;110.0;4.0;101.55593927663296;4.0;30.0;4.0;38.478078963936866;4.0;95.74268116011928;2668.8038190911443;0.006969994761438851;86947.76807207383;0.0;0.0;95.49496065164772;257.2561419470797;0.7672929345803855;11655.018283699339;0.5921054592975376;0.2314242048039631;158.64477167623033;361.2279726574617;0.7169699947614392;86947.76807207383;0.6336643641415864;0.26405588807044633;95.74268116011928;2668.8038190911443;0.05032293981894635;86947.76807207383;0.0;0.0;113.23853980820815;257.2561419470797;0.7672929345803855;86947.76807207383;0.5921054592975376;0.2314242048039631;148.1367052006741;328.3117504417008;0.7672929345803855;86947.76807207383;0.5921054592975376;0.2314242048039631;145.59679107568797;338.57474511005427;0.7100000000000003;86947.76807207383;0.6398849795006681;0.26931555864288836;104.67426943684609;261.7853558711577;0.7100000000000003;86947.76807207383;0.6398849795006681;0.26931555864288836;104.65107514543394;261.7424729139421;0.7100000000000003;11655.018283699339;0.6398849795006681;0.26931555864288836;95.49496065164772;2678.655315454905;0.0572929345803852;11655.018283699339;0.0;0.0;48.834441395009094;204.46750651772362;0.0572929345803852;11655.018283699339;0.0;0.0;48.83707974156164;204.54367377415147;0.0572929345803852;86947.76807207383;0.0;0.0;"Zustand 3: Temperatur 421.287 K liegt außerhalb des Boryta-Prüfbereichs; Kristallisation wurde nicht bewertet.";"Zustand 4: Temperatur 418.747 K liegt außerhalb des Boryta-Prüfbereichs; Kristallisation wurde nicht bewertet.";"Zustand 5: Temperatur 377.824 K liegt außerhalb des Boryta-Prüfbereichs; Kristallisation wurde nicht bewertet.";"Zustand 6: Temperatur 377.801 K liegt außerhalb des Boryta-Prüfbereichs; Kristallisation wurde nicht bewertet.";"Zustand 20: Temperatur 431.795 K liegt außerhalb des Boryta-Prüfbereichs; Kristallisation wurde nicht bewertet.";5
parallel;Parallel (T13 = T15);parallel;110.0;110.0;30.0;110.0;4.0;4.0;4.0;110.0;0.7200000000000003;Abwärmetemperatur [°C];hot_temperature_C;110.0;10.0;10.0;25.0;15.0;11.0;nan;nan;7.173448436711605e-20;`gtol` termination condition is satisfied.;4;1.0036133477238778e-08;3.787729778300349e-10;1;True;;True;0;zulässig;feasible;True;True;True;95.73292305032777;113.20519748698052;145.56945277181876;48.8484797855686;0.12279370528871664;0.263815363003139;0.23163924250403867;0.2690468331634188;141.30150892247738;141.85913728468063;141.84408393970898;141.2813260688523;55.35738184769933;0.49907745446869156;12.558020722241308;33.451047184358686;0.0043647139368028325;0.030871485210858442;14.130150891287125;14.185913728441502;5.6737633576072675;9.418755071201684;5.0324892589832;95.56614108143492;0.01312845367661611;2678.7900803702664;257.2837852306797;225.07023794399262;0.010205191779304568;0.7671286839902125;0.6002780432379354;0.23751734357817444;5.509903644451697e-10;-1.1158718393744493e-09;2.405386112513952e-09;-3.652532165610012e-10;-4.727098712464795e-10;2.6560087462712545e-10;8.270433227153262e-10;9.606139883544529e-09;5.509903644451697e-12;-1.1158718393744494e-11;2.405386112513952e-11;-3.652532165610012e-10;-4.727098712464794e-12;2.6560087462712546e-12;8.270433227153262e-12;9.606139883544529e-11;143.45104718435869;110.0;101.51650215671594;110.0;101.55015992411171;38.484398162959394;15.106710655713755;13.196612198870639;57.08174291847553;18.8484797855686;5.405873021806997;5.950361075281023;14.26707694967223;52.699042468548214;2.627159427051879;8.58789168818214;4.0;0.7200000000000003;86916.68735869968;11663.20712508875;7.45221159381908;2.627159427051879;deltaT_shex_1_K;shex;True;True;True;True;True;True;True;True;95.73292305032777;2668.788201128808;0.05733387576951676;86916.68735869968;0.0;0.0;135.0;4.0;143.45104718435869;4.0;110.0;4.0;101.51650215671594;4.0;110.0;4.0;101.55015992411171;4.0;30.0;4.0;38.484398162959394;4.0;95.73292305032777;2668.788201128808;0.007040239044301933;86916.68735869968;0.0;0.0;95.56614108143492;257.2837852306791;0.7773338757695171;11663.20712508875;0.5923973207541964;0.23163924250403867;158.55775784007244;360.9583271135616;0.7270402390443023;86916.68735869968;0.633376917772677;0.263815363003139;95.73292305032777;2668.788201128808;0.05029363672521483;86916.68735869968;0.0;0.0;113.20519748698052;257.2837852306791;0.7773338757695171;86916.68735869968;0.5923973207541964;0.23163924250403867;148.19661219887064;328.49820618061983;0.7773338757695171;86916.68735869968;0.5923973207541964;0.23163924250403867;145.56945277181876;338.39211324655724;0.7200000000000003;86916.68735869968;0.639570146301857;0.2690468331634188;104.61730579879838;261.5068606810735;0.7200000000000003;86916.68735869968;0.639570146301857;0.2690468331634188;104.594126978193;261.4639836182806;0.7200000000000003;11663.20712508875;0.639570146301857;0.2690468331634188;95.56614108143492;2678.7900803702664;0.05733387576951676;11663.20712508875;0.0;0.0;48.8484797855686;204.5262113976372;0.05733387576951676;11663.20712508875;0.0;0.0;48.8511174555635;204.60233940883865;0.05733387576951676;86916.68735869968;0.0;0.0;"Zustand 3: Temperatur 421.347 K liegt außerhalb des Boryta-Prüfbereichs; Kristallisation wurde nicht bewertet.";"Zustand 4: Temperatur 418.719 K liegt außerhalb des Boryta-Prüfbereichs; Kristallisation wurde nicht bewertet.";"Zustand 5: Temperatur 377.767 K liegt außerhalb des Boryta-Prüfbereichs; Kristallisation wurde nicht bewertet.";"Zustand 6: Temperatur 377.744 K liegt außerhalb des Boryta-Prüfbereichs; Kristallisation wurde nicht bewertet.";"Zustand 20: Temperatur 431.708 K liegt außerhalb des Boryta-Prüfbereichs; Kristallisation wurde nicht bewertet.";5
parallel;Parallel (T13 = T15);parallel;110.0;110.0;30.0;110.0;4.0;4.0;4.0;110.0;0.7300000000000003;Abwärmetemperatur [°C];hot_temperature_C;110.0;10.0;10.0;25.0;15.0;11.0;nan;nan;6.126615121507282e-20;`gtol` termination condition is satisfied.;4;8.681556113339292e-09;3.50046143287061e-10;1;True;;True;0;zulässig;feasible;True;True;True;95.72326668408255;113.17437320771711;145.54002851599563;48.86235911135083;0.12394968396968509;0.26357927911782203;0.23184790249589937;0.26878409834200045;141.21817452410443;141.96359712456388;141.76916090259667;141.37694931614587;56.19080587502939;0.49874665209070795;12.723446534090877;33.44606306962345;0.004365570737024942;0.03129585978340407;14.121817451585809;14.196359712437914;5.670766436119612;9.425129954360742;5.108255079657341;95.63559456443187;0.013045292772363468;2678.9215632217815;257.31404638160495;225.30591185872055;0.010271529455835093;0.7771028618338254;0.6005141660149389;0.23769562569408492;5.94631899275555e-10;-1.201357235913747e-09;2.174090241169324e-09;-3.3912661567825353e-10;-3.936406756110955e-10;1.8474111129762605e-10;7.34729610485374e-10;8.24633161755628e-09;5.9463189927555505e-12;-1.201357235913747e-11;2.1740902411693243e-11;-3.3912661567825353e-10;-3.936406756110955e-12;1.8474111129762605e-12;7.34729610485374e-12;8.24633161755628e-11;143.44606306962345;110.0;101.52098319960544;110.0;101.54444083037407;38.490645761038536;15.026174473993763;13.254495593399668;57.14494880339333;18.862359111350827;5.461426507845999;5.88538863517357;14.276733315917454;52.67944471951404;2.714467077404038;8.612636158193993;4.0;0.7300000000000003;86885.9397935833;11671.308034442494;7.444404649177233;2.714467077404038;deltaT_shex_1_K;shex;True;True;True;True;True;True;True;True;95.72326668408255;2668.772745524679;0.057374391289660154;86885.9397935833;0.0;0.0;135.0;4.0;143.44606306962345;4.0;110.0;4.0;101.52098319960544;4.0;110.0;4.0;101.54444083037407;4.0;30.0;4.0;38.490645761038536;4.0;95.72326668408255;2668.772745524679;0.007111537668306429;86885.9397935833;0.0;0.0;95.63559456443187;257.3140463816043;0.7873743912896605;11671.308034442494;0.5926802829053224;0.23184790249589937;158.4722375436172;360.69349561535324;0.7371115376683067;86885.9397935833;0.633094522977175;0.26357927911782203;95.72326668408255;2668.772745524679;0.05026285362135373;86885.9397935833;0.0;0.0;113.17437320771711;257.3140463816043;0.7873743912896605;86885.9397935833;0.5926802829053224;0.23184790249589937;148.25449559339967;328.6788335738739;0.7873743912896605;86885.9397935833;0.5926802829053224;0.23184790249589937;145.54002851599563;338.2085743482402;0.7300000000000003;86885.9397935833;0.6392620232629613;0.26878409834200045;104.56173704952312;261.2348676709323;0.7300000000000003;86885.9397935833;0.6392620232629613;0.26878409834200045;104.538573492154;261.19199663013313;0.7300000000000003;11671.308034442494;0.6392620232629613;0.26878409834200045;95.63559456443187;2678.9215632217815;0.057374391289660154;11671.308034442494;0.0;0.0;48.86235911135083;204.58425116478844;0.057374391289660154;11671.308034442494;0.0;0.0;48.864996110860034;204.6603403509026;0.057374391289660154;86885.9397935833;0.0;0.0;"Zustand 3: Temperatur 421.404 K liegt außerhalb des Boryta-Prüfbereichs; Kristallisation wurde nicht bewertet.";"Zustand 4: Temperatur 418.690 K liegt außerhalb des Boryta-Prüfbereichs; Kristallisation wurde nicht bewertet.";"Zustand 5: Temperatur 377.712 K liegt außerhalb des Boryta-Prüfbereichs; Kristallisation wurde nicht bewertet.";"Zustand 6: Temperatur 377.689 K liegt außerhalb des Boryta-Prüfbereichs; Kristallisation wurde nicht bewertet.";"Zustand 20: Temperatur 431.622 K liegt außerhalb des Boryta-Prüfbereichs; Kristallisation wurde nicht bewertet.";5
parallel;Parallel (T13 = T15);parallel;110.0;110.0;30.0;110.0;4.0;4.0;4.0;110.0;0.7400000000000003;Abwärmetemperatur [°C];hot_temperature_C;110.0;10.0;10.0;25.0;15.0;11.0;nan;nan;5.248533400218785e-20;`gtol` termination condition is satisfied.;4;7.636959582491365e-09;3.239917715072031e-10;1;True;;True;0;zulässig;feasible;True;True;True;95.71369921458609;113.14597854889331;145.50862289262102;48.87609755151476;0.12512307921073307;0.26334749715206346;0.2320504178802076;0.26852714311007797;141.13056879938398;142.06699661832718;141.6897867402827;141.47169225341796;57.020722859826016;0.4984101979581892;12.888722355244687;33.44082349278614;0.004366417269968017;0.031720007322873105;14.113056879215652;14.206699661823379;5.667591469628217;9.431446150187051;5.183702078266282;95.70339923456652;0.01296552997365504;2679.0499116449078;257.3468136229184;225.53570159168476;0.010338902054195631;0.7870756328860254;0.6007436434263326;0.23786901234408808;5.823608262289781e-10;-1.1030820701307675e-09;1.967123353097122e-09;-3.1487817908626425e-10;-4.227160843583988e-10;9.339373718830757e-11;6.121751994214719e-10;7.227470177895157e-09;5.823608262289781e-12;-1.1030820701307676e-11;1.9671233530971222e-11;-3.1487817908626425e-10;-4.227160843583988e-12;9.339373718830757e-13;6.121751994214719e-12;7.227470177895157e-11;143.44082349278614;110.0;101.52573045811704;110.0;101.53877438675732;38.4968299412875;14.94732944794248;13.310420162073058;57.20656929327902;18.87609755151476;5.515617982507479;5.8223312235505205;14.286300785413914;52.660040500976265;2.801797269452038;8.638448048554096;4.0;0.7400000000000003;86855.48420054441;11679.331468161585;7.436682864709903;2.801797269452038;deltaT_shex_1_K;shex;True;True;True;True;True;True;True;True;95.71369921458609;2668.757431730988;0.05741453494022075;86855.48420054441;0.0;0.0;135.0;4.0;143.44082349278614;4.0;110.0;4.0;101.52573045811704;4.0;110.0;4.0;101.53877438675732;4.0;30.0;4.0;38.4968299412875;4.0;95.71369921458609;2668.757431730988;0.007183883403172642;86855.48420054441;0.0;0.0;95.70339923456652;257.3468136229183;0.7974145349402211;11679.331468161585;0.5929546837110058;0.2320504178802076;158.38815294072862;360.43330531154714;0.747183883403173;86855.48420054441;0.632817026932286;0.26334749715206346;95.71369921458609;2668.757431730988;0.05023065153704811;86855.48420054441;0.0;0.0;113.14597854889331;257.3468136229183;0.7974145349402211;86855.48420054441;0.5929546837110058;0.2320504178802076;148.31042016207306;328.8538157671677;0.7974145349402211;86855.48420054441;0.5929546837110058;0.2320504178802076;145.50862289262102;338.0242088534925;0.7400000000000003;86855.48420054441;0.6389603829081586;0.26852714311007797;104.50753050033921;260.9691779626227;0.7400000000000003;86855.48420054441;0.6389603829081586;0.26852714311007797;104.48438201749252;260.92631308786207;0.7400000000000003;11679.331468161585;0.6389603829081586;0.26852714311007797;95.70339923456652;2679.0499116449078;0.05741453494022075;11679.331468161585;0.0;0.0;48.87609755151476;204.64170183801073;0.05741453494022075;11679.331468161585;0.0;0.0;48.87873388578106;204.71775256757797;0.05741453494022075;86855.48420054441;0.0;0.0;"Zustand 3: Temperatur 421.460 K liegt außerhalb des Boryta-Prüfbereichs; Kristallisation wurde nicht bewertet.";"Zustand 4: Temperatur 418.659 K liegt außerhalb des Boryta-Prüfbereichs; Kristallisation wurde nicht bewertet.";"Zustand 5: Temperatur 377.658 K liegt außerhalb des Boryta-Prüfbereichs; Kristallisation wurde nicht bewertet.";"Zustand 6: Temperatur 377.634 K liegt außerhalb des Boryta-Prüfbereichs; Kristallisation wurde nicht bewertet.";"Zustand 20: Temperatur 431.538 K liegt außerhalb des Boryta-Prüfbereichs; Kristallisation wurde nicht bewertet.";5
parallel;Parallel (T13 = T15);parallel;110.0;110.0;30.0;110.0;4.0;4.0;4.0;110.0;0.7500000000000003;Abwärmetemperatur [°C];hot_temperature_C;110.0;10.0;10.0;25.0;15.0;11.0;nan;nan;4.4900452828729147e-20;`gtol` termination condition is satisfied.;4;6.574504407936839e-09;2.99667992380665e-10;1;True;;True;0;zulässig;feasible;True;True;True;95.7042087423269;113.11992827176499;145.47533486729577;48.88971196809342;0.12631363677802804;0.26311988313322476;0.23224701075413215;0.26827576547398513;141.0388673634555;142.16946267458286;141.60614615462146;141.56567271697364;57.84711921418955;0.49806816202783905;13.05384038500662;33.435338957144495;0.004367254665580256;0.03214391234051109;14.103886735725217;14.216946267452112;5.664245846200084;9.437711514427711;5.258829019558909;95.7696288837821;0.012889026993684117;2679.1752650967646;257.38197975709164;225.7598421439316;0.01040730099791165;0.7970470555653446;0.6009667207986922;0.2380376787475741;5.62792479286145e-10;-9.584510962667991e-10;1.7210481928486843e-09;-2.923816744271335e-10;-3.8065195440140087e-10;6.17319528828375e-11;5.579749995376915e-10;6.203322300279979e-09;5.627924792861449e-12;-9.584510962667992e-12;1.7210481928486842e-11;-2.923816744271335e-10;-3.806519544014009e-12;6.17319528828375e-13;5.5797499953769145e-12;6.203322300279978e-11;143.4353389571445;110.0;101.53073288548916;110.0;101.53315354563557;38.5029582939344;14.8701099573114;13.364447946486337;57.266670589847706;18.889711968093422;5.568479436734435;5.761104001707054;14.295791257673102;52.640805904214574;2.8891130791905653;8.665274129000977;4.0;0.7500000000000003;86825.28246781322;11687.287139276843;7.429036476397;2.8891130791905653;deltaT_shex_1_K;shex;True;True;True;True;True;True;True;True;95.7042087423269;2668.7422407135973;0.057454356563255926;86825.28246781322;0.0;0.0;135.0;4.0;143.4353389571445;4.0;110.0;4.0;101.53073288548916;4.0;110.0;4.0;101.53315354563557;4.0;30.0;4.0;38.5029582939344;4.0;95.7042087423269;2668.7422407135973;0.0072572687262464205;86825.28246781322;0.0;0.0;95.7696288837821;257.3819797570918;0.8074543565632563;11687.287139276843;0.593220844512012;0.23224701075413215;158.3054489144559;360.1775909249481;0.7572572687262468;86825.28246781322;0.6325442823460052;0.26311988313322476;95.7042087423269;2668.7422407135973;0.050197087837009505;86825.28246781322;0.0;0.0;113.11992827176499;257.3819797570918;0.8074543565632563;86825.28246781322;0.593220844512012;0.23224701075413215;148.36444794648634;329.0233285763644;0.8074543565632563;86825.28246781322;0.593220844512012;0.23224701075413215;145.47533486729577;337.83909221333727;0.7500000000000003;86825.28246781322;0.6386650070738106;0.26827576547398513;104.45465414276401;260.70959992850163;0.7500000000000003;86825.28246781322;0.6386650070738106;0.26827576547398513;104.43152056326556;260.6667413787143;0.7500000000000003;11687.287139276843;0.6386650070738106;0.26827576547398513;95.7696288837821;2679.1752650967646;0.057454356563255926;11687.287139276843;0.0;0.0;48.88971196809342;204.69863392855135;0.057454356563255926;11687.287139276843;0.0;0.0;48.892347641421;204.77464652231822;0.057454356563255926;86825.28246781322;0.0;0.0;"Zustand 3: Temperatur 421.514 K liegt außerhalb des Boryta-Prüfbereichs; Kristallisation wurde nicht bewertet.";"Zustand 4: Temperatur 418.625 K liegt außerhalb des Boryta-Prüfbereichs; Kristallisation wurde nicht bewertet.";"Zustand 5: Temperatur 377.605 K liegt außerhalb des Boryta-Prüfbereichs; Kristallisation wurde nicht bewertet.";"Zustand 6: Temperatur 377.582 K liegt außerhalb des Boryta-Prüfbereichs; Kristallisation wurde nicht bewertet.";"Zustand 20: Temperatur 431.455 K liegt außerhalb des Boryta-Prüfbereichs; Kristallisation wurde nicht bewertet.";5
parallel;Parallel (T13 = T15);parallel;110.0;110.0;30.0;110.0;4.0;4.0;4.0;110.0;0.7600000000000003;Abwärmetemperatur [°C];hot_temperature_C;110.0;10.0;10.0;25.0;15.0;11.0;nan;nan;3.862953489920216e-20;`gtol` termination condition is satisfied.;4;6.0276044998193065e-09;2.779551578913482e-10;1;True;;True;0;zulässig;feasible;True;True;True;95.6947842416123;113.09614023212856;145.44025810710747;48.903218007161456;0.12752110345331485;0.26289630815149584;0.23243789283035793;0.2680297720656648;140.94323542899275;142.27111305017138;141.51841294598714;141.65899988990347;58.66998315709936;0.4977206127335918;13.218793105666233;33.429619343839306;0.0043680839623127365;0.03256755985233603;14.094323542333145;14.227111305017132;5.660736517853653;9.443933325962462;5.333634832543224;95.8343532480344;0.012815652188795955;2679.2977553934634;257.41944200774424;225.97855644593722;0.010476717518977163;0.8070171848308698;0.6011836313292416;0.2382017917126589;5.411138204181043e-10;-8.760991931922035e-10;1.6747208064771257e-09;-2.7135443891879163e-10;-3.5419134292169474e-10;5.684341886080802e-14;4.665423603000818e-10;5.661291879732744e-09;5.411138204181043e-12;-8.760991931922035e-12;1.6747208064771258e-11;-2.7135443891879163e-10;-3.5419134292169475e-12;5.684341886080802e-16;4.665423603000818e-12;5.661291879732744e-11;143.4296193438393;110.0;101.53598008696247;110.0;101.52757177691967;38.509037861852335;14.794453577417187;13.416638387290732;57.32531538618207;18.903218007161456;5.620042167613576;5.701626838928064;14.305215758387703;52.62171875365988;2.976380280183264;8.693063568739149;4.0;0.7600000000000003;86795.29930895653;11695.184073818788;7.421456452597377;2.976380280183264;deltaT_shex_1_K;shex;True;True;True;True;True;True;True;True;95.6947842416123;2668.7271548346853;0.05749390234984664;86795.29930895653;0.0;0.0;135.0;4.0;143.4296193438393;4.0;110.0;4.0;101.53598008696247;4.0;110.0;4.0;101.52757177691967;4.0;30.0;4.0;38.509037861852335;4.0;95.6947842416123;2668.7271548346853;0.007331685869489575;86795.29930895653;0.0;0.0;95.8343532480344;257.41944200774526;0.817493902349847;11695.184073818788;0.5934790710085287;0.23243789283035793;158.2240729212565;359.9261943565802;0.76733168586949;86795.29930895653;0.6322761472352347;0.26289630815149584;95.6947842416123;2668.7271548346853;0.05016221648035706;86795.29930895653;0.0;0.0;113.09614023212856;257.41944200774526;0.817493902349847;86795.29930895653;0.5934790710085287;0.23243789283035793;148.41663838729073;329.1875408136878;0.817493902349847;86795.29930895653;0.5934790710085287;0.23243789283035793;145.44025810710747;337.6532951779926;0.7600000000000003;86795.29930895653;0.6383756864759524;0.2680297720656648;104.40307666338941;260.4559489193634;0.7600000000000003;86795.29930895653;0.6383756864759524;0.2680297720656648;104.37995783238642;260.4130968669261;0.7600000000000003;11695.184073818788;0.6383756864759524;0.2680297720656648;95.8343532480344;2679.2977553934634;0.05749390234984664;11695.184073818788;0.0;0.0;48.903218007161456;204.7551128631133;0.05749390234984664;11695.184073818788;0.0;0.0;48.905853023259795;204.83108759754225;0.05749390234984664;86795.29930895653;0.0;0.0;"Zustand 3: Temperatur 421.567 K liegt außerhalb des Boryta-Prüfbereichs; Kristallisation wurde nicht bewertet.";"Zustand 4: Temperatur 418.590 K liegt außerhalb des Boryta-Prüfbereichs; Kristallisation wurde nicht bewertet.";"Zustand 5: Temperatur 377.553 K liegt außerhalb des Boryta-Prüfbereichs; Kristallisation wurde nicht bewertet.";"Zustand 6: Temperatur 377.530 K liegt außerhalb des Boryta-Prüfbereichs; Kristallisation wurde nicht bewertet.";"Zustand 20: Temperatur 431.374 K liegt außerhalb des Boryta-Prüfbereichs; Kristallisation wurde nicht bewertet.";5
parallel;Parallel (T13 = T15);parallel;110.0;110.0;30.0;110.0;4.0;4.0;4.0;110.0;0.7700000000000004;Abwärmetemperatur [°C];hot_temperature_C;110.0;10.0;10.0;25.0;15.0;11.0;nan;nan;3.3202281076546537e-20;`gtol` termination condition is satisfied.;4;5.348762000570298e-09;2.5769082667625765e-10;1;True;;True;0;zulässig;feasible;True;True;True;95.68541549339375;113.07453528815739;145.4034812843301;48.916630191412196;0.12874522734627883;0.2626766481452974;0.23262326601700775;0.2677889777179806;140.8438285324297;142.37205704715643;141.4267507711134;141.75177496753906;59.489304546388034;0.49736761700078735;13.383573269595926;33.42367395528885;0.004368906114548788;0.03299093535612512;14.084382852743762;14.237205704717523;5.657070030859633;9.45011833114027;5.408118595201248;95.89763827165359;0.012745280194816808;2679.4175072068783;257.45910185874453;226.1920561033745;0.010547142697227785;0.8169860724232251;0.6013945968176138;0.23836151012838874;5.369642508412653e-10;-8.257003969447396e-10;1.5239720596582629e-09;-2.520912367742767e-10;-3.774118795263348e-10;-1.878674993349705e-11;4.3499426283233333e-10;4.9921027311938815e-09;5.369642508412653e-12;-8.257003969447396e-12;1.523972059658263e-11;-2.520912367742767e-10;-3.774118795263348e-12;-1.878674993349705e-13;4.349942628323334e-12;4.9921027311938816e-11;143.42367395528885;110.0;101.54146227445494;110.0;101.52202302825725;38.51507518224622;14.720300891179022;13.46704845247649;57.38256308940737;18.916630191412196;5.6703367682978865;5.643824002801352;14.314584506606252;52.602758475055396;3.063567168146392;8.721767834290006;4.0;0.7700000000000004;86765.50204445145;11703.030662487583;7.413934436877625;3.063567168146392;deltaT_shex_1_K;shex;True;True;True;True;True;True;True;True;95.68541549339375;2668.71215774547;0.05753321512045251;86765.50204445145;0.0;0.0;135.0;4.0;143.42367395528885;4.0;110.0;4.0;101.54146227445494;4.0;110.0;4.0;101.52202302825725;4.0;30.0;4.0;38.51507518224622;4.0;95.68541549339375;2668.71215774547;0.007407126860645025;86765.50204445145;0.0;0.0;95.89763827165359;257.45910185874556;0.8275332151204529;11703.030662487583;0.5937296541735244;0.23262326601700775;158.14397484646787;359.6789643162583;0.7774071268606454;86765.50204445145;0.6320124847154075;0.2626766481452974;95.68541549339375;2668.71215774547;0.05012608825980748;86765.50204445145;0.0;0.0;113.07453528815739;257.45910185874556;0.8275332151204529;86765.50204445145;0.5937296541735244;0.23262326601700775;148.4670484524765;329.34661460073136;0.8275332151204529;86765.50204445145;0.5937296541735244;0.23262326601700775;145.4034812843301;337.4668840725616;0.7700000000000004;86765.50204445145;0.6380922202994429;0.2677889777179806;104.35276745386739;260.20804700002776;0.7700000000000004;86765.50204445145;0.6380922202994429;0.2677889777179806;104.32966323170211;260.1652016294354;0.7700000000000004;11703.030662487583;0.6380922202994429;0.2677889777179806;95.89763827165359;2679.4175072068783;0.05753321512045251;11703.030662487583;0.0;0.0;48.916630191412196;204.8111993708935;0.05753321512045251;11703.030662487583;0.0;0.0;48.919264553201856;204.88713648140265;0.05753321512045251;86765.50204445145;0.0;0.0;"Zustand 3: Temperatur 421.617 K liegt außerhalb des Boryta-Prüfbereichs; Kristallisation wurde nicht bewertet.";"Zustand 4: Temperatur 418.553 K liegt außerhalb des Boryta-Prüfbereichs; Kristallisation wurde nicht bewertet.";"Zustand 5: Temperatur 377.503 K liegt außerhalb des Boryta-Prüfbereichs; Kristallisation wurde nicht bewertet.";"Zustand 6: Temperatur 377.480 K liegt außerhalb des Boryta-Prüfbereichs; Kristallisation wurde nicht bewertet.";"Zustand 20: Temperatur 431.294 K liegt außerhalb des Boryta-Prüfbereichs; Kristallisation wurde nicht bewertet.";5
parallel;Parallel (T13 = T15);parallel;110.0;110.0;30.0;110.0;4.0;4.0;4.0;110.0;0.7800000000000004;Abwärmetemperatur [°C];hot_temperature_C;110.0;10.0;10.0;25.0;15.0;11.0;nan;nan;2.85496617292615e-20;`gtol` termination condition is satisfied.;4;4.753898931709699e-09;2.3895464728379526e-10;1;True;;True;0;zulässig;feasible;True;True;True;95.67609302372983;113.05503720576809;145.36508836383945;48.92996200501625;0.12998575815442623;0.26246078369446907;0.23280332296081965;0.26755320506277736;140.74079320422305;142.47239615126716;141.33131384262003;141.844091766576;60.305074727783236;0.4970092402673424;13.548173887140386;33.41751155527652;0.0043697219993487696;0.033414024809572965;14.074079319979354;14.24723961513425;5.653252553717314;9.456272784415004;5.482279520773852;95.95954635190401;0.012677791584300808;2679.534638524291;257.5008648925142;226.40054208957275;0.01061856749460166;0.8269537670869882;0.6015998283460033;0.23851698542334168;5.147313686393318e-10;-7.291305337275844e-10;1.3786802810500376e-09;-2.3418977868061575e-10;-3.128093339910265e-10;-7.534595170000102e-11;3.509512680466287e-10;4.4295234147284646e-09;5.1473136863933175e-12;-7.291305337275845e-12;1.3786802810500375e-11;-2.3418977868061575e-10;-3.128093339910265e-12;-7.534595170000103e-13;3.509512680466287e-12;4.4295234147284646e-11;143.41751155527652;110.0;101.54717022472369;110.0;101.51650168860192;38.52107632483654;14.647595313537124;13.515732758801278;57.43847002706747;18.92996200501625;5.719393122172619;5.587623872819677;14.323906976270166;52.58390597386165;3.15064439496183;8.751340589108054;4.0;0.7800000000000004;86735.86040174187;11710.834708091994;7.406462695764019;3.15064439496183;deltaT_shex_1_K;shex;True;True;True;True;True;True;True;True;95.67609302372983;2668.6972342879285;0.0575723345815895;86735.86040174187;0.0;0.0;135.0;4.0;143.41751155527652;4.0;110.0;4.0;101.54717022472369;4.0;110.0;4.0;101.51650168860192;4.0;30.0;4.0;38.52107632483654;4.0;95.67609302372983;2668.6972342879285;0.007483583559308202;86735.86040174187;0.0;0.0;95.95954635190401;257.5008648925126;0.8375723345815899;11710.834708091994;0.5939728711050816;0.23280332296081965;158.06510686881364;359.43575597345966;0.7874835835593086;86735.86040174187;0.6317531627963573;0.26246078369446907;95.67609302372983;2668.6972342879285;0.0500887510222813;86735.86040174187;0.0;0.0;113.05503720576809;257.5008648925126;0.8375723345815899;86735.86040174187;0.5939728711050816;0.23280332296081965;148.51573275880128;329.5007056679469;0.8375723345815899;86735.86040174187;0.5939728711050816;0.23280332296081965;145.36508836383945;337.27992106079404;0.7800000000000004;86735.86040174187;0.6378144158071958;0.26755320506277736;104.30369661666003;259.9657226925011;0.7800000000000004;86735.86040174187;0.6378144158071958;0.26755320506277736;104.28060687782738;259.92288419915553;0.7800000000000004;11710.834708091994;0.6378144158071958;0.26755320506277736;95.95954635190401;2679.534638524291;0.0575723345815895;11710.834708091994;0.0;0.0;48.92996200501625;204.8669498384994;0.0575723345815895;11710.834708091994;0.0;0.0;48.93259571474027;204.94284952245536;0.0575723345815895;86735.86040174187;0.0;0.0;"Zustand 3: Temperatur 421.666 K liegt außerhalb des Boryta-Prüfbereichs; Kristallisation wurde nicht bewertet.";"Zustand 4: Temperatur 418.515 K liegt außerhalb des Boryta-Prüfbereichs; Kristallisation wurde nicht bewertet.";"Zustand 5: Temperatur 377.454 K liegt außerhalb des Boryta-Prüfbereichs; Kristallisation wurde nicht bewertet.";"Zustand 6: Temperatur 377.431 K liegt außerhalb des Boryta-Prüfbereichs; Kristallisation wurde nicht bewertet.";"Zustand 20: Temperatur 431.215 K liegt außerhalb des Boryta-Prüfbereichs; Kristallisation wurde nicht bewertet.";5
parallel;Parallel (T13 = T15);parallel;110.0;110.0;30.0;110.0;4.0;4.0;4.0;110.0;0.7900000000000004;Abwärmetemperatur [°C];hot_temperature_C;110.0;10.0;10.0;25.0;15.0;11.0;nan;nan;2.4528689992752692e-20;`gtol` termination condition is satisfied.;4;4.142819218298788e-09;2.2148900646647316e-10;1;True;;True;0;zulässig;feasible;True;True;True;95.66680804741787;113.03757256251919;145.32515887466957;48.94322597141377;0.13124244738131294;0.2622485998253139;0.23297824755605517;0.26732228415050246;140.63426758815456;142.5722246176216;141.23224757573678;141.93603728354037;61.11728639948388;0.4966455465097157;13.712588215201011;33.411140405990125;0.004370532422604145;0.03383681460964308;14.063426758435755;14.257222461769821;5.649289903039037;9.462402485547171;5.556116945478938;96.0201365653225;0.01261307254356332;2679.6492610738633;257.5446406287374;226.60420538875178;0.010690982784883118;0.8369203147763064;0.6017995269117519;0.23866836199315533;5.332552177605976e-10;-7.844391802791506e-10;1.2747136679536197e-09;-2.175909452617475e-10;-2.391402631474193e-10;-7.66249286243692e-11;3.327897957206005e-10;3.796998271354823e-09;5.332552177605976e-12;-7.844391802791506e-12;1.2747136679536197e-11;-2.175909452617475e-10;-2.391402631474193e-12;-7.662492862436921e-13;3.3278979572060053e-12;3.7969982713548235e-11;143.41114040599012;110.0;101.5530952406856;110.0;101.5110025548122;38.52704692689122;14.57628292867497;13.562743686754004;57.493089638431286;18.943225971413767;5.767240400703599;5.532958675363091;14.333191952582126;52.565143524052814;3.2375848120844353;8.78173759540357;4.0;0.7900000000000004;86706.34633221629;11718.60346910329;7.399034070981418;3.2375848120844353;deltaT_shex_1_K;shex;True;True;True;True;True;True;True;True;95.66680804741787;2668.682370404762;0.0576112975611891;86706.34633221629;0.0;0.0;135.0;4.0;143.41114040599012;4.0;110.0;4.0;101.5530952406856;4.0;110.0;4.0;101.5110025548122;4.0;30.0;4.0;38.52704692689122;4.0;95.66680804741787;2668.682370404762;0.007561047688743523;86706.34633221629;0.0;0.0;96.0201365653225;257.54464062873717;0.8476112975611895;11718.60346910329;0.5942089858221319;0.23297824755605517;157.9874233346651;359.19643063169156;0.7975610476887439;86706.34633221629;0.6314980541895323;0.2622485998253139;95.66680804741787;2668.682370404762;0.05005024987244558;86706.34633221629;0.0;0.0;113.03757256251919;257.54464062873717;0.8476112975611895;86706.34633221629;0.5942089858221319;0.23297824755605517;148.562743686754;329.6499636409895;0.8476112975611895;86706.34633221629;0.5942089858221319;0.23297824755605517;145.32515887466957;337.0924643964611;0.7900000000000004;86706.34633221629;0.6375420879686271;0.26732228415050246;104.25583496711562;259.72881072690336;0.7900000000000004;86706.34633221629;0.6375420879686271;0.26732228415050246;104.2327595992964;259.6859793160051;0.7900000000000004;11718.60346910329;0.6375420879686271;0.26732228415050246;96.0201365653225;2679.6492610738633;0.0576112975611891;11718.60346910329;0.0;0.0;48.94322597141377;204.9224166351437;0.0576112975611891;11718.60346910329;0.0;0.0;48.94585903075938;204.9982790546277;0.0576112975611891;86706.34633221629;0.0;0.0;"Zustand 3: Temperatur 421.713 K liegt außerhalb des Boryta-Prüfbereichs; Kristallisation wurde nicht bewertet.";"Zustand 4: Temperatur 418.475 K liegt außerhalb des Boryta-Prüfbereichs; Kristallisation wurde nicht bewertet.";"Zustand 5: Temperatur 377.406 K liegt außerhalb des Boryta-Prüfbereichs; Kristallisation wurde nicht bewertet.";"Zustand 6: Temperatur 377.383 K liegt außerhalb des Boryta-Prüfbereichs; Kristallisation wurde nicht bewertet.";"Zustand 20: Temperatur 431.137 K liegt außerhalb des Boryta-Prüfbereichs; Kristallisation wurde nicht bewertet.";5
parallel;Parallel (T13 = T15);parallel;110.0;110.0;30.0;110.0;4.0;4.0;4.0;110.0;0.8000000000000004;Abwärmetemperatur [°C];hot_temperature_C;110.0;10.0;10.0;25.0;15.0;11.0;nan;nan;2.115245513033957e-20;`gtol` termination condition is satisfied.;4;3.790045562111891e-09;2.0568157491783056e-10;1;True;;True;0;zulässig;feasible;True;True;True;95.65755241628216;113.02207065116045;145.28376816654293;48.95643372472057;0.13251504850910278;0.26203998582338334;0.2331482154216809;0.2670960520902734;140.5243820137258;142.67163000791604;141.12968918581913;142.02769220661494;61.92593349030306;0.4962765982744061;13.87680974652249;33.40456830225634;0.004371338124633441;0.034259291572980986;14.052438201023955;14.267163000799446;5.645187567442146;9.468512813753135;5.629630317357142;96.0794648774687;0.012551014568484023;2679.761480718992;257.59034236516396;226.80322759431303;0.010764379379516131;0.8468857588448322;0.6019938840164237;0.23881577759957848;4.898481620330131e-10;-6.255049811443314e-10;1.173077635030495e-09;-2.0216961438279668e-10;-2.3450752451026347e-10;-7.841549631848466e-11;3.1792524168849923e-10;3.4862637221522164e-09;4.8984816203301305e-12;-6.255049811443314e-12;1.173077635030495e-11;-2.0216961438279668e-10;-2.345075245102635e-12;-7.841549631848466e-13;3.1792524168849923e-12;3.486263722152216e-11;143.40456830225634;110.0;101.5592291156807;110.0;101.50552080103978;38.53299222535384;14.506312337901704;13.608131489404286;57.54647265211486;18.95643372472057;5.81390706436332;5.479764238211999;14.342447583717842;52.54645466625459;3.324363322861359;8.812916618689428;4.0;0.8000000000000004;86676.93384341744;11726.343699691217;7.391641935729707;3.324363322861359;deltaT_shex_1_K;shex;True;True;True;True;True;True;True;True;95.65755241628216;2668.6675530567973;0.05765013822434795;86676.93384341744;0.0;0.0;135.0;4.0;143.40456830225634;4.0;110.0;4.0;101.5592291156807;4.0;110.0;4.0;101.50552080103978;4.0;30.0;4.0;38.53299222535384;4.0;95.65755241628216;2668.6675530567973;0.007639510863355949;86676.93384341744;0.0;0.0;96.0794648774687;257.5903423651645;0.8576501382243483;11726.343699691217;0.5944382500079953;0.2331482154216809;157.91088064015804;358.9608554209927;0.8076395108633563;86676.93384341744;0.6312470361218155;0.26203998582338334;95.65755241628216;2668.6675530567973;0.050010627360991995;86676.93384341744;0.0;0.0;113.02207065116045;257.5903423651645;0.8576501382243483;86676.93384341744;0.5944382500079953;0.2331482154216809;148.6081314894043;329.79453231435815;0.8576501382243483;86676.93384341744;0.5944382500079953;0.2331482154216809;145.28376816654293;336.90456866276566;0.8000000000000004;86676.93384341744;0.6372750591064958;0.2670960520902734;104.20915403247102;259.4971518004992;0.8000000000000004;86676.93384341744;0.6372750591064958;0.2670960520902734;104.18609293563668;259.45432768603297;0.8000000000000004;11726.343699691217;0.6372750591064958;0.2670960520902734;96.0794648774687;2679.761480718992;0.05765013822434795;11726.343699691217;0.0;0.0;48.95643372472057;204.9776484113687;0.05765013822434795;11726.343699691217;0.0;0.0;48.95906613478519;205.05347369573528;0.05765013822434795;86676.93384341744;0.0;0.0;"Zustand 3: Temperatur 421.758 K liegt außerhalb des Boryta-Prüfbereichs; Kristallisation wurde nicht bewertet.";"Zustand 4: Temperatur 418.434 K liegt außerhalb des Boryta-Prüfbereichs; Kristallisation wurde nicht bewertet.";"Zustand 5: Temperatur 377.359 K liegt außerhalb des Boryta-Prüfbereichs; Kristallisation wurde nicht bewertet.";"Zustand 6: Temperatur 377.336 K liegt außerhalb des Boryta-Prüfbereichs; Kristallisation wurde nicht bewertet.";"Zustand 20: Temperatur 431.061 K liegt außerhalb des Boryta-Prüfbereichs; Kristallisation wurde nicht bewertet.";5
parallel;Parallel (T13 = T15);parallel;110.0;110.0;30.0;110.0;4.0;4.0;4.0;110.0;0.8100000000000004;Abwärmetemperatur [°C];hot_temperature_C;110.0;10.0;10.0;25.0;15.0;11.0;nan;nan;1.823222895493362e-20;`gtol` termination condition is satisfied.;4;3.3614555860555257e-09;1.9095669118904224e-10;1;True;;True;0;zulässig;feasible;True;True;True;95.6483185717608;113.00846338344519;145.24098765155577;48.96959607524684;0.13380331714457044;0.2618348350554452;0.233313394349094;0.2668743527094227;140.41125952491245;142.77069368365488;141.0237682410733;142.11913138526774;62.731011050340605;0.4959024567107664;14.040832199619386;33.39780260316462;0.004372139785294274;0.034681442917437244;14.041125952184586;14.277069368378006;5.64095072965268;9.474608759001434;5.702819186447609;96.13758433738712;0.012491514177967289;2679.871397823999;257.63788702113675;226.99778146563435;0.0108387480499057;0.8568501402214008;0.602183082214881;0.23895936374327514;4.764686423186504e-10;-5.83092685246811e-10;1.0758185453596525e-09;-1.879841837748586e-10;-2.4368773665628396e-10;-1.2516920833149925e-10;2.462172687955899e-10;3.0665887607028708e-09;4.764686423186504e-12;-5.83092685246811e-12;1.0758185453596524e-11;-1.879841837748586e-10;-2.4368773665628395e-12;-1.2516920833149925e-12;2.462172687955899e-12;3.066588760702871e-11;143.39780260316462;110.0;101.56556410041429;110.0;101.50005195064188;38.53891708634302;14.437634518031984;13.651944395565238;57.598667251044105;18.96959607524684;5.859420866214464;5.427979763027167;14.351681428239203;52.52782411401239;3.410956744009468;8.844837335240754;4.0;0.8100000000000004;86647.59884529262;11734.061686506993;7.38428015466535;3.410956744009468;deltaT_shex_1_K;shex;True;True;True;True;True;True;True;True;95.6483185717608;2668.6527701472414;0.05768888827130614;86647.59884529262;0.0;0.0;135.0;4.0;143.39780260316462;4.0;110.0;4.0;101.56556410041429;4.0;110.0;4.0;101.50005195064188;4.0;30.0;4.0;38.53891708634302;4.0;95.6483185717608;2668.6527701472414;0.007718964613083266;86647.59884529262;0.0;0.0;96.13758433738712;257.6378870211362;0.8676888882713065;11734.061686506993;0.5946609037056618;0.233313394349094;157.8354371211966;358.7289030093008;0.8177189646130837;86647.59884529262;0.6309999901578711;0.2618348350554452;95.6483185717608;2668.6527701472414;0.04996992365822287;86647.59884529262;0.0;0.0;113.00846338344519;257.6378870211362;0.8676888882713065;86647.59884529262;0.5946609037056618;0.233313394349094;148.65194439556524;329.9345499129699;0.8676888882713065;86647.59884529262;0.5946609037056618;0.233313394349094;145.24098765155577;336.71628499908053;0.8100000000000004;86647.59884529262;0.6370131585614517;0.2668743527094227;104.16362604820443;259.2705923449273;0.8100000000000004;86647.59884529262;0.6370131585614517;0.2668743527094227;104.14057913378554;259.22777574873294;0.8100000000000004;11734.061686506993;0.6370131585614517;0.2668743527094227;96.13758433738712;2679.871397823999;0.05768888827130614;11734.061686506993;0.0;0.0;48.96959607524684;205.03269037281802;0.05768888827130614;11734.061686506993;0.0;0.0;48.972227836629486;205.1084786210632;0.05768888827130614;86647.59884529262;0.0;0.0;"Zustand 3: Temperatur 421.802 K liegt außerhalb des Boryta-Prüfbereichs; Kristallisation wurde nicht bewertet.";"Zustand 4: Temperatur 418.391 K liegt außerhalb des Boryta-Prüfbereichs; Kristallisation wurde nicht bewertet.";"Zustand 5: Temperatur 377.314 K liegt außerhalb des Boryta-Prüfbereichs; Kristallisation wurde nicht bewertet.";"Zustand 6: Temperatur 377.291 K liegt außerhalb des Boryta-Prüfbereichs; Kristallisation wurde nicht bewertet.";"Zustand 20: Temperatur 430.985 K liegt außerhalb des Boryta-Prüfbereichs; Kristallisation wurde nicht bewertet.";5
parallel;Parallel (T13 = T15);parallel;110.0;110.0;30.0;110.0;4.0;4.0;4.0;110.0;0.8200000000000004;Abwärmetemperatur [°C];hot_temperature_C;110.0;10.0;10.0;25.0;15.0;11.0;nan;nan;1.5748169321085486e-20;`gtol` termination condition is satisfied.;4;3.03940508005137e-09;1.774720784860846e-10;1;True;;True;0;zulässig;feasible;True;True;True;95.63909950134251;112.99668519492963;145.1968850321265;48.9827230697374;0.13510701112823242;0.2616330447989393;0.23347394472197402;0.2666570362310005;140.29501637016443;142.8694912596204;140.91460717422015;142.2104242617464;63.532515152383155;0.4955231816085272;14.204649509266602;33.39085026137349;0.004372938028654796;0.03510325624455064;14.029501636740987;14.286949125975458;5.636584286978216;9.48069495076771;5.775683195720143;96.19454525802018;0.01243447264418168;2679.97910759344;257.6871949846367;227.18803144639324;0.010914079546734845;0.866813497572649;0.6023672956269628;0.23909924601197408;4.5497472456190735e-10;-5.384208634495735e-10;9.98113591776928e-10;-1.748587941108326e-10;-2.3524648895545397e-10;-1.3417889022093732e-10;2.3075585886545014e-10;2.7545752345758956e-09;4.549747245619074e-12;-5.384208634495735e-12;9.98113591776928e-12;-1.748587941108326e-10;-2.3524648895545396e-12;-1.3417889022093732e-12;2.3075585886545013e-12;2.7545752345758955e-11;143.3908502613735;110.0;101.57209287235526;110.0;101.49459185037404;38.54482603227393;14.370202688904044;13.694228707358661;57.64971922574625;18.982723069737403;5.903808857761135;5.377547614335072;14.360900498657486;52.50923766783143;3.497343675232173;8.877461242805794;4.0;0.8200000000000004;86618.31900901228;11741.76328254636;7.376943047196905;3.497343675232173;deltaT_shex_1_K;shex;True;True;True;True;True;True;True;True;95.63909950134251;2668.6380104520963;0.05772757711938348;86618.31900901228;0.0;0.0;135.0;4.0;143.3908502613735;4.0;110.0;4.0;101.57209287235526;4.0;110.0;4.0;101.49459185037404;4.0;30.0;4.0;38.54482603227393;4.0;95.63909950134251;2668.6380104520963;0.007799400404274439;86618.31900901228;0.0;0.0;96.19454525802018;257.68719498463616;0.8777275771193839;11741.76328254636;0.5948771759677396;0.23347394472197402;157.76105295027753;358.50045132995075;0.8277994004042748;86618.31900901228;0.6307568020291452;0.2616330447989393;95.63909950134251;2668.6380104520963;0.04992817671510904;86618.31900901228;0.0;0.0;112.99668519492963;257.68719498463616;0.8777275771193839;86618.31900901228;0.5948771759677396;0.23347394472197402;148.69422870735866;330.07014934148873;0.8777275771193839;86618.31900901228;0.5948771759677396;0.23347394472197402;145.1968850321265;336.5276613158669;0.8200000000000004;86618.31900901228;0.6367562223729087;0.2666570362310005;104.11922395212383;259.0489843013204;0.8200000000000004;86618.31900901228;0.6367562223729087;0.2666570362310005;104.09619114223887;259.0061754522417;0.8200000000000004;11741.76328254636;0.6367562223729087;0.2666570362310005;96.19454525802018;2679.97910759344;0.05772757711938348;11741.76328254636;0.0;0.0;48.9827230697374;205.08758453229964;0.05772757711938348;11741.76328254636;0.0;0.0;48.98535418254261;205.16333581525427;0.05772757711938348;86618.31900901228;0.0;0.0;"Zustand 3: Temperatur 421.844 K liegt außerhalb des Boryta-Prüfbereichs; Kristallisation wurde nicht bewertet.";"Zustand 4: Temperatur 418.347 K liegt außerhalb des Boryta-Prüfbereichs; Kristallisation wurde nicht bewertet.";"Zustand 5: Temperatur 377.269 K liegt außerhalb des Boryta-Prüfbereichs; Kristallisation wurde nicht bewertet.";"Zustand 6: Temperatur 377.246 K liegt außerhalb des Boryta-Prüfbereichs; Kristallisation wurde nicht bewertet.";"Zustand 20: Temperatur 430.911 K liegt außerhalb des Boryta-Prüfbereichs; Kristallisation wurde nicht bewertet.";5
parallel;Parallel (T13 = T15);parallel;110.0;110.0;30.0;110.0;4.0;4.0;4.0;110.0;0.8300000000000004;Abwärmetemperatur [°C];hot_temperature_C;110.0;10.0;10.0;25.0;15.0;11.0;nan;nan;1.3603685777139293e-20;`gtol` termination condition is satisfied.;4;2.7225587747934722e-09;1.649465718172966e-10;1;True;;True;0;zulässig;feasible;True;True;True;95.62988869854172;112.98667295116638;145.1515245154041;48.99582404674925;0.13642589062486168;0.2614345160798068;0.2336300199105893;0.2664439589685936;140.1757624552164;142.96809302047893;140.8023217559734;142.30163526721;64.33044280326604;0.49513883143546944;14.368255817582812;33.3837178501924;0.004373733427253745;0.035524719522982404;14.017576245276103;14.296809302062188;5.63209287024719;9.486775684467103;5.848222073068795;96.25039538376535;0.012379795738497805;2680.0847003873096;257.7381899634257;227.3741341477244;0.010990364616562776;0.8767758674534644;0.6025466904151676;0.23923554440619368;4.38348024545121e-10;-4.907150241706404e-10;9.054019756149501e-10;-1.6269230407317536e-10;-2.063416104647331e-10;-1.4296119843493216e-10;2.0344259610283189e-10;2.455351477692602e-09;4.38348024545121e-12;-4.907150241706404e-12;9.0540197561495e-12;-1.6269230407317536e-10;-2.0634161046473308e-12;-1.4296119843493215e-12;2.034425961028319e-12;2.455351477692602e-11;143.3837178501924;110.0;101.57880850741788;110.0;101.48913664669794;38.55072326677504;14.303972189857802;13.73502889266473;57.699672116990314;18.99582404674925;5.9470973966728025;5.328413123652524;14.37011130145828;52.49068213610826;3.583504377260624;8.910751574578;4.0;0.8300000000000004;86589.07363732615;11749.453938315723;7.369625353817817;3.583504377260624;deltaT_shex_1_K;shex;True;True;True;True;True;True;True;True;95.62988869854172;2668.623263556203;0.057766232070026735;86589.07363732615;0.0;0.0;135.0;4.0;143.3837178501924;4.0;110.0;4.0;101.57880850741788;4.0;110.0;4.0;101.48913664669794;4.0;30.0;4.0;38.55072326677504;4.0;95.62988869854172;2668.623263556203;0.007880809658195844;86589.07363732615;0.0;0.0;96.25039538376535;257.73818996342686;0.8877662320700271;11749.453938315723;0.59508728546492;0.2336300199105893;157.6876900400502;358.27538332555605;0.8378808096581962;86589.07363732615;0.630517361470754;0.2614345160798068;95.62988869854172;2668.623263556203;0.04988542241183089;86589.07363732615;0.0;0.0;112.98667295116638;257.73818996342686;0.8877662320700271;86589.07363732615;0.59508728546492;0.2336300199105893;148.73502889266473;330.20145842236013;0.8877662320700271;86589.07363732615;0.59508728546492;0.2336300199105893;145.1515245154041;336.3387424973529;0.8300000000000004;86589.07363732615;0.6365040929758703;0.2664439589685936;104.07592137658838;258.8321849035846;0.8300000000000004;86589.07363732615;0.6365040929758703;0.2664439589685936;104.0529026033272;258.78938403668946;0.8300000000000004;11749.453938315723;0.6365040929758703;0.2664439589685936;96.25039538376535;2680.0847003873096;0.057766232070026735;11749.453938315723;0.0;0.0;48.99582404674925;205.14236994126634;0.057766232070026735;11749.453938315723;0.0;0.0;48.99845451058968;205.21808430362861;0.057766232070026735;86589.07363732615;0.0;0.0;"Zustand 3: Temperatur 421.885 K liegt außerhalb des Boryta-Prüfbereichs; Kristallisation wurde nicht bewertet.";"Zustand 4: Temperatur 418.302 K liegt außerhalb des Boryta-Prüfbereichs; Kristallisation wurde nicht bewertet.";"Zustand 5: Temperatur 377.226 K liegt außerhalb des Boryta-Prüfbereichs; Kristallisation wurde nicht bewertet.";"Zustand 6: Temperatur 377.203 K liegt außerhalb des Boryta-Prüfbereichs; Kristallisation wurde nicht bewertet.";"Zustand 20: Temperatur 430.838 K liegt außerhalb des Boryta-Prüfbereichs; Kristallisation wurde nicht bewertet.";5
parallel;Parallel (T13 = T15);parallel;110.0;110.0;30.0;110.0;4.0;4.0;4.0;110.0;0.8400000000000004;Abwärmetemperatur [°C];hot_temperature_C;110.0;10.0;10.0;25.0;15.0;11.0;nan;nan;1.175394287248257e-20;`gtol` termination condition is satisfied.;4;2.4333432100613878e-09;1.533228154742964e-10;1;True;;True;0;zulässig;feasible;True;True;True;95.62068012610086;112.97836585575834;145.10496701508248;49.00890768760928;0.13775971819071342;0.26123915351726773;0.2337817666419854;0.2662349830372979;140.05360176293874;143.0665643044133;140.68702153391249;142.39282418628275;65.12479186391252;0.49474946337709963;14.53164546560032;33.37641158869252;0.004374526506009041;0.03594582107285817;14.00536017607695;14.306656430457418;5.627480861365143;9.492854945740707;5.920435624034163;96.30518004615487;0.012327393492314636;2680.188262013931;257.790798840702;227.5562387986758;0.011067594016127669;0.8867372844464302;0.6027214252305904;0.23936837364394034;4.220197524773539e-10;-4.632738637155853e-10;8.353140401595738e-10;-1.5138712505802232e-10;-2.1609025679936167e-10;-1.6086687537608668e-10;1.7215029401995707e-10;2.169230128856725e-09;4.2201975247735394e-12;-4.632738637155853e-12;8.353140401595737e-12;-1.5138712505802232e-10;-2.1609025679936167e-12;-1.6086687537608669e-12;1.7215029401995707e-12;2.169230128856725e-11;143.37641158869252;110.0;101.58570445371339;110.0;101.48368276397832;38.556612697632374;14.238900364101141;13.774387672638909;57.7485673485225;19.00890768760928;5.989312156101789;5.2805244075585165;14.379319873899135;52.47214526222393;3.6694206575564294;8.9446732166179;4.0;0.8400000000000004;86559.8435454332;11757.138730542803;7.362322205194981;3.6694206575564294;deltaT_shex_1_K;shex;True;True;True;True;True;True;True;True;95.62068012610086;2668.608519794455;0.05780487846255744;86559.8435454332;0.0;0.0;135.0;4.0;143.37641158869252;4.0;110.0;4.0;101.58570445371339;4.0;110.0;4.0;101.48368276397832;4.0;30.0;4.0;38.556612697632374;4.0;95.62068012610086;2668.608519794455;0.007963183767050352;86559.8435454332;0.0;0.0;96.30518004615487;257.79079884070194;0.8978048784625579;11757.138730542803;0.5952914410555242;0.2337817666419854;157.61531195279366;358.05358670612054;0.8479631837670507;86559.8435454332;0.6302815620646882;0.26123915351726773;95.62068012610086;2668.608519794455;0.04984169469550709;86559.8435454332;0.0;0.0;112.97836585575834;257.79079884070194;0.8978048784625579;86559.8435454332;0.5952914410555242;0.2337817666419854;148.7743876726389;330.3286001226856;0.8978048784625579;86559.8435454332;0.5952914410555242;0.2337817666419854;145.10496701508248;336.14957059277316;0.8400000000000004;86559.8435454332;0.6362566189126851;0.2662349830372979;104.03369263914044;258.6200564695702;0.8400000000000004;86559.8435454332;0.6362566189126851;0.2662349830372979;104.01068784389821;258.57726382543586;0.8400000000000004;11757.138730542803;0.6362566189126851;0.2662349830372979;96.30518004615487;2680.188262013931;0.05780487846255744;11757.138730542803;0.0;0.0;49.00890768760928;205.1970829029269;0.05780487846255744;11757.138730542803;0.0;0.0;49.01153750175439;205.27276036514738;0.05780487846255744;86559.8435454332;0.0;0.0;"Zustand 3: Temperatur 421.924 K liegt außerhalb des Boryta-Prüfbereichs; Kristallisation wurde nicht bewertet.";"Zustand 4: Temperatur 418.255 K liegt außerhalb des Boryta-Prüfbereichs; Kristallisation wurde nicht bewertet.";"Zustand 5: Temperatur 377.184 K liegt außerhalb des Boryta-Prüfbereichs; Kristallisation wurde nicht bewertet.";"Zustand 6: Temperatur 377.161 K liegt außerhalb des Boryta-Prüfbereichs; Kristallisation wurde nicht bewertet.";"Zustand 20: Temperatur 430.765 K liegt außerhalb des Boryta-Prüfbereichs; Kristallisation wurde nicht bewertet.";5
parallel;Parallel (T13 = T15);parallel;110.0;110.0;30.0;110.0;4.0;4.0;4.0;110.0;0.8500000000000004;Abwärmetemperatur [°C];hot_temperature_C;110.0;10.0;10.0;25.0;15.0;11.0;nan;nan;1.0172343641438122e-20;`gtol` termination condition is satisfied.;4;2.1979797600171554e-09;1.4263480389749287e-10;1;True;;True;0;zulässig;feasible;True;True;True;95.61146818212012;112.97170536052056;145.05727034116114;49.021982063336736;0.1391082588223726;0.26104686517578;0.23392932534783628;0.26602997608003187;139.92863274225436;143.16496585627348;140.56881023922992;142.4840464924108;65.91556097725548;0.4943551333767994;14.694812985328642;33.368937364967394;0.004375317745792911;0.03636654955093885;13.992863274031823;14.316496585644343;5.622752409577485;9.498936432817482;5.992323725244603;96.35894230864022;0.0122771799718238;2680.2898740024134;257.8449515355065;227.73448766659578;0.011145758524574001;0.89669778129105;0.6028916516296791;0.2394978434460457;4.0968473058455857e-10;-4.3515058223420056e-10;7.819949132681359e-10;-1.409381500394602e-10;-2.0719426174764521e-10;-1.6993340068438556e-10;1.4858869690215215e-10;1.936143689817982e-09;4.096847305845586e-12;-4.351505822342005e-12;7.819949132681358e-12;-1.409381500394602e-10;-2.0719426174764523e-12;-1.6993340068438556e-12;1.4858869690215215e-12;1.936143689817982e-11;143.3689373649674;110.0;101.59277450722311;110.0;101.47822688442517;38.56249795791109;14.174946450566722;13.812346104597395;57.79644435072913;19.021982063336736;6.0304781353002;5.233832198582888;14.38853181787988;52.45361565784623;3.7550757634362526;8.979192628676856;4.0;0.8500000000000004;86530.61095138207;11764.822388641509;7.355029093760404;3.7550757634362526;deltaT_shex_1_K;shex;True;True;True;True;True;True;True;True;95.61146818212012;2668.593770197678;0.057843539815623624;86530.61095138207;0.0;0.0;135.0;4.0;143.3689373649674;4.0;110.0;4.0;101.59277450722311;4.0;110.0;4.0;101.47822688442517;4.0;30.0;4.0;38.56249795791109;4.0;95.61146818212012;2668.593770197678;0.008046514107873985;86530.61095138207;0.0;0.0;96.35894230864022;257.84495153550705;0.907843539815624;11764.822388641509;0.5954898423191114;0.23392932534783628;157.54388381553412;357.8349537209763;0.8580465141078744;86530.61095138207;0.6300493010897564;0.26104686517578;95.61146818212012;2668.593770197678;0.04979702570774964;86530.61095138207;0.0;0.0;112.97170536052056;257.84495153550705;0.907843539815624;86530.61095138207;0.5954898423191114;0.23392932534783628;148.8123461045974;330.4516927705027;0.907843539815624;86530.61095138207;0.5954898423191114;0.23392932534783628;145.05727034116114;335.9601849963975;0.8500000000000004;86530.61095138207;0.6360136545590936;0.26602997608003187;103.9925127318437;258.4124662001084;0.8500000000000004;86530.61095138207;0.6360136545590936;0.26602997608003187;103.9695218646998;258.3696820241661;0.8500000000000004;11764.822388641509;0.6360136545590936;0.26602997608003187;96.35894230864022;2680.2898740024134;0.057843539815623624;11764.822388641509;0.0;0.0;49.021982063336736;205.25175716841542;0.057843539815623624;11764.822388641509;0.0;0.0;49.02461122657894;205.3273977284458;0.057843539815623624;86530.61095138207;0.0;0.0;"Zustand 3: Temperatur 421.962 K liegt außerhalb des Boryta-Prüfbereichs; Kristallisation wurde nicht bewertet.";"Zustand 4: Temperatur 418.207 K liegt außerhalb des Boryta-Prüfbereichs; Kristallisation wurde nicht bewertet.";"Zustand 5: Temperatur 377.143 K liegt außerhalb des Boryta-Prüfbereichs; Kristallisation wurde nicht bewertet.";"Zustand 6: Temperatur 377.120 K liegt außerhalb des Boryta-Prüfbereichs; Kristallisation wurde nicht bewertet.";"Zustand 20: Temperatur 430.694 K liegt außerhalb des Boryta-Prüfbereichs; Kristallisation wurde nicht bewertet.";5
parallel;Parallel (T13 = T15);parallel;110.0;110.0;30.0;110.0;4.0;4.0;4.0;110.0;0.8600000000000004;Abwärmetemperatur [°C];hot_temperature_C;110.0;10.0;10.0;25.0;15.0;11.0;nan;nan;8.829849395825133e-21;`gtol` termination condition is satisfied.;4;2.0650265864477065e-09;1.3288979942663118e-10;1;True;;True;0;zulässig;feasible;True;True;True;95.60224766888302;112.96663507802253;145.008489378352;49.035054677869255;0.14047127998976272;0.2608575624234224;0.23407283049141825;0.2658288110082907;139.80094866865699;143.2633541528793;140.4477861638086;142.57535365656787;66.70274950317385;0.4939558961764861;14.857753092278989;33.36130075769478;0.0043761075867096;0.0367868939366148;13.980094866680794;14.326335415304392;5.617911446560311;9.505023577095267;6.063886318499059;96.41172310132737;0.012229073065940413;2680.3896138562272;257.9005808681845;227.90901644969887;0.011224848953910294;0.9066573890035179;0.603057514463984;0.2396240588035387;3.6352787446958246e-10;-3.1580782433593413e-10;7.142375579860527e-10;-1.3128209630508536e-10;-1.9917933968827128e-10;-1.646185410209e-10;1.3886847227695398e-10;1.849059572123224e-09;3.6352787446958246e-12;-3.158078243359341e-12;7.142375579860527e-12;-1.3128209630508536e-10;-1.9917933968827128e-12;-1.6461854102090002e-12;1.3886847227695398e-12;1.849059572123224e-11;143.36130075769478;110.0;101.60001278924591;110.0;101.47276592963112;38.568382425411414;14.112071482597514;13.848943660541693;57.843340675915954;19.035054677869255;6.070619671319264;5.188289687918541;14.397752331116976;52.43508274092744;3.8404542821896825;9.014277768484533;4.0;0.8600000000000004;86501.35937523947;11772.509319115748;7.347741847592499;3.8404542821896825;deltaT_shex_1_K;shex;True;True;True;True;True;True;True;True;95.60224766888302;2668.5790064428184;0.05788223795742775;86501.35937523947;0.0;0.0;135.0;4.0;143.36130075769478;4.0;110.0;4.0;101.60001278924591;4.0;110.0;4.0;101.47276592963112;4.0;30.0;4.0;38.568382425411414;4.0;95.60224766888302;2668.5790064428184;0.008130792054551906;86501.35937523947;0.0;0.0;96.41172310132737;257.90058086818397;0.9178822379574282;11772.509319115748;0.5956826800566396;0.23407283049141825;157.4733722402923;357.61938094326564;0.8681307920545523;86501.35937523947;0.6298204793774794;0.2608575624234224;95.60224766888302;2668.5790064428184;0.04975144590287585;86501.35937523947;0.0;0.0;112.96663507802253;257.90058086818397;0.9178822379574282;86501.35937523947;0.5956826800566396;0.23407283049141825;148.8489436605417;330.5708502609201;0.9178822379574282;86501.35937523947;0.5956826800566396;0.23407283049141825;145.008489378352;335.7706226168845;0.8600000000000004;86501.35937523947;0.6357750598637986;0.2658288110082907;103.952357309538;258.20928598570976;0.8600000000000004;86501.35937523947;0.6357750598637986;0.2658288110082907;103.92938032868074;258.16651052764394;0.8600000000000004;11772.509319115748;0.6357750598637986;0.2658288110082907;96.41172310132737;2680.3896138562272;0.05788223795742775;11772.509319115748;0.0;0.0;49.035054677869255;205.30642411762136;0.05788223795742775;11772.509319115748;0.0;0.0;49.03768318870368;205.3820277525383;0.05788223795742775;86501.35937523947;0.0;0.0;"Zustand 3: Temperatur 421.999 K liegt außerhalb des Boryta-Prüfbereichs; Kristallisation wurde nicht bewertet.";"Zustand 4: Temperatur 418.158 K liegt außerhalb des Boryta-Prüfbereichs; Kristallisation wurde nicht bewertet.";"Zustand 5: Temperatur 377.102 K liegt außerhalb des Boryta-Prüfbereichs; Kristallisation wurde nicht bewertet.";"Zustand 6: Temperatur 377.079 K liegt außerhalb des Boryta-Prüfbereichs; Kristallisation wurde nicht bewertet.";"Zustand 20: Temperatur 430.623 K liegt außerhalb des Boryta-Prüfbereichs; Kristallisation wurde nicht bewertet.";5
parallel;Parallel (T13 = T15);parallel;110.0;110.0;30.0;110.0;4.0;4.0;4.0;110.0;0.8700000000000004;Abwärmetemperatur [°C];hot_temperature_C;110.0;10.0;10.0;25.0;15.0;11.0;nan;nan;7.639078758710907e-21;`gtol` termination condition is satisfied.;4;1.7894234609883432e-09;1.2360484423121052e-10;1;True;;True;0;zulässig;feasible;True;True;True;95.59301376413185;112.96310069663696;144.9586762536548;49.048132507914886;0.14184855165838586;0.26067115979672967;0.23421241087512473;0.26563136575657925;139.6706379784589;143.3617817029478;140.32404251014242;142.66679343168937;67.48635745979746;0.4935518053565803;15.020460678413341;33.35350705612791;0.004376896431102532;0.037206843518654366;13.967063797691688;14.336178170311332;5.612961700412854;9.51111956210423;6.135123405469552;96.46356134645674;0.012182994286554758;2680.487555289405;257.9576224308773;228.07995464390976;0.011304856157868581;0.9166161369878562;0.6032191522449012;0.2397471202283461;3.7474023883987684e-10;-3.6762060062756063e-10;6.770619620510843e-10;-1.22308829730855e-10;-1.7894308257382363e-10;-1.6549961401324254e-10;1.2590817277668975e-10;1.5420198451465694e-09;3.747402388398768e-12;-3.676206006275606e-12;6.770619620510843e-12;-1.22308829730855e-10;-1.7894308257382363e-12;-1.6549961401324253e-12;1.2590817277668974e-12;1.5420198451465693e-11;143.3535070561279;110.0;101.60741372546994;110.0;101.46729704355926;38.57426924060695;14.050238193051712;13.884218301565397;57.88929210584979;19.048132507914886;6.109760451564682;5.143852379013197;14.406986235868146;52.416536679093326;3.9255420479105965;9.049898019390128;4.0;0.8700000000000004;86472.0735462213;11780.20362807913;7.340456606378829;3.9255420479105965;deltaT_shex_1_K;shex;True;True;True;True;True;True;True;True;95.59301376413185;2668.564220807039;0.0579209931457243;86472.0735462213;0.0;0.0;135.0;4.0;143.3535070561279;4.0;110.0;4.0;101.60741372546994;4.0;110.0;4.0;101.46729704355926;4.0;30.0;4.0;38.57426924060695;4.0;95.59301376413185;2668.564220807039;0.008216008988336286;86472.0735462213;0.0;0.0;96.46356134645674;257.95762243087626;0.9279209931457247;11780.20362807913;0.5958701367595611;0.23421241087512473;157.40374524917962;357.4067690664588;0.8782160089883367;86472.0735462213;0.6295950011740936;0.26067115979672967;95.59301376413185;2668.564220807039;0.04970498415738801;86472.0735462213;0.0;0.0;112.96310069663696;257.95762243087626;0.9279209931457247;86472.0735462213;0.5958701367595611;0.23421241087512473;148.8842183015654;330.6861822525626;0.9279209931457247;86472.0735462213;0.5958701367595611;0.23421241087512473;144.9586762536548;335.5809180362474;0.8700000000000004;86472.0735462213;0.6355407001009317;0.26563136575657925;103.91320267724683;258.010392220819;0.8700000000000004;86472.0735462213;0.6355407001009317;0.26563136575657925;103.89023954843532;257.967625734016;0.8700000000000004;11780.20362807913;0.6355407001009317;0.26563136575657925;96.46356134645674;2680.487555289405;0.0579209931457243;11780.20362807913;0.0;0.0;49.048132507914886;205.3611129257231;0.0579209931457243;11780.20362807913;0.0;0.0;49.05076036446593;205.43667959323673;0.0579209931457243;86472.0735462213;0.0;0.0;"Zustand 3: Temperatur 422.034 K liegt außerhalb des Boryta-Prüfbereichs; Kristallisation wurde nicht bewertet.";"Zustand 4: Temperatur 418.109 K liegt außerhalb des Boryta-Prüfbereichs; Kristallisation wurde nicht bewertet.";"Zustand 5: Temperatur 377.063 K liegt außerhalb des Boryta-Prüfbereichs; Kristallisation wurde nicht bewertet.";"Zustand 6: Temperatur 377.040 K liegt außerhalb des Boryta-Prüfbereichs; Kristallisation wurde nicht bewertet.";"Zustand 20: Temperatur 430.554 K liegt außerhalb des Boryta-Prüfbereichs; Kristallisation wurde nicht bewertet.";5
parallel;Parallel (T13 = T15);parallel;110.0;110.0;30.0;110.0;4.0;4.0;4.0;110.0;0.8800000000000004;Abwärmetemperatur [°C];hot_temperature_C;110.0;10.0;10.0;25.0;15.0;11.0;nan;nan;6.638863158025458e-21;`gtol` termination condition is satisfied.;4;1.6668218881494402e-09;1.1522901681456332e-10;1;True;;True;0;zulässig;feasible;True;True;True;95.5837619945541;112.96104989825898;144.90788049387726;49.06122203975792;0.14323984629744152;0.260487574871565;0.2343481899295104;0.26543752304947793;139.53778457970856;143.46029732413723;140.19766771643265;142.75841011524776;68.26638547019415;0.493142913377228;15.182930805452015;33.345561278690695;0.004377684646320185;0.03762638788262188;13.95377845782681;14.346029732431463;5.607906708663812;9.51722734100979;6.20603504277622;96.51449407531209;0.012138868580449899;2680.583768446635;258.0160144630906;228.24742588568202;0.011385771039446047;0.9265740531391644;0.6033766974848903;0.23986712398823562;3.6355629617901286e-10;-3.4427216633048374e-10;6.095319804444443e-10;-1.140227912088676e-10;-1.6265744307020213e-10;-1.7740831026458181e-10;1.0092549018736463e-10;1.440469077351736e-09;3.6355629617901288e-12;-3.4427216633048373e-12;6.095319804444444e-12;-1.140227912088676e-10;-1.6265744307020213e-12;-1.7740831026458182e-12;1.0092549018736462e-12;1.4404690773517359e-11;143.3455612786907;110.0;101.61497202652913;110.0;101.46181757683922;38.58016132321393;13.989410925244044;13.918206548214073;57.93433275209816;19.061222039757922;6.147923527060414;5.100477951217044;14.416238005445905;52.39796833699967;4.010326054336815;9.086024121382763;4.0;0.8800000000000004;86442.73931700761;11787.909142072192;7.3331697992551605;4.010326054336815;deltaT_shex_1_K;shex;True;True;True;True;True;True;True;True;95.5837619945541;2668.549406125354;0.05795982417861001;86442.73931700761;0.0;0.0;135.0;4.0;143.3455612786907;4.0;110.0;4.0;101.61497202652913;4.0;110.0;4.0;101.46181757683922;4.0;30.0;4.0;38.58016132321393;4.0;95.5837619945541;2668.549406125354;0.008302156306770832;86442.73931700761;0.0;0.0;96.51449407531209;258.0160144630902;0.9379598241786105;11787.909142072192;0.5960523870496154;0.2343481899295104;157.33497220393474;357.19702271195973;0.8883021563067712;86442.73931700761;0.6293727740082707;0.260487574871565;95.5837619945541;2668.549406125354;0.04965766787183917;86442.73931700761;0.0;0.0;112.96104989825898;258.0160144630902;0.9379598241786105;86442.73931700761;0.5960523870496154;0.2343481899295104;148.91820654821407;330.79779435433056;0.9379598241786105;86442.73931700761;0.5960523870496154;0.2343481899295104;144.90788049387726;335.3911036591009;0.8800000000000004;86442.73931700761;0.6353104456344296;0.26543752304947793;103.87502577687621;257.81566562520254;0.8800000000000004;86442.73931700761;0.6353104456344296;0.26543752304947793;103.85207647293959;257.772908366245;0.8800000000000004;11787.909142072192;0.6353104456344296;0.26543752304947793;96.51449407531209;2680.583768446635;0.05795982417861001;11787.909142072192;0.0;0.0;49.06122203975792;205.41585071714954;0.05795982417861001;11787.909142072192;0.0;0.0;49.063849239839556;205.49138035700543;0.05795982417861001;86442.73931700761;0.0;0.0;"Zustand 3: Temperatur 422.068 K liegt außerhalb des Boryta-Prüfbereichs; Kristallisation wurde nicht bewertet.";"Zustand 4: Temperatur 418.058 K liegt außerhalb des Boryta-Prüfbereichs; Kristallisation wurde nicht bewertet.";"Zustand 5: Temperatur 377.025 K liegt außerhalb des Boryta-Prüfbereichs; Kristallisation wurde nicht bewertet.";"Zustand 6: Temperatur 377.002 K liegt außerhalb des Boryta-Prüfbereichs; Kristallisation wurde nicht bewertet.";"Zustand 20: Temperatur 430.485 K liegt außerhalb des Boryta-Prüfbereichs; Kristallisation wurde nicht bewertet.";5
parallel;Parallel (T13 = T15);parallel;110.0;110.0;30.0;110.0;4.0;4.0;4.0;110.0;0.8900000000000005;Abwärmetemperatur [°C];hot_temperature_C;110.0;10.0;10.0;25.0;15.0;11.0;nan;nan;5.761643186987042e-21;`gtol` termination condition is satisfied.;4;1.47706108975767e-09;1.0734657131913475e-10;1;True;;True;0;zulässig;feasible;True;True;True;95.57448821137405;112.9604322787464;144.85614917353217;49.07432930317162;0.1446449388822907;0.26030672813965794;0.23448028598576365;0.26524717018124483;139.40246813988364;143.5589463982862;140.06874575807458;142.85024479097467;69.04283471448234;0.49272927161711916;15.34515869861115;33.33746819018444;0.004378472567253667;0.038045516899054936;13.940246813863633;14.355894639846808;5.602749830329158;9.523349652725708;6.276621337709114;96.56455653728915;0.012096624152067439;2680.678320108646;258.0756977325704;228.4115482730717;0.011467584557192767;0.936531163939332;0.6035302770177361;0.2399841623277713;3.4576430607557995e-10;-3.17911030833784e-10;5.737206265621353e-10;-1.0633083302735713e-10;-1.5435830391652416e-10;-1.8187051864515524e-10;8.904521564545576e-11;1.2473151400627103e-09;3.4576430607557996e-12;-3.1791103083378404e-12;5.737206265621353e-12;-1.0633083302735713e-10;-1.5435830391652417e-12;-1.8187051864515525e-12;8.904521564545575e-13;1.2473151400627103e-11;143.33746819018444;110.0;101.6226826699716;110.0;101.45632507231011;38.586061387457335;13.929555549474628;13.950943547386942;57.978495149831815;19.074329303171623;6.185131326214332;5.058126132682446;14.425511788625954;52.37936922797945;4.094794373854768;9.122628105331387;4.0;0.8900000000000005;86413.3435848863;11795.629427257356;7.325878124418035;4.094794373854768;deltaT_shex_1_K;shex;True;True;True;True;True;True;True;True;95.57448821137405;2668.5345557516184;0.05799874849652431;86413.3435848863;0.0;0.0;135.0;4.0;143.33746819018444;4.0;110.0;4.0;101.6226826699716;4.0;110.0;4.0;101.45632507231011;4.0;30.0;4.0;38.586061387457335;4.0;95.57448821137405;2668.5345557516184;0.00838922543152911;86413.3435848863;0.0;0.0;96.56455653728915;258.07569773256944;0.9479987484965248;11795.629427257356;0.5962295980922594;0.23448028598576365;157.26702373965907;356.9900502471933;0.8983892254315295;86413.3435848863;0.6291537085642143;0.26030672813965794;95.57448821137405;2668.5345557516184;0.0496095230649952;86413.3435848863;0.0;0.0;112.9604322787464;258.07569773256944;0.9479987484965248;86413.3435848863;0.5962295980922594;0.23448028598576365;148.95094354738694;330.9057883038709;0.9479987484965248;86413.3435848863;0.5962295980922594;0.23448028598576365;144.85614917353217;335.2012098526817;0.8900000000000005;86413.3435848863;0.6350841716944355;0.26524717018124483;103.83780417341501;257.624991072753;0.8900000000000005;86413.3435848863;0.6350841716944355;0.26524717018124483;103.81486867378567;257.5822433009563;0.8900000000000005;11795.629427257356;0.6350841716944355;0.26524717018124483;96.56455653728915;2680.678320108646;0.05799874849652431;11795.629427257356;0.0;0.0;49.07432930317162;205.47066270739612;0.05799874849652431;11795.629427257356;0.0;0.0;49.076955844330655;205.54615524267928;0.05799874849652431;86413.3435848863;0.0;0.0;"Zustand 3: Temperatur 422.101 K liegt außerhalb des Boryta-Prüfbereichs; Kristallisation wurde nicht bewertet.";"Zustand 4: Temperatur 418.006 K liegt außerhalb des Boryta-Prüfbereichs; Kristallisation wurde nicht bewertet.";"Zustand 5: Temperatur 376.988 K liegt außerhalb des Boryta-Prüfbereichs; Kristallisation wurde nicht bewertet.";"Zustand 6: Temperatur 376.965 K liegt außerhalb des Boryta-Prüfbereichs; Kristallisation wurde nicht bewertet.";"Zustand 20: Temperatur 430.417 K liegt außerhalb des Boryta-Prüfbereichs; Kristallisation wurde nicht bewertet.";5
parallel;Parallel (T13 = T15);parallel;110.0;110.0;30.0;110.0;4.0;4.0;4.0;110.0;0.9000000000000005;Abwärmetemperatur [°C];hot_temperature_C;110.0;10.0;10.0;25.0;15.0;11.0;nan;nan;5.099288100653123e-21;`gtol` termination condition is satisfied.;4;1.3962662609109757e-09;1.0098800028372799e-10;1;True;;True;0;zulässig;feasible;True;True;True;95.56518856773909;112.96119927107702;144.8035270536269;49.08745990284848;0.1460636068904981;0.26012854289108645;0.23460881253164703;0.2650601988062977;139.26476435424377;143.6577711079495;139.9373564285615;142.94233555275855;69.81570688607196;0.49231093041291957;15.507139740601549;33.32923231783752;0.0043792604986770504;0.038464220712149264;13.926476435306432;14.365777110811573;5.597494257147853;9.529489036844517;6.346882444214586;96.61378230161102;0.012056192296554333;2680.771273883751;258.13661542084714;228.57243466584876;0.011550287730492825;0.9464874945462467;0.6036800122979983;0.24009832367521763;3.375646429049084e-10;-2.884803507186007e-10;5.451852302940097e-10;-1.000231009129493e-10;-1.3486101124726702e-10;-1.6623857845843304e-10;9.08073616301408e-11;1.1794440979429055e-09;3.375646429049084e-12;-2.8848035071860068e-12;5.4518523029400965e-12;-1.000231009129493e-10;-1.3486101124726702e-12;-1.6623857845843305e-12;9.08073616301408e-13;1.1794440979429056e-11;143.32923231783752;110.0;101.63054088345922;110.0;101.45081725162925;38.591971956217094;13.870639384638594;13.982463135430976;58.02181034539393;19.08745990284848;6.221405669020896;5.016758581848194;14.434811432260915;52.360731469276175;4.178936081804068;9.159683230375833;4.0;0.9000000000000005;86383.87421872468;11803.367807224582;7.318578530260746;4.178936081804068;deltaT_shex_1_K;shex;True;True;True;True;True;True;True;True;95.56518856773909;2668.519663522387;0.05803778227673906;86383.87421872468;0.0;0.0;135.0;4.0;143.32923231783752;4.0;110.0;4.0;101.63054088345922;4.0;110.0;4.0;101.45081725162925;4.0;30.0;4.0;38.591971956217094;4.0;95.56518856773909;2668.519663522387;0.008477207815265932;86383.87421872468;0.0;0.0;96.61378230161102;258.13661542084645;0.9580377822767395;11803.367807224582;0.5964019299841473;0.23460881253164703;157.19987170247612;356.7857636137699;0.9084772078152664;86383.87421872468;0.6289377185605617;0.26012854289108645;95.56518856773909;2668.519663522387;0.04956057446147313;86383.87421872468;0.0;0.0;112.96119927107702;258.13661542084645;0.9580377822767395;86383.87421872468;0.5964019299841473;0.23460881253164703;148.98246313543098;331.0102621366969;0.9580377822767395;86383.87421872468;0.5964019299841473;0.23460881253164703;144.8035270536269;335.01126507757516;0.9000000000000005;86383.87421872468;0.6348617581639773;0.2650601988062977;103.80151604070119;257.4382574267592;0.9000000000000005;86383.87421872468;0.6348617581639773;0.2650601988062977;103.7785943309791;257.3955194037457;0.9000000000000005;11803.367807224582;0.6348617581639773;0.2650601988062977;96.61378230161102;2680.771273883751;0.05803778227673906;11803.367807224582;0.0;0.0;49.08745990284848;205.52557233450239;0.05803778227673906;11803.367807224582;0.0;0.0;49.09008578235307;205.6010276728507;0.05803778227673906;86383.87421872468;0.0;0.0;"Zustand 3: Temperatur 422.132 K liegt außerhalb des Boryta-Prüfbereichs; Kristallisation wurde nicht bewertet.";"Zustand 4: Temperatur 417.954 K liegt außerhalb des Boryta-Prüfbereichs; Kristallisation wurde nicht bewertet.";"Zustand 5: Temperatur 376.952 K liegt außerhalb des Boryta-Prüfbereichs; Kristallisation wurde nicht bewertet.";"Zustand 6: Temperatur 376.929 K liegt außerhalb des Boryta-Prüfbereichs; Kristallisation wurde nicht bewertet.";"Zustand 20: Temperatur 430.350 K liegt außerhalb des Boryta-Prüfbereichs; Kristallisation wurde nicht bewertet.";5
parallel;Parallel (T13 = T15);parallel;110.0;110.0;30.0;110.0;4.0;4.0;4.0;110.0;0.9100000000000005;Abwärmetemperatur [°C];hot_temperature_C;110.0;10.0;10.0;25.0;15.0;11.0;nan;nan;4.5140932807210064e-21;`gtol` termination condition is satisfied.;4;1.2642348649730523e-09;9.501676989585582e-11;1;True;;True;0;zulässig;feasible;True;True;True;95.55585949795432;112.96330407142386;144.75005671239427;49.10061904729605;0.14749563027652107;0.2599529451001424;0.2347338784535929;0.2648765047414374;139.12474519388638;143.7568106538376;139.80357559933262;143.03471771026895;70.58500415248999;0.49188793909740186;15.668869466091492;33.320857966141546;0.004380048717391787;0.038882489729247675;13.912474519284391;14.375681065401064;5.592143023979574;9.535647847346722;6.4168185593425076;96.6622033524265;0.012017507242404104;2680.862690386981;258.1987130145225;228.73019296744883;0.01163387164390517;0.9564430688762332;0.6038260196832826;0.24020969283800528;3.242206503273337e-10;-2.7759483600675594e-10;5.111928658152465e-10;-9.417666646527323e-11;-1.567457275086781e-10;-1.7305978872173e-10;6.81268375046784e-11;1.0424798801977886e-09;3.2422065032733372e-12;-2.7759483600675595e-12;5.111928658152465e-12;-9.417666646527323e-11;-1.567457275086781e-12;-1.7305978872173e-12;6.81268375046784e-13;1.0424798801977886e-11;143.32085796614155;110.0;101.6385421292265;110.0;101.44529200297433;38.59789537403333;13.812631124231814;14.01279789843585;58.064307978393174;19.10061904729605;6.25676778147897;4.976338776799992;14.444140502045684;52.342047740851456;4.2627411860415805;9.197163924448262;4.0;0.9100000000000005;86354.3199919236;11811.127379369347;7.311268198051936;4.2627411860415805;deltaT_shex_1_K;shex;True;True;True;True;True;True;True;True;95.55585949795432;2668.504723723734;0.0580769405201379;86354.3199919236;0.0;0.0;135.0;4.0;143.32085796614155;4.0;110.0;4.0;101.6385421292265;4.0;110.0;4.0;101.44529200297433;4.0;30.0;4.0;38.59789537403333;4.0;95.55585949795432;2668.504723723734;0.008566094946549765;86354.3199919236;0.0;0.0;96.6622033524265;258.19871301452207;0.9680769405201384;11811.127379369347;0.5965695361185868;0.2347338784535929;157.13348909037336;356.584078163242;0.9185660949465503;86354.3199919236;0.6287247206320864;0.2599529451001424;95.55585949795432;2668.504723723734;0.04951084557358813;86354.3199919236;0.0;0.0;112.96330407142386;258.19871301452207;0.9680769405201384;86354.3199919236;0.5965695361185868;0.2347338784535929;149.01279789843585;331.111310348537;0.9680769405201384;86354.3199919236;0.5965695361185868;0.2347338784535929;144.75005671239427;334.8212960113205;0.9100000000000005;86354.3199919236;0.6346430893771422;0.2648765047414374;103.7661401469756;257.25535738256696;0.9100000000000005;86354.3199919236;0.6346430893771422;0.2648765047414374;103.74323221852103;257.2126293718755;0.9100000000000005;11811.127379369347;0.6346430893771422;0.2648765047414374;96.6622033524265;2680.862690386981;0.0580769405201379;11811.127379369347;0.0;0.0;49.10061904729605;205.5806013797163;0.0580769405201379;11811.127379369347;0.0;0.0;49.10324426212287;205.6560194144503;0.0580769405201379;86354.3199919236;0.0;0.0;"Zustand 3: Temperatur 422.163 K liegt außerhalb des Boryta-Prüfbereichs; Kristallisation wurde nicht bewertet.";"Zustand 4: Temperatur 417.900 K liegt außerhalb des Boryta-Prüfbereichs; Kristallisation wurde nicht bewertet.";"Zustand 5: Temperatur 376.916 K liegt außerhalb des Boryta-Prüfbereichs; Kristallisation wurde nicht bewertet.";"Zustand 6: Temperatur 376.893 K liegt außerhalb des Boryta-Prüfbereichs; Kristallisation wurde nicht bewertet.";"Zustand 20: Temperatur 430.283 K liegt außerhalb des Boryta-Prüfbereichs; Kristallisation wurde nicht bewertet.";5
parallel;Parallel (T13 = T15);parallel;110.0;110.0;30.0;110.0;4.0;4.0;4.0;110.0;0.9200000000000005;Abwärmetemperatur [°C];hot_temperature_C;110.0;10.0;10.0;25.0;15.0;11.0;nan;nan;4.0072748088351964e-21;`gtol` termination condition is satisfied.;4;1.1787739818982095e-09;8.952401698801497e-11;1;True;;True;0;zulässig;feasible;True;True;True;95.54649769813733;112.96670156781596;144.69577866751717;49.11381157575727;0.14894079146615766;0.2597798633189507;0.2348555882636343;0.26469598777715453;138.98247913808768;143.85610145752375;139.66747546323765;143.12742398060166;71.35072911928812;0.4914603460367164;15.830343556287776;33.31234923074686;0.004380837474219514;0.0393003146106467;13.898247913712028;14.385610145769236;5.586699018534992;9.541828265368745;6.486429919959195;96.70985017752491;0.011980506003150346;2680.9526274072014;258.2619382004581;228.88492638826972;0.011718327450740085;0.9663979096813711;0.6039684106975707;0.24031835118527442;3.128377557004569e-10;-2.630287099236739e-10;4.759499461215455e-10;-8.874900814248576e-11;-1.3713474800169934e-10;-1.6862600205058698e-10;7.048583938740194e-11;9.673897238826612e-10;3.128377557004569e-12;-2.630287099236739e-12;4.759499461215455e-12;-8.874900814248576e-11;-1.3713474800169934e-12;-1.6862600205058697e-12;7.048583938740194e-13;9.673897238826612e-12;143.31234923074686;110.0;101.64668208951929;110.0;101.43974736958126;38.60383381922986;13.755500767352487;14.041979228822413;58.10601635829505;19.113811575757268;6.291238310266465;4.936831911994375;14.45350230186267;52.32331124687954;4.346200561305238;9.235045727636304;4.0;0.9200000000000005;86324.67051998399;11818.911030165247;7.3039445258246465;4.346200561305238;deltaT_shex_1_K;shex;True;True;True;True;True;True;True;True;95.54649769813733;2668.489731060327;0.05811623713211067;86324.67051998399;0.0;0.0;135.0;4.0;143.31234923074686;4.0;110.0;4.0;101.64668208951929;4.0;110.0;4.0;101.43974736958126;4.0;30.0;4.0;38.60383381922986;4.0;95.54649769813733;2668.489731060327;0.008655878355491463;86324.67051998399;0.0;0.0;96.70985017752491;258.2619382004576;0.9781162371321112;11818.911030165247;0.5967325635274953;0.2348555882636343;157.06784999809935;356.38491250395924;0.9286558783554919;86324.67051998399;0.6285146342195761;0.2597798633189507;95.54649769813733;2668.489731060327;0.04946035877661921;86324.67051998399;0.0;0.0;112.96670156781596;258.2619382004576;0.9781162371321112;86324.67051998399;0.5967325635274953;0.2348555882636343;149.0419792288224;331.2090240483444;0.9781162371321112;86324.67051998399;0.5967325635274953;0.2348555882636343;144.69577866751717;334.6313276625531;0.9200000000000005;86324.67051998399;0.6344280539257737;0.26469598777715453;103.73165584017966;257.07618731584085;0.9200000000000005;86324.67051998399;0.6344280539257737;0.26469598777715453;103.70876168973354;257.0334695825684;0.9200000000000005;11818.911030165247;0.6344280539257737;0.26469598777715453;96.70985017752491;2680.9526274072014;0.05811623713211067;11818.911030165247;0.0;0.0;49.11381157575727;205.6357700802556;0.05811623713211067;11818.911030165247;0.0;0.0;49.116436122701714;205.7111506914308;0.05811623713211067;86324.67051998399;0.0;0.0;"Zustand 3: Temperatur 422.192 K liegt außerhalb des Boryta-Prüfbereichs; Kristallisation wurde nicht bewertet.";"Zustand 4: Temperatur 417.846 K liegt außerhalb des Boryta-Prüfbereichs; Kristallisation wurde nicht bewertet.";"Zustand 5: Temperatur 376.882 K liegt außerhalb des Boryta-Prüfbereichs; Kristallisation wurde nicht bewertet.";"Zustand 6: Temperatur 376.859 K liegt außerhalb des Boryta-Prüfbereichs; Kristallisation wurde nicht bewertet.";"Zustand 20: Temperatur 430.218 K liegt außerhalb des Boryta-Prüfbereichs; Kristallisation wurde nicht bewertet.";5
parallel;Parallel (T13 = T15);parallel;110.0;110.0;30.0;110.0;4.0;4.0;4.0;110.0;0.9300000000000005;Abwärmetemperatur [°C];hot_temperature_C;110.0;10.0;10.0;25.0;15.0;11.0;nan;nan;3.568075241626654e-21;`gtol` termination condition is satisfied.;4;1.1344602005878815e-09;8.447573902164638e-11;1;True;;True;0;zulässig;feasible;True;True;True;95.53710010841922;112.97134827166951;144.6407314912732;49.12704198300304;0.1503988753296194;0.2596092285739667;0.23497404231417018;0.26451855149930653;138.83803138931336;143.95567734794614;139.52912475986003;143.22048466442826;72.11288479760668;0.4910281986666721;15.99155783393221;33.30371001132255;0.004381626995825938;0.03971768626009576;13.883803138836017;14.395567734811825;5.581164990399654;9.548032310957765;6.555716799800991;96.75675185138527;0.011945128237523002;2681.0411400635917;258.32624076635483;229.03673369329013;0.011803646375925458;0.9763520386209832;0.6041072922796502;0.24042437682044612;2.8468605250964174e-10;-2.04224193112168e-10;4.4497028284240514e-10;-8.371470183732299e-11;-1.3133671927789692e-10;-1.7212187231052667e-10;6.176037459226791e-11;9.531788691674592e-10;2.8468605250964176e-12;-2.04224193112168e-12;4.4497028284240515e-12;-8.371470183732299e-11;-1.3133671927789692e-12;-1.7212187231052668e-12;6.176037459226791e-13;9.531788691674592e-12;143.30371001132255;110.0;101.6549566531184;110.0;101.43418153920885;38.609789315068554;13.699219553411524;14.070037379390556;58.14696253631672;19.12704198300304;6.324837337461645;4.898204801733129;14.462899891580776;52.30451568059084;4.429305888117369;9.273305238460125;4.0;0.9300000000000005;86294.91620307353;11826.721449235534;7.296605113554233;4.429305888117369;deltaT_shex_1_K;shex;True;True;True;True;True;True;True;True;95.53710010841922;2668.474680626979;0.05815568499690815;86294.91620307353;0.0;0.0;135.0;4.0;143.30371001132255;4.0;110.0;4.0;101.6549566531184;4.0;110.0;4.0;101.43418153920885;4.0;30.0;4.0;38.609789315068554;4.0;95.53710010841922;2668.474680626979;0.008746549617558606;86294.91620307353;0.0;0.0;96.75675185138527;258.3262407663549;0.9881556849969086;11826.721449235534;0.596891153204147;0.23497404231417018;157.00292956473407;356.18818835433785;0.9387465496175591;86294.91620307353;0.628307381462061;0.2596092285739667;95.53710010841922;2668.474680626979;0.049409135379349545;86294.91620307353;0.0;0.0;112.97134827166951;258.3262407663549;0.9881556849969086;86294.91620307353;0.596891153204147;0.23497404231417018;149.07003737939056;331.3034911050323;0.9881556849969086;86294.91620307353;0.596891153204147;0.23497404231417018;144.6407314912732;334.44138347882364;0.9300000000000005;86294.91620307353;0.6342165444763852;0.26451855149930653;103.69804303320939;256.9006471376172;0.9300000000000005;86294.91620307353;0.6342165444763852;0.26451855149930653;103.67516266253836;256.85793994809023;0.9300000000000005;11826.721449235534;0.6342165444763852;0.26451855149930653;96.75675185138527;2681.0411400635917;0.05815568499690815;11826.721449235534;0.0;0.0;49.12704198300304;205.69109723287727;0.05815568499690815;11826.721449235534;0.0;0.0;49.12966585861801;205.76644028826487;0.05815568499690815;86294.91620307353;0.0;0.0;"Zustand 3: Temperatur 422.220 K liegt außerhalb des Boryta-Prüfbereichs; Kristallisation wurde nicht bewertet.";"Zustand 4: Temperatur 417.791 K liegt außerhalb des Boryta-Prüfbereichs; Kristallisation wurde nicht bewertet.";"Zustand 5: Temperatur 376.848 K liegt außerhalb des Boryta-Prüfbereichs; Kristallisation wurde nicht bewertet.";"Zustand 6: Temperatur 376.825 K liegt außerhalb des Boryta-Prüfbereichs; Kristallisation wurde nicht bewertet.";"Zustand 20: Temperatur 430.153 K liegt außerhalb des Boryta-Prüfbereichs; Kristallisation wurde nicht bewertet.";5
parallel;Parallel (T13 = T15);parallel;110.0;110.0;30.0;110.0;4.0;4.0;4.0;110.0;0.9400000000000005;Abwärmetemperatur [°C];hot_temperature_C;110.0;10.0;10.0;25.0;15.0;11.0;nan;nan;3.1762131138676596e-21;`gtol` termination condition is satisfied.;4;1.030125889390716e-09;7.970210930543381e-11;1;True;;True;0;zulässig;feasible;True;True;True;95.52766389644802;112.9772022519723;144.58495191853495;49.14031444232893;0.15186966915585542;0.25944097426742935;0.2350893370003203;0.2643441031197175;138.6914640737213;144.05556973455137;139.38858898582276;143.3139278094424;72.87147457463026;0.49059154352758194;16.15250825851423;33.29494402354794;0.004382417486412129;0.04013459581575754;13.869146407289328;14.405556973472013;5.5755435594378335;9.55426185395883;6.624679506805745;96.80293611285157;0.011911316117558619;2681.1282809520135;258.39157250572504;229.1857094342777;0.011889819718271522;0.986305476328367;0.604242767016303;0.24052784474344674;2.9470470508385915e-10;-2.3294433049159124e-10;4.253593033354264e-10;-7.903755427918213e-11;-1.2306600183364935e-10;-1.68768110597739e-10;5.994138518872205e-11;8.280380825453904e-10;2.9470470508385915e-12;-2.3294433049159123e-12;4.253593033354264e-12;-7.903755427918213e-11;-1.2306600183364934e-12;-1.68768110597739e-12;5.994138518872205e-13;8.280380825453903e-12;143.29494402354794;110.0;101.66336190276178;110.0;101.42859283436349;38.61576374010474;13.64375990075115;14.09700151448925;58.18717237274683;19.14031444232893;6.357584395287347;4.8604257899102095;14.472336103551982;52.285655191393516;4.512049595954295;9.31192006282322;4.0;0.9400000000000005;86265.04817281061;11834.561142413584;7.289247749428366;4.512049595954295;deltaT_shex_1_K;shex;True;True;True;True;True;True;True;True;95.52766389644802;2668.4595678822884;0.05819529604663798;86265.04817281061;0.0;0.0;135.0;4.0;143.29494402354794;4.0;110.0;4.0;101.66336190276178;4.0;110.0;4.0;101.42859283436349;4.0;30.0;4.0;38.61576374010474;4.0;95.52766389644802;2668.4595678822884;0.008838100357029971;86265.04817281061;0.0;0.0;96.80293611285157;258.39157250572555;0.9981952960466385;11834.561142413584;0.5970454404066234;0.2350893370003203;156.9387039242991;355.993830404114;0.9488381003570304;86265.04817281061;0.6281028870939847;0.25944097426742935;95.52766389644802;2668.4595678822884;0.04935719568960801;86265.04817281061;0.0;0.0;112.9772022519723;258.39157250572555;0.9981952960466385;86265.04817281061;0.5970454404066234;0.2350893370003203;149.09700151448925;331.39479628692186;0.9981952960466385;86265.04817281061;0.5970454404066234;0.2350893370003203;144.58495191853495;334.2514854470927;0.9400000000000005;86265.04817281061;0.6340084575957285;0.2643441031197175;103.66528218914908;256.7286401552464;0.9400000000000005;86265.04817281061;0.6340084575957285;0.2643441031197175;103.64241560471265;256.685943776719;0.9400000000000005;11834.561142413584;0.6340084575957285;0.2643441031197175;96.80293611285157;2681.1282809520135;0.05819529604663798;11834.561142413584;0.0;0.0;49.14031444232893;205.74660028997917;0.05819529604663798;11834.561142413584;0.0;0.0;49.14293764296997;205.8219056459808;0.05819529604663798;86265.04817281061;0.0;0.0;"Zustand 3: Temperatur 422.247 K liegt außerhalb des Boryta-Prüfbereichs; Kristallisation wurde nicht bewertet.";"Zustand 4: Temperatur 417.735 K liegt außerhalb des Boryta-Prüfbereichs; Kristallisation wurde nicht bewertet.";"Zustand 5: Temperatur 376.815 K liegt außerhalb des Boryta-Prüfbereichs; Kristallisation wurde nicht bewertet.";"Zustand 6: Temperatur 376.792 K liegt außerhalb des Boryta-Prüfbereichs; Kristallisation wurde nicht bewertet.";"Zustand 20: Temperatur 430.089 K liegt außerhalb des Boryta-Prüfbereichs; Kristallisation wurde nicht bewertet.";5
parallel;Parallel (T13 = T15);parallel;110.0;110.0;30.0;110.0;4.0;4.0;4.0;110.0;0.9500000000000005;Abwärmetemperatur [°C];hot_temperature_C;110.0;10.0;10.0;25.0;15.0;11.0;nan;nan;2.835742004881511e-21;`gtol` termination condition is satisfied.;4;9.561260728006761e-10;7.530925580407114e-11;1;True;;True;0;zulässig;feasible;True;True;True;95.51818644209771;112.98422307213201;144.52847494828893;49.15363282688003;0.15335296262306305;0.2592750360831303;0.23520156495079972;0.2641725533152811;138.5428364281167;144.15580776774397;139.24593059065432;143.4077793617198;73.62650218660112;0.49015042629888184;16.313190921730165;33.28605481029405;0.004383209129274503;0.04055103464162005;13.854283642736116;14.415580776791762;5.5698372236312315;9.560518624111987;6.693318380619942;96.84842943784787;0.011879014204200093;2681.2141002820586;258.45788712730155;229.33194416779543;0.01197683885223455;0.9962582424729371;0.6043749333614993;0.24062882700342875;2.843876245606225e-10;-2.1825030671607237e-10;4.0188297134591267e-10;-7.470357665795291e-11;-1.2644818525586743e-10;-1.7365664461976849e-10;3.998934516857844e-11;7.555343017884297e-10;2.843876245606225e-12;-2.182503067160724e-12;4.018829713459127e-12;-7.470357665795291e-11;-1.2644818525586743e-12;-1.7365664461976849e-12;3.998934516857844e-13;7.555343017884297e-12;143.28605481029405;110.0;101.67189410342974;110.0;101.42297970324643;38.621758837783716;13.589095348801607;14.122899758528376;58.22667060006415;19.153632826880028;6.3894984808210324;4.8234646655818665;14.481813557902285;52.266724354538496;4.594424810239445;9.350868765593248;4.0;0.9500000000000005;86235.05824294942;11842.432443860647;7.281870397129046;4.594424810239445;deltaT_shex_1_K;shex;True;True;True;True;True;True;True;True;95.51818644209771;2668.4443886241916;0.05823508132517119;86235.05824294942;0.0;0.0;135.0;4.0;143.28605481029405;4.0;110.0;4.0;101.67189410342974;4.0;110.0;4.0;101.42297970324643;4.0;30.0;4.0;38.621758837783716;4.0;95.51818644209771;2668.4443886241916;0.008930522249810014;86235.05824294942;0.0;0.0;96.84842943784787;258.457887127299;1.0082350813251717;11842.432443860647;0.5971955549434356;0.23520156495079972;156.87515015909565;355.8017661827222;0.9589305222498106;86235.05824294942;0.6279010783466052;0.2592750360831303;95.51818644209771;2668.4443886241916;0.04930455907536117;86235.05824294942;0.0;0.0;112.98422307213201;258.457887127299;1.0082350813251717;86235.05824294942;0.5971955549434356;0.23520156495079972;149.12289975852838;331.4830213944287;1.0082350813251717;86235.05824294942;0.5971955549434356;0.23520156495079972;144.52847494828893;334.06165418780574;0.9500000000000005;86235.05824294942;0.6338036935846584;0.2641725533152811;103.63335430653876;256.56007293905134;0.9500000000000005;86235.05824294942;0.6338036935846584;0.2641725533152811;103.61050151917897;256.5173876394286;0.9500000000000005;11842.432443860647;0.6338036935846584;0.2641725533152811;96.84842943784787;2681.2141002820586;0.05823508132517119;11842.432443860647;0.0;0.0;49.15363282688003;205.80229544896588;0.05823508132517119;11842.432443860647;0.0;0.0;49.15625534870793;205.87756295146664;0.05823508132517119;86235.05824294942;0.0;0.0;"Zustand 3: Temperatur 422.273 K liegt außerhalb des Boryta-Prüfbereichs; Kristallisation wurde nicht bewertet.";"Zustand 4: Temperatur 417.678 K liegt außerhalb des Boryta-Prüfbereichs; Kristallisation wurde nicht bewertet.";"Zustand 5: Temperatur 376.783 K liegt außerhalb des Boryta-Prüfbereichs; Kristallisation wurde nicht bewertet.";"Zustand 6: Temperatur 376.761 K liegt außerhalb des Boryta-Prüfbereichs; Kristallisation wurde nicht bewertet.";"Zustand 20: Temperatur 430.025 K liegt außerhalb des Boryta-Prüfbereichs; Kristallisation wurde nicht bewertet.";5
parallel;Parallel (T13 = T15);parallel;110.0;110.0;30.0;110.0;4.0;4.0;4.0;110.0;0.9600000000000005;Abwärmetemperatur [°C];hot_temperature_C;110.0;10.0;10.0;25.0;15.0;11.0;nan;nan;2.5361491406540778e-21;`gtol` termination condition is satisfied.;4;8.916405246528815e-10;7.122006937168873e-11;1;True;;True;0;zulässig;feasible;True;True;True;95.50866532331861;112.99237172938035;144.47133393890192;49.16700072940239;0.15484854776896345;0.25911135189630347;0.2353108152082509;0.26400381607532336;138.39220497375527;144.2564184875817;139.10120915931122;143.50206330589336;74.37797169439969;0.4897048918313385;16.473602043188084;33.277045752018864;0.004384002088248025;0.04096699431938833;13.839220497306009;14.425641848775903;5.564048366377393;9.566804220391148;6.76163379041931;96.89325710750626;0.011848169329872258;2681.2986460054635;258.5251401687222;229.47552466012675;0.012064695229192957;1.0062103558181263;0.6045038858428095;0.2407273928428168;2.75207412414602e-10;-2.127222842318588e-10;3.7192648960626684e-10;-7.066325302673704e-11;-1.2360601431282703e-10;-1.77351466845721e-10;2.6119550966541283e-11;6.95195012667682e-10;2.75207412414602e-12;-2.127222842318588e-12;3.719264896062669e-12;-7.066325302673704e-11;-1.2360601431282703e-12;-1.77351466845721e-12;2.611955096654128e-13;6.95195012667682e-12;143.27704575201886;110.0;101.68054969142878;110.0;101.41734071137;38.62777622533383;13.53520050361567;14.147759242088057;58.265480882172426;19.16700072940239;6.4205980705954175;4.787292583922522;14.49133467668139;52.24771814297412;4.676425303186136;9.390130824625999;4.0;0.9600000000000005;86204.93886375405;11850.33752729457;7.274471184065474;4.676425303186136;deltaT_shex_1_K;shex;True;True;True;True;True;True;True;True;95.50866532331861;2668.4291389673463;0.05827505104731878;86204.93886375405;0.0;0.0;135.0;4.0;143.27704575201886;4.0;110.0;4.0;101.68054969142878;4.0;110.0;4.0;101.41734071137;4.0;30.0;4.0;38.62777622533383;4.0;95.50866532331861;2668.4291389673463;0.009023807025839527;86204.93886375405;0.0;0.0;96.89325710750626;258.525140168722;1.0182750510473193;11850.33752729457;0.5973416214427781;0.2353108152082509;156.81224625563453;355.61192593445566;0.96902380702584;86204.93886375405;0.6277018848534613;0.25911135189630347;95.50866532331861;2668.4291389673463;0.049251244021479255;86204.93886375405;0.0;0.0;112.99237172938035;258.525140168722;1.0182750510473193;86204.93886375405;0.5973416214427781;0.2353108152082509;149.14775924208806;331.56824538661004;1.0182750510473193;86204.93886375405;0.5973416214427781;0.2353108152082509;144.47133393890192;333.8719090427089;0.9600000000000005;86204.93886375405;0.6336021563201386;0.26400381607532336;103.60224090475435;256.3948551946626;0.9600000000000005;86204.93886375405;0.6336021563201386;0.26400381607532336;103.57940192940458;256.3521812422466;0.9600000000000005;11850.33752729457;0.6336021563201386;0.26400381607532336;96.89325710750626;2681.2986460054635;0.05827505104731878;11850.33752729457;0.0;0.0;49.16700072940239;205.85819773460963;0.05827505104731878;11850.33752729457;0.0;0.0;49.16962256839588;205.93342721977453;0.05827505104731878;86204.93886375405;0.0;0.0;"Zustand 3: Temperatur 422.298 K liegt außerhalb des Boryta-Prüfbereichs; Kristallisation wurde nicht bewertet.";"Zustand 4: Temperatur 417.621 K liegt außerhalb des Boryta-Prüfbereichs; Kristallisation wurde nicht bewertet.";"Zustand 5: Temperatur 376.752 K liegt außerhalb des Boryta-Prüfbereichs; Kristallisation wurde nicht bewertet.";"Zustand 6: Temperatur 376.729 K liegt außerhalb des Boryta-Prüfbereichs; Kristallisation wurde nicht bewertet.";"Zustand 20: Temperatur 429.962 K liegt außerhalb des Boryta-Prüfbereichs; Kristallisation wurde nicht bewertet.";5
parallel;Parallel (T13 = T15);parallel;110.0;110.0;30.0;110.0;4.0;4.0;4.0;110.0;0.9700000000000005;Abwärmetemperatur [°C];hot_temperature_C;110.0;10.0;10.0;25.0;15.0;11.0;nan;nan;2.2733158701645095e-21;`gtol` termination condition is satisfied.;4;8.381273985208153e-10;6.742871599199424e-11;1;True;;True;0;zulässig;feasible;True;True;True;95.4990983029997;113.00161059670438;144.41356069769495;49.18042148058845;0.15635621895856977;0.25894986168747036;0.23541717339944326;0.26383780855651734;138.23962367871525;144.35742696183223;138.95448158244943;143.59680179521544;75.12588746115837;0.4892549841790697;16.633737966315973;33.26792007647816;0.00438479650904135;0.04138246664076518;13.823962367806953;14.435742696200103;5.558179263302686;9.573120119678723;6.829626132850823;96.9374432720179;0.011818730487678944;2681.381963936487;258.59328891434285;229.61653407985912;0.012153380378372436;1.0161618342753813;0.6046297152555942;0.2408236088330175;2.672067012099433e-10;-2.006856902880827e-10;3.54702933691442e-10;-6.690914489126953e-11;-1.177227204607334e-10;-1.687965323071694e-10;3.458922037680168e-11;6.457128165493486e-10;2.6720670120994328e-12;-2.006856902880827e-12;3.54702933691442e-12;-6.690914489126953e-11;-1.177227204607334e-12;-1.687965323071694e-12;3.4589220376801677e-13;6.457128165493486e-12;143.26792007647816;110.0;101.68932526420758;110.0;101.41167453377898;38.63381740202345;13.482050986479237;14.171606145633064;58.30362586999445;19.18042148058845;6.4509011350640435;4.751881992189681;14.500901697000302;52.22863190115322;4.758045447938116;9.42968658718081;4.0;0.9700000000000005;86174.6830796451;11858.278416424339;7.267048390455113;4.751881992189681;deltaT_des_2_K;desorber;True;True;True;True;True;True;True;True;95.4990983029997;2668.413815322134;0.05831521465375322;86174.6830796451;0.0;0.0;135.0;4.0;143.26792007647816;4.0;110.0;4.0;101.68932526420758;4.0;110.0;4.0;101.41167453377898;4.0;30.0;4.0;38.63381740202345;4.0;95.4990983029997;2668.413815322134;0.009117946471018235;86174.6830796451;0.0;0.0;96.9374432720179;258.59328891434103;1.0283152146537538;11858.278416424339;0.5974837596061463;0.23541717339944326;156.7499710629574;355.42424249995315;0.9791179464710188;86174.6830796451;0.6275052385597563;0.25894986168747036;95.4990983029997;2668.413815322134;0.04919726818273499;86174.6830796451;0.0;0.0;113.00161059670438;258.59328891434103;1.0283152146537538;86174.6830796451;0.5974837596061463;0.23541717339944326;149.17160614563306;331.6505445015339;1.0283152146537538;86174.6830796451;0.5974837596061463;0.23541717339944326;144.41356069769495;333.6822681570034;0.9700000000000005;86174.6830796451;0.6334037531046658;0.26383780855651734;103.57192400952357;256.2328996406208;0.9700000000000005;86174.6830796451;0.6334037531046658;0.26383780855651734;103.54909886493596;256.1902373038778;0.9700000000000005;11858.278416424339;0.6334037531046658;0.26383780855651734;96.9374432720179;2681.381963936487;0.05831521465375322;11858.278416424339;0.0;0.0;49.18042148058845;205.91432107595838;0.05831521465375322;11858.278416424339;0.0;0.0;49.18304263262576;205.98951237097592;0.05831521465375322;86174.6830796451;0.0;0.0;"Zustand 3: Temperatur 422.322 K liegt außerhalb des Boryta-Prüfbereichs; Kristallisation wurde nicht bewertet.";"Zustand 4: Temperatur 417.564 K liegt außerhalb des Boryta-Prüfbereichs; Kristallisation wurde nicht bewertet.";"Zustand 5: Temperatur 376.722 K liegt außerhalb des Boryta-Prüfbereichs; Kristallisation wurde nicht bewertet.";"Zustand 6: Temperatur 376.699 K liegt außerhalb des Boryta-Prüfbereichs; Kristallisation wurde nicht bewertet.";"Zustand 20: Temperatur 429.900 K liegt außerhalb des Boryta-Prüfbereichs; Kristallisation wurde nicht bewertet.";5
parallel;Parallel (T13 = T15);parallel;110.0;110.0;30.0;110.0;4.0;4.0;4.0;110.0;0.9800000000000005;Abwärmetemperatur [°C];hot_temperature_C;110.0;10.0;10.0;25.0;15.0;11.0;nan;nan;2.0404826257124413e-21;`gtol` termination condition is satisfied.;4;7.938750643540469e-10;6.388243304246389e-11;1;True;;True;0;zulässig;feasible;True;True;True;95.48948331678542;113.01190336720975;144.35518556508032;49.19389816610288;0.15787577285045007;0.25879050745995813;0.2355207218961436;0.26367445094509717;138.08514410917456;144.4588564140941;138.8058022152311;143.69201527217677;75.8702541318721;0.4888007466299438;16.793595154481483;33.25868086777359;0.004385592520472293;0.04179744360013613;13.808514410857354;14.445885641425663;5.552232088613755;9.579467684809703;6.897295830187167;96.9810110105272;0.01179064872675016;2681.464097864836;258.66229231694774;229.75505217907104;0.012242885907403744;1.0261126949545352;0.6047525088459833;0.24091753900248578;2.5981705675803823e-10;-1.8673063095775433e-10;3.4998492992599495e-10;-6.339040403702256e-11;-1.127773430198431e-10;-1.6254375623248052e-10;3.1235458664014004e-11;6.010338893247535e-10;2.5981705675803825e-12;-1.8673063095775434e-12;3.4998492992599495e-12;-6.339040403702256e-11;-1.127773430198431e-12;-1.6254375623248051e-12;3.1235458664014005e-13;6.0103388932475354e-12;143.2586808677736;110.0;101.69821757085936;110.0;101.40597994783633;38.63988375682379;13.429623385418779;14.194465741046315;58.341127253703405;19.193898166102883;6.480425152876478;4.7172065603321585;14.510516683214576;52.20946132099266;4.839280175965996;9.469517228576535;4.0;0.9800000000000005;86144.28448992933;11866.256994638014;7.259600439199589;4.7172065603321585;deltaT_des_2_K;desorber;True;True;True;True;True;True;True;True;95.48948331678542;2668.3984143751845;0.05835558086193837;86144.28448992933;0.0;0.0;135.0;4.0;143.2586808677736;4.0;110.0;4.0;101.69821757085936;4.0;110.0;4.0;101.40597994783633;4.0;30.0;4.0;38.63988375682379;4.0;95.48948331678542;2668.3984143751845;0.009212932428715454;86144.28448992933;0.0;0.0;96.9810110105272;258.66229231694786;1.038355580861939;11866.256994638014;0.5976220844475595;0.2355207218961436;156.68830425319237;355.23865120359756;0.989212932428716;86144.28448992933;0.6273110736353783;0.25879050745995813;95.48948331678542;2668.3984143751845;0.04914264843322292;86144.28448992933;0.0;0.0;113.01190336720975;258.66229231694786;1.038355580861939;86144.28448992933;0.5976220844475595;0.2355207218961436;149.19446574104632;331.72999237100083;1.038355580861939;86144.28448992933;0.5976220844475595;0.2355207218961436;144.35518556508032;333.4927485560738;0.9800000000000005;86144.28448992933;0.6332083945229265;0.26367445094509717;103.54238613863322;256.0741218911634;0.9800000000000005;86144.28448992933;0.6332083945229265;0.26367445094509717;103.51957484712352;256.03147143851015;0.9800000000000005;11866.256994638014;0.6332083945229265;0.26367445094509717;96.9810110105272;2681.464097864836;0.05835558086193837;11866.256994638014;0.0;0.0;49.19389816610288;205.97067837742225;0.05835558086193837;11866.256994638014;0.0;0.0;49.19651862684367;206.04583130119912;0.05835558086193837;86144.28448992933;0.0;0.0;"Zustand 3: Temperatur 422.344 K liegt außerhalb des Boryta-Prüfbereichs; Kristallisation wurde nicht bewertet.";"Zustand 4: Temperatur 417.505 K liegt außerhalb des Boryta-Prüfbereichs; Kristallisation wurde nicht bewertet.";"Zustand 5: Temperatur 376.692 K liegt außerhalb des Boryta-Prüfbereichs; Kristallisation wurde nicht bewertet.";"Zustand 6: Temperatur 376.670 K liegt außerhalb des Boryta-Prüfbereichs; Kristallisation wurde nicht bewertet.";"Zustand 20: Temperatur 429.838 K liegt außerhalb des Boryta-Prüfbereichs; Kristallisation wurde nicht bewertet.";5
parallel;Parallel (T13 = T15);parallel;110.0;110.0;30.0;110.0;4.0;4.0;4.0;110.0;0.9900000000000005;Abwärmetemperatur [°C];hot_temperature_C;110.0;10.0;10.0;25.0;15.0;11.0;nan;nan;1.8355132139612693e-21;`gtol` termination condition is satisfied.;4;7.45806832543651e-10;6.058899593096538e-11;1;True;;True;0;zulässig;feasible;True;True;True;95.47981846176577;113.02321500083167;144.29623749363753;49.20743364240349;0.1594070083632517;0.2586332331610899;0.23562153996712748;0.2635136663258788;137.92881557070098;144.5607283429013;138.6552230256645;143.78772258056648;76.61107661476544;0.48834222173491637;16.953170187291047;33.24933107480268;0.004386390235615481;0.042211917387627716;13.79288155701405;14.456072834305646;5.5462089210311;9.5858481720356;6.964643328631259;97.02398238733173;0.011763877053417627;2681.545089661648;258.73211092325573;229.8911554638249;0.012333203502616463;1.0360629542108337;0.6048723504832735;0.2410092449575523;2.518731889722403e-10;-1.7840307009464595e-10;3.2451907827635296e-10;-6.013123332593295e-11;-1.1300471669528633e-10;-1.5515411178057548e-10;3.248601387895178e-11;5.60476109967567e-10;2.5187318897224033e-12;-1.7840307009464596e-12;3.2451907827635298e-12;-6.013123332593295e-11;-1.1300471669528633e-12;-1.5515411178057549e-12;3.248601387895178e-13;5.60476109967567e-12;143.24933107480268;110.0;101.70722350324974;110.0;101.40025582652112;38.64597657553236;13.377895209449605;14.216362431061839;58.37800581179937;19.207433642403487;6.509187124947118;4.683241115918008;14.520181538234226;52.190202419159164;4.920124937424305;9.509604712986288;4.0;0.9900000000000005;86113.73721235007;11874.275014008594;7.252125886486374;4.683241115918008;deltaT_des_2_K;desorber;True;True;True;True;True;True;True;True;95.47981846176577;2668.382933071298;0.05839615771344964;86113.73721235007;0.0;0.0;135.0;4.0;143.24933107480268;4.0;110.0;4.0;101.70722350324974;4.0;110.0;4.0;101.40025582652112;4.0;30.0;4.0;38.64597657553236;4.0;95.47981846176577;2668.382933071298;0.009308756801009632;86113.73721235007;0.0;0.0;97.02398238733173;258.73211092325505;1.0483961577134502;11874.275014008594;0.5977567065191765;0.23562153996712748;156.6272262842523;355.05508974664343;0.9993087568010102;86113.73721235007;0.6271193263916056;0.2586332331610899;95.47981846176577;2668.382933071298;0.04908740091244;86113.73721235007;0.0;0.0;113.02321500083167;258.73211092325505;1.0483961577134502;86113.73721235007;0.5977567065191765;0.23562153996712748;149.21636243106184;331.80666012978213;1.0483961577134502;86113.73721235007;0.5977567065191765;0.23562153996712748;144.29623749363753;333.3033662171598;0.9900000000000005;86113.73721235007;0.6330159943052027;0.2635136663258788;103.51361028784538;255.91844034391383;0.9900000000000005;86113.73721235007;0.6330159943052027;0.2635136663258788;103.49081287505288;255.8758020435223;0.9900000000000005;11874.275014008594;0.6330159943052027;0.2635136663258788;97.02398238733173;2681.545089661648;0.05839615771344964;11874.275014008594;0.0;0.0;49.20743364240349;206.02728158492747;0.05839615771344964;11874.275014008594;0.0;0.0;49.210053407361954;206.10239594873784;0.05839615771344964;86113.73721235007;0.0;0.0;"Zustand 3: Temperatur 422.366 K liegt außerhalb des Boryta-Prüfbereichs; Kristallisation wurde nicht bewertet.";"Zustand 4: Temperatur 417.446 K liegt außerhalb des Boryta-Prüfbereichs; Kristallisation wurde nicht bewertet.";"Zustand 5: Temperatur 376.664 K liegt außerhalb des Boryta-Prüfbereichs; Kristallisation wurde nicht bewertet.";"Zustand 6: Temperatur 376.641 K liegt außerhalb des Boryta-Prüfbereichs; Kristallisation wurde nicht bewertet.";"Zustand 20: Temperatur 429.777 K liegt außerhalb des Boryta-Prüfbereichs; Kristallisation wurde nicht bewertet.";5
parallel;Parallel (T13 = T15);parallel;110.0;110.0;30.0;110.0;4.0;4.0;4.0;110.0;1.0;Abwärmetemperatur [°C];hot_temperature_C;110.0;10.0;10.0;25.0;15.0;11.0;nan;nan;1.8300254248386968e-17;`gtol` termination condition is satisfied.;8;9.895904480384452e-08;6.0498354107177114e-09;1;True;;True;0;zulässig;feasible;True;True;True;95.47010186028496;113.0355115365208;144.2367436706229;49.22103071922777;0.16094975576285794;0.2584779875592208;0.23571970288032884;0.2633553795940822;137.7706865473384;144.66306389000658;138.50279506875364;143.88394232241788;77.34835950515327;0.4878794514931268;17.112459601789627;33.239873597328824;0.004387189763649785;0.042625880158641875;13.777068646459181;14.466306389720028;5.540111803096887;9.592262820592186;7.031669046757438;97.066378385044;0.011738370366179298;2681.6249791379614;258.80270604100156;230.024916516199;0.012424324965303768;1.0460126281828819;0.6049893194333148;0.2410987849329107;2.3748839339532424e-08;-9.178549476018816e-09;4.4180580971442396e-08;-5.968649907650558e-09;-8.668536111144931e-09;-7.193705187091837e-09;1.3535100151784718e-08;8.274659535345563e-08;2.374883933953242e-10;-9.178549476018816e-11;4.4180580971442395e-10;-5.968649907650558e-09;-8.66853611114493e-11;-7.193705187091837e-11;1.3535100151784717e-10;8.274659535345563e-10;143.23987359732882;110.0;101.71634000784968;110.0;101.39450105727167;38.65209712260804;13.326845552304349;14.237319298360774;58.41428126243596;19.22103071922777;6.537203658501596;4.649961622805677;14.529898139715044;52.17085127343347;5.000575627737874;9.549931689852087;4.0;1.0;86083.035452161;11882.334203143151;7.24462331899317;4.649961622805677;deltaT_des_2_K;desorber;True;True;True;True;True;True;True;True;95.47010186028496;2668.3673683953125;0.058436953148185644;86083.035452161;0.0;0.0;135.0;4.0;143.23987359732882;4.0;110.0;4.0;101.71634000784968;4.0;110.0;4.0;101.39450105727167;4.0;30.0;4.0;38.65209712260804;4.0;95.47010186028496;2668.3673683953125;0.009405413336726051;86083.035452161;0.0;0.0;97.066378385044;258.8027060410011;1.0584369531481856;11882.334203143151;0.5978877307342239;0.23571970288032884;156.56671914963317;354.87350084408973;1.009405413336726;86083.035452161;0.6269299388040442;0.2584779875592208;95.47010186028496;2668.3673683953125;0.04903153981145959;86083.035452161;0.0;0.0;113.0355115365208;258.8027060410011;1.0584369531481856;86083.035452161;0.5978877307342239;0.23571970288032884;149.23731929836077;331.88061519287874;1.0584369531481856;86083.035452161;0.5978877307342239;0.23571970288032884;144.2367436706229;333.11413481197013;1.0;86083.035452161;0.6328264680430148;0.2633553795940822;103.48557984666871;255.7657753305657;1.0;86083.035452161;0.6328264680430148;0.2633553795940822;103.4627963414984;255.72314945040705;1.0;11882.334203143151;0.6328264680430148;0.2633553795940822;97.066378385044;2681.6249791379614;0.058436953148185644;11882.334203143151;0.0;0.0;49.22103071922777;206.08414244911165;0.058436953148185644;11882.334203143151;0.0;0.0;49.2236497838382;206.1592180567075;0.058436953148185644;86083.035452161;0.0;0.0;"Zustand 3: Temperatur 422.387 K liegt außerhalb des Boryta-Prüfbereichs; Kristallisation wurde nicht bewertet.";"Zustand 4: Temperatur 417.387 K liegt außerhalb des Boryta-Prüfbereichs; Kristallisation wurde nicht bewertet.";"Zustand 5: Temperatur 376.636 K liegt außerhalb des Boryta-Prüfbereichs; Kristallisation wurde nicht bewertet.";"Zustand 6: Temperatur 376.613 K liegt außerhalb des Boryta-Prüfbereichs; Kristallisation wurde nicht bewertet.";"Zustand 20: Temperatur 429.717 K liegt außerhalb des Boryta-Prüfbereichs; Kristallisation wurde nicht bewertet.";5
parallel;Parallel (T13 = T15);parallel;110.0;110.0;30.0;110.0;4.0;4.0;4.0;110.0;1.0000000000000004;Abwärmetemperatur [°C];hot_temperature_C;110.0;10.0;10.0;25.0;15.0;11.0;nan;nan;1.830026098786928e-17;`gtol` termination condition is satisfied.;1;9.895979279422238e-08;6.049836524711933e-09;1;True;;True;0;zulässig;feasible;True;True;True;95.47010186028496;113.0355115365208;144.2367436706229;49.22103071922777;0.16094975576285794;0.2584779875592208;0.23571970288032884;0.2633553795940822;137.77068654733898;144.66306389000715;138.5027950687542;143.88394232241842;77.34835950515333;0.48787945149312695;17.11245960178957;33.23987359732888;0.0043871897636498;0.04262588015864189;13.77706864645915;14.46630638971999;5.5401118030968535;9.592262820592147;7.031669046757438;97.066378385044;0.01173837036617929;2681.6249791379614;258.8027060410016;230.024916516199;0.012424324965303768;1.0460126281828825;0.6049893194333148;0.2410987849329107;2.3748867761241854e-08;-9.178492632599955e-09;4.418069465828012e-08;-5.968649796628256e-09;-8.667115025673411e-09;-7.192767270680633e-09;1.3536208598452504e-08;8.274747642644797e-08;2.374886776124185e-10;-9.178492632599955e-11;4.418069465828012e-10;-5.9686497966282534e-09;-8.66711502567341e-11;-7.192767270680633e-11;1.3536208598452504e-10;8.274747642644798e-10;143.23987359732888;110.0;101.71634000784962;110.0;101.39450105727161;38.6520971226081;13.326845552304292;14.237319298360774;58.41428126243591;19.22103071922777;6.537203658501596;4.64996162280562;14.529898139715044;52.170851273433414;5.000575627737874;9.549931689852087;4.0;1.0000000000000004;86083.035452161;11882.334203143151;7.24462331899317;4.64996162280562;deltaT_des_2_K;desorber;True;True;True;True;True;True;True;True;95.47010186028496;2668.3673683953125;0.058436953148185866;86083.035452161;0.0;0.0;135.0;4.0;143.23987359732888;4.0;110.0;4.0;101.71634000784962;4.0;110.0;4.0;101.39450105727161;4.0;30.0;4.0;38.6520971226081;4.0;95.47010186028496;2668.3673683953125;0.009405413336726088;86083.035452161;0.0;0.0;97.066378385044;258.8027060410011;1.0584369531481863;11882.334203143151;0.5978877307342239;0.23571970288032884;156.56671914963317;354.87350084408973;1.0094054133367265;86083.035452161;0.6269299388040442;0.2584779875592208;95.47010186028496;2668.3673683953125;0.04903153981145978;86083.035452161;0.0;0.0;113.0355115365208;258.8027060410011;1.0584369531481863;86083.035452161;0.5978877307342239;0.23571970288032884;149.23731929836077;331.88061519287874;1.0584369531481863;86083.035452161;0.5978877307342239;0.23571970288032884;144.2367436706229;333.11413481197013;1.0000000000000004;86083.035452161;0.6328264680430148;0.2633553795940822;103.48557984666871;255.7657753305657;1.0000000000000004;86083.035452161;0.6328264680430148;0.2633553795940822;103.4627963414984;255.72314945040705;1.0000000000000004;11882.334203143151;0.6328264680430148;0.2633553795940822;97.066378385044;2681.6249791379614;0.058436953148185866;11882.334203143151;0.0;0.0;49.22103071922777;206.08414244911165;0.058436953148185866;11882.334203143151;0.0;0.0;49.2236497838382;206.1592180567075;0.058436953148185866;86083.035452161;0.0;0.0;"Zustand 3: Temperatur 422.387 K liegt außerhalb des Boryta-Prüfbereichs; Kristallisation wurde nicht bewertet.";"Zustand 4: Temperatur 417.387 K liegt außerhalb des Boryta-Prüfbereichs; Kristallisation wurde nicht bewertet.";"Zustand 5: Temperatur 376.636 K liegt außerhalb des Boryta-Prüfbereichs; Kristallisation wurde nicht bewertet.";"Zustand 6: Temperatur 376.613 K liegt außerhalb des Boryta-Prüfbereichs; Kristallisation wurde nicht bewertet.";"Zustand 20: Temperatur 429.717 K liegt außerhalb des Boryta-Prüfbereichs; Kristallisation wurde nicht bewertet.";5
parallel;Parallel (T13 = T15);parallel;110.0;110.0;30.0;110.0;4.0;4.0;4.0;110.0;1.0100000000000007;Abwärmetemperatur [°C];hot_temperature_C;110.0;10.0;10.0;25.0;15.0;11.0;nan;nan;3.9280508055563196e-25;`gtol` termination condition is satisfied.;4;6.347637616274201e-11;8.863465242845283e-13;1;True;;True;0;zulässig;feasible;True;True;True;95.46033227973038;113.04876072867148;144.1767318511288;49.23469133282396;0.16250373075669433;0.2583247093821324;0.23581528725646425;0.2631995221642018;137.6107982767349;144.76587764371448;138.34856192538774;143.9806866787597;78.08210987046643;0.4874124765928109;17.27146066695522;33.23031090171861;0.004387991156820583;0.04303932514898209;13.761079827669052;14.476587764372548;5.5339424770160415;9.59871244525245;7.098373624590601;97.10821955333859;0.01171408522539473;2681.7038053457622;258.87404348839215;230.15640834584045;0.012516242030021774;1.0559617303589843;0.6051034974705505;0.24118621922723388;3.836930773104541e-12;-3.0183855415089056e-11;1.0231815394945443e-11;-6.248335182590381e-13;-1.3301360013429075e-11;-1.0999201549566351e-11;-2.7057467377744615e-11;4.4366288420860656e-11;3.836930773104541e-14;-3.0183855415089054e-13;1.0231815394945443e-13;-6.186470477812254e-13;-1.3301360013429075e-13;-1.0999201549566351e-13;-2.7057467377744614e-13;4.4366288420860654e-13;143.2303109017186;110.0;101.72556447814668;110.0;101.38871491155743;38.65824627055707;13.276451510328286;14.257360587479127;58.449973282781514;19.234691332823957;6.564490628882538;4.617344924808094;14.53966772026962;52.15140521913054;5.08062873635032;9.590481791300533;4.0;1.0100000000000007;86052.17545958355;11890.435776683187;7.23709181696515;4.617344924808094;deltaT_des_2_K;desorber;True;True;True;True;True;True;True;True;95.46033227973038;2668.351718364977;0.05847797238900543;86052.17545958355;0.0;0.0;135.0;4.0;143.2303109017186;4.0;110.0;4.0;101.72556447814668;4.0;110.0;4.0;101.38871491155743;4.0;30.0;4.0;38.65824627055707;4.0;95.46033227973038;2668.351718364977;0.009502888680300343;86052.17545958355;0.0;0.0;97.10821955333859;258.8740434883926;1.068477972389006;11890.435776683187;0.598015263530996;0.23581528725646425;156.5067624120469;354.6938184105682;1.019502888680301;86052.17545958355;0.6267428403886256;0.2583247093821324;95.46033227973038;2668.351718364977;0.04897508370870508;86052.17545958355;0.0;0.0;113.04876072867148;258.8740434883926;1.068477972389006;86052.17545958355;0.598015263530996;0.23581528725646425;149.25736058747913;331.95192800096044;1.068477972389006;86052.17545958355;0.598015263530996;0.23581528725646425;144.1767318511288;332.925072403089;1.0100000000000007;86052.17545958355;0.6326397388468072;0.2631995221642018;103.45827893737095;255.61605272936373;1.0100000000000007;86052.17545958355;0.6326397388468072;0.2631995221642018;103.43550937111746;255.5734395361469;1.0100000000000007;11890.435776683187;0.6326397388468072;0.2631995221642018;97.10821955333859;2681.7038053457622;0.05847797238900543;11890.435776683187;0.0;0.0;49.23469133282396;206.14126906787612;0.05847797238900543;11890.435776683187;0.0;0.0;49.23730969242689;206.21630571804639;0.05847797238900543;86052.17545958355;0.0;0.0;"Zustand 3: Temperatur 422.407 K liegt außerhalb des Boryta-Prüfbereichs; Kristallisation wurde nicht bewertet.";"Zustand 4: Temperatur 417.327 K liegt außerhalb des Boryta-Prüfbereichs; Kristallisation wurde nicht bewertet.";"Zustand 5: Temperatur 376.608 K liegt außerhalb des Boryta-Prüfbereichs; Kristallisation wurde nicht bewertet.";"Zustand 6: Temperatur 376.586 K liegt außerhalb des Boryta-Prüfbereichs; Kristallisation wurde nicht bewertet.";"Zustand 20: Temperatur 429.657 K liegt außerhalb des Boryta-Prüfbereichs; Kristallisation wurde nicht bewertet.";5
parallel;Parallel (T13 = T15);parallel;110.0;110.0;30.0;110.0;4.0;4.0;4.0;110.0;1.0200000000000005;Abwärmetemperatur [°C];hot_temperature_C;110.0;10.0;10.0;25.0;15.0;11.0;nan;nan;1.9598415581414046e-25;`gtol` termination condition is satisfied.;4;4.902180194901929e-11;6.26073726990904e-13;1;True;;True;0;zulässig;feasible;True;True;True;95.45050786202768;113.06293062738257;144.11622588896523;49.24841824266122;0.164068826740408;0.2581733568813463;0.23590836074333843;0.26304602218515727;137.44919798533215;144.86919035695328;138.19257322887182;144.07797407447438;78.81233162435753;0.4869413380122168;17.430169821950134;33.22064581251988;0.004388794519600367;0.04345224442197075;13.74491979853056;14.48691903569656;5.527702929155419;9.605198271633382;7.164757420398364;97.1495248550442;0.01169098005443553;2681.7816042464606;258.94608588205256;230.28569611657576;0.012608946727947323;1.0659102765739108;0.6052149550799192;0.2412715996298472;2.3447910280083306e-12;-2.447109181957785e-11;7.844391802791506e-12;-3.97237798210881e-13;-1.3642420526593924e-11;-1.233502189279534e-11;-2.6346924641984515e-11;2.6545876607997343e-11;2.3447910280083305e-14;-2.447109181957785e-13;7.844391802791505e-14;-3.8944882177537335e-13;-1.3642420526593923e-13;-1.233502189279534e-13;-2.6346924641984514e-13;2.6545876607997343e-13;143.22064581251988;110.0;101.73489394564166;110.0;101.38289628741182;38.66442526058336;13.226695239468029;14.276506837053546;58.48509959446085;19.248418242661216;6.591063897645313;4.585369090597453;14.549492137972322;52.131860395015565;5.160280948088314;9.63123893217653;4.0;1.0200000000000005;86021.15151539544;11898.581440970194;7.229530002559817;4.585369090597453;deltaT_des_2_K;desorber;True;True;True;True;True;True;True;True;95.45050786202768;2668.3359799957657;0.05851922330185766;86021.15151539544;0.0;0.0;135.0;4.0;143.22064581251988;4.0;110.0;4.0;101.73489394564166;4.0;110.0;4.0;101.38289628741182;4.0;30.0;4.0;38.66442526058336;4.0;95.45050786202768;2668.3359799957657;0.009601180308895731;86021.15151539544;0.0;0.0;97.1495248550442;258.94608588205233;1.0785192233018581;11898.581440970194;0.5981393991114338;0.23590836074333843;156.4473410519879;354.5159949541243;1.0296011803088962;86021.15151539544;0.6265579842893726;0.2581733568813463;95.45050786202768;2668.3359799957657;0.04891804299296193;86021.15151539544;0.0;0.0;113.06293062738257;258.94608588205233;1.0785192233018581;86021.15151539544;0.5981393991114338;0.23590836074333843;149.27650683705355;332.0206587979394;1.0785192233018581;86021.15151539544;0.5981393991114338;0.23590836074333843;144.11622588896523;332.73618821029754;1.0200000000000005;86021.15151539544;0.6324557256430425;0.26304602218515727;103.43169169520604;255.46919642171406;1.0200000000000005;86021.15151539544;0.6324557256430425;0.26304602218515727;103.40893610235469;255.42659618208467;1.0200000000000005;11898.581440970194;0.6324557256430425;0.26304602218515727;97.1495248550442;2681.7816042464606;0.05851922330185766;11898.581440970194;0.0;0.0;49.24841824266122;206.1986729816418;0.05851922330185766;11898.581440970194;0.0;0.0;49.25103589239626;206.27367046574992;0.05851922330185766;86021.15151539544;0.0;0.0;"Zustand 3: Temperatur 422.427 K liegt außerhalb des Boryta-Prüfbereichs; Kristallisation wurde nicht bewertet.";"Zustand 4: Temperatur 417.266 K liegt außerhalb des Boryta-Prüfbereichs; Kristallisation wurde nicht bewertet.";"Zustand 5: Temperatur 376.582 K liegt außerhalb des Boryta-Prüfbereichs; Kristallisation wurde nicht bewertet.";"Zustand 6: Temperatur 376.559 K liegt außerhalb des Boryta-Prüfbereichs; Kristallisation wurde nicht bewertet.";"Zustand 20: Temperatur 429.597 K liegt außerhalb des Boryta-Prüfbereichs; Kristallisation wurde nicht bewertet.";5
parallel;Parallel (T13 = T15);parallel;110.0;110.0;30.0;110.0;4.0;4.0;4.0;110.0;1.0300000000000007;Abwärmetemperatur [°C];hot_temperature_C;110.0;10.0;10.0;25.0;15.0;11.0;nan;nan;7.772287687151119e-26;`gtol` termination condition is satisfied.;4;3.228976045133695e-11;3.942660950969819e-13;1;True;;True;0;zulässig;feasible;True;True;True;95.44062737899242;113.07799090938067;144.05525034192505;49.262213356116376;0.16564482193124952;0.2580238780764224;0.2359989926118329;0.2628948141236805;137.28592585129985;144.97301639044935;138.03487134731267;144.17581666342318;79.53903113576116;0.4864660754665579;17.588584234558486;33.210880732733244;0.0043895999010944665;0.04386463111395417;13.728592585128297;14.497301639045627;5.521394853892787;9.611721110896095;7.230821012343506;97.19031291276548;0.011669014775616172;2681.8584112176236;259.01880023823406;230.41284571273883;0.012702431021969218;1.0758582800770085;0.6053237655627455;0.24135498021241222;1.6910917111090384e-12;-1.7408297026122455e-11;4.661160346586257e-12;-2.3303581286882036e-13;-6.991740519879386e-12;-6.934897101018578e-12;-1.8246737454319373e-11;1.688249540165998e-11;1.6910917111090384e-14;-1.7408297026122455e-13;4.661160346586257e-14;-2.262483620085633e-13;-6.991740519879386e-14;-6.934897101018578e-14;-1.8246737454319373e-13;1.6882495401659982e-13;143.21088073273324;110.0;101.74432587635692;110.0;101.37704445792923;38.67063495158192;13.17755680965206;14.294779822837825;58.51967796118356;19.262213356116376;6.616938619411769;4.554012963591447;14.559372621007583;52.11221416684043;5.239529480912779;9.672187946165877;4.0;1.0300000000000007;85989.95989637767;11906.772400499813;7.221936978720451;4.554012963591447;deltaT_des_2_K;desorber;True;True;True;True;True;True;True;True;95.44062737899242;2668.3201513118465;0.05856071109897698;85989.95989637767;0.0;0.0;135.0;4.0;143.21088073273324;4.0;110.0;4.0;101.74432587635692;4.0;110.0;4.0;101.37704445792923;4.0;30.0;4.0;38.67063495158192;4.0;95.44062737899242;2668.3201513118465;0.00970027856215739;85989.95989637767;0.0;0.0;97.19031291276548;259.0188002382348;1.0885607110989777;11906.772400499813;0.5982602335983622;0.2359989926118329;156.3884375423853;354.3399739510212;1.039700278562158;85989.95989637767;0.6263753109780209;0.2580238780764224;95.44062737899242;2668.3201513118465;0.04886043253681959;85989.95989637767;0.0;0.0;113.07799090938067;259.0188002382348;1.0885607110989777;85989.95989637767;0.5982602335983622;0.2359989926118329;149.29477982283782;332.0868710631142;1.0885607110989777;85989.95989637767;0.5982602335983622;0.2359989926118329;144.05525034192505;332.54749598237487;1.0300000000000007;85989.95989637767;0.6322743546680323;0.2628948141236805;103.4058029632148;255.32513565639485;1.0300000000000007;85989.95989637767;0.6322743546680323;0.2628948141236805;103.38306138058823;255.28254863589586;1.0300000000000007;11906.772400499813;0.6322743546680323;0.2628948141236805;97.19031291276548;2681.8584112176236;0.05856071109897698;11906.772400499813;0.0;0.0;49.262213356116376;206.25636216767725;0.05856071109897698;11906.772400499813;0.0;0.0;49.2648302910888;206.33132027215922;0.05856071109897698;85989.95989637767;0.0;0.0;"Zustand 3: Temperatur 422.445 K liegt außerhalb des Boryta-Prüfbereichs; Kristallisation wurde nicht bewertet.";"Zustand 4: Temperatur 417.205 K liegt außerhalb des Boryta-Prüfbereichs; Kristallisation wurde nicht bewertet.";"Zustand 5: Temperatur 376.556 K liegt außerhalb des Boryta-Prüfbereichs; Kristallisation wurde nicht bewertet.";"Zustand 6: Temperatur 376.533 K liegt außerhalb des Boryta-Prüfbereichs; Kristallisation wurde nicht bewertet.";"Zustand 20: Temperatur 429.538 K liegt außerhalb des Boryta-Prüfbereichs; Kristallisation wurde nicht bewertet.";5
parallel;Parallel (T13 = T15);parallel;110.0;110.0;30.0;110.0;4.0;4.0;4.0;110.0;1.0400000000000005;Abwärmetemperatur [°C];hot_temperature_C;110.0;10.0;10.0;25.0;15.0;11.0;nan;nan;2.802272266026516e-26;`gtol` termination condition is satisfied.;4;2.067121753171143e-11;2.3673919261611567e-13;1;True;;True;0;zulässig;feasible;True;True;True;95.43068959134138;113.09391214614266;143.99382825387374;49.27607858472595;0.1672315260332095;0.2578762255652811;0.23608724862417224;0.2627458338077622;137.1210216901706;145.07737013097469;137.87549821775394;144.27422671774113;80.26221440034094;0.48598672822211375;17.746701016039694;33.2010180436705;0.004390407350158811;0.04427647830116645;13.712102169016045;14.507737013097914;5.51501992871023;9.618281781183574;7.296564945486597;97.23060144759825;0.011648150878361251;2681.934259916498;259.092154076206;230.53791964202634;0.0127966869886047;1.0858057540543837;0.6054299981678677;0.24143641206208666;1.1084466677857563e-12;-1.1624479157035239e-11;3.0127011996228248e-12;-1.2001510896197942e-13;-1.8189894035458565e-12;-4.462208380573429e-12;-1.247713043994736e-11;1.014655026665423e-11;1.1084466677857563e-14;-1.1624479157035239e-13;3.012701199622825e-14;-1.1539914323267247e-13;-1.8189894035458565e-14;-4.4622083805734293e-14;-1.2477130439947358e-13;1.014655026665423e-13;143.2010180436705;110.0;101.75385776209606;110.0;101.37115868913031;38.67687620400568;13.129017731683973;14.312200128147822;58.55372524359257;19.27607858472595;6.642129608308608;4.523256314497814;14.569310408658623;52.092463889204964;5.318371874274078;9.713314221202552;4.0;1.0400000000000005;85958.59684978273;11915.009865331314;7.214311848779365;4.523256314497814;deltaT_des_2_K;desorber;True;True;True;True;True;True;True;True;95.43068959134138;2668.3042303193097;0.05860244104298795;85958.59684978273;0.0;0.0;135.0;4.0;143.2010180436705;4.0;110.0;4.0;101.75385776209606;4.0;110.0;4.0;101.37115868913031;4.0;30.0;4.0;38.67687620400568;4.0;95.43068959134138;2668.3042303193097;0.009800175644890064;85958.59684978273;0.0;0.0;97.23060144759825;259.09215407620627;1.0986024410429884;11915.009865331314;0.5983778582029224;0.23608724862417224;156.33003577535447;354.1657035582095;1.0498001756448905;85958.59684978273;0.626194766336459;0.2578762255652811;95.43068959134138;2668.3042303193097;0.048802265398097885;85958.59684978273;0.0;0.0;113.09391214614266;259.09215407620627;1.0986024410429884;85958.59684978273;0.5983778582029224;0.23608724862417224;149.31220012814782;332.150624913156;1.0986024410429884;85958.59684978273;0.5983778582029224;0.23608724862417224;143.99382825387374;332.3590073766105;1.0400000000000005;85958.59684978273;0.6320955535459668;0.2627458338077622;103.3805979249401;255.18380122243764;1.0400000000000005;85958.59684978273;0.6320955535459668;0.2627458338077622;103.35787039169139;255.14122768560958;1.0400000000000005;11915.009865331314;0.6320955535459668;0.2627458338077622;97.23060144759825;2681.934259916498;0.05860244104298795;11915.009865331314;0.0;0.0;49.27607858472595;206.31434462059988;0.05860244104298795;11915.009865331314;0.0;0.0;49.27869479992535;206.38926312692863;0.05860244104298795;85958.59684978273;0.0;0.0;"Zustand 3: Temperatur 422.462 K liegt außerhalb des Boryta-Prüfbereichs; Kristallisation wurde nicht bewertet.";"Zustand 4: Temperatur 417.144 K liegt außerhalb des Boryta-Prüfbereichs; Kristallisation wurde nicht bewertet.";"Zustand 5: Temperatur 376.531 K liegt außerhalb des Boryta-Prüfbereichs; Kristallisation wurde nicht bewertet.";"Zustand 6: Temperatur 376.508 K liegt außerhalb des Boryta-Prüfbereichs; Kristallisation wurde nicht bewertet.";"Zustand 20: Temperatur 429.480 K liegt außerhalb des Boryta-Prüfbereichs; Kristallisation wurde nicht bewertet.";5
parallel;Parallel (T13 = T15);parallel;110.0;110.0;30.0;110.0;4.0;4.0;4.0;110.0;1.0500000000000007;Abwärmetemperatur [°C];hot_temperature_C;110.0;10.0;10.0;25.0;15.0;11.0;nan;nan;9.116346539241693e-27;`gtol` termination condition is satisfied.;4;1.2620843850037307e-11;1.3502848987707516e-13;1;True;;True;0;zulässig;feasible;True;True;True;95.4206933682417;113.11066590111176;143.93198166565912;49.290015685095;0.16882875080615845;0.25773035348289663;0.23617319219482957;0.26259901930246793;136.95452372947153;145.18226479925067;137.71449409696976;144.37321543562717;80.98188759382202;0.48550333496059533;17.904517375102788;33.19106003166695;0.0043912169052508325;0.044687779220598696;13.69545237294694;14.518226479925419;5.508579763878939;9.624881029042387;7.361989781257215;97.2704074387284;0.01162835131989036;2682.009182596684;259.166116132211;230.66097800179924;0.012891706780667977;1.0957527111615937;0.605533719616163;0.24151594444152683;5.115907697472721e-13;-7.332801033044234e-12;5.115907697472721e-13;-5.040412531798211e-14;-3.723243935382925e-12;-3.524291969370097e-12;-8.611777957412414e-12;2.1316282072803006e-12;5.115907697472721e-15;-7.332801033044234e-14;5.115907697472721e-15;-4.800392887426864e-14;-3.723243935382925e-14;-3.524291969370097e-14;-8.611777957412414e-14;2.1316282072803006e-14;143.19106003166695;110.0;101.76348719515732;110.0;101.3652383112663;38.683149808567634;13.081060210779015;14.328787665989694;58.587257630160764;19.290015685095;6.666651279457938;4.493079756428926;14.5793066317583;52.072607135828605;5.396806000330571;9.754603738017636;4.0;1.0500000000000007;85927.0589705688;11923.294956530654;7.206653805331272;4.493079756428926;deltaT_des_2_K;desorber;True;True;True;True;True;True;True;True;95.4206933682417;2668.2882151976983;0.05864441794226094;85927.0589705688;0.0;0.0;135.0;4.0;143.19106003166695;4.0;110.0;4.0;101.76348719515732;4.0;110.0;4.0;101.3652383112663;4.0;30.0;4.0;38.683149808567634;4.0;95.4206933682417;2668.2882151976983;0.00990086382294618;85927.0589705688;0.0;0.0;97.2704074387284;259.16611613221164;1.1086444179422617;11923.294956530654;0.5984923607884263;0.23617319219482957;156.27212024244596;353.9931337694449;1.0599008638229468;85927.0589705688;0.6260162979545071;0.25773035348289663;95.4206933682417;2668.2882151976983;0.04874355411931476;85927.0589705688;0.0;0.0;113.11066590111176;259.16611613221164;1.1086444179422617;85927.0589705688;0.5984923607884263;0.23617319219482957;149.3287876659897;332.2119785234473;1.1086444179422617;85927.0589705688;0.5984923607884263;0.23617319219482957;143.93198166565912;332.17073334341177;1.0500000000000007;85927.0589705688;0.6319192523515947;0.26259901930246793;103.35606216309412;255.04512611120086;1.0500000000000007;85927.0589705688;0.6319192523515947;0.26259901930246793;103.33334872054206;255.00256632146696;1.0500000000000007;11923.294956530654;0.6319192523515947;0.26259901930246793;97.2704074387284;2682.009182596684;0.05864441794226094;11923.294956530654;0.0;0.0;49.290015685095;206.37262768720214;0.05864441794226094;11923.294956530654;0.0;0.0;49.29263117543769;206.44750637232397;0.05864441794226094;85927.0589705688;0.0;0.0;"Zustand 3: Temperatur 422.479 K liegt außerhalb des Boryta-Prüfbereichs; Kristallisation wurde nicht bewertet.";"Zustand 4: Temperatur 417.082 K liegt außerhalb des Boryta-Prüfbereichs; Kristallisation wurde nicht bewertet.";"Zustand 5: Temperatur 376.506 K liegt außerhalb des Boryta-Prüfbereichs; Kristallisation wurde nicht bewertet.";"Zustand 6: Temperatur 376.483 K liegt außerhalb des Boryta-Prüfbereichs; Kristallisation wurde nicht bewertet.";"Zustand 20: Temperatur 429.422 K liegt außerhalb des Boryta-Prüfbereichs; Kristallisation wurde nicht bewertet.";5
parallel;Parallel (T13 = T15);parallel;110.0;110.0;30.0;110.0;4.0;4.0;4.0;110.0;1.0600000000000005;Abwärmetemperatur [°C];hot_temperature_C;110.0;10.0;10.0;25.0;15.0;11.0;nan;nan;9.244867883351547e-17;`gtol` termination condition is satisfied.;3;6.061076780415981e-07;1.3597696778022039e-08;1;True;;True;0;zulässig;feasible;True;True;True;95.41063740765361;113.12822440120527;143.8697307791794;49.304026608709876;0.17043637274504866;0.25758622351800786;0.23625688235027403;0.26245430883882764;136.78647159369206;145.28771519224324;137.5519005032392;144.47279566753326;81.69805582630005;0.4850159346005099;18.062030269236757;33.1810090666084;0.004392028616819838;0.04509852675058843;13.678647112454389;14.528771504235154;5.5020760190498725;9.63151971582622;7.427095957352668;97.30974690854163;0.011609580513657113;2682.083209671293;259.2406547172931;230.7820768526158;0.012987482701425801;1.105699164602305;0.6056349913615214;0.2415936226807398;-5.979546813250636e-08;2.954207047878299e-07;1.6785287471066113e-07;-1.2903180857115615e-08;2.699241008485842e-08;1.4989169017098902e-07;-6.98600501891633e-08;4.6914817630749894e-07;-5.979546813250636e-10;2.954207047878299e-09;1.6785287471066114e-09;-1.2172812129354348e-08;2.699241008485842e-10;1.4989169017098901e-09;-6.98600501891633e-10;4.691481763074989e-09;143.1810090666084;110.0;101.77321169239002;110.0;101.35928255576954;38.68945665025376;13.033668543455008;14.344560685809085;58.620290258287866;19.304026608709876;6.690517812019493;4.463464783848394;14.58936259234639;52.052641186754386;5.4748299066296795;9.796042905052445;4.0;1.0600000000000005;85895.34231903245;11931.628914070523;7.198961930314418;4.463464783848394;deltaT_des_2_K;desorber;True;True;True;True;True;True;True;True;95.41063740765361;2668.272103851969;0.05868664730373041;85895.34231903245;0.0;0.0;135.0;4.0;143.1810090666084;4.0;110.0;4.0;101.77321169239002;4.0;110.0;4.0;101.35928255576954;4.0;30.0;4.0;38.68945665025376;4.0;95.41063740765361;2668.272103851969;0.0100023392950158;85895.34231903245;0.0;0.0;97.30974690854163;259.24065471729403;1.118686647303731;11931.628914070523;0.5986038231674218;0.23625688235027403;156.2146776100634;353.8222219374789;1.0700023392950162;85895.34231903245;0.6258398625060448;0.25758622351800786;95.41063740765361;2668.272103851969;0.04868430800871461;85895.34231903245;0.0;0.0;113.12822440120527;259.24065471729403;1.118686647303731;85895.34231903245;0.5986038231674218;0.23625688235027403;149.34456068580909;332.27098543877844;1.118686647303731;85895.34231903245;0.5986038231674218;0.23625688235027403;143.8697307791794;331.9826815295873;1.0600000000000005;85895.34231903245;0.6317453811343001;0.26245430883882764;103.33218149615283;254.90904390119533;1.0600000000000005;85895.34231903245;0.6317453811343001;0.26245430883882764;103.3094821879805;254.86649812124196;1.0600000000000005;11931.628914070523;0.6317453811343001;0.26245430883882764;97.30974690854163;2682.083209671293;0.05868664730373041;11931.628914070523;0.0;0.0;49.304026608709876;206.43121952926862;0.05868664730373041;11931.628914070523;0.0;0.0;49.30664136901515;206.5060581649482;0.05868664730373041;85895.34231903245;0.0;0.0;"Zustand 3: Temperatur 422.495 K liegt außerhalb des Boryta-Prüfbereichs; Kristallisation wurde nicht bewertet.";"Zustand 4: Temperatur 417.020 K liegt außerhalb des Boryta-Prüfbereichs; Kristallisation wurde nicht bewertet.";"Zustand 5: Temperatur 376.482 K liegt außerhalb des Boryta-Prüfbereichs; Kristallisation wurde nicht bewertet.";"Zustand 6: Temperatur 376.459 K liegt außerhalb des Boryta-Prüfbereichs; Kristallisation wurde nicht bewertet.";"Zustand 20: Temperatur 429.365 K liegt außerhalb des Boryta-Prüfbereichs; Kristallisation wurde nicht bewertet.";5
parallel;Parallel (T13 = T15);parallel;110.0;110.0;30.0;110.0;4.0;4.0;4.0;110.0;1.0700000000000007;Abwärmetemperatur [°C];hot_temperature_C;110.0;10.0;10.0;25.0;15.0;11.0;nan;nan;3.779550644257562e-17;`gtol` termination condition is satisfied.;3;4.994160327790768e-07;8.694309224150659e-09;1;True;;True;0;zulässig;feasible;True;True;True;95.40052173131039;113.14656213084504;143.80709904660517;49.31811158635617;0.17205398266601116;0.2574437710260964;0.23633838587414904;0.26231165187824607;136.61689048350536;145.39372292428777;137.3877444635146;144.5729672151597;82.41072999074166;0.48452456255393317;18.219238326176583;33.17086665571202;0.0043928424258282694;0.04550871624113889;13.661689039590758;14.539372264244875;5.495509776695301;9.638197826489073;7.491884518005729;97.34863635705665;0.011591803968365616;2682.1563725966334;259.315746610382;230.90127807826758;0.013084006798062875;1.115645122315018;0.6057338857474416;0.24166950056551215;-1.704517842426867e-07;2.9267863510540337e-07;1.1054760307160905e-07;7.615452046749738e-09;4.6132072384352796e-08;2.8183902145428874e-07;-1.8217639308204525e-07;8.759778324929357e-08;-1.704517842426867e-09;2.9267863510540337e-09;1.1054760307160906e-09;7.117244903504423e-09;4.61320723843528e-10;2.8183902145428872e-09;-1.8217639308204526e-09;8.759778324929357e-10;143.17086665571202;110.0;101.78302963734961;110.0;101.35329143450002;38.695796825615275;12.986821100670284;14.359541499741397;58.65283953144137;19.318111586356167;6.713742318088578;4.434393280292966;14.599478268689609;52.03256582309302;5.552442453136223;9.837619319440023;4.0;1.0700000000000007;85863.44713471408;11940.01195676412;7.19123627728628;4.434393280292966;deltaT_des_2_K;desorber;True;True;True;True;True;True;True;True;95.40052173131039;2668.2558963077654;0.058729129113080036;85863.44713471408;0.0;0.0;135.0;4.0;143.17086665571202;4.0;110.0;4.0;101.78302963734961;4.0;110.0;4.0;101.35329143450002;4.0;30.0;4.0;38.695796825615275;4.0;95.40052173131039;2668.2558963077654;0.010104580562411803;85863.44713471408;0.0;0.0;97.34863635705665;259.31574661038104;1.1287291291130808;11940.01195676412;0.5987123372868609;0.23633838587414904;156.1576877563823;353.652901486651;1.0801045805624125;85863.44713471408;0.6256653842609587;0.2574437710260964;95.40052173131039;2668.2558963077654;0.04862454855066824;85863.44713471408;0.0;0.0;113.14656213084504;259.31574661038104;1.1287291291130808;85863.44713471408;0.5987123372868609;0.23633838587414904;149.3595414997414;332.3277101232722;1.1287291291130808;85863.44713471408;0.5987123372868609;0.23633838587414904;143.80709904660517;331.79487128046225;1.0700000000000007;85863.44713471408;0.6315738832290234;0.26231165187824607;103.30894281140502;254.77549729803852;1.0700000000000007;85863.44713471408;0.6315738832290234;0.26231165187824607;103.28625768191142;254.73296578753278;1.0700000000000007;11940.01195676412;0.6315738832290234;0.26231165187824607;97.34863635705665;2682.1563725966334;0.058729129113080036;11940.01195676412;0.0;0.0;49.31811158635617;206.49012111281965;0.058729129113080036;11940.01195676412;0.0;0.0;49.320725611407;206.56491947084348;0.058729129113080036;85863.44713471408;0.0;0.0;"Zustand 3: Temperatur 422.510 K liegt außerhalb des Boryta-Prüfbereichs; Kristallisation wurde nicht bewertet.";"Zustand 4: Temperatur 416.957 K liegt außerhalb des Boryta-Prüfbereichs; Kristallisation wurde nicht bewertet.";"Zustand 5: Temperatur 376.459 K liegt außerhalb des Boryta-Prüfbereichs; Kristallisation wurde nicht bewertet.";"Zustand 6: Temperatur 376.436 K liegt außerhalb des Boryta-Prüfbereichs; Kristallisation wurde nicht bewertet.";"Zustand 20: Temperatur 429.308 K liegt außerhalb des Boryta-Prüfbereichs; Kristallisation wurde nicht bewertet.";5
parallel;Parallel (T13 = T15);parallel;110.0;110.0;30.0;110.0;4.0;4.0;4.0;110.0;1.0800000000000005;Abwärmetemperatur [°C];hot_temperature_C;110.0;10.0;10.0;25.0;15.0;11.0;nan;nan;3.5625262916315475e-16;`gtol` termination condition is satisfied.;3;6.849230719389788e-07;2.669279412737283e-08;1;True;;True;0;zulässig;feasible;True;True;True;95.39034479856622;113.16565262654376;143.74410336769444;49.33227288693365;0.17368156226030082;0.25730297032690175;0.2364177540098383;0.26217098734255606;136.445821718932;145.50030508512245;137.22206915862648;144.67374536769722;83.11991355742272;0.48402925722116585;18.376138136068846;33.16063527027103;0.0043936584019738855;0.045918340081070125;13.644582193236008;14.550030467102625;5.4888827638421995;9.644916376772766;7.556355751634658;97.38709009030208;0.011574988794523365;2682.2286984867324;259.3913596442245;231.01863057512477;0.0131812716337385;1.1255905982772836;0.6058304549430132;0.24174361650155315;-2.792477147295358e-07;2.8944148766640865e-07;7.10573431206285e-08;2.786464758930407e-08;6.257150175770221e-08;4.140962062137987e-07;-2.8389428052832955e-07;-2.1342808054214402e-07;-2.792477147295358e-09;2.8944148766640864e-09;7.105734312062851e-10;2.580059961972598e-08;6.257150175770221e-10;4.140962062137987e-09;-2.8389428052832954e-09;-2.1342808054214402e-09;143.16063527027103;110.0;101.79293844745058;110.0;101.34726403303245;38.70217135676569;12.940505766667172;14.373745480891444;58.68491873353639;19.33227288693365;6.7363384827428945;4.4058483571485;14.609655201433782;52.01237786161437;5.629642113197008;9.879320205415183;4.0;1.0800000000000005;85831.36873405262;11948.445518390086;7.183475758578627;4.4058483571485;deltaT_des_2_K;desorber;True;True;True;True;True;True;True;True;95.39034479856622;2668.2395900872893;0.05877186991102157;85831.36873405262;0.0;0.0;135.0;4.0;143.16063527027103;4.0;110.0;4.0;101.79293844745058;4.0;110.0;4.0;101.34726403303245;4.0;30.0;4.0;38.70217135676569;4.0;95.39034479856622;2668.2395900872893;0.010207590183105393;85831.36873405262;0.0;0.0;97.38709009030208;259.3913596442238;1.138771869911022;11948.445518390086;0.5988179742156668;0.2364177540098383;156.1011410369382;353.4851421895603;1.0902075901831059;85831.36873405262;0.6254928350432105;0.25730297032690175;95.39034479856622;2668.2395900872893;0.048564279727916174;85831.36873405262;0.0;0.0;113.16565262654376;259.3913596442238;1.138771869911022;85831.36873405262;0.5988179742156668;0.2364177540098383;149.37374548089144;332.3821980673026;1.138771869911022;85831.36873405262;0.5988179742156668;0.2364177540098383;143.74410336769444;331.6073044973353;1.0800000000000005;85831.36873405262;0.6314046891054673;0.26217098734255606;103.28633242112858;254.64442131523307;1.0800000000000005;85831.36873405262;0.6314046891054673;0.26217098734255606;103.2636615172571;254.60190433367652;1.0800000000000005;11948.445518390086;0.6314046891054673;0.26217098734255606;97.38709009030208;2682.2286984867324;0.05877186991102157;11948.445518390086;0.0;0.0;49.33227288693365;206.54934192713165;0.05877186991102157;11948.445518390086;0.0;0.0;49.33488617141808;206.62409977316625;0.05877186991102157;85831.36873405262;0.0;0.0;"Zustand 3: Temperatur 422.524 K liegt außerhalb des Boryta-Prüfbereichs; Kristallisation wurde nicht bewertet.";"Zustand 4: Temperatur 416.894 K liegt außerhalb des Boryta-Prüfbereichs; Kristallisation wurde nicht bewertet.";"Zustand 5: Temperatur 376.436 K liegt außerhalb des Boryta-Prüfbereichs; Kristallisation wurde nicht bewertet.";"Zustand 6: Temperatur 376.414 K liegt außerhalb des Boryta-Prüfbereichs; Kristallisation wurde nicht bewertet.";"Zustand 20: Temperatur 429.251 K liegt außerhalb des Boryta-Prüfbereichs; Kristallisation wurde nicht bewertet.";5
parallel;Parallel (T13 = T15);parallel;110.0;110.0;30.0;110.0;4.0;4.0;4.0;110.0;1.0900000000000007;Abwärmetemperatur [°C];hot_temperature_C;110.0;10.0;10.0;25.0;15.0;11.0;nan;nan;1.0006605829169539e-15;`gtol` termination condition is satisfied.;3;9.323192497370658e-07;4.473612819449072e-08;1;True;;True;0;zulässig;feasible;True;True;True;95.38010584600437;113.18547104214684;143.68076224889705;49.3465117405928;0.17531893190263884;0.25716378120617206;0.23649504174415206;0.26203226134331375;136.2732980303079;145.60747093239218;137.05490902351386;144.77513768520802;83.82561331450759;0.48353005515820546;18.532727268092675;33.15031686784141;0.0043944765487332295;0.046327392098212586;13.627329846733561;14.560747038685836;5.482196357938508;9.651675870655295;7.620510275358177;97.42512246309843;0.01155910318581564;2682.300214628277;259.4674669052924;231.1341858531143;0.013279269658022175;1.1355356033087127;0.6059247566235241;0.241816013206612;-3.8533109147920186e-07;2.8556765130360873e-07;4.838619815927814e-08;4.769452810471364e-08;7.505116172978887e-08;5.455338225601736e-07;-3.746214076727483e-07;-4.37027722455241e-07;-3.853310914792019e-09;2.855676513036087e-09;4.838619815927814e-10;4.375644780248955e-08;7.505116172978887e-10;5.455338225601736e-09;-3.746214076727483e-09;-4.37027722455241e-09;143.1503168678414;110.0;101.80293606318696;110.0;101.34119989921004;38.7085807973919;12.894707244100516;14.387190115149508;58.71654166570653;19.346511740592803;6.758319244222889;4.37781360008853;14.61989415399563;51.9920756200346;5.706427866252454;9.921133656667394;4.0;1.0900000000000007;85799.10488923111;11956.930417342026;7.175679868872556;4.37781360008853;deltaT_des_2_K;desorber;True;True;True;True;True;True;True;True;95.38010584600437;2668.2231839577576;0.058814872966734155;85799.10488923111;0.0;0.0;135.0;4.0;143.1503168678414;4.0;110.0;4.0;101.80293606318696;4.0;110.0;4.0;101.34119989921004;4.0;30.0;4.0;38.7085807973919;4.0;95.38010584600437;2668.2231839577576;0.01031136070851722;85799.10488923111;0.0;0.0;97.42512246309843;259.4674669052921;1.148814872966735;11956.930417342026;0.5989208098388725;0.23649504174415206;156.04502411194193;353.318900722016;1.100311360708518;85799.10488923111;0.6253221687492149;0.25716378120617206;95.38010584600437;2668.2231839577576;0.04850351225821693;85799.10488923111;0.0;0.0;113.18547104214684;259.4674669052921;1.148814872966735;85799.10488923111;0.5989208098388725;0.23649504174415206;149.3871901151495;332.43450039958674;1.148814872966735;85799.10488923111;0.5989208098388725;0.23649504174415206;143.68076224889705;331.4199896928884;1.0900000000000007;85799.10488923111;0.6312377376808971;0.26203226134331375;103.26433738547945;254.51575694074288;1.0900000000000007;85799.10488923111;0.6312377376808971;0.26203226134331375;103.24168075577711;254.47325474615735;1.0900000000000007;11956.930417342026;0.6312377376808971;0.26203226134331375;97.42512246309843;2682.300214628277;0.058814872966734155;11956.930417342026;0.0;0.0;49.3465117405928;206.60888711749342;0.058814872966734155;11956.930417342026;0.0;0.0;49.34912427917544;206.68360421415738;0.058814872966734155;85799.10488923111;0.0;0.0;"Zustand 3: Temperatur 422.537 K liegt außerhalb des Boryta-Prüfbereichs; Kristallisation wurde nicht bewertet.";"Zustand 4: Temperatur 416.831 K liegt außerhalb des Boryta-Prüfbereichs; Kristallisation wurde nicht bewertet.";"Zustand 5: Temperatur 376.414 K liegt außerhalb des Boryta-Prüfbereichs; Kristallisation wurde nicht bewertet.";"Zustand 6: Temperatur 376.392 K liegt außerhalb des Boryta-Prüfbereichs; Kristallisation wurde nicht bewertet.";"Zustand 20: Temperatur 429.195 K liegt außerhalb des Boryta-Prüfbereichs; Kristallisation wurde nicht bewertet.";5
