config_case_key;config_case_label;config_routing_mode;input_fixed_T13_C;input_fixed_T15_C;input_fixed_T17_C;input_fixed_hot_C;input_fixed_m13_kg_s;input_fixed_m15_kg_s;input_fixed_m17_kg_s;input_hot_variation_C;input_m6_kg_s;input_outer_variation_label;input_outer_variation_mode;input_outer_variation_value;input_scaled_UA_abs;input_scaled_UA_cond;input_scaled_UA_des;input_scaled_UA_evap;input_scaled_UA_shex;input_ua_scale_factor;input_ua_scale_percent;solve_cost;solve_message;solve_nfev;solve_raw_residual_norm;solve_scaled_residual_norm;solve_status;solve_success;status_final_evaluation_error;status_final_point_evaluable;failure_code;failure_label;failure_reason;feasible_margin;feasible_numeric;feasible_physical;primary_T10_C;primary_T2_C;primary_T4_C;primary_T8_C;primary_beta;primary_x20;primary_x3;primary_x6;heat_Q_abs_kW;heat_Q_cond_kW;heat_Q_des_kW;heat_Q_evap_kW;heat_Q_shex_kW;kpi_COP;kpi_FR;kpi_GTL_K;pump_W_ref_pump_kW;pump_W_sol_pump_kW;lmtd_LMTD_abs_K;lmtd_LMTD_cond_K;lmtd_LMTD_des_K;lmtd_LMTD_evap_K;lmtd_LMTD_shex_K;flash_T1_C;flash_flash_fraction;flash_h1_flash_kJ_kg;flash_h1_mix_kJ_kg;flash_h1_sol_kJ_kg;flash_m1_flash_kg_s;flash_m1_sol_kg_s;flash_w1_LiBr;flash_x1_LiBr_mol;residual_raw_R1_SHEX_energy;residual_raw_R2_SHEX_UA;residual_raw_R3_preabs_energy;residual_raw_R4_preabs_LiBr;residual_raw_R5_desorber_UA;residual_raw_R6_condenser_UA;residual_raw_R7_evaporator_UA;residual_raw_R8_absorber_UA;residual_scaled_R1_SHEX_energy;residual_scaled_R2_SHEX_UA;residual_scaled_R3_preabs_energy;residual_scaled_R4_preabs_LiBr;residual_scaled_R5_desorber_UA;residual_scaled_R6_condenser_UA;residual_scaled_R7_evaporator_UA;residual_scaled_R8_absorber_UA;diagnostic_T12_C;diagnostic_T13_C;diagnostic_T14_C;diagnostic_T15_C;diagnostic_T16_C;diagnostic_T18_C;diagnostic_deltaT_abs_1_K;diagnostic_deltaT_abs_2_K;diagnostic_deltaT_cond_1_K;diagnostic_deltaT_cond_2_K;diagnostic_deltaT_des_1_K;diagnostic_deltaT_des_2_K;diagnostic_deltaT_evap_1_K;diagnostic_deltaT_evap_2_K;diagnostic_deltaT_shex_1_K;diagnostic_deltaT_shex_2_K;diagnostic_m11_kg_s;diagnostic_m6_kg_s;diagnostic_p_high_Pa;diagnostic_p_low_Pa;diagnostic_pressure_ratio_high_over_low;pinch_deltaT_min_global_K;pinch_limiting_key;pinch_limiting_unit;check_beta_in_0_1;check_crystallization_safe_all_checked_states;check_desorber_evaporator_temperature_coupling_ok;check_m21_nonnegative;check_m7_positive;check_p_high_gt_p_low;check_w6_gt_w20_gt_w3;check_w6_gt_w3;state_10_T_C;state_10_h_kJ_kg;state_10_m_kg_s;state_10_p_Pa;state_10_w_LiBr;state_10_x_LiBr_mol;state_11_T_C;state_11_m_kg_s;state_12_T_C;state_12_m_kg_s;state_13_T_C;state_13_m_kg_s;state_14_T_C;state_14_m_kg_s;state_15_T_C;state_15_m_kg_s;state_16_T_C;state_16_m_kg_s;state_17_T_C;state_17_m_kg_s;state_18_T_C;state_18_m_kg_s;state_19_T_C;state_19_h_kJ_kg;state_19_m_kg_s;state_19_p_Pa;state_19_w_LiBr;state_19_x_LiBr_mol;state_1_T_C;state_1_h_kJ_kg;state_1_m_kg_s;state_1_p_Pa;state_1_w_LiBr;state_1_x_LiBr_mol;state_20_T_C;state_20_h_kJ_kg;state_20_m_kg_s;state_20_p_Pa;state_20_w_LiBr;state_20_x_LiBr_mol;state_21_T_C;state_21_h_kJ_kg;state_21_m_kg_s;state_21_p_Pa;state_21_w_LiBr;state_21_x_LiBr_mol;state_2_T_C;state_2_h_kJ_kg;state_2_m_kg_s;state_2_p_Pa;state_2_w_LiBr;state_2_x_LiBr_mol;state_3_T_C;state_3_h_kJ_kg;state_3_m_kg_s;state_3_p_Pa;state_3_w_LiBr;state_3_x_LiBr_mol;state_4_T_C;state_4_h_kJ_kg;state_4_m_kg_s;state_4_p_Pa;state_4_w_LiBr;state_4_x_LiBr_mol;state_5_T_C;state_5_h_kJ_kg;state_5_m_kg_s;state_5_p_Pa;state_5_w_LiBr;state_5_x_LiBr_mol;state_6_T_C;state_6_h_kJ_kg;state_6_m_kg_s;state_6_p_Pa;state_6_w_LiBr;state_6_x_LiBr_mol;state_7_T_C;state_7_h_kJ_kg;state_7_m_kg_s;state_7_p_Pa;state_7_w_LiBr;state_7_x_LiBr_mol;state_8_T_C;state_8_h_kJ_kg;state_8_m_kg_s;state_8_p_Pa;state_8_w_LiBr;state_8_x_LiBr_mol;state_9_T_C;state_9_h_kJ_kg;state_9_m_kg_s;state_9_p_Pa;state_9_w_LiBr;state_9_x_LiBr_mol;validity_message_1;validity_message_2;validity_message_3;validity_message_4;validity_message_5;validity_message_count
series_evaporator_to_desorber;Serie Verdampfer → Desorber;series_evaporator_to_desorber;nan;125.0;30.0;125.0;8.0;8.0;4.0;125.0;0.4;Abwärmetemperatur [°C];hot_temperature_C;125.0;10.0;10.0;25.0;15.0;11.0;nan;nan;2.8914731197782683e-21;`gtol` termination condition is satisfied.;5;7.601280547048501e-09;7.604568521327517e-11;1;True;;True;0;zulässig;feasible_but_near_limit_shex;False;True;True;108.25620045825076;126.51889543975881;149.75404706271541;56.75282516109138;0.09020990207871589;0.26727237871209353;0.19470450561794594;0.27752864317465453;204.39798734878917;201.34953802379553;203.32720987059227;202.38375309569614;24.788107554046654;0.5038019822150409;4.843654862728991;22.224760008898897;0.009898963747078252;0.026663442552731873;20.43979873487837;20.134953802379876;8.133088394824748;13.492250206379863;2.2534643237861713;94.36050532596028;0.027354833836747364;2675.7594945083115;275.6193722033713;208.11743366030527;0.013200957731260732;0.46938130944841067;0.5533717657954808;0.20445827401233513;3.5207392556912964e-12;-7.601229867759685e-09;-3.268496584496461e-12;-2.2361001938975278e-12;-2.6432189770275727e-11;-3.211653165635653e-12;-1.8189894035458565e-12;5.4853899200679734e-12;3.5207392556912965e-14;-7.601229867759685e-11;-3.2684965844964606e-14;-2.2361001938975278e-12;-2.643218977027573e-13;-3.2116531656356525e-14;-1.8189894035458565e-14;5.485389920067973e-14;147.2247600088989;118.94785427345408;112.86749512660623;125.0;118.94785427345408;42.042436484676784;27.249302583088195;14.871920031062075;52.31806884128349;26.75282516109138;2.6261830371532255;18.506989800645954;16.74379954174924;62.19027759342987;0.11787296834665995;10.160868762495568;4.0;0.4;135179.88504548027;17134.192646642397;7.889480866317329;0.11787296834665995;deltaT_shex_1_K;shex;True;True;True;True;True;True;True;True;108.25620045825076;2688.4028145733328;0.08258226717967138;135179.88504548027;0.0;0.0;135.0;4.0;147.2247600088989;4.0;118.94785427345408;8.0;112.86749512660623;8.0;125.0;8.0;118.94785427345408;8.0;30.0;4.0;42.042436484676784;4.0;108.25620045825076;2688.4028145733328;0.007449738235716508;135179.88504548027;0.0;0.0;94.36050532596028;275.61937220337086;0.4825822671796714;17134.192646642397;0.5382343730921979;0.19470450561794594;174.4740625919871;393.19847113941563;0.4074497382357165;135179.88504548027;0.6374832026345119;0.26727237871209353;108.25620045825076;2688.4028145733328;0.07513252894395486;135179.88504548027;0.0;0.0;126.51889543975881;275.61937220337086;0.4825822671796714;135179.88504548027;0.5382343730921979;0.19470450561794594;149.87192003106207;326.9849304509095;0.4825822671796714;135179.88504548027;0.5382343730921979;0.19470450561794594;149.75404706271541;350.4517922492518;0.4;135179.88504548027;0.6493559101021549;0.27752864317465453;116.35802667726324;288.481523364144;0.4;135179.88504548027;0.6493559101021549;0.27752864317465453;116.32167123630086;288.41486475776213;0.4;17134.192646642397;0.6493559101021549;0.27752864317465453;94.36050532596028;2675.7594945083115;0.08258226717967138;17134.192646642397;0.0;0.0;56.75282516109138;237.5903221153291;0.08258226717967138;17134.192646642397;0.0;0.0;56.757576680024215;237.71019002505287;0.08258226717967138;135179.88504548027;0.0;0.0;"Zustand 3: Temperatur 423.022 K liegt außerhalb des Boryta-Prüfbereichs; Kristallisation wurde nicht bewertet.";"Zustand 4: Temperatur 422.904 K liegt außerhalb des Boryta-Prüfbereichs; Kristallisation wurde nicht bewertet.";"Zustand 5: Temperatur 389.508 K liegt außerhalb des Boryta-Prüfbereichs; Kristallisation wurde nicht bewertet.";"Zustand 6: Temperatur 389.472 K liegt außerhalb des Boryta-Prüfbereichs; Kristallisation wurde nicht bewertet.";"Zustand 20: Temperatur 447.624 K liegt außerhalb des Boryta-Prüfbereichs; Kristallisation wurde nicht bewertet.";5
series_evaporator_to_desorber;Serie Verdampfer → Desorber;series_evaporator_to_desorber;nan;125.0;30.0;125.0;8.0;8.0;4.0;125.0;0.41000000000000003;Abwärmetemperatur [°C];hot_temperature_C;125.0;10.0;10.0;25.0;15.0;11.0;nan;nan;8.035653443519178e-22;`gtol` termination condition is satisfied.;5;4.007360139738482e-09;4.008903451947722e-11;1;True;;True;0;zulässig;feasible_but_near_limit_shex;False;True;True;108.21706746544442;126.35727500858036;149.97988655648578;56.822425991128625;0.09071017357173602;0.2667150804715872;0.19553243656681513;0.2767663820820861;204.87745926610773;201.87337410053536;203.85686698261642;202.8567569640404;25.71633071045559;0.5037388648996395;4.952460682377644;22.25343655897774;0.009904028255185588;0.027305391732719914;20.487745926610547;20.187337410053775;8.154274679305365;13.523783797602725;2.3378482467693553;94.66956678414203;0.026883437244569496;2676.344854999978;275.3155351968919;208.98440539007123;0.013247811849915136;0.47953931687155144;0.5544498842294888;0.20516888589267288;1.5702994460298214e-12;-4.007318921139813e-09;-1.4210854715202004e-12;-1.1123324483719443e-12;-1.7706724975141697e-11;-2.3874235921539366e-12;-4.831690603168681e-13;2.2737367544323206e-12;1.5702994460298214e-14;-4.007318921139813e-11;-1.4210854715202004e-14;-1.1123324483719443e-12;-1.7706724975141698e-13;-2.3874235921539365e-14;-4.831690603168682e-15;2.2737367544323207e-14;147.25343655897774;118.93370942093179;112.83751124561434;125.0;118.93370942093179;42.07376639357267;26.994590174842074;15.1213478647079;52.595800390569366;26.822425991128625;2.738737135134329;18.167944461472302;16.782932534555584;62.10653604469405;0.14146130822211944;10.126034312595891;4.0;0.41000000000000003;135000.4212563279;17190.71502915406;7.853100992447268;0.14146130822211944;deltaT_shex_1_K;shex;True;True;True;True;True;True;True;True;108.21706746544442;2688.342938604279;0.08278712872146654;135000.4212563279;0.0;0.0;135.0;4.0;147.25343655897774;4.0;118.93370942093179;8.0;112.83751124561434;8.0;125.0;8.0;118.93370942093179;8.0;30.0;4.0;42.07376639357267;4.0;108.21706746544442;2688.342938604279;0.007509634815829882;135000.4212563279;0.0;0.0;94.66956678414203;275.3155351968924;0.49278712872146657;17190.71502915406;0.5395443655615465;0.19553243656681513;174.2480267338198;392.5514747795138;0.4175096348158299;135000.4212563279;0.6368248695417922;0.2667150804715872;108.21706746544442;2688.342938604279;0.07527749390563666;135000.4212563279;0.0;0.0;126.35727500858036;275.3155351968924;0.49278712872146657;135000.4212563279;0.5395443655615465;0.19553243656681513;150.1213478647079;327.5010108548636;0.49278712872146657;135000.4212563279;0.5395443655615465;0.19553243656681513;149.97988655648578;350.5013393975018;0.41000000000000003;135000.4212563279;0.6484890700559021;0.2767663820820861;116.23124069598447;287.77858156712614;0.41000000000000003;135000.4212563279;0.6484890700559021;0.2767663820820861;116.19497228579746;287.7119830507049;0.41000000000000003;17190.71502915406;0.6484890700559021;0.2767663820820861;94.66956678414203;2676.344854999978;0.08278712872146654;17190.71502915406;0.0;0.0;56.822425991128625;237.8815670687226;0.08278712872146654;17190.71502915406;0.0;0.0;56.82717337623774;238.00119953343227;0.08278712872146654;135000.4212563279;0.0;0.0;"Zustand 3: Temperatur 423.271 K liegt außerhalb des Boryta-Prüfbereichs; Kristallisation wurde nicht bewertet.";"Zustand 4: Temperatur 423.130 K liegt außerhalb des Boryta-Prüfbereichs; Kristallisation wurde nicht bewertet.";"Zustand 5: Temperatur 389.381 K liegt außerhalb des Boryta-Prüfbereichs; Kristallisation wurde nicht bewertet.";"Zustand 6: Temperatur 389.345 K liegt außerhalb des Boryta-Prüfbereichs; Kristallisation wurde nicht bewertet.";"Zustand 20: Temperatur 447.398 K liegt außerhalb des Boryta-Prüfbereichs; Kristallisation wurde nicht bewertet.";5
series_evaporator_to_desorber;Serie Verdampfer → Desorber;series_evaporator_to_desorber;nan;125.0;30.0;125.0;8.0;8.0;4.0;125.0;0.42000000000000004;Abwärmetemperatur [°C];hot_temperature_C;125.0;10.0;10.0;25.0;15.0;11.0;nan;nan;2.3380937718633815e-22;`gtol` termination condition is satisfied.;5;2.161723712565011e-09;2.162449431484298e-11;1;True;;True;0;zulässig;feasible_but_near_limit_shex;False;True;True;108.18014818333012;126.19823212016752;150.19443074258947;56.88820939841929;0.09120908144456864;0.26617433052763495;0.19632980764966182;0.27602977343086793;205.32396712477893;202.3684791441287;204.3515858295411;203.30300351980355;26.64862821565918;0.503671423036094;5.06143176649815;22.28014157444852;0.009908720582383656;0.027948198981534403;20.532396712477837;20.236847914413;8.174063433182056;13.55353356798691;2.4226025652564434;94.96528470594438;0.026430281673043638;2676.905051453726;275.0236370731469;209.81782681395018;0.013293915566771564;0.4896865570299351;0.555483102896656;0.20585193928498716;9.059419880941277e-13;-2.161698375857668e-09;-7.105427357601002e-13;-5.60218538225854e-13;-1.028865881380625e-11;-1.3073986337985843e-12;-1.1368683772161603e-13;5.684341886080801e-13;9.059419880941277e-15;-2.161698375857668e-11;-7.105427357601002e-15;-5.60218538225854e-13;-1.0288658813806251e-13;-1.3073986337985844e-14;-1.1368683772161603e-15;5.684341886080802e-15;147.28014157444852;118.92036472727858;112.8093723280698;125.0;118.92036472727858;42.10337793924214;26.74974724662161;15.362287821978327;52.86190676670225;26.888209398419292;2.8500171655927033;17.844087622125414;16.819851816669882;62.02741185704656;0.16785707938885253;10.091698508002992;4.0;0.42000000000000004;134831.28941873132;17244.283498727378;7.818897748270134;0.16785707938885253;deltaT_shex_1_K;shex;True;True;True;True;True;True;True;True;108.18014818333012;2688.2864411554606;0.0829804725967066;134831.28941873132;0.0;0.0;135.0;4.0;147.28014157444852;4.0;118.92036472727858;8.0;112.8093723280698;8.0;125.0;8.0;118.92036472727858;8.0;30.0;4.0;42.10337793924214;4.0;108.18014818333012;2688.2864411554606;0.007568572683381809;134831.28941873132;0.0;0.0;94.96528470594438;275.02363707314555;0.5029804725967066;17244.283498727378;0.5408015280224812;0.19632980764966182;174.02988882107013;391.92620075021745;0.42756857268338183;134831.28941873132;0.6361847561414589;0.26617433052763495;108.18014818333012;2688.2864411554606;0.0754118999133248;134831.28941873132;0.0;0.0;126.19823212016752;275.02363707314555;0.5029804725967066;134831.28941873132;0.5408015280224812;0.19632980764966182;150.36228782197833;328.00507406230327;0.5029804725967066;134831.28941873132;0.5408015280224812;0.19632980764966182;150.19443074258947;350.5448450675129;0.42000000000000004;134831.28941873132;0.6476490670137348;0.27602977343086793;116.10653361216453;287.0957302683265;0.42000000000000004;134831.28941873132;0.6476490670137348;0.27602977343086793;116.07034756168588;287.0291869374181;0.42000000000000004;17244.283498727378;0.6476490670137348;0.27602977343086793;94.96528470594438;2676.905051453726;0.0829804725967066;17244.283498727378;0.0;0.0;56.88820939841929;238.15683983941338;0.0829804725967066;17244.283498727378;0.0;0.0;56.89295287023202;238.27625010874917;0.0829804725967066;134831.28941873132;0.0;0.0;"Zustand 3: Temperatur 423.512 K liegt außerhalb des Boryta-Prüfbereichs; Kristallisation wurde nicht bewertet.";"Zustand 4: Temperatur 423.344 K liegt außerhalb des Boryta-Prüfbereichs; Kristallisation wurde nicht bewertet.";"Zustand 5: Temperatur 389.257 K liegt außerhalb des Boryta-Prüfbereichs; Kristallisation wurde nicht bewertet.";"Zustand 6: Temperatur 389.220 K liegt außerhalb des Boryta-Prüfbereichs; Kristallisation wurde nicht bewertet.";"Zustand 20: Temperatur 447.180 K liegt außerhalb des Boryta-Prüfbereichs; Kristallisation wurde nicht bewertet.";5
series_evaporator_to_desorber;Serie Verdampfer → Desorber;series_evaporator_to_desorber;nan;125.0;30.0;125.0;8.0;8.0;4.0;125.0;0.43000000000000005;Abwärmetemperatur [°C];hot_temperature_C;125.0;10.0;10.0;25.0;15.0;11.0;nan;nan;7.112075246016579e-23;`gtol` termination condition is satisfied.;5;1.192309375624534e-09;1.1926504304293508e-11;1;True;;True;0;zulässig;feasible_but_near_limit_shex;False;True;True;108.1452735541231;126.04206065162168;150.39796053116214;56.950460047009585;0.09170820634265764;0.265649258073717;0.19709809484745575;0.275317535057061;205.73957989943835;202.83699561892624;204.8135344351865;203.72453617905109;27.584393995446806;0.5035995289009628;5.170557896910268;22.30499879781331;0.009913076302707793;0.02859182782482169;20.57395798994384;20.283699561892696;8.192541377407792;13.581635745270075;2.5076721815126444;95.24845959212024;0.025994594228067644;2677.4415859291175;274.7435178838749;210.6194781595792;0.013339468450462022;0.4998237043779386;0.5564740186979711;0.2065089067379855;5.009326287108706e-13;-1.1922800524644117e-09;-4.547473508864641e-13;-2.852162950262027e-13;-8.29913915367797e-12;-7.105427357601002e-13;-5.684341886080802e-14;-2.842170943040401e-14;5.009326287108706e-15;-1.1922800524644116e-11;-4.547473508864641e-15;-2.852162950262027e-13;-8.29913915367797e-14;-7.105427357601002e-15;-5.684341886080802e-16;-2.842170943040401e-16;147.3049987978133;118.90775908555469;112.78295243378477;125.0;118.90775908555469;42.131399259505145;26.514171372244107;15.595078173786817;53.1170603326151;26.950460047009585;2.9599321685942073;17.53449284166453;16.854726445876906;61.95255927508606;0.19711764262467568;10.058125721291844;4.0;0.43000000000000005;134671.68466962362;17295.10629908612;7.786693087670685;0.19711764262467568;deltaT_shex_1_K;shex;True;True;True;True;True;True;True;True;108.1452735541231;2688.233064968516;0.08316317282840058;134671.68466962362;0.0;0.0;135.0;4.0;147.3049987978133;4.0;118.90775908555469;8.0;112.78295243378477;8.0;125.0;8.0;118.90775908555469;8.0;30.0;4.0;42.131399259505145;4.0;108.1452735541231;2688.233064968516;0.00762674541385706;134671.68466962362;0.0;0.0;95.24845959212024;274.7435178838748;0.5131631728284006;17295.10629908612;0.5420087023834552;0.19709809484745575;173.81917017005742;391.3213926148183;0.4376267454138571;134671.68466962362;0.6355619448097295;0.265649258073717;108.1452735541231;2688.233064968516;0.07553642741454351;134671.68466962362;0.0;0.0;126.04206065162168;274.7435178838748;0.5131631728284006;134671.68466962362;0.5420087023834552;0.19709809484745575;150.59507817378682;328.4971686835024;0.5131631728284006;134671.68466962362;0.5420087023834552;0.19709809484745575;150.39796053116214;350.58194944468164;0.43000000000000005;134671.68466962362;0.6468346637574376;0.275317535057061;115.98393493032984;286.43219596689954;0.43000000000000005;134671.68466962362;0.6468346637574376;0.275317535057061;115.94782691696048;286.3657033440511;0.43000000000000005;17295.10629908612;0.6468346637574376;0.275317535057061;95.24845959212024;2677.4415859291175;0.08316317282840058;17295.10629908612;0.0;0.0;56.950460047009585;238.41733131750746;0.08316317282840058;17295.10629908612;0.0;0.0;56.95519981046863;238.5365316313671;0.08316317282840058;134671.68466962362;0.0;0.0;"Zustand 3: Temperatur 423.745 K liegt außerhalb des Boryta-Prüfbereichs; Kristallisation wurde nicht bewertet.";"Zustand 4: Temperatur 423.548 K liegt außerhalb des Boryta-Prüfbereichs; Kristallisation wurde nicht bewertet.";"Zustand 5: Temperatur 389.134 K liegt außerhalb des Boryta-Prüfbereichs; Kristallisation wurde nicht bewertet.";"Zustand 6: Temperatur 389.098 K liegt außerhalb des Boryta-Prüfbereichs; Kristallisation wurde nicht bewertet.";"Zustand 20: Temperatur 446.969 K liegt außerhalb des Boryta-Prüfbereichs; Kristallisation wurde nicht bewertet.";5
series_evaporator_to_desorber;Serie Verdampfer → Desorber;series_evaporator_to_desorber;nan;125.0;30.0;125.0;8.0;8.0;4.0;125.0;0.44000000000000006;Abwärmetemperatur [°C];hot_temperature_C;125.0;10.0;10.0;25.0;15.0;11.0;nan;nan;2.2459441730936422e-23;`gtol` termination condition is satisfied.;5;6.700569828626429e-10;6.7021551356166655e-12;1;True;;True;0;zulässig;feasible_but_near_limit_shex;False;True;True;108.11228845075345;125.88901384100075;150.59076499193225;57.00943960455612;0.09220902282504986;0.2651390550453624;0.19783868477937244;0.27462846806792757;206.1261944692246;203.28089291176673;205.24470403710652;204.12322997609274;28.523055435677172;0.5035230591914863;5.2798290129370695;22.328121678781372;0.009917127146635339;0.029236240645795265;20.612619446922455;20.32808929117674;8.20978816148435;13.608215331739475;2.5930050396679296;95.51983535837121;0.025575641781498563;2677.9558547779893;274.47500882735915;211.39103044948845;0.01338465488783358;0.5099513771923486;0.5574250397730852;0.2071411628969542;3.588240815588506e-13;-6.700524579628109e-10;-1.1368683772161603e-13;-1.4577228313328305e-13;-2.2453150450019166e-12;-6.821210263296962e-13;6.252776074688882e-13;5.684341886080802e-14;3.588240815588506e-15;-6.700524579628109e-12;-1.1368683772161603e-15;-1.4577228313328305e-13;-2.2453150450019167e-14;-6.8212102632969615e-15;6.252776074688882e-15;5.684341886080802e-16;147.32812167878137;118.89583642415988;112.75813594458134;125.0;118.89583642415988;42.15794814065589;26.287307162158356;15.820042051845348;53.36188721771532;27.00943960455612;3.0684050808413303;17.23830058621013;16.887711549246546;61.881660574085686;0.22927705991310177;10.025548518462188;4.0;0.44000000000000006;134520.87057101852;17343.376369985035;7.756325394853585;0.22927705991310177;deltaT_shex_1_K;shex;True;True;True;True;True;True;True;True;108.11228845075345;2688.1825738837497;0.08333603208018214;134520.87057101852;0.0;0.0;135.0;4.0;147.32812167878137;4.0;118.89583642415988;8.0;112.75813594458134;8.0;125.0;8.0;118.89583642415988;8.0;30.0;4.0;42.15794814065589;4.0;108.11228845075345;2688.1825738837497;0.007684334084230603;134520.87057101852;0.0;0.0;95.51983535837121;274.4750088273598;0.5233360320801822;17343.376369985035;0.5431685366358112;0.19783868477937244;173.61542884093973;390.7358877102014;0.44768433408423064;134520.87057101852;0.6349555815827309;0.2651390550453624;108.11228845075345;2688.1825738837497;0.07565169799595153;134520.87057101852;0.0;0.0;125.88901384100075;274.4750088273598;0.5233360320801822;134520.87057101852;0.5431685366358112;0.19783868477937244;150.82004205184535;328.97738146603;0.5233360320801822;134520.87057101852;0.5431685366358112;0.19783868477937244;150.59076499193225;350.6123698073237;0.44000000000000006;134520.87057101852;0.6460446970767828;0.27462846806792757;115.86346532253856;285.78724381714915;0.44000000000000006;134520.87057101852;0.6460446970767828;0.27462846806792757;115.82743134331855;285.7207978156814;0.44000000000000006;17343.376369985035;0.6460446970767828;0.27462846806792757;95.51983535837121;2677.9558547779893;0.08333603208018214;17343.376369985035;0.0;0.0;57.00943960455612;238.66413620685447;0.08333603208018214;17343.376369985035;0.0;0.0;57.014175850074196;238.78313787874944;0.08333603208018214;134520.87057101852;0.0;0.0;"Zustand 3: Temperatur 423.970 K liegt außerhalb des Boryta-Prüfbereichs; Kristallisation wurde nicht bewertet.";"Zustand 4: Temperatur 423.741 K liegt außerhalb des Boryta-Prüfbereichs; Kristallisation wurde nicht bewertet.";"Zustand 5: Temperatur 389.013 K liegt außerhalb des Boryta-Prüfbereichs; Kristallisation wurde nicht bewertet.";"Zustand 6: Temperatur 388.977 K liegt außerhalb des Boryta-Prüfbereichs; Kristallisation wurde nicht bewertet.";"Zustand 20: Temperatur 446.765 K liegt außerhalb des Boryta-Prüfbereichs; Kristallisation wurde nicht bewertet.";5
series_evaporator_to_desorber;Serie Verdampfer → Desorber;series_evaporator_to_desorber;nan;125.0;30.0;125.0;8.0;8.0;4.0;125.0;0.45000000000000007;Abwärmetemperatur [°C];hot_temperature_C;125.0;10.0;10.0;25.0;15.0;11.0;nan;nan;7.525430439582465e-24;`gtol` termination condition is satisfied.;5;3.878815811946729e-10;3.8795439009199174e-12;1;True;;True;0;zulässig;feasible_but_near_limit_shex;False;True;True;108.08105039887329;125.7393065703875;150.77314054106824;57.065388802636335;0.09271289816856178;0.2646429707263314;0.1985528809998861;0.2739614495832625;206.48555354659712;203.70198283847185;205.64692707388076;204.5008070106914;29.46407373665188;0.5034418976066315;5.389235231943955;22.349614446566818;0.009920901468373244;0.02988139902845282;20.64855535465981;20.370198283847323;8.225877082955492;13.633387134046163;2.6785521579127;95.78010361964624;0.02517272717155752;2678.449156595696;274.2179291730305;212.13405192403954;0.013429644612446445;0.5200701435082663;0.5583384007970769;0.2077499914660667;-7.105427357601002e-15;-3.878213306052203e-10;-3.126388037344441e-13;-7.51620987671231e-14;-6.536993168992922e-12;-1.3642420526593924e-12;-1.0516032489249483e-12;-9.663381206337363e-13;-7.105427357601002e-17;-3.8782133060522024e-12;-3.126388037344441e-15;-7.51620987671231e-14;-6.536993168992921e-14;-1.3642420526593923e-14;-1.0516032489249483e-14;-9.663381206337363e-15;147.34961444656682;118.8845452448956;112.7348165644566;125.0;118.8845452448956;42.183132944884676;26.068641915792682;16.037487966954075;53.596970674761565;27.065388802636335;3.1753713373086043;16.954712944810353;16.918949601126712;61.81442353772758;0.2643474258858305;9.99416900827805;4.0;0.45000000000000007;134378.17256100415;17389.272531868053;7.727647738842385;0.2643474258858305;deltaT_shex_1_K;shex;True;True;True;True;True;True;True;True;108.08105039887329;2688.1347509174298;0.08349978812071268;134378.17256100415;0.0;0.0;135.0;4.0;147.34961444656682;4.0;118.8845452448956;8.0;112.7348165644566;8.0;125.0;8.0;118.8845452448956;8.0;30.0;4.0;42.183132944884676;4.0;108.08105039887329;2688.1347509174298;0.007741507353132119;134378.17256100415;0.0;0.0;95.78010361964624;274.2179291730289;0.5334997881207127;17389.272531868053;0.5442835005644083;0.1985528809998861;173.4182563623595;390.1686089766967;0.4577415073531322;134378.17256100415;0.6343648709243495;0.2646429707263314;108.08105039887329;2688.1347509174298;0.07575828076758057;134378.17256100415;0.0;0.0;125.7393065703875;274.2179291730289;0.5334997881207127;134378.17256100415;0.5442835005644083;0.1985528809998861;151.03748796695407;329.44583065063017;0.5334997881207127;134378.17256100415;0.5442835005644083;0.1985528809998861;150.77314054106824;350.6358938987342;0.45000000000000007;134378.17256100415;0.6452780716193592;0.2739614495832625;115.74513756210945;285.16017448395223;0.45000000000000007;134378.17256100415;0.6452780716193592;0.2739614495832625;115.709173907587;285.09377137500013;0.45000000000000007;17389.272531868053;0.6452780716193592;0.2739614495832625;95.78010361964624;2678.449156595696;0.08349978812071268;17389.272531868053;0.0;0.0;57.065388802636335;238.89826164028463;0.08349978812071268;17389.272531868053;0.0;0.0;57.07012170716803;239.0170751330091;0.08349978812071268;134378.17256100415;0.0;0.0;"Zustand 3: Temperatur 424.187 K liegt außerhalb des Boryta-Prüfbereichs; Kristallisation wurde nicht bewertet.";"Zustand 4: Temperatur 423.923 K liegt außerhalb des Boryta-Prüfbereichs; Kristallisation wurde nicht bewertet.";"Zustand 5: Temperatur 388.895 K liegt außerhalb des Boryta-Prüfbereichs; Kristallisation wurde nicht bewertet.";"Zustand 6: Temperatur 388.859 K liegt außerhalb des Boryta-Prüfbereichs; Kristallisation wurde nicht bewertet.";"Zustand 20: Temperatur 446.568 K liegt außerhalb des Boryta-Prüfbereichs; Kristallisation wurde nicht bewertet.";5
series_evaporator_to_desorber;Serie Verdampfer → Desorber;series_evaporator_to_desorber;nan;125.0;30.0;125.0;8.0;8.0;4.0;125.0;0.4600000000000001;Abwärmetemperatur [°C];hot_temperature_C;125.0;10.0;10.0;25.0;15.0;11.0;nan;nan;2.517818891765492e-24;`gtol` termination condition is satisfied.;5;2.243680461343597e-10;2.2440226789252785e-12;1;True;;True;0;zulässig;feasible_but_near_limit_shex;False;True;True;108.05142843288598;125.59311788564105;150.94538982856045;57.11852928717474;0.09322109271121057;0.2641603068861709;0.1992419098282659;0.27331542636477724;206.81926147342196;204.1019335706936;206.02189308007027;204.85885027534212;30.406943839034582;0.5033559367724445;5.498766866720261;22.369573054630507;0.009924424649834368;0.030527264053364315;20.68192614734212;20.410193357069446;8.24087572320293;13.657256685022876;2.7642676217508115;96.02990765918997;0.02478518605822401;2678.9226995959752;273.9720845944482;212.85001425517228;0.013474593291296855;0.5301805263290713;0.5592161770358499;0.20833659173962227;6.750155989720952e-14;-2.2434321067521523e-10;-2.8421709430404007e-13;-3.9190872769268026e-14;-2.9558577807620168e-12;-8.526512829121202e-13;-1.0231815394945443e-12;7.389644451905042e-13;6.750155989720952e-16;-2.2434321067521524e-12;-2.842170943040401e-15;-3.9190872769268026e-14;-2.955857780762017e-14;-8.526512829121202e-15;-1.0231815394945442e-14;7.389644451905042e-15;147.3695730546305;118.87383820946945;112.7128964307592;125.0;118.87383820946945;42.20705344322329;25.857701736604895;16.247710369248978;53.822854215966686;27.118529287174738;3.28077758612892;16.682988771569228;16.948571567114016;61.750579194309864;0.30232054068852676;9.964160492807196;4.0;0.4600000000000001;134242.97212649512;17432.96057239822;7.70052634312977;0.30232054068852676;deltaT_shex_1_K;shex;True;True;True;True;True;True;True;True;108.05142843288598;2688.089396539071;0.08365511962036809;134242.97212649512;0.0;0.0;135.0;4.0;147.3695730546305;4.0;118.87383820946945;8.0;112.7128964307592;8.0;125.0;8.0;118.87383820946945;8.0;30.0;4.0;42.20705344322329;4.0;108.05142843288598;2688.089396539071;0.007798421661897744;134242.97212649512;0.0;0.0;96.02990765918997;273.97208459444846;0.5436551196203682;17432.96057239822;0.5453559000412476;0.1992419098282659;173.2272747912354;389.61855760255867;0.46779842166189783;134242.97212649512;0.6337890709834901;0.2641603068861709;108.05142843288598;2688.089396539071;0.07585669795847035;134242.97212649512;0.0;0.0;125.59311788564105;273.97208459444846;0.5436551196203682;134242.97212649512;0.5453559000412476;0.1992419098282659;151.24771036924898;329.9026603246423;0.5436551196203682;134242.97212649512;0.5453559000412476;0.1992419098282659;150.94538982856045;350.65237329907376;0.4600000000000001;134242.97212649512;0.6445337545056478;0.27331542636477724;115.62895739283385;284.5503214750857;0.4600000000000001;134242.97212649512;0.6445337545056478;0.27331542636477724;115.59306062334053;284.4839578575784;0.4600000000000001;17432.96057239822;0.6445337545056478;0.27331542636477724;96.02990765918997;2678.9226995959752;0.08365511962036809;17432.96057239822;0.0;0.0;57.11852928717474;239.12063491756328;0.08365511962036809;17432.96057239822;0.0;0.0;57.12325901515959;239.23926991198886;0.08365511962036809;134242.97212649512;0.0;0.0;"Zustand 3: Temperatur 424.398 K liegt außerhalb des Boryta-Prüfbereichs; Kristallisation wurde nicht bewertet.";"Zustand 4: Temperatur 424.095 K liegt außerhalb des Boryta-Prüfbereichs; Kristallisation wurde nicht bewertet.";"Zustand 5: Temperatur 388.779 K liegt außerhalb des Boryta-Prüfbereichs; Kristallisation wurde nicht bewertet.";"Zustand 6: Temperatur 388.743 K liegt außerhalb des Boryta-Prüfbereichs; Kristallisation wurde nicht bewertet.";"Zustand 20: Temperatur 446.377 K liegt außerhalb des Boryta-Prüfbereichs; Kristallisation wurde nicht bewertet.";5
series_evaporator_to_desorber;Serie Verdampfer → Desorber;series_evaporator_to_desorber;nan;125.0;30.0;125.0;8.0;8.0;4.0;125.0;0.4700000000000001;Abwärmetemperatur [°C];hot_temperature_C;125.0;10.0;10.0;25.0;15.0;11.0;nan;nan;9.24001784298639e-25;`gtol` termination condition is satisfied.;5;1.3592569558157962e-10;1.3594129499888097e-12;1;True;;True;0;zulässig;feasible_but_near_limit_shex;False;True;True;108.02330206925683;125.45059366589976;151.10782041994804;57.16906528450767;0.0937347615379884;0.26369041337454524;0.1999069257383853;0.2726894091881538;207.1287981343453;204.48228217519727;206.37116272859322;205.1988160649474;31.35119397400928;0.5032650795899015;5.608414439860825;22.388086012819713;0.009927719450783535;0.03117379655131829;20.71287981343461;20.448228217519837;8.254846509143748;13.67992107099653;2.850108543104109;96.26984610272297;0.024412384321436508;2679.3776084450833;273.7372666079706;213.54029852404094;0.013519643163291573;0.5402830081991965;0.5600602972511021;0.20890208471300903;1.4210854715202004e-13;-1.3591616720987076e-10;-3.694822225952521e-13;-2.0594637106796654e-14;-4.831690603168681e-13;-1.1084466677857563e-12;-5.400124791776761e-13;-8.242295734817162e-13;1.4210854715202005e-15;-1.3591616720987076e-12;-3.694822225952521e-15;-2.0594637106796654e-14;-4.831690603168682e-15;-1.1084466677857563e-14;-5.4001247917767615e-15;-8.242295734817162e-15;147.3880860128197;118.86367176839269;112.69228532315964;125.0;118.86367176839269;42.229801565502214;25.65404805000344;16.450990230799164;54.04004453722075;27.169065284507667;3.38458051181766;16.422439220436672;16.97669793074317;61.6898797796714;0.34316981085112275;9.935669333402018;4.0;0.4700000000000001;134114.70160354048;17474.594244473486;7.674839239598114;0.34316981085112275;deltaT_shex_1_K;shex;True;True;True;True;True;True;True;True;108.02330206925683;2688.0463271239064;0.08380265136248799;134114.70160354048;0.0;0.0;135.0;4.0;147.3880860128197;4.0;118.86367176839269;8.0;112.69228532315964;8.0;125.0;8.0;118.86367176839269;8.0;30.0;4.0;42.229801565502214;4.0;108.02330206925683;2688.0463271239064;0.00785522154171399;134114.70160354048;0.0;0.0;96.26984610272297;273.7372666079704;0.5538026513624881;17474.594244473486;0.5463878900314302;0.1999069257383853;173.04213406282315;389.08480637394626;0.47785522154171406;134114.70160354048;0.6332274892707596;0.26369041337454524;108.02330206925683;2688.0463271239064;0.075947429820774;134114.70160354048;0.0;0.0;125.45059366589976;273.7372666079704;0.5538026513624881;134114.70160354048;0.5463878900314302;0.1999069257383853;151.45099023079916;330.34803561905727;0.5538026513624881;134114.70160354048;0.5463878900314302;0.1999069257383853;151.10782041994804;350.66171688167606;0.4700000000000001;134114.70160354048;0.643810770578216;0.2726894091881538;115.51492433249774;283.9570488518694;0.4700000000000001;134114.70160354048;0.643810770578216;0.2726894091881538;115.47909125657503;283.8907216251645;0.4700000000000001;17474.594244473486;0.643810770578216;0.2726894091881538;96.26984610272297;2679.3776084450833;0.08380265136248799;17474.594244473486;0.0;0.0;57.16906528450767;239.33211047258956;0.08380265136248799;17474.594244473486;0.0;0.0;57.17379198872129;239.45057593029736;0.08380265136248799;134114.70160354048;0.0;0.0;"Zustand 3: Temperatur 424.601 K liegt außerhalb des Boryta-Prüfbereichs; Kristallisation wurde nicht bewertet.";"Zustand 4: Temperatur 424.258 K liegt außerhalb des Boryta-Prüfbereichs; Kristallisation wurde nicht bewertet.";"Zustand 5: Temperatur 388.665 K liegt außerhalb des Boryta-Prüfbereichs; Kristallisation wurde nicht bewertet.";"Zustand 6: Temperatur 388.629 K liegt außerhalb des Boryta-Prüfbereichs; Kristallisation wurde nicht bewertet.";"Zustand 20: Temperatur 446.192 K liegt außerhalb des Boryta-Prüfbereichs; Kristallisation wurde nicht bewertet.";5
series_evaporator_to_desorber;Serie Verdampfer → Desorber;series_evaporator_to_desorber;nan;125.0;30.0;125.0;8.0;8.0;4.0;125.0;0.4800000000000001;Abwärmetemperatur [°C];hot_temperature_C;125.0;10.0;10.0;25.0;15.0;11.0;nan;nan;3.3217681177472133e-25;`gtol` termination condition is satisfied.;5;8.15005549701381e-11;8.150789063332719e-13;1;True;;True;0;zulässig;feasible_but_near_limit_shex;False;True;True;107.99656038286071;125.31184936591274;151.26074335670108;57.21718510485215;0.09425495729336836;0.26323268411557116;0.20054901633741873;0.27208246784040785;207.4155312146443;204.84444592941;206.6961802393346;205.52204514108706;32.296384895198095;0.5031692400869171;5.718168695327941;22.405235120493103;0.009930806313080609;0.0318209573195504;20.7415531214645;20.48444459294117;8.267847209573414;13.701469676072563;2.9360349904799596;96.50047631678768;0.024053715902677957;2679.814930588669;273.5132528520656;214.20620094198148;0.013564923719641908;0.550378035219675;0.5608725555392545;0.2094475187860479;0.0;-8.146372465489549e-11;-4.263256414560601e-13;-1.0935696792557792e-14;-7.389644451905042e-13;-1.7053025658242404e-12;-1.3642420526593924e-12;-7.105427357601002e-13;0.0;-8.146372465489549e-13;-4.263256414560601e-15;-1.0935696792557792e-14;-7.389644451905042e-15;-1.7053025658242404e-14;-1.3642420526593923e-14;-7.105427357601002e-15;147.4052351204931;118.8540058271206;112.67289995871943;125.0;118.8540058271206;42.25146207711782;25.457274474561586;16.647595635941855;54.24901423966986;27.21718510485215;3.4867457610142196;16.172423641931744;17.003439617139293;61.632096899826195;0.38685227924077026;9.908816954562326;4.0;0.4800000000000001;133992.8395254427;17514.316184092342;7.6504750809023205;0.38685227924077026;deltaT_shex_1_K;shex;True;True;True;True;True;True;True;True;107.99656038286071;2688.005373559439;0.0839429589393168;133992.8395254427;0.0;0.0;135.0;4.0;147.4052351204931;4.0;118.8540058271206;8.0;112.67289995871943;8.0;125.0;8.0;118.8540058271206;8.0;30.0;4.0;42.25146207711782;4.0;107.99656038286071;2688.005373559439;0.00791204000990428;133992.8395254427;0.0;0.0;96.50047631678768;273.513252852064;0.5639429589393169;17514.316184092342;0.5473814864307044;0.20054901633741873;172.8625095950547;388.5664936441862;0.48791204000990435;133992.8395254427;0.6326794787029187;0.26323268411557116;107.99656038286071;2688.005373559439;0.07603091892941252;133992.8395254427;0.0;0.0;125.31184936591274;273.513252852064;0.5639429589393169;133992.8395254427;0.5473814864307044;0.20054901633741873;151.64759563594185;330.78213862012507;0.5639429589393169;133992.8395254427;0.5473814864307044;0.20054901633741873;151.26074335670108;350.6638844395625;0.4800000000000001;133992.8395254427;0.6431081981798602;0.27208246784040785;115.40303241135041;283.3797492412331;0.4800000000000001;133992.8395254427;0.6431081981798602;0.27208246784040785;115.36726006610638;283.31345558015073;0.4800000000000001;17514.316184092342;0.6431081981798602;0.27208246784040785;96.50047631678768;2679.814930588669;0.0839429589393168;17514.316184092342;0.0;0.0;57.21718510485215;239.53347616085833;0.0839429589393168;17514.316184092342;0.0;0.0;57.22190892729441;239.65178038123088;0.0839429589393168;133992.8395254427;0.0;0.0;"Zustand 3: Temperatur 424.798 K liegt außerhalb des Boryta-Prüfbereichs; Kristallisation wurde nicht bewertet.";"Zustand 4: Temperatur 424.411 K liegt außerhalb des Boryta-Prüfbereichs; Kristallisation wurde nicht bewertet.";"Zustand 5: Temperatur 388.553 K liegt außerhalb des Boryta-Prüfbereichs; Kristallisation wurde nicht bewertet.";"Zustand 6: Temperatur 388.517 K liegt außerhalb des Boryta-Prüfbereichs; Kristallisation wurde nicht bewertet.";"Zustand 20: Temperatur 446.013 K liegt außerhalb des Boryta-Prüfbereichs; Kristallisation wurde nicht bewertet.";5
series_evaporator_to_desorber;Serie Verdampfer → Desorber;series_evaporator_to_desorber;nan;125.0;30.0;125.0;8.0;8.0;4.0;125.0;0.4900000000000001;Abwärmetemperatur [°C];hot_temperature_C;125.0;10.0;10.0;25.0;15.0;11.0;nan;nan;1.2689791747113768e-25;`gtol` termination condition is satisfied.;5;5.037458645602252e-11;5.037815349358047e-13;1;True;;True;0;zulässig;feasible_but_near_limit_shex;False;True;True;107.97110117420846;125.17697276562279;151.40447166744678;57.26306250180426;0.09478263390215473;0.26278655345795227;0.2011692069620074;0.2714937266474989;207.680727007191;205.18973255340012;206.99828435183372;205.82977279782705;33.242108850746455;0.503068343855082;5.828020607397081;22.42109611287026;0.009933703625665173;0.03246870730480493;20.768072700719124;20.51897325534001;8.279931374073326;13.721984853188477;3.0220098955269843;96.7223175492258;0.0237086010037755;2680.2356421033073;273.29980798084574;214.84893830036864;0.013610552414695554;0.5604660205778706;0.5616546221834682;0.20997387507331916;9.947598300641403e-14;-5.03703745380335e-11;-1.1368683772161603e-13;-5.995204332975845e-15;5.684341886080801e-13;0.0;-1.1368683772161603e-13;-2.5579538487363607e-13;9.947598300641404e-16;-5.03703745380335e-13;-1.1368683772161603e-15;-5.995204332975845e-15;5.684341886080802e-15;0.0;-1.1368683772161603e-15;-2.5579538487363606e-15;147.42109611287026;118.84480344504107;112.65466336274937;125.0;118.84480344504107;42.272113190992854;25.267004004972875;16.837782368690057;54.45020435823295;27.263062501804256;3.587246964431756;15.932345813523568;17.028898825791543;61.57701987057044;0.433310701243272;9.883701918213148;4.0;0.4900000000000001;133876.9064509562;17552.25875537102;7.627332089665647;0.433310701243272;deltaT_shex_1_K;shex;True;True;True;True;True;True;True;True;107.97110117420846;2687.9663799880454;0.0840765729925661;133876.9064509562;0.0;0.0;135.0;4.0;147.42109611287026;4.0;118.84480344504107;8.0;112.65466336274937;8.0;125.0;8.0;118.84480344504107;8.0;30.0;4.0;42.272113190992854;4.0;107.97110117420846;2687.9663799880454;0.007968999037702183;133876.9064509562;0.0;0.0;96.7223175492258;273.29980798084625;0.5740765729925662;17552.25875537102;0.5483385768441941;0.2011692069620074;172.68810011784313;388.0628178529428;0.4979689990377023;133876.9064509562;0.632144433976117;0.26278655345795227;107.97110117420846;2687.9663799880454;0.07610757395486392;133876.9064509562;0.0;0.0;125.17697276562279;273.29980798084625;0.5740765729925662;133876.9064509562;0.5483385768441941;0.2011692069620074;151.83778236869006;331.2051648872618;0.5740765729925662;133876.9064509562;0.5483385768441941;0.2011692069620074;151.40447166744678;350.6588805601621;0.4900000000000001;133876.9064509562;0.6424251653761954;0.2714937266474989;115.29327084740964;282.8178420892512;0.4900000000000001;133876.9064509562;0.6424251653761954;0.2714937266474989;115.25755648060931;282.7515794212822;0.4900000000000001;17552.25875537102;0.6424251653761954;0.2714937266474989;96.7223175492258;2680.2356421033073;0.0840765729925661;17552.25875537102;0.0;0.0;57.26306250180426;239.72545894512095;0.0840765729925661;17552.25875537102;0.0;0.0;57.26778357447063;239.84360961744372;0.0840765729925661;133876.9064509562;0.0;0.0;"Zustand 3: Temperatur 424.988 K liegt außerhalb des Boryta-Prüfbereichs; Kristallisation wurde nicht bewertet.";"Zustand 4: Temperatur 424.554 K liegt außerhalb des Boryta-Prüfbereichs; Kristallisation wurde nicht bewertet.";"Zustand 5: Temperatur 388.443 K liegt außerhalb des Boryta-Prüfbereichs; Kristallisation wurde nicht bewertet.";"Zustand 6: Temperatur 388.408 K liegt außerhalb des Boryta-Prüfbereichs; Kristallisation wurde nicht bewertet.";"Zustand 20: Temperatur 445.838 K liegt außerhalb des Boryta-Prüfbereichs; Kristallisation wurde nicht bewertet.";5
series_evaporator_to_desorber;Serie Verdampfer → Desorber;series_evaporator_to_desorber;nan;125.0;30.0;125.0;8.0;8.0;4.0;125.0;0.5000000000000001;Abwärmetemperatur [°C];hot_temperature_C;125.0;10.0;10.0;25.0;15.0;11.0;nan;nan;5.1055992164439885e-26;`gtol` termination condition is satisfied.;5;3.195334399404226e-11;3.195496586273873e-13;1;True;;True;0;zulässig;feasible_but_near_limit_shex;False;True;True;107.94683021712751;125.04602667311548;151.53931888913797;57.30685790388259;0.09531865098897953;0.26235149284543924;0.20176846491993053;0.2709223604548666;207.92555995146049;205.51934947882327;207.27871803951146;206.12313795505935;34.18798835194632;0.5029623281473394;5.9379613872045836;22.435739231546677;0.009936427955870821;0.033117007757061875;20.792555995145996;20.551934947882618;8.291148721580582;13.741542530337457;3.107998941088899;96.93585382886306;0.02337648456962363;2680.6406531032258;273.09668498262096;215.46965314050885;0.013656635395282057;0.5705473476547637;0.5624080535932618;0.21048207233779373;-4.263256414560601e-14;-3.156941374982125e-11;1.1368683772161603e-13;-3.219646771412954e-15;-3.069544618483633e-12;-2.8990143619012088e-12;-2.5011104298755527e-12;5.400124791776761e-13;-4.263256414560601e-16;-3.156941374982125e-13;1.1368683772161603e-15;-3.219646771412954e-15;-3.069544618483633e-14;-2.899014361901209e-14;-2.5011104298755527e-14;5.4001247917767615e-15;147.43573923154668;118.83603056354485;112.63750430638243;125.0;118.83603056354485;42.29182712193921;25.082886471488393;17.02179448961283;54.64402670692385;27.306857903882587;3.6860648484905596;15.701650477519365;17.053169782872487;61.52445421416951;0.4824756004748565;9.8604020117794;4.0;0.5000000000000001;133766.4612147912;17588.544829128645;7.605317126250184;0.4824756004748565;deltaT_shex_1_K;shex;True;True;True;True;True;True;True;True;107.94683021712751;2687.929202670141;0.08420398305004562;133766.4612147912;0.0;0.0;135.0;4.0;147.43573923154668;4.0;118.83603056354485;8.0;112.63750430638243;8.0;125.0;8.0;118.83603056354485;8.0;30.0;4.0;42.29182712193921;4.0;107.94683021712751;2687.929202670141;0.008026210072229246;133766.4612147912;0.0;0.0;96.93585382886306;273.0966849826215;0.5842039830500457;17588.544829128645;0.5492609304066068;0.20176846491993053;172.51862570303507;387.5730325381729;0.5080262100722294;133766.4612147912;0.631621788237452;0.26235149284543924;107.94683021712751;2687.929202670141;0.07617777297781637;133766.4612147912;0.0;0.0;125.04602667311548;273.0966849826215;0.5842039830500457;133766.4612147912;0.5492609304066068;0.20176846491993053;152.02179448961283;331.61732048643256;0.5842039830500457;133766.4612147912;0.5492609304066068;0.20176846491993053;151.53931888913797;350.6467488133174;0.5000000000000001;133766.4612147912;0.6417608465546273;0.2709223604548666;115.18562466133608;282.2707721094247;0.5000000000000001;133766.4612147912;0.6417608465546273;0.2709223604548666;115.1499657150543;282.20453809391057;0.5000000000000001;17588.544829128645;0.6417608465546273;0.2709223604548666;96.93585382886306;2680.6406531032258;0.08420398305004562;17588.544829128645;0.0;0.0;57.30685790388259;239.90873004591225;0.08420398305004562;17588.544829128645;0.0;0.0;57.31157634937534;240.02673429696966;0.08420398305004562;133766.4612147912;0.0;0.0;"Zustand 3: Temperatur 425.172 K liegt außerhalb des Boryta-Prüfbereichs; Kristallisation wurde nicht bewertet.";"Zustand 4: Temperatur 424.689 K liegt außerhalb des Boryta-Prüfbereichs; Kristallisation wurde nicht bewertet.";"Zustand 5: Temperatur 388.336 K liegt außerhalb des Boryta-Prüfbereichs; Kristallisation wurde nicht bewertet.";"Zustand 6: Temperatur 388.300 K liegt außerhalb des Boryta-Prüfbereichs; Kristallisation wurde nicht bewertet.";"Zustand 20: Temperatur 445.669 K liegt außerhalb des Boryta-Prüfbereichs; Kristallisation wurde nicht bewertet.";5
series_evaporator_to_desorber;Serie Verdampfer → Desorber;series_evaporator_to_desorber;nan;125.0;30.0;125.0;8.0;8.0;4.0;125.0;0.5100000000000001;Abwärmetemperatur [°C];hot_temperature_C;125.0;10.0;10.0;25.0;15.0;11.0;nan;nan;3.17159271463312e-17;`gtol` termination condition is satisfied.;4;7.900953637897699e-07;7.964411735505793e-09;1;True;;True;0;zulässig;feasible;True;True;True;107.92366053509448;124.91905148292761;151.6655974448239;57.348719600190236;0.09586378249362858;0.26192700865958124;0.20234770298877303;0.27036759059071436;208.15112161538798;205.83441283082573;207.53863766035397;206.40319196599935;35.13367465182435;0.5028511416767826;6.047982469314871;22.4492297616859;0.00993899425986302;0.03376582030470701;20.81511208519335;20.58344127510985;8.301545506556783;13.760212792647842;3.1939704368061883;97.14153658194397;0.023056835029860896;2681.0308126115233;272.9036265902552;216.06941836821127;0.013703268264341428;0.5806223729866946;0.5631343007707066;0.21097297113830996;-5.295859750731324e-09;-1.5304372169566705e-07;7.581843419757206e-08;-1.0034373887357617e-09;-3.5656171348819043e-09;7.972724347382609e-08;7.628173648299708e-08;7.634544942902721e-07;-5.2958597507313245e-11;-1.5304372169566706e-09;7.581843419757206e-10;-1.0034373887357617e-09;-3.565617134881904e-11;7.972724347382609e-10;7.628173648299708e-10;7.63454494290272e-09;147.4492297616859;118.82765574264357;112.62135676954688;125.0;118.82765574264357;42.31067062385324;24.904596447678273;17.199864701240756;54.830865958090726;27.348719600190236;3.7831864457470488;15.479820187602911;17.076339464905516;61.474220210181215;0.5342672564168538;9.83897628180057;4.0;0.5100000000000001;133661.09735624742;17623.2885573958;7.584344824232883;0.5342672564168538;deltaT_shex_1_K;shex;True;True;True;True;True;True;True;True;107.92366053509448;2687.8937088889516;0.08432564125103592;133661.09735624742;0.0;0.0;135.0;4.0;147.4492297616859;4.0;118.82765574264357;8.0;112.62135676954688;8.0;125.0;8.0;118.82765574264357;8.0;30.0;4.0;42.31067062385324;4.0;107.92366053509448;2687.8937088889516;0.00808377493152506;133661.09735624742;0.0;0.0;97.14153658194397;272.9036265902543;0.594325641251036;17623.2885573958;0.5501502060981803;0.20234770298877303;172.35382620936417;387.09644257190024;0.5180837749315251;133661.09735624742;0.6311110110914848;0.26192700865958124;107.92366053509448;2687.8937088889516;0.07624186631951085;133661.09735624742;0.0;0.0;124.91905148292761;272.9036265902543;0.594325641251036;133661.09735624742;0.5501502060981803;0.20234770298877303;152.19986470124076;332.01881902561536;0.594325641251036;133661.09735624742;0.5501502060981803;0.20234770298877303;151.6655974448239;350.62756573237726;0.5100000000000001;133661.09735624742;0.6411144588699815;0.27036759059071436;115.08007520112704;281.7380075811612;0.5100000000000001;133661.09735624742;0.6411144588699815;0.27036759059071436;115.04446929689652;281.67180009036764;0.5100000000000001;17623.2885573958;0.6411144588699815;0.27036759059071436;97.14153658194397;2681.0308126115233;0.08432564125103592;17623.2885573958;0.0;0.0;57.348719600190236;240.08390990063387;0.08432564125103592;17623.2885573958;0.0;0.0;57.353435532462356;240.20177433797951;0.08432564125103592;133661.09735624742;0.0;0.0;"Zustand 3: Temperatur 425.350 K liegt außerhalb des Boryta-Prüfbereichs; Kristallisation wurde nicht bewertet.";"Zustand 4: Temperatur 424.816 K liegt außerhalb des Boryta-Prüfbereichs; Kristallisation wurde nicht bewertet.";"Zustand 5: Temperatur 388.230 K liegt außerhalb des Boryta-Prüfbereichs; Kristallisation wurde nicht bewertet.";"Zustand 6: Temperatur 388.194 K liegt außerhalb des Boryta-Prüfbereichs; Kristallisation wurde nicht bewertet.";"Zustand 20: Temperatur 445.504 K liegt außerhalb des Boryta-Prüfbereichs; Kristallisation wurde nicht bewertet.";5
series_evaporator_to_desorber;Serie Verdampfer → Desorber;series_evaporator_to_desorber;nan;125.0;30.0;125.0;8.0;8.0;4.0;125.0;0.5200000000000001;Abwärmetemperatur [°C];hot_temperature_C;125.0;10.0;10.0;25.0;15.0;11.0;nan;nan;1.6660771366635195e-17;`gtol` termination condition is satisfied.;4;5.714366879863107e-07;5.772481505667245e-09;1;True;;True;0;zulässig;feasible;True;True;True;107.9015119647388;124.79606790227155;151.78361815325025;57.38878446792722;0.09641870645339076;0.2615126357515554;0.20290778478212929;0.2698286832908649;208.3584258499924;206.13595265450036;207.77911834268036;206.6709036346476;36.07884684300683;0.5027347443629534;6.158075589121268;22.46162834031054;0.009941416025768923;0.0344151072810043;20.83584252981384;20.61359525966688;8.311164733851237;13.778060238628505;3.2798951776859053;97.33978734651288;0.02274914302337621;2681.406913671062;272.7203677694602;216.64924300143323;0.013750536698688531;0.590691427755048;0.5638347202975592;0.2114473798668678;-3.8579699435103976e-09;-1.1153812806696806e-07;5.59826389689988e-08;-8.170805698703987e-10;-3.6005758374813013e-09;5.783155643257487e-08;5.52200276615622e-08;5.518539865079219e-07;-3.8579699435103973e-11;-1.1153812806696805e-09;5.59826389689988e-10;-8.170805698703987e-10;-3.600575837481301e-11;5.783155643257487e-10;5.52200276615622e-10;5.518539865079219e-09;147.46162834031054;118.81965001092561;112.60615962986458;125.0;118.81965001092561;42.32870530230264;24.73183033118977;17.372215715686536;55.01108204421024;27.388784467927223;3.87860430058322;15.2663722833517;17.098488035261198;61.426152018044036;0.5885975624362914;9.819467116805015;4.0;0.5200000000000001;133560.44089402969;17656.595796533376;7.564337000921344;0.5885975624362914;deltaT_shex_1_K;shex;True;True;True;True;True;True;True;True;107.9015119647388;2687.859776293313;0.08444196445373642;133560.44089402969;0.0;0.0;135.0;4.0;147.46162834031054;4.0;118.81965001092561;8.0;112.60615962986458;8.0;125.0;8.0;118.81965001092561;8.0;30.0;4.0;42.32870530230264;4.0;107.9015119647388;2687.859776293313;0.00814178498301247;133560.44089402969;0.0;0.0;97.33978734651288;272.72036776945976;0.6044419644537365;17656.595796533376;0.5510079636039646;0.20290778478212929;172.1934586715003;386.63239675569787;0.5281417849830126;133560.44089402969;0.6306116013491082;0.2615126357515554;107.9015119647388;2687.859776293313;0.07630017947072396;133560.44089402969;0.0;0.0;124.79606790227155;272.72036776945976;0.6044419644537365;133560.44089402969;0.5510079636039646;0.20290778478212929;152.37221571568654;332.4098813451974;0.6044419644537365;133560.44089402969;0.5510079636039646;0.20290778478212929;151.78361815325025;350.60143816870965;0.5200000000000001;133560.44089402969;0.640485261443141;0.2698286832908649;114.97660078546653;281.21904038627736;0.5200000000000001;133560.44089402969;0.640485261443141;0.2698286832908649;114.9410457103424;281.15285748766;0.5200000000000001;17656.595796533376;0.640485261443141;0.2698286832908649;97.33978734651288;2681.406913671062;0.08444196445373642;17656.595796533376;0.0;0.0;57.38878446792722;240.25157120580033;0.08444196445373642;17656.595796533376;0.0;0.0;57.39349799288158;240.36930195839568;0.08444196445373642;133560.44089402969;0.0;0.0;"Zustand 3: Temperatur 425.522 K liegt außerhalb des Boryta-Prüfbereichs; Kristallisation wurde nicht bewertet.";"Zustand 4: Temperatur 424.934 K liegt außerhalb des Boryta-Prüfbereichs; Kristallisation wurde nicht bewertet.";"Zustand 5: Temperatur 388.127 K liegt außerhalb des Boryta-Prüfbereichs; Kristallisation wurde nicht bewertet.";"Zustand 6: Temperatur 388.091 K liegt außerhalb des Boryta-Prüfbereichs; Kristallisation wurde nicht bewertet.";"Zustand 20: Temperatur 445.343 K liegt außerhalb des Boryta-Prüfbereichs; Kristallisation wurde nicht bewertet.";5
series_evaporator_to_desorber;Serie Verdampfer → Desorber;series_evaporator_to_desorber;nan;125.0;30.0;125.0;8.0;8.0;4.0;125.0;0.5300000000000001;Abwärmetemperatur [°C];hot_temperature_C;125.0;10.0;10.0;25.0;15.0;11.0;nan;nan;8.867300508488397e-18;`gtol` termination condition is satisfied.;4;4.1574962213300445e-07;4.211246966989326e-09;1;True;;True;0;zulässig;feasible;True;True;True;107.88031030866722;124.67707892825655;151.89368767055305;57.42717935341949;0.09698403489183456;0.26110794074716087;0.20344952529570587;0.26930494397250687;208.54841910970242;206.42492371099428;208.00116440766678;206.92716987322643;37.023209380338606;0.5026131066010109;6.268232664663228;22.47299157354678;0.009943705484368476;0.035064831459151916;20.85484187085636;20.642492366878507;8.32004657645141;13.795144655536303;3.365746314806105;97.53099964927725;0.02245292065441809;2681.7696967807447;272.54663631629853;217.21007467303144;0.013798517353366235;0.6007548214191147;0.564510577703297;0.21190605579538402;-2.8599629331438337e-09;-8.252854399870557e-08;4.131010200580931e-08;-6.70724364937314e-10;-3.618481514422456e-09;4.220919436193071e-08;4.0181873828259995e-08;4.011388057278964e-07;-2.8599629331438336e-11;-8.252854399870558e-10;4.1310102005809315e-10;-6.70724364937314e-10;-3.618481514422456e-11;4.2209194361930716e-10;4.0181873828259995e-10;4.011388057278964e-09;147.47299157354678;118.81198654685329;112.59185603226996;125.0;118.81198654685329;42.34598826022693;24.564305796442227;17.539059461965735;55.18501138905032;27.42717935341949;3.972315915741831;15.06085638299271;17.11968969133278;61.380095977406256;0.6453717914126855;9.801901991494447;4.0;0.5300000000000001;133464.14626817984;17688.565097809453;7.545221759378776;0.6453717914126855;deltaT_shex_1_K;shex;True;True;True;True;True;True;True;True;107.88031030866722;2687.8272916096694;0.08455333877248083;133464.14626817984;0.0;0.0;135.0;4.0;147.47299157354678;4.0;118.81198654685329;8.0;112.59185603226996;8.0;125.0;8.0;118.81198654685329;8.0;30.0;4.0;42.34598826022693;4.0;107.88031030866722;2687.8272916096694;0.00820032395773139;133464.14626817984;0.0;0.0;97.53099964927725;272.5466363162976;0.614553338772481;17688.565097809453;0.5518356664935452;0.20344952529570587;172.037297369989;386.18028919782483;0.5382003239577315;133464.14626817984;0.6301230914805325;0.26110794074716087;107.88031030866722;2687.8272916096694;0.07635301481474945;133464.14626817984;0.0;0.0;124.67707892825655;272.5466363162976;0.614553338772481;133464.14626817984;0.5518356664935452;0.20344952529570587;152.53905946196573;332.79073075778155;0.614553338772481;133464.14626817984;0.5518356664935452;0.20344952529570587;151.89368767055305;350.5684948302619;0.5300000000000001;133464.14626817984;0.639872549617633;0.26930494397250687;114.8751769367621;280.713382786491;0.5300000000000001;133464.14626817984;0.639872549617633;0.26930494397250687;114.83967063111146;280.64722272713414;0.5300000000000001;17688.565097809453;0.639872549617633;0.26930494397250687;97.53099964927725;2681.7696967807447;0.08455333877248083;17688.565097809453;0.0;0.0;57.42717935341949;240.41224469419964;0.08455333877248083;17688.565097809453;0.0;0.0;57.431890569447035;240.52984744802023;0.08455333877248083;133464.14626817984;0.0;0.0;"Zustand 3: Temperatur 425.689 K liegt außerhalb des Boryta-Prüfbereichs; Kristallisation wurde nicht bewertet.";"Zustand 4: Temperatur 425.044 K liegt außerhalb des Boryta-Prüfbereichs; Kristallisation wurde nicht bewertet.";"Zustand 5: Temperatur 388.025 K liegt außerhalb des Boryta-Prüfbereichs; Kristallisation wurde nicht bewertet.";"Zustand 6: Temperatur 387.990 K liegt außerhalb des Boryta-Prüfbereichs; Kristallisation wurde nicht bewertet.";"Zustand 20: Temperatur 445.187 K liegt außerhalb des Boryta-Prüfbereichs; Kristallisation wurde nicht bewertet.";5
series_evaporator_to_desorber;Serie Verdampfer → Desorber;series_evaporator_to_desorber;nan;125.0;30.0;125.0;8.0;8.0;4.0;125.0;0.5400000000000001;Abwärmetemperatur [°C];hot_temperature_C;125.0;10.0;10.0;25.0;15.0;11.0;nan;nan;4.780358699871947e-18;`gtol` termination condition is satisfied.;4;3.0418564579879045e-07;3.092040976401169e-09;1;True;;True;0;zulässig;feasible;True;True;True;107.8599870307101;124.5620723015536;151.99610835483662;57.4640215878041;0.09756030206375248;0.2607125156227835;0.2039736959751415;0.2687957164395761;208.72198372816274;206.7022090672213;208.20571288023032;207.17281908300868;37.96649116116773;0.5024862087639971;6.378445880273609;22.483372232545605;0.009945873706838644;0.0357149563680743;20.872198343498333;20.670220903617768;8.328228515324918;13.811521270235199;3.4514992020554187;97.71554137976875;0.022167700426667936;2682.1198543807063;272.3821554698235;217.75280497729716;0.013847278430758836;0.6108128425667462;0.5651630574424991;0.21234971073151068;-2.070166260637052e-09;-6.144187381096344e-08;3.0884450552548515e-08;-5.548490555895569e-10;-2.892619477279368e-09;3.104361212535878e-08;2.948070232378086e-08;2.931794256255671e-07;-2.070166260637052e-11;-6.144187381096344e-10;3.0884450552548515e-10;-5.548490555895569e-10;-2.892619477279368e-11;3.1043612125358777e-10;2.948070232378086e-10;2.931794256255671e-09;147.4833722325456;118.80464057766125;112.57839318291752;125.0;118.80464057766125;42.362572312632835;24.40175915946719;17.700598519451262;55.352969067135916;27.464021587804098;4.064323085014337;14.862851803148772;17.1400129692899;61.335909991327696;0.70449016461464;9.786295354839297;4.0;0.5400000000000001;133371.89477792263;17719.28800107392;7.526933066940348;0.70449016461464;deltaT_shex_1_K;shex;True;True;True;True;True;True;True;True;107.8599870307101;2687.7961501836426;0.08466012099750486;133371.89477792263;0.0;0.0;135.0;4.0;147.4833722325456;4.0;118.80464057766125;8.0;112.57839318291752;8.0;125.0;8.0;118.80464057766125;8.0;30.0;4.0;42.362572312632835;4.0;107.8599870307101;2687.7961501836426;0.008259466977270409;133371.89477792263;0.0;0.0;97.71554137976875;272.3821554698238;0.624660120997505;17719.28800107392;0.5526346920928941;0.2039736959751415;171.8851313920128;385.73955224280036;0.5482594669772706;133371.89477792263;0.6296450403095851;0.2607125156227835;107.8599870307101;2687.7961501836426;0.07640065402023445;133371.89477792263;0.0;0.0;124.5620723015536;272.3821554698238;0.624660120997505;133371.89477792263;0.5526346920928941;0.2039736959751415;152.70059851945126;333.161593575365;0.624660120997505;133371.89477792263;0.5526346920928941;0.2039736959751415;151.99610835483662;350.5288847990682;0.5400000000000001;133371.89477792263;0.6392756548706778;0.2687957164395761;114.7757769467143;280.22056783010913;0.5400000000000001;133371.89477792263;0.6392756548706778;0.2687957164395761;114.74031749264691;280.1544290220201;0.5400000000000001;17719.28800107392;0.6392756548706778;0.2687957164395761;97.71554137976875;2682.1198543807063;0.08466012099750486;17719.28800107392;0.0;0.0;57.4640215878041;240.5664212913144;0.08466012099750486;17719.28800107392;0.0;0.0;57.46873058633355;240.68390132311276;0.08466012099750486;133371.89477792263;0.0;0.0;"Zustand 3: Temperatur 425.851 K liegt außerhalb des Boryta-Prüfbereichs; Kristallisation wurde nicht bewertet.";"Zustand 4: Temperatur 425.146 K liegt außerhalb des Boryta-Prüfbereichs; Kristallisation wurde nicht bewertet.";"Zustand 5: Temperatur 387.926 K liegt außerhalb des Boryta-Prüfbereichs; Kristallisation wurde nicht bewertet.";"Zustand 6: Temperatur 387.890 K liegt außerhalb des Boryta-Prüfbereichs; Kristallisation wurde nicht bewertet.";"Zustand 20: Temperatur 445.035 K liegt außerhalb des Boryta-Prüfbereichs; Kristallisation wurde nicht bewertet.";5
series_evaporator_to_desorber;Serie Verdampfer → Desorber;series_evaporator_to_desorber;nan;125.0;30.0;125.0;8.0;8.0;4.0;125.0;0.5500000000000002;Abwärmetemperatur [°C];hot_temperature_C;125.0;10.0;10.0;25.0;15.0;11.0;nan;nan;2.612016405481938e-18;`gtol` termination condition is satisfied.;4;2.2383188685714472e-07;2.285614318069406e-09;1;True;;True;0;zulässig;feasible;True;True;True;107.84047873769975;124.45102245838268;152.09117705355237;57.499419841644965;0.09814797452388395;0.2603259767037813;0.20448102702670048;0.2683003798495933;208.87994390011798;206.96862660839534;208.39363962847838;207.40861750151583;38.908443769940284;0.5023540404563385;6.488707661833593;22.492819611251093;0.009947930736393185;0.03636544627889523;20.887994368466096;20.696862658547808;8.335745585238827;13.827241165325786;3.537131256025433;97.89375663953905;0.021893034477506457;2682.4580342957247;272.22664538200144;218.27827290714768;0.013896880390877109;0.6208657609028718;0.5657932684334984;0.21277901379938316;-1.503828173099464e-09;-4.633947980892117e-08;2.3020334083412308e-08;-4.625828053939074e-10;-2.4922996999521274e-09;2.2917248543308233e-08;2.162903456337517e-08;2.1545702111325227e-07;-1.503828173099464e-11;-4.6339479808921167e-10;2.302033408341231e-10;-4.625828053939074e-10;-2.4922996999521273e-11;2.2917248543308233e-10;2.162903456337517e-10;2.1545702111325226e-09;147.4928196112511;118.79758918954798;112.5657219757777;125.0;118.79758918954798;42.37850637610018;24.24394408503167;17.857026340441337;55.51525026343887;27.499419841644965;4.154631379211764;14.671965336238657;17.159521262300245;61.293462481910126;0.7658492868889653;9.772650258905742;4.0;0.5500000000000002;133283.39207354104;17748.849627899795;7.509410179690183;0.7658492868889653;deltaT_shex_1_K;shex;True;True;True;True;True;True;True;True;107.84047873769975;2687.766255193391;0.08476264129374877;133283.39207354104;0.0;0.0;135.0;4.0;147.4928196112511;4.0;118.79758918954798;8.0;112.5657219757777;8.0;125.0;8.0;118.79758918954798;8.0;30.0;4.0;42.37850637610018;4.0;107.84047873769975;2687.766255193391;0.008319281558275968;133283.39207354104;0.0;0.0;97.89375663953905;272.2266453820007;0.6347626412937489;17748.849627899795;0.5534063369005428;0.20448102702670048;171.73676369628276;385.3096543060838;0.5583192815582761;133283.39207354104;0.6291770321845916;0.2603259767037813;107.84047873769975;2687.766255193391;0.07644335973547281;133283.39207354104;0.0;0.0;124.45102245838268;272.2266453820007;0.6347626412937489;133283.39207354104;0.5534063369005428;0.20448102702670048;152.85702634044134;333.52269722688965;0.6347626412937489;133283.39207354104;0.5534063369005428;0.20448102702670048;152.09117705355237;350.4827730052253;0.5500000000000002;133283.39207354104;0.638693942035794;0.2683003798495933;114.67837219947694;279.740147966236;0.5500000000000002;133283.39207354104;0.638693942035794;0.2683003798495933;114.64295781033621;279.67402897300167;0.5500000000000002;17748.849627899795;0.638693942035794;0.2683003798495933;97.89375663953905;2682.4580342957247;0.08476264129374877;17748.849627899795;0.0;0.0;57.499419841644965;240.7145556901419;0.08476264129374877;17748.849627899795;0.0;0.0;57.50412670763785;240.83191789812122;0.08476264129374877;133283.39207354104;0.0;0.0;"Zustand 3: Temperatur 426.007 K liegt außerhalb des Boryta-Prüfbereichs; Kristallisation wurde nicht bewertet.";"Zustand 4: Temperatur 425.241 K liegt außerhalb des Boryta-Prüfbereichs; Kristallisation wurde nicht bewertet.";"Zustand 5: Temperatur 387.828 K liegt außerhalb des Boryta-Prüfbereichs; Kristallisation wurde nicht bewertet.";"Zustand 6: Temperatur 387.793 K liegt außerhalb des Boryta-Prüfbereichs; Kristallisation wurde nicht bewertet.";"Zustand 20: Temperatur 444.887 K liegt außerhalb des Boryta-Prüfbereichs; Kristallisation wurde nicht bewertet.";5
series_evaporator_to_desorber;Serie Verdampfer → Desorber;series_evaporator_to_desorber;nan;125.0;30.0;125.0;8.0;8.0;4.0;125.0;0.5600000000000002;Abwärmetemperatur [°C];hot_temperature_C;125.0;10.0;10.0;25.0;15.0;11.0;nan;nan;1.4456695997880453e-18;`gtol` termination condition is satisfied.;4;1.6554839547842247e-07;1.7003938366084754e-09;1;True;;True;0;zulässig;feasible;True;True;True;107.82172675790821;124.34389238406612;152.17918428671862;57.53347482432406;0.09874745647123297;0.25994796274902837;0.2049722100524002;0.2678183464107438;209.0230703991195;207.22493430204545;208.56576424958365;207.63527429851985;39.848839924730036;0.5022165997669924;6.599010673681729;22.50137980855976;0.009949885695065918;0.03701626624502228;20.90230702400145;20.722493428496996;8.342630570068152;13.842351618833106;3.6226218145345994;98.06596751403123;0.021628493820110915;2682.784843048468;272.079824705581;218.78726838929686;0.013947376595114913;0.6309138287721383;0.5664022498684395;0.2131945945121698;-1.1212790695935837e-09;-3.5150556243479514e-08;1.738055743771838e-08;-3.8823594339376655e-10;-2.1201458366704173e-09;1.7075507230401854e-08;1.6023250282160006e-08;1.5910501360849594e-07;-1.1212790695935837e-11;-3.5150556243479515e-10;1.738055743771838e-10;-3.8823594339376655e-10;-2.1201458366704174e-11;1.7075507230401854e-10;1.6023250282160007e-10;1.5910501360849593e-09;147.50137980855976;118.79081117528352;112.55379669413571;125.0;118.79081117528352;42.393835783615145;24.09063018806836;18.00852770328987;55.67213173041608;27.53347482432406;4.24324966594196;14.487829180104484;17.17827324209179;61.252631538585206;0.8293434165712483;9.760959885443185;4.0;0.5600000000000002;133198.36610915928;17777.32916166593;7.492597166754443;0.8293434165712483;deltaT_shex_1_K;shex;True;True;True;True;True;True;True;True;107.82172675790821;2687.7375170100336;0.08486120536725306;133198.36610915928;0.0;0.0;135.0;4.0;147.50137980855976;4.0;118.79081117528352;8.0;112.55379669413571;8.0;125.0;8.0;118.79081117528352;8.0;30.0;4.0;42.393835783615145;4.0;107.82172675790821;2687.7375170100336;0.008379828183099182;133198.36610915928;0.0;0.0;98.06596751403123;272.07982470558164;0.6448612053672532;17777.32916166593;0.5541518223074631;0.2049722100524002;171.59200999662812;384.89009701678333;0.5683798281830994;133198.36610915928;0.6287186750103462;0.25994796274902837;107.82172675790821;2687.7375170100336;0.07648137718415388;133198.36610915928;0.0;0.0;124.34389238406612;272.07982470558164;0.6448612053672532;133198.36610915928;0.5541518223074631;0.2049722100524002;153.00852770328987;333.8742691427157;0.6448612053672532;133198.36610915928;0.5541518223074631;0.2049722100524002;152.17918428671862;350.43033684882596;0.5600000000000002;133198.36610915928;0.6381268073029472;0.2678183464107438;114.58293249862294;279.2716941240915;0.5600000000000002;133198.36610915928;0.6381268073029472;0.2678183464107438;114.54756150934156;279.2055936486539;0.5600000000000002;17777.32916166593;0.6381268073029472;0.2678183464107438;98.06596751403123;2682.784843048468;0.08486120536725306;17777.32916166593;0.0;0.0;57.53347482432406;240.85706927669546;0.08486120536725306;17777.32916166593;0.0;0.0;57.53817963669832;240.97431820866626;0.08486120536725306;133198.36610915928;0.0;0.0;"Zustand 3: Temperatur 426.159 K liegt außerhalb des Boryta-Prüfbereichs; Kristallisation wurde nicht bewertet.";"Zustand 4: Temperatur 425.329 K liegt außerhalb des Boryta-Prüfbereichs; Kristallisation wurde nicht bewertet.";"Zustand 5: Temperatur 387.733 K liegt außerhalb des Boryta-Prüfbereichs; Kristallisation wurde nicht bewertet.";"Zustand 6: Temperatur 387.698 K liegt außerhalb des Boryta-Prüfbereichs; Kristallisation wurde nicht bewertet.";"Zustand 20: Temperatur 444.742 K liegt außerhalb des Boryta-Prüfbereichs; Kristallisation wurde nicht bewertet.";5
series_evaporator_to_desorber;Serie Verdampfer → Desorber;series_evaporator_to_desorber;nan;125.0;30.0;125.0;8.0;8.0;4.0;125.0;0.5700000000000002;Abwärmetemperatur [°C];hot_temperature_C;125.0;10.0;10.0;25.0;15.0;11.0;nan;nan;8.090829198496154e-19;`gtol` termination condition is satisfied.;4;1.2290240363988276e-07;1.272071475861019e-09;1;True;;True;0;zulässig;feasible;True;True;True;107.8036767566727;124.24063529891004;152.2604135632646;57.56627992276276;0.0993590949014331;0.2595781332098885;0.2054479004881717;0.26734905925999153;209.15208481383826;207.47183500469222;208.72285446752582;207.85344622118046;40.78747196494342;0.5020738925091437;6.7093478146034515;22.509095981688915;0.009951746878137501;0.03766738213090489;20.91520846959595;20.74718349919857;8.348914178776857;13.856896413952244;3.7079519992690937;98.23247570234474;0.021373667628139845;2683.1008489079595;271.9414120504537;219.2805355778772;0.013998813916374031;0.6409572825255706;0.5669909765217062;0.21359704560121012;-8.151701536007749e-10;-2.701661117043841e-08;1.3128101272741333e-08;-3.2814101436073884e-10;-1.8956143321702257e-09;1.270652205676015e-08;1.189681597679737e-08;1.1787875564550632e-07;-8.15170153600775e-12;-2.701661117043841e-10;1.3128101272741333e-10;-3.2814101436073884e-10;-1.8956143321702258e-11;1.270652205676015e-10;1.189681597679737e-10;1.1787875564550632e-09;147.50909598168892;118.7842868952996;112.54257474017027;125.0;118.7842868952996;42.408602572050995;23.941601764584163;18.155279142615882;55.82387313029375;27.56627992276276;4.330189678670308;14.310099037825523;17.1963232433273;61.21330414048538;0.8948655793512899;9.751208940522929;4.0;0.5700000000000002;133116.56528280556;17804.80029079779;7.476442482289754;0.8948655793512899;deltaT_shex_1_K;shex;True;True;True;True;True;True;True;True;107.8036767566727;2687.709852614173;0.08495609644194446;133116.56528280556;0.0;0.0;135.0;4.0;147.50909598168892;4.0;118.7842868952996;8.0;112.54257474017027;8.0;125.0;8.0;118.7842868952996;8.0;30.0;4.0;42.408602572050995;4.0;107.8036767566727;2687.709852614173;0.008441160848830464;133116.56528280556;0.0;0.0;98.23247570234474;271.9414120504541;0.6549560964419446;17804.80029079779;0.5548722998413768;0.2054479004881717;171.45069774627308;384.4804126162448;0.5784411608488307;133116.56528280556;0.6282695984544372;0.2595781332098885;107.8036767566727;2687.709852614173;0.076514935593114;133116.56528280556;0.0;0.0;124.24063529891004;271.9414120504541;0.6549560964419446;133116.56528280556;0.5548722998413768;0.2054479004881717;153.15527914261588;334.21653581298074;0.6549560964419446;133116.56528280556;0.5548722998413768;0.2054479004881717;152.2604135632646;350.3717632098306;0.5700000000000002;133116.56528280556;0.6375736763646882;0.26734905925999153;114.4894263583871;278.8147948488506;0.5700000000000002;133116.56528280556;0.6375736763646882;0.26734905925999153;114.4540972166293;278.7487117223052;0.5700000000000002;17804.80029079779;0.6375736763646882;0.26734905925999153;98.23247570234474;2683.1008489079595;0.08495609644194446;17804.80029079779;0.0;0.0;57.56627992276276;240.9943528018202;0.08495609644194446;17804.80029079779;0.0;0.0;57.570982754814224;241.11149268106288;0.08495609644194446;133116.56528280556;0.0;0.0;"Zustand 3: Temperatur 426.305 K liegt außerhalb des Boryta-Prüfbereichs; Kristallisation wurde nicht bewertet.";"Zustand 4: Temperatur 425.410 K liegt außerhalb des Boryta-Prüfbereichs; Kristallisation wurde nicht bewertet.";"Zustand 5: Temperatur 387.639 K liegt außerhalb des Boryta-Prüfbereichs; Kristallisation wurde nicht bewertet.";"Zustand 6: Temperatur 387.604 K liegt außerhalb des Boryta-Prüfbereichs; Kristallisation wurde nicht bewertet.";"Zustand 20: Temperatur 444.601 K liegt außerhalb des Boryta-Prüfbereichs; Kristallisation wurde nicht bewertet.";5
series_evaporator_to_desorber;Serie Verdampfer → Desorber;series_evaporator_to_desorber;nan;125.0;30.0;125.0;8.0;8.0;4.0;125.0;0.5800000000000002;Abwärmetemperatur [°C];hot_temperature_C;125.0;10.0;10.0;25.0;15.0;11.0;nan;nan;4.61293383860351e-19;`gtol` termination condition is satisfied.;4;9.177490938590645e-08;9.605138040240244e-10;1;True;;True;0;zulässig;feasible;True;True;True;107.7862783857974;124.14119618129155;152.33514082502415;57.59792178501954;0.09998318454793506;0.2592161666470835;0.20590871986234394;0.266891990505217;209.26766336460958;207.70998085452854;208.86563010390321;208.06374183216928;41.724150394551216;0.5019259314661488;6.8197122130481045;22.516008574438388;0.009953521837859953;0.038318760631284025;20.926766327672013;20.770998084510175;8.354625204215056;13.870916121555444;3.7931045832047894;98.39356401620307;0.021128162552518488;2683.4065846941858;271.8111272955948;219.75877591965045;0.014051233313386868;0.6509963437515649;0.5675603636020623;0.21398692562082167;-5.964650995338161e-10;-2.0701463654404506e-08;9.997734196076635e-09;-2.834279477781365e-10;-1.473182464906131e-09;9.426770475329249e-09;8.837616860546404e-09;8.788944683146838e-08;-5.964650995338161e-12;-2.0701463654404507e-10;9.997734196076635e-11;-2.834279477781365e-10;-1.473182464906131e-11;9.426770475329249e-11;8.837616860546405e-11;8.788944683146837e-10;147.5160085744384;118.77799815095187;112.5320163894715;125.0;118.77799815095187;42.42284574488809;23.79665663890387;18.297449357753976;55.97071827131498;27.597921785019537;4.415465630316703;14.138452373268422;17.213721614202598;61.17537544612628;0.9623085327298213;9.743374918676636;4.0;0.5800000000000002;133037.75674560948;17831.33161788846;7.460898579898851;0.9623085327298213;deltaT_shex_1_K;shex;True;True;True;True;True;True;True;True;107.7862783857974;2687.6831850634217;0.08504757706495158;133037.75674560948;0.0;0.0;135.0;4.0;147.5160085744384;4.0;118.77799815095187;8.0;112.5320163894715;8.0;125.0;8.0;118.77799815095187;8.0;30.0;4.0;42.42284574488809;4.0;107.7862783857974;2687.6831850634217;0.008503327593039784;133037.75674560948;0.0;0.0;98.39356401620307;271.81112729559527;0.6650475770649518;17831.33161788846;0.5555688559815114;0.20590871986234394;171.31266521334226;384.08016158872107;0.5885033275930399;133037.75674560948;0.6278294523122574;0.2592161666470835;107.7862783857974;2687.6831850634217;0.0765442494719118;133037.75674560948;0.0;0.0;124.14119618129155;271.81112729559527;0.6650475770649518;133037.75674560948;0.5555688559815114;0.20590871986234394;153.29744935775398;334.5497219968827;0.6650475770649518;133037.75674560948;0.5555688559815114;0.20590871986234394;152.33514082502415;350.307245825058;0.5800000000000002;133037.75674560948;0.6370340026952607;0.266891990505217;114.39782126261491;278.3690554885965;0.5800000000000002;133037.75674560948;0.6370340026952607;0.266891990505217;114.36253252063517;278.3029886599218;0.5800000000000002;17831.33161788846;0.6370340026952607;0.266891990505217;98.39356401620307;2683.4065846941858;0.08504757706495158;17831.33161788846;0.0;0.0;57.59792178501954;241.1267688224342;0.08504757706495158;17831.33161788846;0.0;0.0;57.60262270482559;241.24380357146953;0.08504757706495158;133037.75674560948;0.0;0.0;"Zustand 3: Temperatur 426.447 K liegt außerhalb des Boryta-Prüfbereichs; Kristallisation wurde nicht bewertet.";"Zustand 4: Temperatur 425.485 K liegt außerhalb des Boryta-Prüfbereichs; Kristallisation wurde nicht bewertet.";"Zustand 5: Temperatur 387.548 K liegt außerhalb des Boryta-Prüfbereichs; Kristallisation wurde nicht bewertet.";"Zustand 6: Temperatur 387.513 K liegt außerhalb des Boryta-Prüfbereichs; Kristallisation wurde nicht bewertet.";"Zustand 20: Temperatur 444.463 K liegt außerhalb des Boryta-Prüfbereichs; Kristallisation wurde nicht bewertet.";5
series_evaporator_to_desorber;Serie Verdampfer → Desorber;series_evaporator_to_desorber;nan;125.0;30.0;125.0;8.0;8.0;4.0;125.0;0.5900000000000002;Abwärmetemperatur [°C];hot_temperature_C;125.0;10.0;10.0;25.0;15.0;11.0;nan;nan;2.6743949759212707e-19;`gtol` termination condition is satisfied.;4;6.874964565609167e-08;7.313542200495285e-10;1;True;;True;0;zulässig;feasible;True;True;True;107.76948496392725;124.04551313559256;152.40363401120408;57.62848085318524;0.10061997251254817;0.2588617592791084;0.20635525789344134;0.26644663941896907;209.37044034536075;207.93997728190115;208.99476666729493;208.2667253728147;42.658702492346364;0.501772735657176;6.930097221946366;22.5221555230479;0.00995521745769029;0.03897036928295615;20.93704402796658;20.793997727495224;8.35979066674656;13.88444835775202;3.8780638644068253;98.54949775912075;0.020891602062690574;2683.7025503593372;271.6886927531142;220.2226510063955;0.014104670367866001;0.6610312203858132;0.5681112711950891;0.2143647613502278;-4.1168846109940205e-10;-1.6128716140428878e-08;7.58012674850761e-09;-2.494671136332727e-10;-1.369073743262561e-09;6.948909003767767e-09;6.534406793434755e-09;6.569496235897532e-08;-4.11688461099402e-12;-1.612871614042888e-10;7.58012674850761e-11;-2.494671136332727e-10;-1.369073743262561e-11;6.948909003767767e-11;6.534406793434755e-11;6.569496235897532e-10;147.5221555230479;118.77192806899478;112.52208456817857;125.0;118.77192806899478;42.43660151207541;23.65560511262663;18.43519960210034;56.11289624704534;27.628480853185238;4.499093867224019;13.972586809057816;17.230515036072745;61.13874814504425;1.031565590896264;9.737429240976894;4.0;0.5900000000000002;132961.72486513844;17856.987036752453;7.445921565126444;1.031565590896264;deltaT_shex_1_K;shex;True;True;True;True;True;True;True;True;107.76948496392725;2687.6574430067335;0.085135890753679;132961.72486513844;0.0;0.0;135.0;4.0;147.5221555230479;4.0;118.77192806899478;8.0;112.52208456817857;8.0;125.0;8.0;118.77192806899478;8.0;30.0;4.0;42.43660151207541;4.0;107.76948496392725;2687.6574430067335;0.008566370987466486;132961.72486513844;0.0;0.0;98.54949775912075;271.68869275311386;0.6751358907536792;17856.987036752453;0.5562425165899519;0.20635525789344134;171.17776063567453;383.68893049188665;0.5985663709874667;132961.72486513844;0.6273979050025111;0.2588617592791084;107.76948496392725;2687.6574430067335;0.07656951976621251;132961.72486513844;0.0;0.0;124.04551313559256;271.68869275311386;0.6751358907536792;132961.72486513844;0.5562425165899519;0.20635525789344134;153.43519960210034;334.8740500664762;0.6751358907536792;132961.72486513844;0.5562425165899519;0.20635525789344134;152.40363401120408;350.23698301042333;0.5900000000000002;132961.72486513844;0.6365072659542801;0.26644663941896907;114.30808389461566;277.9340974294775;0.5900000000000002;132961.72486513844;0.6365072659542801;0.26644663941896907;114.27283420177076;277.8680459561166;0.5900000000000002;17856.987036752453;0.6365072659542801;0.26644663941896907;98.54949775912075;2683.7025503593372;0.085135890753679;17856.987036752453;0.0;0.0;57.62848085318524;241.25465393070476;0.085135890753679;17856.987036752453;0.0;0.0;57.633179923950536;241.371587193158;0.085135890753679;132961.72486513844;0.0;0.0;"Zustand 3: Temperatur 426.585 K liegt außerhalb des Boryta-Prüfbereichs; Kristallisation wurde nicht bewertet.";"Zustand 4: Temperatur 425.554 K liegt außerhalb des Boryta-Prüfbereichs; Kristallisation wurde nicht bewertet.";"Zustand 5: Temperatur 387.458 K liegt außerhalb des Boryta-Prüfbereichs; Kristallisation wurde nicht bewertet.";"Zustand 6: Temperatur 387.423 K liegt außerhalb des Boryta-Prüfbereichs; Kristallisation wurde nicht bewertet.";"Zustand 20: Temperatur 444.328 K liegt außerhalb des Boryta-Prüfbereichs; Kristallisation wurde nicht bewertet.";5
series_evaporator_to_desorber;Serie Verdampfer → Desorber;series_evaporator_to_desorber;nan;125.0;30.0;125.0;8.0;8.0;4.0;125.0;0.6000000000000002;Abwärmetemperatur [°C];hot_temperature_C;125.0;10.0;10.0;25.0;15.0;11.0;nan;nan;1.575786770353772e-19;`gtol` termination condition is satisfied.;4;5.1646356035125456e-08;5.613887726618287e-10;1;True;;True;0;zulässig;feasible;True;True;True;107.75325318415264;123.9535186128789;152.46615273013174;57.65803185155903;0.10126966266918765;0.2585146236737752;0.20678807443298167;0.26601253076230347;209.46101124744996;208.16238668356837;209.11089861678616;208.46292029745362;43.59097099277644;0.5016143296341778;7.040496412865824;22.527572443029328;0.009956840018340057;0.03962217646906483;20.946101119823496;20.81623866783445;8.36443594471395;13.89752801949984;3.9628155459428456;98.70052599451964;0.020663625808035407;2683.989215361687;271.5738341816361;220.6727852224533;0.01415915578475646;0.6710621077192714;0.56864450832127;0.21473105000082945;-2.9113067512298585e-10;-1.259486026583545e-08;5.786688461739686e-09;-2.200626902926217e-10;-1.0626024504745146e-09;5.223853349889396e-09;4.956035581926699e-09;4.921500362797815e-08;-2.9113067512298586e-12;-1.259486026583545e-10;5.786688461739686e-11;-2.200626902926217e-10;-1.0626024504745146e-11;5.223853349889396e-11;4.956035581926699e-11;4.921500362797815e-10;147.52757244302933;118.76606099588952;112.51274464969379;125.0;118.76606099588952;42.449903509782814;23.51826901122314;18.568684050418597;56.25062248473682;27.65803185155903;4.581092559819069;13.81221865517415;17.24674681584736;61.103331863922676;1.1025313202868574;9.7333382726639;4.0;0.6000000000000002;132888.26982397403;17881.826081009556;7.431470881215032;1.1025313202868574;deltaT_shex_1_K;shex;True;True;True;True;True;True;True;True;107.75325318415264;2687.632560239916;0.0852212635040277;132888.26982397403;0.0;0.0;135.0;4.0;147.52757244302933;4.0;118.76606099588952;8.0;112.51274464969379;8.0;125.0;8.0;118.76606099588952;8.0;30.0;4.0;42.449903509782814;4.0;107.75325318415264;2687.632560239916;0.008630328607294837;132888.26982397403;0.0;0.0;98.70052599451964;271.5738341816352;0.6852212635040279;17881.826081009556;0.556894250983525;0.20678807443298167;171.04584145425247;383.3063299904408;0.608630328607295;132888.26982397403;0.6269746422106726;0.2585146236737752;107.75325318415264;2687.632560239916;0.07659093489673287;132888.26982397403;0.0;0.0;123.9535186128789;271.5738341816352;0.6852212635040279;132888.26982397403;0.556894250983525;0.20678807443298167;153.5686840504186;335.1897394585155;0.6852212635040279;132888.26982397403;0.556894250983525;0.20678807443298167;152.46615273013174;350.16117569098213;0.6000000000000002;132888.26982397403;0.6359929704951002;0.26601253076230347;114.220180340215;277.50955736920287;0.6000000000000002;132888.26982397403;0.6359929704951002;0.26601253076230347;114.18496843607045;277.4435204084211;0.6000000000000002;17881.826081009556;0.6359929704951002;0.26601253076230347;98.70052599451964;2683.989215361687;0.0852212635040277;17881.826081009556;0.0;0.0;57.65803185155903;241.3783207962685;0.0852212635040277;17881.826081009556;0.0;0.0;57.66272913196684;241.4951559569895;0.0852212635040277;132888.26982397403;0.0;0.0;"Zustand 3: Temperatur 426.719 K liegt außerhalb des Boryta-Prüfbereichs; Kristallisation wurde nicht bewertet.";"Zustand 4: Temperatur 425.616 K liegt außerhalb des Boryta-Prüfbereichs; Kristallisation wurde nicht bewertet.";"Zustand 5: Temperatur 387.370 K liegt außerhalb des Boryta-Prüfbereichs; Kristallisation wurde nicht bewertet.";"Zustand 6: Temperatur 387.335 K liegt außerhalb des Boryta-Prüfbereichs; Kristallisation wurde nicht bewertet.";"Zustand 20: Temperatur 444.196 K liegt außerhalb des Boryta-Prüfbereichs; Kristallisation wurde nicht bewertet.";5
series_evaporator_to_desorber;Serie Verdampfer → Desorber;series_evaporator_to_desorber;nan;125.0;30.0;125.0;8.0;8.0;4.0;125.0;0.6100000000000002;Abwärmetemperatur [°C];hot_temperature_C;125.0;10.0;10.0;25.0;15.0;11.0;nan;nan;9.489760825399481e-20;`gtol` termination condition is satisfied.;4;3.898516724896134e-08;4.3565492824939975e-10;1;True;;True;0;zulässig;feasible;True;True;True;107.73754284670963;123.86514049447482;152.52294802892777;57.686644233523;0.10193241978448106;0.2581744875596738;0.20720770126943613;0.2655892132298518;209.5399355972266;208.37773178563074;209.21462233217224;208.65281250384737;44.52081284295364;0.5014507428162108;7.150903569819026;22.532292798877165;0.009958395256549617;0.04027415141762871;20.95399355601915;20.837773178170806;8.368584893320834;13.91018750000508;4.0473466229879556;98.84688271226088;0.020443888995902666;2684.2670208498157;271.4662816551423;221.10976820256943;0.0142147158557141;0.6810891893143342;0.5691608366495101;0.2150862612480337;-1.6359535948140547e-10;-9.91386883697487e-09;4.423526434038649e-09;-1.9445994814404344e-10;-8.486154001730029e-10;3.92267907045607e-09;3.771162937482586e-09;3.7035079003544524e-08;-1.6359535948140547e-12;-9.913868836974871e-11;4.4235264340386496e-11;-1.9445994814404344e-10;-8.486154001730028e-12;3.92267907045607e-11;3.771162937482586e-11;3.7035079003544523e-10;147.53229279887717;118.76038240120073;112.50396426925778;125.0;118.76038240120073;42.462783001532955;23.38448081628917;18.698050146833793;56.384099710727924;27.686644233522998;4.661481426545095;13.6570815569969;17.26245715329037;61.069042623199664;1.1751021179060217;9.731064227802733;4.0;0.6100000000000002;132817.2063421954;17905.90424584919;7.417509024878432;1.1751021179060217;deltaT_shex_1_K;shex;True;True;True;True;True;True;True;True;107.73754284670963;2687.608475299116;0.08530390517004804;132817.2063421954;0.0;0.0;135.0;4.0;147.53229279887717;4.0;118.76038240120073;8.0;112.50396426925778;8.0;125.0;8.0;118.76038240120073;8.0;30.0;4.0;42.462783001532955;4.0;107.73754284670963;2687.608475299116;0.008695233471048901;132817.2063421954;0.0;0.0;98.84688271226088;271.46628165514136;0.6953039051700483;17905.90424584919;0.5575249756842324;0.20720770126943613;170.91677361516633;382.9319930650755;0.6186952334710492;132817.2063421954;0.626559365655243;0.2581744875596738;107.73754284670963;2687.608475299116;0.07660867169899914;132817.2063421954;0.0;0.0;123.86514049447482;271.46628165514136;0.6953039051700483;132817.2063421954;0.5575249756842324;0.20720770126943613;153.6980501468338;335.49700622307734;0.6953039051700483;132817.2063421954;0.5575249756842324;0.20720770126943613;152.52294802892777;350.0800257145229;0.6100000000000002;132817.2063421954;0.6354906439722671;0.2655892132298518;114.13407626667208;277.0950866274455;0.6100000000000002;132817.2063421954;0.6354906439722671;0.2655892132298518;114.09890097465563;277.0290634284002;0.6100000000000002;17905.90424584919;0.6354906439722671;0.2655892132298518;98.84688271226088;2684.2670208498157;0.08530390517004804;17905.90424584919;0.0;0.0;57.686644233523;241.49806003562236;0.08530390517004804;17905.90424584919;0.0;0.0;57.691339778001065;241.6148002392121;0.08530390517004804;132817.2063421954;0.0;0.0;"Zustand 3: Temperatur 426.848 K liegt außerhalb des Boryta-Prüfbereichs; Kristallisation wurde nicht bewertet.";"Zustand 4: Temperatur 425.673 K liegt außerhalb des Boryta-Prüfbereichs; Kristallisation wurde nicht bewertet.";"Zustand 5: Temperatur 387.284 K liegt außerhalb des Boryta-Prüfbereichs; Kristallisation wurde nicht bewertet.";"Zustand 6: Temperatur 387.249 K liegt außerhalb des Boryta-Prüfbereichs; Kristallisation wurde nicht bewertet.";"Zustand 20: Temperatur 444.067 K liegt außerhalb des Boryta-Prüfbereichs; Kristallisation wurde nicht bewertet.";5
series_evaporator_to_desorber;Serie Verdampfer → Desorber;series_evaporator_to_desorber;nan;125.0;30.0;125.0;8.0;8.0;4.0;125.0;0.6200000000000002;Abwärmetemperatur [°C];hot_temperature_C;125.0;10.0;10.0;25.0;15.0;11.0;nan;nan;6.639983756088125e-20;`gtol` termination condition is satisfied.;4;3.175721280754397e-08;3.644168974152578e-10;1;True;;True;0;zulässig;feasible;True;True;True;107.72231661469078;123.78030304953865;152.5742622515773;57.71438259051126;0.10260837333059214;0.257841092739219;0.20761464380665018;0.26517625800787886;209.6077395399122;208.58649872206803;209.30649882276722;208.83685328646723;45.44809803781064;0.5012820088675114;7.261312682866309;22.53634805860719;0.009959888417510152;0.040926264195571896;20.960773950976733;20.85864987189234;8.372259952944049;13.922456885562237;4.131645276904234;98.98878790229827;0.020232061784582766;2684.5363816733866;271.3657702969747;221.53415711412694;0.01427137288686886;0.6911126378393109;0.5696609739004819;0.21543083910419372;-1.326938559031987e-10;-8.13594169812859e-09;3.711789986482472e-09;-1.7874790536609453e-10;-8.339782198163448e-10;3.14463477479876e-09;3.033676421182463e-09;3.014486082975054e-08;-1.326938559031987e-12;-8.13594169812859e-11;3.711789986482472e-11;-1.7874790536609453e-10;-8.339782198163448e-12;3.1446347747987604e-11;3.033676421182463e-11;3.0144860829750543e-10;147.5363480586072;118.75487878928027;112.49571315462816;125.0;118.75487878928027;42.47526906232463;23.254082873069876;18.82343893539661;56.51351883997364;27.714382590511264;4.740281487566165;13.506925252329893;17.277683385309217;61.03580233965863;1.2491766838193143;9.730565969374595;4.0;0.6200000000000002;132748.36251290172;17929.273284774026;7.404001289089327;1.2491766838193143;deltaT_shex_1_K;shex;True;True;True;True;True;True;True;True;107.72231661469078;2687.5851310891467;0.08538401072617952;132748.36251290172;0.0;0.0;135.0;4.0;147.5363480586072;4.0;118.75487878928027;8.0;112.49571315462816;8.0;125.0;8.0;118.75487878928027;8.0;30.0;4.0;42.47526906232463;4.0;107.72231661469078;2687.5851310891467;0.008761114449055111;132748.36251290172;0.0;0.0;98.98878790229827;271.3657702969752;0.7053840107261797;17929.273284774026;0.5581355578802617;0.20761464380665018;170.79043093167707;382.56557337404297;0.6287611144490554;132748.36251290172;0.6261517919571024;0.257841092739219;107.72231661469078;2687.5851310891467;0.0766228962771244;132748.36251290172;0.0;0.0;123.78030304953865;271.3657702969752;0.7053840107261797;132748.36251290172;0.5581355578802617;0.20761464380665018;153.8234389353966;335.79606265790164;0.7053840107261797;132748.36251290172;0.5581355578802617;0.20761464380665018;152.5742622515773;349.99373442446137;0.6200000000000002;132748.36251290172;0.6349998360426979;0.26517625800787886;114.04973708016405;276.6903504922947;0.6200000000000002;132748.36251290172;0.6349998360426979;0.26517625800787886;114.0145973017141;276.62434038875347;0.6200000000000002;17929.273284774026;0.6349998360426979;0.26517625800787886;98.98878790229827;2684.5363816733866;0.08538401072617952;17929.273284774026;0.0;0.0;57.71438259051126;241.6141419230172;0.08538401072617952;17929.273284774026;0.0;0.0;57.71907644962164;241.73079009089784;0.08538401072617952;132748.36251290172;0.0;0.0;"Zustand 3: Temperatur 426.973 K liegt außerhalb des Boryta-Prüfbereichs; Kristallisation wurde nicht bewertet.";"Zustand 4: Temperatur 425.724 K liegt außerhalb des Boryta-Prüfbereichs; Kristallisation wurde nicht bewertet.";"Zustand 5: Temperatur 387.200 K liegt außerhalb des Boryta-Prüfbereichs; Kristallisation wurde nicht bewertet.";"Zustand 6: Temperatur 387.165 K liegt außerhalb des Boryta-Prüfbereichs; Kristallisation wurde nicht bewertet.";"Zustand 20: Temperatur 443.940 K liegt außerhalb des Boryta-Prüfbereichs; Kristallisation wurde nicht bewertet.";5
series_evaporator_to_desorber;Serie Verdampfer → Desorber;series_evaporator_to_desorber;nan;125.0;30.0;125.0;8.0;8.0;4.0;125.0;0.6300000000000002;Abwärmetemperatur [°C];hot_temperature_C;125.0;10.0;10.0;25.0;15.0;11.0;nan;nan;4.8406716298970835e-20;`gtol` termination condition is satisfied.;4;2.632946641525305e-08;3.111485699757299e-10;1;True;;True;0;zulässig;feasible;True;True;True;107.70753979122384;123.69892777727989;152.6203289768385;57.7413070255821;0.1032976209329618;0.25751419408279125;0.20800938263230584;0.2647732574406213;209.66491818963445;208.78913984572392;209.38705619602683;209.01546202925311;46.3727085364201;0.5011081651204232;7.371717941917745;22.539767834308293;0.009961324301536978;0.04157848569996472;20.966491816465233;20.878913984316515;8.37548224786884;13.934364135113764;4.215700776654137;99.12644854388788;0.020027828689441297;2684.7976882363446;271.2720408899954;221.94647877940858;0.014329145591544745;0.7011326158274099;0.5701455969758433;0.21576520365126425;-7.691625114603085e-11;-6.775401573122508e-09;3.1113813747651875e-09;-1.6580742334681986e-10;-6.941718311281875e-10;2.5587780783098424e-09;2.54664200838306e-09;2.4982114155136514e-08;-7.691625114603085e-13;-6.775401573122509e-11;3.1113813747651876e-11;-1.6580742334681986e-10;-6.941718311281875e-12;2.5587780783098423e-11;2.5466420083830598e-11;2.498211415513651e-10;147.5397678343083;118.74953761874241;112.48796297173203;125.0;118.74953761874241;42.48738874675382;23.126926663565428;18.944985376608315;56.63905979713405;27.741307025582103;4.817514845205665;13.361514427844156;17.292460208776163;61.00353837259388;1.3246563997698217;9.731799712912107;4.0;0.6300000000000002;132681.57874256276;17951.9814825181;7.390915530509544;1.3246563997698217;deltaT_shex_1_K;shex;True;True;True;True;True;True;True;True;107.70753979122384;2687.562474544369;0.08546176141895445;132681.57874256276;0.0;0.0;135.0;4.0;147.5397678343083;4.0;118.74953761874241;8.0;112.48796297173203;8.0;125.0;8.0;118.74953761874241;8.0;30.0;4.0;42.48738874675382;4.0;107.70753979122384;2687.562474544369;0.008827996635318377;132681.57874256276;0.0;0.0;99.12644854388788;271.27204088999673;0.7154617614189547;17951.9814825181;0.5587268186315719;0.20800938263230584;170.66669449787372;382.20674374363483;0.6388279966353186;132681.57874256276;0.6257516515891846;0.25751419408279125;107.70753979122384;2687.562474544369;0.07663376478363608;132681.57874256276;0.0;0.0;123.69892777727989;271.27204088999673;0.7154617614189547;132681.57874256276;0.5587268186315719;0.20800938263230584;153.94498537660832;336.08711702271756;0.7154617614189547;132681.57874256276;0.5587268186315719;0.20800938263230584;152.6203289768385;349.90250147123896;0.6300000000000002;132681.57874256276;0.6345201171589732;0.2647732574406213;113.96712806436778;276.2950276037834;0.6300000000000002;132681.57874256276;0.6345201171589732;0.2647732574406213;113.93202277353674;276.22903000743423;0.6300000000000002;17951.9814825181;0.6345201171589732;0.2647732574406213;99.12644854388788;2684.7976882363446;0.08546176141895445;17951.9814825181;0.0;0.0;57.7413070255821;241.72681795333585;0.08546176141895445;17951.9814825181;0.0;0.0;57.74599924614853;241.84337679949283;0.08546176141895445;132681.57874256276;0.0;0.0;"Zustand 3: Temperatur 427.095 K liegt außerhalb des Boryta-Prüfbereichs; Kristallisation wurde nicht bewertet.";"Zustand 4: Temperatur 425.770 K liegt außerhalb des Boryta-Prüfbereichs; Kristallisation wurde nicht bewertet.";"Zustand 5: Temperatur 387.117 K liegt außerhalb des Boryta-Prüfbereichs; Kristallisation wurde nicht bewertet.";"Zustand 6: Temperatur 387.082 K liegt außerhalb des Boryta-Prüfbereichs; Kristallisation wurde nicht bewertet.";"Zustand 20: Temperatur 443.817 K liegt außerhalb des Boryta-Prüfbereichs; Kristallisation wurde nicht bewertet.";5
series_evaporator_to_desorber;Serie Verdampfer → Desorber;series_evaporator_to_desorber;nan;125.0;30.0;125.0;8.0;8.0;4.0;125.0;0.6400000000000002;Abwärmetemperatur [°C];hot_temperature_C;125.0;10.0;10.0;25.0;15.0;11.0;nan;nan;4.213884682472898e-20;`gtol` termination condition is satisfied.;4;2.4123749783827876e-08;2.9030620670157566e-10;1;True;;True;0;zulässig;feasible;True;True;True;107.69318011399656;123.62093414190014;152.66137301611343;57.767473498139566;0.10400023169967665;0.2571935586453344;0.20839237496465013;0.2643798237755966;209.71193779828775;208.98607632346665;209.4567919371527;209.18902868958878;47.294537249277575;0.5009292520449257;7.482113729748706;22.542580011859343;0.009962707305995218;0.042230787643826664;20.971193777536435;20.89860763211259;8.378271677516704;13.945935245816436;4.299503386847317;99.26005951465089;0.019830888003839975;2685.051308199957;271.1848403644355;222.3472316354853;0.014388049451143914;0.7111492763790392;0.5706153448080081;0.21608975262400484;-6.31246166449273e-11;-6.042917277682136e-09;2.8939837193320272e-09;-1.6150780712820278e-10;-7.648850441910326e-10;2.3407551452692132e-09;2.3422330741595943e-09;2.292341605425463e-08;-6.31246166449273e-13;-6.042917277682136e-11;2.8939837193320273e-11;-1.6150780712820278e-10;-7.648850441910327e-12;2.3407551452692134e-11;2.3422330741595943e-11;2.292341605425463e-10;147.54258001185934;118.74434722818216;112.4806871822147;125.0;118.74434722818216;42.4991672442265;23.002872150654298;19.062818640810917;56.76089227042439;27.767473498139566;4.893204489341372;13.220627667563804;17.30681988600344;60.972183104657745;1.4014456246974873;9.734719641534127;4.0;0.6400000000000002;132616.70677650612;17974.073908867078;7.378221957298331;1.4014456246974873;deltaT_shex_1_K;shex;True;True;True;True;True;True;True;True;107.69318011399656;2687.540456315843;0.08553732583018292;132616.70677650612;0.0;0.0;135.0;4.0;147.54258001185934;4.0;118.74434722818216;8.0;112.4806871822147;8.0;125.0;8.0;118.74434722818216;8.0;30.0;4.0;42.4991672442265;4.0;107.69318011399656;2687.540456315843;0.00889590170530976;132616.70677650612;0.0;0.0;99.26005951465089;271.1848403644356;0.7255373258301832;17974.073908867078;0.559299535811848;0.20839237496465013;170.54545216251364;381.85519481927673;0.64889590170531;132616.70677650612;0.6253586879591447;0.2571935586453344;107.69318011399656;2687.540456315843;0.07664142412487315;132616.70677650612;0.0;0.0;123.62093414190014;271.1848403644356;0.7255373258301832;132616.70677650612;0.559299535811848;0.20839237496465013;154.06281864081092;336.3703733005415;0.7255373258301832;132616.70677650612;0.559299535811848;0.20839237496465013;152.66137301611343;349.8065238087128;0.6400000000000002;132616.70677650612;0.6340510774234231;0.2643798237755966;113.88621450036601;275.908809356618;0.6400000000000002;132616.70677650612;0.6340510774234231;0.2643798237755966;113.85114273884079;275.84282375092454;0.6400000000000002;17974.073908867078;0.6340510774234231;0.2643798237755966;99.26005951465089;2685.051308199957;0.08553732583018292;17974.073908867078;0.0;0.0;57.767473498139566;241.83632228414467;0.08553732583018292;17974.073908867078;0.0;0.0;57.77216412352442;241.95279432964412;0.08553732583018292;132616.70677650612;0.0;0.0;"Zustand 3: Temperatur 427.213 K liegt außerhalb des Boryta-Prüfbereichs; Kristallisation wurde nicht bewertet.";"Zustand 4: Temperatur 425.811 K liegt außerhalb des Boryta-Prüfbereichs; Kristallisation wurde nicht bewertet.";"Zustand 5: Temperatur 387.036 K liegt außerhalb des Boryta-Prüfbereichs; Kristallisation wurde nicht bewertet.";"Zustand 6: Temperatur 387.001 K liegt außerhalb des Boryta-Prüfbereichs; Kristallisation wurde nicht bewertet.";"Zustand 20: Temperatur 443.695 K liegt außerhalb des Boryta-Prüfbereichs; Kristallisation wurde nicht bewertet.";5
series_evaporator_to_desorber;Serie Verdampfer → Desorber;series_evaporator_to_desorber;nan;125.0;30.0;125.0;8.0;8.0;4.0;125.0;0.6500000000000002;Abwärmetemperatur [°C];hot_temperature_C;125.0;10.0;10.0;25.0;15.0;11.0;nan;nan;3.722120983693499e-20;`gtol` termination condition is satisfied.;4;2.2286438764105456e-08;2.7284138189407776e-10;1;True;;True;0;zulässig;feasible;True;True;True;107.67920756874929;123.54624021408517;152.69761047596648;57.792934137426755;0.10471624909396048;0.2568789648220901;0.20876405601694437;0.2639955880110473;209.7492377243562;209.17770049489943;209.51617498295505;209.35791605224156;48.21348710695091;0.5007453127644785;7.5924946158144175;22.544810868681566;0.009964041462606455;0.04288314254209447;20.974923770312063;20.91777004927271;8.380646999343716;13.957194403336924;4.383044282934262;99.38980443023962;0.019640951232432993;2685.297588056562;271.10392218876194;222.7368875634711;0.014448097043850638;0.7211627637983969;0.5710708209999005;0.21640486288675723;-5.4292570439429255e-11;-5.325972551872837e-09;2.7259261514700484e-09;-1.5740508896300298e-10;-6.378400030371267e-10;2.1722996734752087e-09;2.1877042399864877e-09;2.1235564418020658e-08;-5.429257043942925e-13;-5.3259725518728376e-11;2.7259261514700484e-11;-1.5740508896300298e-10;-6.378400030371267e-12;2.1722996734752085e-11;2.1877042399864877e-11;2.123556441802066e-10;147.54481086868157;118.7392967687727;112.47386091401927;125.0;118.7392967687727;42.510628020029856;22.881787169167296;19.17706239397222;56.879176410209766;27.792934137426755;4.967374123925879;13.084056483779648;17.32079243125071;60.94167356084125;1.4794519180057364;9.73927844173943;4.0;0.6500000000000002;132553.60881596545;17995.59265069558;7.36589293772672;1.4794519180057364;deltaT_shex_1_K;shex;True;True;True;True;True;True;True;True;107.67920756874929;2687.519030487274;0.08561086084224734;132553.60881596545;0.0;0.0;135.0;4.0;147.54481086868157;4.0;118.7392967687727;8.0;112.47386091401927;8.0;125.0;8.0;118.7392967687727;8.0;30.0;4.0;42.510628020029856;4.0;107.67920756874929;2687.519030487274;0.00896484822910516;132553.60881596545;0.0;0.0;99.38980443023962;271.1039221887616;0.7356108608422476;17995.59265069558;0.5598544468543759;0.20876405601694437;170.42659803784886;381.51063379843964;0.6589648482291054;132553.60881596545;0.6249726565249628;0.2568789648220901;107.67920756874929;2687.519030487274;0.07664601261314218;132553.60881596545;0.0;0.0;123.54624021408517;271.1039221887616;0.7356108608422476;132553.60881596545;0.5598544468543759;0.20876405601694437;154.17706239397222;336.64603103113;0.7356108608422476;132553.60881596545;0.5598544468543759;0.20876405601694437;152.69761047596648;349.7059948928526;0.6500000000000002;132553.60881596545;0.6335923255337041;0.2639955880110473;113.80696177234574;275.5313993436138;0.6500000000000002;132553.60881596545;0.6335923255337041;0.2639955880110473;113.77192264484682;275.46542527816445;0.6500000000000002;17995.59265069558;0.6335923255337041;0.2639955880110473;99.38980443023962;2685.297588056562;0.08561086084224734;17995.59265069558;0.0;0.0;57.792934137426755;241.94287304738648;0.08561086084224734;17995.59265069558;0.0;0.0;57.79762320793145;242.05926063378124;0.08561086084224734;132553.60881596545;0.0;0.0;"Zustand 3: Temperatur 427.327 K liegt außerhalb des Boryta-Prüfbereichs; Kristallisation wurde nicht bewertet.";"Zustand 4: Temperatur 425.848 K liegt außerhalb des Boryta-Prüfbereichs; Kristallisation wurde nicht bewertet.";"Zustand 5: Temperatur 386.957 K liegt außerhalb des Boryta-Prüfbereichs; Kristallisation wurde nicht bewertet.";"Zustand 6: Temperatur 386.922 K liegt außerhalb des Boryta-Prüfbereichs; Kristallisation wurde nicht bewertet.";"Zustand 20: Temperatur 443.577 K liegt außerhalb des Boryta-Prüfbereichs; Kristallisation wurde nicht bewertet.";5
series_evaporator_to_desorber;Serie Verdampfer → Desorber;series_evaporator_to_desorber;nan;125.0;30.0;125.0;8.0;8.0;4.0;125.0;0.6600000000000003;Abwärmetemperatur [°C];hot_temperature_C;125.0;10.0;10.0;25.0;15.0;11.0;nan;nan;3.2719871160367035e-20;`gtol` termination condition is satisfied.;4;2.0460240309005424e-08;2.5581192763578105e-10;1;True;;True;0;zulässig;feasible;True;True;True;107.6655942168062;123.47476322451064;152.7292488615816;57.817737532539184;0.10544569372388517;0.256570201612864;0.20912484025564754;0.26362019880703574;209.77723226076137;209.36437805559544;209.56564764783158;209.5224618143253;49.129470194440856;0.5005563926162977;7.702855349351165;22.546485183059872;0.009965330471086548;0.04353552369316813;20.977723224123622;20.93643780536537;8.382625905941778;13.96816412082264;4.4663154726534495;99.51585641629975;0.0194577425396282;2685.536854576341;271.02904665955725;223.11589357623333;0.014509298345143251;0.7311732141864722;0.5715125962289238;0.21671089178176384;-3.5647929053084226e-11;-4.747086279621726e-09;2.570772039689473e-09;-1.5355766658231573e-10;-7.128448942239629e-10;1.9417427665757714e-09;1.9857111510646064e-09;1.9525145944498945e-08;-3.564792905308423e-13;-4.7470862796217263e-11;2.570772039689473e-11;-1.5355766658231573e-10;-7.128448942239629e-12;1.9417427665757715e-11;1.9857111510646063e-11;1.9525145944498946e-10;147.54648518305987;118.73437614191613;112.46746084144269;125.0;118.73437614191613;42.52179294590883;22.763546877144847;19.2878350616636;56.99406347039093;27.817737532539184;5.040048013933358;12.951604425142932;17.3344057831938;60.911951056534406;1.5585862000820043;9.745427766559487;4.0;0.6600000000000003;132492.1567036311;18016.577028165488;7.353902824965299;1.5585862000820043;deltaT_shex_1_K;shex;True;True;True;True;True;True;True;True;107.6655942168062;2687.498154312258;0.08568251253161518;132492.1567036311;0.0;0.0;135.0;4.0;147.54648518305987;4.0;118.73437614191613;8.0;112.46746084144269;8.0;125.0;8.0;118.73437614191613;8.0;30.0;4.0;42.52179294590883;4.0;107.6655942168062;2687.498154312258;0.009034851973901647;132492.1567036311;0.0;0.0;99.51585641629975;271.0290466595586;0.7456825125316154;18016.577028165488;0.5603922512733469;0.20912484025564754;170.31003206020472;381.1727833029539;0.6690348519739019;132492.1567036311;0.6245933240300253;0.256570201612864;107.6655942168062;2687.498154312258;0.07664766055771353;132492.1567036311;0.0;0.0;123.47476322451064;271.0290466595586;0.7456825125316154;132492.1567036311;0.5603922512733469;0.20912484025564754;154.2878350616636;336.91428517433184;0.7456825125316154;132492.1567036311;0.5603922512733469;0.20912484025564754;152.7292488615816;349.601104017875;0.6600000000000003;132492.1567036311;0.6331434877769053;0.26362019880703574;113.72933545795115;275.16251281412275;0.6600000000000003;132492.1567036311;0.6331434877769053;0.26362019880703574;113.69432812798277;275.0965498994361;0.6600000000000003;18016.577028165488;0.6331434877769053;0.26362019880703574;99.51585641629975;2685.536854576341;0.08568251253161518;18016.577028165488;0.0;0.0;57.817737532539184;242.04667356251917;0.08568251253161518;18016.577028165488;0.0;0.0;57.822425085381724;242.16297886422714;0.08568251253161518;132492.1567036311;0.0;0.0;"Zustand 3: Temperatur 427.438 K liegt außerhalb des Boryta-Prüfbereichs; Kristallisation wurde nicht bewertet.";"Zustand 4: Temperatur 425.879 K liegt außerhalb des Boryta-Prüfbereichs; Kristallisation wurde nicht bewertet.";"Zustand 5: Temperatur 386.879 K liegt außerhalb des Boryta-Prüfbereichs; Kristallisation wurde nicht bewertet.";"Zustand 6: Temperatur 386.844 K liegt außerhalb des Boryta-Prüfbereichs; Kristallisation wurde nicht bewertet.";"Zustand 20: Temperatur 443.460 K liegt außerhalb des Boryta-Prüfbereichs; Kristallisation wurde nicht bewertet.";5
series_evaporator_to_desorber;Serie Verdampfer → Desorber;series_evaporator_to_desorber;nan;125.0;30.0;125.0;8.0;8.0;4.0;125.0;0.6700000000000003;Abwärmetemperatur [°C];hot_temperature_C;125.0;10.0;10.0;25.0;15.0;11.0;nan;nan;2.9031573936248564e-20;`gtol` termination condition is satisfied.;4;1.8860740598074452e-08;2.4096295954460953e-10;1;True;;True;0;zulässig;feasible;True;True;True;107.65231403786203;123.4064200416783;152.75648722460465;57.84192899718835;0.10618856578251026;0.2562670679272465;0.20947512258389567;0.2632533214785814;209.79631230700627;209.54645004981145;209.60562738825752;209.68298048564208;50.04240695738358;0.5003625387554107;7.813190853005623;22.54762633415112;0.009966577729225027;0.04418790516044193;20.979631228898523;20.95464500480351;8.384225095554402;13.978865365583454;4.549309723784994;99.63837882161874;0.019280998211950725;2685.7694161443383;270.95998111326895;223.48467339092684;0.014571661000539748;0.7411807559831389;0.5719412104709097;0.21700817838375944;-2.842881485776161e-11;-4.2513548237366194e-09;2.4043060875555966e-09;-1.4997547648221143e-10;-6.02540239924565e-10;1.7763568394002505e-09;1.8902710507973097e-09;1.8021040659732535e-08;-2.8428814857761607e-13;-4.2513548237366194e-11;2.4043060875555968e-11;-1.4997547648221143e-10;-6.0254023992456496e-12;1.7763568394002505e-11;1.89027105079731e-11;1.8021040659732535e-10;147.54762633415112;118.72957594241501;112.4614650755413;125.0;118.72957594241501;42.532682419247124;22.64803324760254;19.395250083606868;57.10569640237162;27.841928997188347;5.1112508495046995;12.823086253922554;17.347685962137973;60.88296087563094;1.6387628590022132;9.753118634686814;4.0;0.6700000000000003;132432.23118253011;18037.0637930816;7.342227798369631;1.6387628590022132;deltaT_shex_1_K;shex;True;True;True;True;True;True;True;True;107.65231403786203;2687.477787974694;0.08575241698367841;132432.23118253011;0.0;0.0;135.0;4.0;147.54762633415112;4.0;118.72957594241501;8.0;112.4614650755413;8.0;125.0;8.0;118.72957594241501;8.0;30.0;4.0;42.532682419247124;4.0;107.65231403786203;2687.477787974694;0.009105926171880586;132432.23118253011;0.0;0.0;99.63837882161874;270.9599811132694;0.7557524169836787;18037.0637930816;0.5609136130144792;0.20947512258389567;170.19565958175366;380.8413803266065;0.6791059261718808;132432.23118253011;0.6242204677763692;0.2562670679272465;107.65231403786203;2687.477787974694;0.07664649081179783;132432.23118253011;0.0;0.0;123.4064200416783;270.9599811132694;0.7557524169836787;132432.23118253011;0.5609136130144792;0.20947512258389567;154.39525008360687;337.17532602359114;0.7557524169836787;132432.23118253011;0.5609136130144792;0.20947512258389567;152.75648722460465;349.4920358027095;0.6700000000000003;132432.23118253011;0.6327042070966272;0.2632533214785814;113.65330140699149;274.80187616478116;0.6700000000000003;132432.23118253011;0.6327042070966272;0.2632533214785814;113.61832509291031;274.73592406752675;0.6700000000000003;18037.0637930816;0.6327042070966272;0.2632533214785814;99.63837882161874;2685.7694161443383;0.08575241698367841;18037.0637930816;0.0;0.0;57.84192899718835;242.14791344435915;0.08575241698367841;18037.0637930816;0.0;0.0;57.84661506678407;242.26413848010503;0.08575241698367841;132432.23118253011;0.0;0.0;"Zustand 3: Temperatur 427.545 K liegt außerhalb des Boryta-Prüfbereichs; Kristallisation wurde nicht bewertet.";"Zustand 4: Temperatur 425.906 K liegt außerhalb des Boryta-Prüfbereichs; Kristallisation wurde nicht bewertet.";"Zustand 5: Temperatur 386.803 K liegt außerhalb des Boryta-Prüfbereichs; Kristallisation wurde nicht bewertet.";"Zustand 6: Temperatur 386.768 K liegt außerhalb des Boryta-Prüfbereichs; Kristallisation wurde nicht bewertet.";"Zustand 20: Temperatur 443.346 K liegt außerhalb des Boryta-Prüfbereichs; Kristallisation wurde nicht bewertet.";5
series_evaporator_to_desorber;Serie Verdampfer → Desorber;series_evaporator_to_desorber;nan;125.0;30.0;125.0;8.0;8.0;4.0;125.0;0.6800000000000003;Abwärmetemperatur [°C];hot_temperature_C;125.0;10.0;10.0;25.0;15.0;11.0;nan;nan;2.5717264451478173e-20;`gtol` termination condition is satisfied.;4;1.7319824640834253e-08;2.267918184215567e-10;1;True;;True;0;zulässig;feasible;True;True;True;107.63934278551739;123.34112758068574;152.7795163424264;57.86555081319909;0.10694484729111448;0.2559693719542262;0.2098152794449791;0.262894637053245;209.80684691337603;209.7242347028123;209.63650843369507;209.83976513436974;50.95222547197442;0.5001637997991142;7.923496216485367;22.548256394340683;0.009967786359913761;0.04484026175235184;20.980684689681084;20.97242347011892;8.385460337375557;13.989317675510401;4.632020497798738;99.75752587587118;0.01911046613556948;2685.9955639937966;270.89650006397454;223.84362888749877;0.014635190573175416;0.7511855104685209;0.5723571750440409;0.21729704465753266;-1.1240786079724785e-11;-3.8116994005577e-09;2.2287167666945606e-09;-1.464207644019666e-10;-6.93859192324453e-10;1.6231354038609425e-09;1.71371539181564e-09;1.656519543757895e-08;-1.1240786079724785e-13;-3.8116994005577e-11;2.2287167666945606e-11;-1.464207644019666e-10;-6.93859192324453e-12;1.6231354038609426e-11;1.71371539181564e-11;1.656519543757895e-10;147.54825639434068;118.72488740626886;112.45585306315598;125.0;118.72488740626886;42.54331547265622;22.535134603815436;19.49941615399007;57.21421040321496;27.865550813199093;5.18100762617911;12.698327187284804;17.360657214482615;60.85465197484717;1.7198998115636641;9.762301771973455;4.0;0.6800000000000003;132373.72121632652;18057.08731232236;7.330845718733009;1.7198998115636641;deltaT_shex_1_K;shex;True;True;True;True;True;True;True;True;107.63934278551739;2687.457894368567;0.08582070104169603;132373.72121632652;0.0;0.0;135.0;4.0;147.54825639434068;4.0;118.72488740626886;8.0;112.45585306315598;8.0;125.0;8.0;118.72488740626886;8.0;30.0;4.0;42.54331547265622;4.0;107.63934278551739;2687.457894368567;0.009178081767320571;132373.72121632652;0.0;0.0;99.75752587587118;270.896500063975;0.7658207010416963;18057.08731232236;0.5614191626329116;0.2098152794449791;170.08339099815612;380.51617527556596;0.6891780817673209;132373.72121632652;0.6238538749660308;0.2559693719542262;107.63934278551739;2687.457894368567;0.07664261927437546;132373.72121632652;0.0;0.0;123.34112758068574;270.896500063975;0.7658207010416963;132373.72121632652;0.5614191626329116;0.2098152794449791;154.49941615399007;337.42933915107125;0.7658207010416963;132373.72121632652;0.5614191626329116;0.2098152794449791;152.7795163424264;349.37896979313956;0.6800000000000003;132373.72121632652;0.6322741422143798;0.262894637053245;113.57882580871228;274.4492264519842;0.6800000000000003;132373.72121632652;0.6322741422143798;0.262894637053245;113.54387978008975;274.3832848905837;0.6800000000000003;18057.08731232236;0.6322741422143798;0.262894637053245;99.75752587587118;2685.9955639937966;0.08582070104169603;18057.08731232236;0.0;0.0;57.86555081319909;242.24676962170608;0.08582070104169603;18057.08731232236;0.0;0.0;57.87023543142169;242.36291626510243;0.08582070104169603;132373.72121632652;0.0;0.0;"Zustand 3: Temperatur 427.649 K liegt außerhalb des Boryta-Prüfbereichs; Kristallisation wurde nicht bewertet.";"Zustand 4: Temperatur 425.930 K liegt außerhalb des Boryta-Prüfbereichs; Kristallisation wurde nicht bewertet.";"Zustand 5: Temperatur 386.729 K liegt außerhalb des Boryta-Prüfbereichs; Kristallisation wurde nicht bewertet.";"Zustand 6: Temperatur 386.694 K liegt außerhalb des Boryta-Prüfbereichs; Kristallisation wurde nicht bewertet.";"Zustand 20: Temperatur 443.233 K liegt außerhalb des Boryta-Prüfbereichs; Kristallisation wurde nicht bewertet.";5
series_evaporator_to_desorber;Serie Verdampfer → Desorber;series_evaporator_to_desorber;nan;125.0;30.0;125.0;8.0;8.0;4.0;125.0;0.6900000000000003;Abwärmetemperatur [°C];hot_temperature_C;125.0;10.0;10.0;25.0;15.0;11.0;nan;nan;2.3053172362267404e-20;`gtol` termination condition is satisfied.;4;1.6012054334163255e-08;2.1472388019159584e-10;1;True;;True;0;zulässig;feasible;True;True;True;107.62665785465992;123.27880315113623;152.79851892348603;57.88864245433791;0.10771450413471645;0.2556769305847822;0.21014566985359084;0.26254384139036746;209.80918470858904;209.89802910565706;209.65866329540418;209.9930889906095;51.85886077509845;0.4999602255100167;8.033766690302137;22.548396214628553;0.009968959235511327;0.04549256900159856;20.98091846932624;20.989802910414788;8.386346531838548;13.99953926593061;4.714441888956599;99.87344329690956;0.018945905289521815;2686.2155733450722;270.83838527825367;224.1931414631404;0.014699890768150814;0.7611875922269588;0.57276097449153;0.21757779652849427;4.590106073010247e-12;-3.424140970764711e-09;2.102524376823567e-09;-1.4307272033775575e-10;-5.595097718469333e-10;1.5091643490450224e-09;1.6503634014952695e-09;1.5326634184020804e-08;4.590106073010247e-14;-3.424140970764711e-11;2.1025243768235668e-11;-1.4307272033775575e-10;-5.595097718469333e-12;1.5091643490450224e-11;1.6503634014952694e-11;1.5326634184020804e-10;147.54839621462855;118.72030236272099;112.4506054938393;125.0;118.72030236272099;42.553709874740264;22.42474519266358;19.600437449206254;57.31973342216929;27.888642454337912;5.249343539291374;12.577162196929748;17.373342145340075;60.8269767121418;1.8019185257202253;9.772927901960543;4.0;0.6900000000000003;132316.52336646506;18076.67973731066;7.319735996282596;1.8019185257202253;deltaT_shex_1_K;shex;True;True;True;True;True;True;True;True;107.62665785465992;2687.438438895736;0.08588748299510929;132316.52336646506;0.0;0.0;135.0;4.0;147.54839621462855;4.0;118.72030236272099;8.0;112.4506054938393;8.0;125.0;8.0;118.72030236272099;8.0;30.0;4.0;42.553709874740264;4.0;107.62665785465992;2687.438438895736;0.009251327642197087;132316.52336646506;0.0;0.0;99.87344329690956;270.8383852782553;0.7758874829951096;18076.67973731066;0.5619094993152792;0.21014566985359084;169.97314140729213;380.1969310883086;0.6992513276421973;132316.52336646506;0.6234933420976421;0.2556769305847822;107.62665785465992;2687.438438895736;0.0766361553529122;132316.52336646506;0.0;0.0;123.27880315113623;270.8383852782553;0.7758874829951096;132316.52336646506;0.5619094993152792;0.21014566985359084;154.60043744920625;337.6765053815865;0.7758874829951096;132316.52336646506;0.5619094993152792;0.21014566985359084;152.79851892348603;349.2620801661335;0.6900000000000003;132316.52336646506;0.6318529668040204;0.26254384139036746;113.50587524917569;274.1043109268671;0.6900000000000003;132316.52336646506;0.6318529668040204;0.26254384139036746;113.47095882342961;274.0383796674445;0.6900000000000003;18076.67973731066;0.6318529668040204;0.26254384139036746;99.87344329690956;2686.2155733450722;0.08588748299510929;18076.67973731066;0.0;0.0;57.88864245433791;242.34340727391927;0.08588748299510929;18076.67973731066;0.0;0.0;57.893325650579186;242.4594772632573;0.08588748299510929;132316.52336646506;0.0;0.0;"Zustand 3: Temperatur 427.750 K liegt außerhalb des Boryta-Prüfbereichs; Kristallisation wurde nicht bewertet.";"Zustand 4: Temperatur 425.949 K liegt außerhalb des Boryta-Prüfbereichs; Kristallisation wurde nicht bewertet.";"Zustand 5: Temperatur 386.656 K liegt außerhalb des Boryta-Prüfbereichs; Kristallisation wurde nicht bewertet.";"Zustand 6: Temperatur 386.621 K liegt außerhalb des Boryta-Prüfbereichs; Kristallisation wurde nicht bewertet.";"Zustand 20: Temperatur 443.123 K liegt außerhalb des Boryta-Prüfbereichs; Kristallisation wurde nicht bewertet.";5
series_evaporator_to_desorber;Serie Verdampfer → Desorber;series_evaporator_to_desorber;nan;125.0;30.0;125.0;8.0;8.0;4.0;125.0;0.7000000000000003;Abwärmetemperatur [°C];hot_temperature_C;125.0;10.0;10.0;25.0;15.0;11.0;nan;nan;2.0678611503044172e-20;`gtol` termination condition is satisfied.;4;1.476813511938785e-08;2.0336475359827806e-10;1;True;;True;0;zulässig;feasible;True;True;True;107.61423815967578;123.21936475106571;152.81366983313023;57.91124079195856;0.10849748789818543;0.2553895688808054;0.21046663636115986;0.2622006443579058;209.8036552190888;210.06811076280627;209.67244416192747;210.14320691783558;52.76225425133477;0.4997518665144456;8.143997679726764;22.54806550353402;0.00997009899974088;0.0461448031438952;20.980365520493834;21.006811076146104;8.386897766500788;14.009547127756226;4.796568568583922;99.9862688518607;0.01878708525484357;2686.429704458138;270.785425795835;224.53357329102897;0.014765763635313012;0.7711871095761499;0.5731530683186815;0.2178507248744697;1.1660006293823244e-11;-3.0883740009812755e-09;1.979287844733335e-09;-1.398191562529405e-10;-5.922231594013283e-10;1.345227929050452e-09;1.4921965885150712e-09;1.4150458582662395e-08;1.1660006293823244e-13;-3.0883740009812755e-11;1.979287844733335e-11;-1.398191562529405e-10;-5.922231594013283e-12;1.3452279290504521e-11;1.492196588515071e-11;1.4150458582662395e-10;147.54806550353402;118.71581319025609;112.44570421412192;125.0;118.71581319025609;42.56388222265588;22.316764792189133;19.69841384404191;57.42238662920482;27.911240791958562;5.316283891228068;12.459435362261218;17.38576184032422;60.799890596893874;1.8847440109116746;9.7849479913109;4.0;0.7000000000000003;132260.54122113792;18095.871160445735;7.308879470264757;1.8847440109116746;deltaT_shex_1_K;shex;True;True;True;True;True;True;True;True;107.61423815967578;2687.419389280189;0.08595287321146261;132260.54122113792;0.0;0.0;135.0;4.0;147.54806550353402;4.0;118.71581319025609;8.0;112.44570421412192;8.0;125.0;8.0;118.71581319025609;8.0;30.0;4.0;42.56388222265588;4.0;107.61423815967578;2687.419389280189;0.009325670821074931;132260.54122113792;0.0;0.0;99.9862688518607;270.78542579583785;0.7859528732114629;18095.871160445735;0.5623851927601032;0.21046663636115986;169.86483029572315;379.88342242616767;0.7093256708210752;132260.54122113792;0.6231386744110938;0.2553895688808054;107.61423815967578;2687.419389280189;0.07662720239038767;132260.54122113792;0.0;0.0;123.21936475106571;270.78542579583785;0.7859528732114629;132260.54122113792;0.5623851927601032;0.21046663636115986;154.6984138440419;337.91700079186046;0.7859528732114629;132260.54122113792;0.5623851927601032;0.21046663636115986;152.81366983313023;349.14153552232176;0.7000000000000003;132260.54122113792;0.6314403687162649;0.2622006443579058;113.43441675975481;273.7668865918602;0.7000000000000003;132260.54122113792;0.6314403687162649;0.2622006443579058;113.39952929902802;273.7009654445118;0.7000000000000003;18095.871160445735;0.6314403687162649;0.2622006443579058;99.9862688518607;2686.429704458138;0.08595287321146261;18095.871160445735;0.0;0.0;57.91124079195856;242.4379806911688;0.08595287321146261;18095.871160445735;0.0;0.0;57.91592259336221;242.55397563848385;0.08595287321146261;132260.54122113792;0.0;0.0;"Zustand 3: Temperatur 427.848 K liegt außerhalb des Boryta-Prüfbereichs; Kristallisation wurde nicht bewertet.";"Zustand 4: Temperatur 425.964 K liegt außerhalb des Boryta-Prüfbereichs; Kristallisation wurde nicht bewertet.";"Zustand 5: Temperatur 386.584 K liegt außerhalb des Boryta-Prüfbereichs; Kristallisation wurde nicht bewertet.";"Zustand 6: Temperatur 386.550 K liegt außerhalb des Boryta-Prüfbereichs; Kristallisation wurde nicht bewertet.";"Zustand 20: Temperatur 443.015 K liegt außerhalb des Boryta-Prüfbereichs; Kristallisation wurde nicht bewertet.";5
series_evaporator_to_desorber;Serie Verdampfer → Desorber;series_evaporator_to_desorber;nan;125.0;30.0;125.0;8.0;8.0;4.0;125.0;0.7100000000000003;Abwärmetemperatur [°C];hot_temperature_C;125.0;10.0;10.0;25.0;15.0;11.0;nan;nan;1.870945109989358e-20;`gtol` termination condition is satisfied.;4;1.3685398611210131e-08;1.9343966035895316e-10;1;True;;True;0;zulässig;feasible;True;True;True;107.60206402254238;123.16273131338357;152.8251363347124;57.933380284255406;0.10929373752829152;0.2551071195874312;0.21077850595915482;0.26186476906196526;209.79057009212056;210.23473901671144;209.67818419355433;210.29035676612085;53.662353072277845;0.49953877405370795;8.25418473887444;22.547282900246444;0.009971208087489943;0.04679694109643145;20.97905700789979;21.023473901549018;8.387127367764029;14.019357117649328;4.8783957340990645;100.09613287584403;0.018633785740144126;2686.6382036057657;270.7374179040623;224.86526849023375;0.014832809752409637;0.7811841649654133;0.5735338925958579;0.2181161064443816;2.7142732506035827e-11;-2.8118662953602325e-09;1.8609966900839936e-09;-1.3671780374480136e-10;-5.463789420900866e-10;1.2212808542244602e-09;1.3809255960950395e-09;1.3122644304530695e-08;2.714273250603583e-13;-2.8118662953602324e-11;1.8609966900839935e-11;-1.3671780374480136e-10;-5.463789420900867e-12;1.2212808542244602e-11;1.3809255960950395e-11;1.3122644304530695e-10;147.54728290024644;118.71141277613276;112.4411321483351;125.0;118.71141277613276;42.57384802731531;22.211098350574048;19.79344111658412;57.52228484852873;27.933380284255406;5.381854010042616;12.344999272491066;17.39793597745762;60.773352060278626;1.9683047818717228;9.798313455559594;4.0;0.7100000000000003;132205.6848714144;18114.68975971895;7.2982582989301825;1.9683047818717228;deltaT_shex_1_K;shex;True;True;True;True;True;True;True;True;107.60206402254238;2687.4007153973284;0.08601697471782266;132205.6848714144;0.0;0.0;135.0;4.0;147.54728290024644;4.0;118.71141277613276;8.0;112.4411321483351;8.0;125.0;8.0;118.71141277613276;8.0;30.0;4.0;42.57384802731531;4.0;107.60206402254238;2687.4007153973284;0.009401116657787397;132205.6848714144;0.0;0.0;100.09613287584403;270.73741790406734;0.796016974717823;18114.68975971895;0.5628467849265157;0.21077850595915482;169.7583812508205;379.5754349294741;0.7194011166577877;132205.6848714144;0.6227896853775698;0.2551071195874312;107.60206402254238;2687.4007153973284;0.07661585806003526;132205.6848714144;0.0;0.0;123.16273131338357;270.73741790406734;0.796016974717823;132205.6848714144;0.5628467849265157;0.21077850595915482;154.79344111658412;338.15099673044904;0.796016974717823;132205.6848714144;0.5628467849265157;0.21077850595915482;152.8251363347124;349.0174987525611;0.7100000000000003;132205.6848714144;0.6310360492490958;0.26186476906196526;113.36441785782398;273.43671977756014;0.7100000000000003;132205.6848714144;0.6310360492490958;0.26186476906196526;113.32955876609014;273.3708085929173;0.7100000000000003;18114.68975971895;0.6310360492490958;0.26186476906196526;100.09613287584403;2686.6382036057657;0.08601697471782266;18114.68975971895;0.0;0.0;57.933380284255406;242.53063406634357;0.08601697471782266;18114.68975971895;0.0;0.0;57.938060715854135;242.64655546581386;0.08601697471782266;132205.6848714144;0.0;0.0;"Zustand 3: Temperatur 427.943 K liegt außerhalb des Boryta-Prüfbereichs; Kristallisation wurde nicht bewertet.";"Zustand 4: Temperatur 425.975 K liegt außerhalb des Boryta-Prüfbereichs; Kristallisation wurde nicht bewertet.";"Zustand 5: Temperatur 386.514 K liegt außerhalb des Boryta-Prüfbereichs; Kristallisation wurde nicht bewertet.";"Zustand 6: Temperatur 386.480 K liegt außerhalb des Boryta-Prüfbereichs; Kristallisation wurde nicht bewertet.";"Zustand 20: Temperatur 442.908 K liegt außerhalb des Boryta-Prüfbereichs; Kristallisation wurde nicht bewertet.";5
series_evaporator_to_desorber;Serie Verdampfer → Desorber;series_evaporator_to_desorber;nan;125.0;30.0;125.0;8.0;8.0;4.0;125.0;0.7200000000000003;Abwärmetemperatur [°C];hot_temperature_C;125.0;10.0;10.0;25.0;15.0;11.0;nan;nan;1.6956889777196605e-20;`gtol` termination condition is satisfied.;4;1.2668554646286605e-08;1.841569427265592e-10;1;True;;True;0;zulässig;feasible;True;True;True;107.59011706994073;123.10882291057828;152.83307834185996;57.955093150358266;0.1101031808282323;0.2548294226833884;0.2110815909256244;0.26153595112561556;209.77022422895146;210.3981563579052;209.67619872235878;210.43476061535713;54.55910968463255;0.4993209997654996;8.364323565016356;22.546066042401378;0.00997228874264877;0.047448960436266015;20.977022421680456;21.039815635677286;8.38704794891483;14.028984040936294;4.959919062471706;100.20315875187327;0.018485796123781977;2686.8413039740462;270.69416507357164;225.18855421395935;0.014901028390210347;0.7911788553449659;0.5739038614401767;0.21837420471066682;3.817746119239018e-11;-2.5562130190337484e-09;1.7674892660579644e-09;-1.3366502349398957e-10;-5.119886736792978e-10;1.132349325416726e-09;1.3127134934620699e-09;1.2146898598075495e-08;3.817746119239018e-13;-2.5562130190337486e-11;1.7674892660579644e-11;-1.3366502349398957e-10;-5.1198867367929775e-12;1.1323493254167261e-11;1.3127134934620699e-11;1.2146898598075496e-10;147.54606604240138;118.70709447920581;112.43687322554678;125.0;118.70709447920581;42.58362179174077;22.107655653386246;19.885611142711184;57.61953696013251;27.955093150358266;5.446079178370724;12.233714473673501;17.40988293005927;60.747322244037775;2.0525328008512247;9.81297633012116;4.0;0.7200000000000003;132151.87043031727;18133.16193230307;7.287855858988229;2.0525328008512247;deltaT_shex_1_K;shex;True;True;True;True;True;True;True;True;107.59011706994073;2687.38238911698;0.08607988373517594;132151.87043031727;0.0;0.0;135.0;4.0;147.54606604240138;4.0;118.70709447920581;8.0;112.43687322554678;8.0;125.0;8.0;118.70709447920581;8.0;30.0;4.0;42.58362179174077;4.0;107.59011706994073;2687.38238911698;0.009477669004567289;132151.87043031727;0.0;0.0;100.20315875187327;270.69416507357903;0.8060798837351763;18133.16193230307;0.5632947916629424;0.2110815909256244;169.65372169578762;379.27276453200153;0.7294776690045676;132151.87043031727;0.6224461962290951;0.2548294226833884;107.59011706994073;2687.38238911698;0.07660221473060866;132151.87043031727;0.0;0.0;123.10882291057828;270.69416507357903;0.8060798837351763;132151.87043031727;0.5632947916629424;0.2110815909256244;154.88561114271118;338.37865985568305;0.8060798837351763;132151.87043031727;0.5632947916629424;0.2110815909256244;152.83307834185996;348.890126967689;0.7200000000000003;132151.87043031727;0.6306397224615204;0.26153595112561556;113.29584658045712;273.11358573908575;0.7200000000000003;132151.87043031727;0.6306397224615204;0.26153595112561556;113.26101530083508;273.04768440514647;0.7200000000000003;18133.16193230307;0.6306397224615204;0.26153595112561556;100.20315875187327;2686.8413039740462;0.08607988373517594;18133.16193230307;0.0;0.0;57.955093150358266;242.6215022234606;0.08607988373517594;18133.16193230307;0.0;0.0;57.95977223516803;242.73735145919292;0.08607988373517594;132151.87043031727;0.0;0.0;"Zustand 3: Temperatur 428.036 K liegt außerhalb des Boryta-Prüfbereichs; Kristallisation wurde nicht bewertet.";"Zustand 4: Temperatur 425.983 K liegt außerhalb des Boryta-Prüfbereichs; Kristallisation wurde nicht bewertet.";"Zustand 5: Temperatur 386.446 K liegt außerhalb des Boryta-Prüfbereichs; Kristallisation wurde nicht bewertet.";"Zustand 6: Temperatur 386.411 K liegt außerhalb des Boryta-Prüfbereichs; Kristallisation wurde nicht bewertet.";"Zustand 20: Temperatur 442.804 K liegt außerhalb des Boryta-Prüfbereichs; Kristallisation wurde nicht bewertet.";5
series_evaporator_to_desorber;Serie Verdampfer → Desorber;series_evaporator_to_desorber;nan;125.0;30.0;125.0;8.0;8.0;4.0;125.0;0.7300000000000003;Abwärmetemperatur [°C];hot_temperature_C;125.0;10.0;10.0;25.0;15.0;11.0;nan;nan;1.530340658497098e-20;`gtol` termination condition is satisfied.;4;1.1627906331728688e-08;1.7494802991157676e-10;1;True;;True;0;zulässig;feasible;True;True;True;107.5783801385981;123.05756092283326;152.83764867793911;57.9764095306798;0.11092573580418956;0.2545563249666208;0.21137618961850738;0.2612139380130914;209.74289683732707;210.55858963183724;209.66678636735807;210.57662591944467;55.452481343157125;0.49909859549251956;8.474409993064599;22.544431629026747;0.009973343034255917;0.048100839378770285;20.9742896826178;21.05585896308357;8.386671454714937;14.038441727882393;5.041134667769511;100.30746335511054;0.018342915012817963;2687.039226496177;270.65547786141167;225.50374166206385;0.01497041766121432;0.8011712725092436;0.5742633683856729;0.21862527066035042;5.149303206053446e-11;-2.3075017452356406e-09;1.6831336324685253e-09;-1.307199348765664e-10;-5.153708571015159e-10;1.0015526186180068e-09;1.2087753020750824e-09;1.114904080168344e-08;5.149303206053446e-13;-2.3075017452356405e-11;1.6831336324685254e-11;-1.307199348765664e-10;-5.153708571015159e-12;1.0015526186180068e-11;1.2087753020750825e-11;1.114904080168344e-10;147.54443162902675;118.7028520957104;112.43291231199754;125.0;118.7028520957104;42.59321708324387;22.006351016733447;19.975012080512386;57.71424627186667;27.976409530679803;5.508984571469;12.125448956886999;17.421619861401894;60.72176480589769;2.1373634025732713;9.828889410853606;4.0;0.7300000000000003;132099.01959100147;18151.312418088226;7.27765665359611;2.1373634025732713;deltaT_shex_1_K;shex;True;True;True;True;True;True;True;True;107.5783801385981;2687.3643841589333;0.08614169017045759;132099.01959100147;0.0;0.0;135.0;4.0;147.54443162902675;4.0;118.7028520957104;8.0;112.43291231199754;8.0;125.0;8.0;118.7028520957104;8.0;30.0;4.0;42.59321708324387;4.0;107.5783801385981;2687.3643841589333;0.009555330365574531;132099.01959100147;0.0;0.0;100.30746335511054;270.65547786142133;0.8161416901704579;18151.312418088226;0.5637297042243999;0.21137618961850738;169.5507826457602;378.9752168292082;0.7395553303655749;132099.01959100147;0.6221080355249241;0.2545563249666208;107.5783801385981;2687.3643841589333;0.07658635980488306;132099.01959100147;0.0;0.0;123.05756092283326;270.65547786142133;0.8161416901704579;132099.01959100147;0.5637297042243999;0.21137618961850738;154.97501208051239;338.60015218822286;0.8161416901704579;132099.01959100147;0.5637297042243999;0.21137618961850738;152.83764867793911;348.75957148062474;0.7300000000000003;132099.01959100147;0.6302511145273889;0.2612139380130914;113.22867151197966;272.79726827089104;0.7300000000000003;132099.01959100147;0.6302511145273889;0.2612139380130914;113.1938675242414;272.7313767100982;0.7300000000000003;18151.312418088226;0.6302511145273889;0.2612139380130914;100.30746335511054;2687.039226496177;0.08614169017045759;18151.312418088226;0.0;0.0;57.9764095306798;242.71071128846663;0.08614169017045759;18151.312418088226;0.0;0.0;57.981087289812706;242.82648964171835;0.08614169017045759;132099.01959100147;0.0;0.0;"Zustand 3: Temperatur 428.125 K liegt außerhalb des Boryta-Prüfbereichs; Kristallisation wurde nicht bewertet.";"Zustand 4: Temperatur 425.988 K liegt außerhalb des Boryta-Prüfbereichs; Kristallisation wurde nicht bewertet.";"Zustand 5: Temperatur 386.379 K liegt außerhalb des Boryta-Prüfbereichs; Kristallisation wurde nicht bewertet.";"Zustand 6: Temperatur 386.344 K liegt außerhalb des Boryta-Prüfbereichs; Kristallisation wurde nicht bewertet.";"Zustand 20: Temperatur 442.701 K liegt außerhalb des Boryta-Prüfbereichs; Kristallisation wurde nicht bewertet.";5
series_evaporator_to_desorber;Serie Verdampfer → Desorber;series_evaporator_to_desorber;nan;125.0;30.0;125.0;8.0;8.0;4.0;125.0;0.7400000000000003;Abwärmetemperatur [°C];hot_temperature_C;125.0;10.0;10.0;25.0;15.0;11.0;nan;nan;1.3934421493788418e-20;`gtol` termination condition is satisfied.;4;1.0739470599598752e-08;1.6693963875478117e-10;1;True;;True;0;zulässig;feasible;True;True;True;107.5668371881855;123.00886817428801;152.83899333975643;57.997357634598416;0.11176131187332003;0.25428767967098936;0.2116625872198613;0.26089848839642166;209.70885240925787;210.71625115051847;209.65023007097295;210.7161465592476;56.34242968497159;0.49887161311602796;8.584439990264556;22.542395479022616;0.009974372871114618;0.04875255675632373;20.970885239895797;21.07162511496488;8.386009202859118;14.04774310387679;5.122039062464148;100.40915746442943;0.018204949818819174;2687.232180625029;270.62117378764003;225.81112702384544;0.015040974653439898;0.8111615034160932;0.5746127876520797;0.21886954353020477;7.16724457561213e-11;-2.1340298417271697e-09;1.5685941434639972e-09;-1.2781570246644947e-10;-5.049969331594184e-10;8.696474651515018e-10;1.0957421636703657e-09;1.029991381074069e-08;7.167244575612131e-13;-2.1340298417271698e-11;1.568594143463997e-11;-1.2781570246644947e-10;-5.049969331594184e-12;8.696474651515019e-12;1.0957421636703656e-11;1.0299913810740691e-10;147.54239547902262;118.69867982777367;112.4292351486178;125.0;118.69867982777367;42.602646599911395;21.907103003799705;20.061728545340316;57.80651086451803;27.997357634598416;5.570595203440746;12.02007768418838;17.433162811814498;60.6966457402815;2.222735205583888;9.84600636820835;4.0;0.7400000000000003;132047.05922074107;18169.16441388781;7.267646228123147;2.222735205583888;deltaT_shex_1_K;shex;True;True;True;True;True;True;True;True;107.5668371881855;2687.3466759599805;0.08620247806953274;132047.05922074107;0.0;0.0;135.0;4.0;147.54239547902262;4.0;118.69867982777367;8.0;112.4292351486178;8.0;125.0;8.0;118.69867982777367;8.0;30.0;4.0;42.602646599911395;4.0;107.5668371881855;2687.3466759599805;0.009634102035782079;132047.05922074107;0.0;0.0;100.40915746442943;270.62117378765157;0.8262024780695331;18169.16441388781;0.5641519906876218;0.2116625872198613;169.44949848282232;378.6826064946023;0.7496341020357824;132047.05922074107;0.6217750387502253;0.25428767967098936;107.5668371881855;2687.3466759599805;0.07656837603375066;132047.05922074107;0.0;0.0;123.00886817428801;270.62117378765157;0.8262024780695331;132047.05922074107;0.5641519906876218;0.2116625872198613;155.06172854534032;338.8156311761343;0.8262024780695331;132047.05922074107;0.5641519906876218;0.2116625872198613;152.83899333975643;348.6259778324337;0.7400000000000003;132047.05922074107;0.6298699631269906;0.26089848839642166;113.16286180607966;272.48755933932574;0.7400000000000003;132047.05922074107;0.6298699631269906;0.26089848839642166;113.12808462433293;272.42167750587123;0.7400000000000003;18169.16441388781;0.6298699631269906;0.26089848839642166;100.40915746442943;2687.232180625029;0.08620247806953274;18169.16441388781;0.0;0.0;57.997357634598416;242.79837930727223;0.08620247806953274;18169.16441388781;0.0;0.0;58.00203408749218;242.91408796315412;0.08620247806953274;132047.05922074107;0.0;0.0;"Zustand 3: Temperatur 428.212 K liegt außerhalb des Boryta-Prüfbereichs; Kristallisation wurde nicht bewertet.";"Zustand 4: Temperatur 425.989 K liegt außerhalb des Boryta-Prüfbereichs; Kristallisation wurde nicht bewertet.";"Zustand 5: Temperatur 386.313 K liegt außerhalb des Boryta-Prüfbereichs; Kristallisation wurde nicht bewertet.";"Zustand 6: Temperatur 386.278 K liegt außerhalb des Boryta-Prüfbereichs; Kristallisation wurde nicht bewertet.";"Zustand 20: Temperatur 442.599 K liegt außerhalb des Boryta-Prüfbereichs; Kristallisation wurde nicht bewertet.";5
series_evaporator_to_desorber;Serie Verdampfer → Desorber;series_evaporator_to_desorber;nan;125.0;30.0;125.0;8.0;8.0;4.0;125.0;0.7500000000000003;Abwärmetemperatur [°C];hot_temperature_C;125.0;10.0;10.0;25.0;15.0;11.0;nan;nan;1.2813946274405525e-20;`gtol` termination condition is satisfied.;4;1.0004583991175633e-08;1.600871404854589e-10;1;True;;True;0;zulässig;feasible;True;True;True;107.5554732210951;122.96266904154027;152.83725176275266;58.01796387660181;0.11260981094939314;0.25402334611197064;0.21194105643433853;0.26058937156133266;209.66834163032826;210.8713397171313;209.6267980633095;210.85350381221306;57.228920341807594;0.4986401044118297;8.694409651093808;22.539972585545968;0.009975380015028837;0.049404091997301385;20.966834162072292;21.087133971629818;8.38507192252849;14.056900254077288;5.202629122159793;100.50834614397775;0.018071716350417395;2687.4203650495515;270.5910771903183;226.1109923563836;0.015112695550635435;0.8211496304838468;0.5749524753206647;0.21910725149040208;7.537437340943143e-11;-1.950134276285098e-09;1.48014578371658e-09;-1.2498113655112775e-10;9.723066796141211e-11;8.331255685334327e-10;1.0537348771322286e-09;9.605344075680478e-09;7.537437340943143e-13;-1.9501342762850983e-11;1.4801457837165798e-11;-1.2498113655112775e-10;9.723066796141211e-13;8.331255685334327e-12;1.0537348771322286e-11;9.605344075680477e-11;147.53997258554597;118.69457225441948;112.4258282931961;125.0;118.69457225441948;42.61192223188584;21.809834162924744;20.14584177591371;57.896423912091905;28.01796387660181;5.630935880746847;11.917482149218358;17.4445267789049;60.67193321339022;2.3085900131610515;9.86428183840394;4.0;0.7500000000000003;131995.92098746545;18186.73967909891;7.257811092944911;2.3085900131610515;deltaT_shex_1_K;shex;True;True;True;True;True;True;True;True;107.5554732210951;2687.329241551444;0.08626232603448192;131995.92098746545;0.0;0.0;135.0;4.0;147.53997258554597;4.0;118.69457225441948;8.0;112.4258282931961;8.0;125.0;8.0;118.69457225441948;8.0;30.0;4.0;42.61192223188584;4.0;107.5554732210951;2687.329241551444;0.009713984226797923;131995.92098746545;0.0;0.0;100.50834614397775;270.5910771903308;0.8362623260344823;18186.73967909891;0.5645620972716993;0.21194105643433853;169.3498067484707;378.3947567406294;0.7597139842267983;131995.92098746545;0.6214470479450526;0.25402334611197064;107.5554732210951;2687.329241551444;0.076548341807684;131995.92098746545;0.0;0.0;122.96266904154027;270.5910771903308;0.8362623260344823;131995.92098746545;0.5645620972716993;0.21194105643433853;155.1458417759137;339.0252497701055;0.8362623260344823;131995.92098746545;0.5645620972716993;0.21194105643433853;152.83725176275266;348.48948585438694;0.7500000000000003;131995.92098746545;0.6294960168737822;0.26058937156133266;113.09838720313633;272.18425873207735;0.7500000000000003;131995.92098746545;0.6294960168737822;0.26058937156133266;113.06363637367264;272.1183866094143;0.7500000000000003;18186.73967909891;0.6294960168737822;0.26058937156133266;100.50834614397775;2687.4203650495515;0.08626232603448192;18186.73967909891;0.0;0.0;58.01796387660181;242.88461681527602;0.08626232603448192;18186.73967909891;0.0;0.0;58.022639041029265;243.00025686897735;0.08626232603448192;131995.92098746545;0.0;0.0;"Zustand 3: Temperatur 428.296 K liegt außerhalb des Boryta-Prüfbereichs; Kristallisation wurde nicht bewertet.";"Zustand 4: Temperatur 425.987 K liegt außerhalb des Boryta-Prüfbereichs; Kristallisation wurde nicht bewertet.";"Zustand 5: Temperatur 386.248 K liegt außerhalb des Boryta-Prüfbereichs; Kristallisation wurde nicht bewertet.";"Zustand 6: Temperatur 386.214 K liegt außerhalb des Boryta-Prüfbereichs; Kristallisation wurde nicht bewertet.";"Zustand 20: Temperatur 442.500 K liegt außerhalb des Boryta-Prüfbereichs; Kristallisation wurde nicht bewertet.";5
series_evaporator_to_desorber;Serie Verdampfer → Desorber;series_evaporator_to_desorber;nan;125.0;30.0;125.0;8.0;8.0;4.0;125.0;0.7600000000000003;Abwärmetemperatur [°C];hot_temperature_C;125.0;10.0;10.0;25.0;15.0;11.0;nan;nan;1.171022676137331e-20;`gtol` termination condition is satisfied.;4;9.20904308156397e-09;1.5303742523561555e-10;1;True;;True;0;zulässig;feasible;True;True;True;107.5442742085321;122.91888953798428;152.83255708533625;58.038253001829275;0.11347112841387587;0.2537631893577403;0.2122118581449453;0.26028636684940254;209.6216022255863;211.02404157065448;209.596744759646;210.98886724548447;58.111922587142644;0.4984041209261083;8.804315192377725;22.537177166602078;0.009976366092800908;0.05005542510550902;20.962160221674267;21.102404156994293;8.383869790389987;14.065924482969514;5.282902053538722;100.60512909709081;0.017943038422496813;2687.603968359362;270.5650190631369;226.40360640309248;0.015185575740190083;0.831135731867921;0.5752827704247445;0.21933861228066637;8.803624496067641e-11;-1.7832988419286266e-09;1.4107399692875333e-09;-1.222346113216588e-10;-1.0368239600211382e-10;7.115374955901643e-10;9.417533419764368e-10;8.84361384123622e-09;8.803624496067642e-13;-1.7832988419286266e-11;1.4107399692875334e-11;-1.222346113216588e-10;-1.0368239600211381e-12;7.115374955901643e-12;9.417533419764369e-12;8.84361384123622e-11;147.53717716660208;118.69052430485993;112.42267906683225;125.0;118.69052430485993;42.62105511786211;21.714470785084075;20.227429791915142;57.9840739792287;28.038253001829275;5.690031162334947;11.817549969741435;17.4557257914679;60.64759741081508;2.3948727065788944;9.88367149474982;4.0;0.7600000000000003;131945.54101610713;18204.058633464087;7.248138652638417;2.3948727065788944;deltaT_shex_1_K;shex;True;True;True;True;True;True;True;True;107.5442742085321;2687.3120594463094;0.08632130760811074;131945.54101610713;0.0;0.0;135.0;4.0;147.53717716660208;4.0;118.69052430485993;8.0;112.42267906683225;8.0;125.0;8.0;118.69052430485993;8.0;30.0;4.0;42.62105511786211;4.0;107.5442742085321;2687.3120594463094;0.009794976180453614;131945.54101610713;0.0;0.0;100.60512909709081;270.56501906312354;0.8463213076081111;18204.058633464087;0.5649604495712129;0.2122118581449453;169.25164795168615;378.11149881923177;0.769794976180454;131945.54101610713;0.621123911359647;0.2537631893577403;107.5442742085321;2687.3120594463094;0.07652633142765713;131945.54101610713;0.0;0.0;122.91888953798428;270.56501906312354;0.8463213076081111;131945.54101610713;0.5649604495712129;0.2122118581449453;155.22742979191514;339.2291565068323;0.8463213076081111;131945.54101610713;0.5649604495712129;0.2122118581449453;152.83255708533625;348.3502297589402;0.7600000000000003;131945.54101610713;0.6291290347736513;0.26028636684940254;113.03521804323447;271.8871737233421;0.7600000000000003;131945.54101610713;0.6291290347736513;0.26028636684940254;113.00049314252499;271.82131132188744;0.7600000000000003;18204.058633464087;0.6291290347736513;0.26028636684940254;100.60512909709081;2687.603968359362;0.08632130760811074;18204.058633464087;0.0;0.0;58.038253001829275;242.96952736270313;0.08632130760811074;18204.058633464087;0.0;0.0;58.042926894044854;243.08509982527625;0.08632130760811074;131945.54101610713;0.0;0.0;"Zustand 3: Temperatur 428.377 K liegt außerhalb des Boryta-Prüfbereichs; Kristallisation wurde nicht bewertet.";"Zustand 4: Temperatur 425.983 K liegt außerhalb des Boryta-Prüfbereichs; Kristallisation wurde nicht bewertet.";"Zustand 5: Temperatur 386.185 K liegt außerhalb des Boryta-Prüfbereichs; Kristallisation wurde nicht bewertet.";"Zustand 6: Temperatur 386.150 K liegt außerhalb des Boryta-Prüfbereichs; Kristallisation wurde nicht bewertet.";"Zustand 20: Temperatur 442.402 K liegt außerhalb des Boryta-Prüfbereichs; Kristallisation wurde nicht bewertet.";5
series_evaporator_to_desorber;Serie Verdampfer → Desorber;series_evaporator_to_desorber;nan;125.0;30.0;125.0;8.0;8.0;4.0;125.0;0.7700000000000004;Abwärmetemperatur [°C];hot_temperature_C;125.0;10.0;10.0;25.0;15.0;11.0;nan;nan;1.0838311889991734e-20;`gtol` termination condition is satisfied.;4;8.598236804523028e-09;1.4722983318602066e-10;1;True;;True;0;zulässig;feasible;True;True;True;107.5332270223476;122.87745737757933;152.8250364107397;58.058248201960055;0.11434515398532047;0.25350707992427235;0.212475242029353;0.2599892631347078;209.56885974862593;211.1745312585037;209.56031159773178;211.12239554024532;58.99140901479874;0.4981637138697283;8.9141529485669;22.534022712238368;0.009977332607157779;0.0507065366399771;20.956885974038123;21.117453125786632;8.382412463926707;14.074826369289598;5.3628553651324635;100.69960099496956;0.017818747481830724;2687.783169662083;270.542836880143;226.6892253575172;0.015259609909955008;0.841119881719005;0.5756039959625127;0.21956383380308112;9.470113582210615e-11;-1.6583570072725706e-09;1.3314433999767061e-09;-1.1952022704875276e-10;-4.3590375753410626e-10;6.373852556862403e-10;9.013660928758327e-10;8.244683158409316e-09;9.470113582210615e-13;-1.6583570072725705e-11;1.331443399976706e-11;-1.1952022704875276e-10;-4.359037575341063e-12;6.3738525568624024e-12;9.013660928758327e-12;8.244683158409317e-11;147.53402271223837;118.68653123384433;112.41977550424707;125.0;118.68653123384433;42.63005569727892;21.620942679255847;20.306567543605127;58.06954529769064;28.058248201960055;5.747905325346096;11.720174509277513;17.466772977652397;60.623610397091454;2.4815311328654275;9.904132101913603;4.0;0.7700000000000004;131895.8595720133;18221.140447608635;7.238617140966248;2.4815311328654275;deltaT_shex_1_K;shex;True;True;True;True;True;True;True;True;107.5332270223476;2687.2951095351223;0.08637949162895964;131895.8595720133;0.0;0.0;135.0;4.0;147.53402271223837;4.0;118.68653123384433;8.0;112.41977550424707;8.0;125.0;8.0;118.68653123384433;8.0;30.0;4.0;42.63005569727892;4.0;107.5332270223476;2687.2951095351223;0.00987707627148709;131895.8595720133;0.0;0.0;100.69960099496956;270.5428368801322;0.85637949162896;18221.140447608635;0.5653474537089239;0.212475242029353;169.15496539149422;377.8326715594087;0.7798770762714874;131895.8595720133;0.620805483134825;0.25350707992427235;107.5332270223476;2687.2951095351223;0.07650241535747254;131895.8595720133;0.0;0.0;122.87745737757933;270.5428368801322;0.85637949162896;131895.8595720133;0.5653474537089239;0.212475242029353;155.30656754360513;339.42749559911715;0.85637949162896;131895.8595720133;0.5653474537089239;0.212475242029353;152.8250364107397;348.2083382546175;0.7700000000000004;131895.8595720133;0.628768785715552;0.2599892631347078;112.97332527566573;271.5961187550019;0.7700000000000004;131895.8595720133;0.628768785715552;0.2599892631347078;112.93862590849824;271.5302661100149;0.7700000000000004;18221.140447608635;0.628768785715552;0.2599892631347078;100.69960099496956;2687.783169662083;0.08637949162895964;18221.140447608635;0.0;0.0;58.058248201960055;243.05320799945585;0.08637949162895964;18221.140447608635;0.0;0.0;58.06292083675288;243.16871380319472;0.08637949162895964;131895.8595720133;0.0;0.0;"Zustand 3: Temperatur 428.457 K liegt außerhalb des Boryta-Prüfbereichs; Kristallisation wurde nicht bewertet.";"Zustand 4: Temperatur 425.975 K liegt außerhalb des Boryta-Prüfbereichs; Kristallisation wurde nicht bewertet.";"Zustand 5: Temperatur 386.123 K liegt außerhalb des Boryta-Prüfbereichs; Kristallisation wurde nicht bewertet.";"Zustand 6: Temperatur 386.089 K liegt außerhalb des Boryta-Prüfbereichs; Kristallisation wurde nicht bewertet.";"Zustand 20: Temperatur 442.305 K liegt außerhalb des Boryta-Prüfbereichs; Kristallisation wurde nicht bewertet.";5
series_evaporator_to_desorber;Serie Verdampfer → Desorber;series_evaporator_to_desorber;nan;125.0;30.0;125.0;8.0;8.0;4.0;125.0;0.7800000000000004;Abwärmetemperatur [°C];hot_temperature_C;125.0;10.0;10.0;25.0;15.0;11.0;nan;nan;1.002792861788746e-20;`gtol` termination condition is satisfied.;4;7.999025794686484e-09;1.4161870369331488e-10;1;True;;True;0;zulässig;feasible;True;True;True;107.5223193721834;122.83830202049035;152.81481106471415;58.07797122216226;0.11523177249793094;0.253254893491605;0.21273144713917475;0.25969785833167575;209.51032831583615;211.32297244112522;209.51772781735315;211.25423725106404;59.86735524694032;0.4979189340282448;9.023919367261055;22.530522028459075;0.009978280946646404;0.05135740769537472;20.95103283081714;21.132297244052722;8.380709112711225;14.083615816680007;5.442486840769205;100.79185178194541;0.01769868224885428;2687.9581391567935;270.5243744102946;226.96809357596618;0.015334792135010766;0.8511021504234365;0.5759164598381669;0.21978311467467962;9.774936415851698e-11;-1.5209380421765673e-09;1.2700525076070335e-09;-1.1687079082278728e-10;-4.2746250983327627e-10;5.979927664157003e-10;8.639347015559906e-10;7.664738177481922e-09;9.774936415851698e-13;-1.5209380421765674e-11;1.2700525076070335e-11;-1.1687079082278728e-10;-4.274625098332763e-12;5.979927664157003e-12;8.639347015559907e-12;7.664738177481922e-11;147.53052202845907;118.68258859895144;112.41710630776265;125.0;118.68258859895144;42.63893375844049;21.529182964127415;20.38332705383948;58.152918023504924;28.07797122216226;5.804582336204021;11.62525452581724;17.477680627816596;60.59994598596563;2.5685159891253306;9.925621555484327;4.0;0.7800000000000004;131846.82076934294;18238.00312684536;7.229235561171251;2.5685159891253306;deltaT_shex_1_K;shex;True;True;True;True;True;True;True;True;107.5223193721834;2687.2783729899743;0.08643694255844692;131846.82076934294;0.0;0.0;135.0;4.0;147.53052202845907;4.0;118.68258859895144;8.0;112.41710630776265;8.0;125.0;8.0;118.68258859895144;8.0;30.0;4.0;42.63893375844049;4.0;107.5223193721834;2687.2783729899743;0.00996028210031168;131846.82076934294;0.0;0.0;100.79185178194541;270.52437441028417;0.8664369425584473;18238.00312684536;0.5657234974136061;0.21273144713917475;169.0597049925865;377.558120937999;0.789960282100312;131846.82076934294;0.620491623004338;0.253254893491605;107.5223193721834;2687.2783729899743;0.07647666045813524;131846.82076934294;0.0;0.0;122.83830202049035;270.52437441028417;0.8664369425584473;131846.82076934294;0.5657234974136061;0.21273144713917475;155.38332705383948;339.6204070311484;0.8664369425584473;131846.82076934294;0.5657234974136061;0.21273144713917475;152.81481106471415;348.0639346790623;0.7800000000000004;131846.82076934294;0.6284150479904055;0.25969785833167575;112.91268046500602;271.31091513182827;0.7800000000000004;131846.82076934294;0.6284150479904055;0.25969785833167575;112.87800626274742;271.24507230144957;0.7800000000000004;18238.00312684536;0.6284150479904055;0.25969785833167575;100.79185178194541;2687.9581391567935;0.08643694255844692;18238.00312684536;0.0;0.0;58.07797122216226;243.13574972263598;0.08643694255844692;18238.00312684536;0.0;0.0;58.08264261298581;243.2511897260801;0.08643694255844692;131846.82076934294;0.0;0.0;"Zustand 3: Temperatur 428.533 K liegt außerhalb des Boryta-Prüfbereichs; Kristallisation wurde nicht bewertet.";"Zustand 4: Temperatur 425.965 K liegt außerhalb des Boryta-Prüfbereichs; Kristallisation wurde nicht bewertet.";"Zustand 5: Temperatur 386.063 K liegt außerhalb des Boryta-Prüfbereichs; Kristallisation wurde nicht bewertet.";"Zustand 6: Temperatur 386.028 K liegt außerhalb des Boryta-Prüfbereichs; Kristallisation wurde nicht bewertet.";"Zustand 20: Temperatur 442.210 K liegt außerhalb des Boryta-Prüfbereichs; Kristallisation wurde nicht bewertet.";5
series_evaporator_to_desorber;Serie Verdampfer → Desorber;series_evaporator_to_desorber;nan;125.0;30.0;125.0;8.0;8.0;4.0;125.0;0.7900000000000004;Abwärmetemperatur [°C];hot_temperature_C;125.0;10.0;10.0;25.0;15.0;11.0;nan;nan;9.277232856929248e-21;`gtol` termination condition is satisfied.;4;7.414766493568667e-09;1.3621477788352663e-10;1;True;;True;0;zulässig;feasible;True;True;True;107.51153974745677;122.80135470342952;152.80199684787777;58.09744245991732;0.1161308645949858;0.25300651063937823;0.21298070244469258;0.2594119589324169;209.4462112918336;211.4695186358555;209.46921118819816;211.38453150733375;60.739739668395906;0.49766983168629725;9.133611004903013;22.526687278219697;0.009979212394664528;0.05200801988296907;20.944621128472402;21.146951863531296;8.378768447543823;14.092302100434923;5.521794515434303;100.88196695927002;0.01758268837518455;2688.129038667256;270.5094815247483;227.24044424293967;0.015411115955336174;0.8610826048278156;0.5762204557371461;0.219996644742939;1.2036593943776097e-10;-1.3814300814374292e-09;1.1783640729845501e-09;-1.1427114809947625e-10;-3.9742076296533924e-10;5.425420113169821e-10;8.099050319287926e-10;7.109576927177841e-09;1.2036593943776098e-12;-1.3814300814374292e-11;1.1783640729845502e-11;-1.1427114809947625e-10;-3.974207629653393e-12;5.4254201131698206e-12;8.099050319287925e-12;7.109576927177841e-11;147.5266872782197;118.67869223961321;112.41466080455945;125.0;118.67869223961321;42.64769848300574;21.43912787460937;20.457777552852804;58.234268476264276;28.097442459917318;5.860085826248735;11.53269384528943;17.488460252543234;60.57657962064815;2.6557807049750295;9.948098909043665;4.0;0.7900000000000004;131798.372302198;18254.663588838925;7.219983631075008;2.6557807049750295;deltaT_shex_1_K;shex;True;True;True;True;True;True;True;True;107.51153974745677;2687.261832175872;0.08649372078315143;131798.372302198;0.0;0.0;135.0;4.0;147.5266872782197;4.0;118.67869223961321;8.0;112.41466080455945;8.0;125.0;8.0;118.67869223961321;8.0;30.0;4.0;42.64769848300574;4.0;107.51153974745677;2687.261832175872;0.010044590576584668;131798.372302198;0.0;0.0;100.88196695927002;270.5094815247398;0.8764937207831518;18254.663588838925;0.5660889510285131;0.21298070244469258;168.96581515282907;377.2876996807175;0.8000445905765851;131798.372302198;0.6201821960172197;0.25300651063937823;107.51153974745677;2687.261832175872;0.07644913020656677;131798.372302198;0.0;0.0;122.80135470342952;270.5094815247398;0.8764937207831518;131798.372302198;0.5660889510285131;0.21298070244469258;155.4577775528528;339.80802665764116;0.8764937207831518;131798.372302198;0.5660889510285131;0.21298070244469258;152.80199684787777;347.9171371462406;0.7900000000000004;131798.372302198;0.628067608836978;0.2594119589324169;112.85325579438586;271.03139073070196;0.7900000000000004;131798.372302198;0.628067608836978;0.2594119589324169;112.81860641336448;270.96555779414126;0.7900000000000004;18254.663588838925;0.628067608836978;0.2594119589324169;100.88196695927002;2688.129038667256;0.08649372078315143;18254.663588838925;0.0;0.0;58.09744245991732;243.21723789005097;0.08649372078315143;18254.663588838925;0.0;0.0;58.102112618965066;243.3326128826436;0.08649372078315143;131798.372302198;0.0;0.0;"Zustand 3: Temperatur 428.608 K liegt außerhalb des Boryta-Prüfbereichs; Kristallisation wurde nicht bewertet.";"Zustand 4: Temperatur 425.952 K liegt außerhalb des Boryta-Prüfbereichs; Kristallisation wurde nicht bewertet.";"Zustand 5: Temperatur 386.003 K liegt außerhalb des Boryta-Prüfbereichs; Kristallisation wurde nicht bewertet.";"Zustand 6: Temperatur 385.969 K liegt außerhalb des Boryta-Prüfbereichs; Kristallisation wurde nicht bewertet.";"Zustand 20: Temperatur 442.116 K liegt außerhalb des Boryta-Prüfbereichs; Kristallisation wurde nicht bewertet.";5
series_evaporator_to_desorber;Serie Verdampfer → Desorber;series_evaporator_to_desorber;nan;125.0;30.0;125.0;8.0;8.0;4.0;125.0;0.8000000000000004;Abwärmetemperatur [°C];hot_temperature_C;125.0;10.0;10.0;25.0;15.0;11.0;nan;nan;8.576044343416954e-21;`gtol` termination condition is satisfied.;4;6.843079303920894e-09;1.3096598293768466e-10;1;True;;True;0;zulässig;feasible;True;True;True;107.50087736376975;122.76654845696078;152.7867042818899;58.116681056361585;0.11704230734908522;0.2527618166004564;0.2132232273476559;0.25913137957178584;209.37670192918836;211.61431390444469;209.41496868931117;211.51340866100517;61.60854318502344;0.4974164565648546;9.243224522665882;22.522530019688304;0.009980128137680526;0.05265835531212475;20.93767019226344;21.161431390398224;8.376598747586279;14.100893910684427;5.600776653301793;100.97002784920625;0.017470618116596347;2688.296022138207;270.4980139998942;227.50649999317676;0.015488574445354897;0.87106130844868;0.5765162639413154;0.22020460556741348;1.3318413039087318e-10;-1.2962786399839388e-09;1.1329461813147645e-09;-1.1167167190961891e-10;-3.4580693863972556e-10;4.624496341421036e-10;7.387654932244914e-10;6.553960929522873e-09;1.3318413039087318e-12;-1.2962786399839387e-11;1.1329461813147646e-11;-1.1167167190961891e-10;-3.4580693863972556e-12;4.624496341421036e-12;7.387654932244914e-12;6.553960929522872e-11;147.5225300196883;118.67483825774508;112.41242890698817;125.0;118.67483825774508;42.65635848710792;21.35071658210063;20.529985606285607;58.313669362098324;28.116681056361585;5.914439071385118;11.442401057781922;17.499122636230254;60.55348826308597;2.7432813243956957;9.971524390596983;4.0;0.8000000000000004;131750.46519650694;18271.137735586854;7.210851732560442;2.7432813243956957;deltaT_shex_1_K;shex;True;True;True;True;True;True;True;True;107.50087736376975;2687.2454705688515;0.08654988289403454;131750.46519650694;0.0;0.0;135.0;4.0;147.5225300196883;4.0;118.67483825774508;8.0;112.41242890698817;8.0;125.0;8.0;118.67483825774508;8.0;30.0;4.0;42.65635848710792;4.0;107.50087736376975;2687.2454705688515;0.010129997994710923;131750.46519650694;0.0;0.0;100.97002784920625;270.49801399988496;0.8865498828940349;18271.137735586854;0.5664441684559898;0.2132232273476559;168.87324660178894;377.0212668913408;0.8101299979947113;131750.46519650694;0.619877072278981;0.2527618166004564;107.50087736376975;2687.2454705688515;0.07641988489932361;131750.46519650694;0.0;0.0;122.76654845696078;270.49801399988496;0.8865498828940349;131750.46519650694;0.5664441684559898;0.2132232273476559;155.5299856062856;339.9904863060228;0.8865498828940349;131750.46519650694;0.5664441684559898;0.2132232273476559;152.7867042818899;347.7680587045247;0.8000000000000004;131750.46519650694;0.6277262640133331;0.25913137957178584;112.7950240663638;270.75737972341193;0.8000000000000004;131750.46519650694;0.6277262640133331;0.25913137957178584;112.76039918635996;270.69155677927176;0.8000000000000004;18271.137735586854;0.6277262640133331;0.25913137957178584;100.97002784920625;2688.296022138207;0.08654988289403454;18271.137735586854;0.0;0.0;58.116681056361585;243.29775260235942;0.08654988289403454;18271.137735586854;0.0;0.0;58.12134999465911;243.41306330878638;0.08654988289403454;131750.46519650694;0.0;0.0;"Zustand 3: Temperatur 428.680 K liegt außerhalb des Boryta-Prüfbereichs; Kristallisation wurde nicht bewertet.";"Zustand 4: Temperatur 425.937 K liegt außerhalb des Boryta-Prüfbereichs; Kristallisation wurde nicht bewertet.";"Zustand 5: Temperatur 385.945 K liegt außerhalb des Boryta-Prüfbereichs; Kristallisation wurde nicht bewertet.";"Zustand 6: Temperatur 385.910 K liegt außerhalb des Boryta-Prüfbereichs; Kristallisation wurde nicht bewertet.";"Zustand 20: Temperatur 442.023 K liegt außerhalb des Boryta-Prüfbereichs; Kristallisation wurde nicht bewertet.";5
series_evaporator_to_desorber;Serie Verdampfer → Desorber;series_evaporator_to_desorber;nan;125.0;30.0;125.0;8.0;8.0;4.0;125.0;0.8100000000000004;Abwärmetemperatur [°C];hot_temperature_C;125.0;10.0;10.0;25.0;15.0;11.0;nan;nan;8.046047885782775e-21;`gtol` termination condition is satisfied.;4;6.4593817456300075e-09;1.2685462455726852e-10;1;True;;True;0;zulässig;feasible;True;True;True;107.490322113388;122.73381811151154;152.76903884852464;58.13570498077695;0.11796597481370481;0.2525207010307568;0.21345923216385623;0.25885594261778017;209.30198396580016;211.75749348897136;209.35519714386922;211.64099088518847;62.47374900414805;0.49715885776940544;9.352756682521706;22.51806124197367;0.00998102927273201;0.05330839657241813;20.930198395961234;21.17574934885576;8.374207885769385;14.109399392298187;5.679431727760425;101.05611184083233;0.017362330020896617;2688.4592360973784;270.48983331742966;227.76647349306168;0.015567160276066527;0.8810383216684943;0.576804152088211;0.22040717086962405;1.3135803555996972e-10;-1.2166339047325891e-09;1.0527969607210252e-09;-1.0918299597761916e-10;-3.654179181467043e-10;4.1376324588782154e-10;7.156870651670033e-10;6.187804046930978e-09;1.3135803555996972e-12;-1.2166339047325891e-11;1.0527969607210253e-11;-1.0918299597761916e-10;-3.654179181467043e-12;4.137632458878216e-12;7.156870651670033e-12;6.187804046930978e-11;147.51806124197367;118.67102299984487;112.41040107568608;125.0;118.67102299984487;42.664921859388244;21.26389102727603;20.600015236678928;58.391189981444086;28.13570498077695;5.967664975418245;11.354289234853752;17.509677886611996;60.53065029163463;2.8309763881542835;9.9958594099229;4.0;0.8100000000000004;131703.0535809652;18287.440520176646;7.201830865049509;2.8309763881542835;deltaT_shex_1_K;shex;True;True;True;True;True;True;True;True;107.490322113388;2687.229272680301;0.08660548194456041;131703.0535809652;0.0;0.0;135.0;4.0;147.51806124197367;4.0;118.67102299984487;8.0;112.41040107568608;8.0;125.0;8.0;118.67102299984487;8.0;30.0;4.0;42.664921859388244;4.0;107.490322113388;2687.229272680301;0.010216500101800781;131703.0535809652;0.0;0.0;101.05611184083233;270.4898333174224;0.8966054819445608;18287.440520176646;0.5667894880422321;0.21345923216385623;168.7819522692497;376.7586877063613;0.8202165001018011;131703.0535809652;0.6195761267096258;0.2525207010307568;107.490322113388;2687.229272680301;0.07638898184275963;131703.0535809652;0.0;0.0;122.73381811151154;270.4898333174224;0.8966054819445608;131703.0535809652;0.5667894880422321;0.21345923216385623;155.60001523667893;340.16791388040843;0.8966054819445608;131703.0535809652;0.5667894880422321;0.21345923216385623;152.76903884852464;347.6168075019894;0.8100000000000004;131703.0535809652;0.6273908173916248;0.25885594261778017;112.73795870158864;270.4887223118454;0.8100000000000004;131703.0535809652;0.6273908173916248;0.25885594261778017;112.70335802442662;270.4229094765708;0.8100000000000004;18287.440520176646;0.6273908173916248;0.25885594261778017;101.05611184083233;2688.4592360973784;0.08660548194456041;18287.440520176646;0.0;0.0;58.13570498077695;243.3773690566096;0.08660548194456041;18287.440520176646;0.0;0.0;58.140372708210236;243.49261614084293;0.08660548194456041;131703.0535809652;0.0;0.0;"Zustand 3: Temperatur 428.750 K liegt außerhalb des Boryta-Prüfbereichs; Kristallisation wurde nicht bewertet.";"Zustand 4: Temperatur 425.919 K liegt außerhalb des Boryta-Prüfbereichs; Kristallisation wurde nicht bewertet.";"Zustand 5: Temperatur 385.888 K liegt außerhalb des Boryta-Prüfbereichs; Kristallisation wurde nicht bewertet.";"Zustand 6: Temperatur 385.853 K liegt außerhalb des Boryta-Prüfbereichs; Kristallisation wurde nicht bewertet.";"Zustand 20: Temperatur 441.932 K liegt außerhalb des Boryta-Prüfbereichs; Kristallisation wurde nicht bewertet.";5
series_evaporator_to_desorber;Serie Verdampfer → Desorber;series_evaporator_to_desorber;nan;125.0;30.0;125.0;8.0;8.0;4.0;125.0;0.8200000000000004;Abwärmetemperatur [°C];hot_temperature_C;125.0;10.0;10.0;25.0;15.0;11.0;nan;nan;7.478707948950908e-21;`gtol` termination condition is satisfied.;4;5.971631937448381e-09;1.2230051470824567e-10;1;True;;True;0;zulässig;feasible;True;True;True;107.47986451947196;122.70310029405584;152.74910122133105;58.15453110873983;0.11890173851506354;0.25228305779372406;0.2136889185780192;0.2585854777862109;209.22223218266817;211.89918439991416;209.2900838119833;211.76739272720687;63.33534243496893;0.4968970837481251;9.462204343507311;22.513291398484967;0.00998191681426152;0.05395812671638753;20.92222321769556;21.189918439953793;8.371603352494294;14.117826181769177;5.757758403280689;101.1402926191169;0.017257688630319727;2688.618820086149;270.4848064639685;228.02056798489608;0.01564686577056995;0.8910137019186772;0.5770843758796388;0.2206045069542272;1.3849899005435873e-10;-1.1186500614712713e-09;1.0078338164021261e-09;-1.0673573136443792e-10;-3.7405811781354714e-10;3.7621816773025785e-10;6.692175702482928e-10;5.712564643545193e-09;1.3849899005435872e-12;-1.1186500614712713e-11;1.0078338164021262e-11;-1.0673573136443792e-10;-3.740581178135472e-12;3.7621816773025786e-12;6.692175702482928e-12;5.712564643545193e-11;147.51329139848497;118.66724304045437;112.40856828531133;125.0;118.66724304045437;42.67339619616712;21.178595764350916;20.66792803899574;58.46689642294979;28.154531108739832;6.01978605655853;11.268275666194427;17.52013548052804;60.508045406311965;2.9188268176646943;10.021066558392647;4.0;0.8200000000000004;131656.09447551903;18303.586008683596;7.192912602648392;2.9188268176646943;deltaT_shex_1_K;shex;True;True;True;True;True;True;True;True;107.47986451947196;2687.213223987011;0.08666056768924679;131656.09447551903;0.0;0.0;135.0;4.0;147.51329139848497;4.0;118.66724304045437;8.0;112.40856828531133;8.0;125.0;8.0;118.66724304045437;8.0;30.0;4.0;42.67339619616712;4.0;107.47986451947196;2687.213223987011;0.010304092158953787;131656.09447551903;0.0;0.0;101.1402926191169;270.4848064639613;0.9066605676892472;18303.586008683596;0.5671252334072856;0.2136889185780192;168.69188716283588;376.49983297284575;0.8303040921589542;131656.09447551903;0.619279238816813;0.25228305779372406;107.47986451947196;2687.213223987011;0.07635647553029301;131656.09447551903;0.0;0.0;122.70310029405584;270.4848064639613;0.9066605676892472;131656.09447551903;0.5671252334072856;0.2136889185780192;155.66792803899574;340.34043346711644;0.9066605676892472;131656.09447551903;0.5671252334072856;0.2136889185780192;152.74910122133105;347.46348695707655;0.8200000000000004;131656.09447551903;0.6270610805755441;0.2585854777862109;112.6820337356632;270.22526447557607;0.8200000000000004;131656.09447551903;0.6270610805755441;0.2585854777862109;112.64745698389584;270.1594618820195;0.8200000000000004;18303.586008683596;0.6270610805755441;0.2585854777862109;101.1402926191169;2688.618820086149;0.08666056768924679;18303.586008683596;0.0;0.0;58.15453110873983;243.45615787331496;0.08666056768924679;18303.586008683596;0.0;0.0;58.1591976341424;243.57134194238378;0.08666056768924679;131656.09447551903;0.0;0.0;"Zustand 3: Temperatur 428.818 K liegt außerhalb des Boryta-Prüfbereichs; Kristallisation wurde nicht bewertet.";"Zustand 4: Temperatur 425.899 K liegt außerhalb des Boryta-Prüfbereichs; Kristallisation wurde nicht bewertet.";"Zustand 5: Temperatur 385.832 K liegt außerhalb des Boryta-Prüfbereichs; Kristallisation wurde nicht bewertet.";"Zustand 6: Temperatur 385.797 K liegt außerhalb des Boryta-Prüfbereichs; Kristallisation wurde nicht bewertet.";"Zustand 20: Temperatur 441.842 K liegt außerhalb des Boryta-Prüfbereichs; Kristallisation wurde nicht bewertet.";5
series_evaporator_to_desorber;Serie Verdampfer → Desorber;series_evaporator_to_desorber;nan;125.0;30.0;125.0;8.0;8.0;4.0;125.0;0.8300000000000004;Abwärmetemperatur [°C];hot_temperature_C;125.0;10.0;10.0;25.0;15.0;11.0;nan;nan;6.952438513477215e-21;`gtol` termination condition is satisfied.;4;5.493083422767781e-09;1.179189426129425e-10;1;True;;True;0;zulässig;feasible;True;True;True;107.46949569371259;122.67433341679651;152.7269874891947;58.1731752945405;0.11984946788883424;0.2520487847585842;0.2139124800720221;0.25831982177721924;209.13761292586605;212.03950596125492;209.21980694549137;211.89272162084205;64.19331070693194;0.4966311822587411;9.571564458134501;22.508230438149894;0.009982791700378938;0.05460752924286259;20.913761292061945;21.20395059609253;8.368792277834247;14.126181441347654;5.83575551890804;101.22264037840472;0.017156564197965355;2688.774907060966;270.4828057310029;228.26897779609573;0.015727682953664;0.9009875038509988;0.577357179742399;0.22079677310278853;1.5579360024275957e-10;-1.056505993801693e-09;9.277414392272476e-10;-1.0434830777228399e-10;-3.6482106224866584e-10;3.296349859738257e-10;6.27238705419586e-10;5.246590717433719e-09;1.5579360024275956e-12;-1.056505993801693e-11;9.277414392272477e-12;-1.0434830777228399e-10;-3.648210622486659e-12;3.296349859738257e-12;6.27238705419586e-12;5.246590717433719e-11;147.5082304381499;118.66349516684085;112.40692199263356;125.0;118.66349516684085;42.68178863404637;21.094777815911698;20.733783290158442;58.54085174435835;28.1731752945405;6.070824436803264;11.184281614228837;17.530504306287412;60.48565454103709;3.0067958009637437;10.047109602439775;4.0;0.8300000000000004;131609.54759575307;18319.5874376701;7.184089054599981;3.0067958009637437;deltaT_shex_1_K;shex;True;True;True;True;True;True;True;True;107.46949569371259;2687.1973108664192;0.08671518680466239;131609.54759575307;0.0;0.0;135.0;4.0;147.5082304381499;4.0;118.66349516684085;8.0;112.40692199263356;8.0;125.0;8.0;118.66349516684085;8.0;30.0;4.0;42.68178863404637;4.0;107.46949569371259;2687.1973108664192;0.010392768996419648;131609.54759575307;0.0;0.0;101.22264037840472;270.4828057309946;0.9167151868046628;18319.5874376701;0.5674517142229923;0.2139124800720221;168.6030082540616;376.2445789478491;0.84039276899642;131609.54759575307;0.6189862924833434;0.2520487847585842;107.46949569371259;2687.1973108664192;0.07632241780824274;131609.54759575307;0.0;0.0;122.67433341679651;270.4828057309946;0.9167151868046628;131609.54759575307;0.5674517142229923;0.2139124800720221;155.73378329015844;340.508165440248;0.9167151868046628;131609.54759575307;0.5674517142229923;0.2139124800720221;152.7269874891947;347.3081959315275;0.8300000000000004;131609.54759575307;0.6267368725380196;0.25831982177721924;112.62722381435674;269.96685773059244;0.8300000000000004;131609.54759575307;0.6267368725380196;0.25831982177721924;112.59267073003758;269.9010655266854;0.8300000000000004;18319.5874376701;0.6267368725380196;0.25831982177721924;101.22264037840472;2688.774907060966;0.08671518680466239;18319.5874376701;0.0;0.0;58.1731752945405;243.53418539934555;0.08671518680466239;18319.5874376701;0.0;0.0;58.17784062580375;243.64930700685434;0.08671518680466239;131609.54759575307;0.0;0.0;"Zustand 3: Temperatur 428.884 K liegt außerhalb des Boryta-Prüfbereichs; Kristallisation wurde nicht bewertet.";"Zustand 4: Temperatur 425.877 K liegt außerhalb des Boryta-Prüfbereichs; Kristallisation wurde nicht bewertet.";"Zustand 5: Temperatur 385.777 K liegt außerhalb des Boryta-Prüfbereichs; Kristallisation wurde nicht bewertet.";"Zustand 6: Temperatur 385.743 K liegt außerhalb des Boryta-Prüfbereichs; Kristallisation wurde nicht bewertet.";"Zustand 20: Temperatur 441.753 K liegt außerhalb des Boryta-Prüfbereichs; Kristallisation wurde nicht bewertet.";5
series_evaporator_to_desorber;Serie Verdampfer → Desorber;series_evaporator_to_desorber;nan;125.0;30.0;125.0;8.0;8.0;4.0;125.0;0.8400000000000004;Abwärmetemperatur [°C];hot_temperature_C;125.0;10.0;10.0;25.0;15.0;11.0;nan;nan;6.544797389776566e-21;`gtol` termination condition is satisfied.;4;5.190376917679292e-09;1.1440976697622075e-10;1;True;;True;0;zulässig;feasible;True;True;True;107.4592072971322;122.64745765924295;152.7027893718705;58.19165243821766;0.1208090306693057;0.2518177836110373;0.21413010232900778;0.258058817933072;209.04828459432935;212.17857031502993;209.1445363066028;212.01707836003052;65.04764280476827;0.49636120034300757;9.680834068987297;22.502887834589103;0.009983654798578124;0.055256588080931715;20.904828458937594;21.217857031473695;8.36578145227943;14.134471890630085;5.913422073249828;101.30322202163802;0.017058832417701116;2688.927623768013;270.4837085168779;228.51188881646453;0.015809603596054322;0.9109597794978009;0.577622797446048;0.2209841219430461;1.5356249605247285e-10;-9.798384326131782e-10;9.175096238323022e-10;-1.0196388178229654e-10;-3.829541128652636e-10;2.929709808086045e-10;5.792628599010641e-10;4.953392362949671e-09;1.5356249605247286e-12;-9.798384326131782e-12;9.175096238323021e-12;-1.0196388178229654e-10;-3.829541128652636e-12;2.929709808086045e-12;5.792628599010641e-12;4.953392362949671e-11;147.5028878345891;118.6597763648316;112.40545410685905;125.0;118.6597763648316;42.690105880085525;21.01238653749317;20.79763805325763;58.613116141552496;28.19165243821766;6.120801833806524;11.102232085221033;17.540792702867805;60.46345978256744;3.094848681387134;10.073953471752645;4.0;0.8400000000000004;131563.37517203685;18335.45726752609;7.17535282880829;3.094848681387134;deltaT_shex_1_K;shex;True;True;True;True;True;True;True;True;107.4592072971322;2687.1815205366815;0.08676938309385485;131563.37517203685;0.0;0.0;135.0;4.0;147.5028878345891;4.0;118.6597763648316;8.0;112.40545410685905;8.0;125.0;8.0;118.6597763648316;8.0;30.0;4.0;42.690105880085525;4.0;107.4592072971322;2687.1815205366815;0.010482525063342246;131563.37517203685;0.0;0.0;101.30322202163802;270.48370851687116;0.9267693830938553;18335.45726752609;0.5677692269437722;0.21413010232900778;168.51527437208227;375.9928070175031;0.8504825250633427;131563.37517203685;0.6186971757675196;0.2518177836110373;107.4592072971322;2687.1815205366815;0.0762868580305126;131563.37517203685;0.0;0.0;122.64745765924295;270.48370851687116;0.9267693830938553;131563.37517203685;0.5677692269437722;0.21413010232900778;155.79763805325763;340.6712265676059;0.9267693830938553;131563.37517203685;0.5677692269437722;0.21413010232900778;152.7027893718705;347.1510289048114;0.8400000000000004;131563.37517203685;0.6264180192789935;0.258058817933072;112.5735041874903;269.71335889931777;0.8400000000000004;131563.37517203685;0.6264180192789935;0.258058817933072;112.53897453102508;269.64757724684046;0.8400000000000004;18335.45726752609;0.6264180192789935;0.258058817933072;101.30322202163802;2688.927623768013;0.08676938309385485;18335.45726752609;0.0;0.0;58.19165243821766;243.61151398853977;0.08676938309385485;18335.45726752609;0.0;0.0;58.19631658226416;243.72657363795295;0.08676938309385485;131563.37517203685;0.0;0.0;"Zustand 3: Temperatur 428.948 K liegt außerhalb des Boryta-Prüfbereichs; Kristallisation wurde nicht bewertet.";"Zustand 4: Temperatur 425.853 K liegt außerhalb des Boryta-Prüfbereichs; Kristallisation wurde nicht bewertet.";"Zustand 5: Temperatur 385.724 K liegt außerhalb des Boryta-Prüfbereichs; Kristallisation wurde nicht bewertet.";"Zustand 6: Temperatur 385.689 K liegt außerhalb des Boryta-Prüfbereichs; Kristallisation wurde nicht bewertet.";"Zustand 20: Temperatur 441.665 K liegt außerhalb des Boryta-Prüfbereichs; Kristallisation wurde nicht bewertet.";5
series_evaporator_to_desorber;Serie Verdampfer → Desorber;series_evaporator_to_desorber;nan;125.0;30.0;125.0;8.0;8.0;4.0;125.0;0.8500000000000004;Abwärmetemperatur [°C];hot_temperature_C;125.0;10.0;10.0;25.0;15.0;11.0;nan;nan;6.256269052360788e-21;`gtol` termination condition is satisfied.;4;5.083016044014697e-09;1.1185945693021031e-10;1;True;;True;0;zulässig;feasible;True;True;True;107.44899150377444;122.62241494476928;152.67659442706565;58.209976547738336;0.12178029323339877;0.2515899596756687;0.21434196361437013;0.25780231591525116;208.95439809639186;212.31648288926303;209.06443365351385;212.1405575378185;65.89832931843493;0.49608718430754384;9.790010305467751;22.49727261342059;0.009984506910977263;0.055905287574507974;20.895439809151956;21.23164828890065;8.362577346151738;14.142703835816606;5.990757210849743;101.38210134632737;0.016964374167066948;2689.0770910930237;270.487397131503;228.7494789454654;0.015892619253760842;0.9209305784220656;0.5778814526801584;0.2211666997948897;1.6294166016450617e-10;-9.122373967329622e-10;8.72262262419099e-10;-9.964851166444078e-11;-2.796127773763146e-10;2.5650592760939617e-10;5.694005267287139e-10;4.872305225944729e-09;1.6294166016450617e-12;-9.122373967329622e-12;8.72262262419099e-12;-9.964851166444078e-11;-2.796127773763146e-12;2.5650592760939617e-12;5.694005267287139e-12;4.8723052259447285e-11;147.4972726134206;118.65608380568722;112.40415696198164;125.0;118.65608380568722;42.69835423978844;20.931373491176657;20.85954727648908;58.68374710653893;28.209976547738336;6.169739554960984;11.022055615654267;17.551008496225563;60.441444295018925;3.1829528494234296;10.10156424311532;4.0;0.8500000000000004;131517.54178213075;18351.207232055316;7.16669699813536;3.1829528494234296;deltaT_shex_1_K;shex;True;True;True;True;True;True;True;True;107.44899150377444;2687.165841001163;0.08682319767582602;131517.54178213075;0.0;0.0;135.0;4.0;147.4972726134206;4.0;118.65608380568722;8.0;112.40415696198164;8.0;125.0;8.0;118.65608380568722;8.0;30.0;4.0;42.69835423978844;4.0;107.44899150377444;2687.165841001163;0.01057335447242344;131517.54178213075;0.0;0.0;101.38210134632737;270.4873971314966;0.9368231976758264;18351.207232055316;0.5680780554926841;0.21434196361437013;168.42864610459725;375.74440343444047;0.8605733544724239;131517.54178213075;0.6184117807156947;0.2515899596756687;107.44899150377444;2687.165841001163;0.07624984320340258;131517.54178213075;0.0;0.0;122.62241494476928;270.4873971314966;0.9368231976758264;131517.54178213075;0.5680780554926841;0.21434196361437013;155.85954727648908;340.82973011590894;0.9368231976758264;131517.54178213075;0.5680780554926841;0.21434196361437013;152.67659442706565;346.99207614775906;0.8500000000000004;131517.54178213075;0.6261043535013195;0.25780231591525116;112.52085070165396;269.4646298909685;0.8500000000000004;131517.54178213075;0.6261043535013195;0.25780231591525116;112.48634425072623;269.3988589644103;0.8500000000000004;18351.207232055316;0.6261043535013195;0.25780231591525116;101.38210134632737;2689.0770910930237;0.08682319767582602;18351.207232055316;0.0;0.0;58.209976547738336;243.68820226178676;0.08682319767582602;18351.207232055316;0.0;0.0;58.21463951066829;243.80320040949672;0.08682319767582602;131517.54178213075;0.0;0.0;"Zustand 3: Temperatur 429.010 K liegt außerhalb des Boryta-Prüfbereichs; Kristallisation wurde nicht bewertet.";"Zustand 4: Temperatur 425.827 K liegt außerhalb des Boryta-Prüfbereichs; Kristallisation wurde nicht bewertet.";"Zustand 5: Temperatur 385.671 K liegt außerhalb des Boryta-Prüfbereichs; Kristallisation wurde nicht bewertet.";"Zustand 6: Temperatur 385.636 K liegt außerhalb des Boryta-Prüfbereichs; Kristallisation wurde nicht bewertet.";"Zustand 20: Temperatur 441.579 K liegt außerhalb des Boryta-Prüfbereichs; Kristallisation wurde nicht bewertet.";5
series_evaporator_to_desorber;Serie Verdampfer → Desorber;series_evaporator_to_desorber;nan;125.0;30.0;125.0;8.0;8.0;4.0;125.0;0.8600000000000004;Abwärmetemperatur [°C];hot_temperature_C;125.0;10.0;10.0;25.0;15.0;11.0;nan;nan;5.7696654617621306e-21;`gtol` termination condition is satisfied.;4;4.536137129463531e-09;1.074212777969256e-10;1;True;;True;0;zulässig;feasible;True;True;True;107.43884096706728;122.59914891272723;152.64848624929175;58.228160796614475;0.12276312090696731;0.251365221748716;0.21454823513549734;0.25755017140000086;208.85609727691116;212.4533428316185;208.97965319466732;212.2632479527895;66.74536230666658;0.49580917971078337;9.89909038071104;22.491393377805707;0.009985348779113121;0.056553612467527124;20.885609727258508;21.245334283141965;8.359186127799667;14.150883196818503;6.067760209775055;101.45933921829368;0.01687307526267313;2689.2234243881535;270.4937586048496;228.98191851184635;0.01597672130322303;0.9308999478577905;0.5781333595947493;0.22134464699517892;1.738129640216357e-10;-8.590319566792459e-10;8.229221748479176e-10;-9.73787717128971e-11;-3.2434854801977053e-10;1.9883827917510644e-10;5.119602519698674e-10;4.326068392401794e-09;1.7381296402163571e-12;-8.59031956679246e-12;8.229221748479177e-12;-9.73787717128971e-11;-3.2434854801977055e-12;1.988382791751064e-12;5.119602519698674e-12;4.326068392401794e-11;147.4913933778057;118.65241483394766;112.40302329104492;125.0;118.65241483394766;42.70653964303938;20.851692327398666;20.919563887259756;58.7527995752543;28.228160796614475;6.2176584934447305;10.943684072751239;17.56115903293272;60.41959225028779;3.2710776379680055;10.1299091207905;4.0;0.8600000000000004;131472.01419622786;18366.84838451334;7.15811506927248;3.2710776379680055;deltaT_shex_1_K;shex;True;True;True;True;True;True;True;True;107.43884096706728;2687.150260997001;0.08687666916101311;131472.01419622786;0.0;0.0;135.0;4.0;147.4913933778057;4.0;118.65241483394766;8.0;112.40302329104492;8.0;125.0;8.0;118.65241483394766;8.0;30.0;4.0;42.70653964303938;4.0;107.43884096706728;2687.150260997001;0.010665251040208051;131472.01419622786;0.0;0.0;101.45933921829368;270.49375860484423;0.9468766691610135;18366.84838451334;0.5683784719064451;0.21454823513549734;168.34308570520437;375.499259071707;0.8706652510402085;131472.01419622786;0.6181300031854907;0.251365221748716;107.43884096706728;2687.150260997001;0.07621141812080506;131472.01419622786;0.0;0.0;122.59914891272723;270.49375860484423;0.9468766691610135;131472.01419622786;0.5683784719064451;0.21454823513549734;155.91956388725976;340.9837859552982;0.9468766691610135;131472.01419622786;0.5683784719064451;0.21454823513549734;152.64848624929175;346.83142389489444;0.8600000000000004;131472.01419622786;0.6257957143041873;0.25755017140000086;112.46923979193673;269.2205374919959;0.8600000000000004;131472.01419622786;0.6257957143041873;0.25755017140000086;112.43475634050293;269.1547774774988;0.8600000000000004;18366.84838451334;0.6257957143041873;0.25755017140000086;101.45933921829368;2689.2234243881535;0.08687666916101311;18366.84838451334;0.0;0.0;58.228160796614475;243.76430534817842;0.08687666916101311;18366.84838451334;0.0;0.0;58.23282258365987;243.87924240637304;0.08687666916101311;131472.01419622786;0.0;0.0;"Zustand 3: Temperatur 429.070 K liegt außerhalb des Boryta-Prüfbereichs; Kristallisation wurde nicht bewertet.";"Zustand 4: Temperatur 425.798 K liegt außerhalb des Boryta-Prüfbereichs; Kristallisation wurde nicht bewertet.";"Zustand 5: Temperatur 385.619 K liegt außerhalb des Boryta-Prüfbereichs; Kristallisation wurde nicht bewertet.";"Zustand 6: Temperatur 385.585 K liegt außerhalb des Boryta-Prüfbereichs; Kristallisation wurde nicht bewertet.";"Zustand 20: Temperatur 441.493 K liegt außerhalb des Boryta-Prüfbereichs; Kristallisation wurde nicht bewertet.";5
series_evaporator_to_desorber;Serie Verdampfer → Desorber;series_evaporator_to_desorber;nan;125.0;30.0;125.0;8.0;8.0;4.0;125.0;0.8700000000000004;Abwärmetemperatur [°C];hot_temperature_C;125.0;10.0;10.0;25.0;15.0;11.0;nan;nan;5.454039085424981e-21;`gtol` termination condition is satisfied.;4;4.3140477820822515e-09;1.0444174534567086e-10;1;True;;True;0;zulässig;feasible;True;True;True;107.42874878859095;122.5776048868201;152.61854466010516;58.24621757748406;0.12375737823494387;0.2511434819404629;0.2147490813808725;0.25730224579046584;208.75351931811872;212.58924341274857;208.89034201525607;212.38523298682207;67.58873517265965;0.49552723135465176;10.008071588601647;22.48525833242337;0.009986181088358862;0.057201547889630965;20.875351931400484;21.258924341255092;8.35561368062098;14.159015532420776;6.144430470314964;101.53499373404992;0.01678482622755225;2689.366733777532;270.5026844994068;229.20937066716618;0.01606190097253557;0.940867932841889;0.578378723305529;0.2215180982021371;1.8881962660088902e-10;-8.049454436331871e-10;7.891571840445977e-10;-9.512035603620461e-11;-2.6844304557016585e-10;1.9764456737902947e-10;5.104254796606256e-10;4.113871909794398e-09;1.8881962660088903e-12;-8.04945443633187e-12;7.891571840445977e-12;-9.512035603620461e-11;-2.6844304557016586e-12;1.976445673790295e-12;5.104254796606256e-12;4.113871909794398e-11;147.48525833242337;118.64876695613572;112.40204620209096;125.0;118.64876695613572;42.71466766822658;20.773298674233843;20.97773888139659;58.82032606582334;28.24621757748406;6.264579125960154;10.867052468041038;17.57125121140905;60.39788876297564;3.359194221291432;10.158956413992712;4.0;0.8700000000000004;131426.76123318003;18382.391140511267;7.149600953900967;3.359194221291432;deltaT_shex_1_K;shex;True;True;True;True;True;True;True;True;107.42874878859095;2687.1347699473426;0.0869298338144241;131426.76123318003;0.0;0.0;135.0;4.0;147.48525833242337;4.0;118.64876695613572;8.0;112.40204620209096;8.0;125.0;8.0;118.64876695613572;8.0;30.0;4.0;42.71466766822658;4.0;107.42874878859095;2687.1347699473426;0.010758208323272496;131426.76123318003;0.0;0.0;101.53499373404992;270.5026844994043;0.9569298338144245;18382.391140511267;0.5686707369411321;0.2147490813808725;168.2585570066572;375.2572691918287;0.8807582083232729;131426.76123318003;0.6178517426789505;0.2511434819404629;107.42874878859095;2687.1347699473426;0.0761716254911516;131426.76123318003;0.0;0.0;122.5776048868201;270.5026844994043;0.9569298338144245;131426.76123318003;0.5686707369411321;0.2147490813808725;155.9777388813966;341.13350066201025;0.9569298338144245;131426.76123318003;0.5686707369411321;0.2147490813808725;152.61854466010516;346.66915451340884;0.8700000000000004;131426.76123318003;0.6254919468921881;0.25730224579046584;112.41864847282739;268.98095316574125;0.8700000000000004;131426.76123318003;0.6254919468921881;0.25730224579046584;112.38418783017556;268.915204260121;0.8700000000000004;18382.391140511267;0.6254919468921881;0.25730224579046584;101.53499373404992;2689.366733777532;0.0869298338144241;18382.391140511267;0.0;0.0;58.24621757748406;243.83987510920127;0.0869298338144241;18382.391140511267;0.0;0.0;58.25087819316008;243.95475144854498;0.0869298338144241;131426.76123318003;0.0;0.0;"Zustand 3: Temperatur 429.128 K liegt außerhalb des Boryta-Prüfbereichs; Kristallisation wurde nicht bewertet.";"Zustand 4: Temperatur 425.769 K liegt außerhalb des Boryta-Prüfbereichs; Kristallisation wurde nicht bewertet.";"Zustand 5: Temperatur 385.569 K liegt außerhalb des Boryta-Prüfbereichs; Kristallisation wurde nicht bewertet.";"Zustand 6: Temperatur 385.534 K liegt außerhalb des Boryta-Prüfbereichs; Kristallisation wurde nicht bewertet.";"Zustand 20: Temperatur 441.409 K liegt außerhalb des Boryta-Prüfbereichs; Kristallisation wurde nicht bewertet.";5
series_evaporator_to_desorber;Serie Verdampfer → Desorber;series_evaporator_to_desorber;nan;125.0;30.0;125.0;8.0;8.0;4.0;125.0;0.8800000000000004;Abwärmetemperatur [°C];hot_temperature_C;125.0;10.0;10.0;25.0;15.0;11.0;nan;nan;5.087432773575107e-21;`gtol` termination condition is satisfied.;4;3.9297633351524506e-09;1.0087053854892525e-10;1;True;;True;0;zulässig;feasible;True;True;True;107.4187084891654;122.55772984068761;152.5868458904244;58.26415855172752;0.1247629292209739;0.2509246555273528;0.21494466044110927;0.25705840594552287;208.64679511388238;212.7242723994939;208.7966404755116;212.50659095423205;68.42844255125097;0.49524138328066974;10.116951300994884;22.478875305854217;0.00998700447195035;0.057849079342571746;20.864679511014256;21.272427239937514;8.35186561903316;14.16710606358565;6.22076750472785;101.60912037274011;0.016699522069972314;2689.5071244432224;270.5140707278619;229.43199175575756;0.016148149369216935;0.9508345763372384;0.5786177403684494;0.2216871826821179;1.8188472949987045e-10;-7.553779823865625e-10;7.277094482560642e-10;-9.290546110207742e-11;-3.1741365091875196e-10;1.1877432370965835e-10;4.4732928472512867e-10;3.7398137919808505e-09;1.8188472949987044e-12;-7.553779823865624e-12;7.277094482560643e-12;-9.290546110207742e-11;-3.1741365091875197e-12;1.1877432370965834e-12;4.473292847251286e-12;3.73981379198085e-11;147.47887530585422;118.645137830316;112.40121915580909;125.0;118.645137830316;42.72274356456302;20.69615003410422;21.03412140828351;58.88637680817709;28.26415855172752;6.310521511975423;10.79209878306898;17.581291510834603;60.37631983051983;3.4472755178591115;10.188675512214274;4.0;0.8800000000000004;131381.75362748362;18397.845317810832;7.14114894206083;3.4472755178591115;deltaT_shex_1_K;shex;True;True;True;True;True;True;True;True;107.4187084891654;2687.1193579171327;0.08698272570645493;131381.75362748362;0.0;0.0;135.0;4.0;147.47887530585422;4.0;118.645137830316;8.0;112.40121915580909;8.0;125.0;8.0;118.645137830316;8.0;30.0;4.0;42.72274356456302;4.0;107.4187084891654;2687.1193579171327;0.010852219650761824;131381.75362748362;0.0;0.0;101.60912037274011;270.51407072785867;0.9669827257064554;18397.845317810832;0.568955100643089;0.21494466044110927;168.17502533995844;375.0183332309251;0.8908522196507622;131381.75362748362;0.6175769021858996;0.2509246555273528;107.4187084891654;2687.1193579171327;0.0761305060556931;131381.75362748362;0.0;0.0;122.55772984068761;270.51407072785867;0.9669827257064554;131381.75362748362;0.568955100643089;0.21494466044110927;156.0341214082835;341.2789776203357;0.9669827257064554;131381.75362748362;0.568955100643089;0.21494466044110927;152.5868458904244;346.50534666965405;0.8800000000000004;131381.75362748362;0.6251929023005052;0.25705840594552287;112.36905432847334;268.74575286162104;0.8800000000000004;131381.75362748362;0.6251929023005052;0.25705840594552287;112.33461631834058;268.680015271459;0.8800000000000004;18397.845317810832;0.6251929023005052;0.25705840594552287;101.60912037274011;2689.5071244432224;0.08698272570645493;18397.845317810832;0.0;0.0;58.26415855172752;243.9149603463484;0.08698272570645493;18397.845317810832;0.0;0.0;58.26881799979617;244.02977629849107;0.08698272570645493;131381.75362748362;0.0;0.0;"Zustand 3: Temperatur 429.184 K liegt außerhalb des Boryta-Prüfbereichs; Kristallisation wurde nicht bewertet.";"Zustand 4: Temperatur 425.737 K liegt außerhalb des Boryta-Prüfbereichs; Kristallisation wurde nicht bewertet.";"Zustand 5: Temperatur 385.519 K liegt außerhalb des Boryta-Prüfbereichs; Kristallisation wurde nicht bewertet.";"Zustand 6: Temperatur 385.485 K liegt außerhalb des Boryta-Prüfbereichs; Kristallisation wurde nicht bewertet.";"Zustand 20: Temperatur 441.325 K liegt außerhalb des Boryta-Prüfbereichs; Kristallisation wurde nicht bewertet.";5
series_evaporator_to_desorber;Serie Verdampfer → Desorber;series_evaporator_to_desorber;nan;125.0;30.0;125.0;8.0;8.0;4.0;125.0;0.8900000000000005;Abwärmetemperatur [°C];hot_temperature_C;125.0;10.0;10.0;25.0;15.0;11.0;nan;nan;4.808124464725262e-21;`gtol` termination condition is satisfied.;4;3.713676056017221e-09;9.80624746243461e-11;1;True;;True;0;zulässig;feasible;True;True;True;107.40871398195526;122.53947236108996;152.55346275441224;58.28199469566789;0.12577963753924967;0.25070866081172;0.2151351243116154;0.2568185239229939;208.53604962179799;212.85851240295733;208.69868258552611;212.6273954272148;69.26448020601697;0.4949516787695535;10.22572696500433;22.47225177163864;0.00998781951472201;0.058496192687052515;20.85360496182654;21.28585124028509;8.34794730343105;14.175159695118648;6.296770927883892;101.68177213832115;0.016617062073149797;2689.6446968928594;270.52781737544234;229.6499316619772;0.01623545750483768;0.9607999193486483;0.5788505992236733;0.22185202457847059;1.8734169771050802e-10;-7.058389428493683e-10;7.12361725163646e-10;-9.076306373145826e-11;-2.5013946469698567e-10;1.064108801074326e-10;4.3507952796062455e-10;3.532591108523775e-09;1.8734169771050803e-12;-7.058389428493683e-12;7.12361725163646e-12;-9.076306373145826e-11;-2.501394646969857e-12;1.064108801074326e-12;4.350795279606246e-12;3.532591108523775e-11;147.47225177163864;118.6415252563632;112.40053594459505;125.0;118.6415252563632;42.73077227290412;20.62020568661029;21.088758851504906;58.95099986541703;28.28199469566789;6.355505294283205;10.718763806273898;17.59128601804474;60.35487227714816;3.535296097092669;10.219036858756056;4.0;0.8900000000000005;131336.96390563156;18413.220173451315;7.132753677436432;3.535296097092669;deltaT_shex_1_K;shex;True;True;True;True;True;True;True;True;107.40871398195526;2687.1040155719747;0.0870353768534855;131336.96390563156;0.0;0.0;135.0;4.0;147.47225177163864;4.0;118.6415252563632;8.0;112.40053594459505;8.0;125.0;8.0;118.6415252563632;8.0;30.0;4.0;42.73077227290412;4.0;107.40871398195526;2687.1040155719747;0.010947278153723407;131336.96390563156;0.0;0.0;101.68177213832115;270.5278173754387;0.977035376853486;18413.220173451315;0.5692318028852936;0.2151351243116154;168.09245745824893;374.7823545950987;0.9009472781537239;131336.96390563156;0.6173053880350261;0.25070866081172;107.40871398195526;2687.1040155719747;0.0760880986997621;131336.96390563156;0.0;0.0;122.53947236108996;270.5278173754387;0.977035376853486;131336.96390563156;0.5692318028852936;0.2151351243116154;156.0887588515049;341.42031712205096;0.977035376853486;131336.96390563156;0.5692318028852936;0.2151351243116154;152.55346275441224;346.3400754907378;0.8900000000000005;131336.96390563156;0.6248984371337324;0.2568185239229939;112.32043550233391;268.5148168325023;0.8900000000000005;131336.96390563156;0.6248984371337324;0.2568185239229939;112.28601996207999;268.44909077330334;0.8900000000000005;18413.220173451315;0.6248984371337324;0.2568185239229939;101.68177213832115;2689.6446968928594;0.0870353768534855;18413.220173451315;0.0;0.0;58.28199469566789;243.9896069944005;0.0870353768534855;18413.220173451315;0.0;0.0;58.286652979215035;244.10436285432556;0.0870353768534855;131336.96390563156;0.0;0.0;"Zustand 3: Temperatur 429.239 K liegt außerhalb des Boryta-Prüfbereichs; Kristallisation wurde nicht bewertet.";"Zustand 4: Temperatur 425.703 K liegt außerhalb des Boryta-Prüfbereichs; Kristallisation wurde nicht bewertet.";"Zustand 5: Temperatur 385.470 K liegt außerhalb des Boryta-Prüfbereichs; Kristallisation wurde nicht bewertet.";"Zustand 6: Temperatur 385.436 K liegt außerhalb des Boryta-Prüfbereichs; Kristallisation wurde nicht bewertet.";"Zustand 20: Temperatur 441.242 K liegt außerhalb des Boryta-Prüfbereichs; Kristallisation wurde nicht bewertet.";5
series_evaporator_to_desorber;Serie Verdampfer → Desorber;series_evaporator_to_desorber;nan;125.0;30.0;125.0;8.0;8.0;4.0;125.0;0.9000000000000005;Abwärmetemperatur [°C];hot_temperature_C;125.0;10.0;10.0;25.0;15.0;11.0;nan;nan;4.5499927742877026e-21;`gtol` termination condition is satisfied.;4;3.524889436706727e-09;9.539384439561813e-11;1;True;;True;0;zulässig;feasible;True;True;True;107.39875954752773;122.52278260948316;152.51846481563797;58.29973634346385;0.1268073667197174;0.250495418989733;0.21532061917913847;0.25658247673724344;208.42140219230032;212.99204120096942;208.59659635556005;212.74771553701441;70.09684493566468;0.49465816034426313;10.33439610047036;22.465394867960526;0.00998862675651002;0.0591428741301966;20.842140218895032;21.299204120087843;8.343863854231406;14.183181035772266;6.372440448757087;101.7529996927683;0.016537349595453735;2689.7795472104417;270.5438285280699;229.86333413694894;0.016323816316897832;0.9707640010311369;0.5790774806128547;0.22201274316494296;1.914344238684862e-10;-6.632774329773383e-10;6.882032721478026e-10;-8.864697864652271e-11;-2.2509993868879974e-10;9.100631359615363e-11;4.304183676140383e-10;3.3500100471428595e-09;1.914344238684862e-12;-6.632774329773383e-12;6.882032721478026e-12;-8.864697864652271e-11;-2.2509993868879975e-12;9.100631359615364e-13;4.304183676140383e-12;3.35001004714286e-11;147.46539486796053;118.63792716695531;112.39999067306894;125.0;118.63792716695531;42.73875844503408;20.54542659765457;21.14169690572851;59.01424124773422;28.29973634346385;6.3995497007022095;10.646990980300643;17.60124045247227;60.33353370200422;3.6232320900905393;10.250011923061606;4.0;0.9000000000000005;131292.36627150918;18428.524438274064;7.124410134477672;3.6232320900905393;deltaT_shex_1_K;shex;True;True;True;True;True;True;True;True;107.39875954752773;2687.0887341399753;0.08708781734803428;131292.36627150918;0.0;0.0;135.0;4.0;147.46539486796053;4.0;118.63792716695531;8.0;112.39999067306894;8.0;125.0;8.0;118.63792716695531;8.0;30.0;4.0;42.73875844503408;4.0;107.39875954752773;2687.0887341399753;0.01104337679127195;131292.36627150918;0.0;0.0;101.7529996927683;270.54382852806776;0.9870878173480347;18428.524438274064;0.5695010738731053;0.21532061917913847;168.0108214656151;374.5492404695389;0.9110433767912725;131292.36627150918;0.6170371097535624;0.250495418989733;107.39875954752773;2687.0887341399753;0.07604444055676234;131292.36627150918;0.0;0.0;122.52278260948316;270.54382852806776;0.9870878173480347;131292.36627150918;0.5695010738731053;0.21532061917913847;156.1416969057285;341.55761646437395;0.9870878173480347;131292.36627150918;0.5695010738731053;0.21532061917913847;152.51846481563797;346.17341272219267;0.9000000000000005;131292.36627150918;0.6246084133186279;0.25658247673724344;112.27277068642155;268.2880294605558;0.9000000000000005;131292.36627150918;0.6246084133186279;0.25658247673724344;112.2383774662531;268.22231515596667;0.9000000000000005;18428.524438274064;0.6246084133186279;0.25658247673724344;101.7529996927683;2689.7795472104417;0.08708781734803428;18428.524438274064;0.0;0.0;58.29973634346385;244.06385830097528;0.08708781734803428;18428.524438274064;0.0;0.0;58.30439346495109;244.17855432919922;0.08708781734803428;131292.36627150918;0.0;0.0;"Zustand 3: Temperatur 429.292 K liegt außerhalb des Boryta-Prüfbereichs; Kristallisation wurde nicht bewertet.";"Zustand 4: Temperatur 425.668 K liegt außerhalb des Boryta-Prüfbereichs; Kristallisation wurde nicht bewertet.";"Zustand 5: Temperatur 385.423 K liegt außerhalb des Boryta-Prüfbereichs; Kristallisation wurde nicht bewertet.";"Zustand 6: Temperatur 385.388 K liegt außerhalb des Boryta-Prüfbereichs; Kristallisation wurde nicht bewertet.";"Zustand 20: Temperatur 441.161 K liegt außerhalb des Boryta-Prüfbereichs; Kristallisation wurde nicht bewertet.";5
series_evaporator_to_desorber;Serie Verdampfer → Desorber;series_evaporator_to_desorber;nan;125.0;30.0;125.0;8.0;8.0;4.0;125.0;0.9100000000000005;Abwärmetemperatur [°C];hot_temperature_C;125.0;10.0;10.0;25.0;15.0;11.0;nan;nan;4.2923134766093134e-21;`gtol` termination condition is satisfied.;4;3.285016184246285e-09;9.26532619675024e-11;1;True;;True;0;zulässig;feasible;True;True;True;107.38883981064436;122.50761228226787;152.48191854536134;58.317393227035495;0.12784598031362054;0.2502848540265086;0.2155012856925068;0.2563501461298037;208.30296687810124;213.12493203878822;208.49050412559922;212.86761625457842;70.92553448873733;0.49436086977546867;10.44295629751081;22.4583114161544;0.009989426695308288;0.05978911021347413;20.83029668749866;21.312493203871846;8.339620165033555;14.191174416945092;6.447775862669793;101.82285148088266;0.016460291880549482;2689.911767291352;270.5620121058965;230.0723371057571;0.016413216688194843;0.98072685879186;0.5792985579706107;0.2221694530839628;1.9693402464326937e-10;-6.303935151663609e-10;6.501181815110613e-10;-8.66385851949758e-11;-2.396518539171666e-10;6.977529665164184e-11;4.020535016024951e-10;3.114649871349684e-09;1.969340246432694e-12;-6.303935151663609e-12;6.501181815110613e-12;-8.66385851949758e-11;-2.3965185391716657e-12;6.977529665164184e-13;4.020535016024951e-12;3.1146498713496837e-11;147.4583114161544;118.63434161918127;112.39957773982724;125.0;118.63434161918127;42.746706461650035;20.47177533406375;21.19297964971264;59.07614501923263;28.317393227035495;6.442673546751109;10.576726258944575;17.611160189355644;60.31229243085983;3.7110611043513018;10.281573172080357;4.0;0.9100000000000005;131247.9364998214;18443.76634911249;7.116113597163251;3.7110611043513018;deltaT_shex_1_K;shex;True;True;True;True;True;True;True;True;107.38883981064436;2687.0735053762464;0.08714007548005431;131247.9364998214;0.0;0.0;135.0;4.0;147.4583114161544;4.0;118.63434161918127;8.0;112.39957773982724;8.0;125.0;8.0;118.63434161918127;8.0;30.0;4.0;42.746706461650035;4.0;107.38883981064436;2687.0735053762464;0.011140508374350431;131247.9364998214;0.0;0.0;101.82285148088266;270.56201210589455;0.9971400754800548;18443.76634911249;0.569763134620433;0.2155012856925068;167.93008675021815;374.31890163880195;0.9211405083743509;131247.9364998214;0.61677197993438;0.2502848540265086;107.38883981064436;2687.0735053762464;0.07599956710570388;131247.9364998214;0.0;0.0;122.50761228226787;270.56201210589455;0.9971400754800548;131247.9364998214;0.569763134620433;0.2155012856925068;156.19297964971264;341.69097004552157;0.9971400754800548;131247.9364998214;0.569763134620433;0.2155012856925068;152.48191854536134;346.0054268804455;0.9100000000000005;131247.9364998214;0.6243226978694185;0.2563501461298037;112.22603911018751;268.0652790908407;0.9100000000000005;131247.9364998214;0.6243226978694185;0.2563501461298037;112.19166807243016;267.9995767719248;0.9100000000000005;18443.76634911249;0.6243226978694185;0.2563501461298037;101.82285148088266;2689.911767291352;0.08714007548005431;18443.76634911249;0.0;0.0;58.317393227035495;244.13775499352172;0.08714007548005431;18443.76634911249;0.0;0.0;58.322049188321444;244.252391418155;0.08714007548005431;131247.9364998214;0.0;0.0;"Zustand 3: Temperatur 429.343 K liegt außerhalb des Boryta-Prüfbereichs; Kristallisation wurde nicht bewertet.";"Zustand 4: Temperatur 425.632 K liegt außerhalb des Boryta-Prüfbereichs; Kristallisation wurde nicht bewertet.";"Zustand 5: Temperatur 385.376 K liegt außerhalb des Boryta-Prüfbereichs; Kristallisation wurde nicht bewertet.";"Zustand 6: Temperatur 385.342 K liegt außerhalb des Boryta-Prüfbereichs; Kristallisation wurde nicht bewertet.";"Zustand 20: Temperatur 441.080 K liegt außerhalb des Boryta-Prüfbereichs; Kristallisation wurde nicht bewertet.";5
series_evaporator_to_desorber;Serie Verdampfer → Desorber;series_evaporator_to_desorber;nan;125.0;30.0;125.0;8.0;8.0;4.0;125.0;0.9200000000000005;Abwärmetemperatur [°C];hot_temperature_C;125.0;10.0;10.0;25.0;15.0;11.0;nan;nan;4.0449817752248655e-21;`gtol` termination condition is satisfied.;4;3.059993957994804e-09;8.994422466423139e-11;1;True;;True;0;zulässig;feasible;True;True;True;107.37894971870281;122.4939145702217;152.44388747339167;58.33497451320579;0.1288953420364859;0.25007689253764986;0.21567725921887976;0.2561214183524237;208.18085272424258;213.25725390857727;208.38052287426495;212.9871586511586;71.75054748593361;0.4940598480894217;10.551405214203935;22.451007938052783;0.009990219790169747;0.06043488780119149;20.818085272134624;21.325725390854835;8.33522091498062;14.199143910053003;6.522777044230021;101.8913738473513;0.01638579987703362;2690.0414450628286;270.5822797026626;230.27707295667386;0.016503649463957104;0.9906885283856371;0.579513997792533;0.2223222645711928;1.950581918208627e-10;-5.966285243630409e-10;6.146478881419171e-10;-8.458322930948725e-11;-2.5056579033844173e-10;2.8904878490720876e-11;3.6357050703372806e-10;2.8963427212147508e-09;1.950581918208627e-12;-5.966285243630409e-12;6.14647888141917e-12;-8.458322930948725e-11;-2.505657903384417e-12;2.8904878490720875e-13;3.6357050703372807e-12;2.8963427212147506e-11;147.45100793805278;118.63076678674764;112.39929182041197;125.0;118.63076678674764;42.754620449077606;20.39921598335269;21.242649615821847;59.1367533982737;28.334974513205793;6.484895239187551;10.507917973060671;17.621050281297187;60.29113747120414;3.798762142430178;10.31369404107653;4.0;0.9200000000000005;131203.65183714917;18458.953678782633;7.107859639301183;3.798762142430178;deltaT_shex_1_K;shex;True;True;True;True;True;True;True;True;107.37894971870281;2687.058321529922;0.08719217784959377;131203.65183714917;0.0;0.0;135.0;4.0;147.45100793805278;4.0;118.63076678674764;8.0;112.39929182041197;8.0;125.0;8.0;118.63076678674764;8.0;30.0;4.0;42.754620449077606;4.0;107.37894971870281;2687.058321529922;0.011238665586829498;131203.65183714917;0.0;0.0;101.8913738473513;270.58227970265995;1.0071921778495943;18458.953678782633;0.5700181973987648;0.21567725921887976;167.85022392140547;374.09125231734015;0.93123866558683;131203.65183714917;0.6165099141096752;0.25007689253764986;107.37894971870281;2687.058321529922;0.07595351226276427;131203.65183714917;0.0;0.0;122.4939145702217;270.58227970265995;1.0071921778495943;131203.65183714917;0.5700181973987648;0.21567725921887976;156.24264961582185;341.82046945818865;1.0071921778495943;131203.65183714917;0.5700181973987648;0.21567725921887976;152.44388747339167;345.8361834003677;0.9200000000000005;131203.65183714917;0.6240411626651756;0.2561214183524237;112.18022052914517;267.84645787239106;0.9200000000000005;131203.65183714917;0.6240411626651756;0.2561214183524237;112.14587154756009;267.780767776955;0.9200000000000005;18458.953678782633;0.6240411626651756;0.2561214183524237;101.8913738473513;2690.0414450628286;0.08719217784959377;18458.953678782633;0.0;0.0;58.33497451320579;244.21133543481406;0.08719217784959377;18458.953678782633;0.0;0.0;58.339629315543505;244.32591245349346;0.08719217784959377;131203.65183714917;0.0;0.0;"Zustand 3: Temperatur 429.393 K liegt außerhalb des Boryta-Prüfbereichs; Kristallisation wurde nicht bewertet.";"Zustand 4: Temperatur 425.594 K liegt außerhalb des Boryta-Prüfbereichs; Kristallisation wurde nicht bewertet.";"Zustand 5: Temperatur 385.330 K liegt außerhalb des Boryta-Prüfbereichs; Kristallisation wurde nicht bewertet.";"Zustand 6: Temperatur 385.296 K liegt außerhalb des Boryta-Prüfbereichs; Kristallisation wurde nicht bewertet.";"Zustand 20: Temperatur 441.000 K liegt außerhalb des Boryta-Prüfbereichs; Kristallisation wurde nicht bewertet.";5
series_evaporator_to_desorber;Serie Verdampfer → Desorber;series_evaporator_to_desorber;nan;125.0;30.0;125.0;8.0;8.0;4.0;125.0;0.9300000000000005;Abwärmetemperatur [°C];hot_temperature_C;125.0;10.0;10.0;25.0;15.0;11.0;nan;nan;3.825633560616567e-21;`gtol` termination condition is satisfied.;4;2.8753791144495133e-09;8.747152177270688e-11;1;True;;True;0;zulässig;feasible;True;True;True;107.3690845216596;122.48164411738554;152.4044323316188;58.35248883829786;0.12995531589630477;0.24987146367757482;0.2158486700861697;0.2558961839616285;208.05516404053435;213.38907180983577;208.26676450908457;213.10640014095736;72.57188334927594;0.49375513557757755;10.65974057437051;22.443490672280745;0.009991006463882152;0.06108019406942372;20.80551640378198;21.338907180983853;8.330670580373834;14.207093342708173;6.597443940894321;101.9586111465697;0.016313788067098486;2690.1686646908383;270.604546430745;230.47766881345092;0.01659510546697729;1.0006490440047302;0.5797239599810627;0.22247128366706517;2.0516210952337133e-10;-5.61598767490068e-10;5.952642823103815e-10;-8.261458184222192e-11;-2.6128077479370404e-10;-2.7569058147491887e-12;3.347508936712984e-10;2.7145574676978868e-09;2.0516210952337133e-12;-5.61598767490068e-12;5.952642823103815e-12;-8.261458184222192e-11;-2.6128077479370406e-12;-2.7569058147491886e-14;3.347508936712984e-12;2.7145574676978868e-11;147.44349067228075;118.62720095272255;112.39912785137432;125.0;118.62720095272255;42.76250429484662;20.32771407844831;21.290747856108453;59.19610685172307;28.35248883829786;6.526232780287614;10.440516704804622;17.6309154783404;60.27005847025549;3.886315524489646;10.346348904092338;4.0;0.9300000000000005;131159.49090985282;18474.09376406134;7.09964410622428;3.886315524489646;deltaT_shex_1_K;shex;True;True;True;True;True;True;True;True;107.3690845216596;2687.043175313434;0.087244149471707;131159.49090985282;0.0;0.0;135.0;4.0;147.44349067228075;4.0;118.62720095272255;8.0;112.39912785137432;8.0;125.0;8.0;118.62720095272255;8.0;30.0;4.0;42.76250429484662;4.0;107.3690845216596;2687.043175313434;0.011337841004700113;131159.49090985282;0.0;0.0;101.9586111465697;270.6045464307437;1.0172441494717075;18474.09376406134;0.5702664661605126;0.2158486700861697;167.77120475072905;373.8662099902446;0.9413378410047006;131159.49090985282;0.6162508306318101;0.24987146367757482;107.3690845216596;2687.043175313434;0.07590630846700688;131159.49090985282;0.0;0.0;122.48164411738554;270.6045464307437;1.0172441494717075;131159.49090985282;0.5702664661605126;0.2158486700861697;156.29074785610845;341.94620358056875;1.0172441494717075;131159.49090985282;0.5702664661605126;0.2158486700861697;152.4044323316188;345.6657447773696;0.9300000000000005;131159.49090985282;0.6237636842383727;0.2558961839616285;112.1352952132932;267.6314616063258;0.9300000000000005;131159.49090985282;0.6237636842383727;0.2558961839616285;112.10096817243493;267.5657839782941;0.9300000000000005;18474.09376406134;0.6237636842383727;0.2558961839616285;101.9586111465697;2690.1686646908383;0.087244149471707;18474.09376406134;0.0;0.0;58.35248883829786;244.2846357676477;0.087244149471707;18474.09376406134;0.0;0.0;58.357142482467054;244.3991535493486;0.087244149471707;131159.49090985282;0.0;0.0;"Zustand 3: Temperatur 429.441 K liegt außerhalb des Boryta-Prüfbereichs; Kristallisation wurde nicht bewertet.";"Zustand 4: Temperatur 425.554 K liegt außerhalb des Boryta-Prüfbereichs; Kristallisation wurde nicht bewertet.";"Zustand 5: Temperatur 385.285 K liegt außerhalb des Boryta-Prüfbereichs; Kristallisation wurde nicht bewertet.";"Zustand 6: Temperatur 385.251 K liegt außerhalb des Boryta-Prüfbereichs; Kristallisation wurde nicht bewertet.";"Zustand 20: Temperatur 440.921 K liegt außerhalb des Boryta-Prüfbereichs; Kristallisation wurde nicht bewertet.";5
series_evaporator_to_desorber;Serie Verdampfer → Desorber;series_evaporator_to_desorber;nan;125.0;30.0;125.0;8.0;8.0;4.0;125.0;0.9400000000000005;Abwärmetemperatur [°C];hot_temperature_C;125.0;10.0;10.0;25.0;15.0;11.0;nan;nan;3.622911716925582e-21;`gtol` termination condition is satisfied.;4;2.7188839730622075e-09;8.512240265553578e-11;1;True;;True;0;zulässig;feasible;True;True;True;107.35923975336027;122.47075697978408;152.3636111906489;58.36994434035;0.1310257663024584;0.2496684990331262;0.21601564381272584;0.2556743376243323;207.92600065727441;213.52044699182576;208.14933613891372;213.2253947067932;73.38954223753136;0.4934467718079892;10.767960165469496;22.43576558954993;0.009991787105437543;0.06172501649546231;20.79260006547077;21.352044699182287;8.325973445565756;14.215026313763218;6.67177656709646;102.02460584578546;0.016244174303801987;2690.2935067744124;270.6287307721684;230.67424679202603;0.016687575510970998;1.0106084383630756;0.5799285981711468;0.22261661241643244;2.0766321995324688e-10;-5.296953986544395e-10;5.495621735462919e-10;-8.066747270163432e-11;-2.3018742467684206e-10;2.8990143619012088e-12;3.4492586564738303e-10;2.5667361569503555e-09;2.0766321995324687e-12;-5.296953986544395e-12;5.495621735462919e-12;-8.066747270163432e-11;-2.3018742467684204e-12;2.899014361901209e-14;3.4492586564738303e-12;2.5667361569503556e-11;147.43576558954993;118.62364250278728;112.39908101537958;125.0;118.62364250278728;42.77036166219051;20.25723652674202;21.337314005276596;59.25424418359495;28.369944340350003;6.566703772736844;10.37447516959412;17.64076024663973;60.24904567617972;3.9737028146277;10.37951304434631;4.0;0.9400000000000005;131115.43363847298;18489.19353177374;7.091463097790105;3.9737028146277;deltaT_shex_1_K;shex;True;True;True;True;True;True;True;True;107.35923975336027;2687.028059873957;0.08729601387404606;131115.43363847298;0.0;0.0;135.0;4.0;147.43576558954993;4.0;118.62364250278728;8.0;112.39908101537958;8.0;125.0;8.0;118.62364250278728;8.0;30.0;4.0;42.77036166219051;4.0;107.35923975336027;2687.028059873957;0.011438027112996926;131115.43363847298;0.0;0.0;102.02460584578546;270.6287307721663;1.0272960138740466;18489.19353177374;0.5705081369386952;0.21601564381272584;167.69300211629195;373.64369526254836;0.9514380271129974;131115.43363847298;0.6159946505595072;0.2496684990331262;107.35923975336027;2687.028059873957;0.07585798676104914;131115.43363847298;0.0;0.0;122.47075697978408;270.6287307721663;1.0272960138740466;131115.43363847298;0.5705081369386952;0.21601564381272584;156.3373140052766;342.06825866517477;1.0272960138740466;131115.43363847298;0.5705081369386952;0.21601564381272584;152.3636111906489;345.4941707044006;0.9400000000000005;131115.43363847298;0.6234901435742872;0.2556743376243323;112.09124393543777;267.4201896008648;0.9400000000000005;131115.43363847298;0.6234901435742872;0.2556743376243323;112.05693873005043;267.35452468969936;0.9400000000000005;18489.19353177374;0.6234901435742872;0.2556743376243323;102.02460584578546;2690.2935067744124;0.08729601387404606;18489.19353177374;0.0;0.0;58.36994434035;244.35769004971058;0.08729601387404606;18489.19353177374;0.0;0.0;58.37459682660756;244.47214873644805;0.08729601387404606;131115.43363847298;0.0;0.0;"Zustand 3: Temperatur 429.487 K liegt außerhalb des Boryta-Prüfbereichs; Kristallisation wurde nicht bewertet.";"Zustand 4: Temperatur 425.514 K liegt außerhalb des Boryta-Prüfbereichs; Kristallisation wurde nicht bewertet.";"Zustand 5: Temperatur 385.241 K liegt außerhalb des Boryta-Prüfbereichs; Kristallisation wurde nicht bewertet.";"Zustand 6: Temperatur 385.207 K liegt außerhalb des Boryta-Prüfbereichs; Kristallisation wurde nicht bewertet.";"Zustand 20: Temperatur 440.843 K liegt außerhalb des Boryta-Prüfbereichs; Kristallisation wurde nicht bewertet.";5
series_evaporator_to_desorber;Serie Verdampfer → Desorber;series_evaporator_to_desorber;nan;125.0;30.0;125.0;8.0;8.0;4.0;125.0;0.9500000000000005;Abwärmetemperatur [°C];hot_temperature_C;125.0;10.0;10.0;25.0;15.0;11.0;nan;nan;3.4229609499019524e-21;`gtol` termination condition is satisfied.;4;2.5278053264951008e-09;8.274008641404664e-11;1;True;;True;0;zulässig;feasible;True;True;True;107.34941121413289;122.46121058410313;152.32147958961747;58.38734868916765;0.13210655816419606;0.24946793252299462;0.21617830132474747;0.2554557779335308;207.79345816552961;213.65143717967212;208.02834033009577;213.34419311039704;74.2035249873164;0.49313479563772916;10.876061836585446;22.4278384070293;0.009992562072310697;0.06236934284767628;20.779345816315534;21.36514371797083;8.321133613213131;14.22294620733913;6.745774998893146;102.08939862197201;0.016176879656469096;2690.4160485281877;270.6547544351662;230.8669242424214;0.016781050412303156;1.0205667427755167;0.5801280600366037;0.22275834905680045;2.1115909021318657e-10;-5.082085863250541e-10;5.402966962719802e-10;-7.878808716554886e-11;-2.3251800485013518e-10;-3.61808361049043e-11;3.101092715951381e-10;2.37429276239709e-09;2.1115909021318658e-12;-5.082085863250541e-12;5.402966962719802e-12;-7.878808716554886e-11;-2.325180048501352e-12;-3.6180836104904303e-13;3.1010927159513812e-12;2.37429276239709e-11;147.4278384070293;118.62008991894743;112.39914672725797;125.0;118.62008991894743;42.778196003568894;20.187751543399827;21.382386340544826;59.311202618403115;28.387348689167652;6.606325425069713;10.309748105285962;17.650588785867114;60.22808990169034;4.060906750927359;10.413162624675294;4.0;0.9500000000000005;131071.46115796255;18504.25952316295;7.083312952560578;4.060906750927359;deltaT_shex_1_K;shex;True;True;True;True;True;True;True;True;107.34941121413289;2687.012968766761;0.08734779318781938;131071.46115796255;0.0;0.0;135.0;4.0;147.4278384070293;4.0;118.62008991894743;8.0;112.39914672725797;8.0;125.0;8.0;118.62008991894743;8.0;30.0;4.0;42.778196003568894;4.0;107.34941121413289;2687.012968766761;0.01153921632128083;131071.46115796255;0.0;0.0;102.08939862197201;270.6547544351628;1.0373477931878199;18504.25952316295;0.5707433982240506;0.21617830132474747;167.61558995042913;373.4236317172717;0.9615392163212814;131071.46115796255;0.615741297550154;0.24946793252299462;107.34941121413289;2687.012968766761;0.07580857686653855;131071.46115796255;0.0;0.0;122.46121058410313;270.6547544351628;1.0373477931878199;131071.46115796255;0.5707433982240506;0.21617830132474747;156.38238634054483;342.1867184250657;1.0373477931878199;131071.46115796255;0.5707433982240506;0.21617830132474747;152.32147958961747;345.3215182032901;0.9500000000000005;131071.46115796255;0.6232204259202481;0.2554557779335308;112.04804795942783;267.21254453265306;0.9500000000000005;131071.46115796255;0.6232204259202481;0.2554557779335308;112.01376449387772;267.1468925928134;0.9500000000000005;18504.25952316295;0.6232204259202481;0.2554557779335308;102.08939862197201;2690.4160485281877;0.08734779318781938;18504.25952316295;0.0;0.0;58.38734868916765;244.43053037927888;0.08734779318781938;18504.25952316295;0.0;0.0;58.39200001725709;244.54493008770453;0.08734779318781938;131071.46115796255;0.0;0.0;"Zustand 3: Temperatur 429.532 K liegt außerhalb des Boryta-Prüfbereichs; Kristallisation wurde nicht bewertet.";"Zustand 4: Temperatur 425.471 K liegt außerhalb des Boryta-Prüfbereichs; Kristallisation wurde nicht bewertet.";"Zustand 5: Temperatur 385.198 K liegt außerhalb des Boryta-Prüfbereichs; Kristallisation wurde nicht bewertet.";"Zustand 6: Temperatur 385.164 K liegt außerhalb des Boryta-Prüfbereichs; Kristallisation wurde nicht bewertet.";"Zustand 20: Temperatur 440.766 K liegt außerhalb des Boryta-Prüfbereichs; Kristallisation wurde nicht bewertet.";5
series_evaporator_to_desorber;Serie Verdampfer → Desorber;series_evaporator_to_desorber;nan;125.0;30.0;125.0;8.0;8.0;4.0;125.0;0.9600000000000005;Abwärmetemperatur [°C];hot_temperature_C;125.0;10.0;10.0;25.0;15.0;11.0;nan;nan;3.239152886258074e-21;`gtol` termination condition is satisfied.;4;2.3785683524485194e-09;8.048792314699235e-11;1;True;;True;0;zulässig;feasible;True;True;True;107.33959495458066;122.45296368663725;152.27809065961185;58.40470911433397;0.13319755697306285;0.24926970030203657;0.21633675916235548;0.2552404072337282;207.65762814314996;213.78209678536524;207.90387534735208;213.46284308851102;75.01383305932889;0.4928192452265493;10.984043496502357;22.419714601863063;0.009993331692578364;0.0630131611758422;20.765762814092458;21.378209678542234;8.316155013904885;14.230856205881922;6.819439369073558;102.15302845289273;0.01611182826388581;2690.5363639540406;270.6825422165523;231.05581397695408;0.016875521000322413;1.0305239872322969;0.580322487578839;0.22289658819612196;2.163318413295201e-10;-4.802558351002517e-10;5.157971827429719e-10;-7.689693326540237e-11;-2.700346612982685e-10;-5.709921424568165e-11;2.821991529344814e-10;2.2253914266912034e-09;2.163318413295201e-12;-4.802558351002517e-12;5.157971827429719e-12;-7.689693326540237e-11;-2.700346612982685e-12;-5.709921424568165e-13;2.821991529344814e-12;2.2253914266912034e-11;147.41971460186306;118.61654177366893;112.39932062093709;125.0;118.61654177366893;42.7860105732874;20.11922858848942;21.42600183867586;59.36701787960533;28.40470911433397;6.645114557545412;10.246292168044363;17.66040504541934;60.20718249004614;4.14791117906401;10.447274658254855;4.0;0.9600000000000005;131027.55574344702;18519.297916632775;7.075190233090153;4.14791117906401;deltaT_shex_1_K;shex;True;True;True;True;True;True;True;True;107.33959495458066;2686.997895930416;0.08739950823261877;131027.55574344702;0.0;0.0;135.0;4.0;147.41971460186306;4.0;118.61654177366893;8.0;112.39932062093709;8.0;125.0;8.0;118.61654177366893;8.0;30.0;4.0;42.7860105732874;4.0;107.33959495458066;2686.997895930416;0.011641400977231915;131027.55574344702;0.0;0.0;102.15302845289273;270.6825422165508;1.0473995082326193;18519.297916632775;0.5709724313212977;0.21633675916235548;167.53894319035248;373.20594578115896;0.9716414009772324;131027.55574344702;0.6154906977571455;0.24926970030203657;107.33959495458066;2686.997895930416;0.07575810725538686;131027.55574344702;0.0;0.0;122.45296368663725;270.6825422165508;1.0473995082326193;131027.55574344702;0.5709724313212977;0.21633675916235548;156.42600183867586;342.3016641177126;1.0473995082326193;131027.55574344702;0.5709724313212977;0.21633675916235548;152.27809065961185;345.14784175088494;0.9600000000000005;131027.55574344702;0.6229544206044895;0.2552404072337282;112.00568902838239;267.0084323143094;0.9600000000000005;131027.55574344702;0.6229544206044895;0.2552404072337282;111.97142721612352;266.9427936047512;0.9600000000000005;18519.297916632775;0.6229544206044895;0.2552404072337282;102.15302845289273;2690.5363639540406;0.08739950823261877;18519.297916632775;0.0;0.0;58.40470911433397;244.50318701244953;0.08739950823261877;18519.297916632775;0.0;0.0;58.40935928362279;244.6175278353519;0.08739950823261877;131027.55574344702;0.0;0.0;"Zustand 3: Temperatur 429.576 K liegt außerhalb des Boryta-Prüfbereichs; Kristallisation wurde nicht bewertet.";"Zustand 4: Temperatur 425.428 K liegt außerhalb des Boryta-Prüfbereichs; Kristallisation wurde nicht bewertet.";"Zustand 5: Temperatur 385.156 K liegt außerhalb des Boryta-Prüfbereichs; Kristallisation wurde nicht bewertet.";"Zustand 6: Temperatur 385.121 K liegt außerhalb des Boryta-Prüfbereichs; Kristallisation wurde nicht bewertet.";"Zustand 20: Temperatur 440.689 K liegt außerhalb des Boryta-Prüfbereichs; Kristallisation wurde nicht bewertet.";5
series_evaporator_to_desorber;Serie Verdampfer → Desorber;series_evaporator_to_desorber;nan;125.0;30.0;125.0;8.0;8.0;4.0;125.0;0.9700000000000005;Abwärmetemperatur [°C];hot_temperature_C;125.0;10.0;10.0;25.0;15.0;11.0;nan;nan;3.0791763205143074e-21;`gtol` termination condition is satisfied.;4;2.274570152518654e-09;7.847517213124553e-11;1;True;;True;0;zulässig;feasible;True;True;True;107.32978726045837;122.44597633262396;152.23349524087638;58.422032431369814;0.13429862887774324;0.24907374067061053;0.21649112967490747;0.25502813145534825;207.5185983670592;213.91247710449733;207.77603538014603;213.58138953555672;75.82046848922216;0.4925001580512688;11.091903111873977;22.41139942386718;0.009994096266866506;0.0636564598018576;20.751859836492713;21.391247710455545;8.311041415214818;14.238759302351442;6.89276986269828;102.2155327027624;0.01604894719484208;2690.6545240025625;270.71202186965996;231.24102448563096;0.016970978126402025;1.0404802004690559;0.5805120173989411;0.22303142098071835;2.148823341485695e-10;-4.589111313180183e-10;4.800426722795237e-10;-7.51102513518731e-11;-2.2444623937190045e-10;-5.8122395785176195e-11;2.850981672963826e-10;2.132082954631187e-09;2.148823341485695e-12;-4.589111313180183e-12;4.800426722795237e-12;-7.51102513518731e-11;-2.2444623937190044e-12;-5.812239578517619e-13;2.850981672963826e-12;2.132082954631187e-11;147.41139942386718;118.61299672441515;112.39959853720984;125.0;118.61299672441515;42.79380843926418;20.05163830779594;21.46819623026073;59.42172426349822;28.422032431369814;6.683087608395908;10.184065834447438;17.670212739541626;60.18631528366882;4.234700989384351;10.481826979676384;4.0;0.9700000000000005;130983.70074097966;18534.314549014933;7.067091712217716;4.234700989384351;deltaT_shex_1_K;shex;True;True;True;True;True;True;True;True;107.32978726045837;2686.9828356636426;0.08745117859545737;130983.70074097966;0.0;0.0;135.0;4.0;147.41139942386718;4.0;118.61299672441515;8.0;112.39959853720984;8.0;125.0;8.0;118.61299672441515;8.0;30.0;4.0;42.79380843926418;4.0;107.32978726045837;2686.9828356636426;0.011744573379112572;130983.70074097966;0.0;0.0;102.2155327027624;270.71202186965644;1.057451178595458;18534.314549014933;0.5711954106857342;0.21649112967490747;167.46303773166312;372.99056659795895;0.9817445733791131;130983.70074097966;0.6152427797324935;0.24907374067061053;107.32978726045837;2686.9828356636426;0.0757066052163448;130983.70074097966;0.0;0.0;122.44597633262396;270.71202186965644;1.057451178595458;130983.70074097966;0.5711954106857342;0.21649112967490747;156.46819623026073;342.4131746263534;1.057451178595458;130983.70074097966;0.5711954106857342;0.21649112967490747;152.23349524087638;344.97319339975166;0.9700000000000005;130983.70074097966;0.6226920208638618;0.25502813145534825;111.96414935294757;266.80776196778544;0.9700000000000005;130983.70074097966;0.6226920208638618;0.25502813145534825;111.92990911601925;266.74213675149485;0.9700000000000005;18534.314549014933;0.6226920208638618;0.25502813145534825;102.2155327027624;2690.6545240025625;0.08745117859545737;18534.314549014933;0.0;0.0;58.422032431369814;244.57568847262056;0.08745117859545737;18534.314549014933;0.0;0.0;58.426681440746336;244.6899704803348;0.08745117859545737;130983.70074097966;0.0;0.0;"Zustand 3: Temperatur 429.618 K liegt außerhalb des Boryta-Prüfbereichs; Kristallisation wurde nicht bewertet.";"Zustand 4: Temperatur 425.383 K liegt außerhalb des Boryta-Prüfbereichs; Kristallisation wurde nicht bewertet.";"Zustand 5: Temperatur 385.114 K liegt außerhalb des Boryta-Prüfbereichs; Kristallisation wurde nicht bewertet.";"Zustand 6: Temperatur 385.080 K liegt außerhalb des Boryta-Prüfbereichs; Kristallisation wurde nicht bewertet.";"Zustand 20: Temperatur 440.613 K liegt außerhalb des Boryta-Prüfbereichs; Kristallisation wurde nicht bewertet.";5
series_evaporator_to_desorber;Serie Verdampfer → Desorber;series_evaporator_to_desorber;nan;125.0;30.0;125.0;8.0;8.0;4.0;125.0;0.9800000000000005;Abwärmetemperatur [°C];hot_temperature_C;125.0;10.0;10.0;25.0;15.0;11.0;nan;nan;2.9194964987056648e-21;`gtol` termination condition is satisfied.;4;2.146794966605244e-09;7.6413303798562e-11;1;True;;True;0;zulässig;feasible;True;True;True;107.31998463857701;122.44020981610356;152.18774199415049;58.43932506612714;0.13540964074596173;0.24887999398802824;0.2166415212062926;0.2548188599577597;207.3764530128512;214.0426264998832;207.64491075558715;213.69987467398104;76.62343384284243;0.492177570920754;11.199638705481602;22.40289790746715;0.009994856070157597;0.06429922731089484;20.73764530108488;21.404262649994248;8.305796430232355;14.246658311580118;6.965766713025436;102.27694720284882;0.015988166315643565;2690.770596725019;270.7431239777046;231.4226601395412;0.017067412671818216;1.0504354100326634;0.580696780954416;0.22316293525407288;2.149107558579999e-10;-4.3736747556977207e-10;4.749836080009118e-10;-7.333933460529352e-11;-2.2174617697601207e-10;-5.928768587182276e-11;2.792717168631498e-10;2.0023946945002535e-09;2.149107558579999e-12;-4.3736747556977204e-12;4.749836080009118e-12;-7.333933460529352e-11;-2.2174617697601205e-12;-5.928768587182276e-13;2.792717168631498e-12;2.0023946945002535e-11;147.40289790746715;118.6094535085532;112.39997651227367;125.0;118.6094535085532;42.80159249401214;19.98495247690761;21.509004051466718;59.475354708836676;28.43932506612714;6.720260640394201;10.123029309424851;17.68001536142299;60.16548059448229;4.321262057316233;10.516798216497307;4.0;0.9800000000000005;130939.88050302998;18549.31493542179;7.059014360308642;4.321262057316233;deltaT_shex_1_K;shex;True;True;True;True;True;True;True;True;107.31998463857701;2686.9677826037446;0.08750282270448106;130939.88050302998;0.0;0.0;135.0;4.0;147.40289790746715;4.0;118.6094535085532;8.0;112.39997651227367;8.0;125.0;8.0;118.6094535085532;8.0;30.0;4.0;42.80159249401214;4.0;107.31998463857701;2686.9677826037446;0.011848725786671364;130939.88050302998;0.0;0.0;102.27694720284882;270.7431239777023;1.0675028227044816;18549.31493542179;0.571412504241558;0.2166415212062926;167.38785038437476;372.7774259082259;0.9918487257866719;130939.88050302998;0.6149974743336367;0.24887999398802824;107.31998463857701;2686.9677826037446;0.0756540969178097;130939.88050302998;0.0;0.0;122.44020981610356;270.7431239777023;1.0675028227044816;130939.88050302998;0.571412504241558;0.2166415212062926;156.50900405146672;342.52132653900287;1.0675028227044816;130939.88050302998;0.571412504241558;0.2166415212062926;152.18774199415049;344.7976228937673;0.9800000000000005;130939.88050302998;0.6224331236801014;0.2548188599577597;111.92341159960625;266.6104455033311;0.9800000000000005;130939.88050302998;0.6224331236801014;0.2548188599577597;111.889192868159;266.5448340468914;0.9800000000000005;18549.31493542179;0.6224331236801014;0.2548188599577597;102.27694720284882;2690.770596725019;0.08750282270448106;18549.31493542179;0.0;0.0;58.43932506612714;244.64806165253663;0.08750282270448106;18549.31493542179;0.0;0.0;58.44397291407091;244.76228489427035;0.08750282270448106;130939.88050302998;0.0;0.0;"Zustand 3: Temperatur 429.659 K liegt außerhalb des Boryta-Prüfbereichs; Kristallisation wurde nicht bewertet.";"Zustand 4: Temperatur 425.338 K liegt außerhalb des Boryta-Prüfbereichs; Kristallisation wurde nicht bewertet.";"Zustand 5: Temperatur 385.073 K liegt außerhalb des Boryta-Prüfbereichs; Kristallisation wurde nicht bewertet.";"Zustand 6: Temperatur 385.039 K liegt außerhalb des Boryta-Prüfbereichs; Kristallisation wurde nicht bewertet.";"Zustand 20: Temperatur 440.538 K liegt außerhalb des Boryta-Prüfbereichs; Kristallisation wurde nicht bewertet.";5
series_evaporator_to_desorber;Serie Verdampfer → Desorber;series_evaporator_to_desorber;nan;125.0;30.0;125.0;8.0;8.0;4.0;125.0;0.9900000000000005;Abwärmetemperatur [°C];hot_temperature_C;125.0;10.0;10.0;25.0;15.0;11.0;nan;nan;2.7706489112898846e-21;`gtol` termination condition is satisfied.;4;2.0336486869199583e-09;7.443989402584994e-11;1;True;;True;0;zulässig;feasible;True;True;True;107.3101838036315;122.43562664044424;152.14087750630358;58.45659307761804;0.1365304602193658;0.24868840259058064;0.216788038270555;0.25461250538018804;207.2312728429108;214.1725905734012;207.51058813908037;213.81833821355625;77.42273217515991;0.49185151999145194;11.30724835455348;22.3942148829492;0.009995611353471696;0.06494145254288886;20.72312728410213;21.41725905734721;8.300423525571093;14.254555880885583;7.038430197779795;102.33730632736592;0.015929418164290384;2690.8846474164643;270.7757818325113;231.60082138294746;0.017164815554651103;1.0603896423432626;0.5808769048012588;0.22329121570685123;2.2089352569309995e-10;-4.178417611910845e-10;4.678781806433108e-10;-7.161171655667431e-11;-1.9696244635269977e-10;-7.08837433194276e-11;2.725073500187136e-10;1.889503664642689e-09;2.2089352569309994e-12;-4.178417611910845e-12;4.678781806433108e-12;-7.161171655667431e-11;-1.9696244635269976e-12;-7.08837433194276e-13;2.725073500187136e-12;1.8895036646426887e-11;147.3942148829492;118.60591093858983;112.40045076696663;125.0;118.60591093858983;42.80936546491637;19.919143948526937;21.548458693263456;59.527940862449555;28.456593077618038;6.75664934764842;10.063144439600705;17.689816196368497;60.14467117627487;4.407581186959874;10.552167761352678;4.0;0.9900000000000005;130896.08032822213;18564.304287848892;7.050955333343628;4.407581186959874;deltaT_shex_1_K;shex;True;True;True;True;True;True;True;True;107.3101838036315;2686.95273170644;0.08755445789791316;130896.08032822213;0.0;0.0;135.0;4.0;147.3942148829492;4.0;118.60591093858983;8.0;112.40045076696663;8.0;125.0;8.0;118.60591093858983;8.0;30.0;4.0;42.80936546491637;4.0;107.3101838036315;2686.95273170644;0.011953850431059171;130896.08032822213;0.0;0.0;102.33730632736592;270.77578183251006;1.0775544578979137;18564.304287848892;0.5716238736827007;0.216788038270555;167.31335883147614;372.5664579358511;1.0019538504310597;130896.08032822213;0.6147547146350941;0.24868840259058064;107.3101838036315;2686.95273170644;0.07560060746685399;130896.08032822213;0.0;0.0;122.43562664044424;270.77578183251006;1.0775544578979137;130896.08032822213;0.5716238736827007;0.216788038270555;156.54845869326346;342.6261942248412;1.0775544578979137;130896.08032822213;0.5716238736827007;0.216788038270555;152.14087750630358;344.6211777783944;0.9900000000000005;130896.08032822213;0.6221776296239069;0.25461250538018804;111.88345887909156;266.41639780370855;0.9900000000000005;130896.08032822213;0.6221776296239069;0.25461250538018804;111.84926159094141;266.35080037689755;0.9900000000000005;18564.304287848892;0.6221776296239069;0.25461250538018804;102.33730632736592;2690.8846474164643;0.08755445789791316;18564.304287848892;0.0;0.0;58.45659307761804;244.72033190985258;0.08755445789791316;18564.304287848892;0.0;0.0;58.46123976231496;244.8344964149327;0.08755445789791316;130896.08032822213;0.0;0.0;"Zustand 3: Temperatur 429.698 K liegt außerhalb des Boryta-Prüfbereichs; Kristallisation wurde nicht bewertet.";"Zustand 4: Temperatur 425.291 K liegt außerhalb des Boryta-Prüfbereichs; Kristallisation wurde nicht bewertet.";"Zustand 5: Temperatur 385.033 K liegt außerhalb des Boryta-Prüfbereichs; Kristallisation wurde nicht bewertet.";"Zustand 6: Temperatur 384.999 K liegt außerhalb des Boryta-Prüfbereichs; Kristallisation wurde nicht bewertet.";"Zustand 20: Temperatur 440.463 K liegt außerhalb des Boryta-Prüfbereichs; Kristallisation wurde nicht bewertet.";5
series_evaporator_to_desorber;Serie Verdampfer → Desorber;series_evaporator_to_desorber;nan;125.0;30.0;125.0;8.0;8.0;4.0;125.0;1.0;Abwärmetemperatur [°C];hot_temperature_C;125.0;10.0;10.0;25.0;15.0;11.0;nan;nan;1.0443559436716137e-19;`gtol` termination condition is satisfied.;8;4.012908661715969e-08;4.570242758698084e-10;1;True;;True;0;zulässig;feasible;True;True;True;107.3003816626508;122.43219047471115;152.0929463767713;58.47384218457137;0.13766095624438637;0.24849891077736877;0.21693078168716654;0.25440898346892216;207.08313542468426;214.3024123686881;207.3731507642629;213.936817542461;78.21836697638625;0.4915220407838124;11.414730186776337;22.38535498951461;0.009996362345843347;0.06558312457641148;20.708313538602106;21.43024123649203;8.29492603062694;14.262454502546388;7.110760634478391;102.39664306083148;0.01587263783205021;2690.9967387420847;270.8099312990279;231.7756048925097;0.017263177737271818;1.070342922769464;0.5810525107771963;0.22341634398654128;2.737863269430818e-10;-2.8760496206814423e-09;8.528161288268166e-09;-2.1872725852745134e-10;-1.4105694390309509e-09;3.767780754060368e-09;4.265160669092438e-09;3.866318820655579e-08;2.737863269430818e-12;-2.8760496206814422e-11;8.528161288268165e-11;-2.1872725852745134e-10;-1.410569439030951e-11;3.767780754060368e-11;4.2651606690924384e-11;3.8663188206555786e-10;147.3853549895146;118.60236789645751;112.40101769417691;125.0;118.60236789645751;42.81712992635693;19.854186617460925;21.58659243372051;59.57951313447455;28.473842184571367;6.792269064326945;10.004374633345435;17.699618337349193;60.12388019266564;4.493646056949217;10.587915742794053;4.0;1.0;130852.2863905667;18579.287537115888;7.042911959307523;4.493646056949217;deltaT_shex_1_K;shex;True;True;True;True;True;True;True;True;107.3003816626508;2686.937678222048;0.0876061005067359;130852.2863905667;0.0;0.0;135.0;4.0;147.3853549895146;4.0;118.60236789645751;8.0;112.40101769417691;8.0;125.0;8.0;118.60236789645751;8.0;30.0;4.0;42.81712992635693;4.0;107.3003816626508;2686.937678222048;0.012059939568599085;130852.2863905667;0.0;0.0;102.39664306083148;270.80993129902794;1.087606100506736;18579.287537115888;0.5718296747122265;0.21693078168716654;167.23954160697554;372.357599335573;1.0120599395685992;130852.2863905667;0.6145144359252369;0.24849891077736877;107.3003816626508;2686.937678222048;0.0755461609381368;130852.2863905667;0.0;0.0;122.43219047471115;270.80993129902794;1.087606100506736;130852.2863905667;0.5718296747122265;0.21693078168716654;156.5865924337205;342.72784987262077;1.087606100506736;130852.2863905667;0.5718296747122265;0.21693078168716654;152.0929463767713;344.443903466047;1.0;130852.2863905667;0.6219254426677998;0.25440898346892216;111.8442747319171;266.22553648993454;1.0;130852.2863905667;0.6219254426677998;0.25440898346892216;111.81009883213056;266.15995336535815;1.0;18579.287537115888;0.6219254426677998;0.25440898346892216;102.39664306083148;2690.9967387420847;0.0876061005067359;18579.287537115888;0.0;0.0;58.47384218457137;244.79252317823014;0.0876061005067359;18579.287537115888;0.0;0.0;58.47848770379187;244.9066289572572;0.0876061005067359;130852.2863905667;0.0;0.0;"Zustand 3: Temperatur 429.737 K liegt außerhalb des Boryta-Prüfbereichs; Kristallisation wurde nicht bewertet.";"Zustand 4: Temperatur 425.243 K liegt außerhalb des Boryta-Prüfbereichs; Kristallisation wurde nicht bewertet.";"Zustand 5: Temperatur 384.994 K liegt außerhalb des Boryta-Prüfbereichs; Kristallisation wurde nicht bewertet.";"Zustand 6: Temperatur 384.960 K liegt außerhalb des Boryta-Prüfbereichs; Kristallisation wurde nicht bewertet.";"Zustand 20: Temperatur 440.390 K liegt außerhalb des Boryta-Prüfbereichs; Kristallisation wurde nicht bewertet.";5
series_evaporator_to_desorber;Serie Verdampfer → Desorber;series_evaporator_to_desorber;nan;125.0;30.0;125.0;8.0;8.0;4.0;125.0;1.0000000000000004;Abwärmetemperatur [°C];hot_temperature_C;125.0;10.0;10.0;25.0;15.0;11.0;nan;nan;1.0443171335054469e-19;`gtol` termination condition is satisfied.;1;4.012812552336028e-08;4.5701578386428777e-10;1;True;;True;0;zulässig;feasible;True;True;True;107.3003816626508;122.43219047471115;152.0929463767713;58.47384218457137;0.13766095624438637;0.24849891077736877;0.21693078168716654;0.25440898346892216;207.08313542468375;214.30241236868756;207.3731507642624;213.93681754246046;78.21836697638626;0.4915220407838124;11.41473018677637;22.385354989514553;0.00999636234584332;0.0655831245764115;20.708313538602145;21.43024123649203;8.294926030626915;14.262454502546388;7.110760634478391;102.39664306083154;0.01587263783205041;2690.9967387420847;270.8099312990287;231.77560489251;0.01726317773727204;1.070342922769464;0.5810525107771966;0.2234163439865414;2.737721160883666e-10;-2.876035409826727e-09;8.528161288268166e-09;-2.1872714750514888e-10;-1.4104841739026597e-09;3.76724074158119e-09;4.2646206566132605e-09;3.8662307133563445e-08;2.737721160883666e-12;-2.876035409826727e-11;8.528161288268165e-11;-2.1872714750514877e-10;-1.4104841739026596e-11;3.7672407415811904e-11;4.2646206566132606e-11;3.8662307133563445e-10;147.38535498951455;118.60236789645751;112.40101769417691;125.0;118.60236789645751;42.81712992635693;19.854186617460982;21.58659243372051;59.57951313447461;28.473842184571367;6.792269064326945;10.004374633345378;17.699618337349193;60.12388019266564;4.493646056949217;10.587915742794053;4.0;1.0000000000000004;130852.2863905667;18579.287537115888;7.042911959307523;4.493646056949217;deltaT_shex_1_K;shex;True;True;True;True;True;True;True;True;107.3003816626508;2686.937678222048;0.08760610050673567;130852.2863905667;0.0;0.0;135.0;4.0;147.38535498951455;4.0;118.60236789645751;8.0;112.40101769417691;8.0;125.0;8.0;118.60236789645751;8.0;30.0;4.0;42.81712992635693;4.0;107.3003816626508;2686.937678222048;0.012059939568599054;130852.2863905667;0.0;0.0;102.39664306083154;270.80993129902794;1.0876061005067361;18579.287537115888;0.5718296747122265;0.21693078168716654;167.23954160697554;372.357599335573;1.0120599395685994;130852.2863905667;0.6145144359252369;0.24849891077736877;107.3003816626508;2686.937678222048;0.07554616093813663;130852.2863905667;0.0;0.0;122.43219047471115;270.80993129902794;1.0876061005067361;130852.2863905667;0.5718296747122265;0.21693078168716654;156.5865924337205;342.72784987262077;1.0876061005067361;130852.2863905667;0.5718296747122265;0.21693078168716654;152.0929463767713;344.443903466047;1.0000000000000004;130852.2863905667;0.6219254426677998;0.25440898346892216;111.8442747319171;266.22553648993454;1.0000000000000004;130852.2863905667;0.6219254426677998;0.25440898346892216;111.81009883213056;266.15995336535815;1.0000000000000004;18579.287537115888;0.6219254426677998;0.25440898346892216;102.39664306083154;2690.9967387420847;0.08760610050673567;18579.287537115888;0.0;0.0;58.47384218457137;244.79252317823014;0.08760610050673567;18579.287537115888;0.0;0.0;58.47848770379187;244.9066289572572;0.08760610050673567;130852.2863905667;0.0;0.0;"Zustand 3: Temperatur 429.737 K liegt außerhalb des Boryta-Prüfbereichs; Kristallisation wurde nicht bewertet.";"Zustand 4: Temperatur 425.243 K liegt außerhalb des Boryta-Prüfbereichs; Kristallisation wurde nicht bewertet.";"Zustand 5: Temperatur 384.994 K liegt außerhalb des Boryta-Prüfbereichs; Kristallisation wurde nicht bewertet.";"Zustand 6: Temperatur 384.960 K liegt außerhalb des Boryta-Prüfbereichs; Kristallisation wurde nicht bewertet.";"Zustand 20: Temperatur 440.390 K liegt außerhalb des Boryta-Prüfbereichs; Kristallisation wurde nicht bewertet.";5
series_evaporator_to_desorber;Serie Verdampfer → Desorber;series_evaporator_to_desorber;nan;125.0;30.0;125.0;8.0;8.0;4.0;125.0;1.0100000000000007;Abwärmetemperatur [°C];hot_temperature_C;125.0;10.0;10.0;25.0;15.0;11.0;nan;nan;1.8396605768809624e-25;`gtol` termination condition is satisfied.;4;6.06272484376982e-11;6.06574080699293e-13;1;True;;True;0;zulässig;feasible;True;True;True;107.29057532110687;122.4298661422257;152.04399138748374;58.49107775700321;0.1388009964805086;0.24831146438375742;0.2170698489091352;0.25420821311209885;206.9321150743654;214.43213229368948;207.23267838862813;214.05534763740664;79.01034222624948;0.491189168195294;11.522082391662146;22.376322671911794;0.009997109253530754;0.06622423276421739;20.69321150743266;21.443213229366947;8.289307135544519;14.270356509159317;7.182758384201364;102.4549890877044;0.015817762843876527;2691.106930909985;270.8455108088513;231.9471038695371;0.017362490223415517;1.0802952755925004;0.5812237164628729;0.22353839900663172;-2.3732127374387346e-12;3.447553353908006e-11;7.787548383930698e-12;1.9317880628477724e-14;1.517719283583574e-11;2.000888343900442e-11;1.688249540165998e-11;3.879563337250147e-11;-2.3732127374387345e-14;3.4475533539080063e-13;7.787548383930699e-14;1.9126614483641297e-14;1.517719283583574e-13;2.0008883439004421e-13;1.6882495401659982e-13;3.879563337250147e-13;147.3763226719118;118.59882333620197;112.40167386285782;125.0;118.59882333620197;42.82488829507713;19.790055291666363;21.623436561808376;59.630100792627275;28.49107775700321;6.8271347625677095;9.946684775153415;17.70942467889313;60.103101228000355;4.579445174324633;10.624023009060693;4.0;1.0100000000000007;130808.48576554915;18594.269324495595;7.034881741398977;4.579445174324633;deltaT_shex_1_K;shex;True;True;True;True;True;True;True;True;107.29057532110687;2686.922617704928;0.08765776581591522;130808.48576554915;0.0;0.0;135.0;4.0;147.3763226719118;4.0;118.59882333620197;8.0;112.40167386285782;8.0;125.0;8.0;118.59882333620197;8.0;30.0;4.0;42.82488829507713;4.0;107.29057532110687;2686.922617704928;0.012166985244504094;130808.48576554915;0.0;0.0;102.4549890877044;270.8455108088509;1.097657765815916;18594.269324495595;0.5720300575566266;0.2170698489091352;167.16637796357816;372.1507887870238;1.0221669852445048;130808.48576554915;0.6142765751790973;0.24831146438375742;107.29057532110687;2686.922617704928;0.07549078057141113;130808.48576554915;0.0;0.0;122.4298661422257;270.8455108088509;1.097657765815916;130808.48576554915;0.5720300575566266;0.2170698489091352;156.62343656180838;342.82636375486834;1.097657765815916;130808.48576554915;0.5720300575566266;0.2170698489091352;152.04399138748374;344.26584355253857;1.0100000000000007;130808.48576554915;0.62167647025461;0.25420821311209885;111.80584313316501;266.0377819423883;1.0100000000000007;130808.48576554915;0.62167647025461;0.25420821311209885;111.77168857363426;265.97221339509696;1.0100000000000007;18594.269324495595;0.62167647025461;0.25420821311209885;102.4549890877044;2691.106930909985;0.08765776581591522;18594.269324495595;0.0;0.0;58.49107775700321;244.8646579320783;0.08765776581591522;18594.269324495595;0.0;0.0;58.49572210820162;244.97870497811556;0.08765776581591522;130808.48576554915;0.0;0.0;"Zustand 3: Temperatur 429.773 K liegt außerhalb des Boryta-Prüfbereichs; Kristallisation wurde nicht bewertet.";"Zustand 4: Temperatur 425.194 K liegt außerhalb des Boryta-Prüfbereichs; Kristallisation wurde nicht bewertet.";"Zustand 5: Temperatur 384.956 K liegt außerhalb des Boryta-Prüfbereichs; Kristallisation wurde nicht bewertet.";"Zustand 6: Temperatur 384.922 K liegt außerhalb des Boryta-Prüfbereichs; Kristallisation wurde nicht bewertet.";"Zustand 20: Temperatur 440.316 K liegt außerhalb des Boryta-Prüfbereichs; Kristallisation wurde nicht bewertet.";5
series_evaporator_to_desorber;Serie Verdampfer → Desorber;series_evaporator_to_desorber;nan;125.0;30.0;125.0;8.0;8.0;4.0;125.0;1.0200000000000005;Abwärmetemperatur [°C];hot_temperature_C;125.0;10.0;10.0;25.0;15.0;11.0;nan;nan;3.8289608315426656e-25;`gtol` termination condition is satisfied.;4;8.73462248600553e-11;8.750955183912972e-13;1;True;;True;0;zulässig;feasible;True;True;True;107.28076203437098;122.42861952659933;151.99405343268785;58.50830489585485;0.13995045302206865;0.2481260114790267;0.21720533380903725;0.2540101158490145;206.7782834906231;214.56178874785888;207.08924793672105;214.17396168285867;79.79866217270158;0.4908529365224025;11.629303191488905;22.367122218338693;0.009997852266063142;0.06686476663264986;20.677828349055904;21.456178874783117;8.283569917468247;14.278264112189083;7.254423833878021;102.51237480835312;0.015764733063103057;2691.215281693378;270.88246102928275;232.1154079441152;0.017462744079729697;1.0902467242525182;0.5813906348600011;0.22365745669898965;-3.552713678800501e-12;4.3357317736081313e-11;1.1880274541908875e-11;5.4511950509095186e-14;1.4864554032101296e-11;2.7711166694643907e-11;2.2424728740588762e-11;6.406253305613063e-11;-3.552713678800501e-14;4.3357317736081316e-13;1.1880274541908874e-13;5.344308873440702e-14;1.4864554032101297e-13;2.7711166694643907e-13;2.242472874058876e-13;6.406253305613063e-13;147.3671222183387;118.59527626546475;112.40241598027575;125.0;118.59527626546475;42.832642867694915;19.726725827894256;21.659021250382125;59.6797319406582;28.50830489585485;6.861261079497524;9.890041171922633;17.71923796562902;60.08232818929821;4.664967817694276;10.660471079747595;4.0;1.0200000000000005;130764.66621217635;18609.25406995543;7.026862319177822;4.664967817694276;deltaT_shex_1_K;shex;True;True;True;True;True;True;True;True;107.28076203437098;2686.907545938979;0.08770946833224746;130764.66621217635;0.0;0.0;135.0;4.0;147.3671222183387;4.0;118.59527626546475;8.0;112.40241598027575;8.0;125.0;8.0;118.59527626546475;8.0;30.0;4.0;42.832642867694915;4.0;107.28076203437098;2686.907545938979;0.012274979827422818;130764.66621217635;0.0;0.0;102.51237480835312;270.88246102927997;1.107709468332248;18609.25406995543;0.5722251666960452;0.21720533380903725;167.09384804623295;371.94596756294146;1.0322749798274233;130764.66621217635;0.6140410719565467;0.2481260114790267;107.28076203437098;2686.907545938979;0.07543448850482465;130764.66621217635;0.0;0.0;122.42861952659933;270.88246102927997;1.107709468332248;130764.66621217635;0.5722251666960452;0.21720533380903725;156.65902125038212;342.9218038840859;1.107709468332248;130764.66621217635;0.5722251666960452;0.21720533380903725;151.99405343268785;344.08703944939947;1.0200000000000005;130764.66621217635;0.6214306227129488;0.2540101158490145;111.76814844685174;265.85305692713956;1.0200000000000005;130764.66621217635;0.6214306227129488;0.2540101158490145;111.73401518596722;265.7875032343625;1.0200000000000005;18609.25406995543;0.6214306227129488;0.2540101158490145;102.51237480835312;2691.215281693378;0.08770946833224746;18609.25406995543;0.0;0.0;58.50830489585485;244.9367575198071;0.08770946833224746;18609.25406995543;0.0;0.0;58.51294807616654;245.0507458092833;0.08770946833224746;130764.66621217635;0.0;0.0;"Zustand 3: Temperatur 429.809 K liegt außerhalb des Boryta-Prüfbereichs; Kristallisation wurde nicht bewertet.";"Zustand 4: Temperatur 425.144 K liegt außerhalb des Boryta-Prüfbereichs; Kristallisation wurde nicht bewertet.";"Zustand 5: Temperatur 384.918 K liegt außerhalb des Boryta-Prüfbereichs; Kristallisation wurde nicht bewertet.";"Zustand 6: Temperatur 384.884 K liegt außerhalb des Boryta-Prüfbereichs; Kristallisation wurde nicht bewertet.";"Zustand 20: Temperatur 440.244 K liegt außerhalb des Boryta-Prüfbereichs; Kristallisation wurde nicht bewertet.";5
series_evaporator_to_desorber;Serie Verdampfer → Desorber;series_evaporator_to_desorber;nan;125.0;30.0;125.0;8.0;8.0;4.0;125.0;1.0300000000000007;Abwärmetemperatur [°C];hot_temperature_C;125.0;10.0;10.0;25.0;15.0;11.0;nan;nan;7.500406378599095e-25;`gtol` termination condition is satisfied.;4;1.2209048037075608e-10;1.2247780516158097e-12;1;True;;True;0;zulässig;feasible;True;True;True;107.27093923813226;122.42841759660087;151.94317177617603;58.525528385148164;0.14110919630745344;0.24794250146454314;0.217337327211206;0.2538146161370738;206.62170939386476;214.6914177343905;206.9429331502293;214.29269067049358;80.5833315060326;0.4905133794709694;11.736390869346303;22.35775773886752;0.009998591552540695;0.06750471597426307;20.6621709393768;21.46914177343564;8.277717326008398;14.286179378031063;7.325757409634421;102.56882944977582;0.015713490575537607;2691.3218466479784;270.92072500222963;232.2806036048125;0.017563930421488516;1.1001972911896811;0.5815533751468357;0.22377359053534926;-5.5564441936439835e-12;5.395861535362201e-11;1.7394086171407253e-11;1.0025313912365164e-13;1.935518412210513e-11;3.410605131648481e-11;2.7625901566352695e-11;9.674749890109524e-11;-5.5564441936439837e-14;5.395861535362201e-13;1.7394086171407253e-13;9.733314478024424e-14;1.9355184122105128e-13;3.410605131648481e-13;2.7625901566352697e-13;9.674749890109524e-13;147.35775773886752;118.59172575746129;112.40324091445206;125.0;118.59172575746129;42.840395797511405;19.664174892941276;21.693375778263373;59.728433652264414;28.525528385148164;6.894662303481255;9.834411464676236;17.729060761867743;60.06155536603126;4.750204002087344;10.697242144883035;4.0;1.0300000000000007;130720.81630783739;18624.245929691555;7.01885149075683;4.750204002087344;deltaT_shex_1_K;shex;True;True;True;True;True;True;True;True;107.27093923813226;2686.8924589844078;0.08776122161116895;130720.81630783739;0.0;0.0;135.0;4.0;147.35775773886752;4.0;118.59172575746129;8.0;112.40324091445206;8.0;125.0;8.0;118.59172575746129;8.0;30.0;4.0;42.840395797511405;4.0;107.27093923813226;2686.8924589844078;0.012383915448512365;130720.81630783739;0.0;0.0;102.56882944977582;270.9207250022294;1.1177612216111696;18624.245929691555;0.5724151416672939;0.217337327211206;167.0219326318088;371.74307871435553;1.042383915448513;130720.81630783739;0.6138078672706343;0.24794250146454314;107.27093923813226;2686.8924589844078;0.07537730616265659;130720.81630783739;0.0;0.0;122.42841759660087;270.9207250022294;1.1177612216111696;130720.81630783739;0.5724151416672939;0.217337327211206;156.69337577826337;343.0142365215123;1.1177612216111696;130720.81630783739;0.5724151416672939;0.217337327211206;151.94317177617603;343.9075309707413;1.0300000000000007;130720.81630783739;0.6211878136104513;0.2538146161370738;111.73117545171783;265.67128679012177;1.0300000000000007;130720.81630783739;0.6211878136104513;0.2538146161370738;111.69706345398004;265.60574823092344;1.0300000000000007;18624.245929691555;0.6211878136104513;0.2538146161370738;102.56882944977582;2691.3218466479784;0.08776122161116895;18624.245929691555;0.0;0.0;58.525528385148164;245.00884196359755;0.08776122161116895;18624.245929691555;0.0;0.0;58.53017039143003;245.12277145738742;0.08776122161116895;130720.81630783739;0.0;0.0;"Zustand 3: Temperatur 429.843 K liegt außerhalb des Boryta-Prüfbereichs; Kristallisation wurde nicht bewertet.";"Zustand 4: Temperatur 425.093 K liegt außerhalb des Boryta-Prüfbereichs; Kristallisation wurde nicht bewertet.";"Zustand 5: Temperatur 384.881 K liegt außerhalb des Boryta-Prüfbereichs; Kristallisation wurde nicht bewertet.";"Zustand 6: Temperatur 384.847 K liegt außerhalb des Boryta-Prüfbereichs; Kristallisation wurde nicht bewertet.";"Zustand 20: Temperatur 440.172 K liegt außerhalb des Boryta-Prüfbereichs; Kristallisation wurde nicht bewertet.";5
series_evaporator_to_desorber;Serie Verdampfer → Desorber;series_evaporator_to_desorber;nan;125.0;30.0;125.0;8.0;8.0;4.0;125.0;1.0400000000000005;Abwärmetemperatur [°C];hot_temperature_C;125.0;10.0;10.0;25.0;15.0;11.0;nan;nan;1.445980624199301e-24;`gtol` termination condition is satisfied.;4;1.6946668728952163e-10;1.7005767399322508e-12;1;True;;True;0;zulässig;feasible;True;True;True;107.26110451741886;122.429228338457;151.89138404110247;58.542752743182405;0.14227709842010722;0.24776088545964267;0.2174659168200422;0.2536216410295371;206.46245893589798;214.82105325932156;206.79380500687193;214.4115637902883;81.36435522455632;0.49017053017508916;11.84334375215115;22.34823318994603;0.009999327265391903;0.06814407078780699;20.64624589357572;21.482105325927748;8.271752200273893;14.294104252683468;7.396759565862955;102.62438109523487;0.015663979598964657;2691.4266791634172;270.9602479189998;232.4427741974301;0.017666040425351248;1.1101469980006513;0.5817120425612744;0.22388687142813465;-6.139089236967266e-12;6.38209485259722e-11;3.041122909053229e-11;1.4732659536775827e-13;2.461320036672987e-11;4.4082071326556616e-11;3.629452294262592e-11;1.4077272680879105e-10;-6.139089236967266e-14;6.382094852597219e-13;3.0411229090532286e-13;1.4166018785361366e-13;2.461320036672987e-13;4.4082071326556615e-13;3.6294522942625916e-13;1.4077272680879105e-12;147.34823318994603;118.58817093928565;112.40414566994139;125.0;118.58817093928565;42.84814911838049;19.602380030602035;21.726528472364464;59.776231976854376;28.542752743182405;6.927352392694843;9.779764574706519;17.738895482581142;60.04077736728516;4.835144431261995;10.734319027561526;4.0;1.0400000000000005;130676.92530897688;18639.248839797176;7.01084718768092;4.835144431261995;deltaT_shex_1_K;shex;True;True;True;True;True;True;True;True;107.26110451741886;2686.8773531301936;0.08781303842600208;130676.92530897688;0.0;0.0;135.0;4.0;147.34823318994603;4.0;118.58817093928565;8.0;112.40414566994139;8.0;125.0;8.0;118.58817093928565;8.0;30.0;4.0;42.84814911838049;4.0;107.26110451741886;2686.8773531301936;0.012493784310704954;130676.92530897688;0.0;0.0;102.62438109523487;270.9602479189978;1.1278130384260026;18639.248839797176;0.5726001169941225;0.2174659168200422;166.95061322054806;371.54206737445367;1.0524937843107054;130676.92530897688;0.61357690408881;0.24776088545964267;107.26110451741886;2686.8773531301936;0.07531925411529712;130676.92530897688;0.0;0.0;122.429228338457;270.9602479189978;1.1278130384260026;130676.92530897688;0.5726001169941225;0.2174659168200422;156.72652847236446;343.10372600656274;1.1278130384260026;130676.92530897688;0.5726001169941225;0.2174659168200422;151.89138404110247;343.7273561560246;1.0400000000000005;130676.92530897688;0.6209479593752169;0.2536216410295371;111.69490931089547;265.49239920932996;1.0400000000000005;130676.92530897688;0.6209479593752169;0.2536216410295371;111.6608185465908;265.4268760643417;1.0400000000000005;18639.248839797176;0.6209479593752169;0.2536216410295371;102.62438109523487;2691.4266791634172;0.08781303842600208;18639.248839797176;0.0;0.0;58.542752743182405;245.08093017369214;0.08781303842600208;18639.248839797176;0.0;0.0;58.54739357200049;245.19480081801356;0.08781303842600208;130676.92530897688;0.0;0.0;"Zustand 3: Temperatur 429.877 K liegt außerhalb des Boryta-Prüfbereichs; Kristallisation wurde nicht bewertet.";"Zustand 4: Temperatur 425.041 K liegt außerhalb des Boryta-Prüfbereichs; Kristallisation wurde nicht bewertet.";"Zustand 5: Temperatur 384.845 K liegt außerhalb des Boryta-Prüfbereichs; Kristallisation wurde nicht bewertet.";"Zustand 6: Temperatur 384.811 K liegt außerhalb des Boryta-Prüfbereichs; Kristallisation wurde nicht bewertet.";"Zustand 20: Temperatur 440.101 K liegt außerhalb des Boryta-Prüfbereichs; Kristallisation wurde nicht bewertet.";5
series_evaporator_to_desorber;Serie Verdampfer → Desorber;series_evaporator_to_desorber;nan;125.0;30.0;125.0;8.0;8.0;4.0;125.0;1.0500000000000007;Abwärmetemperatur [°C];hot_temperature_C;125.0;10.0;10.0;25.0;15.0;11.0;nan;nan;2.2954829682777918e-24;`gtol` termination condition is satisfied.;4;2.1360738366816338e-10;2.142653946990877e-12;1;True;;True;0;zulässig;feasible;True;True;True;107.2512556023899;122.43102072860017;151.83872630649245;58.559982230441506;0.14345403240786128;0.24758111614314665;0.21759118739313396;0.25343112010982016;206.3005957739162;214.9507273882932;206.64193180337196;214.5306084780042;82.14173863338635;0.4898244212124828;11.950160212689676;22.338552378822726;0.010000059540908608;0.0687828212830167;20.63005957737335;21.495072738823428;8.265677272134102;14.302040565197135;7.467430784847001;102.67905674345525;0.015616146388956456;2691.5298305759393;271.0009770548557;232.6020000941733;0.017769065330053735;1.1200958654584918;0.5818667386375227;0.22399736788433605;-9.308109838457312e-12;6.934897101018578e-11;3.5640823625726625e-11;1.7619239400801234e-13;1.9412027540965937e-11;5.891820364922751e-11;4.718003765447065e-11;1.8272316992806736e-10;-9.308109838457312e-14;6.934897101018577e-13;3.5640823625726623e-13;1.678022800076307e-13;1.9412027540965937e-13;5.891820364922751e-13;4.718003765447066e-13;1.827231699280674e-12;147.33855237882273;118.58461099049032;112.40512738393016;125.0;118.58461099049032;42.85590474810368;19.54131960089461;21.7585067652451;59.823151995351566;28.559982230441506;6.959344980126843;9.726070640474916;17.748744397610096;60.01998911239707;4.919780458752655;10.7716851631223;4.0;1.0500000000000007;130632.98313142748;18654.26652237597;7.00284747056294;4.919780458752655;deltaT_shex_1_K;shex;True;True;True;True;True;True;True;True;107.2512556023899;2686.862224887669;0.08786493078854485;130632.98313142748;0.0;0.0;135.0;4.0;147.33855237882273;4.0;118.58461099049032;8.0;112.40512738393016;8.0;125.0;8.0;118.58461099049032;8.0;30.0;4.0;42.85590474810368;4.0;107.2512556023899;2686.862224887669;0.0126045786288544;130632.98313142748;0.0;0.0;102.67905674345525;271.00097705485354;1.1378649307885456;18654.26652237597;0.5727802224680945;0.21759118739313396;166.87987197971734;371.3428805915419;1.0626045786288552;130632.98313142748;0.6133481271429481;0.24758111614314665;107.2512556023899;2686.862224887669;0.07526035215969044;130632.98313142748;0.0;0.0;122.43102072860017;271.00097705485354;1.1378649307885456;130632.98313142748;0.5727802224680945;0.21759118739313396;156.7585067652451;343.19033486945966;1.1378649307885456;130632.98313142748;0.5727802224680945;0.21759118739313396;151.83872630649245;343.546551408896;1.0500000000000007;130632.98313142748;0.6207109792340053;0.25343112010982016;111.65933556547787;265.3163241389954;1.0500000000000007;130632.98313142748;0.6207109792340053;0.25343112010982016;111.62526601036348;265.25081669015447;1.0500000000000007;18654.26652237597;0.6207109792340053;0.25343112010982016;102.67905674345525;2691.5298305759393;0.08786493078854485;18654.26652237597;0.0;0.0;58.559982230441506;245.15303998138268;0.08786493078854485;18654.26652237597;0.0;0.0;58.56462187809325;245.26685170866867;0.08786493078854485;130632.98313142748;0.0;0.0;"Zustand 3: Temperatur 429.909 K liegt außerhalb des Boryta-Prüfbereichs; Kristallisation wurde nicht bewertet.";"Zustand 4: Temperatur 424.989 K liegt außerhalb des Boryta-Prüfbereichs; Kristallisation wurde nicht bewertet.";"Zustand 5: Temperatur 384.809 K liegt außerhalb des Boryta-Prüfbereichs; Kristallisation wurde nicht bewertet.";"Zustand 6: Temperatur 384.775 K liegt außerhalb des Boryta-Prüfbereichs; Kristallisation wurde nicht bewertet.";"Zustand 20: Temperatur 440.030 K liegt außerhalb des Boryta-Prüfbereichs; Kristallisation wurde nicht bewertet.";5
series_evaporator_to_desorber;Serie Verdampfer → Desorber;series_evaporator_to_desorber;nan;125.0;30.0;125.0;8.0;8.0;4.0;125.0;1.0600000000000005;Abwärmetemperatur [°C];hot_temperature_C;125.0;10.0;10.0;25.0;15.0;11.0;nan;nan;3.2374665462036888e-24;`gtol` termination condition is satisfied.;4;2.538293550256885e-10;2.5445889830004723e-12;1;True;;True;0;zulässig;feasible;True;True;True;107.24139036009427;122.43376470047582;151.78523318034684;58.57722086395876;0.14463987229841455;0.24740314769450564;0.21771322086398098;0.2532429853871303;206.13618119438286;215.08047035465427;206.48737928785243;214.6498505147986;82.91548732229839;0.4894750846202323;12.056838668394187;22.32871897095589;0.010000788500253027;0.0694209578743656;20.613618119415914;21.508047035459143;8.259495171513187;14.309990034316503;7.5377715747476275;102.73288235915851;0.015569939150726944;2691.6313502637954;271.0428616805172;232.7583588244405;0.017872996438669464;1.130043913553557;0.5820175613699448;0.2241051461084624;-1.1425527191022411e-11;7.44933004170889e-11;4.035882739117369e-11;1.8962609260597674e-13;2.276578925375361e-11;6.284039955062326e-11;5.1073811846436e-11;2.2370727492670994e-10;-1.142552719102241e-13;7.449330041708891e-13;4.035882739117369e-13;1.788925401943176e-13;2.276578925375361e-13;6.284039955062326e-13;5.1073811846436e-13;2.2370727492670992e-12;147.3287189709559;118.58104514010768;112.40618331929869;125.0;118.58104514010768;42.8636644948956;19.48097274432604;21.789337230428657;59.86921786426291;28.577220863958757;6.990653380946071;9.673300960140182;17.75860963990573;59.99918581357974;5.004104050081821;10.809324576319057;4.0;1.0600000000000005;130588.98031279122;18669.302497323333;6.994850521679323;5.004104050081821;deltaT_shex_1_K;shex;True;True;True;True;True;True;True;True;107.24139036009427;2686.8470709779035;0.0879169099922259;130588.98031279122;0.0;0.0;135.0;4.0;147.3287189709559;4.0;118.58104514010768;8.0;112.40618331929869;8.0;125.0;8.0;118.58104514010768;8.0;30.0;4.0;42.8636644948956;4.0;107.24139036009427;2686.8470709779035;0.01271629063414676;130588.98031279122;0.0;0.0;102.73288235915851;271.0428616805163;1.1479169099922264;18669.302497323333;0.5729555833547603;0.21771322086398098;166.80969171528193;371.1454672502918;1.0727162906341472;130588.98031279122;0.6131214828651395;0.24740314769450564;107.24139036009427;2686.8470709779035;0.07520061935807915;130588.98031279122;0.0;0.0;122.43376470047582;271.0428616805163;1.1479169099922264;130588.98031279122;0.5729555833547603;0.21771322086398098;156.78933723042866;343.27412389169837;1.1479169099922264;130588.98031279122;0.5729555833547603;0.21771322086398098;151.78523318034684;343.36515157583926;1.0600000000000005;130588.98031279122;0.6204767951013109;0.2532429853871303;111.62444012415676;265.1429937246036;1.0600000000000005;130588.98031279122;0.6204767951013109;0.2532429853871303;111.5903917591616;265.0775022549108;1.0600000000000005;18669.302497323333;0.6204767951013109;0.2532429853871303;102.73288235915851;2691.6313502637954;0.0879169099922259;18669.302497323333;0.0;0.0;58.57722086395876;245.22518819926339;0.0879169099922259;18669.302497323333;0.0;0.0;58.58185932652793;245.3389409289844;0.0879169099922259;130588.98031279122;0.0;0.0;"Zustand 3: Temperatur 429.939 K liegt außerhalb des Boryta-Prüfbereichs; Kristallisation wurde nicht bewertet.";"Zustand 4: Temperatur 424.935 K liegt außerhalb des Boryta-Prüfbereichs; Kristallisation wurde nicht bewertet.";"Zustand 5: Temperatur 384.774 K liegt außerhalb des Boryta-Prüfbereichs; Kristallisation wurde nicht bewertet.";"Zustand 6: Temperatur 384.740 K liegt außerhalb des Boryta-Prüfbereichs; Kristallisation wurde nicht bewertet.";"Zustand 20: Temperatur 439.960 K liegt außerhalb des Boryta-Prüfbereichs; Kristallisation wurde nicht bewertet.";5
series_evaporator_to_desorber;Serie Verdampfer → Desorber;series_evaporator_to_desorber;nan;125.0;30.0;125.0;8.0;8.0;4.0;125.0;1.0700000000000007;Abwärmetemperatur [°C];hot_temperature_C;125.0;10.0;10.0;25.0;15.0;11.0;nan;nan;4.9352936392719936e-24;`gtol` termination condition is satisfied.;4;3.134054484800069e-10;3.141749079500778e-12;1;True;;True;0;zulässig;feasible;True;True;True;107.23150678674807;122.43743111234687;151.7309378689883;58.59447243078654;0.14583449311132055;0.24722693573758536;0.21783209645875043;0.25305717119713017;205.96927422991934;215.21031066087335;206.33021078476258;214.76931412059145;83.68560714540396;0.4891225519102944;12.163377580171362;22.31873649700475;0.010001514250396852;0.07005847117508714;20.596927422963805;21.52103106608014;8.253208431389648;14.317954274702062;7.607782467756794;102.78588292083572;0.015525307955297435;2691.731285737446;271.085852977645;232.91192519883555;0.01797782512046453;1.1399911615320846;0.5821646053683234;0.2242102701002721;-1.311661890213145e-11;7.923972589196637e-11;5.792344381916337e-11;2.3514523661560816e-13;2.1373125491663814e-11;7.193534656835254e-11;6.050981937733013e-11;2.8128965823270846e-10;-1.311661890213145e-13;7.923972589196637e-13;5.792344381916336e-13;2.197619033790729e-13;2.1373125491663812e-13;7.193534656835254e-13;6.050981937733013e-13;2.8128965823270846e-12;147.31873649700475;118.57747266385792;112.40731085809347;125.0;118.57747266385792;42.87143006344934;19.42131934802211;21.819045616109975;59.91445285738638;28.59447243078654;7.021290599838835;9.62142793725775;17.76849321325193;59.97836295977976;5.088107747121683;10.847221859271485;4.0;1.0700000000000007;130544.90797719709;18684.360093382013;6.986854638036868;5.088107747121683;deltaT_shex_1_K;shex;True;True;True;True;True;True;True;True;107.23150678674807;2686.8318883198785;0.08796898665254838;130544.90797719709;0.0;0.0;135.0;4.0;147.31873649700475;4.0;118.57747266385792;8.0;112.40731085809347;8.0;125.0;8.0;118.57747266385792;8.0;30.0;4.0;42.87143006344934;4.0;107.23150678674807;2686.8318883198785;0.012828912577990915;130544.90797719709;0.0;0.0;102.78588292083572;271.0858529776458;1.157968986652549;18684.360093382013;0.573126320589306;0.21783209645875043;166.74005584502686;370.9497779968652;1.0828289125779917;130544.90797719709;0.6128969193262713;0.24722693573758536;107.23150678674807;2686.8318883198785;0.07514007407455746;130544.90797719709;0.0;0.0;122.43743111234687;271.0858529776458;1.157968986652549;130544.90797719709;0.573126320589306;0.21783209645875043;156.81904561610997;343.35515216442445;1.157968986652549;130544.90797719709;0.573126320589306;0.21783209645875043;151.7309378689883;343.1831900209689;1.0700000000000007;130544.90797719709;0.6202453314735534;0.25305717119713017;111.59020925307539;264.9723422215137;1.0700000000000007;130544.90797719709;0.6202453314735534;0.25305717119713017;111.55618206401908;264.90686701480803;1.0700000000000007;18684.360093382013;0.6202453314735534;0.25305717119713017;102.78588292083572;2691.731285737446;0.08796898665254838;18684.360093382013;0.0;0.0;58.59447243078654;245.29739067746536;0.08796898665254838;18684.360093382013;0.0;0.0;58.59910970407816;245.41108431690557;0.08796898665254838;130544.90797719709;0.0;0.0;"Zustand 3: Temperatur 429.969 K liegt außerhalb des Boryta-Prüfbereichs; Kristallisation wurde nicht bewertet.";"Zustand 4: Temperatur 424.881 K liegt außerhalb des Boryta-Prüfbereichs; Kristallisation wurde nicht bewertet.";"Zustand 5: Temperatur 384.740 K liegt außerhalb des Boryta-Prüfbereichs; Kristallisation wurde nicht bewertet.";"Zustand 6: Temperatur 384.706 K liegt außerhalb des Boryta-Prüfbereichs; Kristallisation wurde nicht bewertet.";"Zustand 20: Temperatur 439.890 K liegt außerhalb des Boryta-Prüfbereichs; Kristallisation wurde nicht bewertet.";5
series_evaporator_to_desorber;Serie Verdampfer → Desorber;series_evaporator_to_desorber;nan;125.0;30.0;125.0;8.0;8.0;4.0;125.0;1.0800000000000005;Abwärmetemperatur [°C];hot_temperature_C;125.0;10.0;10.0;25.0;15.0;11.0;nan;nan;6.953725961114235e-24;`gtol` termination condition is satisfied.;4;3.7210460496225474e-10;3.7292696231606085e-12;1;True;;True;0;zulässig;feasible;True;True;True;107.22160300048995;122.44199171609222;151.67587224283074;58.61174050064511;0.14703777086747935;0.24705243728702336;0.21794789080737217;0.2528736141073317;205.79993176963717;215.34027517370035;206.17048731284314;214.88902204160163;84.452104202466;0.48876685408474246;12.269775451278083;22.308608359428035;0.010002236884995838;0.07069535199143394;20.579993176930145;21.534027517361693;8.246819492512177;14.325934802768504;7.677464018398517;102.8380824659385;0.015482204659749725;2691.8296827248982;271.129903958152;233.06277142681438;0.01808354281239488;1.1499376279326254;0.5823079620050261;0.2243128017475718;-1.6299850358336698e-11;8.232348136516521e-11;6.906475391588174e-11;2.673417043297377e-13;3.871036824421026e-11;8.341771717823576e-11;7.406697477563284e-11;3.3571723179193214e-10;-1.62998503583367e-13;8.232348136516521e-13;6.906475391588174e-13;2.475386151201274e-13;3.8710368244210256e-13;8.341771717823577e-13;7.406697477563284e-13;3.3571723179193215e-12;147.30860835942804;118.57389288153104;112.4085074953814;125.0;118.57389288153104;42.879203060628015;19.36234001362436;21.84765687732431;59.95887940531048;28.611740500645112;7.05126933829149;9.570425029442902;17.77839699951005;59.95751630124238;5.1717846344935765;10.885362150178025;4.0;1.0800000000000005;130500.75780224786;18699.442458531892;6.9788582248721;5.1717846344935765;deltaT_shex_1_K;shex;True;True;True;True;True;True;True;True;107.22160300048995;2686.816674019391;0.0880211707450198;130500.75780224786;0.0;0.0;135.0;4.0;147.30860835942804;4.0;118.57389288153104;8.0;112.4085074953814;8.0;125.0;8.0;118.57389288153104;8.0;30.0;4.0;42.879203060628015;4.0;107.22160300048995;2686.816674019391;0.0129424367354935;130500.75780224786;0.0;0.0;102.8380824659385;271.12990395815166;1.1680211707450203;18699.442458531892;0.5732925509622625;0.21794789080737217;166.6709483730524;370.7557651677354;1.092942436735494;130500.75780224786;0.6126743861773296;0.24705243728702336;107.22160300048995;2686.816674019391;0.0750787340095263;130500.75780224786;0.0;0.0;122.44199171609222;271.12990395815166;1.1680211707450203;130500.75780224786;0.5732925509622625;0.21794789080737217;156.8476568773243;343.4334771447561;1.1680211707450203;130500.75780224786;0.5732925509622625;0.21794789080737217;151.67587224283074;343.00069869709364;1.0800000000000005;130500.75780224786;0.6200165153280932;0.2528736141073317;111.55662956591419;264.8043059170175;1.0800000000000005;130500.75780224786;0.6200165153280932;0.2528736141073317;111.52262354323955;264.73884725776617;1.0800000000000005;18699.442458531892;0.6200165153280932;0.2528736141073317;102.8380824659385;2691.8296827248982;0.0880211707450198;18699.442458531892;0.0;0.0;58.61174050064511;245.36966235662578;0.0880211707450198;18699.442458531892;0.0;0.0;58.61637658028866;245.48329680161595;0.0880211707450198;130500.75780224786;0.0;0.0;"Zustand 3: Temperatur 429.998 K liegt außerhalb des Boryta-Prüfbereichs; Kristallisation wurde nicht bewertet.";"Zustand 4: Temperatur 424.826 K liegt außerhalb des Boryta-Prüfbereichs; Kristallisation wurde nicht bewertet.";"Zustand 5: Temperatur 384.707 K liegt außerhalb des Boryta-Prüfbereichs; Kristallisation wurde nicht bewertet.";"Zustand 6: Temperatur 384.673 K liegt außerhalb des Boryta-Prüfbereichs; Kristallisation wurde nicht bewertet.";"Zustand 20: Temperatur 439.821 K liegt außerhalb des Boryta-Prüfbereichs; Kristallisation wurde nicht bewertet.";5
series_evaporator_to_desorber;Serie Verdampfer → Desorber;series_evaporator_to_desorber;nan;125.0;30.0;125.0;8.0;8.0;4.0;125.0;1.0900000000000007;Abwärmetemperatur [°C];hot_temperature_C;125.0;10.0;10.0;25.0;15.0;11.0;nan;nan;8.759976032481626e-24;`gtol` termination condition is satisfied.;4;4.175076393707998e-10;4.1856841812257236e-12;1;True;;True;0;zulässig;feasible;True;True;True;107.21167723459143;122.4474191269918;151.62006689878706;58.62902843778602;0.1482495825955058;0.2468796106967704;0.2180606780493383;0.2526922528270207;205.62820866326928;215.47038921346444;206.00826769649763;215.00899563241808;85.21498482177238;0.4884080216507042;12.376030826245854;22.298337838712257;0.010002956485207557;0.07133159131719712;20.56282086628859;21.54703892133757;8.240330707858632;14.333933042156051;7.746816801971352;102.8895041336429;0.015440582831347117;2691.9265852524704;271.1749693871779;233.2109672283497;0.01819014102028116;1.1598833306204364;0.5824477195546379;0.2244128009144229;-1.5660361896152608e-11;8.749623248149874e-11;6.758682502550073e-11;3.2462921240039577e-13;3.183231456205249e-11;8.873257684172131e-11;7.73070496506989e-11;3.8338043850671966e-10;-1.5660361896152607e-13;8.749623248149874e-13;6.758682502550073e-13;2.9782496550495004e-13;3.1832314562052486e-13;8.873257684172131e-13;7.73070496506989e-13;3.833804385067196e-12;147.29833783871226;118.57030515453295;112.40977083346542;125.0;118.57030515453295;42.88698500080528;19.304016026780573;21.875195206685078;60.00251913283762;28.62902843778602;7.080602001812224;9.520266699822514;17.788322765408566;59.936641835374985;5.255128307898019;10.923731112792552;4.0;1.0900000000000007;130456.5219880494;18714.552569740856;6.970859789561929;5.255128307898019;deltaT_shex_1_K;shex;True;True;True;True;True;True;True;True;107.21167723459143;2686.8014253586657;0.08807347164071677;130456.5219880494;0.0;0.0;135.0;4.0;147.29833783871226;4.0;118.57030515453295;8.0;112.40977083346542;8.0;125.0;8.0;118.57030515453295;8.0;30.0;4.0;42.88698500080528;4.0;107.21167723459143;2686.8014253586657;0.01305685540847338;130456.5219880494;0.0;0.0;102.8895041336429;271.17496938717653;1.1780734716407175;18714.552569740856;0.5734543872959253;0.2180606780493383;166.60235386549283;370.5633827217812;1.103056855408474;130456.5219880494;0.6124538345929732;0.2468796106967704;107.21167723459143;2686.8014253586657;0.0750166162322434;130456.5219880494;0.0;0.0;122.4474191269918;271.17496938717653;1.1780734716407175;130456.5219880494;0.5734543872959253;0.2180606780493383;156.87519520668508;343.50915471017885;1.1780734716407175;130456.5219880494;0.5734543872959253;0.2180606780493383;151.62006689878706;342.8177082132972;1.0900000000000007;130456.5219880494;0.6197902760268907;0.2526922528270207;111.52368801419925;264.63882305569354;1.0900000000000007;130456.5219880494;0.6197902760268907;0.2526922528270207;111.48970315272072;264.573381228797;1.0900000000000007;18714.552569740856;0.6197902760268907;0.2526922528270207;102.8895041336429;2691.9265852524704;0.08807347164071677;18714.552569740856;0.0;0.0;58.62902843778602;245.4420173175838;0.08807347164071677;18714.552569740856;0.0;0.0;58.63366331915796;245.55559245319347;0.08807347164071677;130456.5219880494;0.0;0.0;"Zustand 3: Temperatur 430.025 K liegt außerhalb des Boryta-Prüfbereichs; Kristallisation wurde nicht bewertet.";"Zustand 4: Temperatur 424.770 K liegt außerhalb des Boryta-Prüfbereichs; Kristallisation wurde nicht bewertet.";"Zustand 5: Temperatur 384.674 K liegt außerhalb des Boryta-Prüfbereichs; Kristallisation wurde nicht bewertet.";"Zustand 6: Temperatur 384.640 K liegt außerhalb des Boryta-Prüfbereichs; Kristallisation wurde nicht bewertet.";"Zustand 20: Temperatur 439.752 K liegt außerhalb des Boryta-Prüfbereichs; Kristallisation wurde nicht bewertet.";5
