config_case_key;config_case_label;config_routing_mode;input_fixed_T13_C;input_fixed_T15_C;input_fixed_T17_C;input_fixed_hot_C;input_fixed_m13_kg_s;input_fixed_m15_kg_s;input_fixed_m17_kg_s;input_hot_variation_C;input_m6_kg_s;input_outer_variation_label;input_outer_variation_mode;input_outer_variation_value;input_scaled_UA_abs;input_scaled_UA_cond;input_scaled_UA_des;input_scaled_UA_evap;input_scaled_UA_shex;input_ua_scale_factor;input_ua_scale_percent;solve_cost;solve_message;solve_nfev;solve_raw_residual_norm;solve_scaled_residual_norm;solve_status;solve_success;status_final_evaluation_error;status_final_point_evaluable;failure_code;failure_label;failure_reason;feasible_margin;feasible_numeric;feasible_physical;primary_T10_C;primary_T2_C;primary_T4_C;primary_T8_C;primary_beta;primary_x20;primary_x3;primary_x6;heat_Q_abs_kW;heat_Q_cond_kW;heat_Q_des_kW;heat_Q_evap_kW;heat_Q_shex_kW;kpi_COP;kpi_FR;kpi_GTL_K;pump_W_ref_pump_kW;pump_W_sol_pump_kW;lmtd_LMTD_abs_K;lmtd_LMTD_cond_K;lmtd_LMTD_des_K;lmtd_LMTD_evap_K;lmtd_LMTD_shex_K;flash_T1_C;flash_flash_fraction;flash_h1_flash_kJ_kg;flash_h1_mix_kJ_kg;flash_h1_sol_kJ_kg;flash_m1_flash_kg_s;flash_m1_sol_kg_s;flash_w1_LiBr;flash_x1_LiBr_mol;residual_raw_R1_SHEX_energy;residual_raw_R2_SHEX_UA;residual_raw_R3_preabs_energy;residual_raw_R4_preabs_LiBr;residual_raw_R5_desorber_UA;residual_raw_R6_condenser_UA;residual_raw_R7_evaporator_UA;residual_raw_R8_absorber_UA;residual_scaled_R1_SHEX_energy;residual_scaled_R2_SHEX_UA;residual_scaled_R3_preabs_energy;residual_scaled_R4_preabs_LiBr;residual_scaled_R5_desorber_UA;residual_scaled_R6_condenser_UA;residual_scaled_R7_evaporator_UA;residual_scaled_R8_absorber_UA;diagnostic_T12_C;diagnostic_T13_C;diagnostic_T14_C;diagnostic_T15_C;diagnostic_T16_C;diagnostic_T18_C;diagnostic_deltaT_abs_1_K;diagnostic_deltaT_abs_2_K;diagnostic_deltaT_cond_1_K;diagnostic_deltaT_cond_2_K;diagnostic_deltaT_des_1_K;diagnostic_deltaT_des_2_K;diagnostic_deltaT_evap_1_K;diagnostic_deltaT_evap_2_K;diagnostic_deltaT_shex_1_K;diagnostic_deltaT_shex_2_K;diagnostic_m11_kg_s;diagnostic_m6_kg_s;diagnostic_p_high_Pa;diagnostic_p_low_Pa;diagnostic_pressure_ratio_high_over_low;pinch_deltaT_min_global_K;pinch_limiting_key;pinch_limiting_unit;check_beta_in_0_1;check_crystallization_safe_all_checked_states;check_desorber_evaporator_temperature_coupling_ok;check_m21_nonnegative;check_m7_positive;check_p_high_gt_p_low;check_w6_gt_w20_gt_w3;check_w6_gt_w3;state_10_T_C;state_10_h_kJ_kg;state_10_m_kg_s;state_10_p_Pa;state_10_w_LiBr;state_10_x_LiBr_mol;state_11_T_C;state_11_m_kg_s;state_12_T_C;state_12_m_kg_s;state_13_T_C;state_13_m_kg_s;state_14_T_C;state_14_m_kg_s;state_15_T_C;state_15_m_kg_s;state_16_T_C;state_16_m_kg_s;state_17_T_C;state_17_m_kg_s;state_18_T_C;state_18_m_kg_s;state_19_T_C;state_19_h_kJ_kg;state_19_m_kg_s;state_19_p_Pa;state_19_w_LiBr;state_19_x_LiBr_mol;state_1_T_C;state_1_h_kJ_kg;state_1_m_kg_s;state_1_p_Pa;state_1_w_LiBr;state_1_x_LiBr_mol;state_20_T_C;state_20_h_kJ_kg;state_20_m_kg_s;state_20_p_Pa;state_20_w_LiBr;state_20_x_LiBr_mol;state_21_T_C;state_21_h_kJ_kg;state_21_m_kg_s;state_21_p_Pa;state_21_w_LiBr;state_21_x_LiBr_mol;state_2_T_C;state_2_h_kJ_kg;state_2_m_kg_s;state_2_p_Pa;state_2_w_LiBr;state_2_x_LiBr_mol;state_3_T_C;state_3_h_kJ_kg;state_3_m_kg_s;state_3_p_Pa;state_3_w_LiBr;state_3_x_LiBr_mol;state_4_T_C;state_4_h_kJ_kg;state_4_m_kg_s;state_4_p_Pa;state_4_w_LiBr;state_4_x_LiBr_mol;state_5_T_C;state_5_h_kJ_kg;state_5_m_kg_s;state_5_p_Pa;state_5_w_LiBr;state_5_x_LiBr_mol;state_6_T_C;state_6_h_kJ_kg;state_6_m_kg_s;state_6_p_Pa;state_6_w_LiBr;state_6_x_LiBr_mol;state_7_T_C;state_7_h_kJ_kg;state_7_m_kg_s;state_7_p_Pa;state_7_w_LiBr;state_7_x_LiBr_mol;state_8_T_C;state_8_h_kJ_kg;state_8_m_kg_s;state_8_p_Pa;state_8_w_LiBr;state_8_x_LiBr_mol;state_9_T_C;state_9_h_kJ_kg;state_9_m_kg_s;state_9_p_Pa;state_9_w_LiBr;state_9_x_LiBr_mol;validity_message_1;validity_message_2;validity_message_3;validity_message_4;validity_message_5;validity_message_count
parallel;Parallel (T13 = T15);parallel;100.0;100.0;30.0;100.0;4.0;4.0;4.0;100.0;0.4;Abwärmetemperatur [°C];hot_temperature_C;100.0;10.0;10.0;25.0;15.0;11.0;nan;nan;2.8077194746931436e-18;`gtol` termination condition is satisfied.;4;2.3561193871267933e-07;2.3696917414267805e-09;1;True;;True;0;zulässig;feasible;True;True;True;90.59812796811082;106.01231447976107;140.92027922165153;42.38747780543076;0.10208829841652747;0.2683591301876119;0.22958923302035086;0.27361229497469264;95.02832186177938;93.23175846130482;95.14026677278578;93.10308992976488;31.676307614428975;0.5048163373538682;10.66742875475924;40.683512073072905;0.0023988296552674747;0.014324790353897547;9.502832162969645;9.323175845246109;3.805610671085851;6.206872661303001;2.8796643313639607;87.49738241152113;0.013722499675735071;2663.870883904438;241.85488033929576;208.15633828331198;0.006003556845220637;0.4314937641302339;0.597807958343517;0.23565993305253324;-5.243663281362387e-10;-3.057459352362457e-08;2.2664636389890802e-08;-2.5327218100557047e-10;-4.3605012933767284e-09;8.843727528073941e-09;1.0219849855275243e-08;2.3208292532217456e-07;-5.2436632813623875e-12;-3.057459352362457e-10;2.2664636389890802e-10;-2.5327218100557047e-10;-4.360501293376728e-11;8.843727528073942e-11;1.0219849855275242e-10;2.3208292532217456e-09;140.6835120730729;100.0;94.30979265713006;100.0;94.4316333774064;35.576062108929705;13.20949703829126;6.564389482784691;51.921320302591425;12.387477805430763;1.848518700303714;6.81241024560893;9.401872031889184;52.04220676174475;0.6441102611331644;7.841183846646231;4.0;0.4;71791.23513586157;8378.186406056211;8.568827626461848;0.6441102611331644;deltaT_shex_1_K;shex;True;True;True;True;True;True;True;True;90.59812796811082;2660.5034512825896;0.037497320975454496;71791.23513586157;0.0;0.0;135.0;4.0;140.6835120730729;4.0;100.0;4.0;94.30979265713006;4.0;100.0;4.0;94.4316333774064;4.0;30.0;4.0;35.576062108929705;4.0;90.59812796811082;2660.5034512825896;0.0038280376935625137;71791.23513586157;0.0;0.0;87.49738241152113;241.8548803392952;0.4374973209754545;8378.186406056211;0.5896045388289962;0.22958923302035086;153.89300911136417;353.9582048574986;0.4038280376935625;71791.23513586157;0.6387629940189227;0.2683591301876119;90.59812796811082;2660.5034512825896;0.03366928328189198;71791.23513586157;0.0;0.0;106.01231447976107;241.8548803392952;0.4374973209754545;71791.23513586157;0.5896045388289962;0.22958923302035086;141.5643894827847;314.2583125335832;0.4374973209754545;71791.23513586157;0.5896045388289962;0.22958923302035086;140.92027922165153;331.88434955110347;0.4;71791.23513586157;0.6448760154316354;0.27361229497469264;98.17113063311484;252.69358051372012;0.4;71791.23513586157;0.6448760154316354;0.27361229497469264;98.15148129969629;252.65776853783538;0.4;8378.186406056211;0.6448760154316354;0.27361229497469264;87.49738241152113;2663.870883904438;0.037497320975454496;8378.186406056211;0.0;0.0;42.38747780543076;177.5130312372107;0.037497320975454496;8378.186406056211;0.0;0.0;42.38942661566165;177.57700459831662;0.037497320975454496;71791.23513586157;0.0;0.0;"Zustand 3: Temperatur 414.714 K liegt außerhalb des Boryta-Prüfbereichs; Kristallisation wurde nicht bewertet.";"Zustand 4: Temperatur 414.070 K liegt außerhalb des Boryta-Prüfbereichs; Kristallisation wurde nicht bewertet.";Zustand 5: Kristallisationsprüfung bestanden (w_LiBr=0.6449 <= w_crit=0.6949, T=371.32 K >= T_crit=313.83 K).;Zustand 6: Kristallisationsprüfung bestanden (w_LiBr=0.6449 <= w_crit=0.6949, T=371.30 K >= T_crit=313.83 K).;"Zustand 20: Temperatur 427.043 K liegt außerhalb des Boryta-Prüfbereichs; Kristallisation wurde nicht bewertet.";5
parallel;Parallel (T13 = T15);parallel;100.0;100.0;30.0;100.0;4.0;4.0;4.0;100.0;0.41000000000000003;Abwärmetemperatur [°C];hot_temperature_C;100.0;10.0;10.0;25.0;15.0;11.0;nan;nan;2.189435534861887e-18;`gtol` termination condition is satisfied.;4;2.0707442374774993e-07;2.0925752243883073e-09;1;True;;True;0;zulässig;feasible;True;True;True;90.57382642008315;105.89171495381237;140.974076131664;42.421121790834434;0.10290693064693474;0.2679959294648616;0.23005055872463712;0.27316445612894896;95.20607315508363;93.48497287363689;95.33023161547298;93.34373872792963;32.59889556907682;0.5046062950909471;10.905134343004239;40.69414313128493;0.0024021736657608398;0.014673511199583308;9.520607295088723;9.348497286565873;3.8132092647666447;6.222915914586633;2.9635359630469997;87.64872619335165;0.013500999063294336;2664.15657173531;241.82454117226948;208.67306058833952;0.006043006261883033;0.4415539629366688;0.5983128667689251;0.23603848042728415;-4.525730901150382e-10;-2.4440183210572286e-08;2.0624753460651846e-08;-3.01493718879442e-10;-3.693131134241412e-09;7.978158578225703e-09;9.130147304858838e-09;2.0419639668034506e-07;-4.5257309011503825e-12;-2.4440183210572286e-10;2.0624753460651845e-10;-3.01493718879442e-10;-3.693131134241412e-11;7.978158578225703e-11;9.130147304858838e-11;2.0419639668034506e-09;140.69414313128493;100.0;94.29843112347652;100.0;94.4172405067028;35.59120651158116;13.058207165918077;6.688117712152291;52.057519681770486;12.421121790834434;1.9273749336772994;6.649704930124869;9.42617357991685;51.994170949065904;0.7140415804882991;7.799470658782866;4.0;0.41000000000000003;71725.24925195197;8392.96749184339;8.545874784056693;0.7140415804882991;deltaT_shex_1_K;shex;True;True;True;True;True;True;True;True;90.57382642008315;2660.4639344030743;0.03759696919855182;71725.24925195197;0.0;0.0;135.0;4.0;140.69414313128493;4.0;100.0;4.0;94.29843112347652;4.0;100.0;4.0;94.4172405067028;4.0;30.0;4.0;35.59120651158116;4.0;90.57382642008315;2660.4639344030743;0.003868988701850314;71725.24925195197;0.0;0.0;87.64872619335165;241.82454117226902;0.44759696919855185;8392.96749184339;0.5902350453151209;0.23005055872463712;153.752350297203;353.5244937710284;0.41386898870185035;71725.24925195197;0.6383358620996641;0.2679959294648616;90.57382642008315;2660.4639344030743;0.03372798049670151;71725.24925195197;0.0;0.0;105.89171495381237;241.82454117226902;0.44759696919855185;71725.24925195197;0.5902350453151209;0.23005055872463712;141.6881177121523;314.65545338207914;0.44759696919855185;71725.24925195197;0.5902350453151209;0.23005055872463712;140.974076131664;331.75492642704415;0.41000000000000003;71725.24925195197;0.6443595546288244;0.27316445612894896;98.0922442950295;252.24542503794808;0.41000000000000003;71725.24925195197;0.6443595546288244;0.27316445612894896;98.0726250663227;252.20963598624178;0.41000000000000003;8392.96749184339;0.6443595546288244;0.27316445612894896;87.64872619335165;2664.15657173531;0.03759696919855182;8392.96749184339;0.0;0.0;42.421121790834434;177.65367359112182;0.03759696919855182;8392.96749184339;0.0;0.0;42.42306955763689;177.7175663387812;0.03759696919855182;71725.24925195197;0.0;0.0;"Zustand 3: Temperatur 414.838 K liegt außerhalb des Boryta-Prüfbereichs; Kristallisation wurde nicht bewertet.";"Zustand 4: Temperatur 414.124 K liegt außerhalb des Boryta-Prüfbereichs; Kristallisation wurde nicht bewertet.";Zustand 5: Kristallisationsprüfung bestanden (w_LiBr=0.6444 <= w_crit=0.6948, T=371.24 K >= T_crit=313.48 K).;Zustand 6: Kristallisationsprüfung bestanden (w_LiBr=0.6444 <= w_crit=0.6948, T=371.22 K >= T_crit=313.48 K).;"Zustand 20: Temperatur 426.902 K liegt außerhalb des Boryta-Prüfbereichs; Kristallisation wurde nicht bewertet.";5
parallel;Parallel (T13 = T15);parallel;100.0;100.0;30.0;100.0;4.0;4.0;4.0;100.0;0.42000000000000004;Abwärmetemperatur [°C];hot_temperature_C;100.0;10.0;10.0;25.0;15.0;11.0;nan;nan;1.6380980984685055e-18;`gtol` termination condition is satisfied.;4;1.7771819950137128e-07;1.8100265735444359e-09;1;True;;True;0;zulässig;feasible;True;True;True;90.55100033064286;105.77765812140177;141.02040163918645;42.45275186718459;0.10376034332578672;0.26764238736711293;0.23049250476861224;0.27273151257692363;95.36355335791438;93.72303002097128;95.49937883594713;93.56977663219338;33.520072686189536;0.5043845101110838;11.143367222347688;40.703561803702996;0.00240530143476182;0.015022608941443838;9.536355318257803;9.372303001400484;3.8199751535729827;6.23798510829049;3.047279336891677;87.79307419538014;0.013290966849801219;2664.4290895184786;241.80028534064473;209.1674847439974;0.00608315035753948;0.4516074319969308;0.5987965416153442;0.23640164902061378;-3.689777372528624e-10;-1.9618909163909848e-08;1.828726681196713e-08;-3.4326685938168566e-10;-3.3774369967431994e-09;6.966445198486326e-09;7.836035820218967e-09;1.7533635343625065e-07;-3.689777372528624e-12;-1.9618909163909848e-10;1.828726681196713e-10;-3.4326685938168566e-10;-3.377436996743199e-11;6.966445198486326e-11;7.836035820218967e-11;1.7533635343625065e-09;140.703561803703;100.0;94.28831466292183;100.0;94.40372149328988;35.605444379244716;12.912811749964533;6.807039910828621;52.18762981613543;12.452751867184588;2.004841119851733;6.4952404675416915;9.448999669357136;51.949022841258625;0.7866382716421754;7.762908399775881;4.0;0.42000000000000004;71663.31571898071;8406.884285093447;8.524360903366963;0.7866382716421754;deltaT_shex_1_K;shex;True;True;True;True;True;True;True;True;90.55100033064286;2660.4268142040655;0.03769058235447026;71663.31571898071;0.0;0.0;135.0;4.0;140.703561803703;4.0;100.0;4.0;94.28831466292183;4.0;100.0;4.0;94.40372149328988;4.0;30.0;4.0;35.605444379244716;4.0;90.55100033064286;2660.4268142040655;0.003910787765248673;71663.31571898071;0.0;0.0;87.79307419538014;241.8002853406441;0.4576905823544703;8406.884285093447;0.5908379566309591;0.23049250476861224;153.61637355366753;353.1041729852704;0.4239107877652487;71663.31571898071;0.6379195259842461;0.26764238736711293;90.55100033064286;2660.4268142040655;0.03377979458922158;71663.31571898071;0.0;0.0;105.77765812140177;241.8002853406441;0.4576905823544703;71663.31571898071;0.5908379566309591;0.23049250476861224;141.80703991082862;315.0376950198082;0.4576905823544703;71663.31571898071;0.5908379566309591;0.23049250476861224;141.02040163918645;331.61977027700266;0.42000000000000004;71663.31571898071;0.6438594486846403;0.27273151257692363;98.01474972162589;251.8100734042443;0.42000000000000004;71663.31571898071;0.6438594486846403;0.27273151257692363;97.99515888014827;251.77430528771706;0.42000000000000004;8406.884285093447;0.6438594486846403;0.27273151257692363;87.79307419538014;2664.4290895184786;0.03769058235447026;8406.884285093447;0.0;0.0;42.45275186718459;177.785897340384;0.03769058235447026;8406.884285093447;0.0;0.0;42.454698652031254;177.84971438126016;0.03769058235447026;71663.31571898071;0.0;0.0;"Zustand 3: Temperatur 414.957 K liegt außerhalb des Boryta-Prüfbereichs; Kristallisation wurde nicht bewertet.";"Zustand 4: Temperatur 414.170 K liegt außerhalb des Boryta-Prüfbereichs; Kristallisation wurde nicht bewertet.";Zustand 5: Kristallisationsprüfung bestanden (w_LiBr=0.6439 <= w_crit=0.6947, T=371.16 K >= T_crit=313.15 K).;Zustand 6: Kristallisationsprüfung bestanden (w_LiBr=0.6439 <= w_crit=0.6947, T=371.15 K >= T_crit=313.15 K).;"Zustand 20: Temperatur 426.766 K liegt außerhalb des Boryta-Prüfbereichs; Kristallisation wurde nicht bewertet.";5
parallel;Parallel (T13 = T15);parallel;100.0;100.0;30.0;100.0;4.0;4.0;4.0;100.0;0.43000000000000005;Abwärmetemperatur [°C];hot_temperature_C;100.0;10.0;10.0;25.0;15.0;11.0;nan;nan;1.1972450133980593e-18;`gtol` termination condition is satisfied.;4;1.5010046838210353e-07;1.5474139804189824e-09;1;True;;True;0;zulässig;feasible;True;True;True;90.52951479048255;105.66994758625026;141.05966532543113;42.48255003780338;0.10464866827303224;0.2672981317672485;0.23091607990941299;0.2723127883795113;95.50220814381248;93.94729971341016;95.64918797480495;93.78253959731798;34.43958918894115;0.5041510699808808;11.382071753808791;40.711854554055776;0.002408233815950578;0.015372050988897124;9.550220799570804;9.394729970732875;3.825967519107068;6.252169306038619;3.130871745877706;87.93089473660177;0.01309178657397561;2664.6893154152767;241.78193589121108;209.64096688344102;0.006124059048987884;0.46165465200650246;0.5992601771087179;0.23675026882278608;-2.948823407677992e-10;-1.5713617074197828e-08;1.6044822359617683e-08;-3.761503886146045e-10;-2.8717579425574513e-09;6.081407377678261e-09;6.738702040820499e-09;1.4810444781687693e-07;-2.9488234076779917e-12;-1.5713617074197828e-10;1.6044822359617684e-10;-3.761503886146045e-10;-2.8717579425574512e-11;6.08140737767826e-11;6.738702040820498e-11;1.4810444781687693e-09;140.71185455405578;100.0;94.27935478619588;100.0;94.3909964355671;35.618857638361874;12.772952020643743;6.921348613286909;52.3120370982399;12.482550037803378;2.080863259027751;6.3484600495941095;9.470485209517449;51.90650053887049;0.861683287855783;7.731246824346613;4.0;0.43000000000000005;71605.06019739446;8420.013256752065;8.50415052968876;0.861683287855783;deltaT_shex_1_K;shex;True;True;True;True;True;True;True;True;90.52951479048255;2660.391871756128;0.0377787110554903;71605.06019739446;0.0;0.0;135.0;4.0;140.71185455405578;4.0;100.0;4.0;94.27935478619588;4.0;100.0;4.0;94.3909964355671;4.0;30.0;4.0;35.618857638361874;4.0;90.52951479048255;2660.391871756128;0.00395349180102874;71605.06019739446;0.0;0.0;87.93089473660177;241.78193589120895;0.46777871105549035;8420.013256752065;0.5914147907677277;0.23091607990941299;153.48480657469952;352.69655428798296;0.43395349180102877;71605.06019739446;0.637513591035874;0.2672981317672485;90.52951479048255;2660.391871756128;0.03382521925446156;71605.06019739446;0.0;0.0;105.66994758625026;241.78193589120895;0.46777871105549035;71605.06019739446;0.5914147907677277;0.23091607990941299;141.9213486132869;315.40561387183374;0.46777871105549035;71605.06019739446;0.5914147907677277;0.23091607990941299;141.05966532543113;331.4792182395227;0.43000000000000005;71605.06019739446;0.6433749965685586;0.2723127883795113;97.93870076190365;251.38715035757846;0.43000000000000005;71605.06019739446;0.6433749965685586;0.2723127883795113;97.91913674097225;251.35140140179033;0.43000000000000005;8420.013256752065;0.6433749965685586;0.2723127883795113;87.93089473660177;2664.6893154152767;0.0377787110554903;8420.013256752065;0.0;0.0;42.48255003780338;177.9104632882665;0.0377787110554903;8420.013256752065;0.0;0.0;42.484495896696615;177.97420907918067;0.0377787110554903;71605.06019739446;0.0;0.0;"Zustand 3: Temperatur 415.071 K liegt außerhalb des Boryta-Prüfbereichs; Kristallisation wurde nicht bewertet.";"Zustand 4: Temperatur 414.210 K liegt außerhalb des Boryta-Prüfbereichs; Kristallisation wurde nicht bewertet.";Zustand 5: Kristallisationsprüfung bestanden (w_LiBr=0.6434 <= w_crit=0.6947, T=371.09 K >= T_crit=312.84 K).;Zustand 6: Kristallisationsprüfung bestanden (w_LiBr=0.6434 <= w_crit=0.6946, T=371.07 K >= T_crit=312.84 K).;"Zustand 20: Temperatur 426.635 K liegt außerhalb des Boryta-Prüfbereichs; Kristallisation wurde nicht bewertet.";5
parallel;Parallel (T13 = T15);parallel;100.0;100.0;30.0;100.0;4.0;4.0;4.0;100.0;0.44000000000000006;Abwärmetemperatur [°C];hot_temperature_C;100.0;10.0;10.0;25.0;15.0;11.0;nan;nan;8.836020549639202e-19;`gtol` termination condition is satisfied.;4;1.266844568282564e-07;1.3293622944584521e-09;1;True;;True;0;zulässig;feasible;True;True;True;90.50924752737217;105.56837864750804;141.0922639258688;42.51068140460717;0.10557191652850177;0.26696280977770087;0.231322233616483;0.2719076430916544;95.62336116358398;94.1590245558929;95.78101448647026;93.98323843769624;35.35722359882231;0.5039060818361661;11.621195143526107;40.71910054806125;0.0024109895254973094;0.015721805557272452;9.562336103858264;9.41590245506671;3.8312405795555495;6.265549228795742;3.2142930555925573;88.06261947340602;0.012902874293763735;2664.9380590625155;241.76929935846235;210.09476492329514;0.006165791438797696;0.4716960630921551;0.5997048859430887;0.2370851159814751;-2.276223654007481e-10;-1.2695821283159603e-08;1.3995816061651567e-08;-4.028959943447319e-10;-2.418488520561368e-09;5.225786026130663e-09;5.7601141634222586e-09;1.2500133550474857e-07;-2.276223654007481e-12;-1.2695821283159602e-10;1.3995816061651567e-10;-4.028959943447319e-10;-2.418488520561368e-11;5.2257860261306635e-11;5.760114163422259e-11;1.2500133550474856e-09;140.71910054806125;100.0;94.27147042545033;100.0;94.3789929164057;35.63152060740987;12.638297372540023;7.031229638998127;52.43109886599615;12.510681404607169;2.1553996967570015;6.208850952044315;9.490752472627833;51.86636652786393;0.9389657131293347;7.704239713981451;4.0;0.44000000000000006;71550.14407220086;8432.424054086314;8.485121670028915;0.9389657131293347;deltaT_shex_1_K;shex;True;True;True;True;True;True;True;True;90.50924752737217;2660.358908600421;0.037861854530952754;71550.14407220086;0.0;0.0;135.0;4.0;140.71910054806125;4.0;100.0;4.0;94.27147042545033;4.0;100.0;4.0;94.3789929164057;4.0;30.0;4.0;35.63152060740987;4.0;90.50924752737217;2660.358908600421;0.00399714854615602;71550.14407220086;0.0;0.0;88.06261947340602;241.76929935846317;0.4778618545309528;8432.424054086314;0.5919669691864091;0.231322233616483;153.35739792060127;352.30099735301786;0.4439971485461561;71550.14407220086;0.6371176820519018;0.26696280977770087;90.50924752737217;2660.358908600421;0.03386470598479673;71550.14407220086;0.0;0.0;105.56837864750804;241.76929935846317;0.4778618545309528;71550.14407220086;0.5919669691864091;0.231322233616483;142.03122963899813;315.7597701683321;0.4778618545309528;71550.14407220086;0.5919669691864091;0.231322233616483;141.0922639258688;331.3336102839482;0.44000000000000006;71550.14407220086;0.6429055311738291;0.2719076430916544;97.86413893352659;250.97628392247108;0.44000000000000006;71550.14407220086;0.6429055311738291;0.2719076430916544;97.844600303243;250.94055254620454;0.44000000000000006;8432.424054086314;0.6429055311738291;0.2719076430916544;88.06261947340602;2664.9380590625155;0.037861854530952754;8432.424054086314;0.0;0.0;42.51068140460717;178.0280615895656;0.037861854530952754;8432.424054086314;0.0;0.0;42.512626388541776;178.09174017994013;0.037861854530952754;71550.14407220086;0.0;0.0;"Zustand 3: Temperatur 415.181 K liegt außerhalb des Boryta-Prüfbereichs; Kristallisation wurde nicht bewertet.";"Zustand 4: Temperatur 414.242 K liegt außerhalb des Boryta-Prüfbereichs; Kristallisation wurde nicht bewertet.";Zustand 5: Kristallisationsprüfung bestanden (w_LiBr=0.6429 <= w_crit=0.6946, T=371.01 K >= T_crit=312.55 K).;Zustand 6: Kristallisationsprüfung bestanden (w_LiBr=0.6429 <= w_crit=0.6946, T=370.99 K >= T_crit=312.55 K).;"Zustand 20: Temperatur 426.507 K liegt außerhalb des Boryta-Prüfbereichs; Kristallisation wurde nicht bewertet.";5
parallel;Parallel (T13 = T15);parallel;100.0;100.0;30.0;100.0;4.0;4.0;4.0;100.0;0.45000000000000007;Abwärmetemperatur [°C];hot_temperature_C;100.0;10.0;10.0;25.0;15.0;11.0;nan;nan;6.860187073658613e-19;`gtol` termination condition is satisfied.;4;1.0911967439120748e-07;1.1713400081665966e-09;1;True;;True;0;zulässig;feasible;True;True;True;90.49008764303505;105.47274161557323;141.1185793674381;42.53729584149505;0.10652999710808003;0.26663608579574066;0.23171185929965657;0.2715154694952432;95.72822526142397;94.35933254303333;95.8961010412189;94.1729713359464;36.272779681759076;0.5036496683240753;11.860687297604308;40.72537232424787;0.002413585383829249;0.01607184175034309;9.572822515375018;9.435933253851356;3.8358440417326407;6.278198088733906;3.29752542656319;88.18864653920753;0.012723677637018156;2665.176067419692;241.76217097128173;210.5300462853795;0.006208397192059734;0.48173206854224004;0.6001317053204498;0.23740691648731;-1.5783996332174866e-10;-1.043601116634818e-08;1.2455188880267087e-08;-4.258464691986319e-10;-2.09712425203179e-09;4.519762342169997e-09;4.937803055327095e-09;1.076737987659726e-07;-1.5783996332174865e-12;-1.043601116634818e-10;1.2455188880267087e-10;-4.258464691986319e-10;-2.09712425203179e-11;4.519762342169997e-11;4.937803055327095e-11;1.076737987659726e-09;140.72537232424787;100.0;94.26458725830031;100.0;94.36764525502713;35.64350075018143;12.508542582793211;7.136861891258889;52.545145789026094;12.537295841495052;2.2284195638483766;6.0759407190927845;9.509912356964946;51.82840525805358;1.018282523820801;7.681646634069125;4.0;0.45000000000000007;71498.26078065994;8444.180134608816;8.467164323937313;1.018282523820801;deltaT_shex_1_K;shex;True;True;True;True;True;True;True;True;90.49008764303505;2660.3277447082287;0.03794046573429971;71498.26078065994;0.0;0.0;135.0;4.0;140.72537232424787;4.0;100.0;4.0;94.26458725830031;4.0;100.0;4.0;94.36764525502713;4.0;30.0;4.0;35.64350075018143;4.0;90.49008764303505;2660.3277447082287;0.004041797704954158;71498.26078065994;0.0;0.0;88.18864653920753;241.76217097128193;0.4879404657342998;8444.180134608816;0.5924958229621984;0.23171185929965657;153.23391490704108;351.9169049456112;0.45404179770495423;71498.26078065994;0.63673144122188;0.26663608579574066;90.49008764303505;2660.3277447082287;0.033898668029345554;71498.26078065994;0.0;0.0;105.47274161557323;241.76217097128193;0.4879404657342998;71498.26078065994;0.5924958229621984;0.23171185929965657;142.1368618912589;316.1007065694154;0.4879404657342998;71498.26078065994;0.5924958229621984;0.23171185929965657;141.1185793674381;331.1832835638586;0.45000000000000007;71498.26078065994;0.6424504173373384;0.2715154694952432;97.7910949815041;250.57710649293213;0.45000000000000007;71498.26078065994;0.6424504173373384;0.2715154694952432;97.77158043615162;250.54139128904248;0.45000000000000007;8444.180134608816;0.6424504173373384;0.2715154694952432;88.18864653920753;2665.176067419692;0.03794046573429971;8444.180134608816;0.0;0.0;42.53729584149505;178.13931874507855;0.03794046573429971;8444.180134608816;0.0;0.0;42.53923999697355;178.2029338150867;0.03794046573429971;71498.26078065994;0.0;0.0;"Zustand 3: Temperatur 415.287 K liegt außerhalb des Boryta-Prüfbereichs; Kristallisation wurde nicht bewertet.";"Zustand 4: Temperatur 414.269 K liegt außerhalb des Boryta-Prüfbereichs; Kristallisation wurde nicht bewertet.";Zustand 5: Kristallisationsprüfung bestanden (w_LiBr=0.6425 <= w_crit=0.6945, T=370.94 K >= T_crit=312.27 K).;Zustand 6: Kristallisationsprüfung bestanden (w_LiBr=0.6425 <= w_crit=0.6945, T=370.92 K >= T_crit=312.27 K).;"Zustand 20: Temperatur 426.384 K liegt außerhalb des Boryta-Prüfbereichs; Kristallisation wurde nicht bewertet.";5
parallel;Parallel (T13 = T15);parallel;100.0;100.0;30.0;100.0;4.0;4.0;4.0;100.0;0.4600000000000001;Abwärmetemperatur [°C];hot_temperature_C;100.0;10.0;10.0;25.0;15.0;11.0;nan;nan;5.332405510542404e-19;`gtol` termination condition is satisfied.;4;9.340114494081596e-08;1.032705719025745e-09;1;True;;True;0;zulässig;feasible;True;True;True;90.4719344810199;105.38282455257587;141.13897743035034;42.56252949650093;0.10752273358836566;0.2663176399008348;0.23208579747703864;0.2711356915659743;95.81791257227462;94.54924836449283;95.99558771669975;94.35273505384386;37.18608365763984;0.5033819640626875;12.10050067940623;40.730736397863325;0.0024160365275586685;0.016422129616062014;9.581791248013761;9.454924836054897;3.839823508739025;6.290182336637858;3.380553060577267;88.3093434181078;0.012553674715544527;2665.404030123692;241.7603389725913;210.94789504929471;0.006251917760160708;0.49176303816499967;0.6005416025848116;0.2377163496565584;-8.024869657674571e-11;-8.71009575575954e-09;1.1022081025657826e-08;-4.4059406123508893e-10;-1.7758878811946488e-09;3.943853243981721e-09;4.275989340385422e-09;9.21370144624234e-08;-8.024869657674571e-13;-8.71009575575954e-11;1.1022081025657827e-10;-4.4059406123508893e-10;-1.775887881194649e-11;3.9438532439817206e-11;4.275989340385422e-11;9.21370144624234e-10;140.73073639786332;100.0;94.25863709828349;100.0;94.35689383649259;35.654859351943344;12.38340536228418;7.23841726693405;52.65448406616446;12.562529496500929;2.29990137711178;5.9492936801756855;9.5280655189801;51.792420970677824;1.0994398365837128;7.663234276394235;4.0;0.4600000000000001;71449.13253809791;8455.339342071815;8.450179188265519;1.0994398365837128;deltaT_shex_1_K;shex;True;True;True;True;True;True;True;True;90.4719344810199;2660.298216651133;0.0380149559251603;71449.13253809791;0.0;0.0;135.0;4.0;140.73073639786332;4.0;100.0;4.0;94.25863709828349;4.0;100.0;4.0;94.35689383649259;4.0;30.0;4.0;35.654859351943344;4.0;90.4719344810199;2660.298216651133;0.004087471978314473;71449.13253809791;0.0;0.0;88.3093434181078;241.7603389725917;0.4980149559251604;8455.339342071815;0.59300259865281;0.23208579747703864;153.1141417601475;351.54371877797416;0.46408747197831457;71449.13253809791;0.6363545264716356;0.2663176399008348;90.4719344810199;2660.298216651133;0.033927483946845825;71449.13253809791;0.0;0.0;105.38282455257587;241.7603389725917;0.4980149559251604;71449.13253809791;0.59300259865281;0.23208579747703864;142.23841726693405;316.42894724472563;0.4980149559251604;71449.13253809791;0.59300259865281;0.23208579747703864;141.13897743035034;331.02856811744823;0.4600000000000001;71449.13253809791;0.6420090500686624;0.2711356915659743;97.71959027618163;250.18925581805675;0.4600000000000001;71449.13253809791;0.6420090500686624;0.2711356915659743;97.70009862288822;250.1535555362827;0.4600000000000001;8455.339342071815;0.6420090500686624;0.2711356915659743;88.3093434181078;2665.404030123692;0.0380149559251603;8455.339342071815;0.0;0.0;42.56252949650093;178.24480388044486;0.0380149559251603;8455.339342071815;0.0;0.0;42.564472865814764;178.30835877532138;0.0380149559251603;71449.13253809791;0.0;0.0;"Zustand 3: Temperatur 415.388 K liegt außerhalb des Boryta-Prüfbereichs; Kristallisation wurde nicht bewertet.";"Zustand 4: Temperatur 414.289 K liegt außerhalb des Boryta-Prüfbereichs; Kristallisation wurde nicht bewertet.";Zustand 5: Kristallisationsprüfung bestanden (w_LiBr=0.6420 <= w_crit=0.6944, T=370.87 K >= T_crit=312.00 K).;Zustand 6: Kristallisationsprüfung bestanden (w_LiBr=0.6420 <= w_crit=0.6944, T=370.85 K >= T_crit=312.00 K).;"Zustand 20: Temperatur 426.264 K liegt außerhalb des Boryta-Prüfbereichs; Kristallisation wurde nicht bewertet.";5
parallel;Parallel (T13 = T15);parallel;100.0;100.0;30.0;100.0;4.0;4.0;4.0;100.0;0.4700000000000001;Abwärmetemperatur [°C];hot_temperature_C;100.0;10.0;10.0;25.0;15.0;11.0;nan;nan;4.159791063299461e-19;`gtol` termination condition is satisfied.;4;7.947832238478624e-08;9.121174335905944e-10;1;True;;True;0;zulässig;feasible;True;True;True;90.45469661090237;105.29841550657824;141.15380691951032;42.586506141410666;0.10854987879470775;0.2660071665540056;0.23244483884569572;0.27076776262566593;95.89344363982366;94.72970356262056;96.0805212143485;94.52343499129161;38.09698166949199;0.5031031125941872;12.340590168969037;40.73525380620953;0.0024183565956952917;0.01677264017985231;9.58934435614457;9.472970355924023;3.843220848635648;6.301562332512541;3.463361970610203;88.42504956611958;0.012392372938810708;2665.6225843751868;241.7635881486999;211.34931854477657;0.006296387464215458;0.501789311320421;0.6009354804467232;0.23801405139578197;-2.857092340491363e-11;-7.2202439582724764e-09;9.724999472382478e-09;-4.475464998598966e-10;-1.5427019661728991e-09;3.3803360111051006e-09;3.603503273552633e-09;7.837795124032709e-08;-2.857092340491363e-13;-7.220243958272477e-11;9.724999472382478e-11;-4.475464998598966e-10;-1.542701966172899e-11;3.3803360111051004e-11;3.6035032735526326e-11;7.83779512403271e-10;140.73525380620953;100.0;94.25355734363944;100.0;94.3466845100902;35.66565212695099;12.262624198414358;7.336060649915851;52.759397439168595;12.586506141410666;2.369831789111231;5.82850777751986;9.545303389097626;51.75823574699291;1.1822537304055345;7.648777444217842;4.0;0.4700000000000001;71402.50741444952;8465.954429745254;8.434076512811806;1.1822537304055345;deltaT_shex_1_K;shex;True;True;True;True;True;True;True;True;90.45469661090237;2660.270175958422;0.03808569878463641;71402.50741444952;0.0;0.0;135.0;4.0;140.73525380620953;4.0;100.0;4.0;94.25355734363944;4.0;100.0;4.0;94.3466845100902;4.0;30.0;4.0;35.66565212695099;4.0;90.45469661090237;2660.270175958422;0.004134197986884031;71402.50741444952;0.0;0.0;88.42504956611958;241.76358814870133;0.5080856987846365;8465.954429745254;0.593488463860864;0.23244483884569572;152.99787800462389;351.1809159315723;0.4741341979868841;71402.50741444952;0.6359866101395528;0.2660071665540056;90.45469661090237;2660.270175958422;0.03395150079775238;71402.50741444952;0.0;0.0;105.29841550657824;241.76358814870133;0.5080856987846365;71402.50741444952;0.593488463860864;0.23244483884569572;142.33606064991585;316.74499730983626;0.5080856987846365;71402.50741444952;0.593488463860864;0.23244483884569572;141.15380691951032;330.8697836749477;0.4700000000000001;71402.50741444952;0.6415808529390797;0.27076776262566593;97.6496380623604;249.81237586745718;0.4700000000000001;71402.50741444952;0.6415808529390797;0.27076776262566593;97.63016821088877;249.77668939898942;0.4700000000000001;8465.954429745254;0.6415808529390797;0.27076776262566593;88.42504956611958;2665.6225843751868;0.03808569878463641;8465.954429745254;0.0;0.0;42.586506141410666;178.34503438747143;0.03808569878463641;8465.954429745254;0.0;0.0;42.58844876309729;178.40853214838612;0.03808569878463641;71402.50741444952;0.0;0.0;"Zustand 3: Temperatur 415.486 K liegt außerhalb des Boryta-Prüfbereichs; Kristallisation wurde nicht bewertet.";"Zustand 4: Temperatur 414.304 K liegt außerhalb des Boryta-Prüfbereichs; Kristallisation wurde nicht bewertet.";Zustand 5: Kristallisationsprüfung bestanden (w_LiBr=0.6416 <= w_crit=0.6943, T=370.80 K >= T_crit=311.75 K).;Zustand 6: Kristallisationsprüfung bestanden (w_LiBr=0.6416 <= w_crit=0.6943, T=370.78 K >= T_crit=311.75 K).;"Zustand 20: Temperatur 426.148 K liegt außerhalb des Boryta-Prüfbereichs; Kristallisation wurde nicht bewertet.";5
parallel;Parallel (T13 = T15);parallel;100.0;100.0;30.0;100.0;4.0;4.0;4.0;100.0;0.4800000000000001;Abwärmetemperatur [°C];hot_temperature_C;100.0;10.0;10.0;25.0;15.0;11.0;nan;nan;3.275298927014896e-19;`gtol` termination condition is satisfied.;4;6.739715870723812e-08;8.093576375144545e-10;1;True;;True;0;zulässig;feasible;True;True;True;90.43829091856088;105.21930430676593;141.16339925374422;42.6093383820467;0.10961112743994297;0.2657043735031899;0.2327897272496844;0.2704111636568192;95.95575564451113;94.90154564161689;96.15186318750494;94.6858941953021;39.00533750891714;0.5028132637926083;12.580912927883313;40.73898060074828;0.0024205578932816113;0.01712334546115543;9.595575557808385;9.490154563871782;3.8460745275551234;6.312392946145607;3.5459397740911585;88.53607880171432;0.012239307754815564;2665.832319396991;241.77170267712918;211.73525342652678;0.006341834448493233;0.5118111996557464;0.601314181830332;0.23830061726169455;3.3445246572227916e-11;-6.085606685246603e-09;8.517361038684612e-09;-4.4815418043242516e-10;-1.3731380477111088e-09;2.8990712053200696e-09;3.1179894222077564e-09;6.642727612415911e-08;3.3445246572227916e-13;-6.085606685246603e-11;8.517361038684613e-11;-4.4815418043242516e-10;-1.3731380477111088e-11;2.8990712053200695e-11;3.1179894222077566e-11;6.642727612415911e-10;140.73898060074828;100.0;94.2492904792162;100.0;94.33696805052023;35.6759297632546;12.1459564421246;7.429949976454736;52.860149038459724;12.609338382046701;2.4382044752798606;5.713211677501874;9.561709081439119;51.725687759353264;1.2665507227105195;7.638059735594879;4.0;0.4800000000000001;71358.15672746838;8476.07353429601;8.418775089519691;1.2665507227105195;deltaT_shex_1_K;shex;True;True;True;True;True;True;True;True;90.43829091856088;2660.2434876453945;0.038153034104239536;71358.15672746838;0.0;0.0;135.0;4.0;140.73898060074828;4.0;100.0;4.0;94.2492904792162;4.0;100.0;4.0;94.33696805052023;4.0;30.0;4.0;35.6759297632546;4.0;90.43829091856088;2660.2434876453945;0.0041819970834202904;71358.15672746838;0.0;0.0;88.53607880171432;241.77170267712918;0.5181530341042396;8476.07353429601;0.5939545125015755;0.2327897272496844;152.88493704287288;350.82800572436884;0.48418199708342036;71358.15672746838;0.6356273778756912;0.2657043735031899;90.43829091856088;2660.2434876453945;0.033971037020819245;71358.15672746838;0.0;0.0;105.21930430676593;241.77170267712918;0.5181530341042396;71358.15672746838;0.5939545125015755;0.2327897272496844;142.42994997645474;317.0493425665643;0.5181530341042396;71358.15672746838;0.5939545125015755;0.2327897272496844;141.16339925374422;330.70723738836455;0.4800000000000001;71358.15672746838;0.6411652766095746;0.2704111636568192;97.58124457117106;249.4461175781902;0.4800000000000001;71358.15672746838;0.6411652766095746;0.2704111636568192;97.56179552472014;249.41044394181282;0.4800000000000001;8476.07353429601;0.6411652766095746;0.2704111636568192;88.53607880171432;2665.832319396991;0.038153034104239536;8476.07353429601;0.0;0.0;42.6093383820467;178.4404809829784;0.038153034104239536;8476.07353429601;0.0;0.0;42.61128029116696;178.5039243748373;0.038153034104239536;71358.15672746838;0.0;0.0;"Zustand 3: Temperatur 415.580 K liegt außerhalb des Boryta-Prüfbereichs; Kristallisation wurde nicht bewertet.";"Zustand 4: Temperatur 414.313 K liegt außerhalb des Boryta-Prüfbereichs; Kristallisation wurde nicht bewertet.";Zustand 5: Kristallisationsprüfung bestanden (w_LiBr=0.6412 <= w_crit=0.6943, T=370.73 K >= T_crit=311.51 K).;Zustand 6: Kristallisationsprüfung bestanden (w_LiBr=0.6412 <= w_crit=0.6943, T=370.71 K >= T_crit=311.51 K).;"Zustand 20: Temperatur 426.035 K liegt außerhalb des Boryta-Prüfbereichs; Kristallisation wurde nicht bewertet.";5
parallel;Parallel (T13 = T15);parallel;100.0;100.0;30.0;100.0;4.0;4.0;4.0;100.0;0.4900000000000001;Abwärmetemperatur [°C];hot_temperature_C;100.0;10.0;10.0;25.0;15.0;11.0;nan;nan;2.611032885803069e-19;`gtol` termination condition is satisfied.;4;5.7075436039336945e-08;7.226386214150291e-10;1;True;;True;0;zulässig;feasible;True;True;True;90.42264179052012;105.145283982308;141.16806838354296;42.63112874465685;0.110706127038857;0.26540898086773185;0.23312116252276605;0.2700654017472356;96.0057098449038;95.06554624381292;96.21049778211678;94.84086143666953;39.9110305811921;0.5025125716847737;12.821428269231204;40.7419682921593;0.002422651535478954;0.01747421847620614;9.600570978868234;9.506554624132605;3.8484199113304647;6.322724095601453;3.628275507844171;88.64272148274051;0.01209404134651761;2666.033780495537;241.7844683854387;212.10657125554565;0.006388281516576777;0.5218289895791794;0.6016784943498974;0.23857660531174635;8.122214012473705e-11;-5.093781396681152e-09;7.489774134228355e-09;-4.4324449666177657e-10;-1.1448406667113886e-09;2.4868711534509202e-09;2.647738028827007e-09;5.6221466593342484e-08;8.122214012473705e-13;-5.0937813966811516e-11;7.489774134228355e-11;-4.4324449666177657e-10;-1.1448406667113886e-11;2.4868711534509203e-11;2.647738028827007e-11;5.622146659334248e-10;140.7419682921593;100.0;94.24578362547146;100.0;94.32769967484035;35.68573841171133;12.033176610220437;7.52023635273116;52.956983071029185;12.631128744656849;2.505019146808479;5.603062142730948;9.577358209479883;51.694629701730776;1.3521679691882014;7.630873976025555;4.0;0.4900000000000001;71315.87271493435;8485.740605010327;8.404201357843363;1.3521679691882014;deltaT_shex_1_K;shex;True;True;True;True;True;True;True;True;90.42264179052012;2660.2180288933087;0.03821727109575612;71315.87271493435;0.0;0.0;135.0;4.0;140.7419682921593;4.0;100.0;4.0;94.24578362547146;4.0;100.0;4.0;94.32769967484035;4.0;30.0;4.0;35.68573841171133;4.0;90.42264179052012;2660.2180288933087;0.004230886069005215;71315.87271493435;0.0;0.0;88.64272148274051;241.78446838543755;0.5282172710957562;8485.740605010327;0.5944017697619193;0.23312116252276605;152.77514490237974;350.4845269691268;0.49423088606900534;71315.87271493435;0.6352765277351282;0.26540898086773185;90.42264179052012;2660.2180288933087;0.03398638502675091;71315.87271493435;0.0;0.0;105.145283982308;241.78446838543755;0.5282172710957562;71315.87271493435;0.5944017697619193;0.23312116252276605;142.52023635273116;317.34244947605765;0.5282172710957562;71315.87271493435;0.5944017697619193;0.23312116252276605;141.16806838354296;330.54122229787;0.4900000000000001;71315.87271493435;0.6407617974655692;0.2700654017472356;97.51441000628245;249.09013947927636;0.4900000000000001;71315.87271493435;0.6407617974655692;0.2700654017472356;97.49498085319152;249.05447780891674;0.4900000000000001;8485.740605010327;0.6407617974655692;0.2700654017472356;88.64272148274051;2666.033780495537;0.03821727109575612;8485.740605010327;0.0;0.0;42.63112874465685;178.5315722499675;0.03821727109575612;8485.740605010327;0.0;0.0;42.63306997310957;178.5949637864644;0.03821727109575612;71315.87271493435;0.0;0.0;"Zustand 3: Temperatur 415.670 K liegt außerhalb des Boryta-Prüfbereichs; Kristallisation wurde nicht bewertet.";"Zustand 4: Temperatur 414.318 K liegt außerhalb des Boryta-Prüfbereichs; Kristallisation wurde nicht bewertet.";Zustand 5: Kristallisationsprüfung bestanden (w_LiBr=0.6408 <= w_crit=0.6942, T=370.66 K >= T_crit=311.28 K).;Zustand 6: Kristallisationsprüfung bestanden (w_LiBr=0.6408 <= w_crit=0.6942, T=370.64 K >= T_crit=311.28 K).;"Zustand 20: Temperatur 425.925 K liegt außerhalb des Boryta-Prüfbereichs; Kristallisation wurde nicht bewertet.";5
parallel;Parallel (T13 = T15);parallel;100.0;100.0;30.0;100.0;4.0;4.0;4.0;100.0;0.5000000000000001;Abwärmetemperatur [°C];hot_temperature_C;100.0;10.0;10.0;25.0;15.0;11.0;nan;nan;2.106475632094202e-19;`gtol` termination condition is satisfied.;4;4.8259174462196833e-08;6.490725124505277e-10;1;True;;True;0;zulässig;feasible;True;True;True;90.40768038263235;105.07615186220937;141.16811096430757;42.651970651135116;0.11183448727043399;0.26512072036555445;0.23343980319732394;0.2697300086454812;96.04409831406258;95.22240848949033;96.25723847061698;94.98901845226288;40.81395409338918;0.5022011926371579;13.06209753305516;40.74426425323338;0.002424647574635209;0.01782523323013941;9.604409826655854;9.522240848741058;3.8502895388680156;6.332601230005571;3.7103594634293073;88.74524648745864;0.011956161307309466;2666.227472758216;241.80167451077284;212.4640836202692;0.00643574686220405;0.5318429444991714;0.6020291544372255;0.23884253875305206;1.3174883406463778e-10;-4.333202241468825e-09;6.563737997566932e-09;-4.3407277772189445e-10;-1.0834071417775704e-09;2.0797585875698132e-09;2.1793056248498033e-09;4.750404514197726e-08;1.3174883406463777e-12;-4.333202241468825e-11;6.563737997566931e-11;-4.3407277772189445e-10;-1.0834071417775704e-11;2.0797585875698132e-11;2.1793056248498032e-11;4.750404514197726e-10;140.74426425323338;100.0;94.2429881297478;100.0;94.31883860931441;35.69512012496949;11.924074875134806;7.607064212205557;53.05012636248915;12.651970651135116;2.570280677745984;5.4977416422891565;9.59231961736765;51.664927381412724;1.4389532478979845;7.627022446215108;4.0;0.5000000000000001;71275.46645528146;8494.99579226812;8.390288612050187;1.4389532478979845;deltaT_shex_1_K;shex;True;True;True;True;True;True;True;True;90.40768038263235;2660.1936878654055;0.038278691361375294;71275.46645528146;0.0;0.0;135.0;4.0;140.74426425323338;4.0;100.0;4.0;94.2429881297478;4.0;100.0;4.0;94.31883860931441;4.0;30.0;4.0;35.69512012496949;4.0;90.40768038263235;2660.1936878654055;0.004280877821782597;71275.46645528146;0.0;0.0;88.74524648745864;241.80167451076787;0.5382786913613754;8494.99579226812;0.5948311967550709;0.23343980319732394;152.6683391283682;350.1500455638666;0.5042808778217827;71275.46645528146;0.6349337694249619;0.26512072036555445;90.40768038263235;2660.1936878654055;0.0339978135395927;71275.46645528146;0.0;0.0;105.07615186220937;241.80167451076787;0.5382786913613754;71275.46645528146;0.5948311967550709;0.23343980319732394;142.60706421220556;317.6247653155803;0.5382786913613754;71275.46645528146;0.5948311967550709;0.23343980319732394;141.16811096430757;330.372016385637;0.5000000000000001;71275.46645528146;0.6403699163404807;0.2697300086454812;97.44912941599426;248.74410819912214;0.5000000000000001;71275.46645528146;0.6403699163404807;0.2697300086454812;97.42971932225402;248.70845773266186;0.5000000000000001;8494.99579226812;0.6403699163404807;0.2697300086454812;88.74524648745864;2666.227472758216;0.038278691361375294;8494.99579226812;0.0;0.0;42.651970651135116;178.61869871393188;0.038278691361375294;8494.99579226812;0.0;0.0;42.65391122790169;178.68204068013821;0.038278691361375294;71275.46645528146;0.0;0.0;"Zustand 3: Temperatur 415.757 K liegt außerhalb des Boryta-Prüfbereichs; Kristallisation wurde nicht bewertet.";"Zustand 4: Temperatur 414.318 K liegt außerhalb des Boryta-Prüfbereichs; Kristallisation wurde nicht bewertet.";Zustand 5: Kristallisationsprüfung bestanden (w_LiBr=0.6404 <= w_crit=0.6941, T=370.60 K >= T_crit=311.06 K).;Zustand 6: Kristallisationsprüfung bestanden (w_LiBr=0.6404 <= w_crit=0.6941, T=370.58 K >= T_crit=311.06 K).;"Zustand 20: Temperatur 425.818 K liegt außerhalb des Boryta-Prüfbereichs; Kristallisation wurde nicht bewertet.";5
parallel;Parallel (T13 = T15);parallel;100.0;100.0;30.0;100.0;4.0;4.0;4.0;100.0;0.5100000000000001;Abwärmetemperatur [°C];hot_temperature_C;100.0;10.0;10.0;25.0;15.0;11.0;nan;nan;1.719077321133694e-19;`gtol` termination condition is satisfied.;4;4.077452338482745e-08;5.86357795400333e-10;1;True;;True;0;zulässig;feasible;True;True;True;90.39334396429888;105.0117104078725;141.1638067248465;42.67194929437869;0.11299578793492478;0.2648393346477867;0.23374626907684712;0.26940453941389636;96.07165004103359;95.37277356522445;96.29283424766174;95.13098643896123;41.714013447180996;0.5018792838656744;13.302883967925233;40.74591208379388;0.002426555112465916;0.018176364700951738;9.607165000094447;9.537277356345074;3.851713369942467;6.342065762471858;3.792183040991384;88.8439030169111;0.011825279315275215;2666.413864418423;241.82311504272917;212.80854683283505;0.0064842447062359865;0.5418533068524839;0.6023668511453455;0.23909890840123627;1.7837464838521555e-10;-3.7242315897856315e-09;5.817383907924523e-09;-4.213989157619835e-10;-8.999307965495973e-10;1.7737136204232229e-09;1.8833645754057216e-09;4.008911957953387e-08;1.7837464838521555e-12;-3.724231589785632e-11;5.8173839079245225e-11;-4.213989157619835e-10;-8.999307965495973e-12;1.773713620423223e-11;1.8833645754057215e-11;4.008911957953387e-10;140.74591208379388;100.0;94.240859195714;100.0;94.31034770101905;35.70411325150866;11.818455716443907;7.690571503148078;53.13978976540244;12.671949294378692;2.6339983350724196;5.3969561788028955;9.606656035701121;51.636458455173056;1.5267647783015832;7.626316945433871;4.0;0.5100000000000001;71236.76600934916;8503.87579884615;8.376976298150419;1.5267647783015832;deltaT_shex_1_K;shex;True;True;True;True;True;True;True;True;90.39334396429888;2660.170362644865;0.03833755155871976;71236.76600934916;0.0;0.0;135.0;4.0;140.74591208379388;4.0;100.0;4.0;94.240859195714;4.0;100.0;4.0;94.31034770101905;4.0;30.0;4.0;35.70411325150866;4.0;90.39334396429888;2660.170362644865;0.004331981845873343;71236.76600934916;0.0;0.0;88.8439030169111;241.82311504272002;0.5483375515587199;8503.87579884615;0.5952436948802889;0.23374626907684712;152.5643678002378;349.8241523588051;0.5143319818458735;71236.76600934916;0.6345988236652778;0.2648393346477867;90.39334396429888;2660.170362644865;0.03400556971284642;71236.76600934916;0.0;0.0;105.0117104078725;241.82311504272002;0.5483375515587199;71236.76600934916;0.5952436948802889;0.23374626907684712;142.69057150314808;317.89671848024415;0.5483375515587199;71236.76600934916;0.5952436948802889;0.23374626907684712;141.1638067248465;330.19988209444415;0.5100000000000001;71236.76600934916;0.6399891573165163;0.26940453941389636;97.38539346243863;248.40769886502727;0.5100000000000001;71236.76600934916;0.6399891573165163;0.26940453941389636;97.36600166492758;248.3720589342411;0.5100000000000001;8503.87579884615;0.6399891573165163;0.26940453941389636;88.8439030169111;2666.413864418423;0.03833755155871976;8503.87579884615;0.0;0.0;42.67194929437869;178.7022165019771;0.03833755155871976;8503.87579884615;0.0;0.0;42.673889245846;178.7655109747279;0.03833755155871976;71236.76600934916;0.0;0.0;"Zustand 3: Temperatur 415.841 K liegt außerhalb des Boryta-Prüfbereichs; Kristallisation wurde nicht bewertet.";"Zustand 4: Temperatur 414.314 K liegt außerhalb des Boryta-Prüfbereichs; Kristallisation wurde nicht bewertet.";Zustand 5: Kristallisationsprüfung bestanden (w_LiBr=0.6400 <= w_crit=0.6941, T=370.54 K >= T_crit=310.85 K).;Zustand 6: Kristallisationsprüfung bestanden (w_LiBr=0.6400 <= w_crit=0.6941, T=370.52 K >= T_crit=310.85 K).;"Zustand 20: Temperatur 425.714 K liegt außerhalb des Boryta-Prüfbereichs; Kristallisation wurde nicht bewertet.";5
parallel;Parallel (T13 = T15);parallel;100.0;100.0;30.0;100.0;4.0;4.0;4.0;100.0;0.5200000000000001;Abwärmetemperatur [°C];hot_temperature_C;100.0;10.0;10.0;25.0;15.0;11.0;nan;nan;1.4199181149837566e-19;`gtol` termination condition is satisfied.;4;3.4482070926707e-08;5.329011381079528e-10;1;True;;True;0;zulässig;feasible;True;True;True;90.37957533015458;104.95176782328366;141.1554189796522;42.69114242437939;0.11418958569281444;0.2645645767216023;0.2340411436690656;0.2690885711662728;96.08903646167064;95.51722664000016;96.31797525146075;95.26733187920179;42.61112481714964;0.5015470022246394;13.543752618633293;40.74695194148745;0.0024283823992365125;0.01852758881726987;9.608903642779575;9.551722663850352;3.852719010088698;6.351155458506133;3.8737386200286226;88.9389222342985;0.011701029822421266;2666.593389917246;241.8485897198426;213.14066623210203;0.00653378585052844;0.5518602999425474;0.6026922296494692;0.23934617495846242;2.0830270841543097e-10;-3.1652120924263727e-09;5.086604915049975e-09;-4.063235303775059e-10;-7.566995918750763e-10;1.4966303751862142e-09;1.6097914112833678e-09;3.387489755368733e-08;2.08302708415431e-12;-3.165212092426373e-11;5.086604915049975e-11;-4.063235303775059e-10;-7.566995918750763e-12;1.4966303751862143e-11;1.6097914112833677e-11;3.3874897553687333e-10;140.74695194148745;100.0;94.23935554716144;100.0;94.30219306942575;35.71275278947371;11.716136714611537;7.770889897365805;53.22616944482479;12.691142424379393;2.69618510142044;5.3004333128629355;9.62042466984542;51.60911129497407;1.6154709177135942;7.628578725072373;4.0;0.5200000000000001;71199.61475853031;8512.41419756123;8.36420938949713;1.6154709177135942;deltaT_shex_1_K;shex;True;True;True;True;True;True;True;True;90.37957533015458;2660.147960281733;0.03839408579307568;71199.61475853031;0.0;0.0;135.0;4.0;140.74695194148745;4.0;100.0;4.0;94.23935554716144;4.0;100.0;4.0;94.30219306942575;4.0;30.0;4.0;35.71275278947371;4.0;90.37957533015458;2660.147960281733;0.004384204749765685;71199.61475853031;0.0;0.0;88.9389222342985;241.84858971985508;0.5583940857930758;8512.41419756123;0.5956401098965992;0.2340411436690656;152.463088656099;349.50646126225297;0.5243842047497658;71199.61475853031;0.634271421642913;0.2645645767216023;90.37957533015458;2660.147960281733;0.03400988104331;71199.61475853031;0.0;0.0;104.95176782328366;241.84858971985508;0.5583940857930758;71199.61475853031;0.5956401098965992;0.2340411436690656;142.7708898973658;318.1587188943608;0.5583940857930758;71199.61475853031;0.5956401098965992;0.2340411436690656;141.1554189796522;330.0250662047139;0.5200000000000001;71199.61475853031;0.6396190665911513;0.2690885711662728;97.32318909821129;248.08059540290364;0.5200000000000001;71199.61475853031;0.6396190665911513;0.2690885711662728;97.30381489857956;248.0449654244089;0.5200000000000001;8512.41419756123;0.6396190665911513;0.2690885711662728;88.9389222342985;2666.593389917246;0.03839408579307568;8512.41419756123;0.0;0.0;42.69114242437939;178.78245062860847;0.03839408579307568;8512.41419756123;0.0;0.0;42.693081774451684;178.84569949491367;0.03839408579307568;71199.61475853031;0.0;0.0;"Zustand 3: Temperatur 415.921 K liegt außerhalb des Boryta-Prüfbereichs; Kristallisation wurde nicht bewertet.";"Zustand 4: Temperatur 414.305 K liegt außerhalb des Boryta-Prüfbereichs; Kristallisation wurde nicht bewertet.";Zustand 5: Kristallisationsprüfung bestanden (w_LiBr=0.6396 <= w_crit=0.6940, T=370.47 K >= T_crit=310.66 K).;Zustand 6: Kristallisationsprüfung bestanden (w_LiBr=0.6396 <= w_crit=0.6940, T=370.45 K >= T_crit=310.66 K).;"Zustand 20: Temperatur 425.613 K liegt außerhalb des Boryta-Prüfbereichs; Kristallisation wurde nicht bewertet.";5
parallel;Parallel (T13 = T15);parallel;100.0;100.0;30.0;100.0;4.0;4.0;4.0;100.0;0.5300000000000001;Abwärmetemperatur [°C];hot_temperature_C;100.0;10.0;10.0;25.0;15.0;11.0;nan;nan;1.1836054032081093e-19;`gtol` termination condition is satisfied.;4;2.9175064996671838e-08;4.865399065252734e-10;1;True;;True;0;zulässig;feasible;True;True;True;90.36632227222026;104.89613848223559;141.14319524418158;42.709621054211254;0.11541541972979905;0.2642962094388507;0.23432497648202477;0.2687817018826481;96.09687647454027;95.65630217885014;96.3332978659472;95.39857176833675;43.50521389631233;0.5012045032358929;13.784670220141411;40.747420841778705;0.0024301369215726154;0.018878882431674397;9.609687644591153;9.56563021776053;3.853331914665524;6.359904784465596;3.9550194453665597;89.03051875633571;0.011583068771723987;2666.7664526895996;241.87790474303742;213.4611001262577;0.0065843781586283345;0.5618641296065843;0.6030058944697594;0.23958477112336743;2.468141246936284e-10;-2.7198296947972267e-09;4.4847467961517395e-09;-3.893813049771211e-10;-6.90903334543691e-10;1.2448424513422651e-09;1.35281652546837e-09;2.862873316189507e-08;2.468141246936284e-12;-2.7198296947972268e-11;4.48474679615174e-11;-3.893813049771211e-10;-6.90903334543691e-12;1.2448424513422651e-11;1.35281652546837e-11;2.862873316189507e-10;140.7474208417787;100.0;94.23843912285002;100.0;94.29434379375977;35.72107070447669;11.616947468258275;7.848145013980911;53.30944805185902;12.709621054211254;2.756857080547036;5.2079203665143154;9.633677727779741;51.58278396909475;1.7049497697993274;7.633638321916976;4.0;0.5300000000000001;71163.86991802295;8520.64171833158;8.351937831738509;1.7049497697993274;deltaT_shex_1_K;shex;True;True;True;True;True;True;True;True;90.36632227222026;2660.1263959375715;0.03844850776521247;71163.86991802295;0.0;0.0;135.0;4.0;140.7474208417787;4.0;100.0;4.0;94.23843912285002;4.0;100.0;4.0;94.29434379375977;4.0;30.0;4.0;35.72107070447669;4.0;90.36632227222026;2660.1263959375715;0.0044375506617064355;71163.86991802295;0.0;0.0;89.03051875633571;241.8779047430479;0.5684485077652126;8520.64171833158;0.5960212357243612;0.23432497648202477;152.36436831003698;349.19660754699424;0.5344375506617066;71163.86991802295;0.6339513045327423;0.2642962094388507;90.36632227222026;2660.1263959375715;0.03401095710350603;71163.86991802295;0.0;0.0;104.89613848223559;241.8779047430479;0.5684485077652126;71163.86991802295;0.5960212357243612;0.23432497648202477;142.8481450139809;318.41115850660844;0.5684485077652126;71163.86991802295;0.5960212357243612;0.23432497648202477;141.14319524418158;329.8477999863434;0.5300000000000001;71163.86991802295;0.639259211403568;0.2687817018826481;97.26250016031861;247.76249074848394;0.5300000000000001;71163.86991802295;0.639259211403568;0.2687817018826481;97.24314291945296;247.72687021559398;0.5300000000000001;8520.64171833158;0.639259211403568;0.2687817018826481;89.03051875633571;2666.7664526895996;0.03844850776521247;8520.64171833158;0.0;0.0;42.709621054211254;178.8596979468767;0.03844850776521247;8520.64171833158;0.0;0.0;42.71155982466502;178.92290292056288;0.03844850776521247;71163.86991802295;0.0;0.0;"Zustand 3: Temperatur 415.998 K liegt außerhalb des Boryta-Prüfbereichs; Kristallisation wurde nicht bewertet.";"Zustand 4: Temperatur 414.293 K liegt außerhalb des Boryta-Prüfbereichs; Kristallisation wurde nicht bewertet.";Zustand 5: Kristallisationsprüfung bestanden (w_LiBr=0.6393 <= w_crit=0.6940, T=370.41 K >= T_crit=310.47 K).;Zustand 6: Kristallisationsprüfung bestanden (w_LiBr=0.6393 <= w_crit=0.6939, T=370.39 K >= T_crit=310.47 K).;"Zustand 20: Temperatur 425.514 K liegt außerhalb des Boryta-Prüfbereichs; Kristallisation wurde nicht bewertet.";5
parallel;Parallel (T13 = T15);parallel;100.0;100.0;30.0;100.0;4.0;4.0;4.0;100.0;0.5400000000000001;Abwärmetemperatur [°C];hot_temperature_C;100.0;10.0;10.0;25.0;15.0;11.0;nan;nan;9.950036229025263e-20;`gtol` termination condition is satisfied.;4;2.4711149414918596e-08;4.4609497260169305e-10;1;True;;True;0;zulässig;feasible;True;True;True;90.3535371059213;104.8446432060914;141.12736791910186;42.727450094520464;0.11667281650086847;0.26403400504019714;0.23459828518441414;0.26848354929281604;96.09574099319673;95.79048871818269;96.33938935466168;95.5251783082202;44.39621479063857;0.5008519403230459;14.025605097581495;40.74735293021513;0.002431825480308837;0.019230223290756396;9.609574096897788;9.57904887171389;3.8535755742079223;6.368345220471991;4.0360195266365455;89.11889201004982;0.011471072351807592;2666.9334276997092;241.9108732579955;213.77046340378214;0.0066360269722861576;0.5718649857286288;0.6033084124358004;0.23981510354284188;2.7353053155820817e-10;-2.3634356693946756e-09;3.9512144667241955e-09;-3.7141678621566143e-10;-5.363745003705844e-10;1.043773067976872e-09;1.1403500366213848e-09;2.4218849148383015e-08;2.7353053155820815e-12;-2.3634356693946755e-11;3.9512144667241956e-11;-3.7141678621566143e-10;-5.363745003705844e-12;1.043773067976872e-11;1.1403500366213849e-11;2.4218849148383015e-10;140.74735293021513;100.0;94.23807479936232;100.0;94.28677163228349;35.72909621520233;11.520728620755676;7.9224566521311885;53.38979579484749;12.727450094520464;2.816032976681015;5.119182789312504;9.646462894078695;51.55738332725491;1.7950887330293313;7.641335315783067;4.0;0.5400000000000001;71129.40120537543;8528.586507656679;8.340116048716611;1.7950887330293313;deltaT_shex_1_K;shex;True;True;True;True;True;True;True;True;90.3535371059213;2660.105592117194;0.03850101270091477;71129.40120537543;0.0;0.0;135.0;4.0;140.74735293021513;4.0;100.0;4.0;94.23807479936232;4.0;100.0;4.0;94.28677163228349;4.0;30.0;4.0;35.72909621520233;4.0;90.3535371059213;2660.105592117194;0.0044920215899514355;71129.40120537543;0.0;0.0;89.11889201004982;241.91087325800402;0.5785010127009149;8528.586507656679;0.5963878179862951;0.23459828518441414;152.2680815509708;348.8942463320943;0.5444920215899516;71129.40120537543;0.6336382230753783;0.26403400504019714;90.3535371059213;2660.105592117194;0.03400899111096334;71129.40120537543;0.0;0.0;104.8446432060914;241.91087325800402;0.5785010127009149;71129.40120537543;0.5963878179862951;0.23459828518441414;142.9224566521312;318.65441184467096;0.5785010127009149;71129.40120537543;0.5963878179862951;0.23459828518441414;141.12736791910186;329.66829955384213;0.5400000000000001;71129.40120537543;0.638909179014001;0.26848354929281604;97.20330789030834;247.4530869790921;0.5400000000000001;71129.40120537543;0.638909179014001;0.26848354929281604;97.18396702331898;247.4174754544796;0.5400000000000001;8528.586507656679;0.638909179014001;0.26848354929281604;89.11889201004982;2666.9334276997092;0.03850101270091477;8528.586507656679;0.0;0.0;42.727450094520464;178.93422980051398;0.03850101270091477;8528.586507656679;0.0;0.0;42.72938830502858;178.99739243727888;0.03850101270091477;71129.40120537543;0.0;0.0;"Zustand 3: Temperatur 416.072 K liegt außerhalb des Boryta-Prüfbereichs; Kristallisation wurde nicht bewertet.";"Zustand 4: Temperatur 414.277 K liegt außerhalb des Boryta-Prüfbereichs; Kristallisation wurde nicht bewertet.";Zustand 5: Kristallisationsprüfung bestanden (w_LiBr=0.6389 <= w_crit=0.6939, T=370.35 K >= T_crit=310.29 K).;Zustand 6: Kristallisationsprüfung bestanden (w_LiBr=0.6389 <= w_crit=0.6939, T=370.33 K >= T_crit=310.29 K).;"Zustand 20: Temperatur 425.418 K liegt außerhalb des Boryta-Prüfbereichs; Kristallisation wurde nicht bewertet.";5
parallel;Parallel (T13 = T15);parallel;100.0;100.0;30.0;100.0;4.0;4.0;4.0;100.0;0.5500000000000002;Abwärmetemperatur [°C];hot_temperature_C;100.0;10.0;10.0;25.0;15.0;11.0;nan;nan;8.473366056969862e-20;`gtol` termination condition is satisfied.;4;2.1068988447300657e-08;4.1166408774557593e-10;1;True;;True;0;zulässig;feasible;True;True;True;90.34117624438238;104.79710942054845;141.10815501713688;42.74468892388319;0.11796129367942798;0.26377774474028165;0.23486155763508362;0.2681937498235765;96.08615707855196;95.9202331584021;96.33679207025787;95.64758312273786;45.2840690465295;0.5004894642179064;14.266527072320837;40.74677972957846;0.0024334542595891126;0.019581590003076996;9.608615705793124;9.592023315753453;3.853471682830778;6.376505541453701;4.116733549871956;89.20422746764154;0.011364735796528825;2667.094663749391;241.94731565230305;214.06933084161398;0.006688735471876206;0.5818630436129638;0.6036003154147411;0.24003755461780651;3.043112428713357e-10;-2.0620163354578835e-09;3.512127477733884e-09;-3.5368008521885486e-10;-5.115765588925569e-10;8.675726803630823e-10;9.323315453002579e-10;2.0620717577912728e-08;3.043112428713357e-12;-2.0620163354578837e-11;3.512127477733884e-11;-3.5368008521885486e-10;-5.1157655889255694e-12;8.675726803630823e-12;9.32331545300258e-12;2.062071757791273e-10;140.74677972957846;100.0;94.23823013933867;100.0;94.2794507701712;35.73685605014367;11.427330982307922;7.993939028714578;53.46737141749787;12.744688923883189;2.873733639534862;5.034002671697124;9.658823755617618;51.532824177926216;1.885784011577698;7.651518031758712;4.0;0.5500000000000002;71096.08964758982;8536.274363104336;8.328702502216052;1.885784011577698;deltaT_shex_1_K;shex;True;True;True;True;True;True;True;True;90.34117624438238;2660.085477978483;0.038551779084839866;71096.08964758982;0.0;0.0;135.0;4.0;140.74677972957846;4.0;100.0;4.0;94.23823013933867;4.0;100.0;4.0;94.2794507701712;4.0;30.0;4.0;35.73685605014367;4.0;90.34117624438238;2660.085477978483;0.004547617734491224;71096.08964758982;0.0;0.0;89.20422746764154;241.94731565230848;0.58855177908484;8536.274363104336;0.5967405573033511;0.23486155763508362;152.17411071188639;348.5990512129353;0.5545476177344913;71096.08964758982;0.6333319371949794;0.26377774474028165;90.34117624438238;2660.085477978483;0.034004161350348644;71096.08964758982;0.0;0.0;104.79710942054845;241.94731565230848;0.58855177908484;71096.08964758982;0.5967405573033511;0.23486155763508362;142.99393902871458;318.88883661235604;0.58855177908484;71096.08964758982;0.5967405573033511;0.23486155763508362;141.10815501713688;329.48676636951234;0.5500000000000002;71096.08964758982;0.6385685757326657;0.2681937498235765;97.14559138878974;247.15209537637566;0.5500000000000002;71096.08964758982;0.6385685757326657;0.2681937498235765;97.12626636046514;247.11649248546098;0.5500000000000002;8536.274363104336;0.6385685757326657;0.2681937498235765;89.20422746764154;2667.094663749391;0.038551779084839866;8536.274363104336;0.0;0.0;42.74468892388319;179.00629440817318;0.038551779084839866;8536.274363104336;0.0;0.0;42.74662659224498;179.06941611921624;0.038551779084839866;71096.08964758982;0.0;0.0;"Zustand 3: Temperatur 416.144 K liegt außerhalb des Boryta-Prüfbereichs; Kristallisation wurde nicht bewertet.";"Zustand 4: Temperatur 414.258 K liegt außerhalb des Boryta-Prüfbereichs; Kristallisation wurde nicht bewertet.";Zustand 5: Kristallisationsprüfung bestanden (w_LiBr=0.6386 <= w_crit=0.6938, T=370.30 K >= T_crit=310.11 K).;Zustand 6: Kristallisationsprüfung bestanden (w_LiBr=0.6386 <= w_crit=0.6938, T=370.28 K >= T_crit=310.11 K).;"Zustand 20: Temperatur 425.324 K liegt außerhalb des Boryta-Prüfbereichs; Kristallisation wurde nicht bewertet.";5
parallel;Parallel (T13 = T15);parallel;100.0;100.0;30.0;100.0;4.0;4.0;4.0;100.0;0.5600000000000002;Abwärmetemperatur [°C];hot_temperature_C;100.0;10.0;10.0;25.0;15.0;11.0;nan;nan;7.278845921425608e-20;`gtol` termination condition is satisfied.;4;1.8047888207466e-08;3.815454342912678e-10;1;True;;True;0;zulässig;feasible;True;True;True;90.3291998158856;104.75337121574051;141.08576091174876;42.761391901762124;0.11928036340753412;0.263527218345087;0.2351152537869006;0.267911957605367;96.06861169186487;96.04594462461941;96.32600727983208;95.76618104607157;46.16872479585103;0.5001172225123224;14.507407373904522;40.745730364346;0.0024350288882841326;0.01993296200587898;9.606861167422853;9.604594462390988;3.8530402912116353;6.384412069685886;4.19715679978693;89.28669777091682;0.011263772234561363;2667.250485580499;241.98705970551498;214.35824013691666;0.006742504987938158;0.5918584652314074;0.6038821028228348;0.24025248417399986;3.135411930088594e-10;-1.805197769044753e-09;3.144492666251608e-09;-3.3617791883600034e-10;-4.587974444802967e-10;7.095195542206056e-10;7.83273890192504e-10;1.7636352822592016e-08;3.135411930088594e-12;-1.805197769044753e-11;3.144492666251608e-11;-3.3617791883600034e-10;-4.587974444802967e-12;7.095195542206056e-12;7.83273890192504e-12;1.7636352822592016e-10;140.745730364346;100.0;94.23887516268945;100.0;94.2723575929383;35.74437467850595;11.336614736211061;8.062701017820189;53.54232309241087;12.761391901762124;2.9299816674521253;4.952177391772636;9.670800184114398;51.50902854881565;1.9769401060714245;7.664043203874371;4.0;0.5600000000000002;71063.82651162107;8543.728945227016;8.317659299259619;1.9769401060714245;deltaT_shex_1_K;shex;True;True;True;True;True;True;True;True;90.3291998158856;2660.065988712061;0.03860097021934539;71063.82651162107;0.0;0.0;135.0;4.0;140.745730364346;4.0;100.0;4.0;94.23887516268945;4.0;100.0;4.0;94.2723575929383;4.0;30.0;4.0;35.74437467850595;4.0;90.3291998158856;2660.065988712061;0.00460433775564692;71063.82651162107;0.0;0.0;89.28669777091682;241.9870597055206;0.5986009702193456;8543.728945227016;0.5970801123601105;0.2351152537869006;152.08234510055706;348.31071301918485;0.5646043377556471;71063.82651162107;0.6330322156474454;0.263527218345087;90.3291998158856;2660.065988712061;0.03399663246369847;71063.82651162107;0.0;0.0;104.75337121574051;241.9870597055206;0.5986009702193456;71063.82651162107;0.5970801123601105;0.2351152537869006;143.0627010178202;319.1147743146924;0.5986009702193456;71063.82651162107;0.5970801123601105;0.2351152537869006;141.08576091174876;329.303387850356;0.5600000000000002;71063.82651162107;0.6382370259954248;0.267911957605367;97.08932801186614;246.85923642975337;0.5600000000000002;71063.82651162107;0.6382370259954248;0.267911957605367;97.07001833254787;246.82364185474287;0.5600000000000002;8543.728945227016;0.6382370259954248;0.267911957605367;89.28669777091682;2667.250485580499;0.03860097021934539;8543.728945227016;0.0;0.0;42.761391901762124;179.07611900759102;0.03860097021934539;8543.728945227016;0.0;0.0;42.763329044122656;179.13920107196523;0.03860097021934539;71063.82651162107;0.0;0.0;"Zustand 3: Temperatur 416.213 K liegt außerhalb des Boryta-Prüfbereichs; Kristallisation wurde nicht bewertet.";"Zustand 4: Temperatur 414.236 K liegt außerhalb des Boryta-Prüfbereichs; Kristallisation wurde nicht bewertet.";Zustand 5: Kristallisationsprüfung bestanden (w_LiBr=0.6382 <= w_crit=0.6938, T=370.24 K >= T_crit=309.95 K).;Zustand 6: Kristallisationsprüfung bestanden (w_LiBr=0.6382 <= w_crit=0.6938, T=370.22 K >= T_crit=309.95 K).;"Zustand 20: Temperatur 425.232 K liegt außerhalb des Boryta-Prüfbereichs; Kristallisation wurde nicht bewertet.";5
parallel;Parallel (T13 = T15);parallel;100.0;100.0;30.0;100.0;4.0;4.0;4.0;100.0;0.5700000000000002;Abwärmetemperatur [°C];hot_temperature_C;100.0;10.0;10.0;25.0;15.0;11.0;nan;nan;6.273800509887555e-20;`gtol` termination condition is satisfied.;4;1.5479023703047666e-08;3.5422593100696495e-10;1;True;;True;0;zulässig;feasible;True;True;True;90.31757131976082;104.71326932939468;141.06037709063355;42.777608830267525;0.12062953498807934;0.26328222389869477;0.2353598074689203;0.26763784353291464;96.0435551056963;96.16799794200917;96.30749864383858;95.88133353017783;47.05013600456569;0.49973535933000596;14.74821855746537;40.744231764694746;0.002436554494662923;0.020284319531100294;9.604355509059687;9.616799794141556;3.8522999457698437;6.3920889019671865;4.277285091467991;89.36646375544683;0.011167911592276175;2667.4011957903845;242.0299406222188;214.6376946851133;0.006797335270235516;0.6018514003569888;0.6041542439363533;0.24046023100642872;3.367119916219963e-10;-1.5822223531358759e-09;2.814545041474048e-09;-3.186316765990682e-10;-4.0751046981313266e-10;5.936016123087029e-10;6.700275889670593e-10;1.5099431038834155e-08;3.3671199162199627e-12;-1.582222353135876e-11;2.814545041474048e-11;-3.186316765990682e-10;-4.0751046981313265e-12;5.936016123087029e-12;6.700275889670593e-12;1.5099431038834156e-10;140.74423176469475;100.0;94.23998213852639;100.0;94.26547048264484;35.75167451806277;11.24844872049141;8.128846388453951;53.61478923738406;12.777608830267525;2.9848010621399794;4.873518383079556;9.682428680239184;51.485925021446974;2.0684692978204;7.678775613370988;4.0;0.5700000000000002;71032.51234437228;8550.971969191907;8.3069518412987;2.0684692978204;deltaT_shex_1_K;shex;True;True;True;True;True;True;True;True;90.31757131976082;2660.047064983154;0.03864873562722415;71032.51234437228;0.0;0.0;135.0;4.0;140.74423176469475;4.0;100.0;4.0;94.23998213852639;4.0;100.0;4.0;94.26547048264484;4.0;30.0;4.0;35.75167451806277;4.0;90.31757131976082;2660.047064983154;0.0046621790065892645;71032.51234437228;0.0;0.0;89.36646375544683;242.02994062222254;0.6086487356272243;8550.971969191907;0.5974071027519737;0.2353598074689203;151.99268048518616;348.02893868746924;0.5746621790065894;71032.51234437228;0.6327388356963272;0.26328222389869477;90.31757131976082;2660.047064983154;0.033986556620634885;71032.51234437228;0.0;0.0;104.71326932939468;242.02994062222254;0.6086487356272243;71032.51234437228;0.5974071027519737;0.2353598074689203;143.12884638845395;319.33255089722724;0.6086487356272243;71032.51234437228;0.5974071027519737;0.2353598074689203;141.06037709063355;329.11833804105686;0.5700000000000002;71032.51234437228;0.6379141714819508;0.26763784353291464;97.03449371602369;246.5742397880236;0.5700000000000002;71032.51234437228;0.6379141714819508;0.26763784353291464;97.01519893786002;246.53865326253043;0.5700000000000002;8550.971969191907;0.6379141714819508;0.26763784353291464;89.36646375544683;2667.4011957903845;0.03864873562722415;8550.971969191907;0.0;0.0;42.777608830267525;179.14391178576946;0.03864873562722415;8550.971969191907;0.0;0.0;42.77954546119787;179.2069553615843;0.03864873562722415;71032.51234437228;0.0;0.0;"Zustand 3: Temperatur 416.279 K liegt außerhalb des Boryta-Prüfbereichs; Kristallisation wurde nicht bewertet.";"Zustand 4: Temperatur 414.210 K liegt außerhalb des Boryta-Prüfbereichs; Kristallisation wurde nicht bewertet.";Zustand 5: Kristallisationsprüfung bestanden (w_LiBr=0.6379 <= w_crit=0.6937, T=370.18 K >= T_crit=309.79 K).;Zustand 6: Kristallisationsprüfung bestanden (w_LiBr=0.6379 <= w_crit=0.6937, T=370.17 K >= T_crit=309.79 K).;"Zustand 20: Temperatur 425.143 K liegt außerhalb des Boryta-Prüfbereichs; Kristallisation wurde nicht bewertet.";5
parallel;Parallel (T13 = T15);parallel;100.0;100.0;30.0;100.0;4.0;4.0;4.0;100.0;0.5800000000000002;Abwärmetemperatur [°C];hot_temperature_C;100.0;10.0;10.0;25.0;15.0;11.0;nan;nan;5.429368259903462e-20;`gtol` termination condition is satisfied.;4;1.3336865993819155e-08;3.295259704455314e-10;1;True;;True;0;zulässig;feasible;True;True;True;90.30625731674053;104.67665107015904;141.03218290217472;42.79338537001365;0.12200831708339328;0.2630425673518634;0.23559562805366643;0.26737109437732515;96.01140400482151;96.28673676560489;96.2816953803094;95.9933717111329;47.928261812485225;0.49934401509874576;14.988934426458545;40.742308851963;0.0024380357551181133;0.020635643571292397;9.601140399183562;9.628673676511417;3.851267815226678;6.399558114037381;4.357114710354171;89.44367538409358;0.01107689955181659;2667.5470765782993;242.07580097525414;214.90816612731166;0.006853224719997608;0.6118419875945071;0.6044171800198657;0.24066111430809453;3.4231817380714347e-10;-1.4106618095865997e-09;2.5188455765601248e-09;-3.0134572615025945e-10;-3.575593154891976e-10;4.907150241706404e-10;5.721716433981783e-10;1.2985893249606306e-08;3.4231817380714345e-12;-1.4106618095865997e-11;2.5188455765601248e-11;-3.0134572615025945e-10;-3.5755931548919763e-12;4.907150241706404e-12;5.721716433981783e-12;1.2985893249606307e-10;140.742308851963;100.0;94.2415253959145;100.0;94.25876963450162;35.758776122344784;11.162709775891642;8.192474038891135;53.6848992617488;12.793385370013652;3.0382169288457135;4.797850011820913;9.693742683259472;51.46344813192593;2.1602911367164097;7.695587712543954;4.0;0.5800000000000002;71002.05611053982;8558.023378081487;8.296548510534317;2.1602911367164097;deltaT_shex_1_K;shex;True;True;True;True;True;True;True;True;90.30625731674053;2660.0286524292783;0.03869521231450457;71002.05611053982;0.0;0.0;135.0;4.0;140.742308851963;4.0;100.0;4.0;94.2415253959145;4.0;100.0;4.0;94.25876963450162;4.0;30.0;4.0;35.758776122344784;4.0;90.30625731674053;2660.0286524292783;0.004721137733677298;71002.05611053982;0.0;0.0;89.44367538409358;242.07580097525627;0.6186952123145047;8558.023378081487;0.5977221116293934;0.23559562805366643;151.90501862785464;347.75345023224156;0.5847211377336775;71002.05611053982;0.6324515828080145;0.2630425673518634;90.30625731674053;2660.0286524292783;0.03397407458082727;71002.05611053982;0.0;0.0;104.67665107015904;242.07580097525627;0.6186952123145047;71002.05611053982;0.5977221116293934;0.23559562805366643;143.19247403889113;319.5424773912386;0.6186952123145047;71002.05611053982;0.5977221116293934;0.23559562805366643;141.03218290217472;328.93177832669005;0.5800000000000002;71002.05611053982;0.6375996702752096;0.26737109437732515;96.98106335761508;246.296844167823;0.5800000000000002;71002.05611053982;0.6375996702752096;0.26737109437732515;96.96178307115429;246.26126547201042;0.5800000000000002;8558.023378081487;0.6375996702752096;0.26737109437732515;89.44367538409358;2667.5470765782993;0.03869521231450457;8558.023378081487;0.0;0.0;42.79338537001365;179.20986361739182;0.03869521231450457;8558.023378081487;0.0;0.0;42.79532150257569;179.2728697519829;0.03869521231450457;71002.05611053982;0.0;0.0;"Zustand 3: Temperatur 416.342 K liegt außerhalb des Boryta-Prüfbereichs; Kristallisation wurde nicht bewertet.";"Zustand 4: Temperatur 414.182 K liegt außerhalb des Boryta-Prüfbereichs; Kristallisation wurde nicht bewertet.";Zustand 5: Kristallisationsprüfung bestanden (w_LiBr=0.6376 <= w_crit=0.6937, T=370.13 K >= T_crit=309.63 K).;Zustand 6: Kristallisationsprüfung bestanden (w_LiBr=0.6376 <= w_crit=0.6937, T=370.11 K >= T_crit=309.63 K).;"Zustand 20: Temperatur 425.055 K liegt außerhalb des Boryta-Prüfbereichs; Kristallisation wurde nicht bewertet.";5
parallel;Parallel (T13 = T15);parallel;100.0;100.0;30.0;100.0;4.0;4.0;4.0;100.0;0.5900000000000002;Abwärmetemperatur [°C];hot_temperature_C;100.0;10.0;10.0;25.0;15.0;11.0;nan;nan;4.708108128878164e-20;`gtol` termination condition is satisfied.;4;1.151950627895006e-08;3.068585383813904e-10;1;True;;True;0;zulässig;feasible;True;True;True;90.29522715017805;104.64337019462221;141.00134628564854;42.80876341478239;0.12341621948563704;0.26280806224721864;0.235823102015999;0.26711141194690313;95.97254430577658;96.40247640017614;96.24899514370836;96.10259916981653;48.80306595358601;0.4989433264033436;15.229529960548682;40.73998470728327;0.002439476937638567;0.020986915845889086;9.597254429458426;9.640247639978766;3.849959805762011;6.406839944621166;4.436642359529627;89.5184725984451;0.01099049656481139;2667.6883913386446;242.12449058008954;215.17009668759007;0.006910170590147202;0.6218303553176364;0.6046713262876885;0.2408554349923333;3.5566216638471815e-10;-1.2398970739013748e-09;2.2735946458851686e-09;-2.844298685467095e-10;-3.419131644477602e-10;3.884821353494772e-10;4.990425850337488e-10;1.1192327065145946e-08;3.5566216638471816e-12;-1.2398970739013748e-11;2.2735946458851687e-11;-2.844298685467095e-10;-3.419131644477602e-12;3.884821353494772e-12;4.990425850337488e-12;1.1192327065145946e-10;140.73998470728327;100.0;94.2434811516921;100.0;94.25223689175738;35.76569834929285;11.079282152543556;8.253678226230363;53.75277424915225;12.80876341478239;3.0902552166191413;4.725008553246994;9.70477284982195;51.441537830916445;2.2523319405818256;7.7143592423321365;4.0;0.5900000000000002;70972.37441780811;8564.90149962905;8.286420389175749;2.2523319405818256;deltaT_shex_1_K;shex;True;True;True;True;True;True;True;True;90.29522715017805;2660.0107012079015;0.03874052590778343;70972.37441780811;0.0;0.0;135.0;4.0;140.73998470728327;4.0;100.0;4.0;94.2434811516921;4.0;100.0;4.0;94.25223689175738;4.0;30.0;4.0;35.76569834929285;4.0;90.29522715017805;2660.0107012079015;0.004781209248424008;70972.37441780811;0.0;0.0;89.5184725984451;242.12449058008997;0.6287405259077836;8564.90149962905;0.5980256881532837;0.235823102015999;151.81926685982683;347.4839838015826;0.5947812092484241;70972.37441780811;0.6321702503604874;0.26280806224721864;90.29522715017805;2660.0107012079015;0.033959316659359425;70972.37441780811;0.0;0.0;104.64337019462221;242.12449058008997;0.6287405259077836;70972.37441780811;0.5980256881532837;0.235823102015999;143.25367822623036;319.7448505578781;0.6287405259077836;70972.37441780811;0.5980256881532837;0.235823102015999;141.00134628564854;328.74385816392646;0.5900000000000002;70972.37441780811;0.6372931960607792;0.26711141194690313;96.92901095229007;246.02679722624794;0.5900000000000002;70972.37441780811;0.6372931960607792;0.26711141194690313;96.90974478338086;245.99122618244135;0.5900000000000002;8564.90149962905;0.6372931960607792;0.26711141194690313;89.5184725984451;2667.6883913386446;0.03874052590778343;8564.90149962905;0.0;0.0;42.80876341478239;179.27414963089976;0.03874052590778343;8564.90149962905;0.0;0.0;42.81069906084093;179.33711927006897;0.03874052590778343;70972.37441780811;0.0;0.0;"Zustand 3: Temperatur 416.404 K liegt außerhalb des Boryta-Prüfbereichs; Kristallisation wurde nicht bewertet.";"Zustand 4: Temperatur 414.151 K liegt außerhalb des Boryta-Prüfbereichs; Kristallisation wurde nicht bewertet.";Zustand 5: Kristallisationsprüfung bestanden (w_LiBr=0.6373 <= w_crit=0.6936, T=370.08 K >= T_crit=309.49 K).;Zustand 6: Kristallisationsprüfung bestanden (w_LiBr=0.6373 <= w_crit=0.6936, T=370.06 K >= T_crit=309.49 K).;"Zustand 20: Temperatur 424.969 K liegt außerhalb des Boryta-Prüfbereichs; Kristallisation wurde nicht bewertet.";5
parallel;Parallel (T13 = T15);parallel;100.0;100.0;30.0;100.0;4.0;4.0;4.0;100.0;0.6000000000000002;Abwärmetemperatur [°C];hot_temperature_C;100.0;10.0;10.0;25.0;15.0;11.0;nan;nan;4.0878295612557135e-20;`gtol` termination condition is satisfied.;4;9.929190149687937e-09;2.859310952399446e-10;1;True;;True;0;zulässig;feasible;True;True;True;90.2844526947793;104.61328674962607;140.96802447818618;42.823781429444125;0.1248527545450877;0.2625785294208604;0.23604259438875813;0.26685851229327173;95.92733372275012;96.51550634353828;96.2097666458659;96.20929442008246;49.6745162463451;0.49853342590562094;15.46998124821539;40.737280725044855;0.0024408819406567923;0.0213381187680434;9.592733371313285;9.651550634322335;3.848390665846836;6.413952961310781;4.515865113409272;89.59098609584703;0.01090847692169819;2667.8253861153366;242.17586631773509;215.4239013180859;0.006968169157969162;0.6318166225216729;0.6049170737115209;0.24104347691630093;3.686508875944128e-10;-1.15689147150988e-09;2.0448851500987075e-09;-2.6815089038123574e-10;-3.050075747523806e-10;3.149267513435916e-10;4.207407755529857e-10;9.617266982786532e-09;3.686508875944128e-12;-1.15689147150988e-11;2.0448851500987076e-11;-2.6815089038123574e-10;-3.050075747523806e-12;3.1492675134359162e-12;4.207407755529857e-12;9.617266982786532e-11;140.73728072504485;100.0;94.24582735371615;100.0;94.24585559688501;35.77245851336954;10.998056969588163;8.312548789525806;53.818527582477486;12.823781429444125;3.140942493863747;4.654841257869123;9.715547305220696;51.42013899734991;2.344524311339626;7.734976850456405;4.0;0.6000000000000002;70943.39081970515;8571.623188092288;8.276541007805829;2.344524311339626;deltaT_shex_1_K;shex;True;True;True;True;True;True;True;True;90.2844526947793;2659.993165588686;0.03878479167964188;70943.39081970515;0.0;0.0;135.0;4.0;140.73728072504485;4.0;100.0;4.0;94.24582735371615;4.0;100.0;4.0;94.24585559688501;4.0;30.0;4.0;35.77245851336954;4.0;90.2844526947793;2659.993165588686;0.004842388075660687;70943.39081970515;0.0;0.0;89.59098609584703;242.1758663177368;0.6387847916796421;8571.623188092288;0.5983183497733976;0.23604259438875813;151.73533769463302;347.2202888104279;0.6048423880756609;70943.39081970515;0.6318946393658643;0.2625785294208604;90.2844526947793;2659.993165588686;0.033942403603981194;70943.39081970515;0.0;0.0;104.61328674962607;242.1758663177368;0.6387847916796421;70943.39081970515;0.5983183497733976;0.23604259438875813;143.3125487895258;319.9399535242109;0.6387847916796421;70943.39081970515;0.5983183497733976;0.23604259438875813;140.96802447818618;328.55471581346524;0.6000000000000002;70943.39081970515;0.6369944373635115;0.26685851229327173;96.87830989916966;245.76385540350452;0.6000000000000002;70943.39081970515;0.6369944373635115;0.26685851229327173;96.85905750613625;245.72829187222445;0.6000000000000002;8571.623188092288;0.6369944373635115;0.26685851229327173;89.59098609584703;2667.8253861153366;0.03878479167964188;8571.623188092288;0.0;0.0;42.823781429444125;179.3369306210867;0.03878479167964188;8571.623188092288;0.0;0.0;42.8257165995351;179.39986461750516;0.03878479167964188;70943.39081970515;0.0;0.0;"Zustand 3: Temperatur 416.463 K liegt außerhalb des Boryta-Prüfbereichs; Kristallisation wurde nicht bewertet.";"Zustand 4: Temperatur 414.118 K liegt außerhalb des Boryta-Prüfbereichs; Kristallisation wurde nicht bewertet.";Zustand 5: Kristallisationsprüfung bestanden (w_LiBr=0.6370 <= w_crit=0.6936, T=370.03 K >= T_crit=309.35 K).;Zustand 6: Kristallisationsprüfung bestanden (w_LiBr=0.6370 <= w_crit=0.6936, T=370.01 K >= T_crit=309.35 K).;"Zustand 20: Temperatur 424.885 K liegt außerhalb des Boryta-Prüfbereichs; Kristallisation wurde nicht bewertet.";5
parallel;Parallel (T13 = T15);parallel;100.0;100.0;30.0;100.0;4.0;4.0;4.0;100.0;0.6100000000000002;Abwärmetemperatur [°C];hot_temperature_C;100.0;10.0;10.0;25.0;15.0;11.0;nan;nan;3.5592389521514855e-20;`gtol` termination condition is satisfied.;4;8.650230548981816e-09;2.668047582840863e-10;1;True;;True;0;zulässig;feasible;True;True;True;90.27390813004314;104.58626688891115;140.93236469403007;42.838474754881645;0.1263174383000463;0.2623537967162207;0.2362544501217543;0.26661212496069064;95.8761041029953;96.62609258142926;96.16435204270911;96.31371315234159;50.54258414592809;0.49811444231755825;15.710265423915361;40.73421675257151;0.0024422543277999053;0.021689235412341495;9.587610409463535;9.66260925811838;3.846574081718469;6.420914210132677;4.594780376993185;89.6613380390562;0.010830627875476196;2667.958290930389;242.2297919200839;215.66996966912694;0.0070272158738405865;0.6418008995997156;0.6051547906877623;0.24122550801379977;3.6629188571168925e-10;-9.969483016902814e-10;1.8704042759054573e-09;-2.524054298902456e-10;-2.526121534174308e-10;2.454640934956842e-10;3.5143443710694555e-10;8.35994740100432e-09;3.662918857116892e-12;-9.969483016902813e-12;1.8704042759054574e-11;-2.524054298902456e-10;-2.526121534174308e-12;2.454640934956842e-12;3.5143443710694557e-12;8.35994740100432e-11;140.7342167525715;100.0;94.24854353811548;100.0;94.23961045739583;35.77907252281278;10.91893172169705;8.369171365890963;53.88226551624342;12.838474754881645;3.190305754904557;4.58720549905928;9.72609186995686;51.39920099891759;2.436806671860893;7.757333714884169;4.0;0.6100000000000002;70915.03518800656;8578.203952699483;8.266886119639326;2.436806671860893;deltaT_shex_1_K;shex;True;True;True;True;True;True;True;True;90.27390813004314;2659.9760035857726;0.038828115473556024;70915.03518800656;0.0;0.0;135.0;4.0;140.7342167525715;4.0;100.0;4.0;94.24854353811548;4.0;100.0;4.0;94.23961045739583;4.0;30.0;4.0;35.77907252281278;4.0;90.27390813004314;2659.9760035857726;0.004904668080637986;70915.03518800656;0.0;0.0;89.6613380390562;242.22979192008586;0.6488281154735562;8578.203952699483;0.5986005843427614;0.2362544501217543;151.65314847426856;346.9621271407704;0.6149046680806382;70915.03518800656;0.6316245582021762;0.2623537967162207;90.27390813004314;2659.9760035857726;0.03392344739291804;70915.03518800656;0.0;0.0;104.58626688891115;242.22979192008586;0.6488281154735562;70915.03518800656;0.5986005843427614;0.2362544501217543;143.36917136589096;320.1280564073436;0.6488281154735562;70915.03518800656;0.5986005843427614;0.2362544501217543;140.93236469403007;328.3644790620784;0.6100000000000002;70915.03518800656;0.6367030968204644;0.26661212496069064;96.82893317402699;245.5077837414853;0.6100000000000002;70915.03518800656;0.6367030968204644;0.26661212496069064;96.80969424509544;245.47222761785852;0.6100000000000002;8578.203952699483;0.6367030968204644;0.26661212496069064;89.6613380390562;2667.958290930389;0.038828115473556024;8578.203952699483;0.0;0.0;42.838474754881645;179.3983543237132;0.038828115473556024;8578.203952699483;0.0;0.0;42.840409458478234;179.46125344456965;0.038828115473556024;70915.03518800656;0.0;0.0;"Zustand 3: Temperatur 416.519 K liegt außerhalb des Boryta-Prüfbereichs; Kristallisation wurde nicht bewertet.";"Zustand 4: Temperatur 414.082 K liegt außerhalb des Boryta-Prüfbereichs; Kristallisation wurde nicht bewertet.";Zustand 5: Kristallisationsprüfung bestanden (w_LiBr=0.6367 <= w_crit=0.6936, T=369.98 K >= T_crit=309.21 K).;Zustand 6: Kristallisationsprüfung bestanden (w_LiBr=0.6367 <= w_crit=0.6935, T=369.96 K >= T_crit=309.21 K).;"Zustand 20: Temperatur 424.803 K liegt außerhalb des Boryta-Prüfbereichs; Kristallisation wurde nicht bewertet.";5
parallel;Parallel (T13 = T15);parallel;100.0;100.0;30.0;100.0;4.0;4.0;4.0;100.0;0.6200000000000002;Abwärmetemperatur [°C];hot_temperature_C;100.0;10.0;10.0;25.0;15.0;11.0;nan;nan;3.096319205807712e-20;`gtol` termination condition is satisfied.;4;7.427801001591629e-09;2.4885012380176593e-10;1;True;;True;0;zulässig;feasible;True;True;True;90.26356973574713;104.56218267176814;140.89450477269418;42.85287588339844;0.12780979137029552;0.26213369871092856;0.2364589953495982;0.26637199227600866;95.8191635539867;96.73447966037519;96.11306910915542;96.41609025875402;51.407244350154116;0.4976865004167142;15.950360609419958;40.73081121734373;0.0024435973590218357;0.022040249483485097;9.581916354685923;9.673447966018696;3.844522764376;6.427739350563883;4.6733858501075565;89.7296427047981;0.01075674881852215;2668.0873209984034;242.28613772903435;215.90866789950758;0.0070873054893666465;0.6517832890496587;0.6053848245758345;0.2414017813442312;3.900737510775798e-10;-1.029007989927777e-09;1.7091679183067754e-09;-2.3751800526383704e-10;-2.445830205033417e-10;1.8822277070285054e-10;2.957847300422145e-10;7.12746839326428e-09;3.900737510775798e-12;-1.0290079899277771e-11;1.7091679183067754e-11;-2.3751800526383704e-10;-2.445830205033417e-12;1.8822277070285052e-12;2.957847300422145e-12;7.12746839326428e-11;140.73081121734373;100.0;94.25161069921319;100.0;94.23348742471569;35.785555003610966;10.841809828208852;8.423627598742371;53.94408770118713;12.85287588339844;3.2383722537842345;4.521967994415093;9.736430264252874;51.37867729578352;2.5291228260481944;7.781329176500321;4.0;0.6200000000000002;70887.24314704996;8584.658074023177;8.257433497736136;2.5291228260481944;deltaT_shex_1_K;shex;True;True;True;True;True;True;True;True;90.26356973574713;2659.9591766257995;0.03887059453902508;70887.24314704996;0.0;0.0;135.0;4.0;140.73081121734373;4.0;100.0;4.0;94.25161069921319;4.0;100.0;4.0;94.23348742471569;4.0;30.0;4.0;35.785555003610966;4.0;90.26356973574713;2659.9591766257995;0.004968042578472144;70887.24314704996;0.0;0.0;89.7296427047981;242.28613772903574;0.6588705945390253;8584.658074023177;0.5988728520793272;0.2364589953495982;151.57262104555258;346.70927240381684;0.6249680425784724;70887.24314704996;0.6313598223556555;0.26213369871092856;90.26356973574713;2659.9591766257995;0.03390255196055294;70887.24314704996;0.0;0.0;104.56218267176814;242.28613772903574;0.6588705945390253;70887.24314704996;0.5988728520793272;0.2364589953495982;143.42362759874237;320.3094169226092;0.6588705945390253;70887.24314704996;0.5988728520793272;0.2364589953495982;140.89450477269418;328.1732659246036;0.6200000000000002;70887.24314704996;0.6364188904883675;0.26637199227600866;96.78085349526782;245.2583556830487;0.6200000000000002;70887.24314704996;0.6364188904883675;0.26637199227600866;96.76162774621577;245.2228068935592;0.6200000000000002;8584.658074023177;0.6364188904883675;0.26637199227600866;89.7296427047981;2668.0873209984034;0.03887059453902508;8584.658074023177;0.0;0.0;42.85287588339844;179.4585565668163;0.03887059453902508;8584.658074023177;0.0;0.0;42.85481012893217;179.52142150078504;0.03887059453902508;70887.24314704996;0.0;0.0;"Zustand 3: Temperatur 416.574 K liegt außerhalb des Boryta-Prüfbereichs; Kristallisation wurde nicht bewertet.";"Zustand 4: Temperatur 414.045 K liegt außerhalb des Boryta-Prüfbereichs; Kristallisation wurde nicht bewertet.";Zustand 5: Kristallisationsprüfung bestanden (w_LiBr=0.6364 <= w_crit=0.6935, T=369.93 K >= T_crit=309.08 K).;Zustand 6: Kristallisationsprüfung bestanden (w_LiBr=0.6364 <= w_crit=0.6935, T=369.91 K >= T_crit=309.08 K).;"Zustand 20: Temperatur 424.723 K liegt außerhalb des Boryta-Prüfbereichs; Kristallisation wurde nicht bewertet.";5
parallel;Parallel (T13 = T15);parallel;100.0;100.0;30.0;100.0;4.0;4.0;4.0;100.0;0.6300000000000002;Abwärmetemperatur [°C];hot_temperature_C;100.0;10.0;10.0;25.0;15.0;11.0;nan;nan;2.7011197141564213e-20;`gtol` termination condition is satisfied.;4;6.460296210887019e-09;2.324271806031481e-10;1;True;;True;0;zulässig;feasible;True;True;True;90.25341570725902;104.5409118497256;140.8545737946955;42.86701470760596;0.12932933963371623;0.26191807645236526;0.23665653857456626;0.2661378686774393;95.75679838150609;96.84089256085758;96.05621322132316;96.51664166212527;52.26847445276713;0.4972497210962642;16.190245859170396;40.727081242913016;0.0024449140185207577;0.022391145286129063;9.575679837534091;9.68408925607152;3.8422485288621155;6.434442777458628;4.751679495793794;89.7960070769924;0.01068665051049858;2668.2126778376914;242.3447804386029;216.14034034131782;0.007148432167689456;0.6617638861182717;0.6056075031188788;0.2415725360647222;3.894626843248261e-10;-9.646043963584816e-10;1.5685941434639972e-09;-2.232797280399268e-10;-2.297326773259556e-10;1.4239276424632408e-10;2.4584778657299466e-10;6.1651803662243765e-09;3.894626843248261e-12;-9.646043963584816e-12;1.568594143463997e-11;-2.232797280399268e-10;-2.297326773259556e-12;1.4239276424632408e-12;2.4584778657299466e-12;6.165180366224376e-11;140.72708124291302;100.0;94.25501117097349;100.0;94.22747358480115;35.791919411534536;10.766600219731401;8.475995338012524;54.00408766545786;12.86701470760596;3.285169361906412;4.459004093981093;9.746584292740977;51.358525082236895;2.6214215433170125;7.806868383641756;4.0;0.6300000000000002;70859.95556359027;8590.99870945061;8.248162752677414;2.6214215433170125;deltaT_shex_1_K;shex;True;True;True;True;True;True;True;True;90.25341570725902;2659.9426492480584;0.03891231828596098;70859.95556359027;0.0;0.0;135.0;4.0;140.72708124291302;4.0;100.0;4.0;94.25501117097349;4.0;100.0;4.0;94.22747358480115;4.0;30.0;4.0;35.791919411534536;4.0;90.25341570725902;2659.9426492480584;0.005032504427540314;70859.95556359027;0.0;0.0;89.7960070769924;242.34478043860435;0.6689123182859612;8590.99870945061;0.5991355873865116;0.23665653857456626;151.49368146264442;346.46150925475905;0.6350325044275406;70859.95556359027;0.6311002541687084;0.26191807645236526;90.25341570725902;2659.9426492480584;0.03387981385842066;70859.95556359027;0.0;0.0;104.5409118497256;242.34478043860435;0.6689123182859612;70859.95556359027;0.5991355873865116;0.23665653857456626;143.47599533801252;320.48428097389314;0.6689123182859612;70859.95556359027;0.5991355873865116;0.23665653857456626;140.8545737946955;327.9811853206659;0.6300000000000002;70859.95556359027;0.6361415471846547;0.2661378686774393;96.73404346608385;245.01535285657437;0.6300000000000002;70859.95556359027;0.6361415471846547;0.2661378686774393;96.71483063809359;244.9798113561202;0.6300000000000002;8590.99870945061;0.6361415471846547;0.2661378686774393;89.7960070769924;2668.2126778376914;0.03891231828596098;8590.99870945061;0.0;0.0;42.86701470760596;179.51766231104213;0.03891231828596098;8590.99870945061;0.0;0.0;42.86894850256425;179.5804936746364;0.03891231828596098;70859.95556359027;0.0;0.0;"Zustand 3: Temperatur 416.626 K liegt außerhalb des Boryta-Prüfbereichs; Kristallisation wurde nicht bewertet.";"Zustand 4: Temperatur 414.005 K liegt außerhalb des Boryta-Prüfbereichs; Kristallisation wurde nicht bewertet.";Zustand 5: Kristallisationsprüfung bestanden (w_LiBr=0.6361 <= w_crit=0.6935, T=369.88 K >= T_crit=308.96 K).;Zustand 6: Kristallisationsprüfung bestanden (w_LiBr=0.6361 <= w_crit=0.6935, T=369.86 K >= T_crit=308.96 K).;"Zustand 20: Temperatur 424.644 K liegt außerhalb des Boryta-Prüfbereichs; Kristallisation wurde nicht bewertet.";5
parallel;Parallel (T13 = T15);parallel;100.0;100.0;30.0;100.0;4.0;4.0;4.0;100.0;0.6400000000000002;Abwärmetemperatur [°C];hot_temperature_C;100.0;10.0;10.0;25.0;15.0;11.0;nan;nan;2.3668247174547988e-20;`gtol` termination condition is satisfied.;4;5.76255648157467e-09;2.1756951613012327e-10;1;True;;True;0;zulässig;feasible;True;True;True;90.24342598856316;104.52233764605995;140.81269266335568;42.880918745578015;0.13087561474852433;0.2617067772045687;0.2368473717694637;0.2659095200796978;95.68927485647515;96.94553839189827;95.99405916460361;96.61556596940426;53.12625463796869;0.496804221439606;16.429901109290856;40.723042754573896;0.002446207039811929;0.022741907695899045;9.568927485097339;9.694553839179026;3.83976236659256;6.441037731279165;4.8296595126115935;89.86053138970573;0.010620154355229396;2668.334550287472;242.405602826731;216.3653110315588;0.00721058957843157;0.6717427793884756;0.6058231357559505;0.2417379983309482;3.701359219121514e-10;-7.588383255097142e-10;1.4414922588912304e-09;-2.0980989168251085e-10;-2.1039170405856567e-10;1.0801670669025043e-10;2.1678658868040657e-10;5.501760824699886e-09;3.701359219121514e-12;-7.588383255097142e-12;1.4414922588912305e-11;-2.0980989168251085e-10;-2.103917040585657e-12;1.0801670669025044e-12;2.167865886804066e-12;5.501760824699886e-11;140.7230427545739;100.0;94.25872851886339;100.0;94.22155705924615;35.798178133486715;10.69321695944683;8.526348831873293;54.06235325621901;12.880918745578015;3.3307244466043358;4.398197129157666;9.75657401143684;51.33870496267025;2.713656168517616;7.833861950360756;4.0;0.6400000000000002;70833.11808618423;8597.23798885476;8.239055168416936;2.713656168517616;deltaT_shex_1_K;shex;True;True;True;True;True;True;True;True;90.24342598856316;2659.9263888333894;0.03895336896690693;70833.11808618423;0.0;0.0;135.0;4.0;140.7230427545739;4.0;100.0;4.0;94.25872851886339;4.0;100.0;4.0;94.22155705924615;4.0;30.0;4.0;35.798178133486715;4.0;90.24342598856316;2659.9263888333894;0.005098046110070035;70833.11808618423;0.0;0.0;89.86053138970573;242.40560282673036;0.6789533689669072;8597.23798885476;0.5993892005422532;0.2368473717694637;151.41625971402073;346.218632758317;0.6450980461100703;70833.11808618423;0.6308456825970862;0.2617067772045687;90.24342598856316;2659.9263888333894;0.0338553228568369;70833.11808618423;0.0;0.0;104.52233764605995;242.40560282673036;0.6789533689669072;70833.11808618423;0.5993892005422532;0.2368473717694637;143.5263488318733;320.6528832236233;0.6789533689669072;70833.11808618423;0.5993892005422532;0.2368473717694637;140.81269266335568;327.7883377204172;0.6400000000000002;70833.11808618423;0.6358708078602247;0.2659095200796978;96.6884756956992;244.77856484916947;0.6400000000000002;70833.11808618423;0.6358708078602247;0.2659095200796978;96.66927555339566;244.74303061839464;0.6400000000000002;8597.23798885476;0.6358708078602247;0.2659095200796978;89.86053138970573;2668.334550287472;0.03895336896690693;8597.23798885476;0.0;0.0;42.880918745578015;179.5757865908343;0.03895336896690693;8597.23798885476;0.0;0.0;42.8828520965759;179.63858493420454;0.03895336896690693;70833.11808618423;0.0;0.0;"Zustand 3: Temperatur 416.676 K liegt außerhalb des Boryta-Prüfbereichs; Kristallisation wurde nicht bewertet.";"Zustand 4: Temperatur 413.963 K liegt außerhalb des Boryta-Prüfbereichs; Kristallisation wurde nicht bewertet.";Zustand 5: Kristallisationsprüfung bestanden (w_LiBr=0.6359 <= w_crit=0.6934, T=369.84 K >= T_crit=308.84 K).;Zustand 6: Kristallisationsprüfung bestanden (w_LiBr=0.6359 <= w_crit=0.6934, T=369.82 K >= T_crit=308.84 K).;"Zustand 20: Temperatur 424.566 K liegt außerhalb des Boryta-Prüfbereichs; Kristallisation wurde nicht bewertet.";5
parallel;Parallel (T13 = T15);parallel;100.0;100.0;30.0;100.0;4.0;4.0;4.0;100.0;0.6500000000000002;Abwärmetemperatur [°C];hot_temperature_C;100.0;10.0;10.0;25.0;15.0;11.0;nan;nan;2.0725452258792963e-20;`gtol` termination condition is satisfied.;4;5.09419976304555e-09;2.0359495209259468e-10;1;True;;True;0;zulässig;feasible;True;True;True;90.23358212122406;104.50634853211312;140.7689746531109;42.894613344636184;0.1324481545258411;0.26149965420295646;0.23703177140628845;0.2656867232740524;95.61684082630768;97.04860792479067;95.92686278310259;96.71304596729811;53.980567411116816;0.496350114815494;16.66930713010868;40.71871057573611;0.0024474789282651487;0.02309252213167606;9.561684082146039;9.704860792472743;3.8370745113321845;6.4475363978077205;4.907324310161516;89.92330962455992;0.010557091724218592;2668.4531154399465;242.468493482882;216.5838851226329;0.007273770979380534;0.6817200513148858;0.6060320148354377;0.241898382132811;3.623341626735055e-10;-6.598597224183322e-10;1.3307897006598068e-09;-1.9712864673948616e-10;-2.0202151063131168e-10;6.323830348264892e-11;1.823110551413265e-10;4.847294121645973e-09;3.623341626735055e-12;-6.598597224183322e-12;1.3307897006598069e-11;-1.9712864673948616e-10;-2.020215106313117e-12;6.323830348264892e-13;1.823110551413265e-12;4.847294121645973e-11;140.7187105757361;100.0;94.26274744120201;100.0;94.21572691583145;35.80434257923389;10.62157889495279;8.574758910114383;54.11896704532603;12.894613344636184;3.3750647679667622;4.339437816642089;9.76641787877594;51.31918065835805;2.805784257003495;7.8622256297337;4.0;0.6500000000000002;70806.68072904048;8603.387101402468;8.23009355437442;2.805784257003495;deltaT_shex_1_K;shex;True;True;True;True;True;True;True;True;90.23358212122406;2659.910365358909;0.03899382229426607;70806.68072904048;0.0;0.0;135.0;4.0;140.7187105757361;4.0;100.0;4.0;94.26274744120201;4.0;100.0;4.0;94.21572691583145;4.0;30.0;4.0;35.80434257923389;4.0;90.23358212122406;2659.910365358909;0.00516465980078414;70806.68072904048;0.0;0.0;89.92330962455992;242.46849348288288;0.6889938222942663;8603.387101402468;0.599634079267007;0.23703177140628845;151.3402894706889;345.980447797503;0.6551646598007844;70806.68072904048;0.6305959429723077;0.26149965420295646;90.23358212122406;2659.910365358909;0.033829162493481925;70806.68072904048;0.0;0.0;104.50634853211312;242.46849348288288;0.6889938222942663;70806.68072904048;0.599634079267007;0.23703177140628845;143.57475891011438;320.8154476418738;0.6889938222942663;70806.68072904048;0.599634079267007;0.23703177140628845;140.7689746531109;327.5948157579179;0.6500000000000002;70806.68072904048;0.635606425003197;0.2656867232740524;96.64412290237942;244.5477889721418;0.6500000000000002;70806.68072904048;0.635606425003197;0.2656867232740524;96.62493523203324;244.51226201501615;0.6500000000000002;8603.387101402468;0.635606425003197;0.2656867232740524;89.92330962455992;2668.4531154399465;0.03899382229426607;8603.387101402468;0.0;0.0;42.894613344636184;179.63303536635462;0.03899382229426607;8603.387101402468;0.0;0.0;42.8965462574734;179.69580117858496;0.03899382229426607;70806.68072904048;0.0;0.0;"Zustand 3: Temperatur 416.725 K liegt außerhalb des Boryta-Prüfbereichs; Kristallisation wurde nicht bewertet.";"Zustand 4: Temperatur 413.919 K liegt außerhalb des Boryta-Prüfbereichs; Kristallisation wurde nicht bewertet.";Zustand 5: Kristallisationsprüfung bestanden (w_LiBr=0.6356 <= w_crit=0.6934, T=369.79 K >= T_crit=308.72 K).;Zustand 6: Kristallisationsprüfung bestanden (w_LiBr=0.6356 <= w_crit=0.6934, T=369.77 K >= T_crit=308.72 K).;"Zustand 20: Temperatur 424.490 K liegt außerhalb des Boryta-Prüfbereichs; Kristallisation wurde nicht bewertet.";5
parallel;Parallel (T13 = T15);parallel;100.0;100.0;30.0;100.0;4.0;4.0;4.0;100.0;0.6600000000000003;Abwärmetemperatur [°C];hot_temperature_C;100.0;10.0;10.0;25.0;15.0;11.0;nan;nan;1.8150391309053615e-20;`gtol` termination condition is satisfied.;4;4.4630963776784726e-09;1.9052764266139238e-10;1;True;;True;0;zulässig;feasible;True;True;True;90.22386710760907;104.49283800332171;140.72352592449005;42.90812186600891;0.13404650319004655;0.261296566417951;0.2372099994151422;0.26546926536102256;95.53972718580357;97.15027698294827;95.85486248583314;96.8092499767722;54.831397361007866;0.49588751098805245;16.90844548183866;40.71409851589732;0.002448731981396419;0.02344297452912468;9.553972718157622;9.715027698291566;3.8341944994402906;6.453949998441322;4.984672487421467;89.98442996670127;0.010497303324403864;2668.5685394949064;242.53334653527799;216.79635018171973;0.007337969286744794;0.6916957787126742;0.6062344167371626;0.24205389006954017;3.6402525438461453e-10;-6.282760978137958e-10;1.196923449242604e-09;-1.8523577116624779e-10;-1.7412560282537015e-10;3.26139115713886e-11;1.5235457340168068e-10;4.227345584695286e-09;3.640252543846146e-12;-6.282760978137958e-12;1.196923449242604e-11;-1.8523577116624779e-10;-1.7412560282537015e-12;3.26139115713886e-13;1.5235457340168067e-12;4.227345584695286e-11;140.71409851589732;100.0;94.26705367907698;100.0;94.20997308751362;35.810423264530414;10.551609338074286;8.621293158962658;54.17400670217086;12.908121866008912;3.4182173916486818;4.28262371237571;9.776132892390933;51.29991874175818;2.89776723447261;7.891880002853554;4.0;0.6600000000000003;70780.59749558475;8609.456374400761;8.22126211197757;2.89776723447261;deltaT_shex_1_K;shex;True;True;True;True;True;True;True;True;90.22386710760907;2659.8945511758825;0.03903374799941872;70780.59749558475;0.0;0.0;135.0;4.0;140.71409851589732;4.0;100.0;4.0;94.26705367907698;4.0;100.0;4.0;94.20997308751362;4.0;30.0;4.0;35.810423264530414;4.0;90.22386710760907;2659.8945511758825;0.005232337425723555;70780.59749558475;0.0;0.0;89.98442996670127;242.5333465352787;0.699033747999419;8609.456374400761;0.5998705901789795;0.2372099994151422;151.2657078539716;345.74676852305356;0.6652323374257239;70780.59749558475;0.6303508767709166;0.261296566417951;90.22386710760907;2659.8945511758825;0.033801410573695165;70780.59749558475;0.0;0.0;104.49283800332171;242.5333465352787;0.699033747999419;70780.59749558475;0.5998705901789795;0.2372099994151422;143.62129315896266;320.9721880331765;0.699033747999419;70780.59749558475;0.5998705901789795;0.2372099994151422;140.72352592449005;327.40070480997383;0.6600000000000003;70780.59749558475;0.6353481620718717;0.26546926536102256;96.60095800046815;244.32283002111956;0.6600000000000003;70780.59749558475;0.6353481620718717;0.26546926536102256;96.58178260835132;244.2873103627421;0.6600000000000003;8609.456374400761;0.6353481620718717;0.26546926536102256;89.98442996670127;2668.5685394949064;0.03903374799941872;8609.456374400761;0.0;0.0;42.90812186600891;179.68950629535303;0.03903374799941872;8609.456374400761;0.0;0.0;42.91005434575544;179.75224000930314;0.03903374799941872;70780.59749558475;0.0;0.0;"Zustand 3: Temperatur 416.771 K liegt außerhalb des Boryta-Prüfbereichs; Kristallisation wurde nicht bewertet.";"Zustand 4: Temperatur 413.874 K liegt außerhalb des Boryta-Prüfbereichs; Kristallisation wurde nicht bewertet.";Zustand 5: Kristallisationsprüfung bestanden (w_LiBr=0.6353 <= w_crit=0.6934, T=369.75 K >= T_crit=308.61 K).;Zustand 6: Kristallisationsprüfung bestanden (w_LiBr=0.6353 <= w_crit=0.6933, T=369.73 K >= T_crit=308.61 K).;"Zustand 20: Temperatur 424.416 K liegt außerhalb des Boryta-Prüfbereichs; Kristallisation wurde nicht bewertet.";5
parallel;Parallel (T13 = T15);parallel;100.0;100.0;30.0;100.0;4.0;4.0;4.0;100.0;0.6700000000000003;Abwärmetemperatur [°C];hot_temperature_C;100.0;10.0;10.0;25.0;15.0;11.0;nan;nan;1.5909635031527276e-20;`gtol` termination condition is satisfied.;4;3.906157389287293e-09;1.7837956739227324e-10;1;True;;True;0;zulässig;feasible;True;True;True;90.21426528696276;104.48170435741025;140.67644600663448;42.921465852242704;0.13567021154753925;0.26109737832667534;0.23738230407854827;0.2652569432143206;95.45814921981736;97.25070770184205;95.7782806221955;96.90433308021255;55.67873094988863;0.49541651623664046;17.147298473313114;40.70921945094602;0.002449968307150179;0.023793251315509478;9.545814921615555;9.725070770181974;3.8311312248951164;6.460288872005403;5.061702813684172;90.04397522317242;0.01044063860766991;2668.680978544039;242.60006138141847;217.002977388984;0.007403177135533845;0.7016700332038527;0.6064306029112252;0.24220471406938418;3.7129410657144035e-10;-6.372573579938035e-10;1.1063434612879064e-09;-1.7405887842159018e-10;-1.8241053112433292e-10;2.2311041902867146e-11;1.3150724953447934e-10;3.6617961995943915e-09;3.712941065714403e-12;-6.372573579938035e-12;1.1063434612879064e-11;-1.7405887842159018e-10;-1.8241053112433294e-12;2.2311041902867145e-13;1.3150724953447935e-12;3.661796199594392e-11;140.70921945094602;100.0;94.2716339340792;100.0;94.20428629903034;35.81642988647383;10.483235769977682;8.666016087645062;54.2275453366986;12.921465852242704;3.4602091156132246;4.2276587109067805;9.785734713037243;51.28088839579232;2.9895700810105836;7.92275018389995;4.0;0.6700000000000003;70754.82603775412;8615.45534493517;8.212546314148012;2.9895700810105836;deltaT_shex_1_K;shex;True;True;True;True;True;True;True;True;90.21426528696276;2659.8789208084436;0.039073210339386266;70754.82603775412;0.0;0.0;135.0;4.0;140.70921945094602;4.0;100.0;4.0;94.2716339340792;4.0;100.0;4.0;94.20428629903034;4.0;30.0;4.0;35.81642988647383;4.0;90.21426528696276;2659.8789208084436;0.0053010707125860325;70754.82603775412;0.0;0.0;90.04397522317242;242.60006138141824;0.7090732103393865;8615.45534493517;0.6000990801455978;0.23738230407854827;151.1924552209237;345.51741783959807;0.6753010707125863;70754.82603775412;0.630110331389824;0.26109737832667534;90.21426528696276;2659.8789208084436;0.033772139626800236;70754.82603775412;0.0;0.0;104.48170435741025;242.60006138141824;0.7090732103393865;70754.82603775412;0.6000990801455978;0.23738230407854827;143.66601608764506;321.123308541241;0.7090732103393865;70754.82603775412;0.6000990801455978;0.23738230407854827;140.67644600663448;327.20608354016764;0.6700000000000003;70754.82603775412;0.6350957929560472;0.2652569432143206;96.5589541735103;244.10350003342538;0.6700000000000003;70754.82603775412;0.6350957929560472;0.2652569432143206;96.53979088438678;244.0679877180291;0.6700000000000003;8615.45534493517;0.6350957929560472;0.2652569432143206;90.04397522317242;2668.680978544039;0.039073210339386266;8615.45534493517;0.0;0.0;42.921465852242704;179.7452894329717;0.039073210339386266;8615.45534493517;0.0;0.0;42.923397903238026;179.80799142970733;0.039073210339386266;70754.82603775412;0.0;0.0;"Zustand 3: Temperatur 416.816 K liegt außerhalb des Boryta-Prüfbereichs; Kristallisation wurde nicht bewertet.";"Zustand 4: Temperatur 413.826 K liegt außerhalb des Boryta-Prüfbereichs; Kristallisation wurde nicht bewertet.";Zustand 5: Kristallisationsprüfung bestanden (w_LiBr=0.6351 <= w_crit=0.6933, T=369.71 K >= T_crit=308.50 K).;Zustand 6: Kristallisationsprüfung bestanden (w_LiBr=0.6351 <= w_crit=0.6933, T=369.69 K >= T_crit=308.50 K).;"Zustand 20: Temperatur 424.342 K liegt außerhalb des Boryta-Prüfbereichs; Kristallisation wurde nicht bewertet.";5
parallel;Parallel (T13 = T15);parallel;100.0;100.0;30.0;100.0;4.0;4.0;4.0;100.0;0.6800000000000003;Abwärmetemperatur [°C];hot_temperature_C;100.0;10.0;10.0;25.0;15.0;11.0;nan;nan;1.4002118379681757e-20;`gtol` termination condition is satisfied.;4;3.519045323165086e-09;1.673446645679614e-10;1;True;;True;0;zulässig;feasible;True;True;True;90.20476222299601;104.47285047651309;140.62782824850024;42.93466517914533;0.13731883707733514;0.26090195969278546;0.23754892086531834;0.26504956297417404;95.37230783019027;97.35004967255212;95.69732473928323;96.99843823458974;56.52255632766289;0.4949372334830294;17.38584912346156;40.704085396542496;0.002451189840397055;0.024143339385745453;9.537230782690031;9.73500496725558;3.827892989577173;6.466562548964446;5.138414211654086;90.10202320706225;0.010386955219710389;2668.79057929123;242.66854242418654;217.20402264303777;0.007469386931440947;0.7116428816250813;0.6066208208400131;0.24235103605791716;3.567777184798615e-10;-5.320615059645206e-10;1.042224084812915e-09;-1.6361095811490145e-10;-1.460875864722766e-10;-3.680611371237319e-12;1.2305179097893415e-10;3.289954975116416e-09;3.567777184798615e-12;-5.320615059645206e-12;1.042224084812915e-11;-1.6361095811490145e-10;-1.460875864722766e-12;-3.680611371237319e-14;1.2305179097893416e-12;3.289954975116416e-11;140.7040853965425;100.0;94.27647579310508;100.0;94.19865800032358;35.822371391899026;10.416389569267835;8.708989286717781;54.27965181516322;12.934665179145327;3.501066409014925;4.1744525860428325;9.79523777700399;51.26206119515052;3.0811610382175445;7.954765541270035;4.0;0.6800000000000003;70729.32734725515;8621.392825023191;8.203932796330376;3.0811610382175445;deltaT_shex_1_K;shex;True;True;True;True;True;True;True;True;90.20476222299601;2659.863450770996;0.039112268556521945;70729.32734725515;0.0;0.0;135.0;4.0;140.7040853965425;4.0;100.0;4.0;94.27647579310508;4.0;100.0;4.0;94.19865800032358;4.0;30.0;4.0;35.822371391899026;4.0;90.20476222299601;2659.863450770996;0.005370851233638015;70729.32734725515;0.0;0.0;90.10202320706225;242.66854242418793;0.7191122685565222;8621.392825023191;0.6003198775386039;0.23754892086531834;151.12047496581033;345.29222692569624;0.6853708512336383;70729.32734725515;0.629874159928064;0.26090195969278546;90.20476222299601;2659.863450770996;0.03374141732288393;70729.32734725515;0.0;0.0;104.47285047651309;242.66854242418793;0.7191122685565222;70729.32734725515;0.6003198775386039;0.23754892086531834;143.70898928671778;321.2690041311213;0.7191122685565222;70729.32734725515;0.6003198775386039;0.23754892086531834;140.62782824850024;327.0110244082104;0.6800000000000003;70729.32734725515;0.6348491014652337;0.26504956297417404;96.51808493524305;243.88961804452498;0.6800000000000003;70729.32734725515;0.6348491014652337;0.26504956297417404;96.49893359098508;243.8541131336636;0.6800000000000003;8621.392825023191;0.6348491014652337;0.26504956297417404;90.10202320706225;2668.79057929123;0.039112268556521945;8621.392825023191;0.0;0.0;42.93466517914533;179.80046786699643;0.039112268556521945;8621.392825023191;0.0;0.0;42.93659680517305;179.86313847984658;0.039112268556521945;70729.32734725515;0.0;0.0;"Zustand 3: Temperatur 416.859 K liegt außerhalb des Boryta-Prüfbereichs; Kristallisation wurde nicht bewertet.";"Zustand 4: Temperatur 413.778 K liegt außerhalb des Boryta-Prüfbereichs; Kristallisation wurde nicht bewertet.";Zustand 5: Kristallisationsprüfung bestanden (w_LiBr=0.6348 <= w_crit=0.6933, T=369.67 K >= T_crit=308.40 K).;Zustand 6: Kristallisationsprüfung bestanden (w_LiBr=0.6348 <= w_crit=0.6933, T=369.65 K >= T_crit=308.40 K).;"Zustand 20: Temperatur 424.270 K liegt außerhalb des Boryta-Prüfbereichs; Kristallisation wurde nicht bewertet.";5
parallel;Parallel (T13 = T15);parallel;100.0;100.0;30.0;100.0;4.0;4.0;4.0;100.0;0.6900000000000003;Abwärmetemperatur [°C];hot_temperature_C;100.0;10.0;10.0;25.0;15.0;11.0;nan;nan;1.2333122825644698e-20;`gtol` termination condition is satisfied.;4;3.1696507188140046e-09;1.5705491285308267e-10;1;True;;True;0;zulässig;feasible;True;True;True;90.19534460186821;104.46618361459696;140.5777602400745;42.947738193745295;0.13899194396123624;0.2607101853537054;0.23771007320843798;0.2648469395686635;95.28239065699105;97.44844098015578;95.61218873137372;97.09169728167626;57.362863167434554;0.4944497624222196;17.624081125419764;40.6987075751789;0.002452398357832607;0.02449322607969773;9.528239065403808;9.744844098018955;3.824487549261899;6.472779818772543;5.214805742537026;90.15864709052676;0.01033611848582645;2668.897479714625;242.73869881552616;217.3997275817435;0.007536590895385165;0.7216143864003784;0.6068053049299879;0.24249302857923358;3.4061287124131923e-10;-4.727311875285523e-10;9.614495866117068e-10;-1.5383089246867598e-10;-1.737561206027749e-10;-3.377920165803516e-11;8.810729923425242e-11;2.9529729772548308e-09;3.4061287124131923e-12;-4.727311875285522e-12;9.614495866117067e-12;-1.5383089246867598e-10;-1.737561206027749e-12;-3.377920165803516e-13;8.810729923425242e-13;2.9529729772548305e-11;140.6987075751789;100.0;94.28156765960682;100.0;94.19308030611984;35.828256039482994;10.351005760904116;8.7502715785173;54.33039105104376;12.947738193745295;3.5408153616685354;4.122920569080065;9.804655398131786;51.24341090816597;3.1725113384428028;7.987859434581708;4.0;0.6900000000000003;70704.06547562602;8627.27696088457;8.195409257891335;3.1725113384428028;deltaT_shex_1_K;shex;True;True;True;True;True;True;True;True;90.19534460186821;2659.8481194024876;0.039150977295763334;70704.06547562602;0.0;0.0;135.0;4.0;140.6987075751789;4.0;100.0;4.0;94.28156765960682;4.0;100.0;4.0;94.19308030611984;4.0;30.0;4.0;35.828256039482994;4.0;90.19534460186821;2659.8481194024876;0.00544167044232037;70704.06547562602;0.0;0.0;90.15864709052676;242.73869881552793;0.7291509772957636;8627.27696088457;0.6005332934004034;0.23771007320843798;151.04971333608302;345.0710347845344;0.6954416704423206;70704.06547562602;0.629642220974298;0.2607101853537054;90.19534460186821;2659.8481194024876;0.033709306853442964;70704.06547562602;0.0;0.0;104.46618361459696;242.73869881552793;0.7291509772957636;70704.06547562602;0.6005332934004034;0.23771007320843798;143.7502715785173;321.4094610494056;0.7291509772957636;70704.06547562602;0.6005332934004034;0.23771007320843798;140.5777602400745;326.8155941454553;0.6900000000000003;70704.06547562602;0.6346078808428225;0.2648469395686635;96.47832418001525;243.68100984531918;0.6900000000000003;70704.06547562602;0.6346078808428225;0.2648469395686635;96.45918463833146;243.64551241621817;0.6900000000000003;8627.27696088457;0.6346078808428225;0.2648469395686635;90.15864709052676;2668.897479714625;0.039150977295763334;8627.27696088457;0.0;0.0;42.947738193745295;179.85511829441552;0.039150977295763334;8627.27696088457;0.0;0.0;42.94966939795387;179.9177578126913;0.039150977295763334;70704.06547562602;0.0;0.0;"Zustand 3: Temperatur 416.900 K liegt außerhalb des Boryta-Prüfbereichs; Kristallisation wurde nicht bewertet.";"Zustand 4: Temperatur 413.728 K liegt außerhalb des Boryta-Prüfbereichs; Kristallisation wurde nicht bewertet.";Zustand 5: Kristallisationsprüfung bestanden (w_LiBr=0.6346 <= w_crit=0.6933, T=369.63 K >= T_crit=308.30 K).;Zustand 6: Kristallisationsprüfung bestanden (w_LiBr=0.6346 <= w_crit=0.6932, T=369.61 K >= T_crit=308.30 K).;"Zustand 20: Temperatur 424.200 K liegt außerhalb des Boryta-Prüfbereichs; Kristallisation wurde nicht bewertet.";5
parallel;Parallel (T13 = T15);parallel;100.0;100.0;30.0;100.0;4.0;4.0;4.0;100.0;0.7000000000000003;Abwärmetemperatur [°C];hot_temperature_C;100.0;10.0;10.0;25.0;15.0;11.0;nan;nan;1.0870591014798578e-20;`gtol` termination condition is satisfied.;4;2.8373946743001726e-09;1.4744891328727096e-10;1;True;;True;0;zulässig;feasible;True;True;True;90.18600013949128;104.46161519117453;140.52632420510156;42.960701839739215;0.1406891030660109;0.26052193501553306;0.23786597323052439;0.2646488962612989;95.18857310449928;97.54600914786178;95.52305389198742;97.18423186605966;58.19964251961375;0.49395419965601584;17.861978812989776;40.693096477541815;0.002453595491454542;0.024842899160654488;9.518857310186943;9.754600914789837;3.820922155683991;6.478948791065548;5.290876592730339;90.2139157294585;0.010288000931335282;2669.00180967565;242.81044420875716;217.59032052529224;0.007604781101723246;0.7315846058821502;0.6069842773384473;0.24263085537331103;3.3811176081144367e-10;-4.1998760025308e-10;8.9625018517836e-10;-1.4470036280300747e-10;-1.1235101737838704e-10;-3.657874003692996e-11;7.644018751307158e-11;2.6298465627405676e-09;3.381117608114437e-12;-4.1998760025308005e-12;8.962501851783599e-12;-1.4470036280300747e-10;-1.1235101737838704e-12;-3.6578740036929955e-13;7.644018751307158e-13;2.6298465627405675e-11;140.69309647754181;100.0;94.28689869067063;100.0;94.18754594102512;35.83409145621181;10.287022784122541;8.789919159827832;54.3798242732467;12.960701839739215;3.5794816426902116;4.072982961212119;9.813999860508716;51.22491331629914;3.2635949547262726;8.021968967131897;4.0;0.7000000000000003;70679.00728009937;8633.115286934215;8.186964372764542;3.2635949547262726;deltaT_shex_1_K;shex;True;True;True;True;True;True;True;True;90.18600013949128;2659.832906715812;0.0391893869838732;70679.00728009937;0.0;0.0;135.0;4.0;140.69309647754181;4.0;100.0;4.0;94.28689869067063;4.0;100.0;4.0;94.18754594102512;4.0;30.0;4.0;35.83409145621181;4.0;90.18600013949128;2659.832906715812;0.005513519704467922;70679.00728009937;0.0;0.0;90.2139157294585;242.81044420875685;0.7391893869838735;8633.115286934215;0.6007396225278835;0.23786597323052439;150.98011926166436;344.8536878232023;0.7055135197044682;70679.00728009937;0.629414378400604;0.26052193501553306;90.18600013949128;2659.832906715812;0.033675867279405275;70679.00728009937;0.0;0.0;104.46161519117453;242.81044420875685;0.7391893869838735;70679.00728009937;0.6007396225278835;0.23786597323052439;143.78991915982783;321.5448572623407;0.7391893869838735;70679.00728009937;0.6007396225278835;0.23786597323052439;140.52632420510156;326.6198541976281;0.7000000000000003;70679.00728009937;0.634371933304728;0.2646488962612989;96.43964622404263;243.4775077415201;0.7000000000000003;70679.00728009937;0.634371933304728;0.2646488962612989;96.42051835730979;243.44201788557632;0.7000000000000003;8633.115286934215;0.634371933304728;0.2646488962612989;90.2139157294585;2669.00180967565;0.0391893869838732;8633.115286934215;0.0;0.0;42.960701839739215;179.90931154591658;0.0391893869838732;8633.115286934215;0.0;0.0;42.962632624725984;179.9719202183223;0.0391893869838732;70679.00728009937;0.0;0.0;"Zustand 3: Temperatur 416.940 K liegt außerhalb des Boryta-Prüfbereichs; Kristallisation wurde nicht bewertet.";"Zustand 4: Temperatur 413.676 K liegt außerhalb des Boryta-Prüfbereichs; Kristallisation wurde nicht bewertet.";Zustand 5: Kristallisationsprüfung bestanden (w_LiBr=0.6344 <= w_crit=0.6932, T=369.59 K >= T_crit=308.20 K).;Zustand 6: Kristallisationsprüfung bestanden (w_LiBr=0.6344 <= w_crit=0.6932, T=369.57 K >= T_crit=308.20 K).;"Zustand 20: Temperatur 424.130 K liegt außerhalb des Boryta-Prüfbereichs; Kristallisation wurde nicht bewertet.";5
parallel;Parallel (T13 = T15);parallel;100.0;100.0;30.0;100.0;4.0;4.0;4.0;100.0;0.7100000000000003;Abwärmetemperatur [°C];hot_temperature_C;100.0;10.0;10.0;25.0;15.0;11.0;nan;nan;9.598021382772073e-21;`gtol` termination condition is satisfied.;4;2.5561700836846155e-09;1.3854978442980034e-10;1;True;;True;0;zulässig;feasible;True;True;True;90.17671749725497;104.45906059203924;140.47359736676225;42.97357177158915;0.14240989188446423;0.26033709305517033;0.23801682242079025;0.2644552642235595;95.09101927984747;97.64287199567728;95.43008987672636;97.27615426958978;59.032886682385275;0.49345063882646006;18.099527129376046;40.68726191865119;0.0024547827407583804;0.0251923467949654;9.509101927749391;9.764287199572237;3.817203595073818;6.48507695130091;5.3666260620713615;90.2678939623143;0.010242481834373153;2669.103691479658;242.88369652062602;217.77601734823875;0.007673949511016409;0.7415535946631988;0.6071579487408381;0.24276467191318843;3.271267701165925e-10;-3.9970160514712916e-10;8.291181075037457e-10;-1.361781798436823e-10;-1.190869625133928e-10;-4.509104201133596e-11;7.612754870933713e-11;2.3535591253676102e-09;3.271267701165925e-12;-3.997016051471291e-12;8.291181075037458e-12;-1.361781798436823e-10;-1.1908696251339279e-12;-4.509104201133596e-13;7.612754870933713e-13;2.3535591253676104e-11;140.6872619186512;100.0;94.29245873943023;100.0;94.18204818961783;35.839884688736674;10.224382277682196;8.827985737158372;54.42800927357763;12.97357177158915;3.617090467144237;4.024564777115927;9.82328250274503;51.2065460500923;3.354388370396123;8.057034753370772;4.0;0.7100000000000003;70654.122192741;8638.914774972533;8.178587708427258;3.354388370396123;deltaT_shex_1_K;shex;True;True;True;True;True;True;True;True;90.17671749725497;2659.8177942608822;0.03922754417421492;70654.122192741;0.0;0.0;135.0;4.0;140.6872619186512;4.0;100.0;4.0;94.29245873943023;4.0;100.0;4.0;94.18204818961783;4.0;30.0;4.0;35.839884688736674;4.0;90.17671749725497;2659.8177942608822;0.005586390324742992;70654.122192741;0.0;0.0;90.2678939623143;242.88369652062667;0.7492275441742152;8638.914774972533;0.6009391444802648;0.23801682242079025;150.91164419633338;344.6400394581221;0.7155863903247432;70654.122192741;0.6291905011622083;0.26033709305517033;90.17671749725497;2659.8177942608822;0.03364115384947193;70654.122192741;0.0;0.0;104.45906059203924;242.88369652062667;0.7492275441742152;70654.122192741;0.6009391444802648;0.23801682242079025;143.82798573715837;321.67536287273634;0.7492275441742152;70654.122192741;0.6009391444802648;0.23801682242079025;140.47359736676225;326.42386113606403;0.7100000000000003;70654.122192741;0.6341410696015528;0.2644552642235595;96.40202583866846;243.27895031626386;0.7100000000000003;70654.122192741;0.6341410696015528;0.2644552642235595;96.38290953285576;243.2434681376794;0.7100000000000003;8638.914774972533;0.6341410696015528;0.2644552642235595;90.2678939623143;2669.103691479658;0.03922754417421492;8638.914774972533;0.0;0.0;42.97357177158915;179.96311306282297;0.03922754417421492;8638.914774972533;0.0;0.0;42.97550213952553;180.02569110058786;0.03922754417421492;70654.122192741;0.0;0.0;"Zustand 3: Temperatur 416.978 K liegt außerhalb des Boryta-Prüfbereichs; Kristallisation wurde nicht bewertet.";"Zustand 4: Temperatur 413.624 K liegt außerhalb des Boryta-Prüfbereichs; Kristallisation wurde nicht bewertet.";Zustand 5: Kristallisationsprüfung bestanden (w_LiBr=0.6341 <= w_crit=0.6932, T=369.55 K >= T_crit=308.10 K).;Zustand 6: Kristallisationsprüfung bestanden (w_LiBr=0.6341 <= w_crit=0.6932, T=369.53 K >= T_crit=308.10 K).;"Zustand 20: Temperatur 424.062 K liegt außerhalb des Boryta-Prüfbereichs; Kristallisation wurde nicht bewertet.";5
parallel;Parallel (T13 = T15);parallel;100.0;100.0;30.0;100.0;4.0;4.0;4.0;100.0;0.7200000000000003;Abwärmetemperatur [°C];hot_temperature_C;100.0;10.0;10.0;25.0;15.0;11.0;nan;nan;8.490334450148948e-21;`gtol` termination condition is satisfied.;4;2.296543221882833e-09;1.3030989563459062e-10;1;True;;True;0;zulässig;feasible;True;True;True;90.16748620533178;104.45843897743396;140.41965228790895;42.98636245841203;0.14415389444903035;0.2601555483298244;0.23816281226688873;0.2642658821311063;94.9898828527684;97.73913842237629;95.33345558556547;97.36756817088289;59.86258908661856;0.4929391707478656;18.33671159795812;40.68121308928039;0.002455961483793461;0.025541557532779077;9.498988285066977;9.773913842244344;3.813338223427907;6.491171211388729;5.442053553362717;90.3206428853963;0.010199446808901877;2669.2032403925023;242.95837770351628;217.95702228642145;0.0077440879980670285;0.7515214038625445;0.6073265190432712;0.24289462590496982;3.2026292728914996e-10;-3.7132252828087076e-10;7.669882506888825e-10;-1.2827666706627383e-10;-1.3220358141552424e-10;-6.714628852932947e-11;5.1954884838778526e-11;2.0986306026316015e-09;3.2026292728914997e-12;-3.713225282808708e-12;7.669882506888826e-12;-1.2827666706627383e-10;-1.3220358141552424e-12;-6.714628852932947e-13;5.195488483877853e-13;2.0986306026316015e-11;140.6812130892804;100.0;94.29823830229873;100.0;94.17658085102374;35.845642250142134;10.163028880979311;8.86452265489595;54.47500063525416;12.986362458412032;3.6536665695696797;3.9775954169024317;9.832513794668216;51.1882884401536;3.444870366987004;8.093000700682865;4.0;0.7200000000000003;70629.38201051275;8644.681879045924;8.170269652341194;3.444870366987004;deltaT_shex_1_K;shex;True;True;True;True;True;True;True;True;90.16748620533178;2659.8027650000145;0.039265491860611235;70629.38201051275;0.0;0.0;135.0;4.0;140.6812130892804;4.0;100.0;4.0;94.29823830229873;4.0;100.0;4.0;94.17658085102374;4.0;30.0;4.0;35.845642250142134;4.0;90.16748620533178;2659.8027650000145;0.005660273569163812;70629.38201051275;0.0;0.0;90.3206428853963;242.95837770351508;0.7592654918606115;8644.681879045924;0.6011321245166538;0.23816281226688873;150.8442419702597;344.42994974492353;0.7256602735691641;70629.38201051275;0.6289704631035256;0.2601555483298244;90.16748620533178;2659.8027650000145;0.03360521829144742;70629.38201051275;0.0;0.0;104.45843897743396;242.95837770351508;0.7592654918606115;70629.38201051275;0.6011321245166538;0.23816281226688873;143.86452265489595;321.8011405161945;0.7592654918606115;70629.38201051275;0.6011321245166538;0.23816281226688873;140.41965228790895;326.22766703911543;0.7200000000000003;70629.38201051275;0.6339151086032657;0.2642658821311063;96.36543827675109;243.0851821970345;0.7200000000000003;70629.38201051275;0.6339151086032657;0.2642658821311063;96.34633343043032;243.04970781157232;0.7200000000000003;8644.681879045924;0.6339151086032657;0.2642658821311063;90.3206428853963;2669.2032403925023;0.039265491860611235;8644.681879045924;0.0;0.0;42.98636245841203;180.016583331362;0.039265491860611235;8644.681879045924;0.0;0.0;42.988292410870145;180.07913091111757;0.039265491860611235;70629.38201051275;0.0;0.0;"Zustand 3: Temperatur 417.015 K liegt außerhalb des Boryta-Prüfbereichs; Kristallisation wurde nicht bewertet.";"Zustand 4: Temperatur 413.570 K liegt außerhalb des Boryta-Prüfbereichs; Kristallisation wurde nicht bewertet.";Zustand 5: Kristallisationsprüfung bestanden (w_LiBr=0.6339 <= w_crit=0.6932, T=369.52 K >= T_crit=308.01 K).;Zustand 6: Kristallisationsprüfung bestanden (w_LiBr=0.6339 <= w_crit=0.6931, T=369.50 K >= T_crit=308.01 K).;"Zustand 20: Temperatur 423.994 K liegt außerhalb des Boryta-Prüfbereichs; Kristallisation wurde nicht bewertet.";5
parallel;Parallel (T13 = T15);parallel;100.0;100.0;30.0;100.0;4.0;4.0;4.0;100.0;0.7300000000000003;Abwärmetemperatur [°C];hot_temperature_C;100.0;10.0;10.0;25.0;15.0;11.0;nan;nan;7.519661964730932e-21;`gtol` termination condition is satisfied.;4;2.0794229687990893e-09;1.2263492132937446e-10;1;True;;True;0;zulässig;feasible;True;True;True;90.15829659284003;104.45967309802035;140.36455718740785;42.99908727864249;0.1459207012193369;0.25997719399326963;0.23830412484475308;0.26408059578220505;94.88530784331618;97.83490911796692;95.23329997136943;97.45856933695111;60.68874419335623;0.49241988353692817;18.573518294998127;40.67495860306917;0.0024571329871926266;0.025890520289860528;9.488530784143386;9.783490911804165;3.8093319988596694;6.497237955793909;5.517158563063449;90.37222010661935;0.01015878741594146;2669.300565116826;243.03441352816918;218.13352868408572;0.007815188375912996;0.7614880813872851;0.6074901780445212;0.2430208577534422;3.1452174198420835e-10;-3.417142124817474e-10;7.267715318448609e-10;-1.2086515122078367e-10;-1.2229861567902844e-10;-7.473488494724734e-11;4.247624474373879e-11;1.882327183011512e-09;3.1452174198420833e-12;-3.417142124817474e-12;7.267715318448609e-12;-1.2086515122078367e-10;-1.2229861567902845e-12;-7.473488494724734e-13;4.247624474373879e-13;1.8823271830115117e-11;140.67495860306917;100.0;94.30422847061186;100.0;94.17113819755076;35.85137016255783;10.102910049573097;8.899579016636608;54.520849944061524;12.999087278642492;3.689234183510223;3.9320083639925087;9.841703407159969;51.17012138065388;3.5350218292287536;8.129813804963192;4.0;0.7300000000000003;70604.76070424396;8650.422576383817;8.162001345113392;3.5350218292287536;deltaT_shex_1_K;shex;True;True;True;True;True;True;True;True;90.15829659284003;2659.78780319444;0.03930326976319776;70604.76070424396;0.0;0.0;135.0;4.0;140.67495860306917;4.0;100.0;4.0;94.30422847061186;4.0;100.0;4.0;94.17113819755076;4.0;30.0;4.0;35.85137016255783;4.0;90.15829659284003;2659.78780319444;0.005735160684058578;70604.76070424396;0.0;0.0;90.37222010661935;243.03441352816932;0.7693032697631981;8650.422576383817;0.6013188144684946;0.23830412484475308;150.77786865264227;344.22328503055854;0.7357351606840589;70604.76070424396;0.6287541427699378;0.25997719399326963;90.15829659284003;2659.78780319444;0.03356810907913918;70604.76070424396;0.0;0.0;104.45967309802035;243.03441352816932;0.7693032697631981;70604.76070424396;0.6013188144684946;0.23830412484475308;143.8995790166366;321.92234573731884;0.7693032697631981;70604.76070424396;0.6013188144684946;0.23830412484475308;140.36455718740785;326.0313198452876;0.7300000000000003;70604.76070424396;0.6336938769051267;0.26408059578220505;96.32985929305715;242.8960538274223;0.7300000000000003;70604.76070424396;0.6336938769051267;0.26408059578220505;96.31076581648978;242.8605873612718;0.7300000000000003;8650.422576383817;0.6336938769051267;0.26408059578220505;90.37222010661935;2669.300565116826;0.03930326976319776;8650.422576383817;0.0;0.0;42.99908727864249;180.06977827841925;0.03930326976319776;8650.422576383817;0.0;0.0;43.00101681689688;180.1322955448451;0.03930326976319776;70604.76070424396;0.0;0.0;"Zustand 3: Temperatur 417.050 K liegt außerhalb des Boryta-Prüfbereichs; Kristallisation wurde nicht bewertet.";"Zustand 4: Temperatur 413.515 K liegt außerhalb des Boryta-Prüfbereichs; Kristallisation wurde nicht bewertet.";Zustand 5: Kristallisationsprüfung bestanden (w_LiBr=0.6337 <= w_crit=0.6931, T=369.48 K >= T_crit=307.92 K).;Zustand 6: Kristallisationsprüfung bestanden (w_LiBr=0.6337 <= w_crit=0.6931, T=369.46 K >= T_crit=307.92 K).;"Zustand 20: Temperatur 423.928 K liegt außerhalb des Boryta-Prüfbereichs; Kristallisation wurde nicht bewertet.";5
parallel;Parallel (T13 = T15);parallel;100.0;100.0;30.0;100.0;4.0;4.0;4.0;100.0;0.7400000000000003;Abwärmetemperatur [°C];hot_temperature_C;100.0;10.0;10.0;25.0;15.0;11.0;nan;nan;6.67500678359902e-21;`gtol` termination condition is satisfied.;4;1.888511000257587e-09;1.155422587939064e-10;1;True;;True;0;zulässig;feasible;True;True;True;90.14913972416593;104.46268911869214;140.3083762340337;43.01175860638324;0.14770990895606492;0.2598019273194307;0.23844093336934805;0.263899257737116;94.77742934418464;97.93027721353278;95.12976278157376;97.54924625370715;61.51134740243176;0.4918928627395536;18.809933824110537;40.66850653972398;0.002458298415280666;0.02623922433039849;9.477742934248754;9.793027721361417;3.8051905112668556;6.50328308357758;5.591940672977086;90.42267997963609;0.010120400801068748;2669.3957682315604;243.1117333768845;218.3057196860933;0.007887242416312668;0.7714536721727369;0.6076491060513881;0.24314350099583643;3.092850420216564e-10;-3.16184411985887e-10;6.779714567528572e-10;-1.1399414745483227e-10;-9.762857189343777e-11;-8.139977580867708e-11;4.345679371908773e-11;1.6971029026535689e-09;3.092850420216564e-12;-3.16184411985887e-12;6.779714567528572e-12;-1.1399414745483227e-10;-9.762857189343777e-13;-8.139977580867708e-13;4.3456793719087725e-13;1.697102902653569e-11;140.66850653972398;100.0;94.31042088626953;100.0;94.16571493697921;35.85707399602467;10.043975884077724;8.933201799948222;54.56560598361142;13.01175860638324;3.723817026202596;3.8877409066334394;9.850860275834066;51.15202720573802;3.6248255659145343;8.16742395919033;4.0;0.7400000000000003;70580.23424456832;8656.14240479332;8.15377461968332;3.6248255659145343;deltaT_shex_1_K;shex;True;True;True;True;True;True;True;True;90.14913972416593;2659.772894300823;0.0393409145890492;70580.23424456832;0.0;0.0;135.0;4.0;140.66850653972398;4.0;100.0;4.0;94.31042088626953;4.0;100.0;4.0;94.16571493697921;4.0;30.0;4.0;35.85707399602467;4.0;90.14913972416593;2659.772894300823;0.005811042912196784;70580.23424456832;0.0;0.0;90.42267997963609;243.1117333768844;0.7793409145890495;8656.14240479332;0.601499453551737;0.23844093336934805;150.7124824238017;344.0199176266925;0.7458110429121971;70580.23424456832;0.628541423226159;0.2598019273194307;90.14913972416593;2659.772894300823;0.03352987167685242;70580.23424456832;0.0;0.0;104.46268911869214;243.1117333768844;0.7793409145890495;70580.23424456832;0.601499453551737;0.23844093336934805;143.93320179994822;322.0391273465273;0.7793409145890495;70580.23424456832;0.601499453551737;0.23844093336934805;140.3083762340337;325.8348636796346;0.7400000000000003;70580.23424456832;0.6334772084538162;0.263899257737116;96.29526515950181;242.71142124433402;0.7400000000000003;70580.23424456832;0.6334772084538162;0.263899257737116;96.2761829737974;242.6759628330767;0.7400000000000003;8656.14240479332;0.6334772084538162;0.263899257737116;90.42267997963609;2669.3957682315604;0.0393409145890492;8656.14240479332;0.0;0.0;43.01175860638324;180.1227496324376;0.0393409145890492;8656.14240479332;0.0;0.0;43.01368773124119;180.18523670069618;0.0393409145890492;70580.23424456832;0.0;0.0;"Zustand 3: Temperatur 417.083 K liegt außerhalb des Boryta-Prüfbereichs; Kristallisation wurde nicht bewertet.";"Zustand 4: Temperatur 413.458 K liegt außerhalb des Boryta-Prüfbereichs; Kristallisation wurde nicht bewertet.";Zustand 5: Kristallisationsprüfung bestanden (w_LiBr=0.6335 <= w_crit=0.6931, T=369.45 K >= T_crit=307.84 K).;Zustand 6: Kristallisationsprüfung bestanden (w_LiBr=0.6335 <= w_crit=0.6931, T=369.43 K >= T_crit=307.84 K).;"Zustand 20: Temperatur 423.862 K liegt außerhalb des Boryta-Prüfbereichs; Kristallisation wurde nicht bewertet.";5
parallel;Parallel (T13 = T15);parallel;100.0;100.0;30.0;100.0;4.0;4.0;4.0;100.0;0.7500000000000003;Abwärmetemperatur [°C];hot_temperature_C;100.0;10.0;10.0;25.0;15.0;11.0;nan;nan;5.931832650342677e-21;`gtol` termination condition is satisfied.;4;1.7017596085803197e-09;1.0892045400513787e-10;1;True;;True;0;zulässig;feasible;True;True;True;90.1400073408916;104.46741645032347;140.25116981951135;43.02438789019351;0.14952112057880795;0.2596296495322375;0.23857340270931982;0.2637217269774873;94.66637418328395;98.02532887424358;95.02297523871178;97.63968070102716;62.33039497093554;0.49135819145404963;19.045945292404053;40.66186448464617;0.002459458838354517;0.026587659250798847;9.46663741817681;9.802532887435047;3.8009190095531555;6.509312046734892;5.6663995428396445;90.4720738200221;0.01008418935636284;2669.488946597834;243.1902700473015;218.47376887987426;0.007960241867196016;0.7814182184027242;0.6078034744513543;0.24326268270635917;3.006093152180256e-10;-3.005524717991648e-10;6.17035311734071e-10;-1.0758821611389635e-10;-1.171116537079797e-10;-1.0689404916774947e-10;3.780087354243733e-12;1.5158576616158825e-09;3.006093152180256e-12;-3.005524717991648e-12;6.17035311734071e-12;-1.0758821611389635e-10;-1.171116537079797e-12;-1.0689404916774947e-12;3.780087354243733e-14;1.5158576616158826e-11;140.66186448464617;100.0;94.31680770103401;100.0;94.16030617816824;35.86275890396195;9.98617897109881;8.965435964993162;54.60931491606016;13.024387890193509;3.7574382877039056;3.844733881011905;9.8599926591084;51.13398957603886;3.7142661454818153;8.205783774367205;4.0;0.7500000000000003;70555.78044328283;8661.846496823304;8.145581945969473;3.7142661454818153;deltaT_shex_1_K;shex;True;True;True;True;True;True;True;True;90.1400073408916;2659.758024876886;0.03937846026991987;70555.78044328283;0.0;0.0;135.0;4.0;140.66186448464617;4.0;100.0;4.0;94.31680770103401;4.0;100.0;4.0;94.16030617816824;4.0;30.0;4.0;35.86275890396195;4.0;90.1400073408916;2659.758024876886;0.005887911506226487;70555.78044328283;0.0;0.0;90.4720738200221;243.19027004730358;0.7893784602699202;8661.846496823304;0.6016742691235316;0.23857340270931982;150.64804345574498;343.8197255020713;0.7558879115062268;70555.78044328283;0.6283321918800638;0.2596296495322375;90.1400073408916;2659.758024876886;0.03349054876369338;70555.78044328283;0.0;0.0;104.46741645032347;243.19027004730358;0.7893784602699202;70555.78044328283;0.6016742691235316;0.23857340270931982;143.96543596499316;322.151627758562;0.7893784602699202;70555.78044328283;0.6016742691235316;0.23857340270931982;140.25116981951135;325.63833915542796;0.7500000000000003;70555.78044328283;0.633264944193017;0.2637217269774873;96.26163267595626;242.5311458612481;0.7500000000000003;70555.78044328283;0.633264944193017;0.2637217269774873;96.2425617122961;242.49569564891368;0.7500000000000003;8661.846496823304;0.633264944193017;0.2637217269774873;90.4720738200221;2669.488946597834;0.03937846026991987;8661.846496823304;0.0;0.0;43.02438789019351;180.17554525282384;0.03937846026991987;8661.846496823304;0.0;0.0;43.026316602129384;180.2380022108028;0.03937846026991987;70555.78044328283;0.0;0.0;"Zustand 3: Temperatur 417.115 K liegt außerhalb des Boryta-Prüfbereichs; Kristallisation wurde nicht bewertet.";"Zustand 4: Temperatur 413.401 K liegt außerhalb des Boryta-Prüfbereichs; Kristallisation wurde nicht bewertet.";Zustand 5: Kristallisationsprüfung bestanden (w_LiBr=0.6333 <= w_crit=0.6931, T=369.41 K >= T_crit=307.76 K).;Zustand 6: Kristallisationsprüfung bestanden (w_LiBr=0.6333 <= w_crit=0.6931, T=369.39 K >= T_crit=307.76 K).;"Zustand 20: Temperatur 423.798 K liegt außerhalb des Boryta-Prüfbereichs; Kristallisation wurde nicht bewertet.";5
parallel;Parallel (T13 = T15);parallel;100.0;100.0;30.0;100.0;4.0;4.0;4.0;100.0;0.7600000000000003;Abwärmetemperatur [°C];hot_temperature_C;100.0;10.0;10.0;25.0;15.0;11.0;nan;nan;5.286627070350053e-21;`gtol` termination condition is satisfied.;4;1.5738431861250163e-09;1.028263299972342e-10;1;True;;True;0;zulässig;feasible;True;True;True;90.13089180876625;104.47378758934047;140.1929948119943;43.03698572508267;0.1513539450183975;0.25946026564241303;0.23870168986780835;0.2635478685843788;94.55226153220963;98.12014384126189;94.91306066556933;97.72994827799292;63.14588394028938;0.49081595045014154;19.2815402881096;40.655039565323534;0.0024606152402228275;0.026935814964384717;9.455226153081624;9.81201438413554;3.7965224266268818;6.515329885198179;5.740534903687795;90.52045010502735;0.01005006040512912;2669.580191734069;243.2699595664215;218.63784089095907;0.008034178467526076;0.7913817597118878;0.6079534462454845;0.2433785238733998;2.9537261525547365e-10;-2.7636559707389097e-10;5.846345629834104e-10;-1.016198236669652e-10;-1.0271605788148008e-10;-9.350742402602918e-11;2.0236257114447653e-11;1.3933885156802717e-09;2.9537261525547364e-12;-2.7636559707389096e-12;5.846345629834104e-12;-1.016198236669652e-10;-1.0271605788148008e-12;-9.350742402602918e-13;2.0236257114447654e-13;1.3933885156802717e-11;140.65503956532353;100.0;94.3233815391406;100.0;94.15490739964156;35.86842965557787;9.929474235422674;8.996324557188018;54.65202044944948;13.036985725082673;3.790120623840437;3.8029314341132476;9.86910819123375;51.115993375431685;3.8033297451937074;8.244848412099486;4.0;0.7600000000000003;70531.37880856992;8667.539611020778;8.137416380409645;3.790120623840437;deltaT_des_1_K;desorber;True;True;True;True;True;True;True;True;90.13089180876625;2659.743182495221;0.03941593817941358;70531.37880856992;0.0;0.0;135.0;4.0;140.65503956532353;4.0;100.0;4.0;94.3233815391406;4.0;100.0;4.0;94.15490739964156;4.0;30.0;4.0;35.86842965557787;4.0;90.13089180876625;2659.743182495221;0.005965757740055517;70531.37880856992;0.0;0.0;90.52045010502735;243.26995956642193;0.7994159381794139;8667.539611020778;0.601843477387211;0.23870168986780835;150.5845138007462;343.6225919933078;0.7659657577400558;70531.37880856992;0.6281263403129252;0.25946026564241303;90.13089180876625;2659.743182495221;0.03345018043935806;70531.37880856992;0.0;0.0;104.47378758934047;243.26995956642193;0.7994159381794139;70531.37880856992;0.601843477387211;0.23870168986780835;143.99632455718802;322.2599833131307;0.7994159381794139;70531.37880856992;0.601843477387211;0.23870168986780835;140.1929948119943;325.44178365238133;0.7600000000000003;70531.37880856992;0.6330569317271815;0.2635478685843788;96.22893917724099;242.3550942576524;0.7600000000000003;70531.37880856992;0.6330569317271815;0.2635478685843788;96.20987937615956;242.31965239585716;0.7600000000000003;8667.539611020778;0.6330569317271815;0.2635478685843788;90.52045010502735;2669.580191734069;0.03941593817941358;8667.539611020778;0.0;0.0;43.03698572508267;180.22820943091156;0.03941593817941358;8667.539611020778;0.0;0.0;43.03891402420987;180.29063634129037;0.03941593817941358;70531.37880856992;0.0;0.0;"Zustand 3: Temperatur 417.146 K liegt außerhalb des Boryta-Prüfbereichs; Kristallisation wurde nicht bewertet.";"Zustand 4: Temperatur 413.343 K liegt außerhalb des Boryta-Prüfbereichs; Kristallisation wurde nicht bewertet.";Zustand 5: Kristallisationsprüfung bestanden (w_LiBr=0.6331 <= w_crit=0.6930, T=369.38 K >= T_crit=307.67 K).;Zustand 6: Kristallisationsprüfung bestanden (w_LiBr=0.6331 <= w_crit=0.6930, T=369.36 K >= T_crit=307.67 K).;"Zustand 20: Temperatur 423.735 K liegt außerhalb des Boryta-Prüfbereichs; Kristallisation wurde nicht bewertet.";5
parallel;Parallel (T13 = T15);parallel;100.0;100.0;30.0;100.0;4.0;4.0;4.0;100.0;0.7700000000000004;Abwärmetemperatur [°C];hot_temperature_C;100.0;10.0;10.0;25.0;15.0;11.0;nan;nan;4.720831259667357e-21;`gtol` termination condition is satisfied.;4;1.4561760754805661e-09;9.716821764000158e-11;1;True;;True;0;zulässig;feasible;True;True;True;90.12178606924743;104.48173796499879;140.13390479140594;43.04956191831894;0.15320799706157984;0.25929368429055993;0.23882594443203892;0.26337755343400693;94.43520346490976;98.21479592689585;94.80013505931811;97.82011888256498;63.95781207095962;0.4902662182835794;19.516706859679157;40.64803848474338;0.00246176852506731;0.027283681686960576;9.443520346364163;9.821479592699584;3.792005402375827;6.521341258836491;5.8143465519292805;90.56785465830933;0.010017925907759998;2669.669590162957;243.3507410146955;218.79809193601727;0.008109043959891427;0.8013443333714452;0.6080991765449035;0.24349113975165992;2.895035322580952e-10;-2.624673811624234e-10;5.779838829766959e-10;-9.607570294889456e-11;-7.756284503557254e-11;-9.99875737761613e-11;1.7607248992135283e-11;1.268119831365766e-09;2.895035322580952e-12;-2.624673811624234e-12;5.779838829766959e-12;-9.607570294889456e-11;-7.756284503557253e-13;-9.99875737761613e-13;1.7607248992135283e-13;1.268119831365766e-11;140.64803848474338;100.0;94.33013546295945;100.0;94.14951442089921;35.874090665484175;9.873818802445385;9.02590880428204;54.693763992825154;13.049561918318943;3.821886152430693;3.7622808046501177;9.878213930752565;51.09802461644898;3.8920040128761;8.284575428151243;4.0;0.7700000000000004;70507.01041276938;8673.226160534752;8.129271519932582;3.7622808046501177;deltaT_des_2_K;desorber;True;True;True;True;True;True;True;True;90.12178606924743;2659.7283556645284;0.03945337733133625;70507.01041276938;0.0;0.0;135.0;4.0;140.64803848474338;4.0;100.0;4.0;94.33013546295945;4.0;100.0;4.0;94.14951442089921;4.0;30.0;4.0;35.874090665484175;4.0;90.12178606924743;2659.7283556645284;0.006044572918248764;70507.01041276938;0.0;0.0;90.56785465830933;243.35074101469476;0.8094533773313366;8673.226160534752;0.6020072840497068;0.23882594443203892;150.52185728718877;343.4284055323921;0.7760445729182491;70507.01041276938;0.6279237641154273;0.25929368429055993;90.12178606924743;2659.7283556645284;0.03340880441308748;70507.01041276938;0.0;0.0;104.48173796499879;243.35074101469476;0.8094533773313366;70507.01041276938;0.6020072840497068;0.23882594443203892;144.02590880428204;322.3643245787294;0.8094533773313366;70507.01041276938;0.6020072840497068;0.23882594443203892;140.13390479140594;325.24523157326007;0.7700000000000004;70507.01041276938;0.6328530250027276;0.26337755343400693;96.19716253684754;242.18313797498723;0.7700000000000004;70507.01041276938;0.6328530250027276;0.26337755343400693;96.1781138475693;242.14770462214702;0.7700000000000004;8673.226160534752;0.6328530250027276;0.26337755343400693;90.56785465830933;2669.669590162957;0.03945337733133625;8673.226160534752;0.0;0.0;43.04956191831894;180.28078316498815;0.03945337733133625;8673.226160534752;0.0;0.0;43.05148980445023;180.34318006714415;0.03945337733133625;70507.01041276938;0.0;0.0;"Zustand 3: Temperatur 417.176 K liegt außerhalb des Boryta-Prüfbereichs; Kristallisation wurde nicht bewertet.";"Zustand 4: Temperatur 413.284 K liegt außerhalb des Boryta-Prüfbereichs; Kristallisation wurde nicht bewertet.";Zustand 5: Kristallisationsprüfung bestanden (w_LiBr=0.6329 <= w_crit=0.6930, T=369.35 K >= T_crit=307.60 K).;Zustand 6: Kristallisationsprüfung bestanden (w_LiBr=0.6329 <= w_crit=0.6930, T=369.33 K >= T_crit=307.60 K).;"Zustand 20: Temperatur 423.672 K liegt außerhalb des Boryta-Prüfbereichs; Kristallisation wurde nicht bewertet.";5
parallel;Parallel (T13 = T15);parallel;100.0;100.0;30.0;100.0;4.0;4.0;4.0;100.0;0.7800000000000004;Abwärmetemperatur [°C];hot_temperature_C;100.0;10.0;10.0;25.0;15.0;11.0;nan;nan;4.219600053698879e-21;`gtol` termination condition is satisfied.;4;1.3380242269270572e-09;9.186511910076511e-11;1;True;;True;0;zulässig;feasible;True;True;True;90.11268359519534;104.49120579415404;140.07395026790005;43.062125549636676;0.15508289719321944;0.2591298175964596;0.23894630899375385;0.26321065791017867;94.31530547146286;98.30935346788098;94.68430761969358;97.910257150482;64.76617778395246;0.4897090714060907;19.751433496146085;40.640867552120994;0.002462919523706882;0.0276312499232092;9.431530547031224;9.830935346798526;3.7873723047917256;6.527350476698388;5.8878343440181276;90.61433082087723;0.009987702187282775;2669.7572237325785;243.43255635979313;218.95467033664232;0.008184830101174101;0.8113059744600342;0.6082408130334671;0.24360064019092978;2.786606501103961e-10;-2.469420223860652e-10;5.464926289278083e-10;-9.089001773432415e-11;-9.956124813470524e-11;-1.042792519001523e-10;6.181721801112872e-12;1.1506244845804758e-09;2.786606501103961e-12;-2.4694202238606523e-12;5.4649262892780826e-12;-9.089001773432415e-11;-9.956124813470524e-13;-1.042792519001523e-12;6.181721801112871e-14;1.1506244845804758e-11;140.640867552121;100.0;94.33706294140586;100.0;94.14412337616733;35.879746020806294;9.819171870030232;9.054228208113614;54.734584800070934;13.062125549636676;3.8527564523007527;3.722732120528633;9.887316404804665;51.08007035388698;3.9802779402135684;8.324924626279937;4.0;0.7800000000000004;70482.65777154475;8678.910239313605;8.121141459935073;3.722732120528633;deltaT_des_2_K;desorber;True;True;True;True;True;True;True;True;90.11268359519534;2659.7135337575996;0.039490804561207904;70482.65777154475;0.0;0.0;135.0;4.0;140.640867552121;4.0;100.0;4.0;94.33706294140586;4.0;100.0;4.0;94.14412337616733;4.0;30.0;4.0;35.879746020806294;4.0;90.11268359519534;2659.7135337575996;0.006124348383843327;70482.65777154475;0.0;0.0;90.61433082087723;243.43255635979267;0.8194908045612083;8678.910239313605;0.6021658849347381;0.23894630899375385;150.46003942215123;343.23705938991117;0.7861243483838437;70482.65777154475;0.627724362729473;0.2591298175964596;90.11268359519534;2659.7135337575996;0.03336645617736458;70482.65777154475;0.0;0.0;104.49120579415404;243.43255635979267;0.8194908045612083;70482.65777154475;0.6021658849347381;0.23894630899375385;144.0542282081136;322.46477664032545;0.8194908045612083;70482.65777154475;0.6021658849347381;0.23894630899375385;140.07395026790005;325.0487145803492;0.7800000000000004;70482.65777154475;0.6326530840057439;0.26321065791017867;96.1662811678741;242.015153319229;0.7800000000000004;70482.65777154475;0.6326530840057439;0.26321065791017867;96.14724354769925;241.97972863984026;0.7800000000000004;8678.910239313605;0.6326530840057439;0.26321065791017867;90.61433082087723;2669.7572237325785;0.039490804561207904;8678.910239313605;0.0;0.0;43.062125549636676;180.3333044121061;0.039490804561207904;8678.910239313605;0.0;0.0;43.06405302228035;180.39567132387384;0.039490804561207904;70482.65777154475;0.0;0.0;"Zustand 3: Temperatur 417.204 K liegt außerhalb des Boryta-Prüfbereichs; Kristallisation wurde nicht bewertet.";"Zustand 4: Temperatur 413.224 K liegt außerhalb des Boryta-Prüfbereichs; Kristallisation wurde nicht bewertet.";Zustand 5: Kristallisationsprüfung bestanden (w_LiBr=0.6327 <= w_crit=0.6930, T=369.32 K >= T_crit=307.52 K).;Zustand 6: Kristallisationsprüfung bestanden (w_LiBr=0.6327 <= w_crit=0.6930, T=369.30 K >= T_crit=307.52 K).;"Zustand 20: Temperatur 423.610 K liegt außerhalb des Boryta-Prüfbereichs; Kristallisation wurde nicht bewertet.";5
parallel;Parallel (T13 = T15);parallel;100.0;100.0;30.0;100.0;4.0;4.0;4.0;100.0;0.7900000000000004;Abwärmetemperatur [°C];hot_temperature_C;100.0;10.0;10.0;25.0;15.0;11.0;nan;nan;3.780062986495246e-21;`gtol` termination condition is satisfied.;4;1.2294404318036836e-09;8.694898488763679e-11;1;True;;True;0;zulässig;feasible;True;True;True;90.10357835031465;104.50213194331741;140.01317888462614;43.07468502638079;0.1569782714405535;0.25896858101457626;0.23906291954258382;0.2630470636324328;94.19266693051276;98.40387974033905;94.56568123482421;98.00042285684863;65.57098010825213;0.4891445842705084;19.985709108725015;40.633532711155055;0.002464068999311544;0.02797851045385186;9.419266692945932;9.840387974044589;3.782627249396445;6.533361523789256;5.960998191680288;90.65991960942603;0.009959309673172205;2669.843169913883;243.5153502997005;219.1077169970801;0.00826152867153418;0.8212667160208257;0.6083784963992414;0.2437071299432662;2.7418423087510746e-10;-2.3104007595975418e-10;4.967546374246012e-10;-8.60796989243795e-11;-8.691358743817545e-11;-1.0683720574888866e-10;9.79127889877418e-12;1.0534364491832093e-09;2.7418423087510746e-12;-2.310400759597542e-12;4.9675463742460125e-12;-8.60796989243795e-11;-8.691358743817545e-13;-1.0683720574888867e-12;9.79127889877418e-14;1.0534364491832093e-11;140.63353271115506;100.0;94.34415782088371;100.0;94.13873069037987;35.885399506001136;9.765494589104435;9.08132063132274;54.77452010342489;13.074685026380791;3.882752564662553;3.684238211457682;9.896421649685351;51.06211860559387;4.068141746696597;8.365857921716554;4.0;0.7900000000000004;70458.30473332433;8684.595646123984;8.113020755867952;3.684238211457682;deltaT_des_2_K;desorber;True;True;True;True;True;True;True;True;90.10357835031465;2659.698706945391;0.03952824469235949;70458.30473332433;0.0;0.0;135.0;4.0;140.63353271115506;4.0;100.0;4.0;94.34415782088371;4.0;100.0;4.0;94.13873069037987;4.0;30.0;4.0;35.885399506001136;4.0;90.10357835031465;2659.698706945391;0.0062050755248858275;70458.30473332433;0.0;0.0;90.65991960942603;243.51535029970088;0.8295282446923599;8684.595646123984;0.6023194665551025;0.23906291954258382;150.3990273002595;343.04845143308154;0.7962050755248862;70458.30473332433;0.6275280392958957;0.25896858101457626;90.10357835031465;2659.698706945391;0.03332316916747367;70458.30473332433;0.0;0.0;104.50213194331741;243.51535029970088;0.8295282446923599;70458.30473332433;0.6023194665551025;0.23906291954258382;144.08132063132274;322.56145937169504;0.8295282446923599;70458.30473332433;0.6023194665551025;0.23906291954258382;140.01317888462614;324.85226181320405;0.7900000000000004;70458.30473332433;0.6324569744753069;0.2630470636324328;96.13627402160085;241.85102117019403;0.7900000000000004;70458.30473332433;0.6324569744753069;0.2630470636324328;96.11724743533745;241.8156053341765;0.7900000000000004;8684.595646123984;0.6324569744753069;0.2630470636324328;90.65991960942603;2669.843169913883;0.03952824469235949;8684.595646123984;0.0;0.0;43.07468502638079;180.38580831847221;0.03952824469235949;8684.595646123984;0.0;0.0;43.07661208478601;180.4481452377685;0.03952824469235949;70458.30473332433;0.0;0.0;"Zustand 3: Temperatur 417.231 K liegt außerhalb des Boryta-Prüfbereichs; Kristallisation wurde nicht bewertet.";"Zustand 4: Temperatur 413.163 K liegt außerhalb des Boryta-Prüfbereichs; Kristallisation wurde nicht bewertet.";Zustand 5: Kristallisationsprüfung bestanden (w_LiBr=0.6325 <= w_crit=0.6930, T=369.29 K >= T_crit=307.45 K).;Zustand 6: Kristallisationsprüfung bestanden (w_LiBr=0.6325 <= w_crit=0.6930, T=369.27 K >= T_crit=307.45 K).;"Zustand 20: Temperatur 423.549 K liegt außerhalb des Boryta-Prüfbereichs; Kristallisation wurde nicht bewertet.";5
parallel;Parallel (T13 = T15);parallel;100.0;100.0;30.0;100.0;4.0;4.0;4.0;100.0;0.8000000000000004;Abwärmetemperatur [°C];hot_temperature_C;100.0;10.0;10.0;25.0;15.0;11.0;nan;nan;3.3946162154262865e-21;`gtol` termination condition is satisfied.;4;1.137496480905722e-09;8.239679866871391e-11;1;True;;True;0;zulässig;feasible;True;True;True;90.09446475201185;104.51445979773945;139.95163560599093;43.08724813402142;0.15889375121510332;0.2588098931953058;0.23917590583429912;0.26288665719905147;94.0673815440299;98.49843333998135;94.44435292839799;98.09067128390446;66.37221863357217;0.4885728294313075;20.21952301355266;40.6260395660305;0.0024652176526223204;0.02832545432355004;9.40673815430654;9.849843334008842;3.777774117138894;6.539378085593606;6.033838057617816;90.70465986307812;0.009932672662153152;2669.927502076441;243.59907011478376;219.25736584871953;0.008339131481959194;0.8312265892060999;0.6085123607372014;0.2438107089501984;2.673203880476649e-10;-2.2379254005500115e-10;4.673665898735635e-10;-8.161193942868294e-11;-7.436540272465209e-11;-1.070645794243319e-10;3.694822225952521e-13;9.645049203754752e-10;2.673203880476649e-12;-2.2379254005500114e-12;4.673665898735635e-12;-8.161193942868294e-11;-7.436540272465208e-13;-1.070645794243319e-12;3.694822225952521e-15;9.645049203754752e-12;140.6260395660305;100.0;94.35141429854082;100.0;94.13333305718277;35.89105462559695;9.712749952240813;9.107222379321684;54.81360523748117;13.087248134021422;3.911894996513695;3.6467544354626966;9.905535247988155;51.04415828002567;4.155586773330754;8.407339213689966;4.0;0.8000000000000004;70433.93637809732;8690.285906573608;8.104904388107514;3.6467544354626966;deltaT_des_2_K;desorber;True;True;True;True;True;True;True;True;90.09446475201185;2659.683866136642;0.03956572068805875;70433.93637809732;0.0;0.0;135.0;4.0;140.6260395660305;4.0;100.0;4.0;94.35141429854082;4.0;100.0;4.0;94.13333305718277;4.0;30.0;4.0;35.89105462559695;4.0;90.09446475201185;2659.683866136642;0.006286745779654673;70433.93637809732;0.0;0.0;90.70465986307812;243.59907011478415;0.8395657206880591;8690.285906573608;0.6024682066471247;0.23917590583429912;150.3387895182713;342.86248389737773;0.8062867457796551;70433.93637809732;0.6273347005076253;0.2588098931953058;90.09446475201185;2659.683866136642;0.03327897490840408;70433.93637809732;0.0;0.0;104.51445979773945;243.59907011478415;0.8395657206880591;70433.93637809732;0.6024682066471247;0.23917590583429912;144.10722237932168;322.65448769326434;0.8395657206880591;70433.93637809732;0.6024682066471247;0.23917590583429912;139.95163560599093;324.655900089204;0.8000000000000004;70433.93637809732;0.6322645676316695;0.26288665719905147;96.10712058404948;241.69062679757297;0.8000000000000004;70433.93637809732;0.6322645676316695;0.26288665719905147;96.0881050034863;241.65521997966854;0.8000000000000004;8690.285906573608;0.6322645676316695;0.26288665719905147;90.70465986307812;2669.927502076441;0.03956572068805875;8690.285906573608;0.0;0.0;43.08724813402142;180.43832743064817;0.03956572068805875;8690.285906573608;0.0;0.0;43.0891747771571;180.50063433697395;0.03956572068805875;70433.93637809732;0.0;0.0;"Zustand 3: Temperatur 417.257 K liegt außerhalb des Boryta-Prüfbereichs; Kristallisation wurde nicht bewertet.";"Zustand 4: Temperatur 413.102 K liegt außerhalb des Boryta-Prüfbereichs; Kristallisation wurde nicht bewertet.";Zustand 5: Kristallisationsprüfung bestanden (w_LiBr=0.6323 <= w_crit=0.6929, T=369.26 K >= T_crit=307.37 K).;Zustand 6: Kristallisationsprüfung bestanden (w_LiBr=0.6323 <= w_crit=0.6929, T=369.24 K >= T_crit=307.37 K).;"Zustand 20: Temperatur 423.489 K liegt außerhalb des Boryta-Prüfbereichs; Kristallisation wurde nicht bewertet.";5
parallel;Parallel (T13 = T15);parallel;100.0;100.0;30.0;100.0;4.0;4.0;4.0;100.0;0.8100000000000004;Abwärmetemperatur [°C];hot_temperature_C;100.0;10.0;10.0;25.0;15.0;11.0;nan;nan;3.052860704189041e-21;`gtol` termination condition is satisfied.;4;1.0684338566207104e-09;7.813911573839367e-11;1;True;;True;0;zulässig;feasible;True;True;True;90.08533763734812;104.52813513722316;139.88936289240775;43.09982208249676;0.1608289731576596;0.25865367585203153;0.23928539173559715;0.26272932994401815;93.93953773778037;98.59306853089099;94.32041427173652;98.18105355823833;67.16989346781867;0.4879938776402038;20.452864915454885;40.61839340536966;0.0024663661267271385;0.02867207282949523;9.393953773689221;9.859306853100577;3.7728165708728088;6.545403570549641;6.106353951639285;90.74858837948773;0.009907719094765502;2670.0102897442443;243.68366552828724;219.40374426387405;0.008417630380560093;0.8411856234104501;0.6086425339251533;0.24391147261129473;2.597460024844622e-10;-2.134754595317645e-10;4.6202330850064754e-10;-7.740907914666195e-11;-8.36877234178246e-11;-1.1478107353468658e-10;-6.281197784119286e-12;8.8816420884541e-10;2.5974600248446223e-12;-2.134754595317645e-12;4.6202330850064755e-12;-7.740907914666195e-11;-8.36877234178246e-13;-1.1478107353468658e-12;-6.281197784119286e-14;8.8816420884541e-12;140.61839340536966;100.0;94.35882689762343;100.0;94.12792741876564;35.89671462505328;9.660902689669854;9.131968277746068;54.85187375443445;13.099822082496758;3.940203725717083;3.610238518135702;9.914662362651882;51.026179109633176;4.242605385338322;8.44933426635771;4.0;0.8100000000000004;70409.53892468443;8695.984293333515;8.096787729787133;3.610238518135702;deltaT_des_2_K;desorber;True;True;True;True;True;True;True;True;90.08533763734812;2659.669002922531;0.03960325379100982;70409.53892468443;0.0;0.0;135.0;4.0;140.61839340536966;4.0;100.0;4.0;94.35882689762343;4.0;100.0;4.0;94.12792741876564;4.0;30.0;4.0;35.89671462505328;4.0;90.08533763734812;2659.669002922531;0.006369350640910299;70409.53892468443;0.0;0.0;90.74858837948773;243.6836655282869;0.8496032537910102;8695.984293333515;0.6026122746698966;0.23928539173559715;150.2792960950395;342.6790631711174;0.8163693506409107;70409.53892468443;0.6271442564684867;0.25865367585203153;90.08533763734812;2659.669002922531;0.03323390315009952;70409.53892468443;0.0;0.0;104.52813513722316;243.6836655282869;0.8496032537910102;70409.53892468443;0.6026122746698966;0.23928539173559715;144.13196827774607;322.74397181607503;0.8496032537910102;70409.53892468443;0.6026122746698966;0.23928539173559715;139.88936289240775;324.45965408806006;0.8100000000000004;70409.53892468443;0.6320757399184517;0.26272932994401815;96.07880087086545;241.53385968366638;0.8100000000000004;70409.53892468443;0.6320757399184517;0.26272932994401815;96.05979627428292;241.49846206288922;0.8100000000000004;8695.984293333515;0.6320757399184517;0.26272932994401815;90.74858837948773;2670.0102897442443;0.03960325379100982;8695.984293333515;0.0;0.0;43.09982208249676;180.49089188930813;0.03960325379100982;8695.984293333515;0.0;0.0;43.10174830913246;180.55316874513775;0.03960325379100982;70409.53892468443;0.0;0.0;"Zustand 3: Temperatur 417.282 K liegt außerhalb des Boryta-Prüfbereichs; Kristallisation wurde nicht bewertet.";"Zustand 4: Temperatur 413.039 K liegt außerhalb des Boryta-Prüfbereichs; Kristallisation wurde nicht bewertet.";Zustand 5: Kristallisationsprüfung bestanden (w_LiBr=0.6321 <= w_crit=0.6929, T=369.23 K >= T_crit=307.30 K).;Zustand 6: Kristallisationsprüfung bestanden (w_LiBr=0.6321 <= w_crit=0.6929, T=369.21 K >= T_crit=307.30 K).;"Zustand 20: Temperatur 423.429 K liegt außerhalb des Boryta-Prüfbereichs; Kristallisation wurde nicht bewertet.";5
parallel;Parallel (T13 = T15);parallel;100.0;100.0;30.0;100.0;4.0;4.0;4.0;100.0;0.8200000000000004;Abwärmetemperatur [°C];hot_temperature_C;100.0;10.0;10.0;25.0;15.0;11.0;nan;nan;2.7508906659454733e-21;`gtol` termination condition is satisfied.;4;9.890486303269683e-10;7.417399363584885e-11;1;True;;True;0;zulässig;feasible;True;True;True;90.07619223179654;104.54310601841837;139.82640086255702;43.11241354874306;0.16278357898818957;0.2584998536338422;0.239391495547118;0.26257497770716887;93.80921903036887;98.68783556564071;94.19395176360433;98.27161696013734;67.96400519868584;0.4874077979371953;20.685724892685105;40.61059922430434;0.0024675150114315324;0.02901835751063663;9.380921902955656;9.868783556575769;3.767758070547875;6.551441130676555;6.178545927171235;90.79174004116942;0.009884380346598404;2670.091598833158;243.76908857495633;219.54697344127038;0.00849701725780816;0.8511438463935294;0.60876913797496;0.24400951203550703;2.5420376914553344e-10;-1.9774404336203588e-10;4.3229420043644495e-10;-7.35153049546966e-11;-9.254108590539545e-11;-1.169837560155429e-10;-1.0999201549566351e-11;8.123066663756617e-10;2.5420376914553344e-12;-1.977440433620359e-12;4.322942004364449e-12;-7.35153049546966e-11;-9.254108590539545e-13;-1.1698375601554288e-12;-1.0999201549566351e-13;8.123066663756618e-12;140.61059922430434;100.0;94.3663904447605;100.0;94.12251094736018;35.902382509906715;9.60991917216262;9.155591745642027;54.889357531262704;13.112413548743064;3.9676982074939247;3.574650403591079;9.92380776820346;51.008171589933056;4.329190883085005;8.49181059763032;4.0;0.8200000000000004;70385.09964567925;8701.693844711783;8.088666517318794;3.574650403591079;deltaT_des_2_K;desorber;True;True;True;True;True;True;True;True;90.07619223179654;2659.654109525884;0.03964086365133712;70385.09964567925;0.0;0.0;135.0;4.0;140.61059922430434;4.0;100.0;4.0;94.3663904447605;4.0;100.0;4.0;94.12251094736018;4.0;30.0;4.0;35.902382509906715;4.0;90.07619223179654;2659.654109525884;0.0064528816593474895;70385.09964567925;0.0;0.0;90.79174004116942;243.76908857495582;0.8596408636513375;8701.693844711783;0.6027518322719446;0.239391495547118;150.22051839646696;342.4980995922079;0.8264528816593479;70385.09964567925;0.6269566205575529;0.2584998536338422;90.07619223179654;2659.654109525884;0.033187981991989635;70385.09964567925;0.0;0.0;104.54310601841837;243.76908857495582;0.8596408636513375;70385.09964567925;0.6027518322719446;0.239391495547118;144.15559174564203;322.8300174726442;0.8596408636513375;70385.09964567925;0.6027518322719446;0.239391495547118;139.82640086255702;324.2635465215792;0.8200000000000004;70385.09964567925;0.6318903727581467;0.26257497770716887;96.05129542078805;241.38061335276018;0.8200000000000004;70385.09964567925;0.6318903727581467;0.26257497770716887;96.03230179250608;241.34522511189354;0.8200000000000004;8701.693844711783;0.6318903727581467;0.26257497770716887;90.79174004116942;2670.091598833158;0.03964086365133712;8701.693844711783;0.0;0.0;43.11241354874306;180.54352960707584;0.03964086365133712;8701.693844711783;0.0;0.0;43.11433935742713;180.60577635914296;0.03964086365133712;70385.09964567925;0.0;0.0;"Zustand 3: Temperatur 417.306 K liegt außerhalb des Boryta-Prüfbereichs; Kristallisation wurde nicht bewertet.";"Zustand 4: Temperatur 412.976 K liegt außerhalb des Boryta-Prüfbereichs; Kristallisation wurde nicht bewertet.";Zustand 5: Kristallisationsprüfung bestanden (w_LiBr=0.6319 <= w_crit=0.6929, T=369.20 K >= T_crit=307.24 K).;Zustand 6: Kristallisationsprüfung bestanden (w_LiBr=0.6319 <= w_crit=0.6929, T=369.18 K >= T_crit=307.24 K).;"Zustand 20: Temperatur 423.371 K liegt außerhalb des Boryta-Prüfbereichs; Kristallisation wurde nicht bewertet.";5
parallel;Parallel (T13 = T15);parallel;100.0;100.0;30.0;100.0;4.0;4.0;4.0;100.0;0.8300000000000004;Abwärmetemperatur [°C];hot_temperature_C;100.0;10.0;10.0;25.0;15.0;11.0;nan;nan;2.483130428074415e-21;`gtol` termination condition is satisfied.;4;9.284626099656004e-10;7.047170252057793e-11;1;True;;True;0;zulässig;feasible;True;True;True;90.06702412057331;104.55932266329313;139.7627874441137;43.125028715752876;0.16475721535817217;0.2583483540032756;0.23949433030624687;0.26242350061680203;93.6765043734203;98.78278097922714;94.06504718041742;98.36240520749313;68.75455485900765;0.48681465773698324;20.91809338258738;40.60266174482177;0.002468664847261907;0.02936430013753821;9.367650437266082;9.878278097934375;3.7626018872198452;6.557493680500357;6.25041407810848;90.83414793284629;0.009862591033133012;2670.1714918715525;243.85529347735587;219.68716876545668;0.008577284050844236;0.8611012843932051;0.6088922893609345;0.24410491427656167;2.4789414965198375e-10;-1.8562218428996857e-10;4.055777935718652e-10;-6.986089484684044e-11;-7.87139242675039e-11;-1.1661427379294764e-10;-1.2235545909788925e-11;7.594849193992559e-10;2.4789414965198375e-12;-1.8562218428996858e-12;4.0557779357186515e-12;-6.986089484684044e-11;-7.87139242675039e-13;-1.1661427379294765e-12;-1.2235545909788924e-13;7.59484919399256e-12;140.60266174482177;100.0;94.37410004901812;100.0;94.11708102825997;35.908061063350885;9.559767320165804;9.178124864674317;54.92608686949541;13.125028715752876;3.994397382085708;3.5399521161718326;9.932975879426692;50.990126923472815;4.415337420560604;8.534737375334885;4.0;0.8300000000000004;70360.60678942599;8707.417381724184;8.080536823364456;3.5399521161718326;deltaT_des_2_K;desorber;True;True;True;True;True;True;True;True;90.06702412057331;2659.63917875456;0.039678568444048934;70360.60678942599;0.0;0.0;135.0;4.0;140.60266174482177;4.0;100.0;4.0;94.37410004901812;4.0;100.0;4.0;94.11708102825997;4.0;30.0;4.0;35.908061063350885;4.0;90.06702412057331;2659.63917875456;0.006537330446240145;70360.60678942599;0.0;0.0;90.83414793284629;243.8552934773545;0.8696785684440493;8707.417381724184;0.6028870337277396;0.23949433030624687;150.16242906498758;342.3195072558844;0.8365373304462406;70360.60678942599;0.6267717092983641;0.2583483540032756;90.06702412057331;2659.63917875456;0.03314123799780879;70360.60678942599;0.0;0.0;104.55932266329313;243.8552934773545;0.8696785684440493;70360.60678942599;0.6028870337277396;0.23949433030624687;144.17812486467432;322.9127261355113;0.8696785684440493;70360.60678942599;0.6028870337277396;0.23949433030624687;139.7627874441137;324.0675982899158;0.8300000000000004;70360.60678942599;0.6317083523202646;0.26242350061680203;96.02458528795825;241.23078520707276;0.8300000000000004;70360.60678942599;0.6317083523202646;0.26242350061680203;96.00560261791429;241.19540653220824;0.8300000000000004;8707.417381724184;0.6317083523202646;0.26242350061680203;90.83414793284629;2670.1714918715525;0.039678568444048934;8707.417381724184;0.0;0.0;43.125028715752876;180.59626643161454;0.039678568444048934;8707.417381724184;0.0;0.0;43.12695410478716;180.6584830121029;0.039678568444048934;70360.60678942599;0.0;0.0;"Zustand 3: Temperatur 417.328 K liegt außerhalb des Boryta-Prüfbereichs; Kristallisation wurde nicht bewertet.";"Zustand 4: Temperatur 412.913 K liegt außerhalb des Boryta-Prüfbereichs; Kristallisation wurde nicht bewertet.";Zustand 5: Kristallisationsprüfung bestanden (w_LiBr=0.6317 <= w_crit=0.6929, T=369.17 K >= T_crit=307.17 K).;Zustand 6: Kristallisationsprüfung bestanden (w_LiBr=0.6317 <= w_crit=0.6929, T=369.16 K >= T_crit=307.17 K).;"Zustand 20: Temperatur 423.312 K liegt außerhalb des Boryta-Prüfbereichs; Kristallisation wurde nicht bewertet.";5
parallel;Parallel (T13 = T15);parallel;100.0;100.0;30.0;100.0;4.0;4.0;4.0;100.0;0.8400000000000004;Abwärmetemperatur [°C];hot_temperature_C;100.0;10.0;10.0;25.0;15.0;11.0;nan;nan;2.2456882238689275e-21;`gtol` termination condition is satisfied.;4;8.65324270509066e-10;6.701773233807493e-11;1;True;;True;0;zulässig;feasible;True;True;True;90.0578292222877;104.57673735347879;139.69855851373563;43.137673308483784;0.16674953370874399;0.2581991071195769;0.2395940040709789;0.2622748028839515;93.5414684655571;98.87794785933995;93.9337778995783;98.45345871672895;69.54154389539656;0.4862145229109668;21.149961168074018;40.594585434542864;0.0024698161291378845;0.029709892702796923;9.354146846485927;9.88779478594607;3.757351115986124;6.563563914449788;6.321958535961213;90.87584345051255;0.009842288827233764;2670.2500282053643;243.9422365293568;219.82444014199294;0.008658422746993688;0.8710579622300149;0.6090120993269127;0.24419776255340675;2.4206769921875093e-10;-1.7678303265711293e-10;3.8346570363501087e-10;-6.646005967780866e-11;-7.480593922082335e-11;-1.2074963251507143e-10;-1.787725523172412e-11;6.978382316447096e-10;2.4206769921875094e-12;-1.7678303265711293e-12;3.834657036350108e-12;-6.646005967780866e-11;-7.480593922082335e-13;-1.2074963251507142e-12;-1.787725523172412e-13;6.978382316447096e-12;140.59458543454286;100.0;94.3819510825611;100.0;94.11163524421477;35.91375286240071;9.510416518883517;9.19959844450915;54.962090588111835;13.137673308483784;4.020319683380876;3.506107632048554;9.942170777712306;50.972036968147734;4.501039930773516;8.578085320218577;4.0;0.8400000000000004;70336.04950833177;8713.157523799773;8.07239503202032;3.506107632048554;deltaT_des_2_K;desorber;True;True;True;True;True;True;True;True;90.0578292222877;2659.624203958616;0.039716384977008135;70336.04950833177;0.0;0.0;135.0;4.0;140.59458543454286;4.0;100.0;4.0;94.3819510825611;4.0;100.0;4.0;94.11163524421477;4.0;30.0;4.0;35.91375286240071;4.0;90.0578292222877;2659.624203958616;0.0066226886755130715;70336.04950833177;0.0;0.0;90.87584345051255;243.94223652935543;0.8797163849770085;8713.157523799773;0.6030180263460573;0.2395940040709789;150.10500195342638;342.1432038333785;0.8466226886755135;70336.04950833177;0.6265894422336984;0.2581991071195769;90.0578292222877;2659.624203958616;0.033093696301495064;70336.04950833177;0.0;0.0;104.57673735347879;243.94223652935543;0.8797163849770085;70336.04950833177;0.6030180263460573;0.2395940040709789;144.19959844450915;322.9921952239568;0.8797163849770085;70336.04950833177;0.6030180263460573;0.2395940040709789;139.69855851373563;323.87182862520865;0.8400000000000004;70336.04950833177;0.6315295693013377;0.2622748028839515;95.99865203326021;241.0842763690724;0.8400000000000004;70336.04950833177;0.6315295693013377;0.2622748028839515;95.97968031661912;241.0489074491881;0.8400000000000004;8713.157523799773;0.6315295693013377;0.2622748028839515;90.87584345051255;2670.2500282053643;0.039716384977008135;8713.157523799773;0.0;0.0;43.137673308483784;180.64912629597535;0.039716384977008135;8713.157523799773;0.0;0.0;43.139598276067034;180.71131262362243;0.039716384977008135;70336.04950833177;0.0;0.0;"Zustand 3: Temperatur 417.350 K liegt außerhalb des Boryta-Prüfbereichs; Kristallisation wurde nicht bewertet.";"Zustand 4: Temperatur 412.849 K liegt außerhalb des Boryta-Prüfbereichs; Kristallisation wurde nicht bewertet.";Zustand 5: Kristallisationsprüfung bestanden (w_LiBr=0.6315 <= w_crit=0.6929, T=369.15 K >= T_crit=307.10 K).;Zustand 6: Kristallisationsprüfung bestanden (w_LiBr=0.6315 <= w_crit=0.6928, T=369.13 K >= T_crit=307.10 K).;"Zustand 20: Temperatur 423.255 K liegt außerhalb des Boryta-Prüfbereichs; Kristallisation wurde nicht bewertet.";5
parallel;Parallel (T13 = T15);parallel;100.0;100.0;30.0;100.0;4.0;4.0;4.0;100.0;0.8500000000000004;Abwärmetemperatur [°C];hot_temperature_C;100.0;10.0;10.0;25.0;15.0;11.0;nan;nan;2.0357972829801714e-21;`gtol` termination condition is satisfied.;4;8.263827660299189e-10;6.3809047681033e-11;1;True;;True;0;zulässig;feasible;True;True;True;90.0486037647193;104.59530433023411;139.63374802716527;43.150352626886615;0.16876019013258056;0.25805204572668244;0.23969062018625872;0.2621287926077447;93.40418204224187;98.9733760949585;93.80021719802548;98.54481484268757;70.32497413982487;0.485607457864944;21.381319364888434;40.58637452405753;0.0024709693097424634;0.030055127412006576;9.340418204158176;9.897337609507575;3.7520086879245254;6.569654322846842;6.393179467272281;90.91685640288921;0.00982341428840421;2670.3272641888902;244.02987598653576;219.95889231037054;0.008740425386607131;0.8810139034035912;0.6091286741737026;0.24428813645689135;2.3443647023668746e-10;-1.702176177786896e-10;3.709033080667723e-10;-6.327482982015908e-11;-8.765255188336596e-11;-1.1725376225513173e-10;-1.5049295143398922e-11;6.601084123758483e-10;2.3443647023668745e-12;-1.702176177786896e-12;3.709033080667723e-12;-6.327482982015908e-11;-8.765255188336596e-13;-1.1725376225513174e-12;-1.5049295143398922e-13;6.601084123758483e-12;140.58637452405753;100.0;94.38993916279753;100.0;94.10617136108328;35.919460292760675;9.46183753871395;9.220042084644547;54.997396110128534;13.150352626886615;4.045483048311041;3.4730827599083227;9.951396235280697;50.95389419010627;4.586294057479279;8.621826615334498;4.0;0.8500000000000004;70311.41779298759;8718.916703236222;8.06423781602248;3.4730827599083227;deltaT_des_2_K;desorber;True;True;True;True;True;True;True;True;90.0486037647193;2659.609178990927;0.03975432879019791;70311.41779298759;0.0;0.0;135.0;4.0;140.58637452405753;4.0;100.0;4.0;94.38993916279753;4.0;100.0;4.0;94.10617136108328;4.0;30.0;4.0;35.919460292760675;4.0;90.0486037647193;2659.609178990927;0.006708948085226921;70311.41779298759;0.0;0.0;90.91685640288921;244.02987598653579;0.8897543287901983;8718.916703236222;0.603144950852348;0.23969062018625872;150.04821206277148;341.9691104002753;0.8567089480852274;70311.41779298759;0.6264097418050029;0.25805204572668244;90.0486037647193;2659.609178990927;0.03304538070497099;70311.41779298759;0.0;0.0;104.59530433023411;244.02987598653579;0.8897543287901983;70311.41779298759;0.603144950852348;0.23969062018625872;144.22004208464455;323.06851829968525;0.8897543287901983;70311.41779298759;0.603144950852348;0.23969062018625872;139.63374802716527;323.6762552237511;0.8500000000000004;70311.41779298759;0.631353918716268;0.2621287926077447;95.97347771489962;240.94099153011535;0.8500000000000004;70311.41779298759;0.631353918716268;0.2621287926077447;95.95451695168896;240.90563255668945;0.8500000000000004;8718.916703236222;0.631353918716268;0.2621287926077447;90.91685640288921;2670.3272641888902;0.03975432879019791;8718.916703236222;0.0;0.0;43.150352626886615;180.7021313565124;0.03975432879019791;8718.916703236222;0.0;0.0;43.152277170977015;180.76428733763294;0.03975432879019791;70311.41779298759;0.0;0.0;"Zustand 3: Temperatur 417.370 K liegt außerhalb des Boryta-Prüfbereichs; Kristallisation wurde nicht bewertet.";"Zustand 4: Temperatur 412.784 K liegt außerhalb des Boryta-Prüfbereichs; Kristallisation wurde nicht bewertet.";Zustand 5: Kristallisationsprüfung bestanden (w_LiBr=0.6314 <= w_crit=0.6928, T=369.12 K >= T_crit=307.04 K).;Zustand 6: Kristallisationsprüfung bestanden (w_LiBr=0.6314 <= w_crit=0.6928, T=369.10 K >= T_crit=307.04 K).;"Zustand 20: Temperatur 423.198 K liegt außerhalb des Boryta-Prüfbereichs; Kristallisation wurde nicht bewertet.";5
parallel;Parallel (T13 = T15);parallel;100.0;100.0;30.0;100.0;4.0;4.0;4.0;100.0;0.8600000000000004;Abwärmetemperatur [°C];hot_temperature_C;100.0;10.0;10.0;25.0;15.0;11.0;nan;nan;1.8476004802481346e-21;`gtol` termination condition is satisfied.;4;7.644943744924135e-10;6.078816464161646e-11;1;True;;True;0;zulässig;feasible;True;True;True;90.03934426252863;104.61497969971833;139.56838814015282;43.16307157631206;0.17078884524253124;0.2579071050461729;0.2397842775339415;0.2619853815911481;93.26471214350158;99.06910260516769;93.66443452809625;98.6365080993254;71.10484778384573;0.4849935256126106;21.612159409596337;40.57803302293672;0.00247212480261689;0.030399996675226457;9.326471214290835;9.906910260528775;3.746577381127281;6.575767206622801;6.464077071273656;90.95721510585702;0.009805910702963348;2670.4032533624086;244.1181719629926;220.09062513626358;0.00882328406531041;0.890969130181743;0.6092421155282418;0.24437611214357605;2.3021584638627246e-10;-1.644906433284632e-10;3.560671757441014e-10;-6.030853594296559e-11;-8.57767190609593e-11;-1.2006751148874173e-10;-1.6612489162071142e-11;5.932321300861076e-10;2.3021584638627246e-12;-1.644906433284632e-12;3.560671757441014e-12;-6.030853594296559e-11;-8.577671906095929e-13;-1.2006751148874172e-12;-1.6612489162071142e-13;5.932321300861076e-12;140.57803302293672;100.0;94.3980601358794;100.0;94.10068731463366;35.92518556251002;9.41400246077086;9.239484232864527;55.032029543346994;13.163071576312063;4.069904926868503;3.4408450300223876;9.96065573747137;50.93569161992286;4.671096092711707;8.665934821359315;4.0;0.8600000000000004;70286.70241156458;8724.697178516168;8.056062115787773;3.4408450300223876;deltaT_des_2_K;desorber;True;True;True;True;True;True;True;True;90.03934426252863;2659.5940981709387;0.03979241424705293;70286.70241156458;0.0;0.0;135.0;4.0;140.57803302293672;4.0;100.0;4.0;94.3980601358794;4.0;100.0;4.0;94.10068731463366;4.0;30.0;4.0;35.92518556251002;4.0;90.03934426252863;2659.5940981709387;0.006796100478666619;70286.70241156458;0.0;0.0;90.95721510585702;244.11817196299134;0.8997924142470534;8724.697178516168;0.6032679417468874;0.2397842775339415;149.99203548370758;341.79715127438254;0.8667961004786671;70286.70241156458;0.6262325332368641;0.2579071050461729;90.03934426252863;2659.5940981709387;0.03299631376838631;70286.70241156458;0.0;0.0;104.61497969971833;244.11817196299134;0.8997924142470534;70286.70241156458;0.6032679417468874;0.2397842775339415;144.23948423286453;323.14178525200344;0.8997924142470534;70286.70241156458;0.6032679417468874;0.2397842775339415;139.56838814015282;323.48089436752247;0.8600000000000004;70286.70241156458;0.6311812997003282;0.2619853815911481;95.94904487835902;240.8008388051789;0.8600000000000004;70286.70241156458;0.6311812997003282;0.2619853815911481;95.9300950731315;240.76548997183562;0.8600000000000004;8724.697178516168;0.6311812997003282;0.2619853815911481;90.95721510585702;2670.4032533624086;0.03979241424705293;8724.697178516168;0.0;0.0;43.16307157631206;180.75530211992162;0.03979241424705293;8724.697178516168;0.0;0.0;43.1649956947108;180.81742764935717;0.03979241424705293;70286.70241156458;0.0;0.0;"Zustand 3: Temperatur 417.389 K liegt außerhalb des Boryta-Prüfbereichs; Kristallisation wurde nicht bewertet.";"Zustand 4: Temperatur 412.718 K liegt außerhalb des Boryta-Prüfbereichs; Kristallisation wurde nicht bewertet.";Zustand 5: Kristallisationsprüfung bestanden (w_LiBr=0.6312 <= w_crit=0.6928, T=369.10 K >= T_crit=306.98 K).;Zustand 6: Kristallisationsprüfung bestanden (w_LiBr=0.6312 <= w_crit=0.6928, T=369.08 K >= T_crit=306.98 K).;"Zustand 20: Temperatur 423.142 K liegt außerhalb des Boryta-Prüfbereichs; Kristallisation wurde nicht bewertet.";5
parallel;Parallel (T13 = T15);parallel;100.0;100.0;30.0;100.0;4.0;4.0;4.0;100.0;0.8700000000000004;Abwärmetemperatur [°C];hot_temperature_C;100.0;10.0;10.0;25.0;15.0;11.0;nan;nan;1.6801457484081113e-21;`gtol` termination condition is satisfied.;4;7.321581320742148e-10;5.7968021329145114e-11;1;True;;True;0;zulässig;feasible;True;True;True;90.0300474967342;104.63572134331895;139.5025093209003;43.17583469551852;0.17283516404446772;0.25776422267467614;0.23987507076748102;0.2618444851665187;93.12312236147432;99.16516154998793;93.52649577263679;98.7285703629653;71.8811673551528;0.48437278784524906;21.84247304823615;40.56956473453795;0.0024732829850075137;0.0307444930989291;9.312312236090413;9.91651615501094;3.741059830909099;6.581904690866007;6.534651577755267;90.99694647040627;0.009789723934385161;2670.478046617619;244.2070863342262;220.21973388463792;0.008906990935756864;0.9009236636828265;0.6093525205957625;0.24446176251756807;2.2377832920028595e-10;-1.5513990092586027e-10;3.3151081879623234e-10;-5.7506666095719083e-11;-9.069367479241919e-11;-1.2147438610554673e-10;-2.4797941478027496e-11;5.7018212373805e-10;2.2377832920028595e-12;-1.5513990092586028e-12;3.3151081879623234e-12;-5.7506666095719083e-11;-9.069367479241919e-13;-1.2147438610554673e-12;-2.4797941478027495e-13;5.7018212373805e-12;140.56956473453795;100.0;94.40631006144514;100.0;94.09518119838725;35.93093071471219;9.366884607017823;9.257952240512907;55.06601575569408;13.175834695518517;4.093602292611138;3.4093635910388684;9.969952503265802;50.91742281247002;4.755442919612619;8.710384797447887;4.0;0.8700000000000004;70261.89485402856;8730.501046580055;8.047865120129826;3.4093635910388684;deltaT_des_2_K;desorber;True;True;True;True;True;True;True;True;90.0300474967342;2659.5789562512987;0.03983065461858293;70261.89485402856;0.0;0.0;135.0;4.0;140.56956473453795;4.0;100.0;4.0;94.40631006144514;4.0;100.0;4.0;94.09518119838725;4.0;30.0;4.0;35.93093071471219;4.0;90.0300474967342;2659.5789562512987;0.006884137725001316;70261.89485402856;0.0;0.0;90.99694647040627;244.20708633422504;0.9098306546185834;8730.501046580055;0.6033871276404082;0.23987507076748102;149.93644934155577;341.62725386219705;0.8768841377250017;70261.89485402856;0.626057744425947;0.25776422267467614;90.0300474967342;2659.5789562512987;0.032946516893581614;70261.89485402856;0.0;0.0;104.63572134331895;244.20708633422504;0.9098306546185834;70261.89485402856;0.6033871276404082;0.23987507076748102;144.2579522405129;323.2120824730797;0.9098306546185834;70261.89485402856;0.6033871276404082;0.23987507076748102;139.5025093209003;323.28576103597135;0.8700000000000004;70261.89485402856;0.6310116153212634;0.2618444851665187;95.92533654587106;240.66372959352424;0.8700000000000004;70261.89485402856;0.6310116153212634;0.2618444851665187;95.90639770738886;240.6283910957094;0.8700000000000004;8730.501046580055;0.6310116153212634;0.2618444851665187;90.99694647040627;2670.478046617619;0.03983065461858293;8730.501046580055;0.0;0.0;43.17583469551852;180.80865756061382;0.03983065461858293;8730.501046580055;0.0;0.0;43.17775838591723;180.87075252261462;0.03983065461858293;70261.89485402856;0.0;0.0;"Zustand 3: Temperatur 417.408 K liegt außerhalb des Boryta-Prüfbereichs; Kristallisation wurde nicht bewertet.";"Zustand 4: Temperatur 412.653 K liegt außerhalb des Boryta-Prüfbereichs; Kristallisation wurde nicht bewertet.";Zustand 5: Kristallisationsprüfung bestanden (w_LiBr=0.6310 <= w_crit=0.6928, T=369.08 K >= T_crit=306.92 K).;Zustand 6: Kristallisationsprüfung bestanden (w_LiBr=0.6310 <= w_crit=0.6928, T=369.06 K >= T_crit=306.92 K).;"Zustand 20: Temperatur 423.086 K liegt außerhalb des Boryta-Prüfbereichs; Kristallisation wurde nicht bewertet.";5
parallel;Parallel (T13 = T15);parallel;100.0;100.0;30.0;100.0;4.0;4.0;4.0;100.0;0.8800000000000004;Abwärmetemperatur [°C];hot_temperature_C;100.0;10.0;10.0;25.0;15.0;11.0;nan;nan;1.530908646806e-21;`gtol` termination condition is satisfied.;4;6.822844849657944e-10;5.53336904029724e-11;1;True;;True;0;zulässig;feasible;True;True;True;90.02071049580314;104.65748883275819;139.43614045465432;43.188646182495006;0.17489881581787506;0.25762333848591834;0.23996309053242496;0.2617060220304217;92.97947306930865;99.26158452470878;93.38646348099957;98.82103105955707;72.65393569625937;0.48374530499740515;22.072252325604808;40.56097326969547;0.0024744442004841116;0.03108860947839563;9.2979473068781;9.926158452482474;3.7354585392425386;6.588068737305039;6.604903245127604;91.03607608462193;0.009774802283086954;2670.5516923518803;244.29658264575136;220.3463094751762;0.008991538208951155;0.9108775239519218;0.609459982396227;0.24454515740125196;2.1813661987835076e-10;-1.4426859706873074e-10;3.127524905721657e-10;-5.491418431091688e-11;-6.389200279954821e-11;-1.1596057447604835e-10;-1.851674369390821e-11;5.276490355754504e-10;2.1813661987835076e-12;-1.4426859706873074e-12;3.127524905721657e-12;-5.491418431091688e-11;-6.389200279954821e-13;-1.1596057447604834e-12;-1.851674369390821e-13;5.276490355754504e-12;140.56097326969547;100.0;94.4146851985048;100.0;94.08965125241883;35.93669763903762;9.320458474808447;9.275472414782598;55.09937844558431;13.188646182495006;4.116591653522448;3.3786091138828738;9.979289504196856;50.899081810000894;4.839331960128277;8.75515262722206;4.0;0.8800000000000004;70236.98728075303;8736.33025414769;8.039644248499773;3.3786091138828738;deltaT_des_2_K;desorber;True;True;True;True;True;True;True;True;90.02071049580314;2659.5637483871196;0.03986906216087249;70236.98728075303;0.0;0.0;135.0;4.0;140.56097326969547;4.0;100.0;4.0;94.4146851985048;4.0;100.0;4.0;94.08965125241883;4.0;30.0;4.0;35.93669763903762;4.0;90.02071049580314;2659.5637483871196;0.0069730517597058495;70236.98728075303;0.0;0.0;91.03607608462193;244.29658264575338;0.9198690621608729;8736.33025414769;0.6035026315688502;0.23996309053242496;149.8814317445039;341.45934851384044;0.8869730517597063;70236.98728075303;0.6258853058347116;0.25762333848591834;90.02071049580314;2659.5637483871196;0.032896010401166645;70236.98728075303;0.0;0.0;104.65748883275819;244.29658264575338;0.9198690621608729;70236.98728075303;0.6035026315688502;0.23996309053242496;144.2754724147826;323.2794930238754;0.9198690621608729;70236.98728075303;0.6035026315688502;0.23996309053242496;139.43614045465432;323.09086900883415;0.8800000000000004;70236.98728075303;0.6308447724009736;0.2617060220304217;95.90233620553613;240.52957844515097;0.8800000000000004;70236.98728075303;0.6308447724009736;0.2617060220304217;95.88340834647755;240.49425047983462;0.8800000000000004;8736.33025414769;0.6308447724009736;0.2617060220304217;91.03607608462193;2670.5516923518803;0.03986906216087249;8736.33025414769;0.0;0.0;43.188646182495006;180.86221522833443;0.03986906216087249;8736.33025414769;0.0;0.0;43.19056944241794;180.92427949737842;0.03986906216087249;70236.98728075303;0.0;0.0;"Zustand 3: Temperatur 417.425 K liegt außerhalb des Boryta-Prüfbereichs; Kristallisation wurde nicht bewertet.";"Zustand 4: Temperatur 412.586 K liegt außerhalb des Boryta-Prüfbereichs; Kristallisation wurde nicht bewertet.";Zustand 5: Kristallisationsprüfung bestanden (w_LiBr=0.6308 <= w_crit=0.6928, T=369.05 K >= T_crit=306.86 K).;Zustand 6: Kristallisationsprüfung bestanden (w_LiBr=0.6308 <= w_crit=0.6928, T=369.03 K >= T_crit=306.86 K).;"Zustand 20: Temperatur 423.031 K liegt außerhalb des Boryta-Prüfbereichs; Kristallisation wurde nicht bewertet.";5
parallel;Parallel (T13 = T15);parallel;100.0;100.0;30.0;100.0;4.0;4.0;4.0;100.0;0.8900000000000005;Abwärmetemperatur [°C];hot_temperature_C;100.0;10.0;10.0;25.0;15.0;11.0;nan;nan;1.4054327950951855e-21;`gtol` termination condition is satisfied.;4;6.513670565454046e-10;5.3017596986192905e-11;1;True;;True;0;zulässig;feasible;True;True;True;90.01133051820983;104.68024334972222;139.36930894102323;43.20150991828325;0.17697947399988406;0.2574843945368386;0.24004842367360438;0.2615699140871267;92.8338216330418;99.3584007391668;93.24439708752169;98.91391733734845;73.42315594503872;0.4831111363091076;22.30148957511968;40.55226205939243;0.0024756087613510207;0.03143233879052593;9.283382163255391;9.935840073928622;3.729775883503649;6.594261155824891;6.674832358652855;91.0746282901369;0.00976109635501145;2670.624236612084;244.38662602705057;220.47043872124078;0.009076918155211056;0.9208307300313444;0.609564589986049;0.24462636369560925;2.134186161129037e-10;-1.4269119219534332e-10;3.128093339910265e-10;-5.2618576162899444e-11;-6.95337121214834e-11;-1.1942802302655764e-10;-2.4911628315749113e-11;4.878870640823152e-10;2.134186161129037e-12;-1.4269119219534331e-12;3.128093339910265e-12;-5.2618576162899444e-11;-6.95337121214834e-13;-1.1942802302655765e-12;-2.4911628315749114e-13;4.878870640823152e-12;140.55226205939243;100.0;94.42318199237309;100.0;94.0840958530294;35.94248808248608;9.274699675384227;9.292070068163468;55.13214020765082;13.20150991828325;4.138889063143722;3.348553702236188;9.988669481790168;50.88066310788133;4.922761127140234;8.800215549552547;4.0;0.8900000000000005;70211.97247513215;8742.186608167729;8.031397134617771;3.348553702236188;deltaT_des_2_K;desorber;True;True;True;True;True;True;True;True;90.01133051820983;2659.54847010761;0.03990764818655501;70211.97247513215;0.0;0.0;135.0;4.0;140.55226205939243;4.0;100.0;4.0;94.42318199237309;4.0;100.0;4.0;94.0840958530294;4.0;30.0;4.0;35.94248808248608;4.0;90.01133051820983;2659.54847010761;0.007062834584628933;70211.97247513215;0.0;0.0;91.0746282901369;244.38662602704954;0.9299076481865555;8742.186608167729;0.6036145712885922;0.24004842367360438;149.82696173477666;341.29336838552643;0.8970628345846294;70211.97247513215;0.6257151503892511;0.2574843945368386;90.01133051820983;2659.54847010761;0.03284481360192608;70211.97247513215;0.0;0.0;104.68024334972222;244.38662602704954;0.9299076481865555;70211.97247513215;0.6036145712885922;0.24004842367360438;144.29207006816347;323.344096791188;0.9299076481865555;70211.97247513215;0.6036145712885922;0.24004842367360438;139.36930894102323;322.89623096066987;0.8900000000000005;70211.97247513215;0.6306806813461915;0.2615699140871267;95.88002780016967;240.39830293277632;0.8900000000000005;70211.97247513215;0.6306806813461915;0.2615699140871267;95.86111093685628;240.3629856981802;0.8900000000000005;8742.186608167729;0.6306806813461915;0.2615699140871267;91.0746282901369;2670.624236612084;0.03990764818655501;8742.186608167729;0.0;0.0;43.20150991828325;180.91599134793697;0.03990764818655501;8742.186608167729;0.0;0.0;43.20343274514806;180.9780247894913;0.03990764818655501;70211.97247513215;0.0;0.0;"Zustand 3: Temperatur 417.442 K liegt außerhalb des Boryta-Prüfbereichs; Kristallisation wurde nicht bewertet.";"Zustand 4: Temperatur 412.519 K liegt außerhalb des Boryta-Prüfbereichs; Kristallisation wurde nicht bewertet.";Zustand 5: Kristallisationsprüfung bestanden (w_LiBr=0.6307 <= w_crit=0.6928, T=369.03 K >= T_crit=306.80 K).;Zustand 6: Kristallisationsprüfung bestanden (w_LiBr=0.6307 <= w_crit=0.6928, T=369.01 K >= T_crit=306.80 K).;"Zustand 20: Temperatur 422.977 K liegt außerhalb des Boryta-Prüfbereichs; Kristallisation wurde nicht bewertet.";5
parallel;Parallel (T13 = T15);parallel;100.0;100.0;30.0;100.0;4.0;4.0;4.0;100.0;0.9000000000000005;Abwärmetemperatur [°C];hot_temperature_C;100.0;10.0;10.0;25.0;15.0;11.0;nan;nan;1.2930917703835178e-21;`gtol` termination condition is satisfied.;4;6.304591483332739e-10;5.085453313881699e-11;1;True;;True;0;zulässig;feasible;True;True;True;90.0019050363548;104.70394760979048;139.30204078461878;43.214429488958956;0.17907681607302148;0.2573473349777332;0.2401311534300502;0.26143608630043047;92.68622260777414;99.45563718322406;93.10035311387838;99.00725422619097;74.18883151700132;0.48247033988456667;22.53017740922946;40.54343436649367;0.002476776950869923;0.031775674187058844;9.268622260729826;9.945563718333691;3.724014124557706;6.600483615080696;6.744439228830937;91.11262625350207;0.00974855893837243;2670.6957232289524;244.4771831106126;220.59220455369316;0.009163123104802495;0.9307833000259504;0.6096664286663043;0.24470544553097257;2.0911272713419748e-10;-1.389963699693908e-10;2.9695002012886107e-10;-5.046474349512664e-11;-6.426148502214346e-11;-1.1284839729341911e-10;-1.9483081814541947e-11;4.758788918479695e-10;2.091127271341975e-12;-1.389963699693908e-12;2.969500201288611e-12;-5.046474349512664e-11;-6.426148502214346e-13;-1.128483972934191e-12;-1.9483081814541948e-13;4.758788918479695e-12;140.54343436649367;100.0;94.43179706256706;100.0;94.07851350321823;35.94830365928374;9.229584876117883;9.307769565280864;55.16432259421833;13.214429488958956;4.160510131864839;3.3191708090649854;9.998094963645201;50.86216162317697;5.005728780662082;8.845551893795516;4.0;0.9000000000000005;70186.84379989837;8748.071785463895;8.0231216113845;3.3191708090649854;deltaT_des_2_K;desorber;True;True;True;True;True;True;True;True;90.0019050363548;2659.533117289925;0.03994642313075247;70186.84379989837;0.0;0.0;135.0;4.0;140.54343436649367;4.0;100.0;4.0;94.43179706256706;4.0;100.0;4.0;94.07851350321823;4.0;30.0;4.0;35.94830365928374;4.0;90.0019050363548;2659.533117289925;0.007153478267760851;70186.84379989837;0.0;0.0;91.11262625350207;244.47718311061146;0.9399464231307529;8748.071785463895;0.6037230595537038;0.2401311534300502;149.77301924261155;341.12924930928824;0.9071534782677613;70186.84379989837;0.6255472133812685;0.2573473349777332;90.0019050363548;2659.533117289925;0.03279294486299162;70186.84379989837;0.0;0.0;104.70394760979048;244.47718311061146;0.9399464231307529;70186.84379989837;0.6037230595537038;0.2401311534300502;144.30776956528086;323.4059706364949;0.9399464231307529;70186.84379989837;0.6037230595537038;0.2401311534300502;139.30204078461878;322.70185854796017;0.9000000000000005;70186.84379989837;0.6305192559878423;0.26143608630043047;95.85839571599496;240.26982352930222;0.9000000000000005;70186.84379989837;0.6305192559878423;0.26143608630043047;95.83948986813516;240.23451722464992;0.9000000000000005;8748.071785463895;0.6305192559878423;0.26143608630043047;91.11262625350207;2670.6957232289524;0.03994642313075247;8748.071785463895;0.0;0.0;43.214429488958956;180.97000091118022;0.03994642313075247;8748.071785463895;0.0;0.0;43.21635188004126;181.03200338240933;0.03994642313075247;70186.84379989837;0.0;0.0;"Zustand 3: Temperatur 417.458 K liegt außerhalb des Boryta-Prüfbereichs; Kristallisation wurde nicht bewertet.";"Zustand 4: Temperatur 412.452 K liegt außerhalb des Boryta-Prüfbereichs; Kristallisation wurde nicht bewertet.";Zustand 5: Kristallisationsprüfung bestanden (w_LiBr=0.6305 <= w_crit=0.6928, T=369.01 K >= T_crit=306.75 K).;Zustand 6: Kristallisationsprüfung bestanden (w_LiBr=0.6305 <= w_crit=0.6927, T=368.99 K >= T_crit=306.75 K).;"Zustand 20: Temperatur 422.923 K liegt außerhalb des Boryta-Prüfbereichs; Kristallisation wurde nicht bewertet.";5
parallel;Parallel (T13 = T15);parallel;100.0;100.0;30.0;100.0;4.0;4.0;4.0;100.0;0.9100000000000005;Abwärmetemperatur [°C];hot_temperature_C;100.0;10.0;10.0;25.0;15.0;11.0;nan;nan;1.1892693479776081e-21;`gtol` termination condition is satisfied.;4;6.04128353416056e-10;4.8770264464683974e-11;1;True;;True;0;zulässig;feasible;True;True;True;89.99243172170162;104.7285657903916;139.23436067941174;43.22740820595362;0.18119052346454384;0.2572121059666227;0.24021135961823067;0.26130446655309925;92.53672791947753;99.55331877966444;92.9543853566669;99.10106478466547;74.9509660890322;0.48182297274761193;22.75830871031885;40.53449329661947;0.0024779490253092145;0.03211860898814441;9.253672791903139;9.955331877977688;3.7181754142691923;6.606737652312446;6.813724189924039;91.15009203281954;0.009737144888038032;2670.766193942452;244.56822195565135;220.7116862304691;0.009250145448331137;0.9407352511636503;0.6097655801780921;0.2447824644086493;2.0385471088957274e-10;-1.3221779227023944e-10;2.958131517516449e-10;-4.839706413406475e-11;-6.289724296948407e-11;-1.1243628250667825e-10;-2.121680608979659e-11;4.461355729290517e-10;2.0385471088957273e-12;-1.3221779227023945e-12;2.958131517516449e-12;-4.839706413406475e-11;-6.289724296948407e-13;-1.1243628250667826e-12;-2.121680608979659e-13;4.461355729290517e-12;140.53449329661947;100.0;94.44052719158691;100.0;94.07290282388362;35.95414586002778;9.185091746314754;9.322594367167085;55.195946172791764;13.227408205953623;4.18147003833036;3.290435158767366;10.007568278298379;50.84357266545419;5.0882336877553485;8.89114101917346;4.0;0.9100000000000005;70161.5951567562;8753.987341656933;8.014815696943444;3.290435158767366;deltaT_des_2_K;desorber;True;True;True;True;True;True;True;True;89.99243172170162;2659.517686135007;0.03998539661198097;70161.5951567562;0.0;0.0;135.0;4.0;140.53449329661947;4.0;100.0;4.0;94.44052719158691;4.0;100.0;4.0;94.07290282388362;4.0;30.0;4.0;35.95414586002778;4.0;89.99243172170162;2659.517686135007;0.00724497494306223;70161.5951567562;0.0;0.0;91.15009203281954;244.5682219556523;0.9499853966119814;8753.987341656933;0.6038282043761595;0.24021135961823067;149.71958504293423;340.9669296698495;0.9172449749430627;70161.5951567562;0.6253814323744767;0.2572121059666227;89.99243172170162;2659.517686135007;0.032740421668918746;70161.5951567562;0.0;0.0;104.7285657903916;244.5682219556523;0.9499853966119814;70161.5951567562;0.6038282043761595;0.24021135961823067;144.32259436716708;323.46518853675616;0.9499853966119814;70161.5951567562;0.6038282043761595;0.24021135961823067;139.23436067941174;322.50776248906686;0.9100000000000005;70161.5951567562;0.6303604134283365;0.26130446655309925;95.83742477121814;240.14406349035443;0.9100000000000005;70161.5951567562;0.6303604134283365;0.26130446655309925;95.81852996166964;240.10876831564218;0.9100000000000005;8753.987341656933;0.6303604134283365;0.26130446655309925;91.15009203281954;2670.766193942452;0.03998539661198097;8753.987341656933;0.0;0.0;43.22740820595362;181.02425776180883;0.03998539661198097;8753.987341656933;0.0;0.0;43.229330158429434;181.08622911223347;0.03998539661198097;70161.5951567562;0.0;0.0;"Zustand 3: Temperatur 417.473 K liegt außerhalb des Boryta-Prüfbereichs; Kristallisation wurde nicht bewertet.";"Zustand 4: Temperatur 412.384 K liegt außerhalb des Boryta-Prüfbereichs; Kristallisation wurde nicht bewertet.";Zustand 5: Kristallisationsprüfung bestanden (w_LiBr=0.6304 <= w_crit=0.6927, T=368.99 K >= T_crit=306.69 K).;Zustand 6: Kristallisationsprüfung bestanden (w_LiBr=0.6304 <= w_crit=0.6927, T=368.97 K >= T_crit=306.69 K).;"Zustand 20: Temperatur 422.870 K liegt außerhalb des Boryta-Prüfbereichs; Kristallisation wurde nicht bewertet.";5
parallel;Parallel (T13 = T15);parallel;100.0;100.0;30.0;100.0;4.0;4.0;4.0;100.0;0.9200000000000005;Abwärmetemperatur [°C];hot_temperature_C;100.0;10.0;10.0;25.0;15.0;11.0;nan;nan;1.0963515749492648e-21;`gtol` termination condition is satisfied.;4;5.738233838958804e-10;4.6826308309523285e-11;1;True;;True;0;zulässig;feasible;True;True;True;89.9829084310461;104.75406346258939;139.16629208734184;43.240449124837994;0.18332028144631807;0.25707865558720855;0.24028911880452455;0.26117498551365764;92.38538703362565;99.65146852560511;92.8065450614435;99.19537023609516;75.70956358450519;0.48116909089401133;22.98587662206842;40.52544180823122;0.0024791252158375284;0.032461136676266836;9.238538703320035;9.965146852571843;3.7122618024600937;6.6130246824079695;6.88268759860262;91.18704664001297;0.009726811016994344;2670.8356885190196;244.65971197624884;220.8289595330377;0.00933797763690003;0.9506865998515536;0.6098621228860985;0.2448574793341575;2.000177801164682e-10;-1.2362022516754223e-10;2.7210944608668797e-10;-4.647571216764845e-11;-5.88471493756515e-11;-1.1331735549902078e-10;-2.4385826691286638e-11;4.2530245991656557e-10;2.000177801164682e-12;-1.2362022516754222e-12;2.7210944608668795e-12;-4.647571216764845e-11;-5.884714937565149e-13;-1.1331735549902077e-12;-2.438582669128664e-13;4.253024599165655e-12;140.52544180823122;100.0;94.44936931450695;100.0;94.0672625456881;35.96001606014386;9.141198906208388;9.336567073184995;55.22703057986911;13.240449124837994;4.201783540874374;3.262322674493987;10.017091568953902;50.82489190991288;5.17027498584315;8.936963258011417;4.0;0.9200000000000005;70136.22094909764;8759.934719414252;8.00647758180867;3.262322674493987;deltaT_des_2_K;desorber;True;True;True;True;True;True;True;True;89.9829084310461;2659.502173145248;0.04002457748845312;70136.22094909764;0.0;0.0;135.0;4.0;140.52544180823122;4.0;100.0;4.0;94.44936931450695;4.0;100.0;4.0;94.0672625456881;4.0;30.0;4.0;35.96001606014386;4.0;89.9829084310461;2659.502173145248;0.007337316809953191;70136.22094909764;0.0;0.0;91.18704664001297;244.65971197624896;0.9600245774884536;8759.934719414252;0.6039301092703625;0.24028911880452455;149.6666407144396;340.80635028778545;0.9273373168099537;70136.22094909764;0.625217747114701;0.25707865558720855;89.9829084310461;2659.502173145248;0.032687260678499926;70136.22094909764;0.0;0.0;104.75406346258939;244.65971197624896;0.9600245774884536;70136.22094909764;0.6039301092703625;0.24028911880452455;144.336567073185;323.5218217178256;0.9600245774884536;70136.22094909764;0.6039301092703625;0.24028911880452455;139.16629208734184;322.31395263784174;0.9200000000000005;70136.22094909764;0.6302040738965599;0.26117498551365764;95.81710020457797;240.0209487418579;0.9200000000000005;70136.22094909764;0.6302040738965599;0.26117498551365764;95.79821645912563;239.98566489764457;0.9200000000000005;8759.934719414252;0.6302040738965599;0.26117498551365764;91.18704664001297;2670.8356885190196;0.04002457748845312;8759.934719414252;0.0;0.0;43.240449124837994;181.07877467391947;0.04002457748845312;8759.934719414252;0.0;0.0;43.24237063577522;181.14071474603023;0.04002457748845312;70136.22094909764;0.0;0.0;"Zustand 3: Temperatur 417.487 K liegt außerhalb des Boryta-Prüfbereichs; Kristallisation wurde nicht bewertet.";"Zustand 4: Temperatur 412.316 K liegt außerhalb des Boryta-Prüfbereichs; Kristallisation wurde nicht bewertet.";Zustand 5: Kristallisationsprüfung bestanden (w_LiBr=0.6302 <= w_crit=0.6927, T=368.97 K >= T_crit=306.64 K).;Zustand 6: Kristallisationsprüfung bestanden (w_LiBr=0.6302 <= w_crit=0.6927, T=368.95 K >= T_crit=306.64 K).;"Zustand 20: Temperatur 422.817 K liegt außerhalb des Boryta-Prüfbereichs; Kristallisation wurde nicht bewertet.";5
parallel;Parallel (T13 = T15);parallel;100.0;100.0;30.0;100.0;4.0;4.0;4.0;100.0;0.9300000000000005;Abwärmetemperatur [°C];hot_temperature_C;100.0;10.0;10.0;25.0;15.0;11.0;nan;nan;1.011441626624686e-21;`gtol` termination condition is satisfied.;4;5.550010218702516e-10;4.4976474442194467e-11;1;True;;True;0;zulässig;feasible;True;True;True;89.9733331938321;104.78040752649247;139.09785731163487;43.25355506268204;0.18546577904070322;0.2569469337702704;0.2403645044677215;0.26104757651015686;92.23224711146344;99.75010762313747;92.65688108404001;99.29019009413604;76.46462815966687;0.4805087493408446;23.212874541289718;40.51628272197746;0.0024803057302703506;0.032803250890509915;9.223224711105932;9.97501076232475;3.7062752433641526;6.619346006277258;6.951329832707962;91.22351009906635;0.009717515994408999;2670.904244861192;244.75162387373348;220.9440969507491;0.009426612182071081;0.9606373617280012;0.6099561319512792;0.2449305469427231;1.9592505395849003e-10;-1.2070699995092582e-10;2.702904566831421e-10;-4.4634962392819943e-11;-6.3806737671257e-11;-1.1003464805980911e-10;-2.283684352732962e-11;4.041282863909146e-10;1.9592505395849003e-12;-1.2070699995092582e-12;2.702904566831421e-12;-4.4634962392819943e-11;-6.380673767125699e-13;-1.1003464805980912e-12;-2.283684352732962e-13;4.041282863909146e-12;140.51628272197746;100.0;94.45832050932773;100.0;94.0615915015469;35.96591552769962;9.097885878955026;9.349709460772374;55.257594571366724;13.25355506268204;4.221464988930961;3.234810410261389;10.026666806167896;50.80611537247319;5.251852149137505;8.98299986257075;4.0;0.9300000000000005;70110.71604756406;8765.915256076722;7.998105616976139;3.234810410261389;deltaT_des_2_K;desorber;True;True;True;True;True;True;True;True;89.9733331938321;2659.48657510387;0.04006397391007177;70110.71604756406;0.0;0.0;135.0;4.0;140.51628272197746;4.0;100.0;4.0;94.45832050932773;4.0;100.0;4.0;94.0615915015469;4.0;30.0;4.0;35.96591552769962;4.0;89.9733331938321;2659.48657510387;0.007430496132697869;70110.71604756406;0.0;0.0;91.22351009906635;244.7516238737347;0.9700639739100723;8765.915256076722;0.6040288734831548;0.2403645044677215;149.6141686009325;340.64745430863246;0.9374304961326984;70110.71604756406;0.6250560994435416;0.2569469337702704;89.9733331938321;2659.48657510387;0.0326334777773739;70110.71604756406;0.0;0.0;104.78040752649247;244.7516238737347;0.9700639739100723;70110.71604756406;0.6040288734831548;0.2403645044677215;144.34970946077237;323.5759387809857;0.9700639739100723;70110.71604756406;0.6040288734831548;0.2403645044677215;139.09785731163487;322.1204380514849;0.9300000000000005;70110.71604756406;0.6300501606102077;0.26104757651015686;95.79740766392172;239.9004077724839;0.9300000000000005;70110.71604756406;0.6300501606102077;0.26104757651015686;95.77853501106904;239.8651354596984;0.9300000000000005;8765.915256076722;0.6300501606102077;0.26104757651015686;91.22351009906635;2670.904244861192;0.04006397391007177;8765.915256076722;0.0;0.0;43.25355506268204;181.1335634245943;0.04006397391007177;8765.915256076722;0.0;0.0;43.25547612907371;181.19547205442313;0.04006397391007177;70110.71604756406;0.0;0.0;"Zustand 3: Temperatur 417.500 K liegt außerhalb des Boryta-Prüfbereichs; Kristallisation wurde nicht bewertet.";"Zustand 4: Temperatur 412.248 K liegt außerhalb des Boryta-Prüfbereichs; Kristallisation wurde nicht bewertet.";Zustand 5: Kristallisationsprüfung bestanden (w_LiBr=0.6301 <= w_crit=0.6927, T=368.95 K >= T_crit=306.59 K).;Zustand 6: Kristallisationsprüfung bestanden (w_LiBr=0.6301 <= w_crit=0.6927, T=368.93 K >= T_crit=306.59 K).;"Zustand 20: Temperatur 422.764 K liegt außerhalb des Boryta-Prüfbereichs; Kristallisation wurde nicht bewertet.";5
parallel;Parallel (T13 = T15);parallel;100.0;100.0;30.0;100.0;4.0;4.0;4.0;100.0;0.9400000000000005;Abwärmetemperatur [°C];hot_temperature_C;100.0;10.0;10.0;25.0;15.0;11.0;nan;nan;9.347398737500519e-22;`gtol` termination condition is satisfied.;4;5.312581543903046e-10;4.323748081815248e-11;1;True;;True;0;zulässig;feasible;True;True;True;89.96370420040154;104.80756615005765;139.0290775651244;43.26672861414414;0.18762670893192732;0.25681689221879256;0.24043758715197472;0.2609221754103364;92.07735315522064;99.84925560040323;92.50544004051702;99.38554227912266;77.21616419107407;0.4798420021731094;23.43929611013131;40.50701872937924;0.002481490754686616;0.03314494542110815;9.207735315484015;9.984925560052162;3.700217601623281;6.625702818610076;7.019651290108341;91.25950150050107;0.009709220249867373;2670.9718991101918;244.84392957289126;221.0571678537276;0.009516041655682761;0.9705875517109163;0.6100476794931086;0.24500172161732423;1.9160495412506862e-10;-1.176800878965878e-10;2.5693225325085223e-10;-4.291200728090416e-11;-6.500044946733397e-11;-1.183906306323479e-10;-2.8478552849264815e-11;3.8048142414481845e-10;1.9160495412506863e-12;-1.176800878965878e-12;2.5693225325085224e-12;-4.291200728090416e-11;-6.500044946733397e-13;-1.183906306323479e-12;-2.8478552849264814e-13;3.804814241448185e-12;140.50701872937924;100.0;94.46737798800734;100.0;94.0558886196697;35.97184543064611;9.055133045508228;9.362042523030595;55.28765606985496;13.266728614144142;4.240528334383782;3.207876487506269;10.036295799598463;50.78723938680719;5.332964957906199;9.029232955216969;4.0;0.9400000000000005;70085.075758149;8771.930190729687;7.9896983029135376;3.207876487506269;deltaT_des_2_K;desorber;True;True;True;True;True;True;True;True;89.96370420040154;2659.4708890558154;0.04010359336659852;70085.075758149;0.0;0.0;135.0;4.0;140.50701872937924;4.0;100.0;4.0;94.46737798800734;4.0;100.0;4.0;94.0558886196697;4.0;30.0;4.0;35.97184543064611;4.0;89.96370420040154;2659.4708890558154;0.007524505239719152;70085.075758149;0.0;0.0;91.25950150050107;244.8439295728904;0.980103593366599;8771.930190729687;0.6041245922099895;0.24043758715197472;149.56215177488747;340.49018709799424;0.9475245052397196;70085.075758149;0.624896433215998;0.25681689221879256;89.96370420040154;2659.4708890558154;0.03257908812687937;70085.075758149;0.0;0.0;104.80756615005765;244.8439295728904;0.980103593366599;70085.075758149;0.6041245922099895;0.24043758715197472;144.3620425230306;323.627605822705;0.980103593366599;70085.075758149;0.6041245922099895;0.24043758715197472;139.0290775651244;321.9272270528535;0.9400000000000005;70085.075758149;0.6298985996448315;0.2609221754103364;95.77833319484068;239.78237153063813;0.9400000000000005;70085.075758149;0.6298985996448315;0.2609221754103364;95.75947166561622;239.7471109504029;0.9400000000000005;8771.930190729687;0.6298985996448315;0.2609221754103364;91.25950150050107;2670.9718991101918;0.04010359336659852;8771.930190729687;0.0;0.0;43.26672861414414;181.18863486121646;0.04010359336659852;8771.930190729687;0.0;0.0;43.268649232862515;181.25051187886928;0.04010359336659852;70085.075758149;0.0;0.0;"Zustand 3: Temperatur 417.512 K liegt außerhalb des Boryta-Prüfbereichs; Kristallisation wurde nicht bewertet.";"Zustand 4: Temperatur 412.179 K liegt außerhalb des Boryta-Prüfbereichs; Kristallisation wurde nicht bewertet.";Zustand 5: Kristallisationsprüfung bestanden (w_LiBr=0.6299 <= w_crit=0.6927, T=368.93 K >= T_crit=306.54 K).;Zustand 6: Kristallisationsprüfung bestanden (w_LiBr=0.6299 <= w_crit=0.6927, T=368.91 K >= T_crit=306.54 K).;"Zustand 20: Temperatur 422.712 K liegt außerhalb des Boryta-Prüfbereichs; Kristallisation wurde nicht bewertet.";5
parallel;Parallel (T13 = T15);parallel;100.0;100.0;30.0;100.0;4.0;4.0;4.0;100.0;0.9500000000000005;Abwärmetemperatur [°C];hot_temperature_C;100.0;10.0;10.0;25.0;15.0;11.0;nan;nan;8.640002111543372e-22;`gtol` termination condition is satisfied.;4;5.065095016881021e-10;4.1569224461236636e-11;1;True;;True;0;zulässig;feasible;True;True;True;89.95401979112734;104.8355087111222;138.95997303403288;43.279972166355094;0.18980276738189414;0.25668848433612573;0.24050843461104834;0.26079872050801645;91.92074814288077;99.9489304236585;92.35226644636492;99.48144322570306;77.96417626407597;0.47916890258764006;23.665135208686426;40.49765240088999;0.00248268045492363;0.03348621420430263;9.192074814252356;9.994893042377477;3.6940906578574384;6.632096215049042;7.087652387653675;91.29503905238522;0.009701885883334527;2671.03868574197;244.9366021618721;221.16823865528332;0.00960625868951992;0.9805371840426944;0.610136834742373;0.24507105559998918;1.879101318991161e-10;-1.1445422387623694e-10;2.433466761431191e-10;-4.1261549732496405e-11;-7.104006272129482e-11;-1.162732132797828e-10;-3.257127900724299e-11;3.5720404412131757e-10;1.879101318991161e-12;-1.1445422387623695e-12;2.4334667614311912e-12;-4.1261549732496405e-11;-7.104006272129482e-13;-1.1627321327978278e-12;-3.2571279007242995e-13;3.572040441213176e-12;140.49765240089;100.0;94.47653908813606;100.0;94.050152917123;35.97780684352023;9.012921602065376;9.373586504383525;55.31723220886499;13.279972166355094;4.2589871428092465;3.181500035750844;10.045980208872663;50.768260582904645;5.41361347035064;9.075645481706317;4.0;0.9500000000000005;70059.29579270138;8777.980670745788;7.981254279379616;3.181500035750844;deltaT_des_2_K;desorber;True;True;True;True;True;True;True;True;89.95401979112734;2659.4551122900752;0.04014344273221382;70059.29579270138;0.0;0.0;135.0;4.0;140.49765240089;4.0;100.0;4.0;94.47653908813606;4.0;100.0;4.0;94.050152917123;4.0;30.0;4.0;35.97780684352023;4.0;89.95401979112734;2659.4551122900752;0.007619336522810769;70059.29579270138;0.0;0.0;91.29503905238522;244.9366021618718;0.9901434427322143;8777.980670745788;0.6042173567984835;0.24050843461104834;149.51057400295537;340.33449614180194;0.9576193365228113;70059.29579270138;0.6247386942212394;0.25668848433612573;89.95401979112734;2659.4551122900752;0.03252410620940305;70059.29579270138;0.0;0.0;104.8355087111222;244.9366021618718;0.9901434427322143;70059.29579270138;0.6042173567984835;0.24050843461104834;144.37358650438352;323.6768865482842;0.9901434427322143;70059.29579270138;0.6042173567984835;0.24050843461104834;138.95997303403288;321.73432728792966;0.9500000000000005;70059.29579270138;0.629749319809483;0.26079872050801645;95.75986322941588;239.66677332594227;0.9500000000000005;70059.29579270138;0.629749319809483;0.26079872050801645;95.74101285719075;239.63152467941143;0.9500000000000005;8777.980670745788;0.629749319809483;0.26079872050801645;91.29503905238522;2671.03868574197;0.04014344273221382;8777.980670745788;0.0;0.0;43.279972166355094;181.24399896358076;0.04014344273221382;8777.980670745788;0.0;0.0;43.281892334218355;181.30584419373417;0.04014344273221382;70059.29579270138;0.0;0.0;"Zustand 3: Temperatur 417.524 K liegt außerhalb des Boryta-Prüfbereichs; Kristallisation wurde nicht bewertet.";"Zustand 4: Temperatur 412.110 K liegt außerhalb des Boryta-Prüfbereichs; Kristallisation wurde nicht bewertet.";Zustand 5: Kristallisationsprüfung bestanden (w_LiBr=0.6297 <= w_crit=0.6927, T=368.91 K >= T_crit=306.49 K).;Zustand 6: Kristallisationsprüfung bestanden (w_LiBr=0.6297 <= w_crit=0.6927, T=368.89 K >= T_crit=306.49 K).;"Zustand 20: Temperatur 422.661 K liegt außerhalb des Boryta-Prüfbereichs; Kristallisation wurde nicht bewertet.";5
parallel;Parallel (T13 = T15);parallel;100.0;100.0;30.0;100.0;4.0;4.0;4.0;100.0;0.9600000000000005;Abwärmetemperatur [°C];hot_temperature_C;100.0;10.0;10.0;25.0;15.0;11.0;nan;nan;8.001720656676924e-22;`gtol` termination condition is satisfied.;4;4.954016642958084e-10;4.0004301410415663e-11;1;True;;True;0;zulässig;feasible;True;True;True;89.94427844633952;104.86420574246876;138.89056293748234;43.293287912729284;0.19199365415146338;0.2565616651574877;0.24057711194425155;0.2606771524152113;91.76247315347717;100.04914860117509;92.1974028459527;99.5779079825873;78.70866916215665;0.4784895029346034;23.890385947943887;40.488186193389765;0.0024838749779612524;0.03382705131745618;9.176247315313024;10.004914860128217;3.68789611384056;6.6385271988406895;7.155333560206093;91.33014012811549;0.009695476580488185;2671.104637657204;245.0296158355184;221.27737296444838;0.009697255974888797;0.9904862723319293;0.6102236641849323;0.2451385990966263;1.8317791727895383e-10;-1.1036149771825876e-10;2.489741746103391e-10;-3.9698355713824185e-11;-6.130562724138144e-11;-1.070787902790471e-10;-2.3035795493342448e-11;3.469438070169417e-10;1.8317791727895384e-12;-1.1036149771825876e-12;2.489741746103391e-12;-3.9698355713824185e-11;-6.130562724138144e-13;-1.070787902790471e-12;-2.303579549334245e-13;3.469438070169417e-12;140.48818619338977;100.0;94.4858012651942;100.0;94.04438349386442;35.983800753658784;8.971233520015119;9.384360934339611;55.346339374456704;13.293287912729284;4.276854604580251;3.1556611370787095;10.055721553660476;50.74917586740008;5.493797996857268;9.122221167367627;4.0;0.9600000000000005;70033.3722415836;8784.067757857923;7.972772315984717;3.1556611370787095;deltaT_des_2_K;desorber;True;True;True;True;True;True;True;True;89.94427844633952;2659.439242323308;0.040183528306817595;70033.3722415836;0.0;0.0;135.0;4.0;140.48818619338977;4.0;100.0;4.0;94.4858012651942;4.0;100.0;4.0;94.04438349386442;4.0;30.0;4.0;35.983800753658784;4.0;89.94427844633952;2659.439242323308;0.0077149824363246765;70033.3722415836;0.0;0.0;91.33014012811549;245.02961583551956;1.0001835283068181;8784.067757857923;0.6043072549399676;0.24057711194425155;149.45941971340488;340.180330951853;0.9677149824363251;70033.3722415836;0.6245828301069352;0.2565616651574877;89.94427844633952;2659.439242323308;0.032468545870492915;70033.3722415836;0.0;0.0;104.86420574246876;245.02961583551956;1.0001835283068181;70033.3722415836;0.6043072549399676;0.24057711194425155;144.3843609343396;323.72384237952224;1.0001835283068181;70033.3722415836;0.6043072549399676;0.24057711194425155;138.89056293748234;321.54174577865376;0.9600000000000005;70033.3722415836;0.6296022525284003;0.2606771524152113;95.74198457510113;239.55354873493144;0.9600000000000005;70033.3722415836;0.6296022525284003;0.2606771524152113;95.72314539541975;239.51831222314243;0.9600000000000005;8784.067757857923;0.6296022525284003;0.2606771524152113;91.33014012811549;2671.104637657204;0.040183528306817595;8784.067757857923;0.0;0.0;43.293287912729284;181.2996649017228;0.040183528306817595;8784.067757857923;0.0;0.0;43.29520762646433;181.36147816408732;0.040183528306817595;70033.3722415836;0.0;0.0;"Zustand 3: Temperatur 417.534 K liegt außerhalb des Boryta-Prüfbereichs; Kristallisation wurde nicht bewertet.";"Zustand 4: Temperatur 412.041 K liegt außerhalb des Boryta-Prüfbereichs; Kristallisation wurde nicht bewertet.";Zustand 5: Kristallisationsprüfung bestanden (w_LiBr=0.6296 <= w_crit=0.6927, T=368.89 K >= T_crit=306.44 K).;Zustand 6: Kristallisationsprüfung bestanden (w_LiBr=0.6296 <= w_crit=0.6927, T=368.87 K >= T_crit=306.44 K).;"Zustand 20: Temperatur 422.609 K liegt außerhalb des Boryta-Prüfbereichs; Kristallisation wurde nicht bewertet.";5
parallel;Parallel (T13 = T15);parallel;100.0;100.0;30.0;100.0;4.0;4.0;4.0;100.0;0.9700000000000005;Abwärmetemperatur [°C];hot_temperature_C;100.0;10.0;10.0;25.0;15.0;11.0;nan;nan;7.418353625870893e-22;`gtol` termination condition is satisfied.;4;4.709093821106918e-10;3.8518446557126086e-11;1;True;;True;0;zulässig;feasible;True;True;True;89.93447877698861;104.89362887975483;138.82086558308282;43.30667786576163;0.19419907242438567;0.2564363912843788;0.24064368172471484;0.26055741395975585;91.60256748353714;100.14992527956046;92.04088993287516;99.6749503049748;79.44964785712614;0.477803854756558;24.1150426630816;40.478622457149356;0.002485074453203592;0.03416745097442608;9.160256748320636;10.014992527967058;3.6816355973173174;6.644996687000234;7.222695259748204;91.36482131120454;0.009689957533038066;2671.169786265655;245.12294584190568;221.38463172938208;0.009789026262090106;1.0004348295922068;0.6103082316971894;0.24520440037591862;1.7995205325860297e-10;-1.0410872164356988e-10;2.2663471099804156e-10;-3.8231418031386966e-11;-5.778133527201135e-11;-1.1011991318810033e-10;-2.872013737942325e-11;3.3078606520575704e-10;1.7995205325860297e-12;-1.0410872164356989e-12;2.2663471099804154e-12;-3.8231418031386966e-11;-5.778133527201134e-13;-1.1011991318810032e-12;-2.872013737942325e-13;3.3078606520575706e-12;140.47862245714936;100.0;94.49516208535437;100.0;94.03857952721444;35.989828066959376;8.93005150815685;9.394384659517584;55.37499324424516;13.306677865761628;4.294143545807685;3.130340774149829;10.065521223011388;50.729982405163696;5.5735190764347635;9.168944475982869;4.0;0.9700000000000005;70007.3015483334;8790.192433787184;7.964251303446302;3.130340774149829;deltaT_des_2_K;desorber;True;True;True;True;True;True;True;True;89.93447877698861;2659.4232768846555;0.04022385585429633;70007.3015483334;0.0;0.0;135.0;4.0;140.47862245714936;4.0;100.0;4.0;94.49516208535437;4.0;100.0;4.0;94.03857952721444;4.0;30.0;4.0;35.989828066959376;4.0;89.93447877698861;2659.4232768846555;0.0078114354962365426;70007.3015483334;0.0;0.0;91.36482131120454;245.12294584190633;1.0102238558542969;8790.192433787184;0.60439437084998;0.24064368172471484;149.4086739653062;340.0276429760536;0.9778114354962371;70007.3015483334;0.624428790306656;0.2564363912843788;89.93447877698861;2659.4232768846555;0.03241242035805979;70007.3015483334;0.0;0.0;104.89362887975483;245.12294584190633;1.0102238558542969;70007.3015483334;0.60439437084998;0.24064368172471484;144.39438465951758;323.76853255688195;1.0102238558542969;70007.3015483334;0.60439437084998;0.24064368172471484;138.82086558308282;321.34948897161746;0.9700000000000005;70007.3015483334;0.629457331728555;0.26055741395975585;95.72468440377196;239.44263551084825;0.9700000000000005;70007.3015483334;0.629457331728555;0.26055741395975585;95.70585645419231;239.40741133458596;0.9700000000000005;8790.192433787184;0.629457331728555;0.26055741395975585;91.36482131120454;2671.169786265655;0.04022385585429633;8790.192433787184;0.0;0.0;43.30667786576163;181.35564108933198;0.04022385585429633;8790.192433787184;0.0;0.0;43.30859712205074;181.41742219908448;0.04022385585429633;70007.3015483334;0.0;0.0;"Zustand 3: Temperatur 417.544 K liegt außerhalb des Boryta-Prüfbereichs; Kristallisation wurde nicht bewertet.";"Zustand 4: Temperatur 411.971 K liegt außerhalb des Boryta-Prüfbereichs; Kristallisation wurde nicht bewertet.";Zustand 5: Kristallisationsprüfung bestanden (w_LiBr=0.6295 <= w_crit=0.6927, T=368.87 K >= T_crit=306.39 K).;Zustand 6: Kristallisationsprüfung bestanden (w_LiBr=0.6295 <= w_crit=0.6926, T=368.86 K >= T_crit=306.39 K).;"Zustand 20: Temperatur 422.559 K liegt außerhalb des Boryta-Prüfbereichs; Kristallisation wurde nicht bewertet.";5
parallel;Parallel (T13 = T15);parallel;100.0;100.0;30.0;100.0;4.0;4.0;4.0;100.0;0.9800000000000005;Abwärmetemperatur [°C];hot_temperature_C;100.0;10.0;10.0;25.0;15.0;11.0;nan;nan;6.885435865040151e-22;`gtol` termination condition is satisfied.;4;4.575879075987036e-10;3.710912519863585e-11;1;True;;True;0;zulässig;feasible;True;True;True;89.9246195159896;104.92375081215278;138.7508984188758;43.32014386890444;0.1964187287375911;0.25631262082185235;0.24070820412043736;0.2604394500880953;91.44106875547362;100.25127433318359;91.88276666198968;99.7725827403281;80.18711750003807;0.4771120088253993;24.339099907057214;40.468963442313;0.0024862789936689793;0.034507407521180956;9.144106875516057;10.025127433329454;3.6753106664826616;6.651505516023945;7.28973795455822;91.39909843728583;0.009685295363717754;2671.234161565296;245.21656843191172;221.49007337224052;0.009881562359824736;1.0103828682782146;0.6103905986737476;0.245268505862613;1.7541879060445353e-10;-1.0234657565888483e-10;2.227125150966458e-10;-3.682776306135338e-11;-7.686651315452764e-11;-1.1094414276158204e-10;-3.106492840743158e-11;3.1305091852118494e-10;1.7541879060445353e-12;-1.0234657565888483e-12;2.227125150966458e-12;-3.682776306135338e-11;-7.686651315452764e-13;-1.1094414276158203e-12;-3.106492840743158e-13;3.1305091852118493e-12;140.468963442313;100.0;94.50461921878053;100.0;94.03274026672676;35.995889613228655;8.889358977057896;9.403675874016642;55.403208824057174;13.320143868904438;4.310866439092081;3.105520781494704;10.075380484010395;50.71067760240709;5.652777455140836;9.21580057118939;4.0;0.9800000000000005;69981.08048617392;8796.35560546713;7.95569024547838;3.105520781494704;deltaT_des_2_K;desorber;True;True;True;True;True;True;True;True;89.9246195159896;2659.407213901669;0.04026443063803875;69981.08048617392;0.0;0.0;135.0;4.0;140.468963442313;4.0;100.0;4.0;94.50461921878053;4.0;100.0;4.0;94.03274026672676;4.0;30.0;4.0;35.995889613228655;4.0;89.9246195159896;2659.407213901669;0.007908688279266485;69981.08048617392;0.0;0.0;91.39909843728583;245.21656843191226;1.0202644306380393;8796.35560546713;0.6044787854383559;0.24070820412043736;149.3583224193709;339.8763855131809;0.987908688279267;69981.08048617392;0.6242765259703087;0.25631262082185235;89.9246195159896;2659.407213901669;0.03235574235877227;69981.08048617392;0.0;0.0;104.92375081215278;245.21656843191226;1.0202644306380393;69981.08048617392;0.6044787854383559;0.24070820412043736;144.40367587401664;323.81101423640996;1.0202644306380393;69981.08048617392;0.6044787854383559;0.24070820412043736;138.7508984188758;321.1575627829252;0.9800000000000005;69981.08048617392;0.6293144937326912;0.2604394500880953;95.70795024096338;239.3339734973511;0.9800000000000005;69981.08048617392;0.6293144937326912;0.2604394500880953;95.68913356090792;239.29876185702338;0.9800000000000005;8796.35560546713;0.6293144937326912;0.2604394500880953;91.39909843728583;2671.234161565296;0.04026443063803875;8796.35560546713;0.0;0.0;43.32014386890444;181.41193523350537;0.04026443063803875;8796.35560546713;0.0;0.0;43.322062664319674;181.47368400169285;0.04026443063803875;69981.08048617392;0.0;0.0;"Zustand 3: Temperatur 417.554 K liegt außerhalb des Boryta-Prüfbereichs; Kristallisation wurde nicht bewertet.";"Zustand 4: Temperatur 411.901 K liegt außerhalb des Boryta-Prüfbereichs; Kristallisation wurde nicht bewertet.";Zustand 5: Kristallisationsprüfung bestanden (w_LiBr=0.6293 <= w_crit=0.6926, T=368.86 K >= T_crit=306.34 K).;Zustand 6: Kristallisationsprüfung bestanden (w_LiBr=0.6293 <= w_crit=0.6926, T=368.84 K >= T_crit=306.34 K).;"Zustand 20: Temperatur 422.508 K liegt außerhalb des Boryta-Prüfbereichs; Kristallisation wurde nicht bewertet.";5
parallel;Parallel (T13 = T15);parallel;100.0;100.0;30.0;100.0;4.0;4.0;4.0;100.0;0.9900000000000005;Abwärmetemperatur [°C];hot_temperature_C;100.0;10.0;10.0;25.0;15.0;11.0;nan;nan;6.386586731774823e-22;`gtol` termination condition is satisfied.;4;4.4005056120437736e-10;3.5739576751200685e-11;1;True;;True;0;zulässig;feasible;True;True;True;89.91469951018041;104.95454523553167;138.68067808187442;43.333687607602826;0.19865233291339948;0.256190313318632;0.2407707370085581;0.2603232077729252;91.27801301844278;100.35320844718923;91.72307035371637;99.87081670795916;80.92108341277067;0.476414015177111;24.562552444495143;40.45921130493076;0.002487488697092363;0.03484691543162938;9.127801301815007;10.035320844730482;3.6689228141514785;6.658054447199855;7.35646212844261;91.4329866335342;0.00968145805563296;2671.297792216575;245.31046081159988;221.59375391607892;0.00997485713453794;1.0203304003193505;0.6104708241477517;0.2453309602255502;1.722924025671091e-10;-9.804068668017862e-11;2.1810819816892035e-10;-3.54694051907245e-11;-7.059952622512355e-11;-1.155768813987379e-10;-3.865352482534945e-11;2.9271518542373087e-10;1.7229240256710909e-12;-9.804068668017862e-13;2.1810819816892034e-12;-3.54694051907245e-11;-7.059952622512355e-13;-1.155768813987379e-12;-3.865352482534945e-13;2.9271518542373086e-12;140.45921130493076;100.0;94.51417043339018;100.0;94.02686502942828;36.00198615114766;8.84914000543995;9.41225214821037;55.43100048238654;13.333687607602826;4.327035414069144;3.081183799855978;10.085300489819588;50.691259090716414;5.731574066335952;9.262775280216943;4.0;0.9900000000000005;69954.70613619244;8802.558109898731;7.947088251258046;3.081183799855978;deltaT_des_2_K;desorber;True;True;True;True;True;True;True;True;89.91469951018041;2659.3910514872296;0.04030525745388791;69954.70613619244;0.0;0.0;135.0;4.0;140.45921130493076;4.0;100.0;4.0;94.51417043339018;4.0;100.0;4.0;94.02686502942828;4.0;30.0;4.0;36.00198615114766;4.0;89.91469951018041;2659.3910514872296;0.008006733421890018;69954.70613619244;0.0;0.0;91.4329866335342;245.31046081159965;1.0303052574538885;8802.558109898731;0.6045605764695775;0.2407707370085581;149.3083513103707;339.72651363200237;0.9980067334218906;69954.70613619244;0.624125989897621;0.256190313318632;89.91469951018041;2659.3910514872296;0.03229852403199789;69954.70613619244;0.0;0.0;104.95454523553167;245.31046081159965;1.0303052574538885;69954.70613619244;0.6045605764695775;0.2407707370085581;144.41225214821037;323.85134258167284;1.0303052574538885;69954.70613619244;0.6045605764695775;0.2407707370085581;138.68067808187442;320.9659726394767;0.9900000000000005;69954.70613619244;0.6291736771575343;0.2603232077729252;95.69176995531473;239.22750454594305;0.9900000000000005;69954.70613619244;0.6291736771575343;0.2603232077729252;95.67296458593086;239.19230564146665;0.9900000000000005;8802.558109898731;0.6291736771575343;0.2603232077729252;91.4329866335342;2671.297792216575;0.04030525745388791;8802.558109898731;0.0;0.0;43.333687607602826;181.4685543807801;0.04030525745388791;8802.558109898731;0.0;0.0;43.335605938711865;181.5302706146967;0.04030525745388791;69954.70613619244;0.0;0.0;"Zustand 3: Temperatur 417.562 K liegt außerhalb des Boryta-Prüfbereichs; Kristallisation wurde nicht bewertet.";"Zustand 4: Temperatur 411.831 K liegt außerhalb des Boryta-Prüfbereichs; Kristallisation wurde nicht bewertet.";Zustand 5: Kristallisationsprüfung bestanden (w_LiBr=0.6292 <= w_crit=0.6926, T=368.84 K >= T_crit=306.30 K).;Zustand 6: Kristallisationsprüfung bestanden (w_LiBr=0.6292 <= w_crit=0.6926, T=368.82 K >= T_crit=306.30 K).;"Zustand 20: Temperatur 422.458 K liegt außerhalb des Boryta-Prüfbereichs; Kristallisation wurde nicht bewertet.";5
parallel;Parallel (T13 = T15);parallel;100.0;100.0;30.0;100.0;4.0;4.0;4.0;100.0;1.0;Abwärmetemperatur [°C];hot_temperature_C;100.0;10.0;10.0;25.0;15.0;11.0;nan;nan;1.2413713383180528e-25;`gtol` termination condition is satisfied.;11;4.055982534581956e-11;4.982712791879646e-13;1;True;;True;0;zulässig;feasible;True;True;True;89.9047177135617;104.9859868087562;138.61022044600855;43.34731061860447;0.20089959775769206;0.2560694296928858;0.24083133608935725;0.2602086359308082;91.11343483497177;100.45573918767025;91.56183678368345;99.96966256600915;81.65155108331699;0.47570992314230015;24.785395247611888;40.44936811213944;0.002488703646864517;0.035185969304708416;9.111343483494824;10.045573918768088;3.662473471347625;6.664644171068966;7.422868280302821;91.46650035635594;0.009678414885507018;2671.3607056135115;245.4046011018692;221.69572710940986;0.010068903509505844;1.03027743714836;0.6105489649123051;0.2453918064669411;2.2026824808563106e-12;-1.404032445861958e-11;9.094947017729282e-12;-2.894351425197783e-13;-7.176481631177012e-12;-1.0629719326971099e-11;-2.5337953957205173e-11;2.3533175408374518e-11;2.2026824808563106e-14;-1.404032445861958e-13;9.094947017729283e-14;-2.894351425197783e-13;-7.176481631177012e-14;-1.06297193269711e-13;-2.533795395720517e-13;2.3533175408374516e-13;140.44936811213944;100.0;94.52381358949259;100.0;94.02095319581287;36.00811837246829;8.809379304397282;9.420130458846529;55.45838198388765;13.347310618604467;4.3426622673607085;3.0573132331366537;10.095282286438305;50.671724713933656;5.809910012837975;9.309855060144912;4.0;1.0;69928.17586895742;8808.80071822931;7.938444529031638;3.0573132331366537;deltaT_des_2_K;desorber;True;True;True;True;True;True;True;True;89.9047177135617;2659.374787928559;0.04034634065786591;69928.17586895742;0.0;0.0;135.0;4.0;140.44936811213944;4.0;100.0;4.0;94.52381358949259;4.0;100.0;4.0;94.02095319581287;4.0;30.0;4.0;36.00811837246829;4.0;89.9047177135617;2659.374787928559;0.008105563609160078;69928.17586895742;0.0;0.0;91.46650035635594;245.40460110186876;1.040346340657866;8808.80071822931;0.604639818721967;0.24083133608935725;149.25874741653672;339.57798407843995;1.00810556360916;69928.17586895742;0.6239771364535376;0.2560694296928858;89.9047177135617;2659.374787928559;0.03224077704870583;69928.17586895742;0.0;0.0;104.9859868087562;245.40460110186876;1.040346340657866;69928.17586895742;0.604639818721967;0.24083133608935725;144.42013045884653;323.88957085884834;1.040346340657866;69928.17586895742;0.604639818721967;0.24083133608935725;138.61022044600855;320.77472352451565;1.0;69928.17586895742;0.6290348228234338;0.2602086359308082;95.67613174861128;239.12317244120086;1.0;69928.17586895742;0.6290348228234338;0.2602086359308082;95.65733773263929;239.08798647189616;1.0;8808.80071822931;0.6290348228234338;0.2602086359308082;91.46650035635594;2671.3607056135115;0.04034634065786591;8808.80071822931;0.0;0.0;43.34731061860447;181.5255049560902;0.04034634065786591;8808.80071822931;0.0;0.0;43.34922848187921;181.5871884596319;0.04034634065786591;69928.17586895742;0.0;0.0;"Zustand 3: Temperatur 417.570 K liegt außerhalb des Boryta-Prüfbereichs; Kristallisation wurde nicht bewertet.";"Zustand 4: Temperatur 411.760 K liegt außerhalb des Boryta-Prüfbereichs; Kristallisation wurde nicht bewertet.";Zustand 5: Kristallisationsprüfung bestanden (w_LiBr=0.6290 <= w_crit=0.6926, T=368.83 K >= T_crit=306.25 K).;Zustand 6: Kristallisationsprüfung bestanden (w_LiBr=0.6290 <= w_crit=0.6926, T=368.81 K >= T_crit=306.25 K).;"Zustand 20: Temperatur 422.409 K liegt außerhalb des Boryta-Prüfbereichs; Kristallisation wurde nicht bewertet.";5
parallel;Parallel (T13 = T15);parallel;100.0;100.0;30.0;100.0;4.0;4.0;4.0;100.0;1.0000000000000004;Abwärmetemperatur [°C];hot_temperature_C;100.0;10.0;10.0;25.0;15.0;11.0;nan;nan;1.2204854317478718e-25;`gtol` termination condition is satisfied.;1;4.0041573632201646e-11;4.940618244203597e-13;1;True;;True;0;zulässig;feasible;True;True;True;89.9047177135617;104.9859868087562;138.61022044600855;43.34731061860447;0.20089959775769206;0.2560694296928858;0.24083133608935725;0.2602086359308082;91.11343483497234;100.4557391876708;91.56183678368404;99.96966256600969;81.65155108331703;0.4757099231423003;24.785395247611763;40.449368112139496;0.00248870364686453;0.03518596930470843;9.111343483494801;10.045573918768055;3.662473471347625;6.664644171068927;7.422868280302821;91.46650035635594;0.009678414885506798;2671.3607056135115;245.40460110186865;221.69572710940986;0.010068903509505622;1.030277437148361;0.6105489649123051;0.2453918064669411;2.2026824808563106e-12;-1.3997691894473974e-11;9.265477274311706e-12;-2.894351425197783e-13;-6.579625733138528e-12;-9.748646334628575e-12;-2.4215296434704214e-11;2.432898327242583e-11;2.2026824808563106e-14;-1.3997691894473973e-13;9.265477274311706e-14;-2.8943514251977816e-13;-6.579625733138528e-14;-9.748646334628575e-14;-2.4215296434704213e-13;2.432898327242583e-13;140.4493681121395;100.0;94.52381358949259;100.0;94.02095319581281;36.008118372468346;8.809379304397225;9.420130458846529;55.45838198388759;13.347310618604467;4.3426622673607085;3.0573132331366537;10.095282286438305;50.6717247139336;5.809910012837975;9.309855060144912;4.0;1.0000000000000004;69928.17586895742;8808.80071822931;7.938444529031638;3.0573132331366537;deltaT_des_2_K;desorber;True;True;True;True;True;True;True;True;89.9047177135617;2659.374787928559;0.04034634065786613;69928.17586895742;0.0;0.0;135.0;4.0;140.4493681121395;4.0;100.0;4.0;94.52381358949259;4.0;100.0;4.0;94.02095319581281;4.0;30.0;4.0;36.008118372468346;4.0;89.9047177135617;2659.374787928559;0.008105563609160123;69928.17586895742;0.0;0.0;91.46650035635594;245.40460110186876;1.0403463406578666;8808.80071822931;0.604639818721967;0.24083133608935725;149.25874741653672;339.57798407843995;1.0081055636091605;69928.17586895742;0.6239771364535376;0.2560694296928858;89.9047177135617;2659.374787928559;0.03224077704870601;69928.17586895742;0.0;0.0;104.9859868087562;245.40460110186876;1.0403463406578666;69928.17586895742;0.604639818721967;0.24083133608935725;144.42013045884653;323.88957085884834;1.0403463406578666;69928.17586895742;0.604639818721967;0.24083133608935725;138.61022044600855;320.77472352451565;1.0000000000000004;69928.17586895742;0.6290348228234338;0.2602086359308082;95.67613174861128;239.12317244120086;1.0000000000000004;69928.17586895742;0.6290348228234338;0.2602086359308082;95.65733773263929;239.08798647189616;1.0000000000000004;8808.80071822931;0.6290348228234338;0.2602086359308082;91.46650035635594;2671.3607056135115;0.04034634065786613;8808.80071822931;0.0;0.0;43.34731061860447;181.5255049560902;0.04034634065786613;8808.80071822931;0.0;0.0;43.34922848187921;181.5871884596319;0.04034634065786613;69928.17586895742;0.0;0.0;"Zustand 3: Temperatur 417.570 K liegt außerhalb des Boryta-Prüfbereichs; Kristallisation wurde nicht bewertet.";"Zustand 4: Temperatur 411.760 K liegt außerhalb des Boryta-Prüfbereichs; Kristallisation wurde nicht bewertet.";Zustand 5: Kristallisationsprüfung bestanden (w_LiBr=0.6290 <= w_crit=0.6926, T=368.83 K >= T_crit=306.25 K).;Zustand 6: Kristallisationsprüfung bestanden (w_LiBr=0.6290 <= w_crit=0.6926, T=368.81 K >= T_crit=306.25 K).;"Zustand 20: Temperatur 422.409 K liegt außerhalb des Boryta-Prüfbereichs; Kristallisation wurde nicht bewertet.";5
parallel;Parallel (T13 = T15);parallel;100.0;100.0;30.0;100.0;4.0;4.0;4.0;100.0;1.0100000000000007;Abwärmetemperatur [°C];hot_temperature_C;100.0;10.0;10.0;25.0;15.0;11.0;nan;nan;2.12631308887857e-25;`gtol` termination condition is satisfied.;4;6.439723311140035e-11;6.521216280539344e-13;1;True;;True;0;zulässig;feasible;True;True;True;89.89467317753355;105.0180511087105;138.53954065436847;43.36101430325965;0.20316023996498989;0.25594993224559864;0.24089005496381924;0.2600956853171591;90.94736739802045;100.55887710145815;91.39910030359698;100.06912970811105;82.37852614607692;0.4749997813864949;25.007623483498342;40.439435849163885;0.0024899239133281716;0.0355245638564527;9.09473673979763;10.055887710144287;3.655964012143489;6.671275313871711;7.488956922368904;91.49965342340317;0.009676136361637234;2671.4229279437263;245.49896827736868;221.79604451821098;0.010163694464963902;1.0402239897412735;0.6106250755957918;0.24545108597611837;-7.389644451905042e-13;1.8985701899509877e-11;1.602984411874786e-11;1.0380585280245214e-13;9.762857189343777e-12;1.5276668818842154e-11;3.538502824085299e-11;4.4138914745417424e-11;-7.389644451905042e-15;1.8985701899509876e-13;1.602984411874786e-13;1.027780720816357e-13;9.762857189343777e-14;1.5276668818842154e-13;3.5385028240852987e-13;4.413891474541742e-13;140.43943584916389;100.0;94.53354663255999;100.0;94.01500420406035;36.014286907981955;8.770062203670875;9.427327203816844;55.48536651542122;13.361014303259651;4.357758474204786;3.0338932091568154;10.105326822466452;50.652072508898755;5.8877865494483785;9.35702696456758;4.0;1.0100000000000007;69901.48731818423;8815.084141673864;7.929758377202613;3.0338932091568154;deltaT_des_2_K;desorber;True;True;True;True;True;True;True;True;89.89467317753355;2659.3584216713284;0.04038768420623673;69901.48731818423;0.0;0.0;135.0;4.0;140.43943584916389;4.0;100.0;4.0;94.53354663255999;4.0;100.0;4.0;94.01500420406035;4.0;30.0;4.0;36.014286907981955;4.0;89.89467317753355;2659.3584216713284;0.008205171614969286;69901.48731818423;0.0;0.0;91.49965342340317;245.49896827736933;1.0503876842062374;8815.084141673864;0.6047165840984919;0.24089005496381924;149.20949805283476;339.4307552668061;1.01820517161497;69901.48731818423;0.6238299215910984;0.25594993224559864;89.89467317753355;2659.3584216713284;0.03218251259126744;69901.48731818423;0.0;0.0;105.0180511087105;245.49896827736933;1.0503876842062374;69901.48731818423;0.6047165840984919;0.24089005496381924;144.42732720381684;323.92575048810056;1.0503876842062374;69901.48731818423;0.6047165840984919;0.24089005496381924;138.53954065436847;320.58381998250087;1.0100000000000007;69901.48731818423;0.6288978736359614;0.2600956853171591;95.66102414414291;239.0209228081666;1.0100000000000007;69901.48731818423;0.6288978736359614;0.2600956853171591;95.64224152579521;238.98574997266516;1.0100000000000007;8815.084141673864;0.6288978736359614;0.2600956853171591;91.49965342340317;2671.4229279437263;0.04038768420623673;8815.084141673864;0.0;0.0;43.36101430325965;181.58279281833364;0.04038768420623673;8815.084141673864;0.0;0.0;43.36293169516159;181.64444339232085;0.04038768420623673;69901.48731818423;0.0;0.0;"Zustand 3: Temperatur 417.577 K liegt außerhalb des Boryta-Prüfbereichs; Kristallisation wurde nicht bewertet.";"Zustand 4: Temperatur 411.690 K liegt außerhalb des Boryta-Prüfbereichs; Kristallisation wurde nicht bewertet.";Zustand 5: Kristallisationsprüfung bestanden (w_LiBr=0.6289 <= w_crit=0.6926, T=368.81 K >= T_crit=306.21 K).;Zustand 6: Kristallisationsprüfung bestanden (w_LiBr=0.6289 <= w_crit=0.6926, T=368.79 K >= T_crit=306.21 K).;"Zustand 20: Temperatur 422.359 K liegt außerhalb des Boryta-Prüfbereichs; Kristallisation wurde nicht bewertet.";5
parallel;Parallel (T13 = T15);parallel;100.0;100.0;30.0;100.0;4.0;4.0;4.0;100.0;1.0200000000000005;Abwärmetemperatur [°C];hot_temperature_C;100.0;10.0;10.0;25.0;15.0;11.0;nan;nan;3.084281867856489e-25;`gtol` termination condition is satisfied.;4;7.686830475767388e-11;7.854020458155796e-13;1;True;;True;0;zulässig;feasible;True;True;True;89.88456504871391;105.05071459459595;138.46865317444855;43.37479993068479;0.20543397860719562;0.2558317845050937;0.2409469452670299;0.2599843084796464;90.77984256792439;100.66263174033325;91.23489387986427;100.16922658491391;83.10201439387637;0.47428363792528444;25.229232519526498;40.42941642152658;0.002491149554139684;0.03586269392270796;9.077984256786934;10.066263174031505;3.649395755194297;6.6779484389914465;7.55472858125987;91.53245905043298;0.009674594163586802;2671.4844842583543;245.59354215450364;221.89475566305336;0.01025922303603255;1.0501700686283322;0.6106992088111705;0.2455088386412346;-2.5295321393059567e-12;1.780620095814811e-11;1.9838353182421997e-11;1.6442402994698568e-13;6.849631972727366e-12;1.8204104890173767e-11;4.222044935886515e-11;5.505285116669256e-11;-2.5295321393059567e-14;1.780620095814811e-13;1.9838353182421998e-13;1.6120002935978981e-13;6.849631972727366e-14;1.8204104890173767e-13;4.2220449358865154e-13;5.505285116669257e-13;140.42941642152658;100.0;94.54336759091723;100.0;94.00901754874917;36.02049232896729;8.731174598710197;9.43385824366311;55.51196672146568;13.374799930684787;4.372335195993287;3.0109085404842517;10.11543495128609;50.632300701146846;5.965205069214562;9.404278615433157;4.0;1.0200000000000005;69874.63837457859;8821.40903280352;7.921029181930114;3.0109085404842517;deltaT_des_2_K;desorber;True;True;True;True;True;True;True;True;89.88456504871391;2659.3419513161334;0.040429291664364264;69874.63837457859;0.0;0.0;135.0;4.0;140.42941642152658;4.0;100.0;4.0;94.54336759091723;4.0;100.0;4.0;94.00901754874917;4.0;30.0;4.0;36.02049232896729;4.0;89.88456504871391;2659.3419513161334;0.00830555023888108;69874.63837457859;0.0;0.0;91.53245905043298;245.5935421545034;1.0604292916643647;8821.40903280352;0.6047909418098988;0.2409469452670299;149.16059102023678;339.28478711308617;1.0283055502388816;69874.63837457859;0.6236843026660158;0.2558317845050937;89.88456504871391;2659.3419513161334;0.03212374142548319;69874.63837457859;0.0;0.0;105.05071459459595;245.5935421545034;1.0604292916643647;69874.63837457859;0.6047909418098988;0.2409469452670299;144.4338582436631;323.95993116988615;1.0604292916643647;69874.63837457859;0.6047909418098988;0.2409469452670299;138.46865317444855;320.39326619706213;1.0200000000000005;69874.63837457859;0.6287627745377399;0.2599843084796464;95.64643597916279;238.92070306580834;1.0200000000000005;69874.63837457859;0.6287627745377399;0.2599843084796464;95.62766480400671;238.88554356196255;1.0200000000000005;8821.40903280352;0.6287627745377399;0.2599843084796464;91.53245905043298;2671.4844842583543;0.040429291664364264;8821.40903280352;0.0;0.0;43.37479993068479;181.64042327371232;0.040429291664364264;8821.40903280352;0.0;0.0;43.376716847602324;181.70204071620478;0.040429291664364264;69874.63837457859;0.0;0.0;"Zustand 3: Temperatur 417.584 K liegt außerhalb des Boryta-Prüfbereichs; Kristallisation wurde nicht bewertet.";"Zustand 4: Temperatur 411.619 K liegt außerhalb des Boryta-Prüfbereichs; Kristallisation wurde nicht bewertet.";Zustand 5: Kristallisationsprüfung bestanden (w_LiBr=0.6288 <= w_crit=0.6926, T=368.80 K >= T_crit=306.16 K).;Zustand 6: Kristallisationsprüfung bestanden (w_LiBr=0.6288 <= w_crit=0.6926, T=368.78 K >= T_crit=306.16 K).;"Zustand 20: Temperatur 422.311 K liegt außerhalb des Boryta-Prüfbereichs; Kristallisation wurde nicht bewertet.";5
parallel;Parallel (T13 = T15);parallel;100.0;100.0;30.0;100.0;4.0;4.0;4.0;100.0;1.0300000000000007;Abwärmetemperatur [°C];hot_temperature_C;100.0;10.0;10.0;25.0;15.0;11.0;nan;nan;4.075039735992335e-25;`gtol` termination condition is satisfied.;4;8.649559885337171e-11;9.027779057988e-13;1;True;;True;0;zulässig;feasible;True;True;True;89.87439256009213;105.08395456709047;138.39757182506037;43.388668649820886;0.20772053605202834;0.2557149512458666;0.24100205673465303;0.259874459660946;90.61089097846701;100.76701175157483;91.06924920311525;100.26996079185679;83.82202175916733;0.4735615401613086;25.450217911024833;40.41931166139159;0.002492380615443789;0.036200354451555145;9.061089097840213;10.076701175155547;3.642769968124055;6.684664052787481;7.620183796286039;91.5649298792494;0.009673761087049284;2671.545398524408;245.6883033346462;221.99190809831654;0.010355482312810693;1.0601156839302819;0.6107714152193401;0.24556510289436934;-2.8421709430404007e-12;2.0904167286062147e-11;1.6484591469634324e-11;2.6634250360757505e-13;1.3869794202037156e-11;1.935518412210513e-11;4.4579451241588686e-11;6.488676262961235e-11;-2.842170943040401e-14;2.0904167286062149e-13;1.6484591469634324e-13;2.5858495495881057e-13;1.3869794202037155e-13;1.9355184122105128e-13;4.4579451241588687e-13;6.488676262961234e-13;140.4193116613916;100.0;94.55327456919167;100.0;94.00299277560663;36.026735152606136;8.692702940333618;9.43973891368023;55.53819472664327;13.388668649820886;4.3864032914332824;2.9883446899422665;10.125607439907867;50.61240768751611;6.042167088619863;9.451598173373327;4.0;1.0300000000000007;69847.62716198995;8827.775990921;7.91225640906898;2.9883446899422665;deltaT_des_2_K;desorber;True;True;True;True;True;True;True;True;89.87439256009213;2659.32537560409;0.04047116624309188;69847.62716198995;0.0;0.0;135.0;4.0;140.4193116613916;4.0;100.0;4.0;94.55327456919167;4.0;100.0;4.0;94.00299277560663;4.0;30.0;4.0;36.026735152606136;4.0;89.87439256009213;2659.32537560409;0.008406692346665799;69847.62716198995;0.0;0.0;91.5649298792494;245.6883033346468;1.0704711662430926;8827.775990921;0.6048629584697092;0.24100205673465303;149.1120146017252;339.14004103395615;1.0384066923466664;69847.62716198995;0.6235402384655376;0.2557149512458666;89.87439256009213;2659.32537560409;0.03206447389642608;69847.62716198995;0.0;0.0;105.08395456709047;245.6883033346468;1.0704711662430926;69847.62716198995;0.6048629584697092;0.24100205673465303;144.43973891368023;323.99216092788555;1.0704711662430926;69847.62716198995;0.6048629584697092;0.24100205673465303;138.39757182506037;320.20306599030516;1.0300000000000007;69847.62716198995;0.6286294723983655;0.259874459660946;95.63235639371715;238.82246234062544;1.0300000000000007;69847.62716198995;0.6286294723983655;0.259874459660946;95.61359670856672;238.78731636542975;1.0300000000000007;8827.775990921;0.6286294723983655;0.259874459660946;91.5649298792494;2671.545398524408;0.04047116624309188;8827.775990921;0.0;0.0;43.388668649820886;181.69840112598274;0.04047116624309188;8827.775990921;0.0;0.0;43.39058508809052;181.75998523256553;0.04047116624309188;69847.62716198995;0.0;0.0;"Zustand 3: Temperatur 417.590 K liegt außerhalb des Boryta-Prüfbereichs; Kristallisation wurde nicht bewertet.";"Zustand 4: Temperatur 411.548 K liegt außerhalb des Boryta-Prüfbereichs; Kristallisation wurde nicht bewertet.";Zustand 5: Kristallisationsprüfung bestanden (w_LiBr=0.6286 <= w_crit=0.6926, T=368.78 K >= T_crit=306.12 K).;Zustand 6: Kristallisationsprüfung bestanden (w_LiBr=0.6286 <= w_crit=0.6926, T=368.76 K >= T_crit=306.12 K).;"Zustand 20: Temperatur 422.262 K liegt außerhalb des Boryta-Prüfbereichs; Kristallisation wurde nicht bewertet.";5
parallel;Parallel (T13 = T15);parallel;100.0;100.0;30.0;100.0;4.0;4.0;4.0;100.0;1.0400000000000005;Abwärmetemperatur [°C];hot_temperature_C;100.0;10.0;10.0;25.0;15.0;11.0;nan;nan;6.549279973320617e-25;`gtol` termination condition is satisfied.;4;1.0801564717867075e-10;1.144489403473935e-12;1;True;;True;0;zulässig;feasible;True;True;True;89.86415502614284;105.11774913300059;138.32630981377918;43.40262149617581;0.2100196376746247;0.25559939842363205;0.24105543729533643;0.25976609473240847;90.4405421005049;100.87202492872191;90.90219675414977;100.37133911744007;84.53855431120573;0.47283353490794217;25.670575398131803;40.409123331369926;0.0024936171325516316;0.036537540501101605;9.044054210042358;10.087202492869515;3.6360878701652517;6.691422607825628;7.685323119198534;91.59707800732104;0.009673610990920433;2671.605693680691;245.7832331729143;222.08754751167464;0.010452465439371839;1.0700608453793525;0.610841743627414;0.2456199157841071;-3.382183422218077e-12;2.1856294551980682e-11;2.029310053330846e-11;3.934630399271555e-13;1.8474111129762605e-11;2.6759039428725373e-11;5.5649707064731047e-11;8.131451068038587e-11;-3.382183422218077e-14;2.1856294551980683e-13;2.029310053330846e-13;3.783298460838032e-13;1.8474111129762605e-13;2.675903942872537e-13;5.564970706473104e-13;8.131451068038586e-13;140.40912333136993;100.0;94.563265744369;100.0;93.99692947862201;36.033015845019236;8.654634205313812;9.444984048915842;55.56406216230181;13.402621496175811;4.399973325527526;2.96618773704796;10.13584497385716;50.59239202652742;6.118674235136666;9.498974311342636;4.0;1.0400000000000005;69820.45202411438;8834.185565010734;7.903439599531385;2.96618773704796;deltaT_des_2_K;desorber;True;True;True;True;True;True;True;True;89.86415502614284;2659.308693408893;0.04051331081872389;69820.45202411438;0.0;0.0;135.0;4.0;140.40912333136993;4.0;100.0;4.0;94.563265744369;4.0;100.0;4.0;93.99692947862201;4.0;30.0;4.0;36.033015845019236;4.0;89.86415502614284;2659.308693408893;0.008508590859147845;69820.45202411438;0.0;0.0;91.59707800732104;245.78323317291452;1.0805133108187244;8834.185565010734;0.6049326982225468;0.24105543729533643;149.06375753668374;338.99647986786715;1.0485085908591483;69820.45202411438;0.6233976891338237;0.25559939842363205;89.86415502614284;2659.308693408893;0.032004719959576045;69820.45202411438;0.0;0.0;105.11774913300059;245.78323317291452;1.0805133108187244;69820.45202411438;0.6049326982225468;0.24105543729533643;144.44498404891584;324.0224861878999;1.0805133108187244;69820.45202411438;0.6049326982225468;0.24105543729533643;138.32630981377918;320.01322285778645;1.0400000000000005;69820.45202411438;0.6284979159412961;0.25976609473240847;95.61877482165795;238.7261514047008;1.0400000000000005;69820.45202411438;0.6284979159412961;0.25976609473240847;95.60002667447247;238.69101915421896;1.0400000000000005;8834.185565010734;0.6284979159412961;0.25976609473240847;91.59707800732104;2671.605693680691;0.04051331081872389;8834.185565010734;0.0;0.0;43.40262149617581;181.75673070474323;0.04051331081872389;8834.185565010734;0.0;0.0;43.40453745209459;181.81828126879634;0.04051331081872389;69820.45202411438;0.0;0.0;"Zustand 3: Temperatur 417.595 K liegt außerhalb des Boryta-Prüfbereichs; Kristallisation wurde nicht bewertet.";"Zustand 4: Temperatur 411.476 K liegt außerhalb des Boryta-Prüfbereichs; Kristallisation wurde nicht bewertet.";Zustand 5: Kristallisationsprüfung bestanden (w_LiBr=0.6285 <= w_crit=0.6926, T=368.77 K >= T_crit=306.08 K).;Zustand 6: Kristallisationsprüfung bestanden (w_LiBr=0.6285 <= w_crit=0.6926, T=368.75 K >= T_crit=306.08 K).;"Zustand 20: Temperatur 422.214 K liegt außerhalb des Boryta-Prüfbereichs; Kristallisation wurde nicht bewertet.";5
parallel;Parallel (T13 = T15);parallel;100.0;100.0;30.0;100.0;4.0;4.0;4.0;100.0;1.0500000000000007;Abwärmetemperatur [°C];hot_temperature_C;100.0;10.0;10.0;25.0;15.0;11.0;nan;nan;7.933852445111499e-25;`gtol` termination condition is satisfied.;4;1.1391245968704888e-10;1.259670785968421e-12;1;True;;True;0;zulässig;feasible;True;True;True;89.85385183763492;105.15207717100964;138.25487976970726;43.4166593989695;0.21233101180708927;0.25548509312925055;0.24110713315248722;0.25965917112588743;90.26882430822491;100.97767826534265;90.73376587256672;100.4733675946292;85.25161825060385;0.47209966841384454;25.890300901093667;40.39885312848236;0.0024948591306530243;0.03687424723642027;9.026882430813528;10.097767826531726;3.6293506349020714;6.698224506305016;7.750147113689113;91.628915015024;0.009674118747461066;2671.6653916891473;245.8783137442514;222.18171781320834;0.010550165612953855;1.0800055623413576;0.6109102410742225;0.2456733130384436;-4.590106073010247e-12;2.3604229681950528e-11;2.4215296434704214e-11;5.646594303243546e-13;1.4935608305677306e-11;2.539479737606598e-11;5.3944404498906806e-11;8.962786068877904e-11;-4.590106073010247e-14;2.3604229681950527e-13;2.4215296434704213e-13;5.377708860231945e-13;1.4935608305677306e-13;2.539479737606598e-13;5.394440449890681e-13;8.962786068877904e-13;140.39885312848236;100.0;94.57333936168857;100.0;93.99082729697193;36.03933482448224;8.616955872335609;9.449608005323682;55.58958019054177;13.4166593989695;4.41305557867679;2.9444243466645617;10.14614816236508;50.57225242810409;6.194728235616424;9.546396189475047;4.0;1.0500000000000007;69793.1115104078;8840.638256882903;7.8945783644150564;2.9444243466645617;deltaT_des_2_K;desorber;True;True;True;True;True;True;True;True;89.85385183763492;2659.29190372838;0.04055572795431073;69793.1115104078;0.0;0.0;135.0;4.0;140.39885312848236;4.0;100.0;4.0;94.57333936168857;4.0;100.0;4.0;93.99082729697193;4.0;30.0;4.0;36.03933482448224;4.0;89.85385183763492;2659.29190372838;0.008611238751111852;69793.1115104078;0.0;0.0;91.628915015024;245.8783137442504;1.0905557279543114;8840.638256882903;0.6050002228580305;0.24110713315248722;149.01580900081797;338.85406781504537;1.0586112387511126;69793.1115104078;0.6232566161202602;0.25548509312925055;89.85385183763492;2659.29190372838;0.031944489203198874;69793.1115104078;0.0;0.0;105.15207717100964;245.8783137442504;1.0905557279543114;69793.1115104078;0.6050002228580305;0.24110713315248722;144.44960800532368;324.05095184548776;1.0905557279543114;69793.1115104078;0.6050002228580305;0.24110713315248722;138.25487976970726;319.8237399939608;1.0500000000000007;69793.1115104078;0.6283680556680568;0.25965917112588743;95.60568098153459;238.63172261242903;1.0500000000000007;69793.1115104078;0.6283680556680568;0.25965917112588743;95.58694442132321;238.59660428172768;1.0500000000000007;8840.638256882903;0.6283680556680568;0.25965917112588743;91.628915015024;2671.6653916891473;0.04055572795431073;8840.638256882903;0.0;0.0;43.4166593989695;181.81541589529417;0.04055572795431073;8840.638256882903;0.0;0.0;43.418574868867836;181.87693270824508;0.04055572795431073;69793.1115104078;0.0;0.0;"Zustand 3: Temperatur 417.600 K liegt außerhalb des Boryta-Prüfbereichs; Kristallisation wurde nicht bewertet.";"Zustand 4: Temperatur 411.405 K liegt außerhalb des Boryta-Prüfbereichs; Kristallisation wurde nicht bewertet.";Zustand 5: Kristallisationsprüfung bestanden (w_LiBr=0.6284 <= w_crit=0.6926, T=368.76 K >= T_crit=306.04 K).;Zustand 6: Kristallisationsprüfung bestanden (w_LiBr=0.6284 <= w_crit=0.6926, T=368.74 K >= T_crit=306.04 K).;"Zustand 20: Temperatur 422.166 K liegt außerhalb des Boryta-Prüfbereichs; Kristallisation wurde nicht bewertet.";5
parallel;Parallel (T13 = T15);parallel;100.0;100.0;30.0;100.0;4.0;4.0;4.0;100.0;1.0600000000000005;Abwärmetemperatur [°C];hot_temperature_C;100.0;10.0;10.0;25.0;15.0;11.0;nan;nan;1.0680637920444287e-24;`gtol` termination condition is satisfied.;4;1.273771752379585e-10;1.4615497200194242e-12;1;True;;True;0;zulässig;feasible;True;True;True;89.84348245678518;105.1869182991216;138.18329377416376;43.43078318780812;0.21465438969484868;0.2553720035448686;0.24115718886162077;0.25955364776877277;90.09576494116641;101.08397800530251;90.56398482101747;100.5760515488937;85.96121990417393;0.4713599863861336;26.1093905157094;40.38850268786882;0.0024961066254825105;0.03721046992662006;9.009576494106453;10.108397800527657;3.6225593928400617;6.70507010325575;7.8146563549225965;91.66045199129258;0.009675260195211173;2671.724513583233;245.97352781127188;222.27446121947892;0.010648576083159833;1.0899498438363797;0.6109769529110767;0.24572532912425082;-5.6132876125047915e-12;2.5366375666635577e-11;3.069544618483633e-11;7.597256157509946e-13;1.5930368135741446e-11;2.594902070995886e-11;5.74544856135617e-11;1.0187761745328316e-10;-5.613287612504792e-14;2.536637566663558e-13;3.069544618483633e-13;7.167222790103719e-13;1.5930368135741447e-13;2.594902070995886e-13;5.74544856135617e-13;1.0187761745328316e-12;140.38850268786882;100.0;94.5834937308004;100.0;93.98468591214748;36.045692464431966;8.579655899282159;9.453624679830796;55.61475952686061;13.430783187808117;4.425660055537207;2.9230417395078234;10.156517543214818;50.55198774425412;6.270330905667038;9.593853431390471;4.0;1.0600000000000005;69765.60436293427;8847.134524110319;7.885672380453603;2.9230417395078234;deltaT_des_2_K;desorber;True;True;True;True;True;True;True;True;89.84348245678518;2659.275005676644;0.04059841991953905;69765.60436293427;0.0;0.0;135.0;4.0;140.38850268786882;4.0;100.0;4.0;94.5834937308004;4.0;100.0;4.0;93.98468591214748;4.0;30.0;4.0;36.045692464431966;4.0;89.84348245678518;2659.275005676644;0.008714629050403842;69765.60436293427;0.0;0.0;91.66045199129258;245.97352781127128;1.1005984199195396;8847.134524110319;0.6050655919183848;0.24115718886162077;148.96815858715098;338.7127703805809;1.0687146290504044;69765.60436293427;0.6231169821302107;0.2553720035448686;89.84348245678518;2659.275005676644;0.03188379086913521;69765.60436293427;0.0;0.0;105.1869182991216;245.97352781127128;1.1005984199195396;69765.60436293427;0.6050655919183848;0.24115718886162077;144.4536246798308;324.07760133016495;1.1005984199195396;69765.60436293427;0.6050655919183848;0.24115718886162077;138.18329377416376;319.63462031553325;1.0600000000000005;69765.60436293427;0.6282398437859009;0.25955364776877277;95.59306486773113;238.5391298398922;1.0600000000000005;69765.60436293427;0.6282398437859009;0.25955364776877277;95.57433994446279;238.5040256229803;1.0600000000000005;8847.134524110319;0.6282398437859009;0.25955364776877277;91.66045199129258;2671.724513583233;0.04059841991953905;8847.134524110319;0.0;0.0;43.43078318780812;181.8744601664203;0.04059841991953905;8847.134524110319;0.0;0.0;43.43269816789336;181.9359430179803;0.04059841991953905;69765.60436293427;0.0;0.0;"Zustand 3: Temperatur 417.604 K liegt außerhalb des Boryta-Prüfbereichs; Kristallisation wurde nicht bewertet.";"Zustand 4: Temperatur 411.333 K liegt außerhalb des Boryta-Prüfbereichs; Kristallisation wurde nicht bewertet.";Zustand 5: Kristallisationsprüfung bestanden (w_LiBr=0.6282 <= w_crit=0.6926, T=368.74 K >= T_crit=305.99 K).;Zustand 6: Kristallisationsprüfung bestanden (w_LiBr=0.6282 <= w_crit=0.6925, T=368.72 K >= T_crit=305.99 K).;"Zustand 20: Temperatur 422.118 K liegt außerhalb des Boryta-Prüfbereichs; Kristallisation wurde nicht bewertet.";5
parallel;Parallel (T13 = T15);parallel;100.0;100.0;30.0;100.0;4.0;4.0;4.0;100.0;1.0700000000000007;Abwärmetemperatur [°C];hot_temperature_C;100.0;10.0;10.0;25.0;15.0;11.0;nan;nan;1.3877526001533747e-24;`gtol` termination condition is satisfied.;4;1.3880413543466787e-10;1.6659847539238615e-12;1;True;;True;0;zulässig;feasible;True;True;True;89.83304641274117;105.22225284371632;138.11156338950013;43.444993598904944;0.2169895054540426;0.25526009890190005;0.24120564740367711;0.2594494850221622;89.92139036211853;101.19092968955762;90.39288084520092;100.6793956429018;86.66736572010375;0.4706145340123038;26.327840508970105;40.378073586251105;0.0024973596239386804;0.03754620394205594;8.992139036200589;10.119092968952703;3.615715233807344;6.711959709522506;7.878851429098318;91.69169955779904;0.00967701209447258;2671.783079513502;246.06885879384058;222.36581833298686;0.010747690151161171;1.0998936985580823;0.61104192287825;0.2457759973036389;-7.503331289626658e-12;2.2254198484006338e-11;2.5863755581667647e-11;9.85878045867139e-13;1.7323031897831243e-11;3.0595970201829914e-11;6.420464160328265e-11;1.1263523447269108e-10;-7.503331289626658e-14;2.2254198484006338e-13;2.5863755581667646e-13;9.213813512776994e-13;1.7323031897831242e-13;3.0595970201829916e-13;6.420464160328265e-13;1.1263523447269109e-12;140.3780735862511;100.0;94.593727222177;100.0;93.978505045281;36.05208909626543;8.542722701708442;9.457047529433908;55.63961046153361;13.444993598904944;4.43779649362159;2.902027664377954;10.166953587258831;50.53159695990621;6.345484139933774;9.64133610185678;4.0;1.0700000000000007;69737.92950410675;8853.674782765509;7.876721385775095;2.902027664377954;deltaT_des_2_K;desorber;True;True;True;True;True;True;True;True;89.83304641274117;2659.257998476689;0.04064138870924272;69737.92950410675;0.0;0.0;135.0;4.0;140.3780735862511;4.0;100.0;4.0;94.593727222177;4.0;100.0;4.0;93.978505045281;4.0;30.0;4.0;36.05208909626543;4.0;89.83304641274117;2659.257998476689;0.00881875483698409;69737.92950410675;0.0;0.0;91.69169955779904;246.06885879383984;1.1106413887092434;8853.674782765509;0.6051288628003274;0.24120564740367711;148.92079628795955;338.5725543201916;1.0788187548369848;69737.92950410675;0.6229787510777657;0.25526009890190005;89.83304641274117;2659.257998476689;0.03182263387225863;69737.92950410675;0.0;0.0;105.22225284371632;246.06885879383984;1.1106413887092434;69737.92950410675;0.6051288628003274;0.24120564740367711;144.4570475294339;324.1024766665054;1.1106413887092434;69737.92950410675;0.6051288628003274;0.24120564740367711;138.11156338950013;319.4458664830441;1.0700000000000007;69737.92950410675;0.6281132341388789;0.2594494850221622;95.58091674185954;238.4483284268654;1.0700000000000007;69737.92950410675;0.6281132341388789;0.2594494850221622;95.56220350637841;238.41323851663918;1.0700000000000007;8853.674782765509;0.6281132341388789;0.2594494850221622;91.69169955779904;2671.783079513502;0.04064138870924272;8853.674782765509;0.0;0.0;43.444993598904944;181.93386659660555;0.04064138870924272;8853.674782765509;0.0;0.0;43.44690808537479;181.99531527499116;0.04064138870924272;69737.92950410675;0.0;0.0;"Zustand 3: Temperatur 417.607 K liegt außerhalb des Boryta-Prüfbereichs; Kristallisation wurde nicht bewertet.";"Zustand 4: Temperatur 411.262 K liegt außerhalb des Boryta-Prüfbereichs; Kristallisation wurde nicht bewertet.";Zustand 5: Kristallisationsprüfung bestanden (w_LiBr=0.6281 <= w_crit=0.6925, T=368.73 K >= T_crit=305.95 K).;Zustand 6: Kristallisationsprüfung bestanden (w_LiBr=0.6281 <= w_crit=0.6925, T=368.71 K >= T_crit=305.95 K).;"Zustand 20: Temperatur 422.071 K liegt außerhalb des Boryta-Prüfbereichs; Kristallisation wurde nicht bewertet.";5
parallel;Parallel (T13 = T15);parallel;100.0;100.0;30.0;100.0;4.0;4.0;4.0;100.0;1.0800000000000005;Abwärmetemperatur [°C];hot_temperature_C;100.0;10.0;10.0;25.0;15.0;11.0;nan;nan;1.9108907159307617e-24;`gtol` termination condition is satisfied.;4;1.5693196345944382e-10;1.9549377053659594e-12;1;True;;True;0;zulässig;feasible;True;True;True;89.82254329736651;105.25806181011916;138.03969968614604;43.459291280889715;0.21933609603249687;0.25514934944083684;0.24125255025448605;0.2593466446219575;89.74572601130359;101.29853819988114;90.22048023002941;100.78340391826731;87.37006226341923;0.4698633559808888;26.545647314849422;40.367567345173654;0.002498618124662961;0.03788144475166642;8.974572601117366;10.12985381998464;3.608819209201204;6.718893594546396;7.9427329330367265;91.72266789175154;0.009679352085193191;2671.841108790611;246.1642907402127;222.45582821725344;0.010847501168897988;1.1098371348917895;0.6111051931773512;0.24582534968733338;-1.1596057447604835e-11;1.5234036254696548e-11;3.2798652682686225e-11;1.25910393222739e-12;-6.821210263296962e-13;3.47313289239537e-11;7.138112323445966e-11;1.2992984466109192e-10;-1.1596057447604835e-13;1.523403625469655e-13;3.279865268268622e-13;1.16583697428462e-12;-6.8212102632969615e-15;3.47313289239537e-13;7.138112323445966e-13;1.2992984466109193e-12;140.36756734517365;100.0;94.6040382637542;100.0;93.97228445464907;36.0585250119546;8.506145132444033;9.459889589354873;55.66414287979694;13.459291280889715;4.449474371650524;2.8813703720026638;10.177456702633492;50.511079184693415;6.420189903208836;9.688834685716074;4.0;1.0800000000000005;69710.08602524802;8860.259409976548;7.867725175941833;2.8813703720026638;deltaT_des_2_K;desorber;True;True;True;True;True;True;True;True;89.82254329736651;2659.240881453577;0.04068463606068695;69710.08602524802;0.0;0.0;135.0;4.0;140.36756734517365;4.0;100.0;4.0;94.6040382637542;4.0;100.0;4.0;93.97228445464907;4.0;30.0;4.0;36.0585250119546;4.0;89.82254329736651;2659.240881453577;0.008923609242054018;69710.08602524802;0.0;0.0;91.72266789175154;246.16429074021434;1.1206846360606875;8860.259409976548;0.6051900908514977;0.24125255025448605;148.8737124776177;338.4333875885805;1.0889236092420544;69710.08602524802;0.6228418880404899;0.25514934944083684;89.82254329736651;2659.240881453577;0.03176102681863294;69710.08602524802;0.0;0.0;105.25806181011916;246.16429074021434;1.1206846360606875;69710.08602524802;0.6051900908514977;0.24125255025448605;144.45988958935487;324.12561853224446;1.1206846360606875;69710.08602524802;0.6051900908514977;0.24125255025448605;138.03969968614604;319.25748092075725;1.0800000000000005;69710.08602524802;0.6279881821420784;0.2593466446219575;95.56922712440308;238.3592751212843;1.0800000000000005;69710.08602524802;0.6279881821420784;0.2593466446219575;95.55052562834948;238.3241997094772;1.0800000000000005;8860.259409976548;0.6279881821420784;0.2593466446219575;91.72266789175154;2671.841108790611;0.04068463606068695;8860.259409976548;0.0;0.0;43.459291280889715;181.9936378981621;0.04068463606068695;8860.259409976548;0.0;0.0;43.461205269955656;182.05505219030263;0.04068463606068695;69710.08602524802;0.0;0.0;"Zustand 3: Temperatur 417.610 K liegt außerhalb des Boryta-Prüfbereichs; Kristallisation wurde nicht bewertet.";"Zustand 4: Temperatur 411.190 K liegt außerhalb des Boryta-Prüfbereichs; Kristallisation wurde nicht bewertet.";Zustand 5: Kristallisationsprüfung bestanden (w_LiBr=0.6280 <= w_crit=0.6925, T=368.72 K >= T_crit=305.92 K).;Zustand 6: Kristallisationsprüfung bestanden (w_LiBr=0.6280 <= w_crit=0.6925, T=368.70 K >= T_crit=305.92 K).;"Zustand 20: Temperatur 422.024 K liegt außerhalb des Boryta-Prüfbereichs; Kristallisation wurde nicht bewertet.";5
parallel;Parallel (T13 = T15);parallel;100.0;100.0;30.0;100.0;4.0;4.0;4.0;100.0;1.0900000000000007;Abwärmetemperatur [°C];hot_temperature_C;100.0;10.0;10.0;25.0;15.0;11.0;nan;nan;2.4821627425200796e-24;`gtol` termination condition is satisfied.;4;1.7028429013158033e-10;2.2280766335654076e-12;1;True;;True;0;zulässig;feasible;True;True;True;89.81197276130587;105.29432685460614;137.9677132680158;43.47367680023342;0.221693901171917;0.255039726372829;0.24129793745064418;0.2592450896227627;89.5687964570779;101.40680779969418;90.04680835221251;100.88807983451527;88.06931621171353;0.4691064965009573;26.762807530243887;40.35698543403578;0.002499882118580121;0.03821618792043027;8.956879645694373;10.140680779966091;3.601872334086546;6.7258719889630445;8.006301473788726;91.75336674740481;0.009682258647121156;2671.898619925875;246.25980829971672;222.54452846783556;0.010948002538297974;1.1197801609314069;0.6111668045398982;0.24587341728529089;-5.272227099339943e-12;3.7545078157563694e-11;3.490185918053612e-11;1.5663026431411708e-12;4.885691851086449e-11;3.326761088828789e-11;6.960476639505941e-11;1.3416467936622212e-10;-5.2722270993399433e-14;3.7545078157563696e-13;3.490185918053612e-13;1.436974901964376e-12;4.885691851086449e-13;3.326761088828789e-13;6.960476639505941e-13;1.3416467936622211e-12;140.35698543403578;100.0;94.61442533778632;100.0;93.9660239333424;36.06500046648887;8.469912462267587;9.462163490317835;55.68836628091594;13.47367680023342;4.460702917650337;2.8610585903815036;10.188027238694133;50.490433645297344;6.494450222302021;9.736340067991534;4.0;1.0900000000000007;69682.07317590968;8866.888746313394;7.858683600251728;2.8610585903815036;deltaT_des_2_K;desorber;True;True;True;True;True;True;True;True;89.81197276130587;2659.2236540280314;0.04072816346970409;69682.07317590968;0.0;0.0;135.0;4.0;140.35698543403578;4.0;100.0;4.0;94.61442533778632;4.0;100.0;4.0;93.9660239333424;4.0;30.0;4.0;36.06500046648887;4.0;89.81197276130587;2659.2236540280314;0.00902918544716626;69682.07317590968;0.0;0.0;91.75336674740481;246.25980829971658;1.1307281634697048;8866.888746313394;0.6052493294618084;0.24129793745064418;148.82689789630336;338.29523929027863;1.099029185447167;69682.07317590968;0.6227063592161121;0.255039726372829;89.81197276130587;2659.2236540280314;0.031698978022537835;69682.07317590968;0.0;0.0;105.29432685460614;246.25980829971658;1.1307281634697048;69682.07317590968;0.6052493294618084;0.24129793745064418;144.46216349031783;324.1470663135859;1.1307281634697048;69682.07317590968;0.6052493294618084;0.24129793745064418;137.9677132680158;319.06946583502184;1.0900000000000007;69682.07317590968;0.6278646447189179;0.2592450896227627;95.5579867866146;238.27192802610557;1.0900000000000007;69682.07317590968;0.6278646447189179;0.2592450896227627;95.53929708234966;238.2368673032428;1.0900000000000007;8866.888746313394;0.6278646447189179;0.2592450896227627;91.75336674740481;2671.898619925875;0.04072816346970409;8866.888746313394;0.0;0.0;43.47367680023342;182.05377643995982;0.04072816346970409;8866.888746313394;0.0;0.0;43.475590288045055;182.1151561316918;0.04072816346970409;69682.07317590968;0.0;0.0;"Zustand 3: Temperatur 417.612 K liegt außerhalb des Boryta-Prüfbereichs; Kristallisation wurde nicht bewertet.";"Zustand 4: Temperatur 411.118 K liegt außerhalb des Boryta-Prüfbereichs; Kristallisation wurde nicht bewertet.";Zustand 5: Kristallisationsprüfung bestanden (w_LiBr=0.6279 <= w_crit=0.6925, T=368.71 K >= T_crit=305.88 K).;Zustand 6: Kristallisationsprüfung bestanden (w_LiBr=0.6279 <= w_crit=0.6925, T=368.69 K >= T_crit=305.88 K).;"Zustand 20: Temperatur 421.977 K liegt außerhalb des Boryta-Prüfbereichs; Kristallisation wurde nicht bewertet.";5
