config_case_key;config_case_label;config_routing_mode;input_fixed_T13_C;input_fixed_T15_C;input_fixed_T17_C;input_fixed_hot_C;input_fixed_m13_kg_s;input_fixed_m15_kg_s;input_fixed_m17_kg_s;input_hot_variation_C;input_m6_kg_s;input_outer_variation_label;input_outer_variation_mode;input_outer_variation_value;input_scaled_UA_abs;input_scaled_UA_cond;input_scaled_UA_des;input_scaled_UA_evap;input_scaled_UA_shex;input_ua_scale_factor;input_ua_scale_percent;solve_cost;solve_message;solve_nfev;solve_raw_residual_norm;solve_scaled_residual_norm;solve_status;solve_success;status_final_evaluation_error;status_final_point_evaluable;failure_code;failure_label;failure_reason;feasible_margin;feasible_numeric;feasible_physical;primary_T10_C;primary_T2_C;primary_T4_C;primary_T8_C;primary_beta;primary_x20;primary_x3;primary_x6;heat_Q_abs_kW;heat_Q_cond_kW;heat_Q_des_kW;heat_Q_evap_kW;heat_Q_shex_kW;kpi_COP;kpi_FR;kpi_GTL_K;pump_W_ref_pump_kW;pump_W_sol_pump_kW;lmtd_LMTD_abs_K;lmtd_LMTD_cond_K;lmtd_LMTD_des_K;lmtd_LMTD_evap_K;lmtd_LMTD_shex_K;flash_T1_C;flash_flash_fraction;flash_h1_flash_kJ_kg;flash_h1_mix_kJ_kg;flash_h1_sol_kJ_kg;flash_m1_flash_kg_s;flash_m1_sol_kg_s;flash_w1_LiBr;flash_x1_LiBr_mol;residual_raw_R1_SHEX_energy;residual_raw_R2_SHEX_UA;residual_raw_R3_preabs_energy;residual_raw_R4_preabs_LiBr;residual_raw_R5_desorber_UA;residual_raw_R6_condenser_UA;residual_raw_R7_evaporator_UA;residual_raw_R8_absorber_UA;residual_scaled_R1_SHEX_energy;residual_scaled_R2_SHEX_UA;residual_scaled_R3_preabs_energy;residual_scaled_R4_preabs_LiBr;residual_scaled_R5_desorber_UA;residual_scaled_R6_condenser_UA;residual_scaled_R7_evaporator_UA;residual_scaled_R8_absorber_UA;diagnostic_T12_C;diagnostic_T13_C;diagnostic_T14_C;diagnostic_T15_C;diagnostic_T16_C;diagnostic_T18_C;diagnostic_deltaT_abs_1_K;diagnostic_deltaT_abs_2_K;diagnostic_deltaT_cond_1_K;diagnostic_deltaT_cond_2_K;diagnostic_deltaT_des_1_K;diagnostic_deltaT_des_2_K;diagnostic_deltaT_evap_1_K;diagnostic_deltaT_evap_2_K;diagnostic_deltaT_shex_1_K;diagnostic_deltaT_shex_2_K;diagnostic_m11_kg_s;diagnostic_m6_kg_s;diagnostic_p_high_Pa;diagnostic_p_low_Pa;diagnostic_pressure_ratio_high_over_low;pinch_deltaT_min_global_K;pinch_limiting_key;pinch_limiting_unit;check_beta_in_0_1;check_crystallization_safe_all_checked_states;check_desorber_evaporator_temperature_coupling_ok;check_m21_nonnegative;check_m7_positive;check_p_high_gt_p_low;check_w6_gt_w20_gt_w3;check_w6_gt_w3;state_10_T_C;state_10_h_kJ_kg;state_10_m_kg_s;state_10_p_Pa;state_10_w_LiBr;state_10_x_LiBr_mol;state_11_T_C;state_11_m_kg_s;state_12_T_C;state_12_m_kg_s;state_13_T_C;state_13_m_kg_s;state_14_T_C;state_14_m_kg_s;state_15_T_C;state_15_m_kg_s;state_16_T_C;state_16_m_kg_s;state_17_T_C;state_17_m_kg_s;state_18_T_C;state_18_m_kg_s;state_19_T_C;state_19_h_kJ_kg;state_19_m_kg_s;state_19_p_Pa;state_19_w_LiBr;state_19_x_LiBr_mol;state_1_T_C;state_1_h_kJ_kg;state_1_m_kg_s;state_1_p_Pa;state_1_w_LiBr;state_1_x_LiBr_mol;state_20_T_C;state_20_h_kJ_kg;state_20_m_kg_s;state_20_p_Pa;state_20_w_LiBr;state_20_x_LiBr_mol;state_21_T_C;state_21_h_kJ_kg;state_21_m_kg_s;state_21_p_Pa;state_21_w_LiBr;state_21_x_LiBr_mol;state_2_T_C;state_2_h_kJ_kg;state_2_m_kg_s;state_2_p_Pa;state_2_w_LiBr;state_2_x_LiBr_mol;state_3_T_C;state_3_h_kJ_kg;state_3_m_kg_s;state_3_p_Pa;state_3_w_LiBr;state_3_x_LiBr_mol;state_4_T_C;state_4_h_kJ_kg;state_4_m_kg_s;state_4_p_Pa;state_4_w_LiBr;state_4_x_LiBr_mol;state_5_T_C;state_5_h_kJ_kg;state_5_m_kg_s;state_5_p_Pa;state_5_w_LiBr;state_5_x_LiBr_mol;state_6_T_C;state_6_h_kJ_kg;state_6_m_kg_s;state_6_p_Pa;state_6_w_LiBr;state_6_x_LiBr_mol;state_7_T_C;state_7_h_kJ_kg;state_7_m_kg_s;state_7_p_Pa;state_7_w_LiBr;state_7_x_LiBr_mol;state_8_T_C;state_8_h_kJ_kg;state_8_m_kg_s;state_8_p_Pa;state_8_w_LiBr;state_8_x_LiBr_mol;state_9_T_C;state_9_h_kJ_kg;state_9_m_kg_s;state_9_p_Pa;state_9_w_LiBr;state_9_x_LiBr_mol;validity_message_1;validity_message_2;validity_message_3;validity_message_4;validity_message_5;validity_message_count
parallel;Parallel (T13 = T15);parallel;120.0;120.0;30.0;120.0;4.0;4.0;4.0;120.0;0.4;Abwärmetemperatur [°C];hot_temperature_C;120.0;10.0;10.0;25.0;15.0;11.0;nan;nan;2.6245276589276526e-21;`gtol` termination condition is satisfied.;5;7.2438175525669896e-09;7.2450364511542e-11;1;True;;True;0;zulässig;feasible_but_near_limit_shex;False;True;True;101.89914401512698;125.50023221586986;147.84669622696845;53.818890033018704;0.09268359177599846;0.28093116777701277;0.20997547078725315;0.290975455724792;184.22736582941505;179.26788948491946;184.22184074724885;179.24575198801435;22.664623813246024;0.5068605001150671;5.474375883113414;26.018383123768842;0.006934367679045355;0.020728211393807306;18.42273658294029;17.926788948492266;7.368873629889951;11.949716799201486;2.060420347317257;95.7737865036948;0.02395162675147337;2678.7645331550907;275.5126221277273;216.5382983745789;0.011330740739189438;0.4617369492661432;0.5754397075544629;0.21944861959241344;1.5027978861326119e-12;-7.2438020026766026e-09;-5.115907697472721e-13;-1.3289924716275436e-12;8.526512829121202e-14;-3.183231456205249e-12;-7.929656931082718e-12;1.2164491636212915e-11;1.502797886132612e-14;-7.243802002676603e-11;-5.115907697472721e-15;-1.3289924716275436e-12;8.526512829121202e-16;-3.183231456205249e-14;-7.929656931082718e-14;1.2164491636212916e-13;146.01838312376884;120.0;108.98194732372912;120.0;109.27956028779818;40.72176372517458;25.230882009005654;12.965612718119075;55.05202277852021;23.818890033018704;3.572172323055554;13.208160820034323;18.10085598487302;55.45708296854639;0.11891649115062819;9.04334470670807;4.0;0.4;108487.30001891029;14891.455226250471;7.285204727854282;0.11891649115062819;deltaT_shex_1_K;shex;True;True;True;True;True;True;True;True;101.89914401512698;2678.556464045133;0.07306769000533264;108487.30001891029;0.0;0.0;135.0;4.0;146.01838312376884;4.0;120.0;4.0;108.98194732372912;4.0;120.0;4.0;109.27956028779818;4.0;30.0;4.0;40.72176372517458;4.0;101.89914401512698;2678.556464045133;0.006772175952469453;108487.30001891029;0.0;0.0;95.7737865036948;275.5126221277265;0.47306769000533266;14891.455226250471;0.5616569904611415;0.20997547078725315;171.2492651327745;392.4846415136827;0.40677217595246945;108487.30001891029;0.6531955496512993;0.28093116777701277;101.89914401512698;2678.556464045133;0.06629551405286319;108487.30001891029;0.0;0.0;125.50023221586986;275.5126221277265;0.47306769000533266;108487.30001891029;0.5616569904611415;0.20997547078725315;147.96561271811908;323.42251809418013;0.47306769000533266;108487.30001891029;0.5616569904611415;0.20997547078725315;147.84669622696845;353.7804399582676;0.4;108487.30001891029;0.6642544376319983;0.290975455724792;116.45688750916179;297.1188804251563;0.4;108487.30001891029;0.6642544376319983;0.290975455724792;116.42782767694445;297.06705989667176;0.4;14891.455226250471;0.6642544376319983;0.290975455724792;95.7737865036948;2678.7645331550907;0.07306769000533264;14891.455226250471;0.0;0.0;53.818890033018704;225.31500612288104;0.07306769000533264;14891.455226250471;0.0;0.0;53.82247731925179;225.40990946084807;0.07306769000533264;108487.30001891029;0.0;0.0;"Zustand 3: Temperatur 421.116 K liegt außerhalb des Boryta-Prüfbereichs; Kristallisation wurde nicht bewertet.";"Zustand 4: Temperatur 420.997 K liegt außerhalb des Boryta-Prüfbereichs; Kristallisation wurde nicht bewertet.";"Zustand 5: Temperatur 389.607 K liegt außerhalb des Boryta-Prüfbereichs; Kristallisation wurde nicht bewertet.";"Zustand 6: Temperatur 389.578 K liegt außerhalb des Boryta-Prüfbereichs; Kristallisation wurde nicht bewertet.";"Zustand 20: Temperatur 444.399 K liegt außerhalb des Boryta-Prüfbereichs; Kristallisation wurde nicht bewertet.";5
parallel;Parallel (T13 = T15);parallel;120.0;120.0;30.0;120.0;4.0;4.0;4.0;120.0;0.41000000000000003;Abwärmetemperatur [°C];hot_temperature_C;120.0;10.0;10.0;25.0;15.0;11.0;nan;nan;1.0361263239985256e-21;`gtol` termination condition is satisfied.;5;4.551278271037443e-09;4.552200180129441e-11;1;True;;True;0;zulässig;feasible_but_near_limit_shex;False;True;True;101.86029591967429;125.3236496949732;148.0531805764491;53.87568752144841;0.0931508226747946;0.28031777440362776;0.21076829794797014;0.2901526002748311;184.6096670037204;179.6953638913564;184.6464173074797;179.63044960057886;23.533647199969693;0.5067839431327789;5.598537354571256;26.041248026538312;0.006936215074490421;0.021227771944617592;18.460966700371305;17.969536389135854;7.385856692299304;11.9753633067056;2.139422473138269;96.04967142817156;0.023526895235208317;2679.2872621710426;275.3115442755184;217.39076326584976;0.011368981889017526;0.47186443141762613;0.576392409730722;0.2201175110041307;8.064660050877137e-13;-4.5512678070736e-09;-5.684341886080801e-13;-9.161560399206792e-13;-2.8705926524708048e-12;-2.1316282072803006e-12;-5.144329406903125e-12;7.361222742474638e-12;8.064660050877137e-15;-4.5512678070736e-11;-5.684341886080802e-15;-9.161560399206792e-13;-2.870592652470805e-14;-2.1316282072803006e-14;-5.1443294069031255e-14;7.361222742474638e-14;146.0412480265383;120.0;108.9565539887871;120.0;109.25655205738167;40.74733037627732;24.969357196615533;13.195645660659466;55.302341051894246;23.875687521448413;3.7214178550709676;12.906882560615543;18.139704080325714;55.37728103078581;0.14246508421035742;9.016078920209793;4.0;0.41000000000000003;108338.71760565622;14932.360956723294;7.255297264755492;0.14246508421035742;deltaT_shex_1_K;shex;True;True;True;True;True;True;True;True;101.86029591967429;2678.4955733355064;0.07323341330664362;108338.71760565622;0.0;0.0;135.0;4.0;146.0412480265383;4.0;120.0;4.0;108.9565539887871;4.0;120.0;4.0;109.25655205738167;4.0;30.0;4.0;40.74733037627732;4.0;101.86029591967429;2678.4955733355064;0.006821752696797104;108338.71760565622;0.0;0.0;96.04967142817156;275.3115442755192;0.48323341330664366;14932.360956723294;0.5628316858926181;0.21076829794797014;171.01060522315385;391.7734893843842;0.4168217526967971;108338.71760565622;0.6525069167630047;0.28031777440362776;101.86029591967429;2678.4955733355064;0.06641166060984652;108338.71760565622;0.0;0.0;125.3236496949732;275.3115442755192;0.48323341330664366;108338.71760565622;0.5628316858926181;0.21076829794797014;148.19564566065947;324.0119167082426;0.48323341330664366;108338.71760565622;0.5628316858926181;0.21076829794797014;148.0531805764491;353.7260441575071;0.41000000000000003;108338.71760565622;0.6633636016854209;0.2901526002748311;116.3075707747634;296.32690464538786;0.41000000000000003;108338.71760565622;0.6633636016854209;0.2901526002748311;116.27858214492903;296.2751295918644;0.41000000000000003;14932.360956723294;0.6633636016854209;0.2901526002748311;96.04967142817156;2679.2872621710426;0.07323341330664362;14932.360956723294;0.0;0.0;53.87568752144841;225.5526104904723;0.07323341330664362;14932.360956723294;0.0;0.0;53.87927102659586;225.64732429338417;0.07323341330664362;108338.71760565622;0.0;0.0;"Zustand 3: Temperatur 421.346 K liegt außerhalb des Boryta-Prüfbereichs; Kristallisation wurde nicht bewertet.";"Zustand 4: Temperatur 421.203 K liegt außerhalb des Boryta-Prüfbereichs; Kristallisation wurde nicht bewertet.";"Zustand 5: Temperatur 389.458 K liegt außerhalb des Boryta-Prüfbereichs; Kristallisation wurde nicht bewertet.";"Zustand 6: Temperatur 389.429 K liegt außerhalb des Boryta-Prüfbereichs; Kristallisation wurde nicht bewertet.";"Zustand 20: Temperatur 444.161 K liegt außerhalb des Boryta-Prüfbereichs; Kristallisation wurde nicht bewertet.";5
parallel;Parallel (T13 = T15);parallel;120.0;120.0;30.0;120.0;4.0;4.0;4.0;120.0;0.42000000000000004;Abwärmetemperatur [°C];hot_temperature_C;120.0;10.0;10.0;25.0;15.0;11.0;nan;nan;4.236279779468535e-22;`gtol` termination condition is satisfied.;5;2.9100840034540266e-09;2.910766146384328e-11;1;True;;True;0;zulässig;feasible_but_near_limit_shex;False;True;True;101.82400556990291;125.14977294226156;148.24881987526283;53.9288647165331;0.0936189348194267;0.2797216696957083;0.21153015215555881;0.28935650269474816;184.96049134853243;180.09559091782023;185.0375970663237;179.98981885030534;24.407042406406134;0.5067030126602238;5.722984881231077;26.062230343811734;0.0069378872499365795;0.021728462474231113;18.49604913485262;18.00955909178212;7.401503882652894;11.99932125668729;2.2188220372105643;96.31252902798292;0.0231190731750877;2679.785413790647;275.1161084631324;218.20668981735483;0.01140667968078174;0.4819815973662919;0.5773035038067647;0.22075893137477504;6.039613253960852e-13;-2.9100739595833147e-09;-3.126388037344441e-13;-6.301625887772389e-13;1.3642420526593924e-12;-9.663381206337363e-13;-4.007461029686965e-12;6.224354365258478e-12;6.0396132539608514e-15;-2.9100739595833148e-11;-3.126388037344441e-15;-6.301625887772389e-13;1.3642420526593923e-14;-9.663381206337363e-15;-4.007461029686965e-14;6.224354365258477e-14;146.06223034381173;120.0;108.93315807019593;120.0;109.23505868120185;40.77126739939115;24.718140840383512;13.41758136104994;55.54126162859177;23.9288647165331;3.868386843769713;12.620629042213011;18.17599443009709;55.30261399816777;0.16876148578711536;8.989238014578575;4.0;0.42000000000000004;108200.06987303254;14970.746399127038;7.227433221321672;0.16876148578711536;deltaT_shex_1_K;shex;True;True;True;True;True;True;True;True;101.82400556990291;2678.4386839825393;0.07338827704707362;108200.06987303254;0.0;0.0;135.0;4.0;146.06223034381173;4.0;120.0;4.0;108.93315807019593;4.0;120.0;4.0;109.23505868120185;4.0;30.0;4.0;40.77126739939115;4.0;101.82400556990291;2678.4386839825393;0.006870532325380014;108200.06987303254;0.0;0.0;96.31252902798292;275.1161084631309;0.49338827704707366;14970.746399127038;0.5639567818580216;0.21153015215555881;170.78037118419525;391.08554754102323;0.4268705323253801;108200.06987303254;0.6518361982374489;0.2797216696957083;101.82400556990291;2678.4386839825393;0.06651774472169361;108200.06987303254;0.0;0.0;125.14977294226156;275.1161084631309;0.49338827704707366;108200.06987303254;0.5639567818580216;0.21153015215555881;148.41758136104994;324.5843336761055;0.49338827704707366;108200.06987303254;0.5639567818580216;0.21153015215555881;148.24881987526283;353.66808643749675;0.42000000000000004;108200.06987303254;0.6624992022141467;0.28935650269474816;116.16053492768299;295.5560807079598;0.42000000000000004;108200.06987303254;0.6624992022141467;0.28935650269474816;116.13161315623029;295.50434627349733;0.42000000000000004;14970.746399127038;0.6624992022141467;0.28935650269474816;96.31252902798292;2679.785413790647;0.07338827704707362;14970.746399127038;0.0;0.0;53.9288647165331;225.77507093573723;0.07338827704707362;14970.746399127038;0.0;0.0;53.93244468303408;225.8696076591636;0.07338827704707362;108200.06987303254;0.0;0.0;"Zustand 3: Temperatur 421.568 K liegt außerhalb des Boryta-Prüfbereichs; Kristallisation wurde nicht bewertet.";"Zustand 4: Temperatur 421.399 K liegt außerhalb des Boryta-Prüfbereichs; Kristallisation wurde nicht bewertet.";"Zustand 5: Temperatur 389.311 K liegt außerhalb des Boryta-Prüfbereichs; Kristallisation wurde nicht bewertet.";"Zustand 6: Temperatur 389.282 K liegt außerhalb des Boryta-Prüfbereichs; Kristallisation wurde nicht bewertet.";"Zustand 20: Temperatur 443.930 K liegt außerhalb des Boryta-Prüfbereichs; Kristallisation wurde nicht bewertet.";5
parallel;Parallel (T13 = T15);parallel;120.0;120.0;30.0;120.0;4.0;4.0;4.0;120.0;0.43000000000000005;Abwärmetemperatur [°C];hot_temperature_C;120.0;10.0;10.0;25.0;15.0;11.0;nan;nan;1.8104353446619523e-22;`gtol` termination condition is satisfied.;5;1.902356018284233e-09;1.902858557361504e-11;1;True;;True;0;zulässig;feasible_but_near_limit_shex;False;True;True;101.79005829639107;124.97894949466269;148.4338974725115;53.978718970480884;0.09408946942415945;0.27914213541774713;0.21226260733610552;0.2885860207809016;185.28206200383718;180.4708085234559;185.39771537425761;180.32598552516822;25.284173346234585;0.5066175956006467;5.847699676679429;26.081463038507025;0.006939404282442948;0.02223022358532177;18.52820620038329;18.047080852345534;7.415908614970364;12.021732368344601;2.298561213466994;96.56320783093622;0.022727429876670466;2680.260581550446;274.9266220015758;218.98822715977417;0.011444015222040249;0.49208917283049197;0.5781754945546176;0.22137442396065257;4.973799150320701e-13;-1.9023502773052314e-09;5.684341886080802e-14;-4.3731684939984916e-13;-1.5063505998114124e-12;5.684341886080801e-13;-7.958078640513122e-13;4.263256414560601e-12;4.973799150320701e-15;-1.9023502773052315e-11;5.684341886080802e-16;-4.3731684939984916e-13;-1.5063505998114125e-14;5.684341886080802e-15;-7.958078640513123e-15;4.263256414560601e-14;146.08146303850702;120.0;108.91161989388411;120.0;109.21495301882965;40.79370864374738;24.476618511257698;13.631749206400343;55.76949918718884;23.978718970480884;4.0129800573602665;12.348412062947887;18.209941703608933;55.23265739754095;0.1978517338888537;8.963070647578206;4.0;0.43000000000000005;108070.506752367;15006.809811206154;7.201431091081507;0.1978517338888537;deltaT_shex_1_K;shex;True;True;True;True;True;True;True;True;101.79005829639107;2678.385460973507;0.07353318805253217;108070.506752367;0.0;0.0;135.0;4.0;146.08146303850702;4.0;120.0;4.0;108.91161989388411;4.0;120.0;4.0;109.21495301882965;4.0;30.0;4.0;40.79370864374738;4.0;101.79005829639107;2678.385460973507;0.006918698648929693;108070.506752367;0.0;0.0;96.56320783093622;274.92662200157645;0.5035331880525322;15006.809811206154;0.5650350515457183;0.21226260733610552;170.55808154976472;390.4196236639463;0.43691869864892974;108070.506752367;0.6511827068662278;0.27914213541774713;101.79005829639107;2678.385460973507;0.06661448940360248;108070.506752367;0.0;0.0;124.97894949466269;274.92662200157645;0.5035331880525322;108070.506752367;0.5650350515457183;0.21226260733610552;148.63174920640034;325.14014108265985;0.5035331880525322;108070.506752367;0.5650350515457183;0.21226260733610552;148.4338974725115;353.6062605304791;0.43000000000000005;108070.506752367;0.6616602345726567;0.2885860207809016;116.01587884708448;294.8058573997022;0.43000000000000005;108070.506752367;0.6616602345726567;0.2885860207809016;115.98701994263973;294.7541592053177;0.43000000000000005;15006.809811206154;0.6616602345726567;0.2885860207809016;96.56320783093622;2680.260581550446;0.07353318805253217;15006.809811206154;0.0;0.0;53.978718970480884;225.9836311953576;0.07353318805253217;15006.809811206154;0.0;0.0;53.9822956212887;226.07800224693617;0.07353318805253217;108070.506752367;0.0;0.0;"Zustand 3: Temperatur 421.782 K liegt außerhalb des Boryta-Prüfbereichs; Kristallisation wurde nicht bewertet.";"Zustand 4: Temperatur 421.584 K liegt außerhalb des Boryta-Prüfbereichs; Kristallisation wurde nicht bewertet.";"Zustand 5: Temperatur 389.166 K liegt außerhalb des Boryta-Prüfbereichs; Kristallisation wurde nicht bewertet.";"Zustand 6: Temperatur 389.137 K liegt außerhalb des Boryta-Prüfbereichs; Kristallisation wurde nicht bewertet.";"Zustand 20: Temperatur 443.708 K liegt außerhalb des Boryta-Prüfbereichs; Kristallisation wurde nicht bewertet.";5
parallel;Parallel (T13 = T15);parallel;120.0;120.0;30.0;120.0;4.0;4.0;4.0;120.0;0.44000000000000006;Abwärmetemperatur [°C];hot_temperature_C;120.0;10.0;10.0;25.0;15.0;11.0;nan;nan;8.002541603268989e-23;`gtol` termination condition is satisfied.;5;1.2647471654120508e-09;1.2651119794918542e-11;1;True;;True;0;zulässig;feasible_but_near_limit_shex;False;True;True;101.75825825066528;124.81147695798802;148.60870603813106;54.025522027285945;0.09456385967024417;0.27857848996718265;0.21296714216486864;0.2878400675385611;185.5764053220363;180.82306193254456;185.72890443805392;180.64088903658768;26.164441508846096;0.5065275812234259;5.972663586120915;26.09906730394954;0.00694078371070913;0.02273299622875385;18.55764053220328;18.082306193254663;7.429156177522134;12.04272593577278;2.3785855918282572;96.8024930058267;0.02235127188367237;2680.7142404901847;274.74334379955957;219.73738091169454;0.011481154901931356;0.5021878193598132;0.5790107047491365;0.2219654292829298;1.9895196601282805e-13;-1.2647340952298691e-09;1.4210854715202004e-13;-3.038125306886741e-13;5.684341886080801e-13;-2.0747847884194925e-12;-4.007461029686965e-12;3.495870259939693e-12;1.9895196601282807e-15;-1.264734095229869e-11;1.4210854715202005e-15;-3.038125306886741e-13;5.684341886080802e-15;-2.0747847884194925e-14;-4.007461029686965e-14;3.495870259939693e-14;146.09906730394954;120.0;108.8918119355231;120.0;109.19611907675909;40.81477643137231;24.244221918770506;13.838464695200457;55.987716574454396;24.025522027285945;4.155118565119949;12.08931892969639;18.24174174933472;55.16702350938323;0.22975865706939658;8.937795816109656;4.0;0.44000000000000006;107949.25514964067;15040.733636412326;7.177126977922459;0.22975865706939658;deltaT_shex_1_K;shex;True;True;True;True;True;True;True;True;101.75825825066528;2678.335598544885;0.07366897426174446;107949.25514964067;0.0;0.0;135.0;4.0;146.09906730394954;4.0;120.0;4.0;108.8918119355231;4.0;120.0;4.0;109.19611907675909;4.0;30.0;4.0;40.81477643137231;4.0;101.75825825066528;2678.335598544885;0.006966422544138432;107949.25514964067;0.0;0.0;96.8024930058267;274.74334379955866;0.5136689742617445;15040.733636412326;0.5660690790637318;0.21296714216486864;170.34328922272005;389.77460242976935;0.4469664225441385;107949.25514964067;0.6505457871962345;0.27857848996718265;101.75825825066528;2678.335598544885;0.06670255171760603;107949.25514964067;0.0;0.0;124.81147695798802;274.74334379955866;0.5136689742617445;107949.25514964067;0.5660690790637318;0.21296714216486864;148.83846469520046;325.67973049967065;0.5136689742617445;107949.25514964067;0.5660690790637318;0.21296714216486864;148.60870603813106;353.5403230730146;0.44000000000000006;107949.25514964067;0.6608457345544488;0.2878400675385611;115.87368114187836;294.075683280183;0.44000000000000006;107949.25514964067;0.6608457345544488;0.2878400675385611;115.84488143488005;294.0240173796631;0.44000000000000006;15040.733636412326;0.6608457345544488;0.2878400675385611;96.8024930058267;2680.7142404901847;0.07366897426174446;15040.733636412326;0.0;0.0;54.025522027285945;226.1794279097397;0.07366897426174446;15040.733636412326;0.0;0.0;54.02909556737586;226.273643741849;0.07366897426174446;107949.25514964067;0.0;0.0;"Zustand 3: Temperatur 421.988 K liegt außerhalb des Boryta-Prüfbereichs; Kristallisation wurde nicht bewertet.";"Zustand 4: Temperatur 421.759 K liegt außerhalb des Boryta-Prüfbereichs; Kristallisation wurde nicht bewertet.";"Zustand 5: Temperatur 389.024 K liegt außerhalb des Boryta-Prüfbereichs; Kristallisation wurde nicht bewertet.";"Zustand 6: Temperatur 388.995 K liegt außerhalb des Boryta-Prüfbereichs; Kristallisation wurde nicht bewertet.";"Zustand 20: Temperatur 443.493 K liegt außerhalb des Boryta-Prüfbereichs; Kristallisation wurde nicht bewertet.";5
parallel;Parallel (T13 = T15);parallel;120.0;120.0;30.0;120.0;4.0;4.0;4.0;120.0;0.45000000000000007;Abwärmetemperatur [°C];hot_temperature_C;120.0;10.0;10.0;25.0;15.0;11.0;nan;nan;3.6794225135263997e-23;`gtol` termination condition is satisfied.;5;8.575771937125995e-10;8.578371073259071e-12;1;True;;True;0;zulässig;feasible_but_near_limit_shex;False;True;True;101.7284266221397;124.64760635892134;148.77354624473588;54.0695223954196;0.09504342907927872;0.27803008638844273;0.21364514621383401;0.2871176079020334;185.84537153753516;181.1542214920768;186.03311419032332;180.93630007640652;27.047285956925215;0.5064328641908408;6.0978590838073625;26.115153800091832;0.006942040886898582;0.023236721995489443;18.584537153753274;18.115422149207898;7.441324567612986;12.062420005094026;2.4588441779802523;97.0311112901224;0.021989939520492722;2681.147756311483;274.5664847549298;220.4560223464626;0.011518250983622691;0.5122781411296288;0.5798112891212428;0.22253329189436682;2.913225216616411e-13;-8.575611332162225e-10;2.5579538487363607e-13;-2.1116441928370477e-13;-1.3358203432289883e-12;-2.1884716261411086e-12;-3.865352482534945e-12;2.4158453015843406e-12;2.9132252166164106e-15;-8.575611332162226e-12;2.5579538487363606e-15;-2.1116441928370477e-13;-1.3358203432289883e-14;-2.1884716261411086e-14;-3.865352482534945e-14;2.4158453015843406e-14;146.11515380009183;120.0;108.87361757234908;120.0;109.17845095236805;40.8345826251242;24.020424842409057;14.038029673650101;56.1965286649982;24.069522395419597;4.294741348186221;11.84250628222668;18.271573377860307;55.10535793907849;0.26448342891421817;8.913603821949096;4.0;0.45000000000000007;107835.61129589516;15072.685792776127;7.154372669771796;0.26448342891421817;deltaT_shex_1_K;shex;True;True;True;True;True;True;True;True;101.7284266221397;2678.288817429219;0.0737963921132514;107835.61129589516;0.0;0.0;135.0;4.0;146.11515380009183;4.0;120.0;4.0;108.87361757234908;4.0;120.0;4.0;109.17845095236805;4.0;30.0;4.0;40.8345826251242;4.0;101.7284266221397;2678.288817429219;0.007013862160122453;107835.61129589516;0.0;0.0;97.0311112901224;274.56648475492995;0.5237963921132515;15072.685792776127;0.5670612739401678;0.21364514621383401;170.1355786425009;389.14943977979766;0.4570138621601225;107835.61129589516;0.6499248140817829;0.27803008638844273;101.7284266221397;2678.288817429219;0.06678252995312894;107835.61129589516;0.0;0.0;124.64760635892134;274.56648475492995;0.5237963921132515;107835.61129589516;0.5670612739401678;0.21364514621383401;149.0380296736501;326.2035070104732;0.5237963921132515;107835.61129589516;0.5670612739401678;0.21364514621383401;148.77354624473588;353.4700885350393;0.45000000000000007;107835.61129589516;0.6600547764377866;0.2871176079020334;115.73400253697224;293.3650086307617;0.45000000000000007;107835.61129589516;0.6600547764377866;0.2871176079020334;115.70525865181378;293.3133714707717;0.45000000000000007;15072.685792776127;0.6600547764377866;0.2871176079020334;97.0311112901224;2681.147756311483;0.0737963921132514;15072.685792776127;0.0;0.0;54.0695223954196;226.36350054367983;0.0737963921132514;15072.685792776127;0.0;0.0;54.073093013289565;226.45757073719614;0.0737963921132514;107835.61129589516;0.0;0.0;"Zustand 3: Temperatur 422.188 K liegt außerhalb des Boryta-Prüfbereichs; Kristallisation wurde nicht bewertet.";"Zustand 4: Temperatur 421.924 K liegt außerhalb des Boryta-Prüfbereichs; Kristallisation wurde nicht bewertet.";"Zustand 5: Temperatur 388.884 K liegt außerhalb des Boryta-Prüfbereichs; Kristallisation wurde nicht bewertet.";"Zustand 6: Temperatur 388.855 K liegt außerhalb des Boryta-Prüfbereichs; Kristallisation wurde nicht bewertet.";"Zustand 20: Temperatur 443.286 K liegt außerhalb des Boryta-Prüfbereichs; Kristallisation wurde nicht bewertet.";5
parallel;Parallel (T13 = T15);parallel;120.0;120.0;30.0;120.0;4.0;4.0;4.0;120.0;0.4600000000000001;Abwärmetemperatur [°C];hot_temperature_C;120.0;10.0;10.0;25.0;15.0;11.0;nan;nan;1.7857956388517e-23;`gtol` termination condition is satisfied.;5;5.974417691680696e-10;5.976279174957777e-12;1;True;;True;0;zulässig;feasible_but_near_limit_shex;False;True;True;101.70040003972468;124.48754566982774;148.92872523145383;54.110947482136055;0.09552939168705599;0.2774963104960906;0.21429792576021997;0.2864176558290143;186.09065303966608;181.46599873514327;186.31213079706035;181.21383644511977;27.932182882477324;0.5063333468272793;6.223269267625708;26.129823746391537;0.006943189275722971;0.023741343353685135;18.60906530396645;18.1465998735145;7.452485231882421;12.080922429674823;2.539289353006796;97.2497355656991;0.021642804046492152;2681.562393892089;274.3962093266257;221.14589721631523;0.011555442247672687;0.5223606909321952;0.5805792473713283;0.2230792668628088;1.5987211554602254e-13;-5.974314376544498e-10;1.9895196601282805e-13;-1.4915846335838978e-13;-1.7053025658242404e-13;-1.7337242752546445e-12;-2.5863755581667647e-12;1.5916157281026244e-12;1.5987211554602255e-15;-5.974314376544498e-12;1.9895196601282807e-15;-1.4915846335838978e-13;-1.7053025658242404e-15;-1.7337242752546444e-14;-2.5863755581667648e-14;1.5916157281026246e-14;146.12982374639154;120.0;108.85692997625239;120.0;109.16185188725359;40.853229589422426;23.804739473986388;14.23073266891015;56.39650597627667;24.110947482136055;4.431803141230148;11.60719441055329;18.299599960275316;55.04733653615193;0.3020074374563251;8.890657640872064;4.0;0.4600000000000001;107728.93394324226;15102.820857467132;7.133033951732199;0.3020074374563251;deltaT_shex_1_K;shex;True;True;True;True;True;True;True;True;101.70040003972468;2678.2448623844402;0.07391613317986778;107728.93394324226;0.0;0.0;135.0;4.0;146.12982374639154;4.0;120.0;4.0;108.85692997625239;4.0;120.0;4.0;109.16185188725359;4.0;30.0;4.0;40.853229589422426;4.0;101.70040003972468;2678.2448623844402;0.007061163238532184;107728.93394324226;0.0;0.0;97.2497355656991;274.3962093266261;0.5339161331798679;15102.820857467132;0.5680138844870107;0.21429792576021997;169.93456322037792;388.5431576808297;0.46706116323853225;107728.93394324226;0.6493191912919689;0.2774963104960906;101.70040003972468;2678.2448623844402;0.06685496994133559;107728.93394324226;0.0;0.0;124.48754566982774;274.3962093266261;0.5339161331798679;107728.93394324226;0.5680138844870107;0.21429792576021997;149.23073266891015;326.71188429250583;0.5339161331798679;107728.93394324226;0.5680138844870107;0.21429792576021997;148.92872523145383;353.3954239754875;0.4600000000000001;107728.93394324226;0.6592864712995236;0.2864176558290143;115.59688802895568;292.6732872744502;0.4600000000000001;107728.93394324226;0.6592864712995236;0.2864176558290143;115.56819685876985;292.62167565846397;0.4600000000000001;15102.820857467132;0.6592864712995236;0.2864176558290143;97.2497355656991;2681.562393892089;0.07391613317986778;15102.820857467132;0.0;0.0;54.110947482136055;226.53680031073563;0.07391613317986778;15102.820857467132;0.0;0.0;54.11451535110166;226.63073365082022;0.07391613317986778;107728.93394324226;0.0;0.0;"Zustand 3: Temperatur 422.381 K liegt außerhalb des Boryta-Prüfbereichs; Kristallisation wurde nicht bewertet.";"Zustand 4: Temperatur 422.079 K liegt außerhalb des Boryta-Prüfbereichs; Kristallisation wurde nicht bewertet.";"Zustand 5: Temperatur 388.747 K liegt außerhalb des Boryta-Prüfbereichs; Kristallisation wurde nicht bewertet.";"Zustand 6: Temperatur 388.718 K liegt außerhalb des Boryta-Prüfbereichs; Kristallisation wurde nicht bewertet.";"Zustand 20: Temperatur 443.085 K liegt außerhalb des Boryta-Prüfbereichs; Kristallisation wurde nicht bewertet.";5
parallel;Parallel (T13 = T15);parallel;120.0;120.0;30.0;120.0;4.0;4.0;4.0;120.0;0.4700000000000001;Abwärmetemperatur [°C];hot_temperature_C;120.0;10.0;10.0;25.0;15.0;11.0;nan;nan;9.06928684608223e-24;`gtol` termination condition is satisfied.;5;4.257624751297762e-10;4.2589404424298376e-12;1;True;;True;0;zulässig;feasible_but_near_limit_shex;False;True;True;101.67402913661903;124.33146341000605;149.07455493823994;54.15000551614139;0.09602285376247066;0.276976579083728;0.21492670925273347;0.2857392716856018;186.31380051782804;181.75996085150774;186.56759306059737;181.47497726419073;28.818644787215177;0.5062289407266417;6.348877851154385;26.143169887429906;0.006944240709236968;0.024246803838698327;18.631380051782738;18.175996085150985;7.462703722423854;12.098331817612898;2.6198767988764478;97.45898909961255;0.02130926531191293;2681.9593251847614;274.2326379738189;221.80863419217184;0.011592854678706632;0.5324359754577155;0.5813164362698267;0.2236045259442524;2.2737367544323206e-13;-4.2574654912641563e-10;0.0;-1.0585976539800868e-13;1.0231815394945443e-12;-2.1032064978498966e-12;-2.7569058147491887e-12;6.536993168992922e-13;2.2737367544323206e-15;-4.257465491264156e-12;0.0;-1.0585976539800868e-13;1.0231815394945442e-14;-2.1032064978498965e-14;-2.7569058147491886e-14;6.536993168992922e-15;146.1431698874299;120.0;108.8416511327394;120.0;109.14623341721347;40.87081105571218;23.59671311995902;14.416849289705283;56.58817804390037;24.15000551614139;4.566272489572668;11.382662033126849;18.325970863380974;54.99266262165514;0.34229435146534115;8.869094583388346;4.0;0.4700000000000001;107628.63830032482;15131.281155307486;7.112989124689731;0.34229435146534115;deltaT_shex_1_K;shex;True;True;True;True;True;True;True;True;101.67402913661903;2678.203499973213;0.07402883013642203;107628.63830032482;0.0;0.0;135.0;4.0;146.1431698874299;4.0;120.0;4.0;108.8416511327394;4.0;120.0;4.0;109.14623341721347;4.0;30.0;4.0;40.87081105571218;4.0;101.67402913661903;2678.203499973213;0.0071084595303964335;107628.63830032482;0.0;0.0;97.45898909961255;274.2326379738191;0.5440288301364221;15131.281155307486;0.5689290100991772;0.21492670925273347;169.73988300738893;387.9548393100966;0.47710845953039654;107628.63830032482;0.6487283501526655;0.276976579083728;101.67402913661903;2678.203499973213;0.0669203706060256;107628.63830032482;0.0;0.0;124.33146341000605;274.2326379738191;0.5440288301364221;107628.63830032482;0.5689290100991772;0.21492670925273347;149.41684928970528;327.2052805817275;0.5440288301364221;107628.63830032482;0.5689290100991772;0.21492670925273347;149.07455493823994;353.31624373803623;0.4700000000000001;107628.63830032482;0.6585399655211234;0.2857392716856018;115.4623688266177;291.9999782333236;0.4700000000000001;107628.63830032482;0.6585399655211234;0.2857392716856018;115.43372751042733;291.94838928898594;0.4700000000000001;15131.281155307486;0.6585399655211234;0.2857392716856018;97.45898909961255;2681.9593251847614;0.07402883013642203;15131.281155307486;0.0;0.0;54.15000551614139;226.70019821279226;0.07402883013642203;15131.281155307486;0.0;0.0;54.15357079555832;226.7940027575411;0.07402883013642203;107628.63830032482;0.0;0.0;"Zustand 3: Temperatur 422.567 K liegt außerhalb des Boryta-Prüfbereichs; Kristallisation wurde nicht bewertet.";"Zustand 4: Temperatur 422.225 K liegt außerhalb des Boryta-Prüfbereichs; Kristallisation wurde nicht bewertet.";"Zustand 5: Temperatur 388.612 K liegt außerhalb des Boryta-Prüfbereichs; Kristallisation wurde nicht bewertet.";"Zustand 6: Temperatur 388.584 K liegt außerhalb des Boryta-Prüfbereichs; Kristallisation wurde nicht bewertet.";"Zustand 20: Temperatur 442.890 K liegt außerhalb des Boryta-Prüfbereichs; Kristallisation wurde nicht bewertet.";5
parallel;Parallel (T13 = T15);parallel;120.0;120.0;30.0;120.0;4.0;4.0;4.0;120.0;0.4800000000000001;Abwärmetemperatur [°C];hot_temperature_C;120.0;10.0;10.0;25.0;15.0;11.0;nan;nan;4.660141325800988e-24;`gtol` termination condition is satisfied.;5;3.05198029179642e-10;3.0529137969490682e-12;1;True;;True;0;zulässig;feasible_but_near_limit_shex;False;True;True;101.64917725964932;124.17949224115023;149.21135038898785;54.18688728193462;0.09652481680281116;0.2764703382076811;0.21553265243930003;0.2850815598600381;186.51623722593786;182.03754374076436;186.8010069559326;181.72107575696262;29.706219355032843;0.5061195677960151;6.474669153486024;26.155277346048933;0.006945205604355679;0.024753048202676733;18.651623722593612;18.2037543740765;7.472040278237311;12.114738383797647;2.7005653959398206;97.65944946740314;0.020988749818745836;2682.339636531321;274.07585019482497;222.44575289042308;0.011630602184955596;0.5425044599504686;0.5820245808783107;0.22411016342796183;1.1013412404281553e-13;-3.0518521043632063e-10;2.5579538487363607e-13;-7.549516567451064e-14;-1.9895196601282805e-13;-6.252776074688882e-13;-2.0747847884194925e-12;1.7337242752546445e-12;1.1013412404281553e-15;-3.0518521043632062e-12;2.5579538487363606e-15;-7.549516567451064e-14;-1.9895196601282807e-15;-6.252776074688882e-15;-2.0747847884194925e-14;1.7337242752546444e-14;146.15527734604893;120.0;108.8276909715351;120.0;109.13151460783718;40.88741290315579;23.395925221522873;14.596642671492987;56.772036564247344;24.186887281934617;4.698130005561779;11.16824150413197;18.35082274035068;54.941064489521295;0.3852922825051337;8.849028148701905;4.0;0.4800000000000001;107534.19061625276;15158.197758870729;7.094127700855643;0.3852922825051337;deltaT_shex_1_K;shex;True;True;True;True;True;True;True;True;101.64917725964932;2678.164516564038;0.07413506213542409;107534.19061625276;0.0;0.0;135.0;4.0;146.15527734604893;4.0;120.0;4.0;108.8276909715351;4.0;120.0;4.0;109.13151460783718;4.0;30.0;4.0;40.88741290315579;4.0;101.64917725964932;2678.164516564038;0.007155873291286833;107534.19061625276;0.0;0.0;97.65944946740314;274.0758501948271;0.5541350621354242;15158.197758870729;0.5698086125618954;0.21553265243930003;169.5512025675718;387.3836246146418;0.4871558732912869;107534.19061625276;0.6481517482158388;0.2764703382076811;101.64917725964932;2678.164516564038;0.06697918884413726;107534.19061625276;0.0;0.0;124.17949224115023;274.0758501948271;0.5541350621354242;107534.19061625276;0.5698086125618954;0.21553265243930003;149.596642671493;327.68411537219464;0.5541350621354242;107534.19061625276;0.5698086125618954;0.21553265243930003;149.21135038898785;353.2325041961196;0.4800000000000001;107534.19061625276;0.6578144394318451;0.2850815598600381;115.33046409244832;291.34454720646806;0.4800000000000001;107534.19061625276;0.6578144394318451;0.2850815598600381;115.30186999443822;291.2929783560458;0.4800000000000001;15158.197758870729;0.6578144394318451;0.2850815598600381;97.65944946740314;2682.339636531321;0.07413506213542409;15158.197758870729;0.0;0.0;54.18688728193462;226.8544922923844;0.07413506213542409;15158.197758870729;0.0;0.0;54.19045011831588;226.9481754350743;0.07413506213542409;107534.19061625276;0.0;0.0;"Zustand 3: Temperatur 422.747 K liegt außerhalb des Boryta-Prüfbereichs; Kristallisation wurde nicht bewertet.";"Zustand 4: Temperatur 422.361 K liegt außerhalb des Boryta-Prüfbereichs; Kristallisation wurde nicht bewertet.";"Zustand 5: Temperatur 388.480 K liegt außerhalb des Boryta-Prüfbereichs; Kristallisation wurde nicht bewertet.";"Zustand 6: Temperatur 388.452 K liegt außerhalb des Boryta-Prüfbereichs; Kristallisation wurde nicht bewertet.";"Zustand 20: Temperatur 442.701 K liegt außerhalb des Boryta-Prüfbereichs; Kristallisation wurde nicht bewertet.";5
parallel;Parallel (T13 = T15);parallel;120.0;120.0;30.0;120.0;4.0;4.0;4.0;120.0;0.4900000000000001;Abwärmetemperatur [°C];hot_temperature_C;120.0;10.0;10.0;25.0;15.0;11.0;nan;nan;2.5020100996931587e-24;`gtol` termination condition is satisfied.;5;2.236311953389967e-10;2.2369667407867998e-12;1;True;;True;0;zulässig;feasible_but_near_limit_shex;False;True;True;101.62571930696822;124.03173248949048;149.33942798906725;54.22176768616714;0.09703618154059765;0.27597706154171964;0.21611684316506866;0.2844436665595128;186.69927159073566;182.30006380120727;187.01375851778712;181.95337075847766;30.59448808253283;0.5060051608308561;6.6006280871081024;26.166224377436322;0.006946093148929466;0.025260022529539433;18.669927159073538;18.2300063801208;7.480550340711559;12.130224717231929;2.7813170984324045;97.85165217672778;0.020680709103463188;2682.704335423271;273.92588794310205;223.0586714692749;0.011668787338927511;0.5525665723167749;0.582705284929556;0.2245972016444027;2.3803181647963356e-13;-2.2361845708473993e-10;5.684341886080802e-14;-5.412337245047638e-14;-1.8474111129762605e-12;-7.105427357601002e-13;-1.2789769243681803e-12;2.8421709430404007e-13;2.3803181647963358e-15;-2.236184570847399e-12;5.684341886080802e-16;-5.412337245047638e-14;-1.8474111129762605e-14;-7.105427357601002e-15;-1.2789769243681804e-14;2.842170943040401e-15;146.16622437743632;120.0;108.81496659582615;120.0;109.11762136611975;40.90311386370854;23.201984657113428;14.77036394883612;56.94853831301924;24.22176768616714;4.827366807966484;10.963314419098367;18.37428069303178;54.89229315189266;0.430935959768874;8.830549988153564;4.0;0.4900000000000001;107445.10333487969;15183.691407187467;7.076349252199545;0.430935959768874;deltaT_shex_1_K;shex;True;True;True;True;True;True;True;True;101.62571930696822;2678.1277165295737;0.07423535965570227;107445.10333487969;0.0;0.0;135.0;4.0;146.16622437743632;4.0;120.0;4.0;108.81496659582615;4.0;120.0;4.0;109.11762136611975;4.0;30.0;4.0;40.90311386370854;4.0;101.62571930696822;2678.1277165295737;0.0072035158362822845;107445.10333487969;0.0;0.0;97.85165217672778;273.92588794310944;0.5642353596557024;15183.691407187467;0.5706545264388773;0.21611684316506866;169.36820903454975;386.8287062079361;0.49720351583628236;107445.10333487969;0.6475888679565779;0.27597706154171964;101.62571930696822;2678.1277165295737;0.06703184381941998;107445.10333487969;0.0;0.0;124.03173248949048;273.92588794310944;0.5642353596557024;107445.10333487969;0.5706545264388773;0.21611684316506866;149.77036394883612;328.1488067286348;0.5642353596557024;107445.10333487969;0.5706545264388773;0.21611684316506866;149.33942798906725;353.1441986436304;0.4900000000000001;107445.10333487969;0.6571091060497845;0.2844436665595128;115.20118250133692;290.7064678629516;0.4900000000000001;107445.10333487969;0.6571091060497845;0.2844436665595128;115.17263319203352;290.6549167965648;0.4900000000000001;15183.691407187467;0.6571091060497845;0.2844436665595128;97.85165217672778;2682.704335423271;0.07423535965570227;15183.691407187467;0.0;0.0;54.22176768616714;227.00041418276555;0.07423535965570227;15183.691407187467;0.0;0.0;54.22532821422709;227.09398270834615;0.07423535965570227;107445.10333487969;0.0;0.0;"Zustand 3: Temperatur 422.920 K liegt außerhalb des Boryta-Prüfbereichs; Kristallisation wurde nicht bewertet.";"Zustand 4: Temperatur 422.489 K liegt außerhalb des Boryta-Prüfbereichs; Kristallisation wurde nicht bewertet.";"Zustand 5: Temperatur 388.351 K liegt außerhalb des Boryta-Prüfbereichs; Kristallisation wurde nicht bewertet.";"Zustand 6: Temperatur 388.323 K liegt außerhalb des Boryta-Prüfbereichs; Kristallisation wurde nicht bewertet.";"Zustand 20: Temperatur 442.518 K liegt außerhalb des Boryta-Prüfbereichs; Kristallisation wurde nicht bewertet.";5
parallel;Parallel (T13 = T15);parallel;120.0;120.0;30.0;120.0;4.0;4.0;4.0;120.0;0.5000000000000001;Abwärmetemperatur [°C];hot_temperature_C;120.0;10.0;10.0;25.0;15.0;11.0;nan;nan;1.3744935002511143e-24;`gtol` termination condition is satisfied.;5;1.6575580573987682e-10;1.6580069362044986e-12;1;True;;True;0;zulässig;feasible_but_near_limit_shex;False;True;True;101.60354068000669;123.88825554143773;149.45910388939882;54.254807173836355;0.09755775271347866;0.2754962488029455;0.2166803058530172;0.283824777756479;186.86410836601408;182.54872858852136;187.20712527486455;182.17299709388945;31.483064729185173;0.5058856637105846;6.726740144125007;26.176083036244847;0.006946911461242259;0.025767674320417037;18.686410836601432;18.254872858852217;7.488285010994567;12.144866472926093;2.862096793577356;98.03609400921954;0.02038461837178365;2683.0543567410273;273.7827592397421;223.6487137867071;0.011707502127422886;0.5626227067534256;0.5833600404088023;0.22506659613371255;2.4868995751603507e-13;-1.6574119854340097e-10;2.5579538487363607e-13;-3.858025010572419e-14;3.694822225952521e-13;-8.242295734817162e-13;-1.9610979506978765e-12;-2.2737367544323206e-13;2.4868995751603505e-15;-1.6574119854340096e-12;2.5579538487363606e-15;-3.858025010572419e-14;3.694822225952521e-15;-8.242295734817162e-15;-1.9610979506978764e-14;-2.2737367544323206e-15;146.17608303624485;120.0;108.8034015983933;120.0;109.10448581974345;40.91798615960056;23.01452729720785;14.93825274187543;57.11810784961898;24.254807173836355;4.953983128527;10.767307589173754;18.396459319993312;54.846120302322674;0.4791488524766123;8.813731909129274;4.0;0.5000000000000001;107360.93075209307;15207.873349518724;7.059562391443158;0.4791488524766123;deltaT_shex_1_K;shex;True;True;True;True;True;True;True;True;101.60354068000669;2678.09292062073;0.0743302088808484;107360.93075209307;0.0;0.0;135.0;4.0;146.17608303624485;4.0;120.0;4.0;108.8034015983933;4.0;120.0;4.0;109.10448581974345;4.0;30.0;4.0;40.91798615960056;4.0;101.60354068000669;2678.09292062073;0.0072514881371390245;107360.93075209307;0.0;0.0;98.03609400921954;273.7827592397526;0.5743302088808485;15207.873349518724;0.5714684686117205;0.2166803058530172;169.1906103334527;386.28932557481767;0.5072514881371392;107360.93075209307;0.6470392155022958;0.2754962488029455;101.60354068000669;2678.09292062073;0.06707872074370938;107360.93075209307;0.0;0.0;123.88825554143773;273.7827592397526;0.5743302088808485;107360.93075209307;0.5714684686117205;0.2166803058530172;149.93825274187543;328.59976911031765;0.5743302088808485;107360.93075209307;0.5714684686117205;0.2166803058530172;149.45910388939882;353.05135241056223;0.5000000000000001;107360.93075209307;0.656423209893176;0.283824777756479;115.07452363230846;290.0852229521924;0.5000000000000001;107360.93075209307;0.656423209893176;0.283824777756479;115.046016871473;290.0336876035516;0.5000000000000001;15207.873349518724;0.656423209893176;0.283824777756479;98.03609400921954;2683.0543567410273;0.0743302088808484;15207.873349518724;0.0;0.0;54.254807173836355;227.13863503025362;0.0743302088808484;15207.873349518724;0.0;0.0;54.25836551742077;227.23209516666168;0.0743302088808484;107360.93075209307;0.0;0.0;"Zustand 3: Temperatur 423.088 K liegt außerhalb des Boryta-Prüfbereichs; Kristallisation wurde nicht bewertet.";"Zustand 4: Temperatur 422.609 K liegt außerhalb des Boryta-Prüfbereichs; Kristallisation wurde nicht bewertet.";"Zustand 5: Temperatur 388.225 K liegt außerhalb des Boryta-Prüfbereichs; Kristallisation wurde nicht bewertet.";"Zustand 6: Temperatur 388.196 K liegt außerhalb des Boryta-Prüfbereichs; Kristallisation wurde nicht bewertet.";"Zustand 20: Temperatur 442.341 K liegt außerhalb des Boryta-Prüfbereichs; Kristallisation wurde nicht bewertet.";5
parallel;Parallel (T13 = T15);parallel;120.0;120.0;30.0;120.0;4.0;4.0;4.0;120.0;0.5100000000000001;Abwärmetemperatur [°C];hot_temperature_C;120.0;10.0;10.0;25.0;15.0;11.0;nan;nan;7.752750869412946e-25;`gtol` termination condition is satisfied.;5;1.2448953353650767e-10;1.245210895343672e-12;1;True;;True;0;zulässig;feasible;True;True;True;101.58253633735876;123.7491070729003;149.57069245607556;54.2861530099583;0.09809024437257285;0.27502742425053717;0.2172240056818334;0.2832241172599341;187.01185851292263;182.78464646202244;187.38228640718629;182.38099494747786;32.37159364265405;0.5057610312949038;6.8529913810983984;26.184919767519318;0.006947667726998568;0.026275952553984194;18.701185851292273;18.278464646202178;7.495291456287467;12.158732996498529;2.9428721493435033;98.21323609839203;0.020099975327922594;2683.390568503823;273.6464418400173;224.21711612002065;0.011746828699853884;0.5726732269573966;0.5839902363810474;0.22551924047810779;5.684341886080802e-14;-1.2448708730516955e-10;-5.684341886080802e-14;-2.8033131371785203e-14;-3.979039320256561e-13;6.536993168992922e-13;-5.684341886080802e-14;-1.1368683772161603e-13;5.684341886080802e-16;-1.2448708730516954e-12;-5.684341886080802e-16;-2.8033131371785203e-14;-3.9790393202565614e-15;6.536993168992922e-15;-5.684341886080802e-16;-1.1368683772161603e-15;146.18491976751932;120.0;108.79292545411568;120.0;109.09204575672982;40.9320960802645;22.833213785446333;15.100537647142062;57.28114001812753;24.286153009958298;5.077987070472318;10.579689355723644;18.41746366264124;54.80233647388468;0.5298451910664994;8.79862786444113;4.0;0.5100000000000001;107281.26511793231;15230.846120140726;7.043683868361549;0.5298451910664994;deltaT_shex_1_K;shex;True;True;True;True;True;True;True;True;101.58253633735876;2678.059964497765;0.0744200556572504;107281.26511793231;0.0;0.0;135.0;4.0;146.18491976751932;4.0;120.0;4.0;108.79292545411568;4.0;120.0;4.0;109.09204575672982;4.0;30.0;4.0;40.9320960802645;4.0;101.58253633735876;2678.059964497765;0.007299881445640166;107281.26511793231;0.0;0.0;98.21323609839203;273.64644184000576;0.5844200556572505;15230.846120140726;0.5722520470380407;0.2172240056818334;169.01813355296565;385.7647695611599;0.5172998814456403;107281.26511793231;0.646502319400046;0.27502742425053717;101.58253633735876;2678.059964497765;0.06712017421161023;107281.26511793231;0.0;0.0;123.7491070729003;273.64644184000576;0.5844200556572505;107281.26511793231;0.5722520470380407;0.2172240056818334;150.10053764714206;329.0374116215755;0.5844200556572505;107281.26511793231;0.5722520470380407;0.2172240056818334;149.57069245607556;352.9540182642032;0.5100000000000001;107281.26511793231;0.6557560258430337;0.2832241172599341;114.95047920845917;289.4803052393915;0.5100000000000001;107281.26511793231;0.6557560258430337;0.2832241172599341;114.92201292952768;289.4287837637954;0.5100000000000001;15230.846120140726;0.6557560258430337;0.2832241172599341;98.21323609839203;2683.390568503823;0.0744200556572504;15230.846120140726;0.0;0.0;54.2861530099583;227.26977085410277;0.0744200556572504;15230.846120140726;0.0;0.0;54.28970928284514;227.36312831891033;0.0744200556572504;107281.26511793231;0.0;0.0;"Zustand 3: Temperatur 423.251 K liegt außerhalb des Boryta-Prüfbereichs; Kristallisation wurde nicht bewertet.";"Zustand 4: Temperatur 422.721 K liegt außerhalb des Boryta-Prüfbereichs; Kristallisation wurde nicht bewertet.";"Zustand 5: Temperatur 388.100 K liegt außerhalb des Boryta-Prüfbereichs; Kristallisation wurde nicht bewertet.";"Zustand 6: Temperatur 388.072 K liegt außerhalb des Boryta-Prüfbereichs; Kristallisation wurde nicht bewertet.";"Zustand 20: Temperatur 442.168 K liegt außerhalb des Boryta-Prüfbereichs; Kristallisation wurde nicht bewertet.";5
parallel;Parallel (T13 = T15);parallel;120.0;120.0;30.0;120.0;4.0;4.0;4.0;120.0;0.5200000000000001;Abwärmetemperatur [°C];hot_temperature_C;120.0;10.0;10.0;25.0;15.0;11.0;nan;nan;4.286460669167595e-25;`gtol` termination condition is satisfied.;5;9.256778010286787e-11;9.259007148898412e-13;1;True;;True;0;zulässig;feasible;True;True;True;101.56260993979674;123.61431008434585;149.6745048726117;54.315940440503994;0.09863428553280087;0.2745701352592486;0.21774885247714557;0.28264094489374303;187.14354796583999;183.00883532219453;187.54033178277044;182.57831832922133;33.25974800789113;0.5056312290915722;6.9793684027702145;26.192795930971272;0.006948368317204151;0.026784807725562635;18.714354796584082;18.300883532219597;7.501613271310877;12.171887888614908;3.023613455271241;98.38350676113942;0.01982629915179236;2683.7137771621797;273.5168868449836;224.76503345328712;0.011786840105059149;0.5827184689704161;0.584597167110663;0.2259559708061089;2.1316282072803006e-14;-9.251266419596504e-11;-2.5579538487363607e-13;-2.0317081350640365e-14;-1.4779288903810084e-12;-1.4495071809506044e-12;-2.2737367544323206e-12;-8.242295734817162e-13;2.1316282072803005e-16;-9.251266419596504e-13;-2.5579538487363606e-15;-2.0317081350640365e-14;-1.4779288903810084e-14;-1.4495071809506044e-14;-2.2737367544323207e-14;-8.242295734817162e-15;146.19279593097127;120.0;108.78347297949938;120.0;109.0802441190657;40.94550450491596;22.657727523362894;15.257436725539606;57.438002256223456;24.315940440503994;5.199393504670354;10.399966218359964;18.437390060203256;54.76074937174411;0.5829318529279135;8.785275884933355;4.0;0.5200000000000001;107205.73313306244;15252.704249614553;7.0286377666944935;0.5829318529279135;deltaT_shex_1_K;shex;True;True;True;True;True;True;True;True;101.56260993979674;2678.028697401932;0.07450530907547515;107205.73313306244;0.0;0.0;135.0;4.0;146.19279593097127;4.0;120.0;4.0;108.78347297949938;4.0;120.0;4.0;109.0802441190657;4.0;30.0;4.0;40.94550450491596;4.0;101.56260993979674;2678.028697401932;0.0073487779290599955;107205.73313306244;0.0;0.0;98.38350676113942;273.5168868449742;0.5945053090754753;15252.704249614553;0.5730067687922367;0.21774885247714557;168.85052345433417;385.2543671280263;0.5273487779290601;107205.73313306244;0.6459777294278929;0.2745701352592486;101.56260993979674;2678.028697401932;0.06715653114641515;107205.73313306244;0.0;0.0;123.61431008434585;273.5168868449742;0.5945053090754753;107205.73313306244;0.5730067687922367;0.21774885247714557;150.2574367255396;329.4621366184605;0.5945053090754753;107205.73313306244;0.5730067687922367;0.21774885247714557;149.6745048726117;352.8522721383485;0.5200000000000001;107205.73313306244;0.6551068580445538;0.28264094489374303;114.82903419941249;288.89121827701945;0.5200000000000001;107205.73313306244;0.6551068580445538;0.28264094489374303;114.80060649532965;288.83970903139334;0.5200000000000001;15252.704249614553;0.6551068580445538;0.28264094489374303;98.38350676113942;2683.7137771621797;0.07450530907547515;15252.704249614553;0.0;0.0;54.315940440503994;227.3943874015995;0.07450530907547515;15252.704249614553;0.0;0.0;54.319494747321585;227.48764744445316;0.07450530907547515;107205.73313306244;0.0;0.0;"Zustand 3: Temperatur 423.407 K liegt außerhalb des Boryta-Prüfbereichs; Kristallisation wurde nicht bewertet.";"Zustand 4: Temperatur 422.825 K liegt außerhalb des Boryta-Prüfbereichs; Kristallisation wurde nicht bewertet.";"Zustand 5: Temperatur 387.979 K liegt außerhalb des Boryta-Prüfbereichs; Kristallisation wurde nicht bewertet.";"Zustand 6: Temperatur 387.951 K liegt außerhalb des Boryta-Prüfbereichs; Kristallisation wurde nicht bewertet.";"Zustand 20: Temperatur 442.001 K liegt außerhalb des Boryta-Prüfbereichs; Kristallisation wurde nicht bewertet.";5
parallel;Parallel (T13 = T15);parallel;120.0;120.0;30.0;120.0;4.0;4.0;4.0;120.0;0.5300000000000001;Abwärmetemperatur [°C];hot_temperature_C;120.0;10.0;10.0;25.0;15.0;11.0;nan;nan;6.587598994314606e-17;`gtol` termination condition is satisfied.;4;9.505746005942267e-07;1.1478326528126482e-08;1;True;;True;0;zulässig;feasible;True;True;True;101.54367282841417;123.48386747502099;149.77084694672533;54.34429407164487;0.09919045251918253;0.27412395745576545;0.2182557023716392;0.2820745529459624;187.26012795715158;183.2222330493602;187.6822725399749;182.76584525296525;34.147227349272505;0.505496232705438;7.105858241849846;26.199768418489953;0.006949018902323049;0.027294191589781004;18.726012702856544;18.322223296989915;7.50729090269352;12.184389677152076;3.1042934047413357;98.54730385336887;0.019563129718777213;2684.024731961759;273.3940210770724;225.29354390144528;0.01182760110899772;0.5927587446864439;0.5851820367313193;0.2263775679678743;-3.0794495842201286e-09;-1.0288218987852815e-07;1.202744499551045e-07;-6.434043242631304e-09;-2.736311444095918e-08;7.946104574330093e-08;9.568410064275668e-08;9.285861608532286e-07;-3.079449584220128e-11;-1.0288218987852815e-09;1.202744499551045e-09;-6.434043242631304e-09;-2.736311444095918e-10;7.946104574330093e-10;9.568410064275667e-10;9.285861608532287e-09;146.19976841848995;120.0;108.77498369976229;120.0;109.06902839396139;40.9582675268756;22.487774433603477;15.40915702462405;57.58903632649327;24.344294071644867;5.318223190827553;10.227679846393414;18.456327171585826;54.72118188553037;0.6383100778987227;8.77369977655627;4.0;0.5300000000000001;107133.99185450946;15273.535157864186;7.014354617133105;0.6383100778987227;deltaT_shex_1_K;shex;True;True;True;True;True;True;True;True;101.54367282841417;2677.9989805631685;0.07458634579544143;107133.99185450946;0.0;0.0;135.0;4.0;146.19976841848995;4.0;120.0;4.0;108.77498369976229;4.0;120.0;4.0;109.06902839396139;4.0;30.0;4.0;40.9582675268756;4.0;101.54367282841417;2677.9989805631685;0.0073982533912020625;107133.99185450946;0.0;0.0;98.54730385336887;273.3940210770657;0.6045863457954416;15273.535157864186;0.5737340446376462;0.2182557023716392;168.68754285209343;384.75749238507433;0.5373982533912022;107133.99185450946;0.6454650229156015;0.27412395745576545;101.54367282841417;2677.9989805631685;0.06718809240423937;107133.99185450946;0.0;0.0;123.48386747502099;273.3940210770657;0.6045863457954416;107133.99185450946;0.5737340446376462;0.2182557023716392;150.40915702462405;329.8743362326217;0.6045863457954416;107133.99185450946;0.5737340446376462;0.2182557023716392;149.77084694672533;352.7462065426509;0.5300000000000001;107133.99185450946;0.6544750368036099;0.2820745529459624;114.71016769846472;288.31747568915665;0.5300000000000001;107133.99185450946;0.6544750368036099;0.2820745529459624;114.68177680917245;288.2659772144589;0.5300000000000001;15273.535157864186;0.6544750368036099;0.2820745529459624;98.54730385336887;2684.024731961759;0.07458634579544143;15273.535157864186;0.0;0.0;54.34429407164487;227.51300591660944;0.07458634579544143;15273.535157864186;0.0;0.0;54.34784650843102;227.60617335668462;0.07458634579544143;107133.99185450946;0.0;0.0;"Zustand 3: Temperatur 423.559 K liegt außerhalb des Boryta-Prüfbereichs; Kristallisation wurde nicht bewertet.";"Zustand 4: Temperatur 422.921 K liegt außerhalb des Boryta-Prüfbereichs; Kristallisation wurde nicht bewertet.";"Zustand 5: Temperatur 387.860 K liegt außerhalb des Boryta-Prüfbereichs; Kristallisation wurde nicht bewertet.";"Zustand 6: Temperatur 387.832 K liegt außerhalb des Boryta-Prüfbereichs; Kristallisation wurde nicht bewertet.";"Zustand 20: Temperatur 441.838 K liegt außerhalb des Boryta-Prüfbereichs; Kristallisation wurde nicht bewertet.";5
parallel;Parallel (T13 = T15);parallel;120.0;120.0;30.0;120.0;4.0;4.0;4.0;120.0;0.5400000000000001;Abwärmetemperatur [°C];hot_temperature_C;120.0;10.0;10.0;25.0;15.0;11.0;nan;nan;4.774406790315344e-17;`gtol` termination condition is satisfied.;4;7.863528027206301e-07;9.771803099034839e-09;1;True;;True;0;zulässig;feasible;True;True;True;101.52564434695864;123.35776566921635;149.8600219088296;54.37132747967064;0.0997591660544774;0.27368846674447295;0.21874536924318264;0.28152427202361163;187.36247153379338;183.4256943259068;187.80903787607835;182.9443742984755;35.0337586656364;0.505356027433084;7.232448763857711;26.205889445801063;0.00694962448828606;0.02780405830853101;18.736247076582295;18.342569425968144;7.5123615159710315;12.196291614555877;3.1848871589255734;98.70499817509568;0.019310026227693674;2684.324131482822;273.27775488915614;225.80366010553902;0.011869168470992397;0.6027943400627301;0.5857459775699809;0.22678476969869374;-2.349466399209632e-09;-8.254490779791013e-08;1.0184973575633194e-07;-5.8014160697617e-09;-2.3197429754873156e-08;6.622533987865609e-08;8.013736874090682e-08;7.679704481233784e-07;-2.349466399209632e-11;-8.254490779791013e-10;1.0184973575633194e-09;-5.8014160697617e-09;-2.3197429754873155e-10;6.622533987865609e-10;8.013736874090683e-10;7.679704481233785e-09;146.20588944580106;120.0;108.76740204090441;120.0;109.05835081946918;40.97043626351115;22.32307472912555;15.555898987839669;57.734561911584535;24.37132747967064;5.434501496213443;10.062403865808733;18.474355653041357;54.683472684698756;0.6958770790100743;8.763911464866567;4.0;0.5400000000000001;107065.72972739328;15293.418764877892;7.000771467350069;0.6958770790100743;deltaT_shex_1_K;shex;True;True;True;True;True;True;True;True;101.52564434695864;2677.97068771546;0.07466350853372239;107065.72972739328;0.0;0.0;135.0;4.0;146.20588944580106;4.0;120.0;4.0;108.76740204090441;4.0;120.0;4.0;109.05835081946918;4.0;30.0;4.0;40.97043626351115;4.0;101.52564434695864;2677.97068771546;0.007448369346025502;107065.72972739328;0.0;0.0;98.70499817509568;273.27775488915177;0.6146635085337225;15293.418764877892;0.5744352073803385;0.21874536924318264;168.5289641749266;384.27353698742905;0.5474483693460257;107065.72972739328;0.6449637729616423;0.27368846674447295;101.52564434695864;2677.97068771546;0.06721513918769689;107065.72972739328;0.0;0.0;123.35776566921635;273.27775488915177;0.6146635085337225;107065.72972739328;0.5744352073803385;0.21874536924318264;150.55589898783967;330.2744013131591;0.6146635085337225;107065.72972739328;0.5744352073803385;0.21874536924318264;149.8600219088296;352.63593801576434;0.5400000000000001;107065.72972739328;0.6538599259142505;0.28152427202361163;114.59385420434978;287.75860714912386;0.5400000000000001;107065.72972739328;0.6538599259142505;0.28152427202361163;114.56549850378656;287.7071181522562;0.5400000000000001;15293.418764877892;0.6538599259142505;0.28152427202361163;98.70499817509568;2684.324131482822;0.07466350853372239;15293.418764877892;0.0;0.0;54.37132747967064;227.62610150662482;0.07466350853372239;15293.418764877892;0.0;0.0;54.37487813477043;227.71918077151292;0.07466350853372239;107065.72972739328;0.0;0.0;"Zustand 3: Temperatur 423.706 K liegt außerhalb des Boryta-Prüfbereichs; Kristallisation wurde nicht bewertet.";"Zustand 4: Temperatur 423.010 K liegt außerhalb des Boryta-Prüfbereichs; Kristallisation wurde nicht bewertet.";"Zustand 5: Temperatur 387.744 K liegt außerhalb des Boryta-Prüfbereichs; Kristallisation wurde nicht bewertet.";"Zustand 6: Temperatur 387.715 K liegt außerhalb des Boryta-Prüfbereichs; Kristallisation wurde nicht bewertet.";"Zustand 20: Temperatur 441.679 K liegt außerhalb des Boryta-Prüfbereichs; Kristallisation wurde nicht bewertet.";5
parallel;Parallel (T13 = T15);parallel;120.0;120.0;30.0;120.0;4.0;4.0;4.0;120.0;0.5500000000000002;Abwärmetemperatur [°C];hot_temperature_C;120.0;10.0;10.0;25.0;15.0;11.0;nan;nan;3.541673808128483e-17;`gtol` termination condition is satisfied.;4;6.575372650258393e-07;8.4162626006185e-09;1;True;;True;0;zulässig;feasible;True;True;True;101.50844962707004;123.23597541224592;149.94232346425304;54.39714615607227;0.10034086462195071;0.27326327940039674;0.2192186153707035;0.2809894578987193;187.4513958686765;183.6200131808341;187.921497566946;183.11464692848654;35.919090168316906;0.5052106072404061;7.35912799801054;26.211207886882562;0.006950189572935339;0.028314362688348648;18.74513952266174;18.362001312558213;7.516859903473965;12.207643124073996;3.2653718395775058;98.85693409159273;0.01906656727591849;2684.6126245425153;273.167978242723;226.29632513457452;0.011911592244603253;0.6128255233686444;0.586290038666636;0.22717826141537717;-1.8168364590565034e-09;-6.703565702537162e-08;8.719047173144645e-08;-5.253637858082527e-09;-1.9903154679923318e-08;5.525194524125254e-08;6.737658964084403e-08;6.420590921152325e-07;-1.8168364590565032e-11;-6.703565702537162e-10;8.719047173144645e-10;-5.253637858082527e-09;-1.990315467992332e-10;5.525194524125254e-10;6.737658964084403e-10;6.420590921152325e-09;146.21120788688256;120.0;108.76067598283817;120.0;109.04816704973166;40.98205820459532;22.163371549032263;15.697850815418917;57.874875886997415;24.397146156072267;5.548258265777463;9.903741891245431;18.491550372929964;54.64747193920613;0.7555273511658811;8.755911664670975;4.0;0.5500000000000002;107000.65803505282;15312.42956738762;6.9878302175470965;0.7555273511658811;deltaT_shex_1_K;shex;True;True;True;True;True;True;True;True;101.50844962707004;2677.9437016293828;0.07473711561324747;107000.65803505282;0.0;0.0;135.0;4.0;146.21120788688256;4.0;120.0;4.0;108.76067598283817;4.0;120.0;4.0;109.04816704973166;4.0;30.0;4.0;40.98205820459532;4.0;101.50844962707004;2677.9437016293828;0.007499186799983944;107000.65803505282;0.0;0.0;98.85693409159273;273.1679782427195;0.6247371156132476;15312.42956738762;0.5751115002011977;0.2192186153707035;168.37457943591482;383.80194598516;0.5574991867999841;107000.65803505282;0.6444735948543128;0.27326327940039674;101.50844962707004;2677.9437016293828;0.06723792881326353;107000.65803505282;0.0;0.0;123.23597541224592;273.1679782427195;0.6247371156132476;107000.65803505282;0.5751115002011977;0.2192186153707035;150.69785081541892;330.6627056578794;0.6247371156132476;107000.65803505282;0.5751115002011977;0.2192186153707035;149.94232346425304;352.52158692328965;0.5500000000000002;107000.65803505282;0.6532609087121888;0.2809894578987193;114.48006374757495;287.2141502503192;0.5500000000000002;107000.65803505282;0.6532609087121888;0.2809894578987193;114.45174173422254;287.16266959088586;0.5500000000000002;15312.42956738762;0.6532609087121888;0.2809894578987193;98.85693409159273;2684.6126245425153;0.07473711561324747;15312.42956738762;0.0;0.0;54.39714615607227;227.73411546226043;0.07473711561324747;15312.42956738762;0.0;0.0;54.40069511052553;227.82711061621984;0.07473711561324747;107000.65803505282;0.0;0.0;"Zustand 3: Temperatur 423.848 K liegt außerhalb des Boryta-Prüfbereichs; Kristallisation wurde nicht bewertet.";"Zustand 4: Temperatur 423.092 K liegt außerhalb des Boryta-Prüfbereichs; Kristallisation wurde nicht bewertet.";"Zustand 5: Temperatur 387.630 K liegt außerhalb des Boryta-Prüfbereichs; Kristallisation wurde nicht bewertet.";"Zustand 6: Temperatur 387.602 K liegt außerhalb des Boryta-Prüfbereichs; Kristallisation wurde nicht bewertet.";"Zustand 20: Temperatur 441.525 K liegt außerhalb des Boryta-Prüfbereichs; Kristallisation wurde nicht bewertet.";5
parallel;Parallel (T13 = T15);parallel;120.0;120.0;30.0;120.0;4.0;4.0;4.0;120.0;0.5600000000000002;Abwärmetemperatur [°C];hot_temperature_C;120.0;10.0;10.0;25.0;15.0;11.0;nan;nan;2.7417370431769356e-17;`gtol` termination condition is satisfied.;4;5.631688725602298e-07;7.405048336340467e-09;1;True;;True;0;zulässig;feasible;True;True;True;101.49202010054108;123.11845501842788;150.01803915725276;54.421846864642134;0.10093589526286867;0.27284802252867973;0.21967616292981249;0.2804694979832838;187.52765671588818;183.80591788729754;188.02045667447922;183.27734214782234;36.80299265694657;0.5050599742597358;7.485884564709931;26.21576894233783;0.006950718156206583;0.028825061366899243;18.752765616608162;18.380591783975895;7.520818267677175;12.21848947264314;3.3457266102332373;99.00343262686664;0.018832349552086493;2684.8908161650065;273.06456830911753;226.7724234979994;0.011954915959484946;0.6228525426860787;0.5868152037463745;0.22755868834894802;-1.3610588212031871e-09;-5.561904004025564e-08;7.618842801093706e-08;-4.808444142856416e-09;-1.745016220411344e-08;4.753860594064463e-08;5.8175231743007316e-08;5.498065718256839e-07;-1.3610588212031871e-11;-5.561904004025564e-10;7.618842801093705e-10;-4.808444142856416e-09;-1.7450162204113438e-10;4.753860594064463e-10;5.817523174300732e-10;5.498065718256839e-09;146.21576894233783;120.0;108.75475737592825;120.0;109.03843647441255;40.99317690713502;22.008422591400233;15.835193095398665;58.01025571973162;24.421846864642134;5.659526708005615;9.75132474906161;18.507979899458917;54.61304228155734;0.817153938145907;8.749692013064418;4.0;0.5600000000000002;106938.51270487689;15330.636092545956;6.975477864018468;0.817153938145907;deltaT_shex_1_K;shex;True;True;True;True;True;True;True;True;101.49202010054108;2677.91791492276;0.07480745864556348;106938.51270487689;0.0;0.0;135.0;4.0;146.21576894233783;4.0;120.0;4.0;108.75475737592825;4.0;120.0;4.0;109.03843647441255;4.0;30.0;4.0;40.99317690713502;4.0;101.49202010054108;2677.91791492276;0.007550757810729975;106938.51270487689;0.0;0.0;99.00343262686664;273.06456830911543;0.6348074586455636;15330.636092545956;0.5757640947069439;0.21967616292981249;168.22419153373806;383.34218903370356;0.5675507578107302;106938.51270487689;0.6439941124536591;0.27284802252867973;101.49202010054108;2677.91791492276;0.06725670083483351;106938.51270487689;0.0;0.0;123.11845501842788;273.06456830911543;0.6348074586455636;106938.51270487689;0.5757640947069439;0.21967616292981249;150.83519309539867;331.0396159487101;0.6348074586455636;106938.51270487689;0.5757640947069439;0.21967616292981249;150.01803915725276;352.4032863401683;0.5600000000000002;106938.51270487689;0.6526773959647831;0.2804694979832838;114.36876300536346;286.6836565931904;0.5600000000000002;106938.51270487689;0.6526773959647831;0.2804694979832838;114.34047329199439;286.63218326932093;0.5600000000000002;15330.636092545956;0.6526773959647831;0.2804694979832838;99.00343262686664;2684.8908161650065;0.07480745864556348;15330.636092545956;0.0;0.0;54.421846864642134;227.83745256704003;0.07480745864556348;15330.636092545956;0.0;0.0;54.42539419285521;227.93036734161004;0.07480745864556348;106938.51270487689;0.0;0.0;"Zustand 3: Temperatur 423.985 K liegt außerhalb des Boryta-Prüfbereichs; Kristallisation wurde nicht bewertet.";"Zustand 4: Temperatur 423.168 K liegt außerhalb des Boryta-Prüfbereichs; Kristallisation wurde nicht bewertet.";"Zustand 5: Temperatur 387.519 K liegt außerhalb des Boryta-Prüfbereichs; Kristallisation wurde nicht bewertet.";"Zustand 6: Temperatur 387.490 K liegt außerhalb des Boryta-Prüfbereichs; Kristallisation wurde nicht bewertet.";"Zustand 20: Temperatur 441.374 K liegt außerhalb des Boryta-Prüfbereichs; Kristallisation wurde nicht bewertet.";5
parallel;Parallel (T13 = T15);parallel;120.0;120.0;30.0;120.0;4.0;4.0;4.0;120.0;0.5700000000000002;Abwärmetemperatur [°C];hot_temperature_C;120.0;10.0;10.0;25.0;15.0;11.0;nan;nan;2.1309736178399794e-17;`gtol` termination condition is satisfied.;4;4.823968782192531e-07;6.528359086079717e-09;1;True;;True;0;zulässig;feasible;True;True;True;101.47629270021258;123.00515203987811;150.08744868355706;54.44551872152073;0.10154454815505431;0.2724423402747141;0.2201186945091068;0.27996380786961683;187.5919562116616;183.9840791576022;188.10666355732607;183.43308448465356;37.68525708861597;0.5049041379832823;7.612707543941699;26.2196146059606;0.006951213811587365;0.02933611248413637;18.759195574085023;18.398407911680337;7.524266542898935;12.22887229562911;3.4259324668048627;99.1447930309568;0.018606987295297864;2685.159270471429;272.9673908030573;227.23278389454515;0.011999177321108445;0.632875628614871;0.5873223933644774;0.22792665636805984;-9.884644214253058e-10;-4.6237516926339595e-08;6.685397124783776e-08;-4.398946762407263e-09;-1.5147293197514955e-08;4.0798823874865775e-08;5.021692572881875e-08;4.708113578999473e-07;-9.884644214253058e-12;-4.623751692633959e-10;6.685397124783777e-10;-4.398946762407263e-09;-1.5147293197514954e-10;4.0798823874865774e-10;5.021692572881875e-10;4.708113578999473e-09;146.2196146059606;120.0;108.74960146188243;120.0;109.02912174134849;41.00383248550253;21.85800064082349;15.96809815494862;58.14096054545428;24.445518721520727;5.768342909213175;9.60480843092563;18.523707299787418;54.580057249587924;0.880649471391564;8.745236253804478;4.0;0.5700000000000002;106879.05116599464;15348.101627952301;6.963665849810647;0.880649471391564;deltaT_shex_1_K;shex;True;True;True;True;True;True;True;True;101.47629270021258;2677.893228812473;0.07487480593597928;106879.05116599464;0.0;0.0;135.0;4.0;146.2196146059606;4.0;120.0;4.0;108.74960146188243;4.0;120.0;4.0;109.02912174134849;4.0;30.0;4.0;41.00383248550253;4.0;101.47629270021258;2677.893228812473;0.007603128336966395;106879.05116599464;0.0;0.0;99.1447930309568;272.96739080305395;0.6448748059359795;15348.101627952301;0.5763940930529007;0.2201186945091068;168.0776152467841;382.8937649764925;0.5776031283369666;106879.05116599464;0.6435249656096643;0.2724423402747141;101.47629270021258;2677.893228812473;0.06727167759901288;106879.05116599464;0.0;0.0;123.00515203987811;272.96739080305395;0.6448748059359795;106879.05116599464;0.5763940930529007;0.2201186945091068;150.96809815494862;331.4054887745185;0.6448748059359795;106879.05116599464;0.5763940930529007;0.2201186945091068;150.08744868355706;352.2811765730538;0.5700000000000002;106879.05116599464;0.6521088226318142;0.27996380786961683;114.25991578607363;286.1666904509408;0.5700000000000002;106879.05116599464;0.6521088226318142;0.27996380786961683;114.23165709078683;286.11522358693355;0.5700000000000002;15348.101627952301;0.6521088226318142;0.27996380786961683;99.1447930309568;2685.159270471429;0.07487480593597928;15348.101627952301;0.0;0.0;54.44551872152073;227.93648561485935;0.07487480593597928;15348.101627952301;0.0;0.0;54.449064491760566;228.0293234356015;0.07487480593597928;106879.05116599464;0.0;0.0;"Zustand 3: Temperatur 424.118 K liegt außerhalb des Boryta-Prüfbereichs; Kristallisation wurde nicht bewertet.";"Zustand 4: Temperatur 423.237 K liegt außerhalb des Boryta-Prüfbereichs; Kristallisation wurde nicht bewertet.";"Zustand 5: Temperatur 387.410 K liegt außerhalb des Boryta-Prüfbereichs; Kristallisation wurde nicht bewertet.";"Zustand 6: Temperatur 387.382 K liegt außerhalb des Boryta-Prüfbereichs; Kristallisation wurde nicht bewertet.";"Zustand 20: Temperatur 441.228 K liegt außerhalb des Boryta-Prüfbereichs; Kristallisation wurde nicht bewertet.";5
parallel;Parallel (T13 = T15);parallel;120.0;120.0;30.0;120.0;4.0;4.0;4.0;120.0;0.5800000000000002;Abwärmetemperatur [°C];hot_temperature_C;120.0;10.0;10.0;25.0;15.0;11.0;nan;nan;1.662342840881323e-17;`gtol` termination condition is satisfied.;4;4.1315306812453203e-07;5.766008742416756e-09;1;True;;True;0;zulässig;feasible;True;True;True;101.46120938062893;122.89600500467003;150.15082337496904;54.46824385289398;0.10216706236589525;0.27204589298268955;0.22054685558039122;0.27947182992512354;187.64494740601825;184.15511509714955;188.18081460666517;183.5824487404823;38.565692990246966;0.5047431145201616;7.739586454268775;26.222783935766643;0.006951679736242602;0.029847475644978628;18.764494700293188;18.41551150623142;7.527232584805254;12.238829913144748;3.5059720935487357;99.28129446387004;0.01839011163215052;2685.418513833633;272.876302251446;227.67818320840965;0.012044408761146208;0.6428949957441297;0.587812469662906;0.2282827347651708;-6.390905582520645e-10;-3.878912480104191e-08;5.852317030985432e-08;-4.022303934370086e-09;-1.3466177506415988e-08;3.4835323958759545e-08;4.3311075614838046e-08;4.030863749449054e-07;-6.3909055825206455e-12;-3.8789124801041905e-10;5.852317030985432e-10;-4.022303934370086e-09;-1.3466177506415988e-10;3.4835323958759546e-10;4.3311075614838045e-10;4.030863749449054e-09;146.22278393576664;120.0;108.74516659051045;120.0;109.02018847245921;41.01406190772428;21.71189245490865;16.096730441877696;58.26723255614576;24.468243852893977;5.874745311440847;9.46387212664041;18.53879061937107;54.54840034468248;0.94590706690866;8.742521454143173;4.0;0.5800000000000002;106822.05043606754;15364.884650862905;6.952349650738727;0.94590706690866;deltaT_shex_1_K;shex;True;True;True;True;True;True;True;True;101.46120938062893;2677.8695523671568;0.0749394045052757;106822.05043606754;0.0;0.0;135.0;4.0;146.22278393576664;4.0;120.0;4.0;108.74516659051045;4.0;120.0;4.0;109.02018847245921;4.0;30.0;4.0;41.01406190772428;4.0;101.46120938062893;2677.8695523671568;0.007656338813753554;106822.05043606754;0.0;0.0;99.28129446387004;272.8763022514442;0.6549394045052759;15364.884650862905;0.5770025327270351;0.22054685558039122;167.9346763906753;382.4561999728368;0.5876563388137538;106822.05043606754;0.6430658094617316;0.27204589298268955;101.46120938062893;2677.8695523671568;0.06728306569152215;106822.05043606754;0.0;0.0;122.89600500467003;272.8763022514442;0.6549394045052759;106822.05043606754;0.5770025327270351;0.22054685558039122;151.0967304418777;331.76067037001616;0.6549394045052759;106822.05043606754;0.5770025327270351;0.22054685558039122;150.15082337496904;352.15540292969615;0.5800000000000002;106822.05043606754;0.6515546468660003;0.27947182992512354;114.15348355052686;285.66282880747883;0.5800000000000002;106822.05043606754;0.6515546468660003;0.27947182992512354;114.12525468855915;285.61136764257367;0.5800000000000002;15364.884650862905;0.6515546468660003;0.27947182992512354;99.28129446387004;2685.418513833633;0.0749394045052757;15364.884650862905;0.0;0.0;54.46824385289398;228.03155816086522;0.0749394045052757;15364.884650862905;0.0;0.0;54.47178812777673;228.12432217176357;0.0749394045052757;106822.05043606754;0.0;0.0;"Zustand 3: Temperatur 424.247 K liegt außerhalb des Boryta-Prüfbereichs; Kristallisation wurde nicht bewertet.";"Zustand 4: Temperatur 423.301 K liegt außerhalb des Boryta-Prüfbereichs; Kristallisation wurde nicht bewertet.";"Zustand 5: Temperatur 387.303 K liegt außerhalb des Boryta-Prüfbereichs; Kristallisation wurde nicht bewertet.";"Zustand 6: Temperatur 387.275 K liegt außerhalb des Boryta-Prüfbereichs; Kristallisation wurde nicht bewertet.";"Zustand 20: Temperatur 441.085 K liegt außerhalb des Boryta-Prüfbereichs; Kristallisation wurde nicht bewertet.";5
parallel;Parallel (T13 = T15);parallel;120.0;120.0;30.0;120.0;4.0;4.0;4.0;120.0;0.5900000000000002;Abwärmetemperatur [°C];hot_temperature_C;120.0;10.0;10.0;25.0;15.0;11.0;nan;nan;1.302974127860686e-17;`gtol` termination condition is satisfied.;4;3.5419168525000225e-07;5.1048489259931795e-09;1;True;;True;0;zulässig;feasible;True;True;True;101.44671669055509;122.7909449736236;150.20842584134;54.490097982940654;0.10280363043969828;0.27165835621766926;0.22096125685976728;0.27899303201082915;187.68723826463116;184.31959562815317;188.243558439698;183.7259642220478;39.44412697929527;0.504576925877087;7.866511235722942;26.225313293339184;0.006952118794233839;0.030359111886673108;18.76872379192324;18.431959559845808;7.529742338061552;12.248397612316474;3.5858297283717913;99.41319754702255;0.018181369928716315;2685.6690377819064;272.79115205131444;228.10935025040374;0.012090637945424643;0.652910843946666;0.5882862408152499;0.22862745889106445;-3.5767300232691923e-10;-3.279443205883581e-08;5.146819148649229e-08;-3.6763649347015814e-09;-1.1840796787510044e-08;2.9695087278014398e-08;3.730067987817165e-08;3.4539877447059553e-07;-3.5767300232691923e-12;-3.279443205883581e-10;5.146819148649228e-10;-3.6763649347015814e-09;-1.1840796787510043e-10;2.96950872780144e-10;3.730067987817165e-10;3.4539877447059552e-09;146.22531329333918;120.0;108.74141396891758;120.0;109.01160501064305;41.02389926005702;21.569897702694675;16.22124692130143;58.38929828696553;24.490097982940654;5.978774250812592;9.328216421895036;18.553283309444907;54.517964190782834;1.0128210799614408;8.741519100668029;4.0;0.5900000000000002;106767.30541917597;15381.039214022707;6.941488408783037;1.0128210799614408;deltaT_shex_1_K;shex;True;True;True;True;True;True;True;True;101.44671669055509;2677.846801840552;0.07500148189209044;106767.30541917597;0.0;0.0;135.0;4.0;146.22531329333918;4.0;120.0;4.0;108.74141396891758;4.0;120.0;4.0;109.01160501064305;4.0;30.0;4.0;41.02389926005702;4.0;101.44671669055509;2677.846801840552;0.007710424626864189;106767.30541917597;0.0;0.0;99.41319754702255;272.7911520513134;0.6650014818920906;15381.039214022707;0.577590391047014;0.22096125685976728;167.79521099603386;382.0290455968296;0.5977104246268644;106767.30541917597;0.6426163135586005;0.27165835621766926;101.44671669055509;2677.846801840552;0.06729105726522625;106767.30541917597;0.0;0.0;122.7909449736236;272.7911520513134;0.6650014818920906;106767.30541917597;0.577590391047014;0.22096125685976728;151.22124692130143;332.1054965352793;0.6650014818920906;106767.30541917597;0.577590391047014;0.22096125685976728;150.20842584134;352.0261138763796;0.5900000000000002;106767.30541917597;0.6510143491066039;0.27899303201082915;114.04942587295557;285.1716613684933;0.5900000000000002;106767.30541917597;0.6510143491066039;0.27899303201082915;114.02122574918741;285.1202052466515;0.5900000000000002;15381.039214022707;0.6510143491066039;0.27899303201082915;99.41319754702255;2685.6690377819064;0.07500148189209044;15381.039214022707;0.0;0.0;54.490097982940654;228.12298698059172;0.07500148189209044;15381.039214022707;0.0;0.0;54.49364081986022;228.21568006636616;0.07500148189209044;106767.30541917597;0.0;0.0;"Zustand 3: Temperatur 424.371 K liegt außerhalb des Boryta-Prüfbereichs; Kristallisation wurde nicht bewertet.";"Zustand 4: Temperatur 423.358 K liegt außerhalb des Boryta-Prüfbereichs; Kristallisation wurde nicht bewertet.";"Zustand 5: Temperatur 387.199 K liegt außerhalb des Boryta-Prüfbereichs; Kristallisation wurde nicht bewertet.";"Zustand 6: Temperatur 387.171 K liegt außerhalb des Boryta-Prüfbereichs; Kristallisation wurde nicht bewertet.";"Zustand 20: Temperatur 440.945 K liegt außerhalb des Boryta-Prüfbereichs; Kristallisation wurde nicht bewertet.";5
parallel;Parallel (T13 = T15);parallel;120.0;120.0;30.0;120.0;4.0;4.0;4.0;120.0;0.6000000000000002;Abwärmetemperatur [°C];hot_temperature_C;120.0;10.0;10.0;25.0;15.0;11.0;nan;nan;1.02682303392976e-17;`gtol` termination condition is satisfied.;4;3.0408766899465446e-07;4.531717188726057e-09;1;True;;True;0;zulässig;feasible;True;True;True;101.43276538221693;122.68989691749556;150.26050971480794;54.51115097191399;0.10345440292159956;0.2712794199118113;0.2213624764844799;0.27852690623970977;187.7193953073638;184.47804653918405;188.2954997182008;183.86411861104156;40.32040136556544;0.5044055992697524;7.993472231903884;26.22723656144518;0.006952533554389901;0.030870983639476116;18.771939501098057;18.44780465138062;7.531819989137819;12.25760790524666;3.6654910357658674;99.54074578253409;0.01798042515970717;2685.9113016653273;272.7117842776513;228.52696919910542;0.012137888244328376;0.6629233595580042;0.5887444650700066;0.22896133256361986;-1.1161205293319654e-10;-2.785910169222916e-08;4.52093331659853e-08;-3.3601575410990847e-09;-1.0244690429317416e-08;2.537785803724546e-08;3.234166001675476e-08;2.9638323439939995e-07;-1.1161205293319655e-12;-2.785910169222916e-10;4.52093331659853e-10;-3.3601575410990847e-09;-1.0244690429317416e-10;2.537785803724546e-10;3.2341660016754756e-10;2.9638323439939996e-09;146.22723656144518;120.0;108.73830743312197;120.0;109.00334218833484;41.03337598918563;21.4318280088915;16.341797444857036;58.50736979334846;24.51115097191399;6.08047155426317;9.197561650587886;18.567234617783072;54.488649764914896;1.0812877300490982;8.742196073849584;4.0;0.6000000000000002;106714.62735522607;15396.615301570215;6.931044600714473;1.0812877300490982;deltaT_shex_1_K;shex;True;True;True;True;True;True;True;True;101.43276538221693;2677.8249000618457;0.07506124780233236;106714.62735522607;0.0;0.0;135.0;4.0;146.22723656144518;4.0;120.0;4.0;108.73830743312197;4.0;120.0;4.0;109.00334218833484;4.0;30.0;4.0;41.03337598918563;4.0;101.43276538221693;2677.8249000618457;0.007765416573940522;106714.62735522607;0.0;0.0;99.54074578253409;272.71178427765045;0.6750612478023326;15396.615301570215;0.5781585892776235;0.2213624764844799;167.65906457033668;381.6118771388291;0.6077654165739407;106714.62735522607;0.6421761611012354;0.2712794199118113;101.43276538221693;2677.8249000618457;0.06729583122839185;106714.62735522607;0.0;0.0;122.68989691749556;272.71178427765045;0.6750612478023326;106714.62735522607;0.5781585892776235;0.2213624764844799;151.34179744485704;332.440292612011;0.6750612478023326;106714.62735522607;0.5781585892776235;0.2213624764844799;150.26050971480794;351.8934594383372;0.6000000000000002;106714.62735522607;0.6504874311756479;0.27852690623970977;113.94770084364598;284.6927904955421;0.6000000000000002;106714.62735522607;0.6504874311756479;0.27852690623970977;113.91952844573683;284.64133885614297;0.6000000000000002;15396.615301570215;0.6504874311756479;0.27852690623970977;99.54074578253409;2685.9113016653273;0.07506124780233236;15396.615301570215;0.0;0.0;54.51115097191399;228.21106432059474;0.07506124780233236;15396.615301570215;0.0;0.0;54.514692423419945;228.30368912710873;0.07506124780233236;106714.62735522607;0.0;0.0;"Zustand 3: Temperatur 424.492 K liegt außerhalb des Boryta-Prüfbereichs; Kristallisation wurde nicht bewertet.";"Zustand 4: Temperatur 423.411 K liegt außerhalb des Boryta-Prüfbereichs; Kristallisation wurde nicht bewertet.";"Zustand 5: Temperatur 387.098 K liegt außerhalb des Boryta-Prüfbereichs; Kristallisation wurde nicht bewertet.";"Zustand 6: Temperatur 387.070 K liegt außerhalb des Boryta-Prüfbereichs; Kristallisation wurde nicht bewertet.";"Zustand 20: Temperatur 440.809 K liegt außerhalb des Boryta-Prüfbereichs; Kristallisation wurde nicht bewertet.";5
parallel;Parallel (T13 = T15);parallel;120.0;120.0;30.0;120.0;4.0;4.0;4.0;120.0;0.6100000000000002;Abwärmetemperatur [°C];hot_temperature_C;120.0;10.0;10.0;25.0;15.0;11.0;nan;nan;8.137852145530805e-18;`gtol` termination condition is satisfied.;4;2.6136223510512776e-07;4.034315839279519e-09;1;True;;True;0;zulässig;feasible;True;True;True;101.4193100560015;122.59278093163755;150.30731949371932;54.53146730592101;0.10411949256878572;0.27090878756726755;0.2217510620389702;0.27807296779275503;187.7419469016085;184.63095317124916;188.33720261008807;183.9973614818737;41.19437284311883;0.504229166474157;8.120460172499522;26.22858534100527;0.006952926323402;0.03138305468450327;18.774194664701096;18.463095314960807;7.533488104780121;12.26649076359901;3.744942987912016;99.66416685414384;0.017786955291706368;2686.1457350908304;272.6380392690086;228.93168277837427;0.012186179165711408;0.6729327164439004;0.5891878544548662;0.22928483028837868;1.120241677199374e-10;-2.391335129914296e-08;3.96769905819383e-08;-3.0733738887178674e-09;-9.414947044206201e-09;2.1641085368173663e-08;2.788854658319906e-08;2.5459752350798226e-07;1.120241677199374e-12;-2.391335129914296e-10;3.96769905819383e-10;-3.0733738887178674e-09;-9.414947044206202e-11;2.1641085368173662e-10;2.788854658319906e-10;2.5459752350798224e-09;146.22858534100527;120.0;108.73581324102344;120.0;108.99537311711282;41.04252112268239;21.29750607989888;16.45852510294685;58.621645731461456;24.531467305921012;6.179880187007029;9.071646386879593;18.580689943998493;54.4603656969677;1.1512056092275316;8.744515510745657;4.0;0.6100000000000002;106663.8424141744;15411.659155158559;6.920983739669074;1.1512056092275316;deltaT_shex_1_K;shex;True;True;True;True;True;True;True;True;101.4193100560015;2677.8037758811442;0.0751188956096116;106663.8424141744;0.0;0.0;135.0;4.0;146.22858534100527;4.0;120.0;4.0;108.73581324102344;4.0;120.0;4.0;108.99537311711282;4.0;30.0;4.0;41.04252112268239;4.0;101.4193100560015;2677.8037758811442;0.007821341293200345;106663.8424141744;0.0;0.0;99.66416685414384;272.6380392690091;0.6851188956096118;15411.659155158559;0.5787079964292611;0.2217510620389702;167.52609142090415;381.20429203882424;0.6178213412932005;106663.8424141744;0.6417450482327712;0.27090878756726755;101.4193100560015;2677.8037758811442;0.06729755431641125;106663.8424141744;0.0;0.0;122.59278093163755;272.6380392690091;0.6851188956096118;106663.8424141744;0.5787079964292611;0.2217510620389702;151.45852510294685;332.76537352748767;0.6851188956096118;106663.8424141744;0.5787079964292611;0.2217510620389702;150.30731949371932;351.757589846625;0.6100000000000002;106663.8424141744;0.6499734154001089;0.27807296779275503;113.84826542089189;284.2258310875975;0.6100000000000002;106663.8424141744;0.6499734154001089;0.27807296779275503;113.82011981299297;284.1743834569672;0.6100000000000002;15411.659155158559;0.6499734154001089;0.27807296779275503;99.66416685414384;2686.1457350908304;0.0751188956096116;15411.659155158559;0.0;0.0;54.53146730592101;228.29605994697394;0.0751188956096116;15411.659155158559;0.0;0.0;54.53500742014512;228.38861889991085;0.0751188956096116;106663.8424141744;0.0;0.0;"Zustand 3: Temperatur 424.609 K liegt außerhalb des Boryta-Prüfbereichs; Kristallisation wurde nicht bewertet.";"Zustand 4: Temperatur 423.457 K liegt außerhalb des Boryta-Prüfbereichs; Kristallisation wurde nicht bewertet.";"Zustand 5: Temperatur 386.998 K liegt außerhalb des Boryta-Prüfbereichs; Kristallisation wurde nicht bewertet.";"Zustand 6: Temperatur 386.970 K liegt außerhalb des Boryta-Prüfbereichs; Kristallisation wurde nicht bewertet.";"Zustand 20: Temperatur 440.676 K liegt außerhalb des Boryta-Prüfbereichs; Kristallisation wurde nicht bewertet.";5
parallel;Parallel (T13 = T15);parallel;120.0;120.0;30.0;120.0;4.0;4.0;4.0;120.0;0.6200000000000002;Abwärmetemperatur [°C];hot_temperature_C;120.0;10.0;10.0;25.0;15.0;11.0;nan;nan;6.4857419084646685e-18;`gtol` termination condition is satisfied.;4;2.2524200809359627e-07;3.6015946214044324e-09;1;True;;True;0;zulässig;feasible;True;True;True;101.40630883748764;122.49951330203015;150.34909047405455;54.55110654283129;0.10479897821232015;0.2705461755092499;0.22212753244182337;0.2776307537913704;187.7553862492493;184.77876377430297;188.3691939336658;184.1261075009346;42.065911272981715;0.5040476632219046;8.247466156305634;26.229389129739786;0.006953299174861907;0.03189529010994331;18.775538602996097;18.477876375565863;7.534767757669321;12.275073831772723;3.824173753942724;99.78367381988562;0.017600652679437008;2686.3727401598776;272.56975500748274;229.32409519090248;0.012235526751652959;0.6829390769690278;0.5896170781723443;0.22959839930607526;3.3286795542153413e-10;-2.0388249311054096e-08;3.489384425847675e-08;-2.8104941707240982e-09;-8.067218004725873e-09;1.8644328747541294e-08;2.434376256132964e-08;2.1928835280959902e-07;3.3286795542153415e-12;-2.0388249311054096e-10;3.489384425847675e-10;-2.8104941707240982e-09;-8.067218004725874e-11;1.8644328747541295e-10;2.434376256132964e-10;2.19288352809599e-09;146.2293891297398;120.0;108.73389988435014;120.0;108.98767299635557;41.051361469754966;21.166764903329863;16.571566560878125;58.732312350130655;24.551106542831292;6.277043945003868;8.950226064464516;18.593691162512357;54.433027632628296;1.2224760868235762;8.748437564021856;4.0;0.6200000000000002;106614.79042160281;15426.213572700202;6.911274106192799;1.2224760868235762;deltaT_shex_1_K;shex;True;True;True;True;True;True;True;True;101.40630883748764;2677.7833636652213;0.07517460372068052;106614.79042160281;0.0;0.0;135.0;4.0;146.2293891297398;4.0;120.0;4.0;108.73389988435014;4.0;120.0;4.0;108.98767299635557;4.0;30.0;4.0;41.051361469754966;4.0;101.40630883748764;2677.7833636652213;0.0078782216574434;106614.79042160281;0.0;0.0;99.78367381988562;272.56975500748314;0.6951746037206807;15426.213572700202;0.5792394327655684;0.22212753244182337;167.39615403306965;380.8059084386587;0.6278782216574437;106614.79042160281;0.6413226833696093;0.2705461755092499;101.40630883748764;2677.7833636652213;0.06729638206323713;106614.79042160281;0.0;0.0;122.49951330203015;272.56975500748314;0.6951746037206807;106614.79042160281;0.5792394327655684;0.22212753244182337;151.57156656087813;333.0810438949634;0.6951746037206807;106614.79042160281;0.5792394327655684;0.22212753244182337;150.34909047405455;351.61865440715667;0.6200000000000002;106614.79042160281;0.649471843761606;0.2776307537913704;113.7510757380083;283.7704104190134;0.6200000000000002;106614.79042160281;0.649471843761606;0.2776307537913704;113.72295605499613;283.71896640270705;0.6200000000000002;15426.213572700202;0.649471843761606;0.2776307537913704;99.78367381988562;2686.3727401598776;0.07517460372068052;15426.213572700202;0.0;0.0;54.55110654283129;228.3782230105924;0.07517460372068052;15426.213572700202;0.0;0.0;54.554645363727275;228.47071833255907;0.07517460372068052;106614.79042160281;0.0;0.0;"Zustand 3: Temperatur 424.722 K liegt außerhalb des Boryta-Prüfbereichs; Kristallisation wurde nicht bewertet.";"Zustand 4: Temperatur 423.499 K liegt außerhalb des Boryta-Prüfbereichs; Kristallisation wurde nicht bewertet.";"Zustand 5: Temperatur 386.901 K liegt außerhalb des Boryta-Prüfbereichs; Kristallisation wurde nicht bewertet.";"Zustand 6: Temperatur 386.873 K liegt außerhalb des Boryta-Prüfbereichs; Kristallisation wurde nicht bewertet.";"Zustand 20: Temperatur 440.546 K liegt außerhalb des Boryta-Prüfbereichs; Kristallisation wurde nicht bewertet.";5
parallel;Parallel (T13 = T15);parallel;120.0;120.0;30.0;120.0;4.0;4.0;4.0;120.0;0.6300000000000002;Abwärmetemperatur [°C];hot_temperature_C;120.0;10.0;10.0;25.0;15.0;11.0;nan;nan;5.179354087584945e-18;`gtol` termination condition is satisfied.;4;1.9387122486958903e-07;3.2184947064070014e-09;1;True;;True;0;zulässig;feasible;True;True;True;101.39372308302848;122.41000743582526;150.38604875384027;54.57012371908371;0.10549290836307508;0.2701913122018854;0.22249237969954516;0.2771998222191695;187.7601741040995;184.9218925682325;188.39196602171384;184.25073934086254;42.934898552976414;0.5038611286417409;8.374481634638675;26.22967548469495;0.006953653974684209;0.032407656265467814;18.776017391547377;18.492189255232162;7.53567864114665;12.28338262132013;3.903172597322462;99.89946620522716;0.01742122347516599;2686.5926935188586;272.50676830783516;229.70477482279566;0.012285943941005906;0.6929425928790147;0.5900327657078731;0.22990246147642066;4.845830403610307e-10;-1.7570663146670995e-08;3.0753710689168656e-08;-2.569195023394144e-09;-6.952404874027707e-09;1.591087084307219e-08;2.106060037476709e-08;1.8862570527744538e-07;4.845830403610307e-12;-1.7570663146670994e-10;3.0753710689168656e-10;-2.569195023394144e-09;-6.952404874027706e-11;1.591087084307219e-10;2.106060037476709e-10;1.886257052774454e-09;146.22967548469495;120.0;108.73253791736158;120.0;108.98021893894361;41.05992180432014;21.039447018182784;16.68105237703287;58.839544400907016;24.57012371908371;6.372007187872839;8.833071712134426;18.606276916971524;54.40655765212705;1.2950036231925992;8.753920065885495;4.0;0.6300000000000002;106567.3236999873;15440.318182524808;6.901886505201628;1.2950036231925992;deltaT_shex_1_K;shex;True;True;True;True;True;True;True;True;101.39372308302848;2677.763602837694;0.0752285368200204;106567.3236999873;0.0;0.0;135.0;4.0;146.22967548469495;4.0;120.0;4.0;108.73253791736158;4.0;120.0;4.0;108.98021893894361;4.0;30.0;4.0;41.05992180432014;4.0;101.39372308302848;2677.763602837694;0.007936077141042632;106567.3236999873;0.0;0.0;99.89946620522716;272.50676830783425;0.7052285368200206;15440.318182524808;0.579753673038806;0.22249237969954516;167.26912250287774;380.416363857979;0.6379360771410428;106567.3236999873;0.6409087865898971;0.2701913122018854;101.39372308302848;2677.763602837694;0.06729245967897776;106567.3236999873;0.0;0.0;122.41000743582526;272.50676830783425;0.7052285368200206;106567.3236999873;0.579753673038806;0.22249237969954516;151.68105237703287;333.38759815425;0.7052285368200206;106567.3236999873;0.579753673038806;0.22249237969954516;150.38604875384027;351.4768005602796;0.6300000000000002;106567.3236999873;0.6489822770685549;0.2771998222191695;113.65608736993977;283.32616793727675;0.6300000000000002;106567.3236999873;0.6489822770685549;0.2771998222191695;113.62799281212716;283.2747272130458;0.6300000000000002;15440.318182524808;0.6489822770685549;0.2771998222191695;99.89946620522716;2686.5926935188586;0.0752285368200204;15440.318182524808;0.0;0.0;54.57012371908371;228.45778374855894;0.0752285368200204;15440.318182524808;0.0;0.0;54.57366128681656;228.55021747475675;0.0752285368200204;106567.3236999873;0.0;0.0;"Zustand 3: Temperatur 424.831 K liegt außerhalb des Boryta-Prüfbereichs; Kristallisation wurde nicht bewertet.";"Zustand 4: Temperatur 423.536 K liegt außerhalb des Boryta-Prüfbereichs; Kristallisation wurde nicht bewertet.";"Zustand 5: Temperatur 386.806 K liegt außerhalb des Boryta-Prüfbereichs; Kristallisation wurde nicht bewertet.";"Zustand 6: Temperatur 386.778 K liegt außerhalb des Boryta-Prüfbereichs; Kristallisation wurde nicht bewertet.";"Zustand 20: Temperatur 440.419 K liegt außerhalb des Boryta-Prüfbereichs; Kristallisation wurde nicht bewertet.";5
parallel;Parallel (T13 = T15);parallel;120.0;120.0;30.0;120.0;4.0;4.0;4.0;120.0;0.6400000000000002;Abwärmetemperatur [°C];hot_temperature_C;120.0;10.0;10.0;25.0;15.0;11.0;nan;nan;4.150885546727332e-18;`gtol` termination condition is satisfied.;4;1.6698777193521964e-07;2.881279419538248e-09;1;True;;True;0;zulässig;feasible;True;True;True;101.381517111991;122.32417467030183;150.41841130237725;54.588569720197256;0.10620130447298193;0.2698439376011185;0.22284607054240313;0.2767797508977053;187.7567412458507;185.0607225322597;188.40597933241716;184.37161033320854;43.80122757448122;0.5036696047481418;8.501498395360542;26.229470170206355;0.006953992403519091;0.03292012071645257;18.77567410834826;18.506072251879747;7.536239173548839;12.291440687668262;3.9819297808767478;100.01173100599084;0.017248387051151594;2686.8059482407125;272.44891583668453;230.07425674086483;0.012337440899388596;0.702943406103919;0.590435509683304;0.23019741501682384;6.353033654704632e-10;-1.516301040282997e-08;2.709296609282319e-08;-2.34815478172834e-09;-6.303821464825887e-09;1.3462226888805162e-08;1.818460759750451e-08;1.6236811006820062e-07;6.353033654704632e-12;-1.516301040282997e-10;2.709296609282319e-10;-2.34815478172834e-09;-6.303821464825887e-11;1.3462226888805163e-10;1.818460759750451e-10;1.6236811006820061e-09;146.22947017020635;120.0;108.73169980069275;120.0;108.97298981260712;41.06822503183372;20.915403843599222;16.78710730651926;58.94350597415712;24.588569720197256;6.4648146069950485;8.719968794701913;18.618482888008998;54.38088374119883;1.3686960041420093;8.760919105576477;4.0;0.6400000000000002;106521.30601732958;15454.00969439779;6.892794046579669;1.3686960041420093;deltaT_shex_1_K;shex;True;True;True;True;True;True;True;True;101.381517111991;2677.7444374607176;0.0752808470033074;106521.30601732958;0.0;0.0;135.0;4.0;146.22947017020635;4.0;120.0;4.0;108.73169980069275;4.0;120.0;4.0;108.97298981260712;4.0;30.0;4.0;41.06822503183372;4.0;101.381517111991;2677.7444374607176;0.007994924153582217;106521.30601732958;0.0;0.0;100.01173100599084;272.4489158366853;0.7152808470033076;15454.00969439779;0.5802514494835425;0.22284607054240313;167.14487401380558;380.0353139639821;0.6479949241535825;106521.30601732958;0.6405030890508487;0.2698439376011185;101.381517111991;2677.7444374607176;0.06728592284972518;106521.30601732958;0.0;0.0;122.32417467030183;272.4489158366853;0.7152808470033076;106521.30601732958;0.5802514494835425;0.22284607054240313;151.78710730651926;333.6853207509059;0.7152808470033076;106521.30601732958;0.5802514494835425;0.22284607054240313;150.41841130237725;351.33217311670506;0.6400000000000002;106521.30601732958;0.6485042941585705;0.2767797508977053;113.56325556472535;282.89275503257085;0.6400000000000002;106521.30601732958;0.6485042941585705;0.2767797508977053;113.53518539300495;282.8413173439514;0.6400000000000002;15454.00969439779;0.6485042941585705;0.2767797508977053;100.01173100599084;2686.8059482407125;0.0752808470033074;15454.00969439779;0.0;0.0;54.588569720197256;228.53495503404434;0.0752808470033074;15454.00969439779;0.0;0.0;54.592106071408296;228.62732902663788;0.0752808470033074;106521.30601732958;0.0;0.0;"Zustand 3: Temperatur 424.937 K liegt außerhalb des Boryta-Prüfbereichs; Kristallisation wurde nicht bewertet.";"Zustand 4: Temperatur 423.568 K liegt außerhalb des Boryta-Prüfbereichs; Kristallisation wurde nicht bewertet.";"Zustand 5: Temperatur 386.713 K liegt außerhalb des Boryta-Prüfbereichs; Kristallisation wurde nicht bewertet.";"Zustand 6: Temperatur 386.685 K liegt außerhalb des Boryta-Prüfbereichs; Kristallisation wurde nicht bewertet.";"Zustand 20: Temperatur 440.295 K liegt außerhalb des Boryta-Prüfbereichs; Kristallisation wurde nicht bewertet.";5
parallel;Parallel (T13 = T15);parallel;120.0;120.0;30.0;120.0;4.0;4.0;4.0;120.0;0.6500000000000002;Abwärmetemperatur [°C];hot_temperature_C;120.0;10.0;10.0;25.0;15.0;11.0;nan;nan;3.338817839654195e-18;`gtol` termination condition is satisfied.;4;1.4397788780659068e-07;2.584112164614452e-09;1;True;;True;0;zulässig;feasible;True;True;True;101.36965796279873;122.24192497290579;150.44638608272282;54.60649161863438;0.10692416391340018;0.26950380255229495;0.22318904794943098;0.27637013651169373;187.74549073554016;185.1956079475229;188.4116648319477;184.48904688367742;44.66480126094666;0.5034731359770513;8.6285085475589;26.22879729279549;0.00695431597642853;0.033432652198068694;18.774549059563387;18.519560793608203;7.536466593495752;12.299269791196924;4.060436479465068;100.12064360874626;0.0170818754360646;2687.0128355520797;272.3960349788115;230.4330449978098;0.012390025318936515;0.7129416494910623;0.5908258684763877;0.2304836361063787;7.365841270257079e-10;-1.3169085377739975e-08;2.3864316744948155e-08;-2.1459573562587764e-09;-5.446111117635155e-09;1.1440846492405399e-08;1.5723571777925827e-08;1.3990629099680518e-07;7.36584127025708e-12;-1.3169085377739975e-10;2.3864316744948156e-10;-2.1459573562587764e-09;-5.446111117635155e-11;1.1440846492405398e-10;1.5723571777925826e-10;1.3990629099680519e-09;146.2287972927955;120.0;108.73135975885481;120.0;108.96596609547385;41.07629234135902;20.7944950636209;16.88985058984173;59.04435126738724;24.60649161863438;6.555511025047622;8.610716150108544;18.630342037201274;54.35593930874518;1.4434645071189038;8.769389529335967;4.0;0.6500000000000002;106476.61163138026;15467.322129564109;6.883971946757465;1.4434645071189038;deltaT_shex_1_K;shex;True;True;True;True;True;True;True;True;101.36965796279873;2677.7258158537443;0.07533167480999858;106476.61163138026;0.0;0.0;135.0;4.0;146.2287972927955;4.0;120.0;4.0;108.73135975885481;4.0;120.0;4.0;108.96596609547385;4.0;30.0;4.0;41.07629234135902;4.0;101.36965796279873;2677.7258158537443;0.008054776345255248;106476.61163138026;0.0;0.0;100.12064360874626;272.3960349788109;0.7253316748099988;15467.322129564109;0.5807334545866694;0.22318904794943098;167.0232923564164;379.6624314367282;0.6580547763452554;106476.61163138026;0.6401053324450042;0.26950380255229495;101.36965796279873;2677.7258158537443;0.06727689846474333;106476.61163138026;0.0;0.0;122.24192497290579;272.3960349788109;0.7253316748099988;106476.61163138026;0.5807334545866694;0.22318904794943098;151.88985058984173;333.9744863440386;0.7253316748099988;106476.61163138026;0.5807334545866694;0.22318904794943098;150.44638608272282;351.1849136446742;0.6500000000000002;106476.61163138026;0.6480374911285309;0.27637013651169373;113.47253544356983;282.4698347828126;0.6500000000000002;106476.61163138026;0.6480374911285309;0.27637013651169373;113.44448897495238;282.4183999332771;0.6500000000000002;15467.322129564109;0.6480374911285309;0.27637013651169373;100.12064360874626;2687.0128355520797;0.07533167480999858;15467.322129564109;0.0;0.0;54.60649161863438;228.60993378966782;0.07533167480999858;15467.322129564109;0.0;0.0;54.61002678672867;228.7022497509679;0.07533167480999858;106476.61163138026;0.0;0.0;"Zustand 3: Temperatur 425.040 K liegt außerhalb des Boryta-Prüfbereichs; Kristallisation wurde nicht bewertet.";"Zustand 4: Temperatur 423.596 K liegt außerhalb des Boryta-Prüfbereichs; Kristallisation wurde nicht bewertet.";"Zustand 5: Temperatur 386.623 K liegt außerhalb des Boryta-Prüfbereichs; Kristallisation wurde nicht bewertet.";"Zustand 6: Temperatur 386.594 K liegt außerhalb des Boryta-Prüfbereichs; Kristallisation wurde nicht bewertet.";"Zustand 20: Temperatur 440.173 K liegt außerhalb des Boryta-Prüfbereichs; Kristallisation wurde nicht bewertet.";5
parallel;Parallel (T13 = T15);parallel;120.0;120.0;30.0;120.0;4.0;4.0;4.0;120.0;0.6600000000000003;Abwärmetemperatur [°C];hot_temperature_C;120.0;10.0;10.0;25.0;15.0;11.0;nan;nan;2.6945900893152413e-18;`gtol` termination condition is satisfied.;4;1.2431452738534654e-07;2.3214607855034904e-09;1;True;;True;0;zulässig;feasible;True;True;True;101.35811517056885;122.16316754325476;150.47017221769795;54.623932982161534;0.10766146268300744;0.26917066822752145;0.2235217325695178;0.27597059368082666;187.7267999770926;185.3268767176712;188.4094261747119;184.60335067425598;45.52553168474031;0.5032717687659874;8.755504506804359;26.227679424467283;0.006954626060257185;0.03394522056969135;18.77267998564212;18.53268767078577;7.536377047178785;12.306890044030336;4.138684699661378;100.22636863556403;0.016921432765735937;2687.213666418825;272.347964564943;230.78161475918566;0.012443702689710956;0.7229374474755459;0.5912043686251143;0.23076148036477565;8.339711143889872e-10;-1.153485129634646e-08;2.1107325665070675e-08;-1.9606515300196747e-09;-4.75770889352134e-09;9.813504675548756e-09;1.3800928400087287e-08;1.2067138754900952e-07;8.339711143889872e-12;-1.153485129634646e-10;2.1107325665070674e-10;-1.9606515300196747e-09;-4.75770889352134e-11;9.813504675548757e-11;1.3800928400087288e-10;1.2067138754900953e-09;146.22767942446728;120.0;108.73149364983783;120.0;108.95912974436266;41.084143344358324;20.676588062211124;16.989396226791655;59.142225291205705;24.623932982161534;6.644141223461816;8.505125014273801;18.64188482943115;54.33166274686255;1.5192240090937048;8.779285370228877;4.0;0.6600000000000003;106433.12442027348;15480.287031689328;6.875397349054108;1.5192240090937048;deltaT_shex_1_K;shex;True;True;True;True;True;True;True;True;101.35811517056885;2677.707690245948;0.0753811501652566;106433.12442027348;0.0;0.0;135.0;4.0;146.22767942446728;4.0;120.0;4.0;108.73149364983783;4.0;120.0;4.0;108.95912974436266;4.0;30.0;4.0;41.084143344358324;4.0;101.35811517056885;2677.707690245948;0.008115644885518953;106433.12442027348;0.0;0.0;100.22636863556403;272.3479645649422;0.7353811501652568;15480.287031689328;0.581200343650615;0.2235217325695178;166.9042674866784;379.29740492044425;0.6681156448855192;106433.12442027348;0.639715268490859;0.26917066822752145;101.35811517056885;2677.707690245948;0.06726550527973764;106433.12442027348;0.0;0.0;122.16316754325476;272.3479645649422;0.7353811501652568;106433.12442027348;0.581200343650615;0.2235217325695178;151.98939622679165;334.2553600353179;0.7353811501652568;106433.12442027348;0.581200343650615;0.2235217325695178;150.47017221769795;351.0351599873855;0.6600000000000003;106433.12442027348;0.6475814805912601;0.27597059368082666;113.38388217302588;282.05708167843653;0.6600000000000003;106433.12442027348;0.6475814805912601;0.27597059368082666;113.35585877653818;282.0056495260582;0.6600000000000003;15480.287031689328;0.6475814805912601;0.27597059368082666;100.22636863556403;2687.213666418825;0.0753811501652566;15480.287031689328;0.0;0.0;54.623932982161534;228.68290227708943;0.0753811501652566;15480.287031689328;0.0;0.0;54.62746699750011;228.77516176165568;0.0753811501652566;106433.12442027348;0.0;0.0;"Zustand 3: Temperatur 425.139 K liegt außerhalb des Boryta-Prüfbereichs; Kristallisation wurde nicht bewertet.";"Zustand 4: Temperatur 423.620 K liegt außerhalb des Boryta-Prüfbereichs; Kristallisation wurde nicht bewertet.";"Zustand 5: Temperatur 386.534 K liegt außerhalb des Boryta-Prüfbereichs; Kristallisation wurde nicht bewertet.";"Zustand 6: Temperatur 386.506 K liegt außerhalb des Boryta-Prüfbereichs; Kristallisation wurde nicht bewertet.";"Zustand 20: Temperatur 440.054 K liegt außerhalb des Boryta-Prüfbereichs; Kristallisation wurde nicht bewertet.";5
parallel;Parallel (T13 = T15);parallel;120.0;120.0;30.0;120.0;4.0;4.0;4.0;120.0;0.6700000000000003;Abwärmetemperatur [°C];hot_temperature_C;120.0;10.0;10.0;25.0;15.0;11.0;nan;nan;2.1786725712682843e-18;`gtol` termination condition is satisfied.;4;1.0717673399429675e-07;2.087425481912245e-09;1;True;;True;0;zulässig;feasible;True;True;True;101.34686056419969;122.08781132863402;150.48996019121222;54.64093415541436;0.10841315786718501;0.26884430560203065;0.22384452404687682;0.2755807540773174;187.70102260490464;185.45483248802043;188.39964170106924;184.7148006721699;46.38333925684955;0.5030655511778364;8.882478980988632;26.226137715604352;0.00695492388896339;0.03445779676972447;18.77010225009568;18.545483247962988;7.535985668215066;12.314320044011842;4.216667206078639;100.32906071996257;0.016766814749265002;2687.408733002698;272.30454547830317;231.12041426728288;0.012498476545106385;0.7329309166945532;0.5915715070372046;0.2310312842173293;9.727756378197228e-10;-1.0015476448188565e-08;1.855966047514812e-08;-1.791362835845689e-09;-4.3073953293060185e-09;8.39054337120615e-09;1.1992284498774097e-08;1.0394785476819379e-07;9.727756378197227e-12;-1.0015476448188565e-10;1.8559660475148122e-10;-1.791362835845689e-09;-4.3073953293060185e-11;8.390543371206149e-11;1.1992284498774097e-10;1.039478547681938e-09;146.22613771560435;120.0;108.73207884562981;120.0;108.952464074631;41.09179620143664;20.56155740447673;17.08585323626943;59.23726451852593;24.640934155414357;6.730749794310498;8.403018125667245;18.653139435800313;54.3079970290396;1.5958930450572097;8.790560215856317;4.0;0.6700000000000003;106390.73709076368;15492.933660313694;6.8670491608242985;1.5958930450572097;deltaT_shex_1_K;shex;True;True;True;True;True;True;True;True;101.34686056419969;2677.690016458971;0.07542939323965936;106390.73709076368;0.0;0.0;135.0;4.0;146.22613771560435;4.0;120.0;4.0;108.73207884562981;4.0;120.0;4.0;108.952464074631;4.0;30.0;4.0;41.09179620143664;4.0;101.34686056419969;2677.690016458971;0.008177538717117168;106390.73709076368;0.0;0.0;100.32906071996257;272.3045454783039;0.7454293932396596;15492.933660313694;0.5816527371677683;0.22384452404687682;166.78769512008108;378.93993805554373;0.6781775387171174;106390.73709076368;0.6393326584580025;0.26884430560203065;101.34686056419969;2677.690016458971;0.06725185452254219;106390.73709076368;0.0;0.0;122.08781132863402;272.3045454783039;0.7454293932396596;106390.73709076368;0.5816527371677683;0.22384452404687682;152.08585323626943;334.5281976142441;0.7454293932396596;106390.73709076368;0.5816527371677683;0.22384452404687682;150.48996019121222;350.88304589351316;0.6700000000000003;106390.73709076368;0.6471358909599352;0.2755807540773174;113.2972511127777;281.6541813325031;0.6700000000000003;106390.73709076368;0.6471358909599352;0.2755807540773174;113.2692502056895;281.60275178508556;0.6700000000000003;15492.933660313694;0.6471358909599352;0.2755807540773174;100.32906071996257;2687.408733002698;0.07542939323965936;15492.933660313694;0.0;0.0;54.64093415541436;228.7540292749245;0.07542939323965936;15492.933660313694;0.0;0.0;54.6444670455914;228.84623370068286;0.07542939323965936;106390.73709076368;0.0;0.0;"Zustand 3: Temperatur 425.236 K liegt außerhalb des Boryta-Prüfbereichs; Kristallisation wurde nicht bewertet.";"Zustand 4: Temperatur 423.640 K liegt außerhalb des Boryta-Prüfbereichs; Kristallisation wurde nicht bewertet.";"Zustand 5: Temperatur 386.447 K liegt außerhalb des Boryta-Prüfbereichs; Kristallisation wurde nicht bewertet.";"Zustand 6: Temperatur 386.419 K liegt außerhalb des Boryta-Prüfbereichs; Kristallisation wurde nicht bewertet.";"Zustand 20: Temperatur 439.938 K liegt außerhalb des Boryta-Prüfbereichs; Kristallisation wurde nicht bewertet.";5
parallel;Parallel (T13 = T15);parallel;120.0;120.0;30.0;120.0;4.0;4.0;4.0;120.0;0.6800000000000003;Abwärmetemperatur [°C];hot_temperature_C;120.0;10.0;10.0;25.0;15.0;11.0;nan;nan;1.7670230275025884e-18;`gtol` termination condition is satisfied.;4;9.256454246748242e-08;1.879905863336028e-09;1;True;;True;0;zulässig;feasible;True;True;True;101.33586808139887;122.01576546283894;150.50593207796373;54.65753251694895;0.10917918985185236;0.26852449496071934;0.2241578022585391;0.27520026558771243;187.66849021297793;185.5797565803181;188.38266626870953;184.82365496222053;47.23815198561742;0.5028545325652556;9.009424956820894;26.224191998383844;0.006955210577207603;0.034970352771558216;18.7668490123259;18.557975657332417;7.53530665089893;12.32157699679104;4.294377454033855;100.42886522003789;0.016617788151055;2687.5983100003423;272.2656211543959;231.44986665534523;0.012554348683250227;0.7429221665504091;0.5919277530229548;0.2312933661562401;9.828227121033706e-10;-8.754980740377505e-09;1.6374087863368914e-08;-1.636305091423651e-09;-3.76371644961182e-09;6.993928991505527e-09;1.0354938240197953e-08;8.971892384579405e-08;9.828227121033706e-12;-8.754980740377505e-11;1.6374087863368913e-10;-1.636305091423651e-09;-3.76371644961182e-11;6.993928991505527e-11;1.0354938240197953e-10;8.971892384579405e-10;146.22419199838384;120.0;108.73309412268486;120.0;108.9459536505849;41.09926773805728;20.44928435851193;17.179325903231984;59.32959748198061;24.657532516948947;6.815381013853084;8.304228902646969;18.66413191860113;54.28488934363867;1.6733938252682492;8.803167521041757;4.0;0.6800000000000003;106349.35045775787;15505.28916817602;6.858907905828395;1.6733938252682492;deltaT_shex_1_K;shex;True;True;True;True;True;True;True;True;101.33586808139887;2677.6727536176563;0.07547651523365906;106349.35045775787;0.0;0.0;135.0;4.0;146.22419199838384;4.0;120.0;4.0;108.73309412268486;4.0;120.0;4.0;108.9459536505849;4.0;30.0;4.0;41.09926773805728;4.0;101.33586808139887;2677.6727536176563;0.00824046478605189;106349.35045775787;0.0;0.0;100.42886522003789;272.26562115439634;0.7554765152336593;15505.28916817602;0.5820912230224893;0.2241578022585391;166.67347635689578;378.5897485793004;0.6882404647860522;106349.35045775787;0.6389572727173745;0.26852449496071934;101.33586808139887;2677.6727536176563;0.06723605044760717;106349.35045775787;0.0;0.0;122.01576546283894;272.26562115439634;0.7554765152336593;106349.35045775787;0.5820912230224893;0.2241578022585391;152.17932590323198;334.79324581657033;0.7554765152336593;106349.35045775787;0.5820912230224893;0.2241578022585391;150.50593207796373;350.72870074569033;0.6800000000000003;106349.35045775787;0.6467003657604835;0.27520026558771243;113.21259794179718;281.26083018005124;0.6800000000000003;106349.35045775787;0.6467003657604835;0.27520026558771243;113.18461898614692;281.2094031906813;0.6800000000000003;15505.28916817602;0.6467003657604835;0.27520026558771243;100.42886522003789;2687.5983100003423;0.07547651523365906;15505.28916817602;0.0;0.0;54.65753251694895;228.82347115407237;0.07547651523365906;15505.28916817602;0.0;0.0;54.66106430694623;228.91562181253448;0.07547651523365906;106349.35045775787;0.0;0.0;"Zustand 3: Temperatur 425.329 K liegt außerhalb des Boryta-Prüfbereichs; Kristallisation wurde nicht bewertet.";"Zustand 4: Temperatur 423.656 K liegt außerhalb des Boryta-Prüfbereichs; Kristallisation wurde nicht bewertet.";"Zustand 5: Temperatur 386.363 K liegt außerhalb des Boryta-Prüfbereichs; Kristallisation wurde nicht bewertet.";"Zustand 6: Temperatur 386.335 K liegt außerhalb des Boryta-Prüfbereichs; Kristallisation wurde nicht bewertet.";"Zustand 20: Temperatur 439.823 K liegt außerhalb des Boryta-Prüfbereichs; Kristallisation wurde nicht bewertet.";5
parallel;Parallel (T13 = T15);parallel;120.0;120.0;30.0;120.0;4.0;4.0;4.0;120.0;0.6900000000000003;Abwärmetemperatur [°C];hot_temperature_C;120.0;10.0;10.0;25.0;15.0;11.0;nan;nan;1.437137697638329e-18;`gtol` termination condition is satisfied.;4;8.003985032381889e-08;1.6953688080404978e-09;1;True;;True;0;zulässig;feasible;True;True;True;101.32511359966509;121.94693963667629;150.5182617941931;54.67376271419147;0.10995948432759685;0.26821102543951086;0.224461928469179;0.27482879151603923;187.62951394222569;185.70190976132798;188.35883293572618;184.93015242017825;48.089904799857194;0.5026387632716629;9.136335686910211;26.221860881712075;0.00695548713236846;0.03548286154038843;18.762951386468476;18.570190975547934;7.5343533175625295;12.328676827419141;4.371809527960463;100.5259188740468;0.016474130289015794;2687.7826558744714;272.2310379853636;231.77037162318462;0.012611319366147788;0.7529112997281329;0.5922735501653386;0.23154802790543594;1.0235581271444971e-09;-7.70789654325199e-09;1.4376837498275563e-08;-1.4946106574598161e-09;-3.3370497476425953e-09;5.848647788297967e-09;8.891134939403855e-09;7.75409318976017e-08;1.0235581271444971e-11;-7.70789654325199e-11;1.4376837498275562e-10;-1.4946106574598161e-09;-3.337049747642595e-11;5.848647788297967e-11;8.891134939403855e-11;7.75409318976017e-10;146.22186088171208;120.0;108.73451956126041;120.0;108.93958418539603;41.10657355031867;20.339656455920874;17.269914012591187;59.41934532372812;24.67376271419147;6.898078735256263;8.208600687213618;18.674886400334913;54.2622907588306;1.7516522183980783;8.817060871327442;4.0;0.6900000000000003;106308.87278712816;15517.378763910383;6.85095559015267;1.7516522183980783;deltaT_shex_1_K;shex;True;True;True;True;True;True;True;True;101.32511359966509;2677.6558638856686;0.07552261909428037;106308.87278712816;0.0;0.0;135.0;4.0;146.22186088171208;4.0;120.0;4.0;108.73451956126041;4.0;120.0;4.0;108.93958418539603;4.0;30.0;4.0;41.10657355031867;4.0;101.32511359966509;2677.6558638856686;0.00830442825067659;106308.87278712816;0.0;0.0;100.5259188740468;272.2310379853641;0.7655226190942807;15517.378763910383;0.5825163585331768;0.224461928469179;166.56151733763295;378.24656749568436;0.6983044282506768;106308.87278712816;0.6385888903229349;0.26821102543951086;101.32511359966509;2677.6558638856686;0.06721819084360378;106308.87278712816;0.0;0.0;121.94693963667629;272.2310379853641;0.7655226190942807;106308.87278712816;0.5825163585331768;0.224461928469179;152.2699140125912;335.0507425902446;0.7655226190942807;106308.87278712816;0.5825163585331768;0.224461928469179;150.5182617941931;350.5722493704198;0.6900000000000003;106308.87278712816;0.6462745629704063;0.27482879151603923;113.12987876534885;280.87673516921166;0.6900000000000003;106308.87278712816;0.6462745629704063;0.27482879151603923;113.10192126474374;280.8253107321966;0.6900000000000003;15517.378763910383;0.6462745629704063;0.27482879151603923;100.5259188740468;2687.7826558744714;0.07552261909428037;15517.378763910383;0.0;0.0;54.67376271419147;228.89137286026894;0.07552261909428037;15517.378763910383;0.0;0.0;54.67729342656543;228.9834709259317;0.07552261909428037;106308.87278712816;0.0;0.0;"Zustand 3: Temperatur 425.420 K liegt außerhalb des Boryta-Prüfbereichs; Kristallisation wurde nicht bewertet.";"Zustand 4: Temperatur 423.668 K liegt außerhalb des Boryta-Prüfbereichs; Kristallisation wurde nicht bewertet.";"Zustand 5: Temperatur 386.280 K liegt außerhalb des Boryta-Prüfbereichs; Kristallisation wurde nicht bewertet.";"Zustand 6: Temperatur 386.252 K liegt außerhalb des Boryta-Prüfbereichs; Kristallisation wurde nicht bewertet.";"Zustand 20: Temperatur 439.712 K liegt außerhalb des Boryta-Prüfbereichs; Kristallisation wurde nicht bewertet.";5
parallel;Parallel (T13 = T15);parallel;120.0;120.0;30.0;120.0;4.0;4.0;4.0;120.0;0.7000000000000003;Abwärmetemperatur [°C];hot_temperature_C;120.0;10.0;10.0;25.0;15.0;11.0;nan;nan;1.1701332090192728e-18;`gtol` termination condition is satisfied.;4;6.905996269864615e-08;1.5297929330594207e-09;1;True;;True;0;zulässig;feasible;True;True;True;101.31457478201958;121.8812444095945;150.52711536480763;54.689656878246296;0.1107539540858989;0.2679036945923956;0.22475724641032296;0.27446600982757485;187.58438593849723;185.82153385912443;188.32845450660474;185.03451424061043;48.93853893063723;0.5024182943689334;9.263204677489231;26.219161838426885;0.006955754465213926;0.035995296991410186;18.758438587168015;18.582153385411054;7.533138180386631;12.335634282186016;4.448958085222246;100.62035040380687;0.01633562855004981;2687.962013987278;272.20064564402253;232.0823069868585;0.0126693874989523;0.762898412670798;0.5926093180436206;0.231795555498407;1.0501253200345673e-09;-6.807482577642077e-09;1.2640555269172182e-08;-1.3651098584865906e-09;-3.061046527363942e-09;5.013873760617571e-09;7.820204928066232e-09;6.68170798689971e-08;1.0501253200345673e-11;-6.807482577642077e-11;1.2640555269172182e-10;-1.3651098584865906e-09;-3.061046527363942e-11;5.013873760617571e-11;7.820204928066232e-11;6.681707986899709e-10;146.21916183842688;120.0;108.73633645295428;120.0;108.93334244972425;41.11372810162226;20.232567085900598;17.35771307135559;59.50662230218461;24.689656878246296;6.978886297974839;8.11598604914741;18.685425217980423;54.24015591633338;1.8305977065479624;8.832194204235066;4.0;0.7000000000000003;106269.21919681996;15529.225861324778;6.843175580405544;1.8305977065479624;deltaT_shex_1_K;shex;True;True;True;True;True;True;True;True;101.31457478201958;2677.6393122241393;0.07556780016975007;106269.21919681996;0.0;0.0;135.0;4.0;146.21916183842688;4.0;120.0;4.0;108.73633645295428;4.0;120.0;4.0;108.93334244972425;4.0;30.0;4.0;41.11372810162226;4.0;101.31457478201958;2677.6393122241393;0.008369432670372882;106269.21919681996;0.0;0.0;100.62035040380687;272.20064564402225;0.7755678001697504;15529.225861324778;0.5829286723487617;0.22475724641032296;166.45172892432748;377.9101383026024;0.7083694326703732;106269.21919681996;0.638227298614802;0.2679036945923956;101.31457478201958;2677.6393122241393;0.06719836749937719;106269.21919681996;0.0;0.0;121.8812444095945;272.20064564402225;0.7755678001697504;106269.21919681996;0.5829286723487617;0.22475724641032296;152.3577130713556;335.3009173674305;0.7755678001697504;106269.21919681996;0.5829286723487617;0.22475724641032296;150.52711536480763;350.41381191890525;0.7000000000000003;106269.21919681996;0.6458581543848602;0.27446600982757485;113.04905020535944;280.50161344806656;0.7000000000000003;106269.21919681996;0.6458581543848602;0.27446600982757485;113.02111370202516;280.45019159522167;0.7000000000000003;15529.225861324778;0.6458581543848602;0.27446600982757485;100.62035040380687;2687.962013987278;0.07556780016975007;15529.225861324778;0.0;0.0;54.689656878246296;228.95786881290078;0.07556780016975007;15529.225861324778;0.0;0.0;54.69318653339087;229.0499153518974;0.07556780016975007;106269.21919681996;0.0;0.0;"Zustand 3: Temperatur 425.508 K liegt außerhalb des Boryta-Prüfbereichs; Kristallisation wurde nicht bewertet.";"Zustand 4: Temperatur 423.677 K liegt außerhalb des Boryta-Prüfbereichs; Kristallisation wurde nicht bewertet.";"Zustand 5: Temperatur 386.199 K liegt außerhalb des Boryta-Prüfbereichs; Kristallisation wurde nicht bewertet.";"Zustand 6: Temperatur 386.171 K liegt außerhalb des Boryta-Prüfbereichs; Kristallisation wurde nicht bewertet.";"Zustand 20: Temperatur 439.602 K liegt außerhalb des Boryta-Prüfbereichs; Kristallisation wurde nicht bewertet.";5
parallel;Parallel (T13 = T15);parallel;120.0;120.0;30.0;120.0;4.0;4.0;4.0;120.0;0.7100000000000003;Abwärmetemperatur [°C];hot_temperature_C;120.0;10.0;10.0;25.0;15.0;11.0;nan;nan;9.556828996985781e-19;`gtol` termination condition is satisfied.;4;5.977648687030321e-08;1.3825215366847477e-09;1;True;;True;0;zulässig;feasible;True;True;True;101.3042309358973;121.81859146861143;150.5326512010899;54.70524482043709;0.11156250063468258;0.26760230798619716;0.2250440832884661;0.27411161243053017;187.53338069410842;185.93885324214403;188.29182495622578;185.136945333739;49.784001348196064;0.5021931774257513;9.390025676705855;26.216111285532804;0.006956013399368786;0.03650763394917497;18.753338063633954;18.5938853237996;7.53167299835716;12.342463021796778;4.525818304930252;100.71228107011359;0.016202079922545586;2688.136613643891;272.174297335603;232.3860301113711;0.012728550790709336;0.7728835960175069;0.592935453821688;0.23203622027503965;1.0608900424813328e-09;-6.036707134171593e-09;1.1237489161430858e-08;-1.2466749299555602e-09;-2.7032172056351556e-09;4.148034804529743e-09;6.78733158565592e-09;5.776888656328083e-08;1.0608900424813327e-11;-6.036707134171593e-11;1.1237489161430858e-10;-1.2466749299555602e-09;-2.7032172056351556e-11;4.1480348045297434e-11;6.78733158565592e-11;5.776888656328083e-10;146.2161112855328;120.0;108.73852721553675;120.0;108.92721618817353;41.12074481113302;20.12791512083328;17.44281451898479;59.59153625898057;24.705244820437088;7.0578464519683735;8.026246145423158;18.695769064102706;54.21844275151699;1.9101633178948987;8.848521992639292;4.0;0.7100000000000003;106230.31110988233;15540.852216442501;6.8355524928992475;1.9101633178948987;deltaT_shex_1_K;shex;True;True;True;True;True;True;True;True;101.3042309358973;2677.623066170864;0.07561214680821593;106230.31110988233;0.0;0.0;135.0;4.0;146.2161112855328;4.0;120.0;4.0;108.73852721553675;4.0;120.0;4.0;108.92721618817353;4.0;30.0;4.0;41.12074481113302;4.0;101.3042309358973;2677.623066170864;0.008435480176281302;106230.31110988233;0.0;0.0;100.71228107011359;272.174297335603;0.7856121468082162;15540.852216442501;0.5833286662099582;0.2250440832884661;166.34402640636608;377.5802162752438;0.7184354801762816;106230.31110988233;0.637872292846963;0.26760230798619716;101.3042309358973;2677.623066170864;0.06717666663193463;106230.31110988233;0.0;0.0;121.81859146861143;272.174297335603;0.7856121468082162;106230.31110988233;0.5833286662099582;0.2250440832884661;152.4428145189848;335.5439913385005;0.7856121468082162;106230.31110988233;0.5833286662099582;0.2250440832884661;150.5326512010899;350.2535038053078;0.7100000000000003;106230.31110988233;0.6454508250084203;0.27411161243053017;112.97006947597214;280.1351920487794;0.7100000000000003;106230.31110988233;0.6454508250084203;0.27411161243053017;112.94215354803163;280.0837728460341;0.7100000000000003;15540.852216442501;0.6454508250084203;0.27411161243053017;100.71228107011359;2688.136613643891;0.07561214680821593;15540.852216442501;0.0;0.0;54.70524482043709;229.0230837270271;0.07561214680821593;15540.852216442501;0.0;0.0;54.70877343665654;229.11507970509413;0.07561214680821593;106230.31110988233;0.0;0.0;"Zustand 3: Temperatur 425.593 K liegt außerhalb des Boryta-Prüfbereichs; Kristallisation wurde nicht bewertet.";"Zustand 4: Temperatur 423.683 K liegt außerhalb des Boryta-Prüfbereichs; Kristallisation wurde nicht bewertet.";"Zustand 5: Temperatur 386.120 K liegt außerhalb des Boryta-Prüfbereichs; Kristallisation wurde nicht bewertet.";"Zustand 6: Temperatur 386.092 K liegt außerhalb des Boryta-Prüfbereichs; Kristallisation wurde nicht bewertet.";"Zustand 20: Temperatur 439.494 K liegt außerhalb des Boryta-Prüfbereichs; Kristallisation wurde nicht bewertet.";5
parallel;Parallel (T13 = T15);parallel;120.0;120.0;30.0;120.0;4.0;4.0;4.0;120.0;0.7200000000000003;Abwärmetemperatur [°C];hot_temperature_C;120.0;10.0;10.0;25.0;15.0;11.0;nan;nan;7.820565030523847e-19;`gtol` termination condition is satisfied.;4;5.177353056519523e-08;1.2506450360133243e-09;1;True;;True;0;zulässig;feasible;True;True;True;101.29406288421956;121.75889384179862;150.53502038562976;54.72055421207614;0.11238501564589098;0.2673066788200238;0.22532275072796562;0.27376530449480335;187.4767562832725;186.0540761729051;188.249220741643;185.2376356028031;50.62624424938092;0.501963464305617;9.5167926634958;26.21272465809045;0.006956264679777638;0.03701984810853559;18.747675623331364;18.605407616940944;7.5299688297627965;12.349175706459617;4.602385841337955;100.80182518443183;0.016073290546461744;2688.3066710538756;272.1518499885968;232.68187923662344;0.01278880589853304;0.7828669350068831;0.5932523337142195;0.23227027980511966;1.056825738032785e-09;-5.336588060345093e-09;1.003468241833616e-08;-1.1385046239098529e-09;-2.4269013465527678e-09;3.49567130797368e-09;5.908844968871563e-09;4.995885660719068e-08;1.056825738032785e-11;-5.336588060345093e-11;1.003468241833616e-10;-1.1385046239098529e-09;-2.4269013465527678e-11;3.49567130797368e-11;5.908844968871562e-11;4.995885660719068e-10;146.21272465809045;120.0;108.74107531449505;120.0;108.92119404289457;41.12763613474311;20.02560457061128;17.525305927063187;59.67418904968872;24.720554212076138;7.135001294893357;7.939250130063215;18.705937115780443;54.197112237167175;1.9902855414334226;8.865999395653091;4.0;0.7200000000000003;106192.0757554075;15552.278053235286;6.82807209284152;1.9902855414334226;deltaT_shex_1_K;shex;True;True;True;True;True;True;True;True;101.29406288421956;2677.607095638519;0.07565574090541582;106192.0757554075;0.0;0.0;135.0;4.0;146.21272465809045;4.0;120.0;4.0;108.74107531449505;4.0;120.0;4.0;108.92119404289457;4.0;30.0;4.0;41.12763613474311;4.0;101.29406288421956;2677.607095638519;0.008502571625356631;106192.0757554075;0.0;0.0;100.80182518443183;272.15184998859627;0.7956557409054161;15552.278053235286;0.5837168165870643;0.22532275072796562;166.23832922870173;377.2565678004366;0.7285025716253569;106192.0757554075;0.6375236758366312;0.2673066788200238;101.29406288421956;2677.607095638519;0.0671531692800592;106192.0757554075;0.0;0.0;121.75889384179862;272.15184998859627;0.7956557409054161;106192.0757554075;0.5837168165870643;0.22532275072796562;152.5253059270632;335.78017772713656;0.7956557409054161;106192.0757554075;0.5837168165870643;0.22532275072796562;150.53502038562976;350.09143569441505;0.7200000000000003;106192.0757554075;0.6450522724729603;0.27376530449480335;112.89289444614553;279.77720757174274;0.7200000000000003;106192.0757554075;0.6450522724729603;0.27376530449480335;112.86499870510664;279.7257911160364;0.7200000000000003;15552.278053235286;0.6450522724729603;0.27376530449480335;100.80182518443183;2688.3066710538756;0.07565574090541582;15552.278053235286;0.0;0.0;54.72055421207614;229.08713336527734;0.07565574090541582;15552.278053235286;0.0;0.0;54.724081805727394;229.17907965509656;0.07565574090541582;106192.0757554075;0.0;0.0;"Zustand 3: Temperatur 425.675 K liegt außerhalb des Boryta-Prüfbereichs; Kristallisation wurde nicht bewertet.";"Zustand 4: Temperatur 423.685 K liegt außerhalb des Boryta-Prüfbereichs; Kristallisation wurde nicht bewertet.";"Zustand 5: Temperatur 386.043 K liegt außerhalb des Boryta-Prüfbereichs; Kristallisation wurde nicht bewertet.";"Zustand 6: Temperatur 386.015 K liegt außerhalb des Boryta-Prüfbereichs; Kristallisation wurde nicht bewertet.";"Zustand 20: Temperatur 439.388 K liegt außerhalb des Boryta-Prüfbereichs; Kristallisation wurde nicht bewertet.";5
parallel;Parallel (T13 = T15);parallel;120.0;120.0;30.0;120.0;4.0;4.0;4.0;120.0;0.7300000000000003;Abwärmetemperatur [°C];hot_temperature_C;120.0;10.0;10.0;25.0;15.0;11.0;nan;nan;6.40641860828608e-19;`gtol` termination condition is satisfied.;4;4.477324367107477e-08;1.1319380379054394e-09;1;True;;True;0;zulässig;feasible;True;True;True;101.2840528473692;121.70206607203204;150.53436696051114;54.73561074922833;0.1132213822493947;0.26701662756602856;0.2255935456528279;0.27342680380525325;187.41475550048494;186.16739604731865;188.20090201148776;185.33676111240126;51.465224591156556;0.5017292069911734;9.643499837033065;26.20901647730176;0.006956508980212546;0.03753191599693398;18.7414755457314;18.616739604445563;7.528036080543795;12.355784073819878;4.67865678144408;100.88909058072545;0.01594907528090418;2688.4723902179862;272.13316439279083;232.97017470514956;0.012850148556637686;0.7928485098491674;0.5935603143404303;0.23249797874391842;1.062524290773581e-09;-4.7283279513976595e-09;8.813003660179675e-09;-1.0396766225717613e-09;-2.1071286937512923e-09;2.863004056052887e-09;5.103089506519609e-09;4.3170928165636724e-08;1.062524290773581e-11;-4.728327951397659e-11;8.813003660179675e-11;-1.0396766225717613e-09;-2.1071286937512923e-11;2.863004056052887e-11;5.103089506519609e-11;4.3170928165636724e-10;146.20901647730176;120.0;108.74396519070046;120.0;108.91526548370808;41.134413639193724;19.925544262534515;17.605271188438394;59.75467694153173;24.73561074922833;7.21039222059153;7.854874609975013;18.715947152630804;54.17612814877634;2.070904227927258;8.884582381059147;4.0;0.7300000000000003;106154.44571228215;15563.522179205274;6.820721202435601;2.070904227927258;deltaT_shex_1_K;shex;True;True;True;True;True;True;True;True;101.2840528473692;2677.591372729914;0.07569865840580481;106154.44571228215;0.0;0.0;135.0;4.0;146.20901647730176;4.0;120.0;4.0;108.74396519070046;4.0;120.0;4.0;108.91526548370808;4.0;30.0;4.0;41.134413639193724;4.0;101.2840528473692;2677.591372729914;0.00857070673912998;106154.44571228215;0.0;0.0;100.88909058072545;272.1331643927909;0.8056986584058051;15563.522179205274;0.5840935762032576;0.2255935456528279;166.13456073983627;376.938969755863;0.7385707067391303;106154.44571228215;0.6371812576318593;0.26701662756602856;101.2840528473692;2677.591372729914;0.06712795166667483;106154.44571228215;0.0;0.0;121.70206607203204;272.1331643927909;0.8056986584058051;106154.44571228215;0.5840935762032576;0.2255935456528279;152.6052711884384;336.00968206378735;0.8056986584058051;106154.44571228215;0.5840935762032576;0.2255935456528279;150.53436696051114;349.9277135288051;0.7300000000000003;106154.44571228215;0.6446622064800183;0.27342680380525325;112.81748369097289;279.42740587114207;0.7300000000000003;106154.44571228215;0.6446622064800183;0.27342680380525325;112.78960777940847;279.3759922875846;0.7300000000000003;15563.522179205274;0.6446622064800183;0.27342680380525325;100.88909058072545;2688.4723902179862;0.07569865840580481;15563.522179205274;0.0;0.0;54.73561074922833;229.1501252273198;0.07569865840580481;15563.522179205274;0.0;0.0;54.73913733493174;229.24202261528828;0.07569865840580481;106154.44571228215;0.0;0.0;"Zustand 3: Temperatur 425.755 K liegt außerhalb des Boryta-Prüfbereichs; Kristallisation wurde nicht bewertet.";"Zustand 4: Temperatur 423.684 K liegt außerhalb des Boryta-Prüfbereichs; Kristallisation wurde nicht bewertet.";"Zustand 5: Temperatur 385.967 K liegt außerhalb des Boryta-Prüfbereichs; Kristallisation wurde nicht bewertet.";"Zustand 6: Temperatur 385.940 K liegt außerhalb des Boryta-Prüfbereichs; Kristallisation wurde nicht bewertet.";"Zustand 20: Temperatur 439.285 K liegt außerhalb des Boryta-Prüfbereichs; Kristallisation wurde nicht bewertet.";5
parallel;Parallel (T13 = T15);parallel;120.0;120.0;30.0;120.0;4.0;4.0;4.0;120.0;0.7400000000000003;Abwärmetemperatur [°C];hot_temperature_C;120.0;10.0;10.0;25.0;15.0;11.0;nan;nan;5.25646988513731e-19;`gtol` termination condition is satisfied.;4;3.875014605616299e-08;1.025326278326788e-09;1;True;;True;0;zulässig;feasible;True;True;True;101.2741843351605;121.64802435625614;150.53082821612384;54.75043830357026;0.11407147619298569;0.2667319816316964;0.22585675111202888;0.27309584014847993;187.3476069112741;186.27899253066755;188.14711372260496;185.43448515852856;52.300903666577156;0.5014904574325261;9.770141606702492;26.20500041335373;0.006956746910000724;0.038043814938226984;18.734760687397564;18.627899252827262;7.525884548984183;12.36229901026795;4.7546276064324555;100.97417905066686;0.015829257289300954;2688.6339637462547;272.1181052923429;233.25122009944783;0.01291257369178056;0.8028283960698399;0.5938597339755898;0.23271954962581634;1.0401137728877075e-09;-4.1798529082370806e-09;7.802327672834508e-09;-9.493296149187813e-10;-1.999609366976074e-09;2.3949269234435633e-09;4.509303153099609e-09;3.729846298483608e-08;1.0401137728877074e-11;-4.1798529082370805e-11;7.802327672834508e-11;-9.493296149187813e-10;-1.9996093669760738e-11;2.3949269234435632e-11;4.5093031530996084e-11;3.7298462984836077e-10;146.20500041335373;120.0;108.7471821936241;120.0;108.90942074410714;41.141088070015996;19.8276475451828;17.682790696557106;59.833090980650866;24.750438303570263;7.284059877587026;7.773003142957236;18.7258156648395;54.155456849812595;2.1519624804332693;8.904227823246003;4.0;0.7400000000000003;106117.35849209118;15574.602091498948;6.813487617125897;2.1519624804332693;deltaT_shex_1_K;shex;True;True;True;True;True;True;True;True;101.2741843351605;2677.5758715688635;0.07574096976162015;106117.35849209118;0.0;0.0;135.0;4.0;146.20500041335373;4.0;120.0;4.0;108.7471821936241;4.0;120.0;4.0;108.90942074410714;4.0;30.0;4.0;41.141088070015996;4.0;101.2741843351605;2677.5758715688635;0.008639884228996302;106117.35849209118;0.0;0.0;100.97417905066686;272.118105292344;0.8157409697616205;15574.602091498948;0.5844593754527343;0.22585675111202888;166.03264795853653;376.62720893246166;0.7486398842289966;106117.35849209118;0.6368448551982021;0.2667319816316964;101.2741843351605;2677.5758715688635;0.06710108553262384;106117.35849209118;0.0;0.0;121.64802435625614;272.118105292344;0.8157409697616205;106117.35849209118;0.5844593754527343;0.22585675111202888;152.6827906965571;336.2327024565158;0.8157409697616205;106117.35849209118;0.5844593754527343;0.22585675111202888;150.53082821612384;349.76243858889404;0.7400000000000003;106117.35849209118;0.6442803482676815;0.27309584014847993;112.74379653301014;279.08554174357374;0.7400000000000003;106117.35849209118;0.6442803482676815;0.27309584014847993;112.71594012241297;279.0341311828464;0.7400000000000003;15574.602091498948;0.6442803482676815;0.27309584014847993;100.97417905066686;2688.6339637462547;0.07574096976162015;15574.602091498948;0.0;0.0;54.75043830357026;229.2121591807182;0.07574096976162015;15574.602091498948;0.0;0.0;54.75396389429454;229.30400837319482;0.07574096976162015;106117.35849209118;0.0;0.0;"Zustand 3: Temperatur 425.833 K liegt außerhalb des Boryta-Prüfbereichs; Kristallisation wurde nicht bewertet.";"Zustand 4: Temperatur 423.681 K liegt außerhalb des Boryta-Prüfbereichs; Kristallisation wurde nicht bewertet.";"Zustand 5: Temperatur 385.894 K liegt außerhalb des Boryta-Prüfbereichs; Kristallisation wurde nicht bewertet.";"Zustand 6: Temperatur 385.866 K liegt außerhalb des Boryta-Prüfbereichs; Kristallisation wurde nicht bewertet.";"Zustand 20: Temperatur 439.183 K liegt außerhalb des Boryta-Prüfbereichs; Kristallisation wurde nicht bewertet.";5
parallel;Parallel (T13 = T15);parallel;120.0;120.0;30.0;120.0;4.0;4.0;4.0;120.0;0.7500000000000003;Abwärmetemperatur [°C];hot_temperature_C;120.0;10.0;10.0;25.0;15.0;11.0;nan;nan;4.31899601068392e-19;`gtol` termination condition is satisfied.;4;3.354353246417129e-08;9.29407984760613e-10;1;True;;True;0;zulässig;feasible;True;True;True;101.26444204784076;121.59668665482855;150.52453497795767;54.76505906080121;0.1149351668717428;0.2664525750414802;0.22611263705217652;0.27277215473108785;187.27552582223058;186.38903259887903;188.08808667162245;185.530959248539;53.13324671947069;0.5012472674164727;9.896712582601024;26.200689343434817;0.0069569790200166536;0.03855552301791759;18.727552578993624;18.63890325969155;7.523523466906167;12.368730616311352;4.830295156638899;101.05718674552975;0.015713667641848443;2688.7915736135737;272.10654144044577;233.5253032964415;0.012976075526288988;0.8128066648271639;0.5941509137086883;0.23293521360075134;1.0897807101173385e-09;-3.557197203463147e-09;6.911193395353621e-09;-8.66808791410989e-10;-1.0317364740330959e-09;1.9635422177088913e-09;3.868734665957163e-09;3.2294337870553136e-08;1.0897807101173385e-11;-3.5571972034631474e-11;6.91119339535362e-11;-8.66808791410989e-10;-1.0317364740330958e-11;1.9635422177088913e-11;3.868734665957163e-11;3.2294337870553134e-10;146.20068934343482;120.0;108.75071251963982;120.0;108.9036507626472;41.14766941380856;19.731832013997575;17.75794151536644;59.90951733172119;24.765059060801207;7.35604413618438;7.693525774110071;18.73555795215924;54.13506709468277;2.2334065374087686;8.924893579811851;4.0;0.7500000000000003;106080.7561573411;15585.534074520841;6.806360029122224;2.2334065374087686;deltaT_shex_1_K;shex;True;True;True;True;True;True;True;True;101.26444204784076;2677.5605681451734;0.07578274035345256;106080.7561573411;0.0;0.0;135.0;4.0;146.20068934343482;4.0;120.0;4.0;108.75071251963982;4.0;120.0;4.0;108.9036507626472;4.0;30.0;4.0;41.14766941380856;4.0;101.26444204784076;2677.5605681451734;0.008710101908522026;106080.7561573411;0.0;0.0;101.05718674552975;272.10654144044474;0.8257827403534529;15585.534074520841;0.5848146237215694;0.22611263705217652;165.9325213574324;376.32108149576464;0.7587101019085224;106080.7561573411;0.6365142921223509;0.2664525750414802;101.26444204784076;2677.5605681451734;0.06707263844493053;106080.7561573411;0.0;0.0;121.59668665482855;272.10654144044474;0.8257827403534529;106080.7561573411;0.5848146237215694;0.22611263705217652;152.75794151536644;336.449429857716;0.8257827403534529;106080.7561573411;0.5848146237215694;0.22611263705217652;150.52453497795767;349.5957075788046;0.7500000000000003;106080.7561573411;0.6439064301007611;0.27277215473108785;112.6717930750167;278.7513786209634;0.7500000000000003;106080.7561573411;0.6439064301007611;0.27277215473108785;112.64395586381562;278.69997125693953;0.7500000000000003;15585.534074520841;0.6439064301007611;0.27277215473108785;101.05718674552975;2688.7915736135737;0.07578274035345256;15585.534074520841;0.0;0.0;54.76505906080121;229.27332804003038;0.07578274035345256;15585.534074520841;0.0;0.0;54.768583667964435;229.36512966910277;0.07578274035345256;106080.7561573411;0.0;0.0;"Zustand 3: Temperatur 425.908 K liegt außerhalb des Boryta-Prüfbereichs; Kristallisation wurde nicht bewertet.";"Zustand 4: Temperatur 423.675 K liegt außerhalb des Boryta-Prüfbereichs; Kristallisation wurde nicht bewertet.";"Zustand 5: Temperatur 385.822 K liegt außerhalb des Boryta-Prüfbereichs; Kristallisation wurde nicht bewertet.";"Zustand 6: Temperatur 385.794 K liegt außerhalb des Boryta-Prüfbereichs; Kristallisation wurde nicht bewertet.";"Zustand 20: Temperatur 439.083 K liegt außerhalb des Boryta-Prüfbereichs; Kristallisation wurde nicht bewertet.";5
parallel;Parallel (T13 = T15);parallel;120.0;120.0;30.0;120.0;4.0;4.0;4.0;120.0;0.7600000000000003;Abwärmetemperatur [°C];hot_temperature_C;120.0;10.0;10.0;25.0;15.0;11.0;nan;nan;3.5539909238477486e-19;`gtol` termination condition is satisfied.;4;2.906662150032634e-08;8.430884797988582e-10;1;True;;True;0;zulässig;feasible;True;True;True;101.25481178545664;121.54797277527746;150.5156118897312;54.77949364748724;0.11581231824842932;0.2661782481354851;0.22636146104120675;0.27245549962786514;187.1987151772779;186.49767149349273;188.0240384477752;185.62632399915043;53.9622225943301;0.5009996884557234;10.023207566551122;26.196095405339577;0.006957205808074559;0.039067019050090336;18.71987151493781;18.649767149191316;7.520961537973138;12.375088266388087;4.905656599787528;101.13820454730654;0.015602144935398462;2688.945391857567;272.0983456220113;233.7926974452564;0.013040647670212069;0.822783383205516;0.5944341585144429;0.23314518111829952;1.0131699923476845e-09;-3.3327012260997435e-09;6.141590347397141e-09;-7.914379152040851e-10;-1.553246420371579e-09;1.5795649233041331e-09;3.3291200907115126e-09;2.78998015801335e-08;1.0131699923476845e-11;-3.332701226099743e-11;6.141590347397141e-11;-7.914379152040851e-10;-1.553246420371579e-11;1.579564923304133e-11;3.3291200907115124e-11;2.78998015801335e-10;146.19609540533958;120.0;108.75454315503737;120.0;108.89794712923742;41.15416695535242;19.638019256616815;17.830797540435924;59.98403759195412;24.779493647487243;7.426384063345608;7.616338607730825;18.74518821454336;54.114929848143674;2.315185650704734;8.946538550346474;4.0;0.7600000000000003;106044.58497231414;15596.333289601916;6.799327957617713;2.315185650704734;deltaT_shex_1_K;shex;True;True;True;True;True;True;True;True;101.25481178545664;2677.545440172712;0.07582403087572775;106044.58497231414;0.0;0.0;135.0;4.0;146.19609540533958;4.0;120.0;4.0;108.75454315503737;4.0;120.0;4.0;108.89794712923742;4.0;30.0;4.0;41.15416695535242;4.0;101.25481178545664;2677.545440172712;0.008781356794658513;106044.58497231414;0.0;0.0;101.13820454730654;272.0983456220104;0.8358240308757281;15596.333289601916;0.5851597106187489;0.22636146104120675;165.8341146619564;376.0203924824525;0.7687813567946589;106044.58497231414;0.6361893983304685;0.2661782481354851;101.25481178545664;2677.545440172712;0.06704267408106925;106044.58497231414;0.0;0.0;121.54797277527746;272.0983456220104;0.8358240308757281;106044.58497231414;0.5851597106187489;0.22636146104120675;152.83079754043592;336.66004832609707;0.8358240308757281;106044.58497231414;0.5851597106187489;0.22636146104120675;150.5156118897312;349.42761273314983;0.7600000000000003;106044.58497231414;0.6435401947834699;0.27245549962786514;112.60143422493098;278.42468826825916;0.7600000000000003;106044.58497231414;0.6435401947834699;0.27245549962786514;112.57361593665439;278.3732842958248;0.7600000000000003;15596.333289601916;0.6435401947834699;0.27245549962786514;101.13820454730654;2688.945391857567;0.07582403087572775;15596.333289601916;0.0;0.0;54.77949364748724;229.3337180973812;0.07582403087572775;15596.333289601916;0.0;0.0;54.78301728109375;229.42547272619376;0.07582403087572775;106044.58497231414;0.0;0.0;"Zustand 3: Temperatur 425.981 K liegt außerhalb des Boryta-Prüfbereichs; Kristallisation wurde nicht bewertet.";"Zustand 4: Temperatur 423.666 K liegt außerhalb des Boryta-Prüfbereichs; Kristallisation wurde nicht bewertet.";"Zustand 5: Temperatur 385.751 K liegt außerhalb des Boryta-Prüfbereichs; Kristallisation wurde nicht bewertet.";"Zustand 6: Temperatur 385.724 K liegt außerhalb des Boryta-Prüfbereichs; Kristallisation wurde nicht bewertet.";"Zustand 20: Temperatur 438.984 K liegt außerhalb des Boryta-Prüfbereichs; Kristallisation wurde nicht bewertet.";5
parallel;Parallel (T13 = T15);parallel;120.0;120.0;30.0;120.0;4.0;4.0;4.0;120.0;0.7700000000000004;Abwärmetemperatur [°C];hot_temperature_C;120.0;10.0;10.0;25.0;15.0;11.0;nan;nan;2.929258253914164e-19;`gtol` termination condition is satisfied.;4;2.5246301277531506e-08;7.654094660917337e-10;1;True;;True;0;zulässig;feasible;True;True;True;101.24528036457963;121.50180443364707;150.50417769099897;54.793761247645364;0.11670278967162508;0.26590884728577724;0.22660346894695588;0.2721456372592481;187.11736638753973;186.60505359902675;187.95517431652226;185.7207099607689;54.78780341870134;0.5007477716937355;10.149621543544749;26.19123004710167;0.0069574277237421335;0.0395782825454725;18.711736636335495;18.660505359774216;7.518206972712075;12.381380663855339;4.980709401970538;101.21731841214023;0.015494534929756726;2689.095581224493;272.0933946488943;234.05366187552474;0.013106283203123126;0.8327586144875431;0.5947097582470169;0.23334965256373402;9.937579648067185e-10;-2.9745805818492954e-09;5.494598553923424e-09;-7.226107490154732e-10;-1.2796022019756492e-09;1.28457600112597e-09;2.9388047551037744e-09;2.418477151877596e-08;9.937579648067185e-12;-2.9745805818492957e-11;5.4945985539234244e-11;-7.226107490154732e-10;-1.2796022019756493e-11;1.28457600112597e-11;2.9388047551037744e-11;2.418477151877596e-10;146.19123004710167;120.0;108.75866182317452;120.0;108.89230203583918;41.160589330085315;19.546134616498023;17.90142965159896;60.056729082054915;24.793761247645364;7.49511790375567;7.5413434110342905;18.754719635420372;54.09501811944756;2.397251960599988;8.969122718978895;4.0;0.7700000000000004;106008.79508261576;15607.013857609303;6.792381684913445;2.397251960599988;deltaT_shex_1_K;shex;True;True;True;True;True;True;True;True;101.24528036457963;2677.530466958978;0.07586489769066584;106008.79508261576;0.0;0.0;135.0;4.0;146.19123004710167;4.0;120.0;4.0;108.75866182317452;4.0;120.0;4.0;108.89230203583918;4.0;30.0;4.0;41.160589330085315;4.0;101.24528036457963;2677.530466958978;0.00885364519865313;106008.79508261576;0.0;0.0;101.21731841214023;272.09339464889393;0.8458648976906662;15607.013857609303;0.5854950071247913;0.22660346894695588;165.7373646635997;375.7249553305426;0.7788536451986535;106008.79508261576;0.6358700098223209;0.26590884728577724;101.24528036457963;2677.530466958978;0.06701125249201272;106008.79508261576;0.0;0.0;121.50180443364707;272.09339464889393;0.8458648976906662;106008.79508261576;0.5854950071247913;0.22660346894695588;152.90142965159896;336.86473528293607;0.8458648976906662;106008.79508261576;0.5854950071247913;0.22660346894695588;150.50417769099897;349.2582419399352;0.7700000000000004;106008.79508261576;0.6431813951948147;0.2721456372592481;112.53268171466817;278.10525048836695;0.7700000000000004;106008.79508261576;0.6431813951948147;0.2721456372592481;112.50488209624433;278.0538501214248;0.7700000000000004;15607.013857609303;0.6431813951948147;0.2721456372592481;101.21731841214023;2689.095581224493;0.07586489769066584;15607.013857609303;0.0;0.0;54.793761247645364;229.39340961020244;0.07586489769066584;15607.013857609303;0.0;0.0;54.79728391639162;229.48511773788107;0.07586489769066584;106008.79508261576;0.0;0.0;"Zustand 3: Temperatur 426.051 K liegt außerhalb des Boryta-Prüfbereichs; Kristallisation wurde nicht bewertet.";"Zustand 4: Temperatur 423.654 K liegt außerhalb des Boryta-Prüfbereichs; Kristallisation wurde nicht bewertet.";"Zustand 5: Temperatur 385.683 K liegt außerhalb des Boryta-Prüfbereichs; Kristallisation wurde nicht bewertet.";"Zustand 6: Temperatur 385.655 K liegt außerhalb des Boryta-Prüfbereichs; Kristallisation wurde nicht bewertet.";"Zustand 20: Temperatur 438.887 K liegt außerhalb des Boryta-Prüfbereichs; Kristallisation wurde nicht bewertet.";5
parallel;Parallel (T13 = T15);parallel;120.0;120.0;30.0;120.0;4.0;4.0;4.0;120.0;0.7800000000000004;Abwärmetemperatur [°C];hot_temperature_C;120.0;10.0;10.0;25.0;15.0;11.0;nan;nan;2.415058712903051e-19;`gtol` termination condition is satisfied.;4;2.186112463587105e-08;6.949904622227633e-10;1;True;;True;0;zulässig;feasible;True;True;True;101.23583554203697;121.45810529715766;150.49034548810675;54.807879709644624;0.11760643660198779;0.265644224626957;0.22683889557285764;0.27184233989481316;187.03166009790544;186.71131324744226;187.88168803478504;185.81423837268167;55.609964314367545;0.5004915678261149;10.275949673715532;26.18610407284126;0.006957645172664917;0.040089293681296;18.70316600769983;18.671131324643465;7.5152675214456295;12.387615891343176;5.055451301549042;101.29460968773986;0.015390690200978992;2689.242295766348;272.09156933294395;234.308442940201;0.013172974747359234;0.8427324184052695;0.5949779885613015;0.233548818849398;9.729461680763052e-10;-2.671917798124923e-09;4.7963908400561195e-09;-6.597457025137032e-10;-1.3556871181208408e-09;1.0076064427266829e-09;2.534051191105391e-09;2.090712314384291e-08;9.729461680763052e-12;-2.671917798124923e-11;4.796390840056119e-11;-6.597457025137032e-10;-1.3556871181208408e-11;1.0076064427266828e-11;2.534051191105391e-11;2.090712314384291e-10;146.18610407284126;120.0;108.76305693571862;120.0;108.88670823129894;41.16694457221547;19.45610697314737;17.969905857612957;60.127665115524394;24.807879709644624;7.562283067137969;7.468447247978759;18.764164457963034;54.07530681035297;2.4795603695062027;8.992607184475446;4.0;0.7800000000000004;105973.34022195106;15617.588934851019;6.785512198074893;2.4795603695062027;deltaT_shex_1_K;shex;True;True;True;True;True;True;True;True;101.23583554203697;2677.5156292856395;0.07590539315262834;105973.34022195106;0.0;0.0;135.0;4.0;146.18610407284126;4.0;120.0;4.0;108.76305693571862;4.0;120.0;4.0;108.88670823129894;4.0;30.0;4.0;41.16694457221547;4.0;101.23583554203697;2677.5156292856395;0.008926962807553543;105973.34022195106;0.0;0.0;101.29460968773986;272.0915693329436;0.8559053931526287;15617.588934851019;0.5858208666629529;0.22683889557285764;165.64221104598863;375.4345914391052;0.7889269628075539;105973.34022195106;0.6355559684176041;0.265644224626957;101.23583554203697;2677.5156292856395;0.0669784303450748;105973.34022195106;0.0;0.0;121.45810529715766;272.0915693329436;0.8559053931526287;105973.34022195106;0.5858208666629529;0.22683889557285764;152.96990585761296;337.06366176191483;0.8559053931526287;105973.34022195106;0.5858208666629529;0.22683889557285764;150.49034548810675;349.08767887495924;0.7800000000000004;105973.34022195106;0.6428297938438052;0.27184233989481316;112.46549811268221;277.7928528321457;0.7800000000000004;105973.34022195106;0.6428297938438052;0.27184233989481316;112.43771693286203;277.74145630178504;0.7800000000000004;15617.588934851019;0.6428297938438052;0.27184233989481316;101.29460968773986;2689.242295766348;0.07590539315262834;15617.588934851019;0.0;0.0;54.807879709644624;229.45247724833277;0.07590539315262834;15617.588934851019;0.0;0.0;54.81140142094597;229.5441393145403;0.07590539315262834;105973.34022195106;0.0;0.0;"Zustand 3: Temperatur 426.120 K liegt außerhalb des Boryta-Prüfbereichs; Kristallisation wurde nicht bewertet.";"Zustand 4: Temperatur 423.640 K liegt außerhalb des Boryta-Prüfbereichs; Kristallisation wurde nicht bewertet.";"Zustand 5: Temperatur 385.615 K liegt außerhalb des Boryta-Prüfbereichs; Kristallisation wurde nicht bewertet.";"Zustand 6: Temperatur 385.588 K liegt außerhalb des Boryta-Prüfbereichs; Kristallisation wurde nicht bewertet.";"Zustand 20: Temperatur 438.792 K liegt außerhalb des Boryta-Prüfbereichs; Kristallisation wurde nicht bewertet.";5
parallel;Parallel (T13 = T15);parallel;120.0;120.0;30.0;120.0;4.0;4.0;4.0;120.0;0.7900000000000004;Abwärmetemperatur [°C];hot_temperature_C;120.0;10.0;10.0;25.0;15.0;11.0;nan;nan;1.9939808114422698e-19;`gtol` termination condition is satisfied.;4;1.90094084317432e-08;6.315030976079642e-10;1;True;;True;0;zulässig;feasible;True;True;True;101.2264659447946;121.41680101053828;150.47422301761065;54.82186564457743;0.11852311126002447;0.26538423780178333;0.22706796525466919;0.2715453891834619;186.94176689855442;186.81657545869874;187.80376260867976;185.90702185770792;56.428683135420975;0.500231127034463;10.40218728466945;26.18072768532022;0.006957858520471257;0.04060003327232104;18.694176688041388;18.681657545788255;7.512150504391959;12.39380145703125;5.129880285253166;101.3701554075289;0.015290469810410483;2689.3856813942816;272.0927544403504;234.557274799576;0.013240714532952724;0.8527048513735842;0.5952391117685855;0.2337428619655613;9.273151135857916e-10;-2.3638477841814165e-09;4.3052068576798774e-09;-6.022430332208728e-10;-1.1192184956598794e-09;8.161862297129119e-10;2.2391759557649493e-09;1.8140553947887383e-08;9.273151135857915e-12;-2.3638477841814166e-11;4.3052068576798774e-11;-6.022430332208728e-10;-1.1192184956598795e-11;8.16186229712912e-12;2.2391759557649494e-11;1.8140553947887384e-10;146.18072768532022;120.0;108.76771754732778;120.0;108.88115897980214;41.17324015901306;19.367868537686547;18.0362914333071;60.196915248515836;24.82186564457743;7.62791612008516;7.397562139798879;18.773534055205403;54.05577257501335;2.5620684156964444;9.016954178520223;4.0;0.7900000000000004;105938.17744280591;15628.070783070307;6.778711135450411;2.5620684156964444;deltaT_shex_1_K;shex;True;True;True;True;True;True;True;True;101.2264659447946;2677.5009092986847;0.07594556590653656;105938.17744280591;0.0;0.0;135.0;4.0;146.18072768532022;4.0;120.0;4.0;108.76771754732778;4.0;120.0;4.0;108.88115897980214;4.0;30.0;4.0;41.17324015901306;4.0;101.2264659447946;2677.5009092986847;0.009001304757645955;105938.17744280591;0.0;0.0;101.3701554075289;272.09275444034927;0.8659455659065369;15628.070783070307;0.5861376261001123;0.22706796525466919;165.54859622300677;375.1491297564557;0.7990013047576463;105938.17744280591;0.6352471215157445;0.26538423780178333;101.2264659447946;2677.5009092986847;0.0669442611488906;105938.17744280591;0.0;0.0;121.41680101053828;272.09275444034927;0.8659455659065369;105938.17744280591;0.5861376261001123;0.22706796525466919;153.0362914333071;337.25699265242116;0.8659455659065369;105938.17744280591;0.5861376261001123;0.22706796525466919;150.47422301761065;348.91600314549;0.7900000000000004;105938.17744280591;0.6424851624460451;0.2715453891834619;112.39984683201806;277.487290317017;0.7900000000000004;105938.17744280591;0.6424851624460451;0.2715453891834619;112.37208387991484;277.4358978698369;0.7900000000000004;15628.070783070307;0.6424851624460451;0.2715453891834619;101.3701554075289;2689.3856813942816;0.07594556590653656;15628.070783070307;0.0;0.0;54.82186564457743;229.51099050571716;0.07594556590653656;15628.070783070307;0.0;0.0;54.82538640478879;229.60260689486927;0.07594556590653656;105938.17744280591;0.0;0.0;"Zustand 3: Temperatur 426.186 K liegt außerhalb des Boryta-Prüfbereichs; Kristallisation wurde nicht bewertet.";"Zustand 4: Temperatur 423.624 K liegt außerhalb des Boryta-Prüfbereichs; Kristallisation wurde nicht bewertet.";"Zustand 5: Temperatur 385.550 K liegt außerhalb des Boryta-Prüfbereichs; Kristallisation wurde nicht bewertet.";"Zustand 6: Temperatur 385.522 K liegt außerhalb des Boryta-Prüfbereichs; Kristallisation wurde nicht bewertet.";"Zustand 20: Temperatur 438.699 K liegt außerhalb des Boryta-Prüfbereichs; Kristallisation wurde nicht bewertet.";5
parallel;Parallel (T13 = T15);parallel;120.0;120.0;30.0;120.0;4.0;4.0;4.0;120.0;0.8000000000000004;Abwärmetemperatur [°C];hot_temperature_C;120.0;10.0;10.0;25.0;15.0;11.0;nan;nan;1.6471160450074902e-19;`gtol` termination condition is satisfied.;4;1.6478583814390704e-08;5.739540129675008e-10;1;True;;True;0;zulässig;feasible;True;True;True;101.21716100556097;121.37781920853041;150.45591290120518;54.83573451664887;0.11945266319558846;0.26512874972016226;0.22729089242013129;0.2712545757072851;186.8478479832798;186.92095662082346;187.72157099460938;185.99916505956435;57.24394023047099;0.49996649893195855;10.528329864277449;26.1751105253158;0.006958068096265235;0.04111048274332528;18.68478479675845;18.69209566202148;7.508862839825801;12.399944337174999;5.2039945666008185;101.44402856303117;0.015193738989417898;2689.5258763911665;272.0968386305321;234.80038014997407;0.013309494455416293;0.8626759667063202;0.59549337763115;0.23393195549332965;9.099778708332451e-10;-2.138015986474784e-09;3.780996848945506e-09;-5.498173027973507e-10;-1.0356302482250612e-09;6.086793291615322e-10;1.9393553429836174e-09;1.5695292177042575e-08;9.099778708332452e-12;-2.1380159864747837e-11;3.780996848945506e-11;-5.498173027973507e-10;-1.0356302482250612e-11;6.086793291615322e-12;1.9393553429836175e-11;1.5695292177042575e-10;146.1751105253158;120.0;108.77263331371955;120.0;108.87564802275335;41.17948305148468;19.281354662593742;18.100649049486037;60.26454551154649;24.83573451664887;7.69205278245056;7.328604750688385;18.782838994439032;54.036393691745616;2.644736148280856;9.04212707471305;4.0;0.8000000000000004;105903.26686931131;15638.470833880747;6.771970737693348;2.644736148280856;deltaT_shex_1_K;shex;True;True;True;True;True;True;True;True;101.21716100556097;2677.4862904075317;0.0759854611617361;105903.26686931131;0.0;0.0;135.0;4.0;146.1751105253158;4.0;120.0;4.0;108.77263331371955;4.0;120.0;4.0;108.87564802275335;4.0;30.0;4.0;41.17948305148468;4.0;101.21716100556097;2677.4862904075317;0.00907666569991433;105903.26686931131;0.0;0.0;101.44402856303117;272.0968386305332;0.8759854611617365;15638.470833880747;0.5864456066814954;0.22729089242013129;165.45646518790954;374.86840639422314;0.8090766656999147;105903.26686931131;0.634943321867496;0.26512874972016226;101.21716100556097;2677.4862904075317;0.06690879546182177;105903.26686931131;0.0;0.0;121.37781920853041;272.0968386305332;0.8759854611617365;105903.26686931131;0.5864456066814954;0.22729089242013129;153.10064904948604;337.4448869355288;0.8759854611617365;105903.26686931131;0.5864456066814954;0.22729089242013129;150.45591290120518;348.7432904391582;0.8000000000000004;105903.26686931131;0.6421472815189547;0.2712545757072851;112.33569213381736;277.188365152207;0.8000000000000004;105903.26686931131;0.6421472815189547;0.2712545757072851;112.30794721754944;277.13697704877785;0.8000000000000004;15638.470833880747;0.6421472815189547;0.2712545757072851;101.44402856303117;2689.5258763911665;0.0759854611617361;15638.470833880747;0.0;0.0;54.83573451664887;229.56901407826103;0.0759854611617361;15638.470833880747;0.0;0.0;54.83925433100774;229.6605851234305;0.0759854611617361;105903.26686931131;0.0;0.0;"Zustand 3: Temperatur 426.251 K liegt außerhalb des Boryta-Prüfbereichs; Kristallisation wurde nicht bewertet.";"Zustand 4: Temperatur 423.606 K liegt außerhalb des Boryta-Prüfbereichs; Kristallisation wurde nicht bewertet.";"Zustand 5: Temperatur 385.486 K liegt außerhalb des Boryta-Prüfbereichs; Kristallisation wurde nicht bewertet.";"Zustand 6: Temperatur 385.458 K liegt außerhalb des Boryta-Prüfbereichs; Kristallisation wurde nicht bewertet.";"Zustand 20: Temperatur 438.606 K liegt außerhalb des Boryta-Prüfbereichs; Kristallisation wurde nicht bewertet.";5
parallel;Parallel (T13 = T15);parallel;120.0;120.0;30.0;120.0;4.0;4.0;4.0;120.0;0.8100000000000004;Abwärmetemperatur [°C];hot_temperature_C;120.0;10.0;10.0;25.0;15.0;11.0;nan;nan;1.3664880616087252e-19;`gtol` termination condition is satisfied.;4;1.433366399937155e-08;5.22778741267991e-10;1;True;;True;0;zulässig;feasible;True;True;True;101.20791090357778;121.34108951694895;150.4355128919854;54.84950072636826;0.12039493979913128;0.2648776283305755;0.22750788211461287;0.2709696985590005;186.75005576094594;187.0245651162592;187.63527675036053;186.09076522942357;58.05571822652906;0.49969773251992905;10.654373053818505;26.16926170819056;0.0069582741957967785;0.041620624102860854;18.67500557473233;18.70245651158423;7.5054110700514265;12.40605101518427;5.277792566220558;101.51629835654313;0.015100368839276776;2689.663011887155;272.10371438326155;235.03797090226482;0.013379306127120572;0.8726458148169693;0.595741024101449;0.23411626508309458;8.775060678090085e-10;-1.897085155633249e-09;3.3870719562401064e-09;-5.027698257720203e-10;-9.251266419596504e-10;4.16889633925166e-10;1.6595151919318596e-09;1.3622639016830362e-08;8.775060678090085e-12;-1.897085155633249e-11;3.3870719562401065e-11;-5.027698257720203e-10;-9.251266419596504e-12;4.16889633925166e-12;1.6595151919318596e-11;1.3622639016830362e-10;146.16926170819056;120.0;108.77779445272961;120.0;108.87016954369477;41.18567973183366;19.19650366430676;18.16303889611737;60.33061862470947;24.849500726368262;7.754727927259523;7.261496096186477;18.792089096422217;54.017149944562334;2.72752600413196;9.06809038964019;4.0;0.8100000000000004;105868.57147019767;15648.799748177695;6.765283802837728;2.72752600413196;deltaT_shex_1_K;shex;True;True;True;True;True;True;True;True;101.20791090357778;2677.4717571922565;0.07602512094408953;105868.57147019767;0.0;0.0;135.0;4.0;146.16926170819056;4.0;120.0;4.0;108.77779445272961;4.0;120.0;4.0;108.87016954369477;4.0;30.0;4.0;41.18567973183366;4.0;101.20791090357778;2677.4717571922565;0.009153039859285334;105868.57147019767;0.0;0.0;101.51629835654313;272.10371438326115;0.8860251209440899;15648.799748177695;0.5867451149048287;0.22750788211461287;165.36576537249732;374.59226426520956;0.8191530398592857;105868.57147019767;0.6346444273575279;0.2648776283305755;101.20791090357778;2677.4717571922565;0.06687208108480419;105868.57147019767;0.0;0.0;121.34108951694895;272.10371438326115;0.8860251209440899;105868.57147019767;0.5867451149048287;0.22750788211461287;153.16303889611737;337.6274979128621;0.8860251209440899;105868.57147019767;0.5867451149048287;0.22750788211461287;150.4355128919854;348.5696126769318;0.8100000000000004;105868.57147019767;0.6418159399961784;0.2709696985590005;112.27299912730876;276.89588647242374;0.8100000000000004;105868.57147019767;0.6418159399961784;0.2709696985590005;112.24527207274048;276.844502985877;0.8100000000000004;15648.799748177695;0.6418159399961784;0.2709696985590005;101.51629835654313;2689.663011887155;0.07602512094408953;15648.799748177695;0.0;0.0;54.84950072636826;229.6266082120988;0.07602512094408953;15648.799748177695;0.0;0.0;54.85301959913244;229.7181341986331;0.07602512094408953;105868.57147019767;0.0;0.0;"Zustand 3: Temperatur 426.313 K liegt außerhalb des Boryta-Prüfbereichs; Kristallisation wurde nicht bewertet.";"Zustand 4: Temperatur 423.586 K liegt außerhalb des Boryta-Prüfbereichs; Kristallisation wurde nicht bewertet.";"Zustand 5: Temperatur 385.423 K liegt außerhalb des Boryta-Prüfbereichs; Kristallisation wurde nicht bewertet.";"Zustand 6: Temperatur 385.395 K liegt außerhalb des Boryta-Prüfbereichs; Kristallisation wurde nicht bewertet.";"Zustand 20: Temperatur 438.516 K liegt außerhalb des Boryta-Prüfbereichs; Kristallisation wurde nicht bewertet.";5
parallel;Parallel (T13 = T15);parallel;120.0;120.0;30.0;120.0;4.0;4.0;4.0;120.0;0.8200000000000004;Abwärmetemperatur [°C];hot_temperature_C;120.0;10.0;10.0;25.0;15.0;11.0;nan;nan;1.1559211261619987e-19;`gtol` termination condition is satisfied.;4;1.2715786946963907e-08;4.808162073312418e-10;1;True;;True;0;zulässig;feasible;True;True;True;101.19870651012718;121.306543543761;150.41311611120835;54.86317768717379;0.12134978675407058;0.26463074640412265;0.22771913049440984;0.2706905649407108;186.64853442267514;187.1275018985285;187.54503463952986;186.18191276551792;58.86400183284044;0.49942487615265324;10.780312641489271;26.163189857815496;0.006958477084315153;0.04213043991825398;18.664853441063926;18.712750189816603;7.501801385614805;12.412127517599062;5.35127289405384;101.58703043549019;0.015010236045559367;2689.797212300839;272.11327791545847;235.2702488133207;0.013450140922828258;0.8826144434051012;0.5959822780093617;0.23429594890047023;8.466827239317354e-10;-1.7518004824523814e-09;3.1054128157848027e-09;-4.6372039541608956e-10;-8.402878393098945e-10;3.624620603659423e-10;1.5319869817176368e-09;1.2035883401040337e-08;8.466827239317353e-12;-1.7518004824523814e-11;3.1054128157848024e-11;-4.6372039541608956e-10;-8.402878393098944e-12;3.624620603659423e-12;1.5319869817176368e-11;1.2035883401040337e-10;146.1631898578155;120.0;108.78319170816206;120.0;108.86471813603362;41.19183623795027;19.113256658024;18.22351879892483;60.39519419753992;24.86317768717379;7.815975583893646;7.196161272671873;18.80129348987282;53.99802251436353;2.8104026877164756;9.094809777226715;4.0;0.8200000000000004;105834.05684999503;15659.067470953858;6.758643645051505;2.8104026877164756;deltaT_shex_1_K;shex;True;True;True;True;True;True;True;True;101.19870651012718;2677.457295318191;0.07606458432792906;105834.05684999503;0.0;0.0;135.0;4.0;146.1631898578155;4.0;120.0;4.0;108.78319170816206;4.0;120.0;4.0;108.86471813603362;4.0;30.0;4.0;41.19183623795027;4.0;101.19870651012718;2677.457295318191;0.009230421087731212;105834.05684999503;0.0;0.0;101.58703043549019;272.1132779154576;0.8960645843279295;15659.067470953858;0.587036443337471;0.22771913049440984;165.2764465158395;374.32055274421816;0.8292304210877316;105834.05684999503;0.6343503007984856;0.26463074640412265;101.19870651012718;2677.457295318191;0.06683416324019785;105834.05684999503;0.0;0.0;121.306543543761;272.1132779154576;0.8960645843279295;105834.05684999503;0.587036443337471;0.22771913049440984;153.22351879892483;337.8049734275505;0.8960645843279295;105834.05684999503;0.587036443337471;0.22771913049440984;150.41311611120835;348.395038166806;0.8200000000000004;105834.05684999503;0.6414909348591912;0.2706905649407108;112.21173376653428;276.60967007900877;0.8200000000000004;105834.05684999503;0.6414909348591912;0.2706905649407108;112.18402441610635;276.5582914937426;0.8200000000000004;15659.067470953858;0.6414909348591912;0.2706905649407108;101.58703043549019;2689.797212300839;0.07606458432792906;15659.067470953858;0.0;0.0;54.86317768717379;229.6838290239932;0.07606458432792906;15659.067470953858;0.0;0.0;54.86669562167009;229.7753101928683;0.07606458432792906;105834.05684999503;0.0;0.0;"Zustand 3: Temperatur 426.374 K liegt außerhalb des Boryta-Prüfbereichs; Kristallisation wurde nicht bewertet.";"Zustand 4: Temperatur 423.563 K liegt außerhalb des Boryta-Prüfbereichs; Kristallisation wurde nicht bewertet.";"Zustand 5: Temperatur 385.362 K liegt außerhalb des Boryta-Prüfbereichs; Kristallisation wurde nicht bewertet.";"Zustand 6: Temperatur 385.334 K liegt außerhalb des Boryta-Prüfbereichs; Kristallisation wurde nicht bewertet.";"Zustand 20: Temperatur 438.426 K liegt außerhalb des Boryta-Prüfbereichs; Kristallisation wurde nicht bewertet.";5
parallel;Parallel (T13 = T15);parallel;120.0;120.0;30.0;120.0;4.0;4.0;4.0;120.0;0.8300000000000004;Abwärmetemperatur [°C];hot_temperature_C;120.0;10.0;10.0;25.0;15.0;11.0;nan;nan;9.78675522863784e-20;`gtol` termination condition is satisfied.;4;1.121749888689833e-08;4.4241960238302823e-10;1;True;;True;0;zulässig;feasible;True;True;True;101.18953933866129;121.27411486238981;150.38881127688143;54.87677789564219;0.12231704839568483;0.2643879813224175;0.22792482529274677;0.270416989785764;186.54342046551443;187.2298610203403;187.4509911896814;186.27269170670476;59.668777663786265;0.499147977510521;10.906144556452192;26.15690313788963;0.006958676999130753;0.04263991329231917;18.654342045492793;18.722986102011426;7.49803964762036;12.418179447024194;5.424434333215876;101.65628711037562;0.014923222606487312;2689.928595749629;272.12542909222606;235.49740607642738;0.013521990019978669;0.8925818976282891;0.5962173557056494;0.23447115804519464;8.228866477111296e-10;-1.5883685478002008e-09;2.799765752570238e-09;-4.2798387056564025e-10;-8.276117569039343e-10;2.2606627680943348e-10;1.341845745628234e-09;1.0586489906927454e-08;8.228866477111296e-12;-1.5883685478002006e-11;2.799765752570238e-11;-4.2798387056564025e-10;-8.276117569039343e-12;2.260662768094335e-12;1.341845745628234e-11;1.0586489906927454e-10;146.15690313788963;120.0;108.78881631640661;120.0;108.85928877352245;41.19795819499643;19.031557401760267;18.282144331077575;60.458328915379184;24.876777895642192;7.875828943760212;7.132529206030995;18.81046066133871;53.9789938791173;2.893333054196148;9.1222520177908;4.0;0.8300000000000004;105799.69105805813;15669.283281592778;6.752044056944488;2.893333054196148;deltaT_shex_1_K;shex;True;True;True;True;True;True;True;True;101.18953933866129;2677.4428914577798;0.07610388764826737;105799.69105805813;0.0;0.0;135.0;4.0;146.15690313788963;4.0;120.0;4.0;108.78881631640661;4.0;120.0;4.0;108.85928877352245;4.0;30.0;4.0;41.19795819499643;4.0;101.18953933866129;2677.4428914577798;0.00930880290857288;105799.69105805813;0.0;0.0;101.65628711037562;272.12542909222657;0.9061038876482678;15669.283281592778;0.5873198713846027;0.22792482529274677;165.1884605396499;374.05312734281415;0.8393088029085732;105799.69105805813;0.6340608097263376;0.2643879813224175;101.18953933866129;2677.4428914577798;0.06679508473969449;105799.69105805813;0.0;0.0;121.27411486238981;272.12542909222657;0.9061038876482678;105799.69105805813;0.5873198713846027;0.22792482529274677;153.28214433107757;337.97745608071307;0.9061038876482678;105799.69105805813;0.5873198713846027;0.22792482529274677;150.38881127688143;348.2196317609218;0.8300000000000004;105799.69105805813;0.6411720707887577;0.270416989785764;112.15186284459901;276.32953819108644;0.8300000000000004;105799.69105805813;0.6411720707887577;0.270416989785764;112.12417105623979;276.27816480157765;0.8300000000000004;15669.283281592778;0.6411720707887577;0.270416989785764;101.65628711037562;2689.928595749629;0.07610388764826737;15669.283281592778;0.0;0.0;54.87677789564219;229.74072879507023;0.07610388764826737;15669.283281592778;0.0;0.0;54.880294894405154;229.83216534600297;0.07610388764826737;105799.69105805813;0.0;0.0;"Zustand 3: Temperatur 426.432 K liegt außerhalb des Boryta-Prüfbereichs; Kristallisation wurde nicht bewertet.";"Zustand 4: Temperatur 423.539 K liegt außerhalb des Boryta-Prüfbereichs; Kristallisation wurde nicht bewertet.";"Zustand 5: Temperatur 385.302 K liegt außerhalb des Boryta-Prüfbereichs; Kristallisation wurde nicht bewertet.";"Zustand 6: Temperatur 385.274 K liegt außerhalb des Boryta-Prüfbereichs; Kristallisation wurde nicht bewertet.";"Zustand 20: Temperatur 438.338 K liegt außerhalb des Boryta-Prüfbereichs; Kristallisation wurde nicht bewertet.";5
parallel;Parallel (T13 = T15);parallel;120.0;120.0;30.0;120.0;4.0;4.0;4.0;120.0;0.8400000000000004;Abwärmetemperatur [°C];hot_temperature_C;120.0;10.0;10.0;25.0;15.0;11.0;nan;nan;8.2965028381498e-20;`gtol` termination condition is satisfied.;4;9.897823173079892e-09;4.0734513224414014e-10;1;True;;True;0;zulässig;feasible;True;True;True;101.18040149833877;121.24373898766788;150.3626829207741;54.89031299689009;0.12329656810592697;0.2641492148890985;0.22812514625352076;0.27014879539606074;186.4348431849296;187.3317301263052;187.35328521709386;186.36318019295925;60.470034075893295;0.4988670835799745;11.031864862842816;26.150409281395298;0.0069588741519743475;0.0431490278402942;18.643484317560496;18.733173012619044;7.49413140871202;12.424212012787459;5.497275825212148;101.72412755675992;0.014839215574967807;2690.0572744300657;272.14007132928475;235.71962586852038;0.013594844434577369;0.9025482202642359;0.5964464636557659;0.23464203693811467;8.105658366730495e-10;-1.4403269688045839e-09;2.510205376893282e-09;-3.951569071958261e-10;-7.066489615681348e-10;1.1473844097054098e-10;1.1473559879959794e-09;9.324651273345808e-09;8.105658366730495e-12;-1.4403269688045838e-11;2.510205376893282e-11;-3.951569071958261e-10;-7.066489615681348e-12;1.1473844097054097e-12;1.1473559879959794e-11;9.324651273345808e-11;146.1504092813953;120.0;108.79465997505417;120.0;108.85387678271775;41.2040508448747;18.951352153755067;18.33896891698481;60.520076711885224;24.89031299689009;7.934320368560577;7.070532418294249;18.819598501661233;53.960047721183855;2.97628599621072;9.150385002342375;4.0;0.8400000000000004;105765.44441079853;15679.455840811464;6.745479274574418;2.97628599621072;deltaT_shex_1_K;shex;True;True;True;True;True;True;True;True;101.18040149833877;2677.428533217749;0.07614306469881282;105765.44441079853;0.0;0.0;135.0;4.0;146.1504092813953;4.0;120.0;4.0;108.79465997505417;4.0;120.0;4.0;108.85387678271775;4.0;30.0;4.0;41.2040508448747;4.0;101.18040149833877;2677.428533217749;0.009388178562431179;105765.44441079853;0.0;0.0;101.72412755675992;272.1400713292851;0.9161430646988132;15679.455840811464;0.5875956660026508;0.22812514625352076;165.10176143515037;373.7898494153473;0.8493881785624315;105765.44441079853;0.6337758262207767;0.2641492148890985;101.18040149833877;2677.428533217749;0.06675488613638164;105765.44441079853;0.0;0.0;121.24373898766788;272.1400713292851;0.9161430646988132;105765.44441079853;0.5875956660026508;0.22812514625352076;153.3389689169848;338.1450834348705;0.9161430646988132;105765.44441079853;0.5875956660026508;0.22812514625352076;150.3626829207741;348.04345500540603;0.8400000000000004;105765.44441079853;0.6408591598278672;0.27014879539606074;112.0933539853255;276.05531920173615;0.8400000000000004;105765.44441079853;0.6408591598278672;0.27014879539606074;112.06567963143942;276.00395131145007;0.8400000000000004;15679.455840811464;0.6408591598278672;0.27014879539606074;101.72412755675992;2690.0572744300657;0.07614306469881282;15679.455840811464;0.0;0.0;54.89031299689009;229.7973562444249;0.07614306469881282;15679.455840811464;0.0;0.0;54.89382906153389;229.88874833876073;0.07614306469881282;105765.44441079853;0.0;0.0;"Zustand 3: Temperatur 426.489 K liegt außerhalb des Boryta-Prüfbereichs; Kristallisation wurde nicht bewertet.";"Zustand 4: Temperatur 423.513 K liegt außerhalb des Boryta-Prüfbereichs; Kristallisation wurde nicht bewertet.";"Zustand 5: Temperatur 385.243 K liegt außerhalb des Boryta-Prüfbereichs; Kristallisation wurde nicht bewertet.";"Zustand 6: Temperatur 385.216 K liegt außerhalb des Boryta-Prüfbereichs; Kristallisation wurde nicht bewertet.";"Zustand 20: Temperatur 438.252 K liegt außerhalb des Boryta-Prüfbereichs; Kristallisation wurde nicht bewertet.";5
parallel;Parallel (T13 = T15);parallel;120.0;120.0;30.0;120.0;4.0;4.0;4.0;120.0;0.8500000000000004;Abwärmetemperatur [°C];hot_temperature_C;120.0;10.0;10.0;25.0;15.0;11.0;nan;nan;7.050170240917967e-20;`gtol` termination condition is satisfied.;4;8.804126391794561e-09;3.7550420079988364e-10;1;True;;True;0;zulässig;feasible;True;True;True;101.17128565161022;121.2153533466369;150.33481159753495;54.90379384439143;0.12428818860442059;0.2639143331410084;0.22832026554241705;0.269885811100952;186.322925128036;187.43319090285672;187.25204831002134;186.45345088524783;61.267761021307244;0.4985822406393818;11.157469754371634;26.14371561770548;0.0069590687311042385;0.04365776766862889;18.63229251197801;18.743319090278135;7.490081932428704;12.43023005894656;5.569796456602331;101.79060800347042;0.01475810681337165;2690.1833549723106;272.15711149335834;235.93708286325372;0.01366869505277346;0.9125134518597884;0.5966697989980714;0.23480872368624725;7.76168462834903e-10;-1.3183978353481507e-09;2.299429979757406e-09;-3.650554303291642e-10;-6.962750376260374e-10;7.537437340943143e-11;1.0494431990082376e-09;8.255881311924895e-09;7.76168462834903e-12;-1.3183978353481507e-11;2.2994299797574057e-11;-3.650554303291642e-10;-6.9627503762603735e-12;7.537437340943143e-13;1.0494431990082376e-11;8.255881311924896e-11;146.14371561770548;120.0;108.80071481399392;120.0;108.84847781786794;41.21011907313738;18.87258953686512;18.39404393226414;60.58048893033305;24.90379384439143;7.991481400278531;7.010106810523496;18.82871434838978;53.94116884198161;3.059232334729188;9.179177713441277;4.0;0.8500000000000004;105731.28932947975;15689.593233639767;6.738943945518183;3.059232334729188;deltaT_shex_1_K;shex;True;True;True;True;True;True;True;True;101.17128565161022;2677.4142090726245;0.07618214691256142;105731.28932947975;0.0;0.0;135.0;4.0;146.14371561770548;4.0;120.0;4.0;108.80071481399392;4.0;120.0;4.0;108.84847781786794;4.0;30.0;4.0;41.21011907313738;4.0;101.17128565161022;2677.4142090726245;0.009468541043758112;105731.28932947975;0.0;0.0;101.79060800347042;272.1571114933583;0.9261821469125618;15689.593233639767;0.5878640823721448;0.22832026554241705;165.0163051545706;373.5305858734553;0.8594685410437586;105731.28932947975;0.633495226722383;0.2639143331410084;101.17128565161022;2677.4142090726245;0.06671360586880332;105731.28932947975;0.0;0.0;121.2153533466369;272.1571114933583;0.9261821469125618;105731.28932947975;0.5878640823721448;0.22832026554241705;153.39404393226414;338.3079882140379;0.9261821469125618;105731.28932947975;0.5878640823721448;0.22832026554241705;150.33481159753495;347.8665662922741;0.8500000000000004;105731.28932947975;0.6405520210637834;0.269885811100952;112.03617563319563;275.78684744459053;0.8500000000000004;105731.28932947975;0.6405520210637834;0.269885811100952;112.00851859972147;275.7354853649804;0.8500000000000004;15689.593233639767;0.6405520210637834;0.269885811100952;101.79060800347042;2690.1833549723106;0.07618214691256142;15689.593233639767;0.0;0.0;54.90379384439143;229.85375677938399;0.07618214691256142;15689.593233639767;0.0;0.0;54.90730897588634;229.94510454277915;0.07618214691256142;105731.28932947975;0.0;0.0;"Zustand 3: Temperatur 426.544 K liegt außerhalb des Boryta-Prüfbereichs; Kristallisation wurde nicht bewertet.";"Zustand 4: Temperatur 423.485 K liegt außerhalb des Boryta-Prüfbereichs; Kristallisation wurde nicht bewertet.";"Zustand 5: Temperatur 385.186 K liegt außerhalb des Boryta-Prüfbereichs; Kristallisation wurde nicht bewertet.";"Zustand 6: Temperatur 385.159 K liegt außerhalb des Boryta-Prüfbereichs; Kristallisation wurde nicht bewertet.";"Zustand 20: Temperatur 438.166 K liegt außerhalb des Boryta-Prüfbereichs; Kristallisation wurde nicht bewertet.";5
parallel;Parallel (T13 = T15);parallel;120.0;120.0;30.0;120.0;4.0;4.0;4.0;120.0;0.8600000000000004;Abwärmetemperatur [°C];hot_temperature_C;120.0;10.0;10.0;25.0;15.0;11.0;nan;nan;5.998229252160776e-20;`gtol` termination condition is satisfied.;4;7.842158798710273e-09;3.463590406546587e-10;1;True;;True;0;zulässig;feasible;True;True;True;101.1621849749896;121.18889724473212;150.30527408404004;54.917230555305764;0.12529175221679834;0.2636832261709742;0.22851034813308269;0.26962787293309187;186.2077825162521;187.53431949458374;187.14740527951744;186.54357135380585;62.06194991424397;0.498293494249835;11.28295554914747;26.13682909786195;0.0069592609032210085;0.044166117354614946;18.62077825089093;18.753431949460563;7.4858962112055485;12.436238090194523;5.641995446858544;101.85578190767984;0.014679792760687952;2690.306938769953;272.17645979929773;236.14994370961935;0.013743532658773261;0.9224776308700493;0.5968875500640102;0.23497135042368353;7.452669592566963e-10;-1.2000143101431604e-09;2.0732500161102507e-09;-3.3738112303893786e-10;-6.212701464392012e-10;-2.1884716261411086e-11;8.880078894435428e-10;7.342805474763736e-09;7.452669592566962e-12;-1.2000143101431603e-11;2.0732500161102508e-11;-3.3738112303893786e-10;-6.212701464392012e-12;-2.1884716261411086e-13;8.880078894435428e-12;7.342805474763736e-11;146.13682909786195;120.0;108.80697336844992;120.0;108.84308783769103;41.216167433886596;18.79522041219201;18.447418798179513;60.639614473793245;24.917230555305764;8.047342772790273;6.951191460770076;18.8378150250104;53.9223430837655;3.1421447141394765;9.208600203055312;4.0;0.8600000000000004;105697.20019029363;15699.703009231265;6.732433099412439;3.1421447141394765;deltaT_shex_1_K;shex;True;True;True;True;True;True;True;True;101.1621849749896;2677.399908303242;0.07622116352882213;105697.20019029363;0.0;0.0;135.0;4.0;146.13682909786195;4.0;120.0;4.0;108.80697336844992;4.0;120.0;4.0;108.84308783769103;4.0;30.0;4.0;41.216167433886596;4.0;101.1621849749896;2677.399908303242;0.00954988313452925;105697.20019029363;0.0;0.0;101.85578190767984;272.17645979929836;0.9362211635288226;15699.703009231265;0.5881253645276358;0.22851034813308269;164.93204951005396;373.27520891923535;0.8695498831345296;105697.20019029363;0.6332188918609405;0.2636832261709742;101.1621849749896;2677.399908303242;0.06667128039429289;105697.20019029363;0.0;0.0;121.18889724473212;272.17645979929836;0.9362211635288226;105697.20019029363;0.5881253645276358;0.22851034813308269;153.4474187981795;338.46629849544456;0.9362211635288226;105697.20019029363;0.5881253645276358;0.22851034813308269;150.30527408404004;347.6890210071117;0.8600000000000004;105697.20019029363;0.6402504803242742;0.26962787293309187;111.9802970416768;275.52396296815976;0.8600000000000004;105697.20019029363;0.6402504803242742;0.26962787293309187;111.95265722720973;275.4726070177474;0.8600000000000004;15699.703009231265;0.6402504803242742;0.26962787293309187;101.85578190767984;2690.306938769953;0.07622116352882213;15699.703009231265;0.0;0.0;54.917230555305764;229.90997272692144;0.07622116352882213;15699.703009231265;0.0;0.0;54.92074475392553;230.00127625183535;0.07622116352882213;105697.20019029363;0.0;0.0;"Zustand 3: Temperatur 426.597 K liegt außerhalb des Boryta-Prüfbereichs; Kristallisation wurde nicht bewertet.";"Zustand 4: Temperatur 423.455 K liegt außerhalb des Boryta-Prüfbereichs; Kristallisation wurde nicht bewertet.";"Zustand 5: Temperatur 385.130 K liegt außerhalb des Boryta-Prüfbereichs; Kristallisation wurde nicht bewertet.";"Zustand 6: Temperatur 385.103 K liegt außerhalb des Boryta-Prüfbereichs; Kristallisation wurde nicht bewertet.";"Zustand 20: Temperatur 438.082 K liegt außerhalb des Boryta-Prüfbereichs; Kristallisation wurde nicht bewertet.";5
parallel;Parallel (T13 = T15);parallel;120.0;120.0;30.0;120.0;4.0;4.0;4.0;120.0;0.8700000000000004;Abwärmetemperatur [°C];hot_temperature_C;120.0;10.0;10.0;25.0;15.0;11.0;nan;nan;5.109430228352306e-20;`gtol` termination condition is satisfied.;4;6.984494866327387e-09;3.196695239885187e-10;1;True;;True;0;zulässig;feasible;True;True;True;101.15309312288849;121.1643118283713;150.2741435695482;54.930632561545906;0.1263071011143123;0.26345578795934776;0.2286955521705179;0.26937482332078033;186.0895256388681;187.6351868889051;187.03947457912278;186.63360443662532;62.85259350952323;0.4980008892506424;11.408318684762477;26.12975631811412;0.006959450815225756;0.04467406192710373;18.608952563235835;18.763518688894283;7.481578983187602;12.442240295720817;5.713872137328933;101.91970011787782;0.014604174211555266;2690.428122287067;272.1980297055076;236.35836747898162;0.013819347959530659;0.9324407937879138;0.5970998968639104;0.23513004363067938;7.171934157668147e-10;-1.0950387263619632e-09;1.900275492516812e-09;-3.1196156768942274e-10;-5.672688985214336e-10;-3.771560841414612e-11;8.130598416755674e-10;6.509765171358595e-09;7.171934157668147e-12;-1.0950387263619633e-11;1.900275492516812e-11;-3.1196156768942274e-10;-5.672688985214336e-12;-3.7715608414146117e-13;8.130598416755674e-12;6.509765171358595e-11;146.12975631811412;120.0;108.81342855388021;120.0;108.83770308393389;41.22220017278141;18.719197760801762;18.499141071199404;60.69749994509641;24.930632561545906;8.101934424872923;6.893728436002391;18.846906877111508;53.9035572570416;3.2249975016512167;9.238623568218486;4.0;0.8700000000000004;105663.15318621686;15709.792217654049;6.725942120830647;3.2249975016512167;deltaT_shex_1_K;shex;True;True;True;True;True;True;True;True;101.15309312288849;2677.3856209400524;0.076260141747444;105663.15318621686;0.0;0.0;135.0;4.0;146.12975631811412;4.0;120.0;4.0;108.81342855388021;4.0;120.0;4.0;108.83770308393389;4.0;30.0;4.0;41.22220017278141;4.0;101.15309312288849;2677.3856209400524;0.009632197434686197;105663.15318621686;0.0;0.0;101.91970011787782;272.19802970550745;0.9462601417474444;15709.792217654049;0.5883797459484081;0.2286955521705179;164.84895407891588;373.0235957939578;0.8796321974346867;105663.15318621686;0.632946706291714;0.26345578795934776;101.15309312288849;2677.3856209400524;0.0666279443127578;105663.15318621686;0.0;0.0;121.1643118283713;272.19802970550745;0.9462601417474444;105663.15318621686;0.5883797459484081;0.2286955521705179;153.4991410711994;338.6201378939114;0.9462601417474444;105663.15318621686;0.5883797459484081;0.2286955521705179;150.2741435695482;347.51087167292303;0.8700000000000004;105663.15318621686;0.6399543698878917;0.26937482332078033;111.92568826015281;275.2665113179736;0.8700000000000004;105663.15318621686;0.6399543698878917;0.26937482332078033;111.89806557512708;275.21516182150566;0.8700000000000004;15709.792217654049;0.6399543698878917;0.26937482332078033;101.91970011787782;2690.428122287067;0.076260141747444;15709.792217654049;0.0;0.0;54.930632561545906;229.9660435473031;0.076260141747444;15709.792217654049;0.0;0.0;54.93414582689229;230.05730289531576;0.076260141747444;105663.15318621686;0.0;0.0;"Zustand 3: Temperatur 426.649 K liegt außerhalb des Boryta-Prüfbereichs; Kristallisation wurde nicht bewertet.";"Zustand 4: Temperatur 423.424 K liegt außerhalb des Boryta-Prüfbereichs; Kristallisation wurde nicht bewertet.";"Zustand 5: Temperatur 385.076 K liegt außerhalb des Boryta-Prüfbereichs; Kristallisation wurde nicht bewertet.";"Zustand 6: Temperatur 385.048 K liegt außerhalb des Boryta-Prüfbereichs; Kristallisation wurde nicht bewertet.";"Zustand 20: Temperatur 437.999 K liegt außerhalb des Boryta-Prüfbereichs; Kristallisation wurde nicht bewertet.";5
parallel;Parallel (T13 = T15);parallel;120.0;120.0;30.0;120.0;4.0;4.0;4.0;120.0;0.8800000000000004;Abwärmetemperatur [°C];hot_temperature_C;120.0;10.0;10.0;25.0;15.0;11.0;nan;nan;4.363938646466402e-20;`gtol` termination condition is satisfied.;4;6.3153340524270815e-09;2.9542981049536633e-10;1;True;;True;0;zulässig;feasible;True;True;True;101.14400419416495;121.14154004481338;150.24148983686473;54.94400865704506;0.1273340775198037;0.26323191621372793;0.22887602931356588;0.2691265107963422;185.96825921950915;187.73585927142844;186.92836869582527;186.72360857035784;63.6396857918629;0.49770446975857596;11.533555713638746;26.122503541836693;0.006959638595796455;0.04518158684802582;18.596825921362917;18.773585927152364;7.477134747852946;12.448240571309436;5.7854259811705075;101.98241102562719;0.014531156106697104;2690.5469973441686;272.2217378089353;236.56250608300567;0.013896131606640605;0.9424029752645718;0.5973070115415897;0.23528492443296525;6.892619808240852e-10;-1.01267971786001e-09;1.7190018297696952e-09;-2.8861524281609263e-10;-4.983746748621343e-10;-9.521272659185342e-11;7.163123427744722e-10;5.879968512090272e-09;6.8926198082408515e-12;-1.01267971786001e-11;1.7190018297696953e-11;-2.8861524281609263e-10;-4.9837467486213425e-12;-9.521272659185342e-13;7.163123427744722e-12;5.879968512090272e-11;146.1225035418367;120.0;108.8200736425942;120.0;108.83232006158147;41.22822124829116;18.644476572826136;18.54925652796834;60.75418977733602;24.94400865704506;8.155285514120521;6.837662616967009;18.85599580583505;53.8847990734472;3.307766691103609;9.269219924860579;4.0;0.8800000000000004;105629.12619930758;15719.867443986506;6.719466724238508;3.307766691103609;deltaT_shex_1_K;shex;True;True;True;True;True;True;True;True;101.14400419416495;2677.371337710673;0.076299106871212;105629.12619930758;0.0;0.0;135.0;4.0;146.1225035418367;4.0;120.0;4.0;108.8200736425942;4.0;120.0;4.0;108.83232006158147;4.0;30.0;4.0;41.22822124829116;4.0;101.14400419416495;2677.371337710673;0.009715476389030695;105629.12619930758;0.0;0.0;101.98241102562719;272.22173780893536;0.9562991068712124;15719.867443986506;0.5886274501132541;0.22887602931356588;164.76698011466283;372.77562854097766;0.8897154763890311;105629.12619930758;0.6326785585391657;0.26323191621372793;101.14400419416495;2677.371337710673;0.0665836304821813;105629.12619930758;0.0;0.0;121.14154004481338;272.22173780893536;0.9562991068712124;105629.12619930758;0.5886274501132541;0.22887602931356588;153.54925652796834;338.7696257391846;0.9562991068712124;105629.12619930758;0.5886274501132541;0.22887602931356588;150.24148983686473;347.33216808986333;0.8800000000000004;105629.12619930758;0.6396635282081634;0.2691265107963422;111.8723201199528;275.01434332716605;0.8800000000000004;105629.12619930758;0.6396635282081634;0.2691265107963422;111.84471448587948;274.96300061483873;0.8800000000000004;15719.867443986506;0.6396635282081634;0.2691265107963422;101.98241102562719;2690.5469973441686;0.076299106871212;15719.867443986506;0.0;0.0;54.94400865704506;230.02200603182555;0.076299106871212;15719.867443986506;0.0;0.0;54.94752098813427;230.11322123579308;0.076299106871212;105629.12619930758;0.0;0.0;"Zustand 3: Temperatur 426.699 K liegt außerhalb des Boryta-Prüfbereichs; Kristallisation wurde nicht bewertet.";"Zustand 4: Temperatur 423.391 K liegt außerhalb des Boryta-Prüfbereichs; Kristallisation wurde nicht bewertet.";"Zustand 5: Temperatur 385.022 K liegt außerhalb des Boryta-Prüfbereichs; Kristallisation wurde nicht bewertet.";"Zustand 6: Temperatur 384.995 K liegt außerhalb des Boryta-Prüfbereichs; Kristallisation wurde nicht bewertet.";"Zustand 20: Temperatur 437.917 K liegt außerhalb des Boryta-Prüfbereichs; Kristallisation wurde nicht bewertet.";5
parallel;Parallel (T13 = T15);parallel;120.0;120.0;30.0;120.0;4.0;4.0;4.0;120.0;0.8900000000000005;Abwärmetemperatur [°C];hot_temperature_C;120.0;10.0;10.0;25.0;15.0;11.0;nan;nan;3.736042497851866e-20;`gtol` termination condition is satisfied.;4;5.7740516797625276e-09;2.7335114771487116e-10;1;True;;True;0;zulässig;feasible;True;True;True;101.13491270140577;121.12052659925729;150.2073794345839;54.95736704121265;0.12837252389148196;0.2630115122148837;0.22905192505670904;0.26888278971790636;185.8440827557726;187.83639835333952;186.8141945126685;186.81363809475695;64.42322187616702;0.49740427916953617;11.658663298702928;26.115076719842875;0.006959824356840697;0.04568867799536487;18.584408275039667;18.783639835346843;7.472567780524676;12.454242539607371;5.85665653428036;102.0439607078722;0.014460647333102622;2690.6636513864664;272.2475037385704;236.76250466554296;0.013973874214666115;0.9523642082221963;0.5975090587978266;0.23543610888100286;6.655227480223402e-10;-9.169411896436941e-10;1.5647287909814622e-09;-2.671965981804192e-10;-4.483808879740536e-10;-1.2892087397631258e-10;6.463949375756783e-10;5.375937917051488e-09;6.655227480223402e-12;-9.169411896436941e-12;1.564728790981462e-11;-2.671965981804192e-10;-4.483808879740536e-12;-1.2892087397631258e-12;6.463949375756784e-12;5.3759379170514876e-11;146.11507671984288;120.0;108.82690224206527;120.0;108.82693552064853;41.234234351276314;18.571013743316996;18.59780924584112;60.80972635659589;24.95736704121265;8.207424432447112;6.782941534193071;18.865087298594233;53.866057084141914;3.3904298112572064;9.30036238045949;4.0;0.8900000000000005;105595.0986834811;15729.93483969133;6.713002931012345;3.3904298112572064;deltaT_shex_1_K;shex;True;True;True;True;True;True;True;True;101.13491270140577;2677.357049991732;0.07633808243686191;105595.0986834811;0.0;0.0;135.0;4.0;146.11507671984288;4.0;120.0;4.0;108.82690224206527;4.0;120.0;4.0;108.82693552064853;4.0;30.0;4.0;41.234234351276314;4.0;101.13491270140577;2677.357049991732;0.009799712311455974;105595.0986834811;0.0;0.0;102.0439607078722;272.24750373856904;0.9663380824368624;15729.93483969133;0.5888686910202171;0.22905192505670904;164.68609046315987;372.53119378091577;0.8997997123114564;105595.0986834811;0.6324143408458981;0.2630115122148837;101.13491270140577;2677.357049991732;0.06653837012540594;105595.0986834811;0.0;0.0;121.12052659925729;272.24750373856904;0.9663380824368624;105595.0986834811;0.5888686910202171;0.22905192505670904;153.59780924584112;338.9148772458904;0.9663380824368624;105595.0986834811;0.5888686910202171;0.22905192505670904;150.2073794345839;347.1529574693355;0.8900000000000005;105595.0986834811;0.6393777996489679;0.26888278971790636;111.8201642187978;274.76731491259227;0.8900000000000005;105595.0986834811;0.6393777996489679;0.26888278971790636;111.79257556755289;274.71597931933906;0.8900000000000005;15729.93483969133;0.6393777996489679;0.26888278971790636;102.0439607078722;2690.6636513864664;0.07633808243686191;15729.93483969133;0.0;0.0;54.95736704121265;230.07789448464496;0.07633808243686191;15729.93483969133;0.0;0.0;54.96087843650662;230.16906555070622;0.07633808243686191;105595.0986834811;0.0;0.0;"Zustand 3: Temperatur 426.748 K liegt außerhalb des Boryta-Prüfbereichs; Kristallisation wurde nicht bewertet.";"Zustand 4: Temperatur 423.357 K liegt außerhalb des Boryta-Prüfbereichs; Kristallisation wurde nicht bewertet.";"Zustand 5: Temperatur 384.970 K liegt außerhalb des Boryta-Prüfbereichs; Kristallisation wurde nicht bewertet.";"Zustand 6: Temperatur 384.943 K liegt außerhalb des Boryta-Prüfbereichs; Kristallisation wurde nicht bewertet.";"Zustand 20: Temperatur 437.836 K liegt außerhalb des Boryta-Prüfbereichs; Kristallisation wurde nicht bewertet.";5
parallel;Parallel (T13 = T15);parallel;120.0;120.0;30.0;120.0;4.0;4.0;4.0;120.0;0.9000000000000005;Abwärmetemperatur [°C];hot_temperature_C;120.0;10.0;10.0;25.0;15.0;11.0;nan;nan;3.1817061180170876e-20;`gtol` termination condition is satisfied.;4;4.978254319848098e-09;2.522580471666697e-10;1;True;;True;0;zulässig;feasible;True;True;True;101.12581354223971;121.10121791155865;150.17187584131602;54.97071535951159;0.12942228307913392;0.26279448067279776;0.22922337903539472;0.2686435200085034;185.71709083925873;187.9368616766194;186.69705365004796;186.9037435366254;65.20319791492625;0.49710036016455106;11.783638209120213;26.10748150952503;0.006960008194815298;0.04619532164609016;18.571709083467933;18.793686167675258;7.467882146018776;12.460249569068022;5.927563446887669;102.10439305811104;0.014392560536462519;2690.7781677310772;272.27525005288607;236.95850196782624;0.014052566379094689;0.9623245239582029;0.5977061962908021;0.2355837082149696;6.361204896165873e-10;-8.381135785384686e-10;1.443083874619333e-09;-2.473093951849137e-10;-4.214371074340306e-10;-1.3318413039087318e-10;6.050697720638709e-10;4.579391088554985e-09;6.361204896165873e-12;-8.381135785384685e-12;1.4430838746193331e-11;-2.473093951849137e-10;-4.214371074340306e-12;-1.3318413039087318e-12;6.050697720638709e-12;4.579391088554985e-11;146.10748150952503;120.0;108.83390827451865;120.0;108.82154643919705;41.24024292324276;18.49876797483938;18.64484167963576;60.86415013486828;24.970715359511587;8.258378820916164;6.729515216407606;18.87418645776029;53.847320622243615;3.4729658383197375;9.332025005635444;4.0;0.9000000000000005;105561.05155510716;15740.000151953776;6.706547048031894;3.4729658383197375;deltaT_shex_1_K;shex;True;True;True;True;True;True;True;True;101.12581354223971;2677.34274976389;0.07637709033729712;105561.05155510716;0.0;0.0;135.0;4.0;146.10748150952503;4.0;120.0;4.0;108.83390827451865;4.0;120.0;4.0;108.82154643919705;4.0;30.0;4.0;41.24024292324276;4.0;101.12581354223971;2677.34274976389;0.009884897406394252;105561.05155510716;0.0;0.0;102.10439305811104;272.2752500528855;0.9763770903372976;15740.000151953776;0.589103673677668;0.22922337903539472;164.6062494843644;372.29018250149835;0.9098848974063947;105561.05155510716;0.632153949031665;0.26279448067279776;101.12581354223971;2677.34274976389;0.06649219293090286;105561.05155510716;0.0;0.0;121.10121791155865;272.2752500528855;0.9763770903372976;105561.05155510716;0.589103673677668;0.22922337903539472;153.64484167963576;339.0560036779027;0.9763770903372976;105561.05155510716;0.589103673677668;0.22922337903539472;150.17187584131602;346.9732845656191;0.9000000000000005;105561.05155510716;0.6390970342360156;0.2686435200085034;111.7691929059232;274.52528688307456;0.9000000000000005;105561.05155510716;0.6390970342360156;0.2686435200085034;111.74162117908384;274.4739587479122;0.9000000000000005;15740.000151953776;0.6390970342360156;0.2686435200085034;102.10439305811104;2690.7781677310772;0.07637709033729712;15740.000151953776;0.0;0.0;54.97071535951159;230.13374089246466;0.07637709033729712;15740.000151953776;0.0;0.0;54.974225816953435;230.22486780190934;0.07637709033729712;105561.05155510716;0.0;0.0;"Zustand 3: Temperatur 426.795 K liegt außerhalb des Boryta-Prüfbereichs; Kristallisation wurde nicht bewertet.";"Zustand 4: Temperatur 423.322 K liegt außerhalb des Boryta-Prüfbereichs; Kristallisation wurde nicht bewertet.";"Zustand 5: Temperatur 384.919 K liegt außerhalb des Boryta-Prüfbereichs; Kristallisation wurde nicht bewertet.";"Zustand 6: Temperatur 384.892 K liegt außerhalb des Boryta-Prüfbereichs; Kristallisation wurde nicht bewertet.";"Zustand 20: Temperatur 437.756 K liegt außerhalb des Boryta-Prüfbereichs; Kristallisation wurde nicht bewertet.";5
parallel;Parallel (T13 = T15);parallel;120.0;120.0;30.0;120.0;4.0;4.0;4.0;120.0;0.9100000000000005;Abwärmetemperatur [°C];hot_temperature_C;120.0;10.0;10.0;25.0;15.0;11.0;nan;nan;2.7216289772695284e-20;`gtol` termination condition is satisfied.;4;4.407888489608276e-09;2.333079071643106e-10;1;True;;True;0;zulässig;feasible;True;True;True;101.1167019730371;121.08356207055033;150.13503962104966;54.9840607407308;0.13048319846583356;0.2625807295867277;0.22939052531158582;0.2684085669047732;185.58737345085422;188.03730289456013;186.5770427811355;186.99397187023877;65.9796110154396;0.4967927547163929;11.908477316393144;26.099723292515193;0.006960190191928138;0.04670150446071532;18.55873734468339;18.803730289472924;7.463081711263402;12.466264791315;5.998146456020535;102.16374991044324;0.01432681194127396;2690.8906258009265;272.30490213496137;237.15063067196624;0.014132198690262388;0.9722839522434347;0.597898575006767;0.2357278291101665;6.125588924987824e-10;-7.862865913921269e-10;1.3137650967109948e-09;-2.2911761377031326e-10;-4.495461780607002e-10;-1.6910917111090384e-10;5.137792413734132e-10;4.020307642349508e-09;6.125588924987824e-12;-7.862865913921268e-12;1.3137650967109949e-11;-2.2911761377031326e-10;-4.4954617806070015e-12;-1.6910917111090384e-12;5.137792413734133e-12;4.0203076423495076e-11;146.0997232925152;120.0;108.84108595806606;120.0;108.81615000776083;41.24625017311962;18.427699685591506;18.69039473395702;60.917499737323624;24.984060740730797;8.308175586494201;6.677336047622816;18.883298026962905;53.8285797500165;3.555355112907364;9.364182805269195;4.0;0.9100000000000005;105526.96709273498;15750.068750648788;6.70009564805157;3.555355112907364;deltaT_shex_1_K;shex;True;True;True;True;True;True;True;True;101.1167019730371;2677.328429570595;0.07641615093369658;105526.96709273498;0.0;0.0;135.0;4.0;146.0997232925152;4.0;120.0;4.0;108.84108595806606;4.0;120.0;4.0;108.81615000776083;4.0;30.0;4.0;41.24625017311962;4.0;101.1167019730371;2677.328429570595;0.009971023788276624;105526.96709273498;0.0;0.0;102.16374991044324;272.30490213496194;0.9864161509336971;15750.068750648788;0.5893325945626894;0.22939052531158582;164.5274229781067;372.05248985671585;0.9199710237882771;105526.96709273498;0.6318972823552775;0.2625807295867277;101.1167019730371;2677.328429570595;0.06644512714541996;105526.96709273498;0.0;0.0;121.08356207055033;272.30490213496194;0.9864161509336971;105526.96709273498;0.5893325945626894;0.22939052531158582;153.69039473395702;339.19311250437477;0.9864161509336971;105526.96709273498;0.5893325945626894;0.22939052531158582;150.13503962104966;346.7931917994466;0.9100000000000005;105526.96709273498;0.6388210874157108;0.2684085669047732;111.71937926528113;274.28812475018617;0.9100000000000005;105526.96709273498;0.6388210874157108;0.2684085669047732;111.6918244135058;274.23680441561396;0.9100000000000005;15750.068750648788;0.6388210874157108;0.2684085669047732;102.16374991044324;2690.8906258009265;0.07641615093369658;15750.068750648788;0.0;0.0;54.9840607407308;230.18957508047052;0.07641615093369658;15750.068750648788;0.0;0.0;54.98757025774432;230.2806577914797;0.07641615093369658;105526.96709273498;0.0;0.0;"Zustand 3: Temperatur 426.840 K liegt außerhalb des Boryta-Prüfbereichs; Kristallisation wurde nicht bewertet.";"Zustand 4: Temperatur 423.285 K liegt außerhalb des Boryta-Prüfbereichs; Kristallisation wurde nicht bewertet.";"Zustand 5: Temperatur 384.869 K liegt außerhalb des Boryta-Prüfbereichs; Kristallisation wurde nicht bewertet.";"Zustand 6: Temperatur 384.842 K liegt außerhalb des Boryta-Prüfbereichs; Kristallisation wurde nicht bewertet.";"Zustand 20: Temperatur 437.677 K liegt außerhalb des Boryta-Prüfbereichs; Kristallisation wurde nicht bewertet.";5
parallel;Parallel (T13 = T15);parallel;120.0;120.0;30.0;120.0;4.0;4.0;4.0;120.0;0.9200000000000005;Abwärmetemperatur [°C];hot_temperature_C;120.0;10.0;10.0;25.0;15.0;11.0;nan;nan;2.3332948109363564e-20;`gtol` termination condition is satisfied.;4;3.95541186486125e-09;2.1602290669909783e-10;1;True;;True;0;zulässig;feasible;True;True;True;101.10757358454214;121.06750878840683;150.09692857126907;54.99740983153464;0.13155511408469625;0.26237017011272445;0.2295534926449406;0.26817780072073955;185.45501623712022;188.137772031922;186.4542539269488;187.08436675879483;66.75245916391778;0.49648150409899033;12.0331775906334;26.09180719121531;0.006960370417244366;0.047207213468414805;18.545501623352678;18.81377720321148;7.458170157093625;12.47229111722288;6.0684053786030745;102.22207115476112;0.014263321181196458;2691.001101341967;272.33638809147277;237.3390177226873;0.014212761746403513;0.9822425214130616;0.5980863396106041;0.23586857390985044;5.872209385415772e-10;-7.160423365348834e-10;1.197975052491529e-09;-2.1238144576329887e-10;-3.9182168620754965e-10;-1.9281287677586079e-10;4.516209628491197e-10;3.59344198841427e-09;5.872209385415772e-12;-7.160423365348834e-12;1.1979750524915289e-11;-2.1238144576329887e-10;-3.918216862075497e-12;-1.928128767758608e-12;4.516209628491197e-12;3.5934419884142697e-11;146.0918071912153;120.0;108.84842978905806;120.0;108.8107436149046;41.25225909281829;18.357770923257306;18.73450783242282;60.96981206194283;24.99740983153464;8.356840918465878;6.626358634296935;18.892426415457862;53.80982520974504;3.6375792611537463;9.396811689320657;4.0;0.9200000000000005;105492.82884422652;15760.145653362031;6.693645551538559;3.6375792611537463;deltaT_shex_1_K;shex;True;True;True;True;True;True;True;True;101.10757358454214;2677.314082479879;0.0764552831594646;105492.82884422652;0.0;0.0;135.0;4.0;146.0918071912153;4.0;120.0;4.0;108.84842978905806;4.0;120.0;4.0;108.8107436149046;4.0;30.0;4.0;41.25225909281829;4.0;101.10757358454214;2677.314082479879;0.010058083498421121;105492.82884422652;0.0;0.0;102.22207115476112;272.33638809147254;0.9964552831594651;15760.145653362031;0.5895556420546519;0.2295534926449406;164.44957811447262;371.81801497777224;0.9300580834984216;105492.82884422652;0.6316442433836519;0.26237017011272445;101.10757358454214;2677.314082479879;0.06639719966104347;105492.82884422652;0.0;0.0;121.06750878840683;272.33638809147254;0.9964552831594651;105492.82884422652;0.5895556420546519;0.2295534926449406;153.73450783242282;339.32630755104475;0.9964552831594651;105492.82884422652;0.5895556420546519;0.2295534926449406;150.09692857126907;346.6127193788377;0.9200000000000005;105492.82884422652;0.638549819828074;0.26817780072073955;111.67069709908617;274.0556985491306;0.9200000000000005;105492.82884422652;0.638549819828074;0.26817780072073955;111.64315908153412;274.004386360578;0.9200000000000005;15760.145653362031;0.638549819828074;0.26817780072073955;102.22207115476112;2691.001101341967;0.0764552831594646;15760.145653362031;0.0;0.0;54.99740983153464;230.24542485694803;0.0764552831594646;15760.145653362031;0.0;0.0;55.00091840515955;230.33646330621684;0.0764552831594646;105492.82884422652;0.0;0.0;"Zustand 3: Temperatur 426.885 K liegt außerhalb des Boryta-Prüfbereichs; Kristallisation wurde nicht bewertet.";"Zustand 4: Temperatur 423.247 K liegt außerhalb des Boryta-Prüfbereichs; Kristallisation wurde nicht bewertet.";"Zustand 5: Temperatur 384.821 K liegt außerhalb des Boryta-Prüfbereichs; Kristallisation wurde nicht bewertet.";"Zustand 6: Temperatur 384.793 K liegt außerhalb des Boryta-Prüfbereichs; Kristallisation wurde nicht bewertet.";"Zustand 20: Temperatur 437.600 K liegt außerhalb des Boryta-Prüfbereichs; Kristallisation wurde nicht bewertet.";5
parallel;Parallel (T13 = T15);parallel;120.0;120.0;30.0;120.0;4.0;4.0;4.0;120.0;0.9300000000000005;Abwärmetemperatur [°C];hot_temperature_C;120.0;10.0;10.0;25.0;15.0;11.0;nan;nan;2.001154743337417e-20;`gtol` termination condition is satisfied.;4;3.5253741352376024e-09;2.0005772883532479e-10;1;True;;True;0;zulässig;feasible;True;True;True;101.09842427925048;121.0530093544167;150.05759786310978;55.010768828553125;0.13263787472427896;0.26216271643733746;0.22971240474792926;0.2679510966224563;185.32010076838498;188.23831572632707;186.32877473203388;187.17496877826528;67.52174115615517;0.49616664889805817;12.157736097005547;26.083738084233573;0.0069605489276889235;0.04771243605280519;18.53201007652076;18.823831572655376;7.453150989296222;12.478331251859018;6.138340105164992;102.27939484453066;0.014202011137965088;2691.1096666264402;272.3696386528513;237.52378462876644;0.014294246164865854;0.9922002584517515;0.5982696287734318;0.23600604084314722;5.675531156157376e-10;-6.59738930153253e-10;1.0965663932438474e-09;-1.969369112231334e-10;-3.716706942213932e-10;-2.2669155441690236e-10;3.799982550845016e-10;3.1773765840625856e-09;5.675531156157376e-12;-6.59738930153253e-12;1.0965663932438474e-11;-1.969369112231334e-10;-3.716706942213932e-12;-2.2669155441690238e-12;3.7999825508450155e-12;3.177376584062586e-11;146.08373808423357;120.0;108.85593452559607;120.0;108.80532483383581;41.258272471670296;18.28894528393249;18.777218983049522;61.02112237286036;25.010768828553125;8.404400305318063;6.576539681065412;18.90157572074952;53.79104837844676;3.7196211199397453;9.429888443524476;4.0;0.9300000000000005;105458.62154057683;15770.235548652581;6.687193809834203;3.7196211199397453;deltaT_shex_1_K;shex;True;True;True;True;True;True;True;True;101.09842427925048;2677.299702048872;0.07649450461661689;105458.62154057683;0.0;0.0;135.0;4.0;146.08373808423357;4.0;120.0;4.0;108.85593452559607;4.0;120.0;4.0;108.80532483383581;4.0;30.0;4.0;41.258272471670296;4.0;101.09842427925048;2677.299702048872;0.01014606852043461;105458.62154057683;0.0;0.0;102.27939484453066;272.36963865285145;1.0064945046166174;15770.235548652581;0.5897729968420853;0.22971240474792926;164.37268336816607;371.58666079412694;0.9401460685204351;105458.62154057683;0.6313947378665944;0.26216271643733746;101.09842427925048;2677.299702048872;0.06634843609618228;105458.62154057683;0.0;0.0;121.0530093544167;272.36963865285145;1.0064945046166174;105458.62154057683;0.5897729968420853;0.22971240474792926;153.77721898304952;339.45568914437877;1.0064945046166174;105458.62154057683;0.5897729968420853;0.22971240474792926;150.05759786310978;346.43190541355307;0.9300000000000005;105458.62154057683;0.6382830970890668;0.2679510966224563;111.62312091089223;273.8278826656094;0.9300000000000005;105458.62154057683;0.6382830970890668;0.2679510966224563;111.59559969468194;273.776578970929;0.9300000000000005;15770.235548652581;0.6382830970890668;0.2679510966224563;102.27939484453066;2691.1096666264402;0.07649450461661689;15770.235548652581;0.0;0.0;55.010768828553125;230.3013161474163;0.07649450461661689;15770.235548652581;0.0;0.0;55.01427645538905;230.39231025166697;0.07649450461661689;105458.62154057683;0.0;0.0;"Zustand 3: Temperatur 426.927 K liegt außerhalb des Boryta-Prüfbereichs; Kristallisation wurde nicht bewertet.";"Zustand 4: Temperatur 423.208 K liegt außerhalb des Boryta-Prüfbereichs; Kristallisation wurde nicht bewertet.";"Zustand 5: Temperatur 384.773 K liegt außerhalb des Boryta-Prüfbereichs; Kristallisation wurde nicht bewertet.";"Zustand 6: Temperatur 384.746 K liegt außerhalb des Boryta-Prüfbereichs; Kristallisation wurde nicht bewertet.";"Zustand 20: Temperatur 437.523 K liegt außerhalb des Boryta-Prüfbereichs; Kristallisation wurde nicht bewertet.";5
parallel;Parallel (T13 = T15);parallel;120.0;120.0;30.0;120.0;4.0;4.0;4.0;120.0;0.9400000000000005;Abwärmetemperatur [°C];hot_temperature_C;120.0;10.0;10.0;25.0;15.0;11.0;nan;nan;1.720222680567718e-20;`gtol` termination condition is satisfied.;4;3.1983055975942715e-09;1.854843756529222e-10;1;True;;True;0;zulässig;feasible;True;True;True;101.08925025048137;121.04001658875688;150.0171001744062;55.02414350810574;0.1337313260181583;0.2619582856569648;0.22986738052692654;0.2677283344141767;185.1827047798045;188.33897745207128;186.20068872193787;187.2658156247707;68.2874565343549;0.4958482290232103;12.28214999235269;26.075520620801683;0.006960725768975139;0.048217159938491176;18.518270477694518;18.833897745229226;7.448027548891677;12.484387708293927;6.207950594088094;102.3357572976551;0.014142807788630602;2691.2163906431465;272.40458707592194;237.70504774610416;0.01437664259187943;1.0021571890732024;0.598448575480425;0.23614032423022632;5.402540637078346e-10;-6.141220865174546e-10;1.022669948724797e-09;-1.8271528734459253e-10;-3.540492343745427e-10;-2.2097879082139116e-10;3.61808361049043e-10;2.8593376555363648e-09;5.402540637078346e-12;-6.1412208651745456e-12;1.022669948724797e-11;-1.8271528734459253e-10;-3.540492343745427e-12;-2.2097879082139116e-12;3.61808361049043e-12;2.8593376555363647e-11;146.07552062080168;120.0;108.86359517213288;120.0;108.79989141000175;41.264292909812866;18.221187835817773;18.818564840458464;61.07146438784224;25.024143508105738;8.450878551759445;6.527837874477768;18.91074974951863;53.77224122567446;3.8014646660522544;9.463390700218497;4.0;0.9400000000000005;105424.33101621614;15780.342817617062;6.680737689584358;3.8014646660522544;deltaT_shex_1_K;shex;True;True;True;True;True;True;True;True;101.08925025048137;2677.2852822909945;0.07653383166508132;105424.33101621614;0.0;0.0;135.0;4.0;146.07552062080168;4.0;120.0;4.0;108.86359517213288;4.0;120.0;4.0;108.79989141000175;4.0;30.0;4.0;41.264292909812866;4.0;101.08925025048137;2677.2852822909945;0.010234970793821836;105424.33101621614;0.0;0.0;102.3357572976551;272.4045870759216;1.0165338316650818;15780.342817617062;0.5899848323060256;0.22986738052692654;164.29670845661946;371.35833386398514;0.9502349707938224;105424.33101621614;0.6311486746167848;0.2619582856569648;101.08925025048137;2677.2852822909945;0.06629886087125948;105424.33101621614;0.0;0.0;121.04001658875688;272.4045870759216;1.0165338316650818;105424.33101621614;0.5899848323060256;0.22986738052692654;153.81856484045846;339.58135425001564;1.0165338316650818;105424.33101621614;0.5899848323060256;0.22986738052692654;150.0171001744062;346.2507860248208;0.9400000000000005;105424.33101621614;0.6380207895833241;0.2677283344141767;111.57662588853839;273.60455566969887;0.9400000000000005;105424.33101621614;0.6380207895833241;0.2677283344141767;111.54912144824056;273.5532608187005;0.9400000000000005;15780.342817617062;0.6380207895833241;0.2677283344141767;102.3357572976551;2691.2163906431465;0.07653383166508132;15780.342817617062;0.0;0.0;55.02414350810574;230.3572731190301;0.07653383166508132;15780.342817617062;0.0;0.0;55.027650184327285;230.44822277642393;0.07653383166508132;105424.33101621614;0.0;0.0;"Zustand 3: Temperatur 426.969 K liegt außerhalb des Boryta-Prüfbereichs; Kristallisation wurde nicht bewertet.";"Zustand 4: Temperatur 423.167 K liegt außerhalb des Boryta-Prüfbereichs; Kristallisation wurde nicht bewertet.";"Zustand 5: Temperatur 384.727 K liegt außerhalb des Boryta-Prüfbereichs; Kristallisation wurde nicht bewertet.";"Zustand 6: Temperatur 384.699 K liegt außerhalb des Boryta-Prüfbereichs; Kristallisation wurde nicht bewertet.";"Zustand 20: Temperatur 437.447 K liegt außerhalb des Boryta-Prüfbereichs; Kristallisation wurde nicht bewertet.";5
parallel;Parallel (T13 = T15);parallel;120.0;120.0;30.0;120.0;4.0;4.0;4.0;120.0;0.9500000000000005;Abwärmetemperatur [°C];hot_temperature_C;120.0;10.0;10.0;25.0;15.0;11.0;nan;nan;1.478707317473984e-20;`gtol` termination condition is satisfied.;4;2.8727814609544423e-09;1.7197135328152676e-10;1;True;;True;0;zulässig;feasible;True;True;True;101.08004796298565;121.02848479644092;149.9754858158151;55.0375392537602;0.13483531452107947;0.26175679766257337;0.2300185343100563;0.2675093983352192;185.0429023961296;188.43979772741972;186.07007554344295;187.35694230646928;69.04960552956179;0.4955262837208582;12.406416522015425;26.067159234218252;0.006960900976446714;0.04872137317830017;18.504290239357623;18.84397977276366;7.442803021748872;12.490462820409423;6.277236866375025;102.3911931909056;0.014085640060653756;2691.321339275589;272.441169049012;237.88291854360244;0.014459941710997182;1.012113337794347;0.5986233073200857;0.2362715146754916;5.177298589842394e-10;-5.634888111671899e-10;9.416112334292848e-10;-1.69563363350278e-10;-2.788453912216937e-10;-2.1688606466341298e-10;3.2792968340800144e-10;2.5533495318086352e-09;5.177298589842394e-12;-5.634888111671898e-12;9.416112334292848e-12;-1.69563363350278e-10;-2.788453912216937e-12;-2.16886064663413e-12;3.2792968340800142e-12;2.5533495318086352e-11;146.06715923421825;120.0;108.87140696510511;120.0;108.7944412496131;41.270322830587304;18.1544650473586;18.858580765014892;61.12087036031829;25.0375392537602;8.496299795824314;6.4802137741995125;18.919952037014355;53.75339627439422;3.8830949491998012;9.497296909427973;4.0;0.9500000000000005;105389.94413518354;15790.471553898064;6.674274658324994;3.8830949491998012;deltaT_shex_1_K;shex;True;True;True;True;True;True;True;True;101.08004796298565;2677.2708176455353;0.07657327950534365;105389.94413518354;0.0;0.0;135.0;4.0;146.06715923421825;4.0;120.0;4.0;108.87140696510511;4.0;120.0;4.0;108.7944412496131;4.0;30.0;4.0;41.270322830587304;4.0;101.08004796298565;2677.2708176455353;0.010324782226013539;105389.94413518354;0.0;0.0;102.3911931909056;272.44116904901017;1.0265732795053442;15790.471553898064;0.5901913148812569;0.2300185343100563;164.22162428157685;371.1329442136177;0.960324782226014;105389.94413518354;0.6309059653947292;0.26175679766257337;101.08004796298565;2677.2708176455353;0.0662484972793301;105389.94413518354;0.0;0.0;121.02848479644092;272.44116904901017;1.0265732795053442;105389.94413518354;0.5901913148812569;0.2300185343100563;153.8585807650149;339.7033966055597;1.0265732795053442;105389.94413518354;0.5901913148812569;0.2300185343100563;149.9754858158151;346.0693954500336;0.9500000000000005;105389.94413518354;0.6377627722665503;0.2675093983352192;111.53118788701295;273.38560015630304;0.9500000000000005;105389.94413518354;0.6377627722665503;0.2675093983352192;111.50370020417569;273.3343145003259;0.9500000000000005;15790.471553898064;0.6377627722665503;0.2675093983352192;102.3911931909056;2691.321339275589;0.07657327950534365;15790.471553898064;0.0;0.0;55.0375392537602;230.4133182959013;0.07657327950534365;15790.471553898064;0.0;0.0;55.04104497521888;230.50422338735635;0.07657327950534365;105389.94413518354;0.0;0.0;"Zustand 3: Temperatur 427.009 K liegt außerhalb des Boryta-Prüfbereichs; Kristallisation wurde nicht bewertet.";"Zustand 4: Temperatur 423.125 K liegt außerhalb des Boryta-Prüfbereichs; Kristallisation wurde nicht bewertet.";"Zustand 5: Temperatur 384.681 K liegt außerhalb des Boryta-Prüfbereichs; Kristallisation wurde nicht bewertet.";"Zustand 6: Temperatur 384.654 K liegt außerhalb des Boryta-Prüfbereichs; Kristallisation wurde nicht bewertet.";"Zustand 20: Temperatur 437.372 K liegt außerhalb des Boryta-Prüfbereichs; Kristallisation wurde nicht bewertet.";5
parallel;Parallel (T13 = T15);parallel;120.0;120.0;30.0;120.0;4.0;4.0;4.0;120.0;0.9600000000000005;Abwärmetemperatur [°C];hot_temperature_C;120.0;10.0;10.0;25.0;15.0;11.0;nan;nan;1.273856932011494e-20;`gtol` termination condition is satisfied.;4;2.621403836594084e-09;1.5961559648176579e-10;1;True;;True;0;zulässig;feasible;True;True;True;101.0708141349545;121.01836972166961;149.93280285028658;55.05096108193004;0.13594968777581834;0.2615581750297105;0.2301659760623461;0.267294176866769;184.90076434211954;188.54081430734723;185.93701118939288;187.4483813218488;69.80818900898761;0.49520085158808846;12.53053301678963;26.058658154432976;0.006961074575860194;0.04922506414114283;18.490076433980402;18.85408143075772;7.437480447586846;12.496558754770344;6.346199000864311;102.44573564834661;0.01403043969450469;2691.424575468829;272.4793225996344;238.05750385284267;0.014544134250420004;1.0220687280048173;0.5987939467559262;0.2363996992493463;4.91951368530863e-10;-5.198046437726589e-10;8.698179954080842e-10;-1.5745615922213574e-10;-2.7827695703308564e-10;-2.2996005100139882e-10;2.936531018349342e-10;2.3155166672950145e-09;4.91951368530863e-12;-5.1980464377265885e-12;8.698179954080843e-12;-1.5745615922213574e-10;-2.7827695703308563e-12;-2.299600510013988e-12;2.936531018349342e-12;2.3155166672950146e-11;146.05865815443298;120.0;108.87936535948609;120.0;108.78897240898033;41.27636449206625;18.088744719535214;18.89730087896072;61.16937115628036;25.05096108193004;8.540687525996475;6.433629711139474;18.929185865045497;53.734506564885066;3.964498028674143;9.531586310370358;4.0;0.9600000000000005;105355.44872265501;15800.62558228265;6.66780237111566;3.964498028674143;deltaT_shex_1_K;shex;True;True;True;True;True;True;True;True;101.0708141349545;2677.2563029494404;0.07661286225523678;105355.44872265501;0.0;0.0;135.0;4.0;146.05865815443298;4.0;120.0;4.0;108.87936535948609;4.0;120.0;4.0;108.78897240898033;4.0;30.0;4.0;41.27636449206625;4.0;101.0708141349545;2677.2563029494404;0.010415494703211218;105355.44872265501;0.0;0.0;102.44573564834661;272.47932259963267;1.0366128622552373;15800.62558228265;0.5903926043965327;0.2301659760623461;164.1474028739682;370.9104051851226;0.9704154947032118;105355.44872265501;0.6306665247986836;0.2615581750297105;101.0708141349545;2677.2563029494404;0.06619736755202556;105355.44872265501;0.0;0.0;121.01836972166961;272.47932259963267;1.0366128622552373;105355.44872265501;0.5903926043965327;0.2301659760623461;153.89730087896072;339.8219068476364;1.0366128622552373;105355.44872265501;0.5903926043965327;0.2301659760623461;149.93280285028658;345.88776614234416;0.9600000000000005;105355.44872265501;0.637508924476889;0.267294176866769;111.48678341129926;273.1709025918279;0.9600000000000005;105355.44872265501;0.637508924476889;0.267294176866769;111.45931247400353;273.11962648334753;0.9600000000000005;15800.62558228265;0.637508924476889;0.267294176866769;102.44573564834661;2691.424575468829;0.07661286225523678;15800.62558228265;0.0;0.0;55.05096108193004;230.46947266610394;0.07661286225523678;15800.62558228265;0.0;0.0;55.05446584409526;230.56033305652596;0.07661286225523678;105355.44872265501;0.0;0.0;"Zustand 3: Temperatur 427.047 K liegt außerhalb des Boryta-Prüfbereichs; Kristallisation wurde nicht bewertet.";"Zustand 4: Temperatur 423.083 K liegt außerhalb des Boryta-Prüfbereichs; Kristallisation wurde nicht bewertet.";"Zustand 5: Temperatur 384.637 K liegt außerhalb des Boryta-Prüfbereichs; Kristallisation wurde nicht bewertet.";"Zustand 6: Temperatur 384.609 K liegt außerhalb des Boryta-Prüfbereichs; Kristallisation wurde nicht bewertet.";"Zustand 20: Temperatur 437.297 K liegt außerhalb des Boryta-Prüfbereichs; Kristallisation wurde nicht bewertet.";5
parallel;Parallel (T13 = T15);parallel;120.0;120.0;30.0;120.0;4.0;4.0;4.0;120.0;0.9700000000000005;Abwärmetemperatur [°C];hot_temperature_C;120.0;10.0;10.0;25.0;15.0;11.0;nan;nan;1.0968265690736178e-20;`gtol` termination condition is satisfied.;4;2.345471760442175e-09;1.4810986253950935e-10;1;True;;True;0;zulässig;feasible;True;True;True;101.06154572133033;121.00962850276017;149.88909720630193;55.06441366562524;0.13707429436780044;0.2613623429133473;0.23030981158935587;0.26708256254843116;184.7563581390188;188.6420623623083;185.80156820878193;187.54016282493484;70.56320842798576;0.49487197058700444;12.65449689005146;26.05002141979776;0.0069612465840985255;0.04972822150048245;18.475635813696922;18.864206236253754;7.432062728362353;12.502677521644923;6.414837129860634;102.49941632425327;0.013977141113312308;2691.5261593859714;272.5189880050384;238.22890610300084;0.01462921098927028;1.032023382031839;0.5989606113822706;0.23652496165966858;4.742588544104365e-10;-4.812079623661702e-10;7.907487997727003e-10;-1.4624823574393986e-10;-2.7688429327099584e-10;-2.2922108655620832e-10;2.609965576994e-10;2.049574732154724e-09;4.742588544104365e-12;-4.8120796236617026e-12;7.907487997727004e-12;-1.4624823574393986e-10;-2.7688429327099585e-12;-2.2922108655620834e-12;2.609965576994e-12;2.0495747321547242e-11;146.05002141979776;120.0;108.8874660162212;120.0;108.78348308463308;41.282419997745706;18.023995922014535;18.934758119847288;61.21699632650757;25.06441366562524;8.584064598232544;6.388049691967922;18.938454278669667;53.7155656209207;4.045660913545362;9.566238903436215;4.0;0.9700000000000005;105320.83350144357;15810.808475969961;6.661318658151815;4.045660913545362;deltaT_shex_1_K;shex;True;True;True;True;True;True;True;True;101.06154572133033;2677.241733411134;0.07665259302110872;105320.83350144357;0.0;0.0;135.0;4.0;146.05002141979776;4.0;120.0;4.0;108.8874660162212;4.0;120.0;4.0;108.78348308463308;4.0;30.0;4.0;41.282419997745706;4.0;101.06154572133033;2677.241733411134;0.010507100099830661;105320.83350144357;0.0;0.0;102.49941632425327;272.5189880050384;1.0466525930211092;15810.808475969961;0.5905888543956648;0.23030981158935587;164.0740173418123;370.69063329196996;0.9805071000998312;105320.83350144357;0.6304302701590845;0.2613623429133473;101.06154572133033;2677.241733411134;0.06614549292127805;105320.83350144357;0.0;0.0;121.00962850276017;272.5189880050384;1.0466525930211092;105320.83350144357;0.5905888543956648;0.23030981158935587;153.9347581198473;339.9369726338336;1.0466525930211092;105320.83350144357;0.5905888543956648;0.23030981158935587;149.88909720630193;345.7059288656444;0.9700000000000005;105320.83350144357;0.6372591297552459;0.26708256254843116;111.44338959932395;272.960353167179;0.9700000000000005;105320.83350144357;0.6372591297552459;0.26708256254843116;111.41593540176746;272.90908695944654;0.9700000000000005;15810.808475969961;0.6372591297552459;0.26708256254843116;102.49941632425327;2691.5261593859714;0.07665259302110872;15810.808475969961;0.0;0.0;55.06441366562524;230.52575578110256;0.07665259302110872;15810.808475969961;0.0;0.0;55.06791746371238;230.6165713205349;0.07665259302110872;105320.83350144357;0.0;0.0;"Zustand 3: Temperatur 427.085 K liegt außerhalb des Boryta-Prüfbereichs; Kristallisation wurde nicht bewertet.";"Zustand 4: Temperatur 423.039 K liegt außerhalb des Boryta-Prüfbereichs; Kristallisation wurde nicht bewertet.";"Zustand 5: Temperatur 384.593 K liegt außerhalb des Boryta-Prüfbereichs; Kristallisation wurde nicht bewertet.";"Zustand 6: Temperatur 384.566 K liegt außerhalb des Boryta-Prüfbereichs; Kristallisation wurde nicht bewertet.";"Zustand 20: Temperatur 437.224 K liegt außerhalb des Boryta-Prüfbereichs; Kristallisation wurde nicht bewertet.";5
parallel;Parallel (T13 = T15);parallel;120.0;120.0;30.0;120.0;4.0;4.0;4.0;120.0;0.9800000000000005;Abwärmetemperatur [°C];hot_temperature_C;120.0;10.0;10.0;25.0;15.0;11.0;nan;nan;9.465048728716728e-21;`gtol` termination condition is satisfied.;4;2.13617900768671e-09;1.3758669069874984e-10;1;True;;True;0;zulässig;feasible;True;True;True;101.05223989830125;121.00221962776413;149.84441278504357;55.07790135655404;0.1382089839733758;0.26116922894746386;0.23045014272954661;0.266874451803549;184.6097482884993;188.7435746445119;185.66381590339398;187.63231477883812;71.31466578602735;0.49453967805963717;12.778305635013524;26.04125288806813;0.006961417009829005;0.05023083422335721;18.460974828663854;18.874357464474226;7.426552636145173;12.508820985240803;6.483151435133585;102.55226548084369;0.01392568129923382;2691.6261485548766;272.5601077054422;238.39722354164596;0.014715162762978018;1.041977321200994;0.5991234141646797;0.2366473824132431;4.540652298601344e-10;-4.4208547933521913e-10;7.219114195322618e-10;-1.3592504899406777e-10;-2.353317540837452e-10;-2.3035795493342448e-10;2.2606627680943348e-10;1.8607693164085504e-09;4.540652298601344e-12;-4.420854793352191e-12;7.219114195322618e-12;-1.3592504899406777e-10;-2.3533175408374517e-12;-2.3035795493342447e-12;2.260662768094335e-12;1.8607693164085505e-11;146.04125288806813;120.0;108.89570479046688;120.0;108.7779716041365;41.28849130648996;17.960188932912217;18.970984291245372;61.26377417435373;25.077901356554037;8.626453252895317;6.343439309623193;18.947760101698748;53.696567418686925;4.126571506201799;9.601235422765626;4.0;0.9800000000000005;105286.08803301942;15821.023572651204;6.654821513256625;4.126571506201799;deltaT_shex_1_K;shex;True;True;True;True;True;True;True;True;101.05223989830125;2677.2271045862035;0.07669248396397144;105286.08803301942;0.0;0.0;135.0;4.0;146.04125288806813;4.0;120.0;4.0;108.89570479046688;4.0;120.0;4.0;108.7779716041365;4.0;30.0;4.0;41.28849130648996;4.0;101.05223989830125;2677.2271045862035;0.010599590287054908;105286.08803301942;0.0;0.0;102.55226548084369;272.5601077054439;1.056692483963972;15821.023572651204;0.5907802124401135;0.23045014272954661;164.00144182098035;370.47354808196167;0.9905995902870555;105286.08803301942;0.6301971214374621;0.26116922894746386;101.05223989830125;2677.2271045862035;0.06609289367691652;105286.08803301942;0.0;0.0;121.00221962776413;272.5601077054439;1.056692483963972;105286.08803301942;0.5907802124401135;0.23045014272954661;153.97098429124537;340.04867875925186;1.056692483963972;105286.08803301942;0.5907802124401135;0.23045014272954661;149.84441278504357;345.5239127845843;0.9800000000000005;105286.08803301942;0.6370132756735778;0.266874451803549;111.40098420499851;272.75384565644833;0.9800000000000005;105286.08803301942;0.6370132756735778;0.266874451803549;111.37354674710468;272.7025897031592;0.9800000000000005;15821.023572651204;0.6370132756735778;0.266874451803549;102.55226548084369;2691.6261485548766;0.07669248396397144;15821.023572651204;0.0;0.0;55.07790135655404;230.58218584818172;0.07669248396397144;15821.023572651204;0.0;0.0;55.08140418544957;230.67295637288007;0.07669248396397144;105286.08803301942;0.0;0.0;"Zustand 3: Temperatur 427.121 K liegt außerhalb des Boryta-Prüfbereichs; Kristallisation wurde nicht bewertet.";"Zustand 4: Temperatur 422.994 K liegt außerhalb des Boryta-Prüfbereichs; Kristallisation wurde nicht bewertet.";"Zustand 5: Temperatur 384.551 K liegt außerhalb des Boryta-Prüfbereichs; Kristallisation wurde nicht bewertet.";"Zustand 6: Temperatur 384.524 K liegt außerhalb des Boryta-Prüfbereichs; Kristallisation wurde nicht bewertet.";"Zustand 20: Temperatur 437.151 K liegt außerhalb des Boryta-Prüfbereichs; Kristallisation wurde nicht bewertet.";5
parallel;Parallel (T13 = T15);parallel;120.0;120.0;30.0;120.0;4.0;4.0;4.0;120.0;0.9900000000000005;Abwärmetemperatur [°C];hot_temperature_C;120.0;10.0;10.0;25.0;15.0;11.0;nan;nan;8.171565593918087e-21;`gtol` termination condition is satisfied.;4;1.9315073685204673e-09;1.278402565228816e-10;1;True;;True;0;zulässig;feasible;True;True;True;101.04289404891813;120.99610289091572;149.7987915619447;55.0914282056313;0.13935360739834787;0.26097876314897545;0.23058706753651567;0.2666697447732879;184.4609964445596;188.8453816423296;185.52382051170076;187.7248630982068;72.0625635865771;0.4942040107429953;12.90195682212864;26.032356246684174;0.006961585854110437;0.05073289155998707;18.446099644290133;18.884538164255144;7.420952820478549;12.514990873199375;6.551142144272387;102.6043120612402;0.013875999676154493;2691.724598005908;272.60262622023777;238.56255044269616;0.014801980467846976;1.0519305658930291;0.5992824636666276;0.2367670389682508;4.3242209812888177e-10;-4.191633706795983e-10;6.610889613511972e-10;-1.2637901836143328e-10;-2.629576556500979e-10;-2.2183144210430328e-10;2.1617552192765288e-10;1.6582930584263522e-09;4.324220981288818e-12;-4.191633706795983e-12;6.610889613511972e-12;-1.2637901836143328e-10;-2.6295765565009787e-12;-2.2183144210430327e-12;2.161755219276529e-12;1.6582930584263523e-11;146.03235624668417;120.0;108.90407772059206;120.0;108.77243641757138;41.29458024176614;17.897295181940194;19.006010111063915;61.30973181947405;25.091428205631303;8.667875131501091;6.299765659351863;18.95710595108187;53.677506357597736;4.2072185491192045;9.636557309468913;4.0;0.9900000000000005;105251.20266281095;15831.273989437948;6.648309083212806;4.2072185491192045;deltaT_shex_1_K;shex;True;True;True;True;True;True;True;True;101.04289404891813;2677.2124123548333;0.07673254636087556;105251.20266281095;0.0;0.0;135.0;4.0;146.03235624668417;4.0;120.0;4.0;108.90407772059206;4.0;120.0;4.0;108.77243641757138;4.0;30.0;4.0;41.29458024176614;4.0;101.04289404891813;2677.2124123548333;0.01069295714024898;105251.20266281095;0.0;0.0;102.6043120612402;272.60262622023805;1.066732546360876;15831.273989437948;0.5909668203948645;0.23058706753651567;163.92965142862437;370.2590720070869;1.0006929571402494;105251.20266281095;0.6299670011294292;0.26097876314897545;101.04289404891813;2677.2124123548333;0.06603958922062658;105251.20266281095;0.0;0.0;120.99610289091572;272.60262622023805;1.066732546360876;105251.20266281095;0.5909668203948645;0.23058706753651567;154.00601011106392;340.1571072683848;1.066732546360876;105251.20266281095;0.5909668203948645;0.23058706753651567;149.7987915619447;345.3417455502873;0.9900000000000005;105251.20266281095;0.6367712536713172;0.2666697447732879;111.35954558144681;272.55127728145436;0.9900000000000005;105251.20266281095;0.6367712536713172;0.2666697447732879;111.33212486849891;272.50003193644426;0.9900000000000005;15831.273989437948;0.6367712536713172;0.2666697447732879;102.6043120612402;2691.724598005908;0.07673254636087556;15831.273989437948;0.0;0.0;55.0914282056313;230.63877981627166;0.07673254636087556;15831.273989437948;0.0;0.0;55.09493005997365;230.72950514970933;0.07673254636087556;105251.20266281095;0.0;0.0;"Zustand 3: Temperatur 427.156 K liegt außerhalb des Boryta-Prüfbereichs; Kristallisation wurde nicht bewertet.";"Zustand 4: Temperatur 422.949 K liegt außerhalb des Boryta-Prüfbereichs; Kristallisation wurde nicht bewertet.";"Zustand 5: Temperatur 384.510 K liegt außerhalb des Boryta-Prüfbereichs; Kristallisation wurde nicht bewertet.";"Zustand 6: Temperatur 384.482 K liegt außerhalb des Boryta-Prüfbereichs; Kristallisation wurde nicht bewertet.";"Zustand 20: Temperatur 437.080 K liegt außerhalb des Boryta-Prüfbereichs; Kristallisation wurde nicht bewertet.";5
parallel;Parallel (T13 = T15);parallel;120.0;120.0;30.0;120.0;4.0;4.0;4.0;120.0;1.0;Abwärmetemperatur [°C];hot_temperature_C;120.0;10.0;10.0;25.0;15.0;11.0;nan;nan;3.25422768986761e-23;`gtol` termination condition is satisfied.;6;4.720280006973157e-10;8.067499847992078e-12;1;True;;True;0;zulässig;feasible;True;True;True;101.03350575240046;120.99123935311741;149.75227369240815;55.10499797849047;0.14050801614652916;0.2607908777637182;0.23072068047271702;0.26646834517934864;184.310161547093;188.94751169722696;185.3816453531116;187.81783175502733;72.80690481228557;0.49386500478318457;13.025448098566576;26.023335020759134;0.006961753110888116;0.051234383039583956;18.431016154667336;18.89475116971379;7.415265814124513;12.521188783659898;6.618809528378926;102.65558376045067;0.013828037997891928;2691.8215604063375;272.6464900819582;238.72497731852104;0.014889655064211027;1.0618831355862732;0.5994378642920662;0.23688400590001632;-3.062439191126032e-11;1.1738165994756855e-10;8.606093615526333e-11;6.5427663287209725e-12;-1.2505552149377763e-12;8.907363735488616e-11;1.2886403055745177e-10;4.1964653973991517e-10;-3.062439191126032e-13;1.1738165994756854e-12;8.606093615526334e-13;6.5427663287209725e-12;-1.2505552149377763e-14;8.907363735488616e-13;1.2886403055745178e-12;4.196465397399152e-12;146.02333502075913;120.0;108.91258101955071;120.0;108.76687609120648;41.30068849863795;17.83528718166002;19.03986526771638;61.354895261812715;25.104997978490474;8.708351291702911;6.2569972591000464;18.96649424759954;53.65837723855452;4.287591575308227;9.672186687114333;4.0;1.0;105216.16847935351;15841.56263405233;6.641779659614225;4.287591575308227;deltaT_shex_1_K;shex;True;True;True;True;True;True;True;True;101.03350575240046;2677.1976529050457;0.07677279065048426;105216.16847935351;0.0;0.0;135.0;4.0;146.02333502075913;4.0;120.0;4.0;108.91258101955071;4.0;120.0;4.0;108.76687609120648;4.0;30.0;4.0;41.30068849863795;4.0;101.03350575240046;2677.1976529050457;0.010787192508332346;105216.16847935351;0.0;0.0;102.65558376045067;272.64649008195795;1.0767727906504843;15841.56263405233;0.5911488147272604;0.23072068047271702;163.85862220241916;370.04713024310905;1.0107871925083323;105216.16847935351;0.6297398340964915;0.2607908777637182;101.03350575240046;2677.1976529050457;0.06598559814215191;105216.16847935351;0.0;0.0;120.99123935311741;272.64649008195795;1.0767727906504843;105216.16847935351;0.5911488147272604;0.23072068047271702;154.03986526771638;340.2623375889353;1.0767727906504843;105216.16847935351;0.5911488147272604;0.23072068047271702;149.75227369240815;345.1594534095412;1.0;105216.16847935351;0.6365329589235983;0.26646834517934864;111.31905266600307;272.352548597225;1.0;105216.16847935351;0.6365329589235983;0.26646834517934864;111.29164870829709;272.3013142141854;1.0;15841.56263405233;0.6365329589235983;0.26646834517934864;102.65558376045067;2691.8215604063375;0.07677279065048426;15841.56263405233;0.0;0.0;55.10499797849047;230.6955534408067;0.07677279065048426;15841.56263405233;0.0;0.0;55.10849885265196;230.7862333946276;0.07677279065048426;105216.16847935351;0.0;0.0;"Zustand 3: Temperatur 427.190 K liegt außerhalb des Boryta-Prüfbereichs; Kristallisation wurde nicht bewertet.";"Zustand 4: Temperatur 422.902 K liegt außerhalb des Boryta-Prüfbereichs; Kristallisation wurde nicht bewertet.";"Zustand 5: Temperatur 384.469 K liegt außerhalb des Boryta-Prüfbereichs; Kristallisation wurde nicht bewertet.";"Zustand 6: Temperatur 384.442 K liegt außerhalb des Boryta-Prüfbereichs; Kristallisation wurde nicht bewertet.";"Zustand 20: Temperatur 437.009 K liegt außerhalb des Boryta-Prüfbereichs; Kristallisation wurde nicht bewertet.";5
parallel;Parallel (T13 = T15);parallel;120.0;120.0;30.0;120.0;4.0;4.0;4.0;120.0;1.0000000000000004;Abwärmetemperatur [°C];hot_temperature_C;120.0;10.0;10.0;25.0;15.0;11.0;nan;nan;3.254548549511366e-23;`gtol` termination condition is satisfied.;1;4.720959705092354e-10;8.067897556998808e-12;1;True;;True;0;zulässig;feasible;True;True;True;101.03350575240046;120.99123935311741;149.75227369240815;55.10499797849047;0.14050801614652916;0.2607908777637182;0.23072068047271702;0.26646834517934864;184.31016154709306;188.94751169722696;185.3816453531116;187.81783175502733;72.8069048122856;0.4938650047831847;13.025448098566581;26.023335020759134;0.006961753110888116;0.051234383039583976;18.431016154667336;18.89475116971379;7.415265814124513;12.521188783659898;6.618809528378926;102.65558376045067;0.013828037997891717;2691.8215604063375;272.6464900819577;238.72497731852104;0.014889655064210805;1.061883135586274;0.5994378642920662;0.23688400590001632;-3.062439191126032e-11;1.1741008165699895e-10;8.611777957412414e-11;6.5427663287209725e-12;-1.2505552149377763e-12;8.907363735488616e-11;1.2886403055745177e-10;4.19703383158776e-10;-3.062439191126032e-13;1.1741008165699896e-12;8.611777957412414e-13;6.542766328720969e-12;-1.2505552149377763e-14;8.907363735488616e-13;1.2886403055745178e-12;4.1970338315877594e-12;146.02333502075913;120.0;108.91258101955071;120.0;108.76687609120648;41.30068849863795;17.83528718166002;19.03986526771638;61.354895261812715;25.104997978490474;8.708351291702911;6.2569972591000464;18.96649424759954;53.65837723855452;4.287591575308227;9.672186687114333;4.0;1.0000000000000004;105216.16847935351;15841.56263405233;6.641779659614225;4.287591575308227;deltaT_shex_1_K;shex;True;True;True;True;True;True;True;True;101.03350575240046;2677.1976529050457;0.07677279065048426;105216.16847935351;0.0;0.0;135.0;4.0;146.02333502075913;4.0;120.0;4.0;108.91258101955071;4.0;120.0;4.0;108.76687609120648;4.0;30.0;4.0;41.30068849863795;4.0;101.03350575240046;2677.1976529050457;0.010787192508332346;105216.16847935351;0.0;0.0;102.65558376045067;272.64649008195795;1.0767727906504847;15841.56263405233;0.5911488147272604;0.23072068047271702;163.85862220241916;370.04713024310905;1.0107871925083327;105216.16847935351;0.6297398340964915;0.2607908777637182;101.03350575240046;2677.1976529050457;0.06598559814215191;105216.16847935351;0.0;0.0;120.99123935311741;272.64649008195795;1.0767727906504847;105216.16847935351;0.5911488147272604;0.23072068047271702;154.03986526771638;340.2623375889353;1.0767727906504847;105216.16847935351;0.5911488147272604;0.23072068047271702;149.75227369240815;345.1594534095412;1.0000000000000004;105216.16847935351;0.6365329589235983;0.26646834517934864;111.31905266600307;272.352548597225;1.0000000000000004;105216.16847935351;0.6365329589235983;0.26646834517934864;111.29164870829709;272.3013142141854;1.0000000000000004;15841.56263405233;0.6365329589235983;0.26646834517934864;102.65558376045067;2691.8215604063375;0.07677279065048426;15841.56263405233;0.0;0.0;55.10499797849047;230.6955534408067;0.07677279065048426;15841.56263405233;0.0;0.0;55.10849885265196;230.7862333946276;0.07677279065048426;105216.16847935351;0.0;0.0;"Zustand 3: Temperatur 427.190 K liegt außerhalb des Boryta-Prüfbereichs; Kristallisation wurde nicht bewertet.";"Zustand 4: Temperatur 422.902 K liegt außerhalb des Boryta-Prüfbereichs; Kristallisation wurde nicht bewertet.";"Zustand 5: Temperatur 384.469 K liegt außerhalb des Boryta-Prüfbereichs; Kristallisation wurde nicht bewertet.";"Zustand 6: Temperatur 384.442 K liegt außerhalb des Boryta-Prüfbereichs; Kristallisation wurde nicht bewertet.";"Zustand 20: Temperatur 437.009 K liegt außerhalb des Boryta-Prüfbereichs; Kristallisation wurde nicht bewertet.";5
parallel;Parallel (T13 = T15);parallel;120.0;120.0;30.0;120.0;4.0;4.0;4.0;120.0;1.0100000000000007;Abwärmetemperatur [°C];hot_temperature_C;120.0;10.0;10.0;25.0;15.0;11.0;nan;nan;5.891394999356448e-23;`gtol` termination condition is satisfied.;4;6.148939080537435e-10;1.0854856055569275e-11;1;True;;True;0;zulässig;feasible;True;True;True;101.02407276035763;120.98759128715255;149.70489756232365;55.118614188377705;0.14167206439460153;0.2606055074401315;0.23085107248307338;0.2662701600868392;184.15730008842075;189.04999125039217;185.23735110739102;187.91124301424617;73.54769284071128;0.493522695755863;13.148777177642515;26.014192589020354;0.0069619187677716675;0.051735298436810455;18.415730008785705;18.904999125040614;7.409494044298363;12.52741620095147;6.686153894625694;102.70610707933821;0.01378174024472087;2691.9170861606176;272.6916476954909;238.8845910358214;0.01497817758262765;1.0718350489520314;0.5995897163641237;0.2369983549445902;2.894751105486648e-11;-1.7135448615590576e-10;1.566604623803869e-10;-9.035217019004449e-12;-6.80415723763872e-11;-1.3983481039758772e-11;-2.5863755581667647e-11;5.637161848426331e-10;2.8947511054866483e-13;-1.7135448615590576e-12;1.5666046238038688e-12;-8.945759424756874e-12;-6.80415723763872e-13;-1.3983481039758771e-13;-2.5863755581667646e-13;5.637161848426331e-12;146.01419258902035;120.0;108.9212110581704;120.0;108.76128929340632;41.30681765851625;17.774138539884802;19.07257842063632;61.39928942082196;25.118614188377705;8.747902230067496;6.21510397883219;18.975927239642374;53.63917521691474;4.367680858312667;9.708106329754855;4.0;1.0100000000000007;105180.9772246907;15851.89222924539;6.635231662163382;4.367680858312667;deltaT_shex_1_K;shex;True;True;True;True;True;True;True;True;101.02407276035763;2677.1828226953594;0.07681322653465839;105180.9772246907;0.0;0.0;135.0;4.0;146.01419258902035;4.0;120.0;4.0;108.9212110581704;4.0;120.0;4.0;108.76128929340632;4.0;30.0;4.0;41.30681765851625;4.0;101.02407276035763;2677.1828226953594;0.010882288375975237;105180.9772246907;0.0;0.0;102.70610707933821;272.6916476954902;1.086813226534659;15851.89222924539;0.5913263266397876;0.23085107248307338;163.78833112890516;369.837650810822;1.0208822883759758;105180.9772246907;0.6295155477931338;0.2606055074401315;101.02407276035763;2677.1828226953594;0.06593093815868314;105180.9772246907;0.0;0.0;120.98759128715255;272.6916476954902;1.086813226534659;105180.9772246907;0.5913263266397876;0.23085107248307338;154.07257842063632;340.3644465214859;1.086813226534659;105180.9772246907;0.5913263266397876;0.23085107248307338;149.70489756232365;344.9770611640843;1.0100000000000007;105180.9772246907;0.636298290089381;0.2662701600868392;111.2794849573977;272.15756330202265;1.0100000000000007;105180.9772246907;0.636298290089381;0.2662701600868392;111.2520977699325;272.1063402342634;1.0100000000000007;15851.89222924539;0.636298290089381;0.2662701600868392;102.70610707933821;2691.9170861606176;0.07681322653465839;15851.89222924539;0.0;0.0;55.118614188377705;230.75252142133843;0.07681322653465839;15851.89222924539;0.0;0.0;55.122114076491584;230.84315579619613;0.07681322653465839;105180.9772246907;0.0;0.0;"Zustand 3: Temperatur 427.223 K liegt außerhalb des Boryta-Prüfbereichs; Kristallisation wurde nicht bewertet.";"Zustand 4: Temperatur 422.855 K liegt außerhalb des Boryta-Prüfbereichs; Kristallisation wurde nicht bewertet.";"Zustand 5: Temperatur 384.429 K liegt außerhalb des Boryta-Prüfbereichs; Kristallisation wurde nicht bewertet.";"Zustand 6: Temperatur 384.402 K liegt außerhalb des Boryta-Prüfbereichs; Kristallisation wurde nicht bewertet.";"Zustand 20: Temperatur 436.938 K liegt außerhalb des Boryta-Prüfbereichs; Kristallisation wurde nicht bewertet.";5
parallel;Parallel (T13 = T15);parallel;120.0;120.0;30.0;120.0;4.0;4.0;4.0;120.0;1.0200000000000005;Abwärmetemperatur [°C];hot_temperature_C;120.0;10.0;10.0;25.0;15.0;11.0;nan;nan;3.8789204737081114e-23;`gtol` termination condition is satisfied.;4;5.044966767129512e-10;8.807860663870781e-12;1;True;;True;0;zulässig;feasible;True;True;True;101.01459300344584;120.98512215808029;149.65669993924894;55.132280088407754;0.1428456058895734;0.2604225887253406;0.23097833129364317;0.2660750999006955;184.0024660688539;189.15284478608805;185.09099577645435;188.00511736790406;74.28493149468338;0.4931771186735993;13.271941849737537;26.00493218115156;0.00696208280610005;0.05223562780152675;18.40024660683937;18.915284478610474;7.403639831060324;12.533674491195828;6.753175590439431;102.75590740178717;0.013737052519692865;2692.011223558759;272.73804936343925;239.0414750996385;0.015067539121772056;1.081786323828221;0.5997381165116747;0.2371101552751813;2.41158204516978e-11;-1.503650537415524e-10;1.234070623468142e-10;-7.364664433850976e-12;-5.374545253289398e-11;-1.6683543435647152e-11;-3.3367086871294305e-11;4.601758973876713e-10;2.41158204516978e-13;-1.503650537415524e-12;1.234070623468142e-12;-7.2202592488735025e-12;-5.374545253289398e-13;-1.6683543435647153e-13;-3.3367086871294305e-13;4.601758973876713e-12;146.00493218115156;120.0;108.92996436743692;120.0;108.75567479857034;41.31296918577084;17.713823810304916;19.104177311217825;61.44293821601633;25.132280088407754;8.786547887698305;6.174056965649754;18.98540699655416;53.619895814158156;4.447477371968887;9.744299647937908;4.0;1.0200000000000005;105145.62131841418;15862.26530644179;6.628663642116345;4.447477371968887;deltaT_shex_1_K;shex;True;True;True;True;True;True;True;True;101.01459300344584;2677.1679184652967;0.07685386294999264;105145.62131841418;0.0;0.0;135.0;4.0;146.00493218115156;4.0;120.0;4.0;108.92996436743692;4.0;120.0;4.0;108.75567479857034;4.0;30.0;4.0;41.31296918577084;4.0;101.01459300344584;2677.1679184652967;0.010978236618045934;105145.62131841418;0.0;0.0;102.75590740178717;272.7380493634395;1.096853862949993;15862.26530644179;0.5914994825070922;0.23097833129364317;163.71875599145648;369.630564081087;1.0309782366180464;105145.62131841418;0.6292940716735533;0.2604225887253406;101.01459300344584;2677.1679184652967;0.0658756263319467;105145.62131841418;0.0;0.0;120.98512215808029;272.7380493634395;1.096853862949993;105145.62131841418;0.5914994825070922;0.23097833129364317;154.10417731121782;340.46350851885853;1.096853862949993;105145.62131841418;0.5914994825070922;0.23097833129364317;149.65669993924894;344.7945924327673;1.0200000000000005;105145.62131841418;0.6360671493341428;0.2660750999006955;111.24082251014238;271.96622822231706;1.0200000000000005;105145.62131841418;0.6360671493341428;0.2660750999006955;111.2134521123017;271.91501682251163;1.0200000000000005;15862.26530644179;0.6360671493341428;0.2660750999006955;102.75590740178717;2692.011223558759;0.07685386294999264;15862.26530644179;0.0;0.0;55.132280088407754;230.8096973691615;0.07685386294999264;15862.26530644179;0.0;0.0;55.135778984412184;230.9002859555886;0.07685386294999264;105145.62131841418;0.0;0.0;"Zustand 3: Temperatur 427.254 K liegt außerhalb des Boryta-Prüfbereichs; Kristallisation wurde nicht bewertet.";"Zustand 4: Temperatur 422.807 K liegt außerhalb des Boryta-Prüfbereichs; Kristallisation wurde nicht bewertet.";"Zustand 5: Temperatur 384.391 K liegt außerhalb des Boryta-Prüfbereichs; Kristallisation wurde nicht bewertet.";"Zustand 6: Temperatur 384.363 K liegt außerhalb des Boryta-Prüfbereichs; Kristallisation wurde nicht bewertet.";"Zustand 20: Temperatur 436.869 K liegt außerhalb des Boryta-Prüfbereichs; Kristallisation wurde nicht bewertet.";5
parallel;Parallel (T13 = T15);parallel;120.0;120.0;30.0;120.0;4.0;4.0;4.0;120.0;1.0300000000000007;Abwärmetemperatur [°C];hot_temperature_C;120.0;10.0;10.0;25.0;15.0;11.0;nan;nan;2.546532374152724e-23;`gtol` termination condition is satisfied.;4;4.1961052136892457e-10;7.136571129264703e-12;1;True;;True;0;zulässig;feasible;True;True;True;101.00506456696644;120.98379656804019;149.6077160053096;55.145998705116824;0.14402849629382924;0.2602420602979971;0.23110254145080794;0.26588307812546375;183.84571126751598;189.2560950828308;184.94263496731662;188.09947377642678;75.01862495327113;0.49282830800692934;13.394939970353592;25.99555689399017;0.006962245201680858;0.0527353614213597;18.384571126713958;18.925609508285305;7.397705398694987;12.539964918431254;6.819874995763976;102.80500903918471;0.013693922956092786;2692.1040188583956;272.78564713878365;239.19570973529204;0.015157730854212348;1.0917369773176542;0.5998831577016918;0.23721947351297956;1.9596768652263563e-11;-1.326014853475499e-10;1.0368239600211382e-10;-5.946132475287413e-12;-5.803713065688498e-11;-2.2254198484006338e-11;-4.203570824756753e-11;3.764171196962707e-10;1.9596768652263562e-13;-1.326014853475499e-12;1.0368239600211381e-12;-5.7729441507644754e-12;-5.803713065688499e-13;-2.2254198484006338e-13;-4.2035708247567525e-13;3.764171196962707e-12;145.99555689399017;120.0;108.93883762157196;120.0;108.75003147270172;41.31914444275304;17.654318522687277;19.134688750622672;61.48586459643167;25.145998705116824;8.824307673695387;6.1338285823872525;18.99493543303356;53.60053486997009;4.52697274531306;9.780750657010799;4.0;1.0300000000000007;105110.09376586662;15872.68423073506;6.622074265317821;4.52697274531306;deltaT_shex_1_K;shex;True;True;True;True;True;True;True;True;101.00506456696644;2677.152937197057;0.07689470817186583;105110.09376586662;0.0;0.0;135.0;4.0;145.99555689399017;4.0;120.0;4.0;108.93883762157196;4.0;120.0;4.0;108.75003147270172;4.0;30.0;4.0;41.31914444275304;4.0;101.00506456696644;2677.152937197057;0.01107502919094666;105110.09376586662;0.0;0.0;102.80500903918471;272.7856471387839;1.1068947081718665;15872.68423073506;0.5916684039574671;0.23110254145080794;163.64987541667745;369.42580295446254;1.0410750291909474;105110.09376586662;0.6290753374883228;0.2602420602979971;101.00506456696644;2677.152937197057;0.06581967898091917;105110.09376586662;0.0;0.0;120.98379656804019;272.7856471387839;1.1068947081718665;105110.09376586662;0.5916684039574671;0.23110254145080794;154.13468875062267;340.55959564484453;1.1068947081718665;105110.09376586662;0.5916684039574671;0.23110254145080794;149.6077160053096;344.6120695793434;1.0300000000000007;105110.09376586662;0.6358394420708875;0.26588307812546375;111.20304591102939;271.77845311987596;1.0300000000000007;105110.09376586662;0.6358394420708875;0.26588307812546375;111.17569232630461;271.7272537398552;1.0300000000000007;15872.68423073506;0.6358394420708875;0.26588307812546375;102.80500903918471;2692.1040188583956;0.07689470817186583;15872.68423073506;0.0;0.0;55.145998705116824;230.86709394766854;0.07689470817186583;15872.68423073506;0.0;0.0;55.14949660273163;230.9576365268291;0.07689470817186583;105110.09376586662;0.0;0.0;"Zustand 3: Temperatur 427.285 K liegt außerhalb des Boryta-Prüfbereichs; Kristallisation wurde nicht bewertet.";"Zustand 4: Temperatur 422.758 K liegt außerhalb des Boryta-Prüfbereichs; Kristallisation wurde nicht bewertet.";"Zustand 5: Temperatur 384.353 K liegt außerhalb des Boryta-Prüfbereichs; Kristallisation wurde nicht bewertet.";"Zustand 6: Temperatur 384.326 K liegt außerhalb des Boryta-Prüfbereichs; Kristallisation wurde nicht bewertet.";"Zustand 20: Temperatur 436.800 K liegt außerhalb des Boryta-Prüfbereichs; Kristallisation wurde nicht bewertet.";5
parallel;Parallel (T13 = T15);parallel;120.0;120.0;30.0;120.0;4.0;4.0;4.0;120.0;1.0400000000000005;Abwärmetemperatur [°C];hot_temperature_C;120.0;10.0;10.0;25.0;15.0;11.0;nan;nan;1.627105537719203e-23;`gtol` termination condition is satisfied.;4;3.460458698788375e-10;5.7045692873681586e-12;1;True;;True;0;zulässig;feasible;True;True;True;100.99548568525648;120.98358022282758;149.55797945016053;55.15977284696089;0.14522059244428265;0.26006386279009763;0.23122378449504583;0.26569401126932335;183.68708532185553;189.35976327788717;184.79232197951484;188.19432972449692;75.748777745538;0.4924762976977062;13.517769461241212;25.98606969628321;0.006962405925109014;0.05323448982295692;18.36870853215464;18.935976327790257;7.391692879182357;12.54628864830248;6.886252522331576;102.85343528798597;0.013652301626241311;2692.1955163941725;272.83439477943267;239.34737206974935;0.015248744026973293;1.1016870258115303;0.6000249294559115;0.23732637387764324;1.716671249596402e-11;-1.0932410532404901e-10;9.00399754755199e-11;-4.7167825201199776e-12;-4.4082071326556616e-11;-1.5404566511278972e-11;-4.027356226288248e-11;3.091429334745044e-10;1.716671249596402e-13;-1.0932410532404902e-12;9.003997547551989e-13;-4.535367807807668e-12;-4.4082071326556615e-13;-1.5404566511278972e-13;-4.027356226288248e-13;3.0914293347450438e-12;145.9860696962832;120.0;108.94782763280415;120.0;108.74435827006596;41.32534469365356;17.59559911548763;19.164138674250523;61.52809059433241;25.15977284696089;8.861200478051728;6.094392344818175;19.004514314743517;53.58108853031831;4.606159224089993;9.817443956600357;4.0;1.0400000000000005;105074.38813652772;15883.151206921066;6.615462307677438;4.606159224089993;deltaT_shex_1_K;shex;True;True;True;True;True;True;True;True;100.99548568525648;2677.1378761067367;0.07693576983850314;105074.38813652772;0.0;0.0;135.0;4.0;145.9860696962832;4.0;120.0;4.0;108.94782763280415;4.0;120.0;4.0;108.74435827006596;4.0;30.0;4.0;41.32534469365356;4.0;100.99548568525648;2677.1378761067367;0.011172658076104399;105074.38813652772;0.0;0.0;102.85343528798597;272.8343947794318;1.1169357698385036;15883.151206921066;0.5918332081357152;0.23122378449504583;163.58166881177084;369.22330266778357;1.051172658076105;105074.38813652772;0.6288592790832597;0.26006386279009763;100.99548568525648;2677.1378761067367;0.06576311176239874;105074.38813652772;0.0;0.0;120.98358022282758;272.8343947794318;1.1169357698385036;105074.38813652772;0.5918332081357152;0.23122378449504583;154.16413867425052;340.6527777080137;1.1169357698385036;105074.38813652772;0.5918332081357152;0.23122378449504583;149.55797945016053;344.4295138237435;1.0400000000000005;105074.38813652772;0.6356150768702462;0.26569401126932335;111.16613626622723;271.59415060689656;1.0400000000000005;105074.38813652772;0.6356150768702462;0.26569401126932335;111.13879952194827;271.54296359745143;1.0400000000000005;15883.151206921066;0.6356150768702462;0.26569401126932335;102.85343528798597;2692.1955163941725;0.07693576983850314;15883.151206921066;0.0;0.0;55.15977284696089;230.92472290793518;0.07693576983850314;15883.151206921066;0.0;0.0;55.16326973974765;231.0152192523498;0.07693576983850314;105074.38813652772;0.0;0.0;"Zustand 3: Temperatur 427.314 K liegt außerhalb des Boryta-Prüfbereichs; Kristallisation wurde nicht bewertet.";"Zustand 4: Temperatur 422.708 K liegt außerhalb des Boryta-Prüfbereichs; Kristallisation wurde nicht bewertet.";"Zustand 5: Temperatur 384.316 K liegt außerhalb des Boryta-Prüfbereichs; Kristallisation wurde nicht bewertet.";"Zustand 6: Temperatur 384.289 K liegt außerhalb des Boryta-Prüfbereichs; Kristallisation wurde nicht bewertet.";"Zustand 20: Temperatur 436.732 K liegt außerhalb des Boryta-Prüfbereichs; Kristallisation wurde nicht bewertet.";5
parallel;Parallel (T13 = T15);parallel;120.0;120.0;30.0;120.0;4.0;4.0;4.0;120.0;1.0500000000000007;Abwärmetemperatur [°C];hot_temperature_C;120.0;10.0;10.0;25.0;15.0;11.0;nan;nan;9.964264193502116e-24;`gtol` termination condition is satisfied.;4;2.732972661503033e-10;4.464138034044672e-12;1;True;;True;0;zulässig;feasible;True;True;True;100.98585473194407;120.98443989411811;149.50752254261891;55.17360511824023;0.14642175242828429;0.25988793872218036;0.23134213908970314;0.2655078187175811;183.52663584798478;189.46386897196456;184.6401079338205;188.28970131743733;76.47539472488982;0.4921211211741336;13.64042830817567;25.97647343588426;0.006962564942149961;0.05373300376340683;18.352663584774547;18.946386897197954;7.385604317354525;12.552646754498392;6.95230861136249;102.9012084797846;0.013612140455789911;2692.285758672295;272.88424767916916;239.49653627545567;0.015340569963010697;1.1116364850295126;0.6001635180064594;0.23743091829270366;1.3997691894473974e-11;-9.755751761986176e-11;6.45741238258779e-11;-3.706479567711085e-12;-4.260414243617561e-11;-1.4978240869822912e-11;-3.8539837987627834e-11;2.3931079340400174e-10;1.3997691894473973e-13;-9.755751761986176e-13;6.45741238258779e-13;-3.5299805406772215e-12;-4.260414243617561e-13;-1.497824086982291e-13;-3.8539837987627835e-13;2.3931079340400175e-12;145.97647343588426;120.0;108.95693134367104;120.0;108.73865422742597;41.331571110763434;17.537642897285593;19.192552176154038;61.569637369021166;25.173605118240232;8.897244686947317;6.055722863886444;19.014145268055927;53.56155322787362;4.685029633535123;9.85436470814983;4.0;1.0500000000000007;105038.49852701987;15893.668289676896;6.608826647983051;4.685029633535123;deltaT_shex_1_K;shex;True;True;True;True;True;True;True;True;100.98585473194407;2677.1227326290345;0.07697705499252261;105038.49852701987;0.0;0.0;135.0;4.0;145.97647343588426;4.0;120.0;4.0;108.95693134367104;4.0;120.0;4.0;108.73865422742597;4.0;30.0;4.0;41.331571110763434;4.0;100.98585473194407;2677.1227326290345;0.011271115288773571;105038.49852701987;0.0;0.0;102.9012084797846;272.8842476791683;1.1269770549925233;15893.668289676896;0.5919940079029146;0.23134213908970314;163.51411633316985;369.0230007060033;1.0612711152887744;105038.49852701987;0.6286458323345744;0.25988793872218036;100.98585473194407;2677.1227326290345;0.06570593970374904;105038.49852701987;0.0;0.0;120.98443989411811;272.8842476791683;1.1269770549925233;105038.49852701987;0.5919940079029146;0.23134213908970314;154.19255217615404;340.7431223440098;1.1269770549925233;105038.49852701987;0.5919940079029146;0.23134213908970314;149.50752254261891;344.2469452998821;1.0500000000000007;105038.49852701987;0.6353939653329969;0.2655078187175811;111.13007518596828;271.41323603809565;1.0500000000000007;105038.49852701987;0.6353939653329969;0.2655078187175811;111.10275531305268;271.36206174879715;1.0500000000000007;15893.668289676896;0.6353939653329969;0.2655078187175811;102.9012084797846;2692.285758672295;0.07697705499252261;15893.668289676896;0.0;0.0;55.17360511824023;230.982595146895;0.07697705499252261;15893.668289676896;0.0;0.0;55.17710099955235;231.07304502111825;0.07697705499252261;105038.49852701987;0.0;0.0;"Zustand 3: Temperatur 427.343 K liegt außerhalb des Boryta-Prüfbereichs; Kristallisation wurde nicht bewertet.";"Zustand 4: Temperatur 422.658 K liegt außerhalb des Boryta-Prüfbereichs; Kristallisation wurde nicht bewertet.";"Zustand 5: Temperatur 384.280 K liegt außerhalb des Boryta-Prüfbereichs; Kristallisation wurde nicht bewertet.";"Zustand 6: Temperatur 384.253 K liegt außerhalb des Boryta-Prüfbereichs; Kristallisation wurde nicht bewertet.";"Zustand 20: Temperatur 436.664 K liegt außerhalb des Boryta-Prüfbereichs; Kristallisation wurde nicht bewertet.";5
parallel;Parallel (T13 = T15);parallel;120.0;120.0;30.0;120.0;4.0;4.0;4.0;120.0;1.0600000000000005;Abwärmetemperatur [°C];hot_temperature_C;120.0;10.0;10.0;25.0;15.0;11.0;nan;nan;5.979444028064539e-24;`gtol` termination condition is satisfied.;4;2.1701568448197406e-10;3.4581625259853067e-12;1;True;;True;0;zulässig;feasible;True;True;True;100.9761702112325;120.98634338324888;149.45637619981954;55.18749793160265;0.1476318355895323;0.25971423243275393;0.23145768114611293;0.2653244226150135;183.36440855000143;189.56843032335325;184.4860418893888;188.38560336753997;77.19848104716297;0.4917628113654322;13.76291455909796;25.96677084629198;0.006962722214091683;0.05423089422286656;18.336440854981813;18.956843032337144;7.3794416755771985;12.559040224505406;7.018043731568086;102.94835002881683;0.013573393142237076;2692.374786460307;272.9351628033671;239.64327370843202;0.015433200062237917;1.121585370055913;0.6002990064469439;0.23753316648835893;1.1112888387287967e-11;-8.597567102697212e-11;4.75210981676355e-11;-2.8541613517063524e-12;-4.118305696465541e-11;-1.8189894035458565e-11;-4.11262135457946e-11;1.8329160411667544e-10;1.1112888387287967e-13;-8.597567102697212e-13;4.75210981676355e-13;-2.6926050487795763e-12;-4.1183056964655407e-13;-1.8189894035458566e-13;-4.11262135457946e-13;1.8329160411667543e-12;145.96677084629198;120.0;108.96614582001263;120.0;108.73291845887917;41.33782478010488;17.48042800821537;19.21995354325071;61.61052524871195;25.18749793160265;8.932458197474375;6.017795791195795;19.0238297887675;53.54192566422472;4.763577343431166;9.89149861343924;4.0;1.0600000000000005;105002.41952799924;15904.237392690335;6.602166261442933;4.763577343431166;deltaT_shex_1_K;shex;True;True;True;True;True;True;True;True;100.9761702112325;2677.107504403586;0.0770185701181505;105002.41952799924;0.0;0.0;135.0;4.0;145.96677084629198;4.0;120.0;4.0;108.96614582001263;4.0;120.0;4.0;108.73291845887917;4.0;30.0;4.0;41.33782478010488;4.0;100.9761702112325;2677.107504403586;0.01137039288102366;105002.41952799924;0.0;0.0;102.94835002881683;272.93516280336706;1.137018570118151;15904.237392690335;0.5921509120295453;0.23145768114611293;163.44719885450735;368.82483671052717;1.071370392881024;105002.41952799924;0.628434935076291;0.25971423243275393;100.9761702112325;2677.107504403586;0.06564817723712683;105002.41952799924;0.0;0.0;120.98634338324888;272.93516280336706;1.137018570118151;105002.41952799924;0.5921509120295453;0.23145768114611293;154.2199535432507;340.8306950980956;1.137018570118151;105002.41952799924;0.5921509120295453;0.23145768114611293;149.45637619981954;344.06438311422534;1.0600000000000005;105002.41952799924;0.6351760219716908;0.2653244226150135;111.09484476980964;271.2356274093651;1.0600000000000005;105002.41952799924;0.6351760219716908;0.2653244226150135;111.06754180252562;271.18446618840017;1.0600000000000005;15904.237392690335;0.6351760219716908;0.2653244226150135;102.94835002881683;2692.374786460307;0.0770185701181505;15904.237392690335;0.0;0.0;55.18749793160265;231.04072075971834;0.0770185701181505;15904.237392690335;0.0;0.0;55.19099279465445;231.13112392097426;0.0770185701181505;105002.41952799924;0.0;0.0;"Zustand 3: Temperatur 427.370 K liegt außerhalb des Boryta-Prüfbereichs; Kristallisation wurde nicht bewertet.";"Zustand 4: Temperatur 422.606 K liegt außerhalb des Boryta-Prüfbereichs; Kristallisation wurde nicht bewertet.";"Zustand 5: Temperatur 384.245 K liegt außerhalb des Boryta-Prüfbereichs; Kristallisation wurde nicht bewertet.";"Zustand 6: Temperatur 384.218 K liegt außerhalb des Boryta-Prüfbereichs; Kristallisation wurde nicht bewertet.";"Zustand 20: Temperatur 436.597 K liegt außerhalb des Boryta-Prüfbereichs; Kristallisation wurde nicht bewertet.";5
parallel;Parallel (T13 = T15);parallel;120.0;120.0;30.0;120.0;4.0;4.0;4.0;120.0;1.0700000000000007;Abwärmetemperatur [°C];hot_temperature_C;120.0;10.0;10.0;25.0;15.0;11.0;nan;nan;3.5368492074577816e-24;`gtol` termination condition is satisfied.;4;1.7444600731834051e-10;2.6596425351756508e-12;1;True;;True;0;zulässig;feasible;True;True;True;100.96643074976635;120.98925948612418;149.4045700526575;55.2014535197257;0.1488507025320618;0.2595426900108721;0.23157048394230403;0.26514374775366867;183.20044732263108;189.6734641358371;184.33017095377022;188.48204947461113;77.91804215043076;0.49140140071622085;13.885226322337601;25.956964552788918;0.006962877698070522;0.054728152397527166;18.320044732248956;18.967346413585762;7.37320683815233;12.565469964977202;7.0834583773181485;102.99488047673202;0.013536015077519885;2692.462638871712;272.9870986272472;239.78765303875645;0.015526625802262384;1.1315336953736819;0.6004314748752748;0.23763317609877702;8.72546479513403e-12;-6.886580194986891e-11;3.893774191965349e-11;-2.148281552649678e-12;-3.802824721788056e-11;-2.0520474208751693e-11;-4.689582056016661e-11;1.4151169125398155e-10;8.72546479513403e-14;-6.886580194986891e-13;3.893774191965349e-13;-2.0077397688314734e-12;-3.8028247217880564e-13;-2.0520474208751693e-13;-4.689582056016661e-13;1.4151169125398155e-12;145.95696455278892;120.0;108.97546824439172;120.0;108.72715015104001;41.34410670668882;17.423933383451754;19.24636628790057;61.6507737700432;25.201453519725703;8.966858432019421;5.980587767659699;19.033569250233654;53.52220279346216;4.841796235243066;9.928831893887434;4.0;1.0700000000000007;104966.14619326062;15914.860297192803;6.595480213657636;4.841796235243066;deltaT_shex_1_K;shex;True;True;True;True;True;True;True;True;100.96643074976635;2677.092189262197;0.07706032117594352;104966.14619326062;0.0;0.0;135.0;4.0;145.95696455278892;4.0;120.0;4.0;108.97546824439172;4.0;120.0;4.0;108.72715015104001;4.0;30.0;4.0;41.34410670668882;4.0;100.96643074976635;2677.092189262197;0.011470482944385513;104966.14619326062;0.0;0.0;102.99488047673202;272.98709862724763;1.1470603211759443;15914.860297192803;0.5923040253783456;0.23157048394230403;163.38089793624067;368.6287523920416;1.0814704829443862;104966.14619326062;0.6282265270307669;0.2595426900108721;100.96643074976635;2677.092189262197;0.065589838231558;104966.14619326062;0.0;0.0;120.98925948612418;272.98709862724763;1.1470603211759443;104966.14619326062;0.5923040253783456;0.23157048394230403;154.24636628790057;340.9155595041357;1.1470603211759443;104966.14619326062;0.5923040253783456;0.23157048394230403;149.4045700526575;343.88184540109046;1.0700000000000007;104966.14619326062;0.6349611640974666;0.26514374775366867;111.06042759223675;271.06124526050917;1.0700000000000007;104966.14619326062;0.6349611640974666;0.26514374775366867;111.03314156798058;271.0100974545302;1.0700000000000007;15914.860297192803;0.6349611640974666;0.26514374775366867;102.99488047673202;2692.462638871712;0.07706032117594352;15914.860297192803;0.0;0.0;55.2014535197257;231.09910908864612;0.07706032117594352;15914.860297192803;0.0;0.0;55.20494735757785;231.18946528742413;0.07706032117594352;104966.14619326062;0.0;0.0;"Zustand 3: Temperatur 427.396 K liegt außerhalb des Boryta-Prüfbereichs; Kristallisation wurde nicht bewertet.";"Zustand 4: Temperatur 422.555 K liegt außerhalb des Boryta-Prüfbereichs; Kristallisation wurde nicht bewertet.";"Zustand 5: Temperatur 384.210 K liegt außerhalb des Boryta-Prüfbereichs; Kristallisation wurde nicht bewertet.";"Zustand 6: Temperatur 384.183 K liegt außerhalb des Boryta-Prüfbereichs; Kristallisation wurde nicht bewertet.";"Zustand 20: Temperatur 436.531 K liegt außerhalb des Boryta-Prüfbereichs; Kristallisation wurde nicht bewertet.";5
parallel;Parallel (T13 = T15);parallel;120.0;120.0;30.0;120.0;4.0;4.0;4.0;120.0;1.0800000000000005;Abwärmetemperatur [°C];hot_temperature_C;120.0;10.0;10.0;25.0;15.0;11.0;nan;nan;1.9468670775858415e-24;`gtol` termination condition is satisfied.;4;1.3229608899483085e-10;1.9732547111743286e-12;1;True;;True;0;zulässig;feasible;True;True;True;100.95663508904386;120.99315795924207;149.3521325077595;55.21547394622445;0.15007821512158406;0.25937325923145094;0.23168061823574798;0.2649657214659356;183.03479434761368;189.77898594078704;184.17254038624975;188.57905210111753;78.63408373644116;0.4910369212005897;14.007361764914942;25.94705707820657;0.006963031347374401;0.055224769692911124;18.30347943475089;18.977898594080305;7.366901615450973;12.571936806743569;7.148553066954545;103.04081953481801;0.013499963274453223;2692.549353445791;273.04001507663776;239.9297403739644;0.015620838738859888;1.1414814748963278;0.6005610005288294;0.2377310027543211;6.764366844436154e-12;-5.88329385209363e-11;2.9331204132176936e-11;-1.5812906539736105e-12;-2.4584778657299466e-11;-1.6001422409317456e-11;-3.601030584832188e-11;1.0476242096046917e-10;6.764366844436153e-14;-5.883293852093629e-13;2.9331204132176936e-13;-1.4641580129385275e-12;-2.4584778657299467e-13;-1.6001422409317456e-13;-3.6010305848321877e-13;1.0476242096046917e-12;145.94705707820657;120.0;108.98489590991329;120.0;108.72134855854563;41.35041781942505;17.368138718557645;19.27181317897231;61.690401715392966;25.21547394622445;9.000462352286775;5.944076375095278;19.043364910956143;53.5023818067329;4.919680671212802;9.966351270615348;4.0;1.0800000000000005;104929.67401091922;15925.538659928625;6.58876765499557;4.919680671212802;deltaT_shex_1_K;shex;True;True;True;True;True;True;True;True;100.95663508904386;2677.076785216947;0.07710231363518716;104929.67401091922;0.0;0.0;135.0;4.0;145.94705707820657;4.0;120.0;4.0;108.98489590991329;4.0;120.0;4.0;108.72134855854563;4.0;30.0;4.0;41.35041781942505;4.0;100.95663508904386;2677.076785216947;0.011571377612113463;104929.67401091922;0.0;0.0;103.04081953481801;273.0400150766383;1.1571023136351877;15925.538659928625;0.5924534490776214;0.23168061823574798;163.31519579676421;368.4346914473544;1.0915713776121139;104929.67401091922;0.6280205497418643;0.25937325923145094;100.95663508904386;2677.076785216947;0.0655309360230737;104929.67401091922;0.0;0.0;120.99315795924207;273.0400150766383;1.1571023136351877;104929.67401091922;0.5924534490776214;0.23168061823574798;154.2718131789723;340.99777716027114;1.1571023136351877;104929.67401091922;0.5924534490776214;0.23168061823574798;149.3521325077595;343.69934937494793;1.0800000000000005;104929.67401091922;0.6347493117119095;0.2649657214659356;111.02680668862672;270.89001258195316;1.0800000000000005;104929.67401091922;0.6347493117119095;0.2649657214659356;110.99953764771323;270.8388785359412;1.0800000000000005;15925.538659928625;0.6347493117119095;0.2649657214659356;103.04081953481801;2692.549353445791;0.07710231363518716;15925.538659928625;0.0;0.0;55.21547394622445;231.15776876865252;0.07710231363518716;15925.538659928625;0.0;0.0;55.21896675181273;231.2480777492665;0.07710231363518716;104929.67401091922;0.0;0.0;"Zustand 3: Temperatur 427.422 K liegt außerhalb des Boryta-Prüfbereichs; Kristallisation wurde nicht bewertet.";"Zustand 4: Temperatur 422.502 K liegt außerhalb des Boryta-Prüfbereichs; Kristallisation wurde nicht bewertet.";"Zustand 5: Temperatur 384.177 K liegt außerhalb des Boryta-Prüfbereichs; Kristallisation wurde nicht bewertet.";"Zustand 6: Temperatur 384.150 K liegt außerhalb des Boryta-Prüfbereichs; Kristallisation wurde nicht bewertet.";"Zustand 20: Temperatur 436.465 K liegt außerhalb des Boryta-Prüfbereichs; Kristallisation wurde nicht bewertet.";5
parallel;Parallel (T13 = T15);parallel;120.0;120.0;30.0;120.0;4.0;4.0;4.0;120.0;1.0900000000000007;Abwärmetemperatur [°C];hot_temperature_C;120.0;10.0;10.0;25.0;15.0;11.0;nan;nan;1.0647846163589234e-24;`gtol` termination condition is satisfied.;4;1.0310156731758459e-10;1.4593043660312427e-12;1;True;;True;0;zulässig;feasible;True;True;True;100.94678207832948;120.99800948682446;149.29909080616187;55.22956111584392;0.15131423648489875;0.2592058894933046;0.23178815237045697;0.26479027352257534;182.86749018425104;189.88501007386043;184.01319369495695;188.67662264233005;79.34661175352119;0.4906694043358422;14.129319110918765;25.93705084834039;0.00696318311172332;0.05572073771747231;18.28674901841741;18.98850100738752;7.360527747799225;12.578441509491013;7.213328341233532;103.08618612384038;0.013465196296811631;2692.6349662229222;273.093873471145;240.0695993757865;0.015715830506222606;1.1514287219979167;0.6006876579124047;0.23782670016897792;4.604316927725449e-12;-4.766320671478752e-11;2.006572685786523e-11;-1.1257661469699087e-12;-2.3646862246096134e-11;-1.4779288903810084e-11;-3.515765456540976e-11;7.693756742810365e-11;4.6043169277254495e-14;-4.766320671478752e-13;2.0065726857865228e-13;-1.0328129788714753e-12;-2.3646862246096135e-13;-1.4779288903810084e-13;-3.5157654565409755e-13;7.693756742810365e-13;145.9370508483404;120.0;108.99442621441642;120.0;108.71551299986066;41.35675897570934;17.31302443660678;19.296316271458124;61.72942714813104;25.22956111584392;9.033286472963027;5.908240090576044;19.053217921670523;53.482460117889275;4.997225465296253;10.004043945252533;4.0;1.0900000000000007;104892.99887649436;15936.27402060355;6.582027815340099;4.997225465296253;deltaT_shex_1_K;shex;True;True;True;True;True;True;True;True;100.94678207832948;2677.0612904490663;0.07714455250413854;104892.99887649436;0.0;0.0;135.0;4.0;145.9370508483404;4.0;120.0;4.0;108.99442621441642;4.0;120.0;4.0;108.71551299986066;4.0;30.0;4.0;41.35675897570934;4.0;100.94678207832948;2677.0612904490663;0.011673069061132907;104892.99887649436;0.0;0.0;103.08618612384038;273.0938734711447;1.1671445525041393;15936.27402060355;0.5925992806855421;0.23178815237045697;163.25007528494717;368.24259948011314;1.1016730690611336;104892.99887649436;0.6278169465107865;0.2592058894933046;100.94678207832948;2677.0612904490663;0.06547148344300563;104892.99887649436;0.0;0.0;120.99800948682446;273.0938734711447;1.1671445525041393;104892.99887649436;0.5925992806855421;0.23178815237045697;154.29631627145812;341.07740780138766;1.1671445525041393;104892.99887649436;0.5925992806855421;0.23178815237045697;149.29909080616187;343.51691137984255;1.0900000000000007;104892.99887649436;0.634540387403671;0.26479027352257534;110.99396554157192;270.72185472524023;1.0900000000000007;104892.99887649436;0.634540387403671;0.26479027352257534;110.96671352703697;270.6707347823802;1.0900000000000007;15936.27402060355;0.634540387403671;0.26479027352257534;103.08618612384038;2692.6349662229222;0.07714455250413854;15936.27402060355;0.0;0.0;55.22956111584392;231.21670777008154;0.07714455250413854;15936.27402060355;0.0;0.0;55.23305288197139;231.30696927119465;0.07714455250413854;104892.99887649436;0.0;0.0;"Zustand 3: Temperatur 427.446 K liegt außerhalb des Boryta-Prüfbereichs; Kristallisation wurde nicht bewertet.";"Zustand 4: Temperatur 422.449 K liegt außerhalb des Boryta-Prüfbereichs; Kristallisation wurde nicht bewertet.";"Zustand 5: Temperatur 384.144 K liegt außerhalb des Boryta-Prüfbereichs; Kristallisation wurde nicht bewertet.";"Zustand 6: Temperatur 384.117 K liegt außerhalb des Boryta-Prüfbereichs; Kristallisation wurde nicht bewertet.";"Zustand 20: Temperatur 436.400 K liegt außerhalb des Boryta-Prüfbereichs; Kristallisation wurde nicht bewertet.";5
