config_case_key;config_case_label;config_routing_mode;input_fixed_T13_C;input_fixed_T15_C;input_fixed_T17_C;input_fixed_hot_C;input_fixed_m13_kg_s;input_fixed_m15_kg_s;input_fixed_m17_kg_s;input_hot_variation_C;input_m6_kg_s;input_outer_variation_label;input_outer_variation_mode;input_outer_variation_value;input_scaled_UA_abs;input_scaled_UA_cond;input_scaled_UA_des;input_scaled_UA_evap;input_scaled_UA_shex;input_ua_scale_factor;input_ua_scale_percent;solve_cost;solve_message;solve_nfev;solve_raw_residual_norm;solve_scaled_residual_norm;solve_status;solve_success;status_final_evaluation_error;status_final_point_evaluable;failure_code;failure_label;failure_reason;feasible_margin;feasible_numeric;feasible_physical;primary_T10_C;primary_T2_C;primary_T4_C;primary_T8_C;primary_beta;primary_x20;primary_x3;primary_x6;heat_Q_abs_kW;heat_Q_cond_kW;heat_Q_des_kW;heat_Q_evap_kW;heat_Q_shex_kW;kpi_COP;kpi_FR;kpi_GTL_K;pump_W_ref_pump_kW;pump_W_sol_pump_kW;lmtd_LMTD_abs_K;lmtd_LMTD_cond_K;lmtd_LMTD_des_K;lmtd_LMTD_evap_K;lmtd_LMTD_shex_K;flash_T1_C;flash_flash_fraction;flash_h1_flash_kJ_kg;flash_h1_mix_kJ_kg;flash_h1_sol_kJ_kg;flash_m1_flash_kg_s;flash_m1_sol_kg_s;flash_w1_LiBr;flash_x1_LiBr_mol;residual_raw_R1_SHEX_energy;residual_raw_R2_SHEX_UA;residual_raw_R3_preabs_energy;residual_raw_R4_preabs_LiBr;residual_raw_R5_desorber_UA;residual_raw_R6_condenser_UA;residual_raw_R7_evaporator_UA;residual_raw_R8_absorber_UA;residual_scaled_R1_SHEX_energy;residual_scaled_R2_SHEX_UA;residual_scaled_R3_preabs_energy;residual_scaled_R4_preabs_LiBr;residual_scaled_R5_desorber_UA;residual_scaled_R6_condenser_UA;residual_scaled_R7_evaporator_UA;residual_scaled_R8_absorber_UA;diagnostic_T12_C;diagnostic_T13_C;diagnostic_T14_C;diagnostic_T15_C;diagnostic_T16_C;diagnostic_T18_C;diagnostic_deltaT_abs_1_K;diagnostic_deltaT_abs_2_K;diagnostic_deltaT_cond_1_K;diagnostic_deltaT_cond_2_K;diagnostic_deltaT_des_1_K;diagnostic_deltaT_des_2_K;diagnostic_deltaT_evap_1_K;diagnostic_deltaT_evap_2_K;diagnostic_deltaT_shex_1_K;diagnostic_deltaT_shex_2_K;diagnostic_m11_kg_s;diagnostic_m6_kg_s;diagnostic_p_high_Pa;diagnostic_p_low_Pa;diagnostic_pressure_ratio_high_over_low;pinch_deltaT_min_global_K;pinch_limiting_key;pinch_limiting_unit;check_beta_in_0_1;check_crystallization_safe_all_checked_states;check_desorber_evaporator_temperature_coupling_ok;check_m21_nonnegative;check_m7_positive;check_p_high_gt_p_low;check_w6_gt_w20_gt_w3;check_w6_gt_w3;state_10_T_C;state_10_h_kJ_kg;state_10_m_kg_s;state_10_p_Pa;state_10_w_LiBr;state_10_x_LiBr_mol;state_11_T_C;state_11_m_kg_s;state_12_T_C;state_12_m_kg_s;state_13_T_C;state_13_m_kg_s;state_14_T_C;state_14_m_kg_s;state_15_T_C;state_15_m_kg_s;state_16_T_C;state_16_m_kg_s;state_17_T_C;state_17_m_kg_s;state_18_T_C;state_18_m_kg_s;state_19_T_C;state_19_h_kJ_kg;state_19_m_kg_s;state_19_p_Pa;state_19_w_LiBr;state_19_x_LiBr_mol;state_1_T_C;state_1_h_kJ_kg;state_1_m_kg_s;state_1_p_Pa;state_1_w_LiBr;state_1_x_LiBr_mol;state_20_T_C;state_20_h_kJ_kg;state_20_m_kg_s;state_20_p_Pa;state_20_w_LiBr;state_20_x_LiBr_mol;state_21_T_C;state_21_h_kJ_kg;state_21_m_kg_s;state_21_p_Pa;state_21_w_LiBr;state_21_x_LiBr_mol;state_2_T_C;state_2_h_kJ_kg;state_2_m_kg_s;state_2_p_Pa;state_2_w_LiBr;state_2_x_LiBr_mol;state_3_T_C;state_3_h_kJ_kg;state_3_m_kg_s;state_3_p_Pa;state_3_w_LiBr;state_3_x_LiBr_mol;state_4_T_C;state_4_h_kJ_kg;state_4_m_kg_s;state_4_p_Pa;state_4_w_LiBr;state_4_x_LiBr_mol;state_5_T_C;state_5_h_kJ_kg;state_5_m_kg_s;state_5_p_Pa;state_5_w_LiBr;state_5_x_LiBr_mol;state_6_T_C;state_6_h_kJ_kg;state_6_m_kg_s;state_6_p_Pa;state_6_w_LiBr;state_6_x_LiBr_mol;state_7_T_C;state_7_h_kJ_kg;state_7_m_kg_s;state_7_p_Pa;state_7_w_LiBr;state_7_x_LiBr_mol;state_8_T_C;state_8_h_kJ_kg;state_8_m_kg_s;state_8_p_Pa;state_8_w_LiBr;state_8_x_LiBr_mol;state_9_T_C;state_9_h_kJ_kg;state_9_m_kg_s;state_9_p_Pa;state_9_w_LiBr;state_9_x_LiBr_mol;validity_message_1;validity_message_2;validity_message_3;validity_message_4;validity_message_5;validity_message_count
series_evaporator_to_desorber;Serie Verdampfer → Desorber;series_evaporator_to_desorber;nan;130.0;30.0;130.0;8.0;8.0;4.0;130.0;0.4;Abwärmetemperatur [°C];hot_temperature_C;130.0;10.0;10.0;25.0;15.0;11.0;nan;nan;2.128236369855378e-20;`gtol` termination condition is satisfied.;5;2.0621527213046378e-08;2.0631220855079702e-10;1;True;;True;0;zulässig;feasible_but_near_limit_shex;False;True;True;111.42180459886515;130.53485557198871;151.5304340260787;59.6630797470641;0.08864324514993178;0.2682332510073412;0.18949080627205045;0.2795314347558098;226.47687330275033;223.25295991994165;225.13188568254338;224.5562544900159;23.069310348705574;0.50363096793223;4.352249086454742;18.5452675420305;0.01221810653194953;0.029474943610452504;22.647687330272475;22.325295991994647;9.005275427303129;14.970416966001274;2.097210033575186;96.16902114184353;0.029850968550078603;2678.90128759814;284.37103511017506;210.69261566939895;0.01468388559369821;0.4772226188490042;0.5461785046016451;0.19977184233336318;9.695355629446567e-12;-2.0621474305926313e-08;-1.2079226507921703e-11;-6.3239968817185854e-12;-3.484501576167531e-11;-4.831690603168681e-12;-3.211653165635653e-12;2.5579538487363607e-11;9.695355629446567e-14;-2.0621474305926313e-10;-1.2079226507921703e-13;-6.3239968817185854e-12;-3.484501576167531e-13;-4.831690603168681e-14;-3.2116531656356525e-14;2.5579538487363607e-13;148.5452675420305;123.28480100209282;116.55238815273447;130.0;123.28480100209282;43.352449755977375;29.990446685453776;16.61407919165788;52.816571385866155;29.663079747064103;2.9369169470901397;20.383367010890936;18.57819540113485;63.61621051575588;0.08364516557918478;10.146738299274375;4.0;0.4;150362.37056507063;19637.472826922247;7.656910432941727;0.08364516557918478;deltaT_shex_1_K;shex;True;True;True;True;True;True;True;True;111.42180459886515;2693.2148847105873;0.09190650444270237;150362.37056507063;0.0;0.0;135.0;4.0;148.5452675420305;4.0;123.28480100209282;8.0;116.55238815273447;8.0;130.0;8.0;123.28480100209282;8.0;30.0;4.0;43.352449755977375;4.0;111.42180459886515;2693.2148847105873;0.008146890804187762;150362.37056507063;0.0;0.0;96.16902114184353;284.3710351101738;0.4919065044427024;19637.472826922247;0.5298745472380524;0.18949080627205045;178.53571422748428;401.4424977869511;0.40814689080418776;150362.37056507063;0.6386150236690216;0.2682332510073412;111.42180459886515;2693.2148847105873;0.08375961363851461;150362.37056507063;0.0;0.0;130.53485557198871;284.3710351101738;0.4919065044427024;150362.37056507063;0.5298745472380524;0.18949080627205045;151.61407919165788;331.26878933857455;0.4919065044427024;150362.37056507063;0.5298745472380524;0.18949080627205045;151.5304340260787;354.7654493261218;0.4;150362.37056507063;0.6516218408125748;0.2795314347558098;120.38811727271434;297.09217345438213;0.4;150362.37056507063;0.6516218408125748;0.2795314347558098;120.34788405500268;297.018486095356;0.4;19637.472826922247;0.6516218408125748;0.2795314347558098;96.16902114184353;2678.90128759814;0.09190650444270237;19637.472826922247;0.0;0.0;59.6630797470641;249.77006044843253;0.09190650444270237;19637.472826922247;0.0;0.0;59.66859048633694;249.90300105591223;0.09190650444270237;150362.37056507063;0.0;0.0;"Zustand 3: Temperatur 424.764 K liegt außerhalb des Boryta-Prüfbereichs; Kristallisation wurde nicht bewertet.";"Zustand 4: Temperatur 424.680 K liegt außerhalb des Boryta-Prüfbereichs; Kristallisation wurde nicht bewertet.";"Zustand 5: Temperatur 393.538 K liegt außerhalb des Boryta-Prüfbereichs; Kristallisation wurde nicht bewertet.";"Zustand 6: Temperatur 393.498 K liegt außerhalb des Boryta-Prüfbereichs; Kristallisation wurde nicht bewertet.";"Zustand 20: Temperatur 451.686 K liegt außerhalb des Boryta-Prüfbereichs; Kristallisation wurde nicht bewertet.";5
series_evaporator_to_desorber;Serie Verdampfer → Desorber;series_evaporator_to_desorber;nan;130.0;30.0;130.0;8.0;8.0;4.0;130.0;0.41000000000000003;Abwärmetemperatur [°C];hot_temperature_C;130.0;10.0;10.0;25.0;15.0;11.0;nan;nan;5.129449948703933e-21;`gtol` termination condition is satisfied.;5;1.0125790066783962e-08;1.0128622758010027e-10;1;True;;True;0;zulässig;feasible_but_near_limit_shex;False;True;True;111.38051439243355;130.3794647864533;151.78260284512072;59.73753522795539;0.08915260132079955;0.2676381996104856;0.1903779560327109;0.27870899424107676;226.99525526321713;223.81333351004133;225.71084991454825;225.05533278600703;23.982952411278635;0.5035764970284171;4.450481696501111;18.576271247800094;0.012221882513928561;0.030184190193293013;22.69952552632085;22.381333351004454;9.028433996582866;15.003688852400725;2.180268401945854;96.50490672533533;0.029342120113393363;2679.5381633845145;284.0140259609059;211.59947245928709;0.014733407932793319;0.4873914513430767;0.5473716929882735;0.20054267881688556;4.099831585335778e-12;-1.0125756233492211e-08;-4.035882739117369e-12;-2.3954171979312378e-12;-2.3391066861222498e-11;-3.211653165635653e-12;-3.836930773104541e-12;8.611777957412414e-12;4.099831585335778e-14;-1.0125756233492212e-10;-4.035882739117369e-14;-2.3954171979312378e-12;-2.33910668612225e-13;-3.2116531656356525e-14;-3.836930773104541e-14;8.611777957412414e-14;148.5762712478001;123.26987641190169;116.52015003885896;130.0;123.26987641190169;43.38596492284938;29.71731659558185;16.884483613579903;53.11894180248595;29.73753522795539;3.0604466505185997;20.015243313523627;18.619485607566446;63.52683567468989;0.10188076845918204;10.129902764179008;4.0;0.41000000000000003;150155.69349871692;19705.39655269987;7.620029015764407;0.10188076845918204;deltaT_shex_1_K;shex;True;True;True;True;True;True;True;True;111.38051439243355;2693.152525114217;0.09212485927587;150155.69349871692;0.0;0.0;135.0;4.0;148.5762712478001;4.0;123.26987641190169;8.0;116.52015003885896;8.0;130.0;8.0;123.26987641190169;8.0;30.0;4.0;43.38596492284938;4.0;111.38051439243355;2693.152525114217;0.0082131708507564;150155.69349871692;0.0;0.0;96.50490672533533;284.01402596090554;0.50212485927587;19705.39655269987;0.5313106470259401;0.1903779560327109;178.29358784338194;400.7567111835677;0.41821317085075643;150155.69349871692;0.6379145910908475;0.2676381996104856;111.38051439243355;2693.152525114217;0.0839116884251136;150155.69349871692;0.0;0.0;130.3794647864533;284.01402596090554;0.50212485927587;150155.69349871692;0.5313106470259401;0.1903779560327109;151.8844836135799;331.77695179147526;0.50212485927587;150155.69349871692;0.5313106470259401;0.1903779560327109;151.78260284512072;354.83515392167686;0.41000000000000003;150155.69349871692;0.650693375291882;0.27870899424107676;120.24956202227429;296.34014804051947;0.41000000000000003;150155.69349871692;0.650693375291882;0.27870899424107676;120.20942976138309;296.26652806443826;0.41000000000000003;19705.39655269987;0.650693375291882;0.27870899424107676;96.50490672533533;2679.5381633845145;0.09212485927587;19705.39655269987;0.0;0.0;59.73753522795539;250.08171406905694;0.09212485927587;19705.39655269987;0.0;0.0;59.7430407372118;250.21438056765456;0.09212485927587;150155.69349871692;0.0;0.0;"Zustand 3: Temperatur 425.034 K liegt außerhalb des Boryta-Prüfbereichs; Kristallisation wurde nicht bewertet.";"Zustand 4: Temperatur 424.933 K liegt außerhalb des Boryta-Prüfbereichs; Kristallisation wurde nicht bewertet.";"Zustand 5: Temperatur 393.400 K liegt außerhalb des Boryta-Prüfbereichs; Kristallisation wurde nicht bewertet.";"Zustand 6: Temperatur 393.359 K liegt außerhalb des Boryta-Prüfbereichs; Kristallisation wurde nicht bewertet.";"Zustand 20: Temperatur 451.444 K liegt außerhalb des Boryta-Prüfbereichs; Kristallisation wurde nicht bewertet.";5
series_evaporator_to_desorber;Serie Verdampfer → Desorber;series_evaporator_to_desorber;nan;130.0;30.0;130.0;8.0;8.0;4.0;130.0;0.42000000000000004;Abwärmetemperatur [°C];hot_temperature_C;130.0;10.0;10.0;25.0;15.0;11.0;nan;nan;1.3092778341753732e-21;`gtol` termination condition is satisfied.;5;5.116255448764779e-09;5.11718249464561e-11;1;True;;True;0;zulässig;feasible_but_near_limit_shex;False;True;True;111.34154761724392;130.22528676694498;152.02324948244205;59.807944627222355;0.08965632219656773;0.2670607233728616;0.19123267530669988;0.27791381451716946;227.47912525695293;224.34325511382042;226.2529330278689;225.52632756764476;24.901967297184363;0.5035182999704345;4.548850844342319;18.60521084072684;0.012225337430413333;0.030894437831042412;22.74791252569505;22.43432551138211;9.050117321115415;15.035088504509734;2.263815209300054;96.82640100120301;0.028852157554331487;2680.147875595649;283.66972197364163;212.47194729734787;0.014781855066173466;0.4975491565171981;0.5485147625703872;0.201283555994804;1.765698698363849e-12;-5.116227441703813e-09;-1.7053025658242404e-12;-9.74054170654881e-13;-1.6484591469634324e-11;-6.821210263296962e-13;-1.2505552149377763e-12;2.4158453015843406e-12;1.765698698363849e-14;-5.116227441703813e-11;-1.7053025658242404e-14;-9.74054170654881e-13;-1.6484591469634324e-13;-6.8212102632969615e-15;-1.2505552149377763e-14;2.4158453015843406e-14;148.60521084072684;123.25579163972355;116.48985464726337;130.0;123.25579163972355;43.41765879867347;29.454653031336704;17.145835864556886;53.40874220252954;29.807944627222355;3.1825906837948423;19.66345364606036;18.65845238275608;63.44234645561244;0.1225863821148323;10.11204912460829;4.0;0.42000000000000004;149960.8604310865;19769.81311722327;7.585345371850887;0.1225863821148323;deltaT_shex_1_K;shex;True;True;True;True;True;True;True;True;111.34154761724392;2693.093664564672;0.09233101158337154;149960.8604310865;0.0;0.0;135.0;4.0;148.60521084072684;4.0;123.25579163972355;8.0;116.48985464726337;8.0;130.0;8.0;123.25579163972355;8.0;30.0;4.0;43.41765879867347;4.0;111.34154761724392;2693.093664564672;0.008278058923253786;149960.8604310865;0.0;0.0;96.82640100120301;283.66972197364134;0.5123310115833716;19769.81311722327;0.5326889282198297;0.19123267530669988;178.05986387206354;400.0938416092352;0.4282780589232538;149960.8604310865;0.6372333388762431;0.2670607233728616;111.34154761724392;2693.093664564672;0.08405295266011775;149960.8604310865;0.0;0.0;130.22528676694498;283.66972197364134;0.5123310115833716;149960.8604310865;0.5326889282198297;0.19123267530669988;152.1458358645569;332.27495322877115;0.5123310115833716;149960.8604310865;0.5326889282198297;0.19123267530669988;152.02324948244205;354.89958531057493;0.42000000000000004;149960.8604310865;0.6497929939383984;0.27791381451716946;120.11323764233668;295.6091869839497;0.42000000000000004;149960.8604310865;0.6497929939383984;0.27791381451716946;120.07320095592871;295.53562879863773;0.42000000000000004;19769.81311722327;0.6497929939383984;0.27791381451716946;96.82640100120301;2680.147875595649;0.09233101158337154;19769.81311722327;0.0;0.0;59.807944627222355;250.37643405515823;0.09233101158337154;19769.81311722327;0.0;0.0;59.81344518411112;250.50884176109324;0.09233101158337154;149960.8604310865;0.0;0.0;"Zustand 3: Temperatur 425.296 K liegt außerhalb des Boryta-Prüfbereichs; Kristallisation wurde nicht bewertet.";"Zustand 4: Temperatur 425.173 K liegt außerhalb des Boryta-Prüfbereichs; Kristallisation wurde nicht bewertet.";"Zustand 5: Temperatur 393.263 K liegt außerhalb des Boryta-Prüfbereichs; Kristallisation wurde nicht bewertet.";"Zustand 6: Temperatur 393.223 K liegt außerhalb des Boryta-Prüfbereichs; Kristallisation wurde nicht bewertet.";"Zustand 20: Temperatur 451.210 K liegt außerhalb des Boryta-Prüfbereichs; Kristallisation wurde nicht bewertet.";5
series_evaporator_to_desorber;Serie Verdampfer → Desorber;series_evaporator_to_desorber;nan;130.0;30.0;130.0;8.0;8.0;4.0;130.0;0.43000000000000005;Abwärmetemperatur [°C];hot_temperature_C;130.0;10.0;10.0;25.0;15.0;11.0;nan;nan;3.515091754135468e-22;`gtol` termination condition is satisfied.;5;2.6510618378375725e-09;2.65144932221435e-11;1;True;;True;0;zulässig;feasible_but_near_limit_shex;False;True;True;111.30473039655544;130.072701967956;152.25264065672326;59.87460277015958;0.09015600442976243;0.2664999270033656;0.19205653756314792;0.27714457101548573;227.93065128756504;224.8449436721344;226.76042030862314;225.97134049812627;25.825713255694726;0.5034562869664854;4.647348997386274;18.6322159860984;0.012228504360609764;0.03160564859058011;22.79306512875644;22.484494367213735;9.070416812345298;15.064756033208592;2.34779211439507;97.1343540871697;0.02838029510773601;2680.7320204916955;283.33791802758947;213.3118041325223;0.014829438335985934;0.5076964296893846;0.5496106487944731;0.2019960846781991;1.0871303857129533e-12;-2.6510420525482914e-09;-8.810729923425242e-13;-4.533040609544514e-13;-9.322320693172514e-12;-2.9274360713316128e-12;-2.6147972675971687e-12;6.536993168992922e-13;1.0871303857129533e-14;-2.6510420525482915e-11;-8.810729923425242e-15;-4.533040609544514e-13;-9.322320693172514e-14;-2.927436071331613e-14;-2.6147972675971688e-14;6.536993168992922e-15;148.6322159860984;123.24248383677855;116.46137078927188;130.0;123.24248383677855;43.44766409522333;29.20183116188167;17.39849635880023;53.686689991946366;29.874602770159584;3.3032531274524786;19.327016702102185;18.695269603444558;63.36238520368693;0.14585570207697174;10.093525157858664;4.0;0.43000000000000005;149776.96597276736;19830.962875085086;7.552682485273662;0.14585570207697174;deltaT_shex_1_K;shex;True;True;True;True;True;True;True;True;111.30473039655544;2693.038042090328;0.09252586802537044;149776.96597276736;0.0;0.0;135.0;4.0;148.6322159860984;4.0;123.24248383677855;8.0;116.46137078927188;8.0;130.0;8.0;123.24248383677855;8.0;30.0;4.0;43.44766409522333;4.0;111.30473039655544;2693.038042090328;0.00834176256756291;149776.96597276736;0.0;0.0;97.1343540871697;283.3379180275874;0.5225258680253705;19830.962875085086;0.5340125363873317;0.19205653756314792;177.83404714798007;399.4526018745914;0.43834176256756296;149776.96597276736;0.6365703383548014;0.2664999270033656;111.30473039655544;2693.038042090328;0.08418410545780752;149776.96597276736;0.0;0.0;130.072701967956;283.3379180275874;0.5225258680253705;149776.96597276736;0.5340125363873317;0.19205653756314792;152.39849635880023;332.76267350101557;0.5225258680253705;149776.96597276736;0.5340125363873317;0.19205653756314792;152.25264065672326;354.95831077994063;0.43000000000000005;149776.96597276736;0.648919451423768;0.27714457101548573;119.97917681009733;294.89851251088567;0.43000000000000005;149776.96597276736;0.648919451423768;0.27714457101548573;119.93923070932607;294.82501100253546;0.43000000000000005;19830.962875085086;0.648919451423768;0.27714457101548573;97.1343540871697;2680.7320204916955;0.09252586802537044;19830.962875085086;0.0;0.0;59.87460277015958;250.65545411479508;0.09252586802537044;19830.962875085086;0.0;0.0;59.88009863309162;250.78761720195743;0.09252586802537044;149776.96597276736;0.0;0.0;"Zustand 3: Temperatur 425.548 K liegt außerhalb des Boryta-Prüfbereichs; Kristallisation wurde nicht bewertet.";"Zustand 4: Temperatur 425.403 K liegt außerhalb des Boryta-Prüfbereichs; Kristallisation wurde nicht bewertet.";"Zustand 5: Temperatur 393.129 K liegt außerhalb des Boryta-Prüfbereichs; Kristallisation wurde nicht bewertet.";"Zustand 6: Temperatur 393.089 K liegt außerhalb des Boryta-Prüfbereichs; Kristallisation wurde nicht bewertet.";"Zustand 20: Temperatur 450.984 K liegt außerhalb des Boryta-Prüfbereichs; Kristallisation wurde nicht bewertet.";5
series_evaporator_to_desorber;Serie Verdampfer → Desorber;series_evaporator_to_desorber;nan;130.0;30.0;130.0;8.0;8.0;4.0;130.0;0.44000000000000006;Abwärmetemperatur [°C];hot_temperature_C;130.0;10.0;10.0;25.0;15.0;11.0;nan;nan;9.941415260280626e-23;`gtol` termination condition is satisfied.;5;1.4099020287588717e-09;1.4100649105825324e-11;1;True;;True;0;zulässig;feasible_but_near_limit_shex;False;True;True;111.26990289688769;129.92204953462118;152.47104758224594;59.93778120564747;0.09065315850856825;0.2659549753353496;0.19285101929550913;0.276400022179064;228.3518193640142;225.32044294079077;227.2354096107623;226.39230349855774;26.75357764709285;0.5033903634299863;4.745968642135944;18.657405464354895;0.012231412588269729;0.03231778289721529;22.835181936401398;22.53204429407915;9.089416384430614;15.092820233237251;2.432143422591159;97.42955745484642;0.02792579035682145;2681.292084735809;283.0184163008042;214.12070559249804;0.014876355119568307;0.5178339076692681;0.5506620714613231;0.20268176828150514;5.933031843596837e-13;-1.4098979761456576e-09;-3.694822225952521e-13;-2.1432855490388647e-13;-3.0411229090532288e-12;-7.389644451905042e-13;-1.0231815394945443e-12;2.2737367544323206e-13;5.933031843596836e-15;-1.4098979761456577e-11;-3.694822225952521e-15;-2.1432855490388647e-13;-3.041122909053229e-14;-7.389644451905042e-15;-1.0231815394945442e-14;2.2737367544323206e-15;148.6574054643549;123.22989523030628;116.43457795725715;130.0;123.22989523030628;43.47610304669803;28.958273337399135;17.642809172573607;53.95345440814839;29.937781205647468;3.4223526340194894;19.00502050241073;18.730097103112314;63.286622615154954;0.17176159032766236;10.074646795945966;4.0;0.44000000000000006;149603.18033499282;19889.069076041684;7.521879468718041;0.17176159032766236;deltaT_shex_1_K;shex;True;True;True;True;True;True;True;True;111.26990289688769;2692.985417682394;0.09271026278883632;149603.18033499282;0.0;0.0;135.0;4.0;148.6574054643549;4.0;123.22989523030628;8.0;116.43457795725715;8.0;130.0;8.0;123.22989523030628;8.0;30.0;4.0;43.47610304669803;4.0;111.26990289688769;2692.985417682394;0.008404478147967395;149603.18033499282;0.0;0.0;97.42955745484642;283.01841630080287;0.5327102627888364;19889.069076041684;0.535284397896241;0.19285101929550913;177.61567880175403;398.8317958092334;0.44840447814796747;149603.18033499282;0.63592472012777;0.2659549753353496;111.26990289688769;2692.985417682394;0.08430578464086892;149603.18033499282;0.0;0.0;129.92204953462118;283.01841630080287;0.5327102627888364;149603.18033499282;0.535284397896241;0.19285101929550913;152.6428091725736;333.2400461733586;0.5327102627888364;149603.18033499282;0.535284397896241;0.19285101929550913;152.47104758224594;355.0109685748844;0.44000000000000006;149603.18033499282;0.6480715733410696;0.276400022179064;119.84740273867521;294.2073830133111;0.44000000000000006;149603.18033499282;0.6480715733410696;0.276400022179064;119.8075425962868;294.1339335067265;0.44000000000000006;19889.069076041684;0.6480715733410696;0.276400022179064;97.42955745484642;2681.292084735809;0.09271026278883632;19889.069076041684;0.0;0.0;59.93778120564747;250.91991057859522;0.09271026278883632;19889.069076041684;0.0;0.0;59.94327261515133;251.05184217085193;0.09271026278883632;149603.18033499282;0.0;0.0;"Zustand 3: Temperatur 425.793 K liegt außerhalb des Boryta-Prüfbereichs; Kristallisation wurde nicht bewertet.";"Zustand 4: Temperatur 425.621 K liegt außerhalb des Boryta-Prüfbereichs; Kristallisation wurde nicht bewertet.";"Zustand 5: Temperatur 392.997 K liegt außerhalb des Boryta-Prüfbereichs; Kristallisation wurde nicht bewertet.";"Zustand 6: Temperatur 392.958 K liegt außerhalb des Boryta-Prüfbereichs; Kristallisation wurde nicht bewertet.";"Zustand 20: Temperatur 450.766 K liegt außerhalb des Boryta-Prüfbereichs; Kristallisation wurde nicht bewertet.";5
series_evaporator_to_desorber;Serie Verdampfer → Desorber;series_evaporator_to_desorber;nan;130.0;30.0;130.0;8.0;8.0;4.0;130.0;0.45000000000000007;Abwärmetemperatur [°C];hot_temperature_C;130.0;10.0;10.0;25.0;15.0;11.0;nan;nan;2.945085819746265e-23;`gtol` termination condition is satisfied.;5;7.674056830916365e-10;7.674745363523489e-12;1;True;;True;0;zulässig;feasible_but_near_limit_shex;False;True;True;111.23691805682842;129.77362896430787;152.67874631471972;59.997730256011835;0.09114920580983892;0.2654250886056275;0.19361750706108308;0.27567900241257054;228.74445227788794;225.77163691836645;227.6798301952928;226.79099411294388;27.684977973535446;0.5033204334427113;4.8447023107345615;18.680888294132046;0.012234088082140613;0.03303079993594017;22.874445227788748;22.57716369183677;9.107193207811871;15.119399607529667;2.5168161794820763;97.7127482274687;0.027487939682940627;2681.8294533654293;282.71102012831614;214.90021810746234;0.01492278914677736;0.5279621749103374;0.5516715525478866;0.20334201055286444;3.623767952376511e-13;-7.673932600482658e-10;-1.7053025658242404e-13;-1.028066520802895e-13;-3.979039320256561e-12;-1.2505552149377763e-12;-1.1368683772161603e-12;4.547473508864641e-13;3.623767952376511e-15;-7.673932600482658e-12;-1.7053025658242404e-15;-1.028066520802895e-13;-3.979039320256561e-14;-1.2505552149377763e-14;-1.1368683772161604e-14;4.547473508864641e-15;148.68088829413205;123.21797266408663;116.4093653017872;130.0;123.21797266408663;43.50308833243821;28.723444886621962;17.879102618860713;54.209659895030484;29.997730256011835;3.53982097300684;18.69661707431851;18.763081943171585;63.214755228102945;0.20035630414099614;10.055698794605007;4.0;0.45000000000000007;149438.74217470305;19944.33914880465;7.4927898618119695;0.20035630414099614;deltaT_shex_1_K;shex;True;True;True;True;True;True;True;True;111.23691805682842;2692.935570411728;0.09288496405711466;149438.74217470305;0.0;0.0;135.0;4.0;148.68088829413205;4.0;123.21797266408663;8.0;116.4093653017872;8.0;130.0;8.0;123.21797266408663;8.0;30.0;4.0;43.50308833243821;4.0;111.23691805682842;2692.935570411728;0.008466390705481434;149438.74217470305;0.0;0.0;97.7127482274687;282.7110201283172;0.5428849640571147;19944.33914880465;0.536507238186656;0.19361750706108308;177.404333180754;398.23031081813093;0.4584663907054815;149438.74217470305;0.635295669702763;0.2654250886056275;111.23691805682842;2692.935570411728;0.08441857335163322;149438.74217470305;0.0;0.0;129.77362896430787;282.7110201283172;0.5428849640571147;149438.74217470305;0.536507238186656;0.19361750706108308;152.8791026188607;333.70705023870875;0.5428849640571147;149438.74217470305;0.536507238186656;0.19361750706108308;152.67874631471972;355.0572635255914;0.45000000000000007;149438.74217470305;0.6472482504874324;0.27567900241257054;119.71793016970287;293.535090251069;0.45000000000000007;149438.74217470305;0.6472482504874324;0.27567900241257054;119.67815169107979;293.4616884734336;0.45000000000000007;19944.33914880465;0.6472482504874324;0.27567900241257054;97.7127482274687;2681.8294533654293;0.09288496405711466;19944.33914880465;0.0;0.0;59.997730256011835;251.17085097268662;0.09288496405711466;19944.33914880465;0.0;0.0;60.003217435983686;251.30256322780056;0.09288496405711466;149438.74217470305;0.0;0.0;"Zustand 3: Temperatur 426.029 K liegt außerhalb des Boryta-Prüfbereichs; Kristallisation wurde nicht bewertet.";"Zustand 4: Temperatur 425.829 K liegt außerhalb des Boryta-Prüfbereichs; Kristallisation wurde nicht bewertet.";"Zustand 5: Temperatur 392.868 K liegt außerhalb des Boryta-Prüfbereichs; Kristallisation wurde nicht bewertet.";"Zustand 6: Temperatur 392.828 K liegt außerhalb des Boryta-Prüfbereichs; Kristallisation wurde nicht bewertet.";"Zustand 20: Temperatur 450.554 K liegt außerhalb des Boryta-Prüfbereichs; Kristallisation wurde nicht bewertet.";5
series_evaporator_to_desorber;Serie Verdampfer → Desorber;series_evaporator_to_desorber;nan;130.0;30.0;130.0;8.0;8.0;4.0;130.0;0.4600000000000001;Abwärmetemperatur [°C];hot_temperature_C;130.0;10.0;10.0;25.0;15.0;11.0;nan;nan;9.127345217775306e-24;`gtol` termination condition is satisfied.;5;4.272255478350499e-10;4.272550811348018e-12;1;True;;True;0;zulässig;feasible_but_near_limit_shex;False;True;True;111.20564044919502;129.62770204430888;152.87601768160835;60.054680858659594;0.09164547687606511;0.26490953819502466;0.19435730397207843;0.2749804158976357;229.11022627189712;226.20026370691238;228.0954595055443;227.1690492613545;28.61936251388154;0.5032464026076859;4.943542604220885;18.702764729180444;0.012236553909809732;0.03374465800109702;22.91102262718981;22.620026370691257;9.123818380221891;15.14460328409031;2.6017602285735233;97.98461316939233;0.027066074431440865;2682.345417201638;282.41552956342184;215.6518169802715;0.014968910864137763;0.5380817689473893;0.5526414324770059;0.203978122775246;2.2026824808563106e-13;-4.2721381987576024e-10;-2.8421709430404007e-13;-5.0237591864288333e-14;-2.9842794901924208e-12;-1.7053025658242404e-13;-1.4210854715202004e-13;-9.663381206337363e-13;2.2026824808563106e-15;-4.272138198757602e-12;-2.842170943040401e-15;-5.0237591864288333e-14;-2.984279490192421e-14;-1.7053025658242404e-15;-1.4210854715202005e-15;-9.663381206337363e-15;148.70276472918044;123.20666718716046;116.38563071869322;130.0;123.20666718716046;43.5287239059158;28.496850356032212;18.10768986737662;54.455889263476536;30.054680858659594;3.6556016934151216;18.40101754930089;18.794359550804984;63.1465031697025;0.23167218576827509;10.036935747393613;4.0;0.4600000000000001;149282.95222852658;19996.96587989;7.465280139256194;0.23167218576827509;deltaT_shex_1_K;shex;True;True;True;True;True;True;True;True;111.20564044919502;2692.8882967414647;0.09305067981152704;149282.95222852658;0.0;0.0;135.0;4.0;148.70276472918044;4.0;123.20666718716046;8.0;116.38563071869322;8.0;130.0;8.0;123.20666718716046;8.0;30.0;4.0;43.5287239059158;4.0;111.20564044919502;2692.8882967414647;0.008527673924969439;149282.95222852658;0.0;0.0;97.98461316939233;282.4155295634217;0.5530506798115271;19996.96587989;0.5376835983316851;0.19435730397207843;177.19961508521266;397.6471111772077;0.4685276739249695;149282.95222852658;0.6346824235370936;0.26490953819502466;111.20564044919502;2692.8882967414647;0.0845230058865576;149282.95222852658;0.0;0.0;129.62770204430888;282.4155295634217;0.5530506798115271;149282.95222852658;0.5376835983316851;0.19435730397207843;153.10768986737662;334.16370302852744;0.5530506798115271;149282.95222852658;0.5376835983316851;0.19435730397207843;152.87601768160835;355.09696246057183;0.4600000000000001;149282.95222852658;0.6464484338714054;0.2749804158976357;119.59076629691526;292.88095699561245;0.4600000000000001;149282.95222852658;0.6464484338714054;0.2749804158976357;119.55106549374534;292.80759904343614;0.4600000000000001;19996.96587989;0.6464484338714054;0.2749804158976357;97.98461316939233;2682.345417201638;0.09305067981152704;19996.96587989;0.0;0.0;60.054680858659594;251.40924172094162;0.09305067981152704;19996.96587989;0.0;0.0;60.060164017457964;251.54074590698943;0.09305067981152704;149282.95222852658;0.0;0.0;"Zustand 3: Temperatur 426.258 K liegt außerhalb des Boryta-Prüfbereichs; Kristallisation wurde nicht bewertet.";"Zustand 4: Temperatur 426.026 K liegt außerhalb des Boryta-Prüfbereichs; Kristallisation wurde nicht bewertet.";"Zustand 5: Temperatur 392.741 K liegt außerhalb des Boryta-Prüfbereichs; Kristallisation wurde nicht bewertet.";"Zustand 6: Temperatur 392.701 K liegt außerhalb des Boryta-Prüfbereichs; Kristallisation wurde nicht bewertet.";"Zustand 20: Temperatur 450.350 K liegt außerhalb des Boryta-Prüfbereichs; Kristallisation wurde nicht bewertet.";5
series_evaporator_to_desorber;Serie Verdampfer → Desorber;series_evaporator_to_desorber;nan;130.0;30.0;130.0;8.0;8.0;4.0;130.0;0.4700000000000001;Abwärmetemperatur [°C];hot_temperature_C;130.0;10.0;10.0;25.0;15.0;11.0;nan;nan;3.0469565870158505e-24;`gtol` termination condition is satisfied.;5;2.468459999458914e-10;2.468585257598307e-12;1;True;;True;0;zulässig;feasible_but_near_limit_shex;False;True;True;111.17594525980661;129.48449500105096;153.06314687194316;60.10884622494706;0.09214321086593416;0.26440764275228257;0.19507163567707025;0.27430323112975097;229.45068581753318;226.60792799706564;228.4839380856156;227.52797758358716;29.556210582684376;0.5031681803332083;5.042482212716076;18.723127142196972;0.012238830594995958;0.03445931480009782;22.94506858175327;22.660792799706467;9.139357523425739;15.16853183890578;2.686928234811785;98.24579238850828;0.026659557694273528;2682.841179733526;282.13173836129226;216.37689136465713;0.015014877850701547;0.548193185197049;0.5535738849801555;0.20459133047070632;-9.663381206337363e-13;-2.452615888159926e-10;5.684341886080802e-14;-2.4868995751603507e-14;-2.788169695122633e-11;9.663381206337363e-13;4.547473508864641e-13;4.831690603168681e-13;-9.663381206337363e-15;-2.452615888159926e-12;5.684341886080802e-16;-2.4868995751603507e-14;-2.7881696951226333e-13;9.663381206337363e-15;4.547473508864641e-15;4.831690603168682e-15;148.72312714219697;123.19593368470134;116.36328003381573;130.0;123.19593368470134;43.553105741451304;28.278030131126627;18.328869589063856;54.69268664705697;30.108846224947058;3.7696488986132977;18.11748764530745;18.82405474019339;63.081608128140374;0.2657227171206955;10.018583381256349;4.0;0.4700000000000001;149135.16763236746;20047.12849791352;7.439228398615256;0.2657227171206955;deltaT_shex_1_K;shex;True;True;True;True;True;True;True;True;111.17594525980661;2692.8434090110395;0.09320806304775042;149135.16763236746;0.0;0.0;135.0;4.0;148.72312714219697;4.0;123.19593368470134;8.0;116.36328003381573;8.0;130.0;8.0;123.19593368470134;8.0;30.0;4.0;43.553105741451304;4.0;111.17594525980661;2692.8434090110395;0.008588490207814154;149135.16763236746;0.0;0.0;98.24579238850828;282.13173836129204;0.5632080630477505;20047.12849791352;0.5388158500554838;0.19507163567707025;177.0011572733236;397.0812319558802;0.47858849020781424;149135.16763236746;0.6340842654143842;0.26440764275228257;111.17594525980661;2692.8434090110395;0.08461957283993626;149135.16763236746;0.0;0.0;129.48449500105096;282.13173836129204;0.5632080630477505;149135.16763236746;0.5388158500554838;0.19507163567707025;153.32886958906386;334.6100541416869;0.5632080630477505;149135.16763236746;0.5388158500554838;0.19507163567707025;153.06314687194316;355.1298894513945;0.4700000000000001;149135.16763236746;0.6456711303173961;0.27430323112975097;119.46591161979461;292.2443350201491;0.4700000000000001;149135.16763236746;0.6456711303173961;0.27430323112975097;119.42628478608805;292.17101732908503;0.4700000000000001;20047.12849791352;0.6456711303173961;0.27430323112975097;98.24579238850828;2682.841179733526;0.09320806304775042;20047.12849791352;0.0;0.0;60.10884622494706;251.63597508320981;0.09320806304775042;20047.12849791352;0.0;0.0;60.11432555656097;251.76728164827304;0.09320806304775042;149135.16763236746;0.0;0.0;"Zustand 3: Temperatur 426.479 K liegt außerhalb des Boryta-Prüfbereichs; Kristallisation wurde nicht bewertet.";"Zustand 4: Temperatur 426.213 K liegt außerhalb des Boryta-Prüfbereichs; Kristallisation wurde nicht bewertet.";"Zustand 5: Temperatur 392.616 K liegt außerhalb des Boryta-Prüfbereichs; Kristallisation wurde nicht bewertet.";"Zustand 6: Temperatur 392.576 K liegt außerhalb des Boryta-Prüfbereichs; Kristallisation wurde nicht bewertet.";"Zustand 20: Temperatur 450.151 K liegt außerhalb des Boryta-Prüfbereichs; Kristallisation wurde nicht bewertet.";5
series_evaporator_to_desorber;Serie Verdampfer → Desorber;series_evaporator_to_desorber;nan;130.0;30.0;130.0;8.0;8.0;4.0;130.0;0.4800000000000001;Abwärmetemperatur [°C];hot_temperature_C;130.0;10.0;10.0;25.0;15.0;11.0;nan;nan;1.0009875621654306e-24;`gtol` termination condition is satisfied.;5;1.4148570680655736e-10;1.414911701955589e-12;1;True;;True;0;zulässig;feasible_but_near_limit_shex;False;True;True;111.14771736858677;129.344200797763;153.24042276206768;60.16042333802778;0.09264355608168048;0.2639187646437211;0.19576165587019972;0.2736464760607372;229.76725670455045;226.99611234129372;228.84678283573987;227.8691705459615;30.4950324452115;0.5030856815998322;5.141513932753496;18.742060807688404;0.012240936426698119;0.03517472771616934;22.976725670454986;22.699611234129275;9.153871313429603;15.191278036397396;2.772275676850271;98.49688277079673;0.02626778161666687;2683.317863511234;281.85943212615365;217.07674911926017;0.015060835284666285;0.5582968811930056;0.5544709306805587;0.20518277963689133;4.973799150320701e-14;-1.4147971683087235e-10;1.9895196601282805e-13;-1.2434497875801753e-14;-1.9895196601282805e-13;9.663381206337363e-13;5.684341886080801e-13;5.968558980384842e-13;4.973799150320702e-16;-1.4147971683087235e-12;1.9895196601282807e-15;-1.2434497875801753e-14;-1.9895196601282807e-15;9.663381206337363e-15;5.684341886080802e-15;5.968558980384841e-15;148.7420608076884;123.18573054587438;116.34222627447065;130.0;123.18573054587438;43.57632250845057;28.066557390877733;18.542926609227663;54.92056026234616;30.160423338027783;3.881926127485997;17.845343503673917;18.85228263141323;63.01983152285413;0.3025038471599828;10.0008400695869;4.0;0.4800000000000001;148994.79683894446;20094.993672389526;7.414523202545864;0.3025038471599828;deltaT_shex_1_K;shex;True;True;True;True;True;True;True;True;111.14771736858677;2692.8007340708004;0.09335771647767177;148994.79683894446;0.0;0.0;135.0;4.0;148.7420608076884;4.0;123.18573054587438;8.0;116.34222627447065;8.0;130.0;8.0;123.18573054587438;8.0;30.0;4.0;43.57632250845057;4.0;111.14771736858677;2692.8007340708004;0.00864899084215681;148994.79683894446;0.0;0.0;98.49688277079673;281.8594321261531;0.5733577164776719;20094.993672389526;0.5399062093606518;0.19576165587019972;176.80861819856614;396.53177347987065;0.4886489908421569;148994.79683894446;0.6335005231007328;0.2639187646437211;111.14771736858677;2692.8007340708004;0.08470872563551496;148994.79683894446;0.0;0.0;129.344200797763;281.8594321261531;0.5733577164776719;148994.79683894446;0.5399062093606518;0.19576165587019972;153.54292660922766;335.0461802396217;0.5733577164776719;148994.79683894446;0.5399062093606518;0.19576165587019972;153.24042276206768;355.1559209563713;0.4800000000000001;148994.79683894446;0.644915398564873;0.2736464760607372;119.3433607281761;291.6246033621808;0.4800000000000001;148994.79683894446;0.644915398564873;0.2736464760607372;119.30380441838838;291.5513226794388;0.4800000000000001;20094.993672389526;0.644915398564873;0.2736464760607372;98.49688277079673;2683.317863511234;0.09335771647767177;20094.993672389526;0.0;0.0;60.16042333802778;251.85187542031852;0.09335771647767177;20094.993672389526;0.0;0.0;60.165899023020245;251.98299405612647;0.09335771647767177;148994.79683894446;0.0;0.0;"Zustand 3: Temperatur 426.693 K liegt außerhalb des Boryta-Prüfbereichs; Kristallisation wurde nicht bewertet.";"Zustand 4: Temperatur 426.390 K liegt außerhalb des Boryta-Prüfbereichs; Kristallisation wurde nicht bewertet.";"Zustand 5: Temperatur 392.493 K liegt außerhalb des Boryta-Prüfbereichs; Kristallisation wurde nicht bewertet.";"Zustand 6: Temperatur 392.454 K liegt außerhalb des Boryta-Prüfbereichs; Kristallisation wurde nicht bewertet.";"Zustand 20: Temperatur 449.959 K liegt außerhalb des Boryta-Prüfbereichs; Kristallisation wurde nicht bewertet.";5
series_evaporator_to_desorber;Serie Verdampfer → Desorber;series_evaporator_to_desorber;nan;130.0;30.0;130.0;8.0;8.0;4.0;130.0;0.4900000000000001;Abwärmetemperatur [°C];hot_temperature_C;130.0;10.0;10.0;25.0;15.0;11.0;nan;nan;3.341692649392962e-25;`gtol` termination condition is satisfied.;5;8.174948203360293e-11;8.17519742806614e-13;1;True;;True;0;zulässig;feasible_but_near_limit_shex;False;True;True;111.12085052077111;129.20698152174168;153.40813705015535;60.20959430834449;0.0931475714483412;0.263442306686608;0.19642845136367149;0.2730092337527488;230.06125762960878;227.36618735571963;229.18539878456383;228.19391245900272;31.435368927854068;0.5029988282681529;5.24063068195435;18.759644595072302;0.012242887727253909;0.035890854034524765;23.0061257629608;22.736618735571987;9.16741595138258;15.212927497266886;2.857760811630528;98.73844116467154;0.025890165143302724;2683.776516078847;281.5983873888153;217.75262151112642;0.015106916455714492;0.5683932803216071;0.55533444950938;0.20575354254241257;-8.881784197001252e-14;-8.174083632184193e-11;2.842170943040401e-14;-6.38378239159465e-15;-6.536993168992922e-13;-2.5579538487363607e-13;-5.684341886080801e-13;7.673861546209082e-13;-8.881784197001252e-16;-8.174083632184193e-13;2.842170943040401e-16;-6.38378239159465e-15;-6.536993168992922e-15;-2.5579538487363606e-15;-5.684341886080802e-15;7.673861546209083e-15;148.7596445950723;123.17601936426428;116.32238901783592;130.0;123.17601936426428;43.5984561815622;27.862035355111118;18.75013255742101;55.13998498310934;30.209594308344492;3.9924053352676196;17.583947853164375;18.879149479228886;62.96095284953208;0.34199550726566486;9.983878501795175;4.0;0.4900000000000001;148861.29505863736;20140.716434979044;7.391062554264707;0.34199550726566486;deltaT_shex_1_K;shex;True;True;True;True;True;True;True;True;111.12085052077111;2692.760112049354;0.09350019677732146;148861.29505863736;0.0;0.0;135.0;4.0;148.7596445950723;4.0;123.17601936426428;8.0;116.32238901783592;8.0;130.0;8.0;123.17601936426428;8.0;30.0;4.0;43.5984561815622;4.0;111.12085052077111;2692.760112049354;0.008709316259749512;148861.29505863736;0.0;0.0;98.73844116467154;281.5983873888163;0.5835001967773216;20140.716434979044;0.5409567489018171;0.19642845136367149;176.62167995018342;395.99789626727727;0.4987093162597496;148861.29505863736;0.6329305652430068;0.263442306686608;111.12085052077111;2692.760112049354;0.08479088051757196;148861.29505863736;0.0;0.0;129.20698152174168;281.5983873888163;0.5835001967773216;148861.29505863736;0.5409567489018171;0.19642845136367149;153.750132557421;335.4721805794133;0.5835001967773216;148861.29505863736;0.5409567489018171;0.19642845136367149;153.40813705015535;355.1749809393403;0.4900000000000001;148861.29505863736;0.6441803457800619;0.2730092337527488;119.2231030199465;291.02116680086243;0.4900000000000001;148861.29505863736;0.6441803457800619;0.2730092337527488;119.18361402899666;290.94792015997564;0.4900000000000001;20140.716434979044;0.6441803457800619;0.2730092337527488;98.73844116467154;2683.776516078847;0.09350019677732146;20140.716434979044;0.0;0.0;60.20959430834449;252.0577048638162;0.09350019677732146;20140.716434979044;0.0;0.0;60.2150665147322;252.18864456393698;0.09350019677732146;148861.29505863736;0.0;0.0;"Zustand 3: Temperatur 426.900 K liegt außerhalb des Boryta-Prüfbereichs; Kristallisation wurde nicht bewertet.";"Zustand 4: Temperatur 426.558 K liegt außerhalb des Boryta-Prüfbereichs; Kristallisation wurde nicht bewertet.";"Zustand 5: Temperatur 392.373 K liegt außerhalb des Boryta-Prüfbereichs; Kristallisation wurde nicht bewertet.";"Zustand 6: Temperatur 392.334 K liegt außerhalb des Boryta-Prüfbereichs; Kristallisation wurde nicht bewertet.";"Zustand 20: Temperatur 449.772 K liegt außerhalb des Boryta-Prüfbereichs; Kristallisation wurde nicht bewertet.";5
series_evaporator_to_desorber;Serie Verdampfer → Desorber;series_evaporator_to_desorber;nan;130.0;30.0;130.0;8.0;8.0;4.0;130.0;0.5000000000000001;Abwärmetemperatur [°C];hot_temperature_C;130.0;10.0;10.0;25.0;15.0;11.0;nan;nan;6.174805004661587e-17;`gtol` termination condition is satisfied.;4;1.102884703559182e-06;1.111287991896033e-08;1;True;;True;0;zulässig;feasible_but_near_limit_shex;False;True;True;111.09524651789167;129.07297072599863;153.56658298771998;60.25652769825314;0.09365623327910552;0.2629777103609531;0.19707304619778745;0.2723906378970791;230.33391121884839;227.71942177562278;229.50109029207394;228.50339034681923;32.37679057870325;0.5029075499382544;5.339825491153673;18.77595162792153;0.01224469909516613;0.03660765105708405;23.033391018435946;22.771942165791963;9.180043611579384;15.23355934882147;2.9433446282594535;98.97098725278681;0.02552615217497266;2684.2181153136476;281.34837119025985;218.4056674101329;0.015153243352059032;0.5784827754332619;0.5561661911816356;0.20630462252623724;-5.425754068255628e-09;-3.3215074068948525e-07;9.4135998551792e-08;-1.3641184848367516e-09;2.5893314159475267e-09;1.1770316632464528e-07;1.1449719750089571e-07;1.0344889176394645e-06;-5.425754068255628e-11;-3.3215074068948524e-09;9.4135998551792e-10;-1.3641184848367516e-09;2.5893314159475266e-11;1.1770316632464529e-09;1.1449719750089572e-09;1.0344889176394645e-08;148.77595162792153;123.16676464273866;116.30369376079864;130.0;123.16676464273866;43.61958264208272;27.664095074413694;18.950746237708472;55.351404610704094;30.256527698253137;4.10106598974761;17.332706508011825;18.904753482108333;62.904768060257254;0.3841632499884895;9.967847418134795;4.0;0.5000000000000001;148734.15986289666;20184.44111915633;7.368752941181929;0.3841632499884895;deltaT_shex_1_K;shex;True;True;True;True;True;True;True;True;111.09524651789167;2692.721395147844;0.0936360187853208;148734.15986289666;0.0;0.0;135.0;4.0;148.77595162792153;4.0;123.16676464273866;8.0;116.30369376079864;8.0;130.0;8.0;123.16676464273866;8.0;30.0;4.0;43.61958264208272;4.0;111.09524651789167;2692.721395147844;0.008769596818684711;148734.15986289666;0.0;0.0;98.97098725278681;281.34837119026;0.5936360187853209;20184.44111915633;0.5419694083509582;0.19707304619778745;176.44004670233522;395.47881745975604;0.5087695968186848;148734.15986289666;0.6323737999534516;0.2629777103609531;111.09524651789167;2692.721395147844;0.08486642196663609;148734.15986289666;0.0;0.0;129.07297072599863;281.34837119026;0.5936360187853209;148734.15986289666;0.5419694083509582;0.19707304619778745;153.95074623770847;335.88817260755206;0.5936360187853209;148734.15986289666;0.5419694083509582;0.19707304619778745;153.56658298771998;355.187035245947;0.5000000000000001;148734.15986289666;0.6434651237537973;0.2723906378970791;119.10512330786383;290.433454077689;0.5000000000000001;148734.15986289666;0.6434651237537973;0.2723906378970791;119.06569865299105;290.3602387755748;0.5000000000000001;20184.44111915633;0.6434651237537973;0.2723906378970791;98.97098725278681;2684.2181153136476;0.0936360187853208;20184.44111915633;0.0;0.0;60.25652769825314;252.2541688571579;0.0936360187853208;20184.44111915633;0.0;0.0;60.2619965824814;252.38493796987765;0.0936360187853208;148734.15986289666;0.0;0.0;"Zustand 3: Temperatur 427.101 K liegt außerhalb des Boryta-Prüfbereichs; Kristallisation wurde nicht bewertet.";"Zustand 4: Temperatur 426.717 K liegt außerhalb des Boryta-Prüfbereichs; Kristallisation wurde nicht bewertet.";"Zustand 5: Temperatur 392.255 K liegt außerhalb des Boryta-Prüfbereichs; Kristallisation wurde nicht bewertet.";"Zustand 6: Temperatur 392.216 K liegt außerhalb des Boryta-Prüfbereichs; Kristallisation wurde nicht bewertet.";"Zustand 20: Temperatur 449.590 K liegt außerhalb des Boryta-Prüfbereichs; Kristallisation wurde nicht bewertet.";5
series_evaporator_to_desorber;Serie Verdampfer → Desorber;series_evaporator_to_desorber;nan;130.0;30.0;130.0;8.0;8.0;4.0;130.0;0.5100000000000001;Abwärmetemperatur [°C];hot_temperature_C;130.0;10.0;10.0;25.0;15.0;11.0;nan;nan;3.1258169073231064e-17;`gtol` termination condition is satisfied.;4;7.836533423247697e-07;7.906727398011274e-09;1;True;;True;0;zulässig;feasible_but_near_limit_shex;False;True;True;111.07081479368344;128.94227619508592;153.716055503176;60.30137923288049;0.09417041928412447;0.26252444782557455;0.19769640831992974;0.27178987170261576;230.58634986714569;228.05698743697525;229.79506715586643;228.7986986842699;33.318897600176086;0.5028117847278522;5.439091599629073;18.791049633202476;0.012246383565436251;0.03732507660081536;23.058634913177954;22.80569873529542;9.191802686198445;15.25324657350174;3.0289907122334268;99.1950066193761;0.02517520977812759;2684.6435752167354;281.10914235880887;219.03697907049204;0.015199927084197484;0.5885657304080906;0.5569677892925152;0.20683696145229724;-3.818314553427626e-09;-2.3439160656835156e-07;6.82032066379179e-08;-1.0512813952701094e-09;9.053167104866588e-10;8.402105322602438e-08;8.174382060133212e-08;7.353661430897773e-07;-3.8183145534276265e-11;-2.3439160656835155e-09;6.82032066379179e-10;-1.0512813952701094e-09;9.053167104866588e-12;8.402105322602437e-10;8.174382060133212e-10;7.353661430897773e-09;148.79104963320248;123.15793365178621;116.28607159568975;130.0;123.15793365178621;43.639771975895655;27.472391968423096;19.145015387325373;55.555234643480446;30.301379232880493;4.207894135411607;17.091064976313646;18.92918520631656;62.85108871123754;0.42895988414937847;9.952873582320706;4.0;0.5100000000000001;148612.92875307755;20226.301768091624;7.347508726856069;0.42895988414937847;deltaT_shex_1_K;shex;True;True;True;True;True;True;True;True;111.07081479368344;2692.68444701377;0.09376565749228793;148612.92875307755;0.0;0.0;135.0;4.0;148.79104963320248;4.0;123.15793365178621;8.0;116.28607159568975;8.0;130.0;8.0;123.15793365178621;8.0;30.0;4.0;43.639771975895655;4.0;111.07081479368344;2692.68444701377;0.008829951280500362;148612.92875307755;0.0;0.0;99.1950066193761;281.1091423588087;0.603765657492288;20226.301768091624;0.5429460083574161;0.19769640831992974;176.26344160162557;394.973802002183;0.5188299512805005;148612.92875307755;0.6318296658875454;0.26252444782557455;111.07081479368344;2692.68444701377;0.08493570621178757;148612.92875307755;0.0;0.0;128.94227619508592;281.1091423588087;0.603765657492288;148612.92875307755;0.5429460083574161;0.19769640831992974;154.14501538732537;336.2942910778739;0.603765657492288;148612.92875307755;0.5429460083574161;0.19769640831992974;153.716055503176;355.1920902689748;0.5100000000000001;148612.92875307755;0.6427689288602522;0.27178987170261576;118.98940261276522;289.8609184964368;0.5100000000000001;148612.92875307755;0.6427689288602522;0.27178987170261576;118.9500395163746;289.7877320717293;0.5100000000000001;20226.301768091624;0.6427689288602522;0.27178987170261576;99.1950066193761;2684.6435752167354;0.09376565749228793;20226.301768091624;0.0;0.0;60.30137923288049;252.44191912817726;0.09376565749228793;20226.301768091624;0.0;0.0;60.30684494054867;252.57252540656276;0.09376565749228793;148612.92875307755;0.0;0.0;"Zustand 3: Temperatur 427.295 K liegt außerhalb des Boryta-Prüfbereichs; Kristallisation wurde nicht bewertet.";"Zustand 4: Temperatur 426.866 K liegt außerhalb des Boryta-Prüfbereichs; Kristallisation wurde nicht bewertet.";"Zustand 5: Temperatur 392.139 K liegt außerhalb des Boryta-Prüfbereichs; Kristallisation wurde nicht bewertet.";"Zustand 6: Temperatur 392.100 K liegt außerhalb des Boryta-Prüfbereichs; Kristallisation wurde nicht bewertet.";"Zustand 20: Temperatur 449.413 K liegt außerhalb des Boryta-Prüfbereichs; Kristallisation wurde nicht bewertet.";5
series_evaporator_to_desorber;Serie Verdampfer → Desorber;series_evaporator_to_desorber;nan;130.0;30.0;130.0;8.0;8.0;4.0;130.0;0.5200000000000001;Abwärmetemperatur [°C];hot_temperature_C;130.0;10.0;10.0;25.0;15.0;11.0;nan;nan;1.6004140697616413e-17;`gtol` termination condition is satisfied.;4;5.59776699978275e-07;5.6575861809814995e-09;1;True;;True;0;zulässig;feasible_but_near_limit_shex;False;True;True;111.04747138985289;128.81498175027542;153.85684822520386;60.344293467799616;0.09469094232598409;0.2620820276630485;0.19829944972024363;0.27120616078520504;230.8196290109744;228.3799724247857;230.06845798485944;229.08085240670619;34.26131752731774;0.5027114792225864;5.538422326505528;18.805001735106146;0.012247952854943405;0.03804308860267955;23.081962848570726;22.837997236466098;9.202738319410846;15.272056823215847;3.11466524495336;99.4109527396567;0.024836827153637994;2685.0537495212757;280.88045077211723;219.6475839749292;0.015247068734707936;0.5986424848862589;0.5577407648231314;0.20735144036622266;-2.736832982463966e-09;-1.6716921180659483e-07;4.956757493346231e-08;-8.205811030670418e-10;-4.1171688280883245e-10;6.012473363625759e-08;5.8468486940910225e-08;5.252671542166354e-07;-2.736832982463966e-11;-1.6716921180659483e-09;4.956757493346231e-10;-8.205811030670418e-10;-4.117168828088325e-12;6.012473363625758e-10;5.846848694091023e-10;5.252671542166354e-09;148.80500173510615;123.14949604046933;116.26945842130488;130.0;123.14949604046933;43.65908925985559;27.286605686748317;19.333175446031134;55.7518634798011;30.344293467799616;4.312881785688091;16.858505681648182;18.952528610147112;62.79973990606675;0.4763272208272724;9.939063370289091;4.0;0.5200000000000001;148497.17379613916;20266.423468911733;7.327251106932148;0.4763272208272724;deltaT_shex_1_K;shex;True;True;True;True;True;True;True;True;111.04747138985289;2692.649141205151;0.09388955362096674;148497.17379613916;0.0;0.0;135.0;4.0;148.80500173510615;4.0;123.14949604046933;8.0;116.26945842130488;8.0;130.0;8.0;123.14949604046933;8.0;30.0;4.0;43.65908925985559;4.0;111.04747138985289;2692.649141205151;0.008890490306935351;148497.17379613916;0.0;0.0;99.4109527396567;280.8804507721173;0.6138895536209669;20266.423468911733;0.5438882538506815;0.19829944972024363;176.09160742185446;394.4821660098789;0.5288904903069355;148497.17379613916;0.6312976397115696;0.2620820276630485;111.04747138985289;2692.649141205151;0.08499906331403138;148497.17379613916;0.0;0.0;128.81498175027542;280.8804507721173;0.6138895536209669;148497.17379613916;0.5438882538506815;0.19829944972024363;154.33317544603113;336.6906813343263;0.6138895536209669;148497.17379613916;0.5438882538506815;0.19829944972024363;153.85684822520386;355.1901829961771;0.5200000000000001;148497.17379613916;0.6420909949540037;0.27120616078520504;118.87591837998633;289.3030338999183;0.5200000000000001;148497.17379613916;0.6420909949540037;0.27120616078520504;118.83661425478124;289.2298741141439;0.5200000000000001;20266.423468911733;0.6420909949540037;0.27120616078520504;99.4109527396567;2685.0537495212757;0.09388955362096674;20266.423468911733;0.0;0.0;60.344293467799616;252.6215606671418;0.09388955362096674;20266.423468911733;0.0;0.0;60.34975613440258;252.7520113124222;0.09388955362096674;148497.17379613916;0.0;0.0;"Zustand 3: Temperatur 427.483 K liegt außerhalb des Boryta-Prüfbereichs; Kristallisation wurde nicht bewertet.";"Zustand 4: Temperatur 427.007 K liegt außerhalb des Boryta-Prüfbereichs; Kristallisation wurde nicht bewertet.";"Zustand 5: Temperatur 392.026 K liegt außerhalb des Boryta-Prüfbereichs; Kristallisation wurde nicht bewertet.";"Zustand 6: Temperatur 391.987 K liegt außerhalb des Boryta-Prüfbereichs; Kristallisation wurde nicht bewertet.";"Zustand 20: Temperatur 449.242 K liegt außerhalb des Boryta-Prüfbereichs; Kristallisation wurde nicht bewertet.";5
series_evaporator_to_desorber;Serie Verdampfer → Desorber;series_evaporator_to_desorber;nan;130.0;30.0;130.0;8.0;8.0;4.0;130.0;0.5300000000000001;Abwärmetemperatur [°C];hot_temperature_C;130.0;10.0;10.0;25.0;15.0;11.0;nan;nan;8.31150660001766e-18;`gtol` termination condition is satisfied.;4;4.025253747925922e-07;4.0771329632519124e-09;1;True;;True;0;zulässig;feasible;True;True;True;111.0251386907587;128.69114994625193;153.98925379176563;60.38540424576473;0.09521853260638743;0.2616499865247631;0.19888303283178987;0.27063877303975536;231.03473051309126;228.68938407656722;230.32231386559397;229.35078965902133;35.2037049745907;0.5026065887727527;5.637811174823911;18.817866657481545;0.012249417467236443;0.038761645617698404;23.103473013555806;22.8689384033232;9.212892554651523;15.290052641131297;3.2003368268294157;99.61924970664808;0.024510514246542117;2685.4494368635906;280.66203944081207;220.23845043727778;0.015294759787139123;0.6087133549873956;0.5584865391203925;0.20784888662418835;-1.958291306891624e-09;-1.2053287434810045e-07;3.627860678534489e-08;-6.483729664275018e-10;-6.941149877093267e-10;4.333523406785389e-08;4.205188020023343e-08;3.775332118038932e-07;-1.9582913068916242e-11;-1.2053287434810045e-09;3.627860678534489e-10;-6.483729664275018e-10;-6.941149877093267e-12;4.333523406785389e-10;4.205188020023343e-10;3.775332118038932e-09;148.81786665748155;123.14142375421585;116.25379475105814;130.0;123.14142375421585;43.6775947414215;27.106436865271746;19.5154514470878;55.941654965226576;30.385404245764732;4.416026125116048;16.63454504441006;18.974861309241305;62.75055975679004;0.5261976553221643;9.92650475189373;4.0;0.5300000000000001;148386.50006806082;20304.922588472295;7.307907696841171;0.5261976553221643;deltaT_shex_1_K;shex;True;True;True;True;True;True;True;True;111.0251386907587;2692.6153608004443;0.09400811477453463;148386.50006806082;0.0;0.0;135.0;4.0;148.81786665748155;4.0;123.14142375421585;8.0;116.25379475105814;8.0;130.0;8.0;123.14142375421585;8.0;30.0;4.0;43.6775947414215;4.0;111.0251386907587;2692.6153608004443;0.008951314741924038;148386.50006806082;0.0;0.0;99.61924970664808;280.6620394408119;0.6240081147745348;20304.922588472295;0.5447977468467801;0.19888303283178987;175.9243035227533;394.00326792965376;0.5389513147419241;148386.50006806082;0.6307772266117113;0.2616499865247631;111.0251386907587;2692.6153608004443;0.0850568000326106;148386.50006806082;0.0;0.0;128.69114994625193;280.6620394408119;0.6240081147745348;148386.50006806082;0.5447977468467801;0.19888303283178987;154.5154514470878;337.07749965852145;0.6240081147745348;148386.50006806082;0.5447977468467801;0.19888303283178987;153.98925379176563;355.18138061531306;0.5300000000000001;148386.50006806082;0.6414305942325913;0.27063877303975536;118.7646451943582;288.7592957538999;0.5300000000000001;148386.50006806082;0.6414305942325913;0.27063877303975536;118.7253976290998;288.68616057348913;0.5300000000000001;20304.922588472295;0.6414305942325913;0.27063877303975536;99.61924970664808;2685.4494368635906;0.09400811477453463;20304.922588472295;0.0;0.0;60.38540424576473;252.79365363629304;0.09400811477453463;20304.922588472295;0.0;0.0;60.39086399742581;252.92395533946637;0.09400811477453463;148386.50006806082;0.0;0.0;"Zustand 3: Temperatur 427.665 K liegt außerhalb des Boryta-Prüfbereichs; Kristallisation wurde nicht bewertet.";"Zustand 4: Temperatur 427.139 K liegt außerhalb des Boryta-Prüfbereichs; Kristallisation wurde nicht bewertet.";"Zustand 5: Temperatur 391.915 K liegt außerhalb des Boryta-Prüfbereichs; Kristallisation wurde nicht bewertet.";"Zustand 6: Temperatur 391.875 K liegt außerhalb des Boryta-Prüfbereichs; Kristallisation wurde nicht bewertet.";"Zustand 20: Temperatur 449.074 K liegt außerhalb des Boryta-Prüfbereichs; Kristallisation wurde nicht bewertet.";5
series_evaporator_to_desorber;Serie Verdampfer → Desorber;series_evaporator_to_desorber;nan;130.0;30.0;130.0;8.0;8.0;4.0;130.0;0.5400000000000001;Abwärmetemperatur [°C];hot_temperature_C;130.0;10.0;10.0;25.0;15.0;11.0;nan;nan;4.3548916478997395e-18;`gtol` termination condition is satisfied.;4;2.9054771953816964e-07;2.951234198737789e-09;1;True;;True;0;zulässig;feasible;True;True;True;111.00374483333587;128.57082414945313;154.11356246358213;60.424835670475886;0.09575384771059423;0.26122788856390383;0.19944797313384577;0.27008701518138073;231.23257005003276;228.9861564311317;230.55761593145544;229.60937905467023;36.145740116890856;0.5024970772990891;5.737251809196267;18.829699165671798;0.012250786841528236;0.03948070681027777;23.123256977788294;22.898615639981497;9.222304637286232;15.307291934948639;3.2859763822581347;99.82029428530223;0.02419580080388218;2685.8313846021283;280.4536454071282;220.8104908853494;0.015343082787300899;0.6187786357564856;0.5592064406356109;0.208330077058655;-1.386972314776358e-09;-8.794862793592984e-08;2.6597604119160678e-08;-5.176991058064573e-10;-7.003677637840156e-10;3.131671633127553e-08;3.0440645559792756e-08;2.7214983333578857e-07;-1.386972314776358e-11;-8.794862793592984e-10;2.659760411916068e-10;-5.176991058064573e-10;-7.003677637840155e-12;3.131671633127553e-10;3.0440645559792757e-10;2.721498333357886e-09;148.8296991656718;123.13369081774312;116.23902526955368;130.0;123.13369081774312;43.69534428415858;26.931605798340797;19.69205820288863;56.124950001143645;30.424835670475886;4.517328918524129;16.418730984251454;18.996255166664128;62.70339819317752;0.5784957393065042;9.915268996827365;4.0;0.5400000000000001;148280.54251808202;20341.90751616261;7.289411890220526;0.5784957393065042;deltaT_shex_1_K;shex;True;True;True;True;True;True;True;True;111.00374483333587;2692.5829975158304;0.09412171854378637;148280.54251808202;0.0;0.0;135.0;4.0;148.8296991656718;4.0;123.13369081774312;8.0;116.23902526955368;8.0;130.0;8.0;123.13369081774312;8.0;30.0;4.0;43.69534428415858;4.0;111.00374483333587;2692.5829975158304;0.009012516703701132;148280.54251808202;0.0;0.0;99.82029428530223;280.45364540712916;0.6341217185437865;20341.90751616261;0.5456759929897437;0.19944797313384577;175.7613049640126;393.53650665056193;0.5490125167037013;148280.54251808202;0.630267960078568;0.26122788856390383;111.00374483333587;2692.5829975158304;0.08510920184008523;148280.54251808202;0.0;0.0;128.57082414945313;280.45364540712916;0.6341217185437865;148280.54251808202;0.5456759929897437;0.19944797313384577;154.69205820288863;337.45491040069675;0.6341217185437865;148280.54251808202;0.5456759929897437;0.19944797313384577;154.11356246358213;355.1657754007266;0.5400000000000001;148280.54251808202;0.6407870341532285;0.27008701518138073;118.65555515262577;288.22921962613805;0.5400000000000001;148280.54251808202;0.6407870341532285;0.27008701518138073;118.61636189921899;288.15610720611903;0.5400000000000001;20341.90751616261;0.6407870341532285;0.27008701518138073;99.82029428530223;2685.8313846021283;0.09412171854378637;20341.90751616261;0.0;0.0;60.424835670475886;252.95871744396317;0.09412171854378637;20341.90751616261;0.0;0.0;60.430292624565595;253.0888764235384;0.09412171854378637;148280.54251808202;0.0;0.0;"Zustand 3: Temperatur 427.842 K liegt außerhalb des Boryta-Prüfbereichs; Kristallisation wurde nicht bewertet.";"Zustand 4: Temperatur 427.264 K liegt außerhalb des Boryta-Prüfbereichs; Kristallisation wurde nicht bewertet.";"Zustand 5: Temperatur 391.806 K liegt außerhalb des Boryta-Prüfbereichs; Kristallisation wurde nicht bewertet.";"Zustand 6: Temperatur 391.766 K liegt außerhalb des Boryta-Prüfbereichs; Kristallisation wurde nicht bewertet.";"Zustand 20: Temperatur 448.911 K liegt außerhalb des Boryta-Prüfbereichs; Kristallisation wurde nicht bewertet.";5
series_evaporator_to_desorber;Serie Verdampfer → Desorber;series_evaporator_to_desorber;nan;130.0;30.0;130.0;8.0;8.0;4.0;130.0;0.5500000000000002;Abwärmetemperatur [°C];hot_temperature_C;130.0;10.0;10.0;25.0;15.0;11.0;nan;nan;2.3102772136705536e-18;`gtol` termination condition is satisfied.;4;2.108606541420889e-07;2.1495474936230433e-09;1;True;;True;0;zulässig;feasible;True;True;True;110.9832232428912;128.45403060977378;154.23006118355357;60.4627028784368;0.09629747690952807;0.2608153234026154;0.1999950422496155;0.26955023027484265;231.41400277100632;229.27115603829202;230.77528122039357;229.85742528641305;37.087127359900855;0.5023829170228207;5.836738058728616;18.840550404964517;0.012252069471266407;0.04020023203175142;23.14140025738387;22.92711560155623;9.231011248862158;15.323828350962408;3.3715570386113476;100.01445790878256;0.02389223548791255;2686.200292550863;280.25500102385837;221.36456539154787;0.015392111949108833;0.628838602958081;0.5599017121666745;0.20879574162624007;-9.887060059554642e-10;-6.482397196805323e-08;1.9567465869840817e-08;-4.175527701377746e-10;-1.1603731309151044e-09;2.2729693682776997e-08;2.1976916286803316e-08;1.9716759425136843e-07;-9.887060059554642e-12;-6.482397196805323e-10;1.9567465869840815e-10;-4.175527701377746e-10;-1.1603731309151044e-11;2.2729693682776997e-10;2.1976916286803315e-10;1.971675942513684e-09;148.84055040496452;123.12627316727236;116.22509848962903;130.0;123.12627316727236;43.71238971520887;26.761850886742536;19.86320082580096;56.30206819357369;30.4627028784368;4.616795951261679;16.210640580846473;19.0167767571088;62.658116023126865;0.6331396422473858;9.905412355389615;4.0;0.5500000000000002;148178.9634868167;20377.4792407142;7.271702340432528;0.6331396422473858;deltaT_shex_1_K;shex;True;True;True;True;True;True;True;True;110.9832232428912;2692.551951011502;0.0942307149071897;148178.9634868167;0.0;0.0;135.0;4.0;148.84055040496452;4.0;123.12627316727236;8.0;116.22509848962903;8.0;130.0;8.0;123.12627316727236;8.0;30.0;4.0;43.71238971520887;4.0;110.9832232428912;2692.551951011502;0.009074180092943423;148178.9634868167;0.0;0.0;100.01445790878256;280.25500102385854;0.6442307149071899;20377.4792407142;0.5465244086095029;0.1999950422496155;175.60240129170705;393.08131844908877;0.5590741800929436;148178.9634868167;0.6297693998884887;0.2608153234026154;110.9832232428912;2692.551951011502;0.08515653481424629;148178.9634868167;0.0;0.0;128.45403060977378;280.25500102385854;0.6442307149071899;148178.9634868167;0.5465244086095029;0.1999950422496155;154.86320082580096;337.82308416817705;0.6442307149071899;148178.9634868167;0.5465244086095029;0.1999950422496155;154.23006118355357;355.14348096047354;0.5500000000000002;148178.9634868167;0.640159655404962;0.26955023027484265;118.54861825438417;287.7123403043107;0.5500000000000002;148178.9634868167;0.640159655404962;0.26955023027484265;118.50947721601068;287.6392489733439;0.5500000000000002;20377.4792407142;0.640159655404962;0.26955023027484265;100.01445790878256;2686.200292550863;0.0942307149071897;20377.4792407142;0.0;0.0;60.4627028784368;253.11723397376142;0.0942307149071897;20377.4792407142;0.0;0.0;60.46815714414549;253.24725601045438;0.0942307149071897;148178.9634868167;0.0;0.0;"Zustand 3: Temperatur 428.013 K liegt außerhalb des Boryta-Prüfbereichs; Kristallisation wurde nicht bewertet.";"Zustand 4: Temperatur 427.380 K liegt außerhalb des Boryta-Prüfbereichs; Kristallisation wurde nicht bewertet.";"Zustand 5: Temperatur 391.699 K liegt außerhalb des Boryta-Prüfbereichs; Kristallisation wurde nicht bewertet.";"Zustand 6: Temperatur 391.659 K liegt außerhalb des Boryta-Prüfbereichs; Kristallisation wurde nicht bewertet.";"Zustand 20: Temperatur 448.752 K liegt außerhalb des Boryta-Prüfbereichs; Kristallisation wurde nicht bewertet.";5
series_evaporator_to_desorber;Serie Verdampfer → Desorber;series_evaporator_to_desorber;nan;130.0;30.0;130.0;8.0;8.0;4.0;130.0;0.5600000000000002;Abwärmetemperatur [°C];hot_temperature_C;130.0;10.0;10.0;25.0;15.0;11.0;nan;nan;1.2374136174107112e-18;`gtol` termination condition is satisfied.;4;1.5359676222208895e-07;1.5731583629188202e-09;1;True;;True;0;zulässig;feasible;True;True;True;110.96351220979346;128.3407804030088;154.33903272172574;60.49911274458657;0.0968499455234054;0.2604119042563454;0.20052497080570536;0.26902779545854766;231.57982834641075;229.54518726912428;230.97616791667363;230.09567424328844;38.02759397776292;0.5022640880899153;5.936263918710554;18.850468202536547;0.01225327300825491;0.04092018188263737;23.157982820314018;22.954518725261753;9.239046716721898;15.33971161515989;3.457054002363144;100.20208852199949;0.023599385081998565;2686.5568164284746;280.0658352610861;221.90148500031214;0.01544191374813475;0.6388935146742662;0.5605735174798566;0.20924656677565429;-6.821920806032722e-10;-4.823166932510503e-08;1.4552625771102612e-08;-3.400621451099539e-10;-1.3738201687374385e-09;1.650676040299004e-08;1.5890094573478564e-08;1.432705687420821e-07;-6.821920806032722e-12;-4.823166932510503e-10;1.4552625771102612e-10;-3.400621451099539e-10;-1.3738201687374385e-11;1.650676040299004e-10;1.5890094573478563e-10;1.432705687420821e-09;148.85046820253655;123.11914849750934;116.21196644258487;130.0;123.11914849750934;43.72877914289023;26.596927222687555;20.0290752232915;56.47330937910925;30.49911274458657;4.7144365252027;16.00987792058538;19.036487790206536;62.61458407396742;0.6900425015657561;9.896977650907445;4.0;0.5600000000000002;148081.45045198902;20411.73188426493;7.254722494475963;0.6900425015657561;deltaT_shex_1_K;shex;True;True;True;True;True;True;True;True;110.96351220979346;2692.5221282586454;0.09433542842240084;148081.45045198902;0.0;0.0;135.0;4.0;148.85046820253655;4.0;123.11914849750934;8.0;116.21196644258487;8.0;130.0;8.0;123.11914849750934;8.0;30.0;4.0;43.72877914289023;4.0;110.96351220979346;2692.5221282586454;0.00913638110363663;148081.45045198902;0.0;0.0;100.20208852199949;280.0658352610863;0.654335428422401;20411.73188426493;0.547344327174079;0.20052497080570536;175.4473954252241;392.63717417959595;0.5691363811036368;148081.45045198902;0.6292811302303081;0.2604119042563454;110.96351220979346;2692.5221282586454;0.08519904731876421;148081.45045198902;0.0;0.0;128.3407804030088;280.0658352610863;0.654335428422401;148081.45045198902;0.547344327174079;0.20052497080570536;155.0290752232915;338.18219626792836;0.654335428422401;148081.45045198902;0.547344327174079;0.20052497080570536;154.33903272172574;355.1146287859649;0.5600000000000002;148081.45045198902;0.6395478300286102;0.26902779545854766;118.44380275210136;287.20821096731294;0.5600000000000002;148081.45045198902;0.6395478300286102;0.26902779545854766;118.40471197230664;287.1351392139511;0.5600000000000002;20411.73188426493;0.6395478300286102;0.26902779545854766;100.20208852199949;2686.5568164284746;0.09433542842240084;20411.73188426493;0.0;0.0;60.49911274458657;253.2696505367615;0.09433542842240084;20411.73188426493;0.0;0.0;60.50456442354192;253.3995410054133;0.09433542842240084;148081.45045198902;0.0;0.0;"Zustand 3: Temperatur 428.179 K liegt außerhalb des Boryta-Prüfbereichs; Kristallisation wurde nicht bewertet.";"Zustand 4: Temperatur 427.489 K liegt außerhalb des Boryta-Prüfbereichs; Kristallisation wurde nicht bewertet.";"Zustand 5: Temperatur 391.594 K liegt außerhalb des Boryta-Prüfbereichs; Kristallisation wurde nicht bewertet.";"Zustand 6: Temperatur 391.555 K liegt außerhalb des Boryta-Prüfbereichs; Kristallisation wurde nicht bewertet.";"Zustand 20: Temperatur 448.597 K liegt außerhalb des Boryta-Prüfbereichs; Kristallisation wurde nicht bewertet.";5
series_evaporator_to_desorber;Serie Verdampfer → Desorber;series_evaporator_to_desorber;nan;130.0;30.0;130.0;8.0;8.0;4.0;130.0;0.5700000000000002;Abwärmetemperatur [°C];hot_temperature_C;130.0;10.0;10.0;25.0;15.0;11.0;nan;nan;6.695900216886053e-19;`gtol` termination condition is satisfied.;4;1.1229914555211359e-07;1.1572294687646054e-09;1;True;;True;0;zulässig;feasible;True;True;True;110.94455450264667;128.23107123697218;154.4407549133678;60.53416452823484;0.09741171928451603;0.2600172662067739;0.2010384510713092;0.26851911984021004;231.73079548621433;229.8089971776014;231.16108005551342;230.32481768567803;38.96688874114528;0.5021405781204881;6.035823551134148;18.859497337692233;0.012254404354214746;0.041640517760960255;23.173079538174644;22.980899716555832;9.246443202262983;15.354987844937815;3.542444434292404;100.38351228299967;0.02331683376829361;2686.901571042706;279.8858749921082;222.42201485512433;0.015492547497745868;0.6489436127330973;0.5612229473616078;0.20968319855303094;-5.091749244456878e-10;-3.607116383363973e-08;1.0729365840234095e-08;-2.794244835513382e-10;-1.061152943293564e-09;1.204310251523566e-08;1.1610808314799215e-08;1.044678867856419e-07;-5.091749244456878e-12;-3.607116383363973e-10;1.0729365840234095e-10;-2.794244835513382e-10;-1.061152943293564e-11;1.204310251523566e-10;1.1610808314799215e-10;1.044678867856419e-09;148.85949733769223;123.11229612183979;116.19958439769164;130.0;123.11229612183979;43.74455724746417;26.436605298797417;20.18986856640288;56.6389550355355;30.53416452823484;4.810263005766103;15.816072114691963;19.055445497353332;62.572682406887736;0.7491136530350673;9.889995773548492;4.0;0.5700000000000002;147987.7139763575;20444.753197159516;7.238420173099381;0.7491136530350673;deltaT_shex_1_K;shex;True;True;True;True;True;True;True;True;110.94455450264667;2692.4934429606237;0.094436160230843;147987.7139763575;0.0;0.0;135.0;4.0;148.85949733769223;4.0;123.11229612183979;8.0;116.19958439769164;8.0;130.0;8.0;123.11229612183979;8.0;30.0;4.0;43.74455724746417;4.0;110.94455450264667;2692.4934429606237;0.009199188730714455;147987.7139763575;0.0;0.0;100.38351228299967;279.88587499210746;0.6644361602308432;20444.753197159516;0.5481370051910254;0.2010384510713092;175.29610263648965;392.203576692047;0.5791991887307146;147987.7139763575;0.6288027579719393;0.2600172662067739;110.94455450264667;2692.4934429606237;0.08523697150012854;147987.7139763575;0.0;0.0;128.23107123697218;279.88587499210746;0.6644361602308432;147987.7139763575;0.5481370051910254;0.2010384510713092;155.18986856640288;338.53242536589676;0.6644361602308432;147987.7139763575;0.5481370051910254;0.2010384510713092;154.4407549133678;355.0793651053362;0.5700000000000002;147987.7139763575;0.6389509596658922;0.26851911984021004;118.34107546342369;286.71640240067927;0.5700000000000002;147987.7139763575;0.6389509596658922;0.26851911984021004;118.30203311607369;286.6433488607478;0.5700000000000002;20444.753197159516;0.6389509596658922;0.26851911984021004;100.38351228299967;2686.901571042706;0.094436160230843;20444.753197159516;0.0;0.0;60.53416452823484;253.41638257413234;0.094436160230843;20444.753197159516;0.0;0.0;60.539613714952054;253.54614647309074;0.094436160230843;147987.7139763575;0.0;0.0;"Zustand 3: Temperatur 428.340 K liegt außerhalb des Boryta-Prüfbereichs; Kristallisation wurde nicht bewertet.";"Zustand 4: Temperatur 427.591 K liegt außerhalb des Boryta-Prüfbereichs; Kristallisation wurde nicht bewertet.";"Zustand 5: Temperatur 391.491 K liegt außerhalb des Boryta-Prüfbereichs; Kristallisation wurde nicht bewertet.";"Zustand 6: Temperatur 391.452 K liegt außerhalb des Boryta-Prüfbereichs; Kristallisation wurde nicht bewertet.";"Zustand 20: Temperatur 448.446 K liegt außerhalb des Boryta-Prüfbereichs; Kristallisation wurde nicht bewertet.";5
series_evaporator_to_desorber;Serie Verdampfer → Desorber;series_evaporator_to_desorber;nan;130.0;30.0;130.0;8.0;8.0;4.0;130.0;0.5800000000000002;Abwärmetemperatur [°C];hot_temperature_C;130.0;10.0;10.0;25.0;15.0;11.0;nan;nan;3.6619486105527065e-19;`gtol` termination condition is satisfied.;4;8.239301872528885e-08;8.557977109752872e-10;1;True;;True;0;zulässig;feasible;True;True;True;110.9262970147339;128.12488911869963;154.53549999498762;60.56795046467727;0.09798320863999713;0.2596310646126278;0.20153613939750992;0.26802364254849276;231.86760599224948;230.06327995300808;231.3307717547147;230.5454975185382;39.904780556688245;0.5020123817079529;6.135411284255649;18.86767978422546;0.012255469741440051;0.042361201898808654;23.186760591588158;23.00632799441599;9.253230870229922;15.369699834004015;3.6277073258100216;100.55903513301831;0.023044182460204485;2687.235133229874;279.7148462241232;222.92687713242535;0.015544065903334792;0.6589891239886558;0.5618510251525907;0.21010624546531886;-3.643876311798522e-10;-2.7221993548209866e-08;8.005855534065631e-09;-2.3137441962362004e-10;-1.033356511470629e-09;8.848189736454515e-09;8.477996971123503e-09;7.636791110599006e-08;-3.643876311798522e-12;-2.722199354820987e-10;8.005855534065631e-11;-2.3137441962362004e-10;-1.0333565114706289e-11;8.848189736454514e-11;8.477996971123502e-11;7.636791110599006e-10;148.86767978422546;123.10569684454134;116.1879106078573;130.0;123.10569684454134;43.75976554742874;26.28066982983131;20.345759733292766;56.79926958558957;30.567950464677267;4.904290415127605;15.628875474838992;19.073702985266095;62.532299597445615;0.8102597383051489;9.884487069317686;4.0;0.5800000000000002;147897.48583887256;20476.625016261158;7.222747192050561;0.8102597383051489;deltaT_shex_1_K;shex;True;True;True;True;True;True;True;True;110.9262970147339;2692.4658150236073;0.09453318989199044;147897.48583887256;0.0;0.0;135.0;4.0;148.86767978422546;4.0;123.10569684454134;8.0;116.1879106078573;8.0;130.0;8.0;123.10569684454134;8.0;30.0;4.0;43.75976554742874;4.0;110.9262970147339;2692.4658150236073;0.009262665268591368;147897.48583887256;0.0;0.0;100.55903513301831;279.7148462241228;0.6745331898919906;20476.625016261158;0.5489036276135214;0.20153613939750992;175.14834961405677;391.7800584596302;0.5892626652685915;147897.48583887256;0.6283339110582259;0.2596310646126278;110.9262970147339;2692.4658150236073;0.08527052462339907;147897.48583887256;0.0;0.0;128.12488911869963;279.7148462241228;0.6745331898919906;147897.48583887256;0.5489036276135214;0.20153613939750992;155.34575973329277;338.8739523358295;0.6745331898919906;147897.48583887256;0.5489036276135214;0.20153613939750992;154.53549999498762;355.0378480402127;0.5800000000000002;147897.48583887256;0.63836847392661;0.26802364254849276;118.24040204938194;286.2365022521909;0.5800000000000002;147897.48583887256;0.63836847392661;0.26802364254849276;118.20140642941374;286.163465697193;0.5800000000000002;20476.625016261158;0.63836847392661;0.26802364254849276;100.55903513301831;2687.235133229874;0.09453318989199044;20476.625016261158;0.0;0.0;60.56795046467727;253.55781613237102;0.09453318989199044;20476.625016261158;0.0;0.0;60.57339724709573;253.68745811055288;0.09453318989199044;147897.48583887256;0.0;0.0;"Zustand 3: Temperatur 428.496 K liegt außerhalb des Boryta-Prüfbereichs; Kristallisation wurde nicht bewertet.";"Zustand 4: Temperatur 427.685 K liegt außerhalb des Boryta-Prüfbereichs; Kristallisation wurde nicht bewertet.";"Zustand 5: Temperatur 391.390 K liegt außerhalb des Boryta-Prüfbereichs; Kristallisation wurde nicht bewertet.";"Zustand 6: Temperatur 391.351 K liegt außerhalb des Boryta-Prüfbereichs; Kristallisation wurde nicht bewertet.";"Zustand 20: Temperatur 448.298 K liegt außerhalb des Boryta-Prüfbereichs; Kristallisation wurde nicht bewertet.";5
series_evaporator_to_desorber;Serie Verdampfer → Desorber;series_evaporator_to_desorber;nan;130.0;30.0;130.0;8.0;8.0;4.0;130.0;0.5900000000000002;Abwärmetemperatur [°C];hot_temperature_C;130.0;10.0;10.0;25.0;15.0;11.0;nan;nan;2.251032086047353e-19;`gtol` termination condition is satisfied.;4;6.407747353478596e-08;6.709742299145852e-10;1;True;;True;0;zulässig;feasible;True;True;True;110.90869044029881;128.02220988345965;154.62353403756572;60.600556307897136;0.0985647729498502;0.2592529736537208;0.20201865847116995;0.26754083092317943;231.9909184067029;230.30868100472387;231.485951034098;230.75830970486362;40.84105713206845;0.5018794998900218;6.235021611217621;18.87505492863056;0.012256474804012395;0.04308219738822619;23.199091834734283;23.030868099783525;9.25943804139183;15.383887313220294;3.7128233775740322;100.72894424474788;0.022781048177486187;2687.5580445671003;279.5524752496361;223.41675378827057;0.015596515591914328;0.6690302614730623;0.562458711805908;0.2105162811172943;-2.728981485233817e-10;-2.1245902814825968e-08;6.3117795434664e-09;-1.9904300430084731e-10;-6.97724544806988e-10;6.88859813635645e-09;6.559218945767498e-09;5.9360075965742e-08;-2.7289814852338167e-12;-2.1245902814825968e-10;6.311779543466401e-11;-1.9904300430084731e-10;-6.97724544806988e-12;6.88859813635645e-11;6.559218945767498e-11;5.9360075965742e-10;148.87505492863056;123.0993328437541;116.17690607838034;130.0;123.0993328437541;43.77444264382319;26.12891867772987;20.496919727512704;56.95450160092469;30.600556307897136;4.9965360674056;15.447961833632462;19.091309559701187;62.49333207595049;0.8733856899469856;9.880462622009702;4.0;0.5900000000000002;147810.5173294692;20507.423689898405;7.2076590197079735;0.8733856899469856;deltaT_shex_1_K;shex;True;True;True;True;True;True;True;True;110.90869044029881;2692.4391700716346;0.09462677706497646;147810.5173294692;0.0;0.0;135.0;4.0;148.87505492863056;4.0;123.0993328437541;8.0;116.17690607838034;8.0;130.0;8.0;123.0993328437541;8.0;30.0;4.0;43.77444264382319;4.0;110.90869044029881;2692.4391700716346;0.009326866796385497;147810.5173294692;0.0;0.0;100.72894424474788;279.5524752496351;0.6846267770649767;20507.423689898405;0.5496453127944108;0.20201865847116995;175.00397360636043;391.3661794042209;0.5993268667963857;147810.5173294692;0.6278742370383266;0.2592529736537208;110.90869044029881;2692.4391700716346;0.08529991026859096;147810.5173294692;0.0;0.0;128.02220988345965;279.5524752496351;0.6846267770649767;147810.5173294692;0.5496453127944108;0.20201865847116995;155.4969197275127;339.2069592696084;0.6846267770649767;147810.5173294692;0.5496453127944108;0.20201865847116995;154.62353403756572;354.99024505438433;0.5900000000000002;147810.5173294692;0.6377998288598445;0.26754083092317943;118.14174726144995;285.7681143216024;0.5900000000000002;147810.5173294692;0.6377998288598445;0.26754083092317943;118.1027967763485;285.69509364806305;0.5900000000000002;20507.423689898405;0.6377998288598445;0.26754083092317943;100.72894424474788;2687.5580445671003;0.09462677706497646;20507.423689898405;0.0;0.0;60.600556307897136;253.6943101340865;0.09462677706497646;20507.423689898405;0.0;0.0;60.60600076780361;253.8238345159176;0.09462677706497646;147810.5173294692;0.0;0.0;"Zustand 3: Temperatur 428.647 K liegt außerhalb des Boryta-Prüfbereichs; Kristallisation wurde nicht bewertet.";"Zustand 4: Temperatur 427.774 K liegt außerhalb des Boryta-Prüfbereichs; Kristallisation wurde nicht bewertet.";"Zustand 5: Temperatur 391.292 K liegt außerhalb des Boryta-Prüfbereichs; Kristallisation wurde nicht bewertet.";"Zustand 6: Temperatur 391.253 K liegt außerhalb des Boryta-Prüfbereichs; Kristallisation wurde nicht bewertet.";"Zustand 20: Temperatur 448.154 K liegt außerhalb des Boryta-Prüfbereichs; Kristallisation wurde nicht bewertet.";5
series_evaporator_to_desorber;Serie Verdampfer → Desorber;series_evaporator_to_desorber;nan;130.0;30.0;130.0;8.0;8.0;4.0;130.0;0.6000000000000002;Abwärmetemperatur [°C];hot_temperature_C;130.0;10.0;10.0;25.0;15.0;11.0;nan;nan;1.4761874653850038e-19;`gtol` termination condition is satisfied.;4;5.144607314527974e-08;5.433576106736712e-10;1;True;;True;0;zulässig;feasible;True;True;True;110.89168897906359;127.9230005896668;154.70511647956437;60.632061826758104;0.09915672446171178;0.258882684974512;0.20248659941009858;0.2670701788418843;232.10135129045796;230.54580069598006;231.6272832572925;230.9638078360955;41.775523684228254;0.5017419396077416;6.3346491883394;18.881659766175744;0.012257424640565479;0.04380346819975705;23.21013512428368;23.05458006903922;9.265091330324903;15.397587188722879;3.7977748819395987;100.89350935940672;0.02252706345315201;2687.870813877226;279.39848970646653;223.89228913233447;0.01564993761389133;0.679067225430348;0.563046910528262;0.21091384665066615;-2.0961721247658716e-10;-1.710733243953655e-08;5.1662141231645364e-09;-1.7484480530072233e-10;-8.300844456243794e-10;5.58787860427401e-09;5.25230348102923e-09;4.762114258483052e-08;-2.0961721247658715e-12;-1.710733243953655e-10;5.1662141231645366e-11;-1.7484480530072233e-10;-8.300844456243794e-12;5.58787860427401e-11;5.25230348102923e-11;4.762114258483052e-10;148.88165976617574;123.09318756471004;116.1665343572551;130.0;123.09318756471004;43.788624443539504;25.98116186495838;20.643512077402875;57.10488491586722;30.632061826758104;5.087019241707878;15.273024997848381;19.108311020936412;62.45568352456684;0.9383955978385075;9.877925428601714;4.0;0.6000000000000002;147726.5776973356;20537.220470012457;7.193114468096568;0.9383955978385075;deltaT_shex_1_K;shex;True;True;True;True;True;True;True;True;110.89168897906359;2692.4134390037307;0.09471716304423916;147726.5776973356;0.0;0.0;135.0;4.0;148.88165976617574;4.0;123.09318756471004;8.0;116.1665343572551;8.0;130.0;8.0;123.09318756471004;8.0;30.0;4.0;43.788624443539504;4.0;110.89168897906359;2692.4134390037307;0.009391843637772653;147726.5776973356;0.0;0.0;100.89350935940672;279.39848970646614;0.6947171630442394;20537.220470012457;0.5503631170476906;0.20248659941009858;174.86282163113412;390.96152488316176;0.6093918436377729;147726.5776973356;0.6274234016851574;0.258882684974512;110.89168897906359;2692.4134390037307;0.08532531940646651;147726.5776973356;0.0;0.0;127.9230005896668;279.39848970646614;0.6947171630442394;147726.5776973356;0.5503631170476906;0.20248659941009858;155.64351207740287;339.5316286391054;0.6947171630442394;147726.5776973356;0.5503631170476906;0.20248659941009858;154.70511647956437;354.9367306963172;0.6000000000000002;147726.5776973356;0.6372445055325935;0.2670701788418843;118.04507516106509;285.3108578889208;0.6000000000000002;147726.5776973356;0.6372445055325935;0.2670701788418843;118.00616832300216;285.23785210858784;0.6000000000000002;20537.220470012457;0.6372445055325935;0.2670701788418843;100.89350935940672;2687.870813877226;0.09471716304423916;20537.220470012457;0.0;0.0;60.632061826758104;253.8261984541481;0.09471716304423916;20537.220470012457;0.0;0.0;60.6375040401432;253.9556092625656;0.09471716304423916;147726.5776973356;0.0;0.0;"Zustand 3: Temperatur 428.794 K liegt außerhalb des Boryta-Prüfbereichs; Kristallisation wurde nicht bewertet.";"Zustand 4: Temperatur 427.855 K liegt außerhalb des Boryta-Prüfbereichs; Kristallisation wurde nicht bewertet.";"Zustand 5: Temperatur 391.195 K liegt außerhalb des Boryta-Prüfbereichs; Kristallisation wurde nicht bewertet.";"Zustand 6: Temperatur 391.156 K liegt außerhalb des Boryta-Prüfbereichs; Kristallisation wurde nicht bewertet.";"Zustand 20: Temperatur 448.013 K liegt außerhalb des Boryta-Prüfbereichs; Kristallisation wurde nicht bewertet.";5
series_evaporator_to_desorber;Serie Verdampfer → Desorber;series_evaporator_to_desorber;nan;130.0;30.0;130.0;8.0;8.0;4.0;130.0;0.6100000000000002;Abwärmetemperatur [°C];hot_temperature_C;130.0;10.0;10.0;25.0;15.0;11.0;nan;nan;1.1535934994916962e-19;`gtol` termination condition is satisfied.;4;4.520674677397049e-08;4.803318643379172e-10;1;True;;True;0;zulässig;feasible;True;True;True;110.87525006404883;127.827220781768;154.78049974440722;60.662541262749244;0.09975933222681574;0.25851990646824985;0.20294052369106488;0.26661120514929304;232.19948620667876;230.77519778978382;231.75539427014306;231.16250642305388;42.70800169110832;0.5015997131650588;6.434288832244542;18.88752907934679;0.012258323870023869;0.04452497919105147;23.219948616466535;23.07751977848637;9.270215770838956;15.41083376122823;3.882545609600613;101.05298401841418;0.022281875766859745;2688.1739195364603;279.25261952845534;224.35409222436132;0.015704367917148132;0.6891002042592005;0.5636164710078851;0.21129945297810537;-2.0459367533476325e-10;-1.4498418465791474e-08;4.681140808315831e-09;-1.6234635857870217e-10;-8.308234100695699e-10;4.9201389629160985e-09;4.6304364786919905e-09;4.201339720566466e-08;-2.0459367533476325e-12;-1.4498418465791473e-10;4.681140808315831e-11;-1.6234635857870217e-10;-8.3082341006957e-12;4.920138962916098e-11;4.6304364786919906e-11;4.201339720566466e-10;148.8875290793468;123.08724562132016;116.1567613429068;130.0;123.08724562132016;43.802344365417696;25.837220679169263;20.785693206924407;57.25063965299648;30.662541262749244;5.175760890077868;15.103777324492626;19.124749935951172;62.419264321032074;1.0051934625171839;9.87687146910821;4.0;0.6100000000000002;147645.45272635363;20566.081877647386;7.179075411871462;1.0051934625171839;deltaT_shex_1_K;shex;True;True;True;True;True;True;True;True;110.87525006404883;2692.3885575857394;0.09480457217634841;147645.45272635363;0.0;0.0;135.0;4.0;148.8875290793468;4.0;123.08724562132016;8.0;116.1567613429068;8.0;130.0;8.0;123.08724562132016;8.0;30.0;4.0;43.802344365417696;4.0;110.87525006404883;2692.3885575857394;0.009457640812361473;147645.45272635363;0.0;0.0;101.05298401841418;279.2526195284564;0.7048045721763486;20566.081877647386;0.5510580388207316;0.20294052369106488;174.72474975851605;390.5657038667726;0.6194576408123617;147645.45272635363;0.6269810877599223;0.25851990646824985;110.87525006404883;2692.3885575857394;0.08534693136398694;147645.45272635363;0.0;0.0;127.827220781768;279.2526195284564;0.7048045721763486;147645.45272635363;0.5510580388207316;0.20294052369106488;155.7856932069244;339.8481425671781;0.7048045721763486;147645.45272635363;0.5510580388207316;0.20294052369106488;154.78049974440722;354.87748458894026;0.6100000000000002;147645.45272635363;0.6367020086809562;0.26661120514929304;117.9503493126598;284.8643670621978;0.6100000000000002;147645.45272635363;0.6367020086809562;0.26661120514929304;117.9114847312423;284.79137529303216;0.6100000000000002;20566.081877647386;0.6367020086809562;0.26661120514929304;101.05298401841418;2688.1739195364603;0.09480457217634841;20566.081877647386;0.0;0.0;60.662541262749244;253.9537918350982;0.09480457217634841;20566.081877647386;0.0;0.0;60.66798130028809;254.08309281276857;0.09480457217634841;147645.45272635363;0.0;0.0;"Zustand 3: Temperatur 428.936 K liegt außerhalb des Boryta-Prüfbereichs; Kristallisation wurde nicht bewertet.";"Zustand 4: Temperatur 427.930 K liegt außerhalb des Boryta-Prüfbereichs; Kristallisation wurde nicht bewertet.";"Zustand 5: Temperatur 391.100 K liegt außerhalb des Boryta-Prüfbereichs; Kristallisation wurde nicht bewertet.";"Zustand 6: Temperatur 391.061 K liegt außerhalb des Boryta-Prüfbereichs; Kristallisation wurde nicht bewertet.";"Zustand 20: Temperatur 447.875 K liegt außerhalb des Boryta-Prüfbereichs; Kristallisation wurde nicht bewertet.";5
series_evaporator_to_desorber;Serie Verdampfer → Desorber;series_evaporator_to_desorber;nan;130.0;30.0;130.0;8.0;8.0;4.0;130.0;0.6200000000000002;Abwärmetemperatur [°C];hot_temperature_C;130.0;10.0;10.0;25.0;15.0;11.0;nan;nan;9.821130305959319e-20;`gtol` termination condition is satisfied.;4;4.149853761883838e-08;4.431959003862585e-10;1;True;;True;0;zulässig;feasible;True;True;True;110.85933411361054;127.73482363149981;154.84992895023373;60.6920637477067;0.10037282568254371;0.25816436112959906;0.20338096495252173;0.2661634522082699;232.28587040678374;230.99739259216827;231.87087323382787;231.35488389213256;43.63832770492966;0.5014528377005179;6.533935517132683;18.892695598491855;0.012259176680774123;0.04524669611164728;23.228587036798906;23.09973925876371;9.274834929388353;15.423658925859511;3.9671207015936893;101.2076067014986;0.02204514699759328;2688.4678116076234;279.1145977954785;224.80273911964474;0.015759837790907283;0.6991293753600788;0.5641681933087438;0.21167358285728427;-1.9913670712412568e-10;-1.2600928300798842e-08;4.355285909696249e-09;-1.556025863713728e-10;-8.809593055048026e-10;4.53118786936102e-09;4.239893769408809e-09;3.879469545609027e-08;-1.9913670712412567e-12;-1.260092830079884e-10;4.3552859096962496e-11;-1.556025863713728e-10;-8.809593055048026e-12;4.5311878693610196e-11;4.239893769408809e-11;3.8794695456090267e-10;148.89269559849185;123.08149270657498;116.14755510986959;130.0;123.08149270657498;43.815633528239744;25.696926846794668;20.92361279297694;57.39197317325886;30.692063747706698;5.262783376123707;14.93994840837098;19.140665886389456;62.38399103151943;1.0736838427432076;9.87729067662076;4.0;0.6200000000000002;147566.94344058284;20594.070039025377;7.165506534694028;1.0736838427432076;deltaT_shex_1_K;shex;True;True;True;True;True;True;True;True;110.85933411361054;2692.364466078314;0.09488921315098586;147566.94344058284;0.0;0.0;135.0;4.0;148.89269559849185;4.0;123.08149270657498;8.0;116.14755510986959;8.0;130.0;8.0;123.08149270657498;8.0;30.0;4.0;43.815633528239744;4.0;110.85933411361054;2692.364466078314;0.009524298450757638;147566.94344058284;0.0;0.0;101.2076067014986;279.1145977954787;0.7148892131509861;20594.070039025377;0.5517310225558859;0.20338096495252173;174.58962244528652;390.1783472379093;0.6295242984507579;147566.94344058284;0.6265469938368412;0.25816436112959906;110.85933411361054;2692.364466078314;0.08536491470022822;147566.94344058284;0.0;0.0;127.73482363149981;279.1145977954787;0.7148892131509861;147566.94344058284;0.5517310225558859;0.20338096495252173;155.92361279297694;340.1566822222207;0.7148892131509861;147566.94344058284;0.5517310225558859;0.20338096495252173;154.84992895023373;354.8126896884382;0.6200000000000002;147566.94344058284;0.6361718654612356;0.2661634522082699;117.85753295487905;284.4282901640369;0.6200000000000002;147566.94344058284;0.6361718654612356;0.2661634522082699;117.81870933045127;284.3553116219214;0.6200000000000002;20594.070039025377;0.6361718654612356;0.2661634522082699;101.2076067014986;2688.4678116076234;0.09488921315098586;20594.070039025377;0.0;0.0;60.6920637477067;254.07737963502694;0.09488921315098586;20594.070039025377;0.0;0.0;60.69750167505555;254.20657426393873;0.09488921315098586;147566.94344058284;0.0;0.0;"Zustand 3: Temperatur 429.074 K liegt außerhalb des Boryta-Prüfbereichs; Kristallisation wurde nicht bewertet.";"Zustand 4: Temperatur 428.000 K liegt außerhalb des Boryta-Prüfbereichs; Kristallisation wurde nicht bewertet.";"Zustand 5: Temperatur 391.008 K liegt außerhalb des Boryta-Prüfbereichs; Kristallisation wurde nicht bewertet.";"Zustand 6: Temperatur 390.969 K liegt außerhalb des Boryta-Prüfbereichs; Kristallisation wurde nicht bewertet.";"Zustand 20: Temperatur 447.740 K liegt außerhalb des Boryta-Prüfbereichs; Kristallisation wurde nicht bewertet.";5
series_evaporator_to_desorber;Serie Verdampfer → Desorber;series_evaporator_to_desorber;nan;130.0;30.0;130.0;8.0;8.0;4.0;130.0;0.6300000000000002;Abwärmetemperatur [°C];hot_temperature_C;130.0;10.0;10.0;25.0;15.0;11.0;nan;nan;8.412736347375616e-20;`gtol` termination condition is satisfied.;4;3.80923220018511e-08;4.1018864799932275e-10;1;True;;True;0;zulässig;feasible;True;True;True;110.8439043028497;127.64575696112553;154.9136416925595;60.720693689430334;0.10099739813043314;0.25781578602581773;0.20380843065764007;0.265726484537565;232.36101928726995;231.212869854751;231.97427522039513;231.5413853489505;44.566352221323434;0.5013013346773575;6.633584371204596;18.89719014876016;0.012259986874441525;0.0459685856004204;23.23610192514996;23.121286985061055;9.278971008846867;15.43609235633481;4.051486566575832;101.35760187541035;0.021816552893902733;2688.752913805964;278.98416147182536;225.23877495674412;0.01581637428088578;0.7091549059118767;0.5647028314230872;0.2120366927920553;-2.0047963289471227e-10;-1.1010719447313022e-08;4.126746944166371e-09;-1.521661685544018e-10;-7.765379450574983e-10;4.140446208111825e-09;3.928363412342151e-09;3.5770341355600976e-08;-2.0047963289471225e-12;-1.1010719447313021e-10;4.126746944166371e-11;-1.521661685544018e-10;-7.765379450574984e-12;4.140446208111825e-11;3.928363412342151e-11;3.5770341355600976e-10;148.89719014876016;123.0759155098998;116.13888574852433;130.0;123.0759155098998;43.82852092432722;25.56012178208823;21.057414097843775;57.52908095108313;30.720693689430334;5.348110242199425;14.781283873113978;19.156095697150306;62.34978594229358;1.1437724052842668;9.87916781088228;4.0;0.6300000000000002;147490.86491444558;20621.242998593272;7.152375098072751;1.1437724052842668;deltaT_shex_1_K;shex;True;True;True;True;True;True;True;True;110.8439043028497;2692.3411088938083;0.09497128019276224;147490.86491444558;0.0;0.0;135.0;4.0;148.89719014876016;4.0;123.0759155098998;8.0;116.13888574852433;8.0;130.0;8.0;123.0759155098998;8.0;30.0;4.0;43.82852092432722;4.0;110.8439043028497;2692.3411088938083;0.009591852196585328;147490.86491444558;0.0;0.0;101.35760187541035;278.9841614718272;0.7249712801927625;20621.242998593272;0.5523829622320088;0.20380843065764007;174.4573119308484;389.79910625194566;0.6395918521965855;147490.86491444558;0.6261208332514681;0.25781578602581773;110.8439043028497;2692.3411088938083;0.08537942799617691;147490.86491444558;0.0;0.0;127.64575696112553;278.9841614718272;0.7249712801927625;147490.86491444558;0.5523829622320088;0.20380843065764007;156.05741409784378;340.4574272948177;0.7249712801927625;147490.86491444558;0.5523829622320088;0.20380843065764007;154.9136416925595;354.7425307572733;0.6300000000000002;147490.86491444558;0.6356536242635074;0.265726484537565;117.76658915024325;284.0022891358068;0.6300000000000002;147490.86491444558;0.6356536242635074;0.265726484537565;117.72780526770038;283.9293231269172;0.6300000000000002;20621.242998593272;0.6356536242635074;0.265726484537565;101.35760187541035;2688.752913805964;0.09497128019276224;20621.242998593272;0.0;0.0;60.720693689430334;254.1972314411417;0.09497128019276224;20621.242998593272;0.0;0.0;60.72612956760622;254.32632296069957;0.09497128019276224;147490.86491444558;0.0;0.0;"Zustand 3: Temperatur 429.207 K liegt außerhalb des Boryta-Prüfbereichs; Kristallisation wurde nicht bewertet.";"Zustand 4: Temperatur 428.064 K liegt außerhalb des Boryta-Prüfbereichs; Kristallisation wurde nicht bewertet.";"Zustand 5: Temperatur 390.917 K liegt außerhalb des Boryta-Prüfbereichs; Kristallisation wurde nicht bewertet.";"Zustand 6: Temperatur 390.878 K liegt außerhalb des Boryta-Prüfbereichs; Kristallisation wurde nicht bewertet.";"Zustand 20: Temperatur 447.607 K liegt außerhalb des Boryta-Prüfbereichs; Kristallisation wurde nicht bewertet.";5
series_evaporator_to_desorber;Serie Verdampfer → Desorber;series_evaporator_to_desorber;nan;130.0;30.0;130.0;8.0;8.0;4.0;130.0;0.6400000000000002;Abwärmetemperatur [°C];hot_temperature_C;130.0;10.0;10.0;25.0;15.0;11.0;nan;nan;7.216505373581983e-20;`gtol` termination condition is satisfied.;4;3.4943612525865695e-08;3.7990802501610787e-10;1;True;;True;0;zulässig;feasible;True;True;True;110.82892635435434;127.55996415864553;154.97186790031873;60.74849112512777;0.10163320994086252;0.2574739313400138;0.20422340364493366;0.26529988754522815;232.42541862261987;231.42208143507705;232.06612357690094;231.72242510752375;45.4919386136721;0.5011452293979965;6.733230673009139;18.901041783649532;0.012260757904706761;0.046690615179428595;23.242541858969552;23.142208143123277;9.282644943110123;15.448161673590764;4.13563078393943;101.50318096232468;0.02159578255810101;2689.029625314941;278.8610520428988;225.66271590649262;0.015874000575007208;0.7191769535777309;0.5652210965369966;0.21238921479108983;-1.8806645130098332e-10;-9.661626165780035e-09;3.837016038232832e-09;-1.4908629886178915e-10;-8.52139692142373e-10;3.844291995847016e-09;3.6622793686547084e-09;3.292433348178747e-08;-1.8806645130098332e-12;-9.661626165780036e-11;3.837016038232832e-11;-1.4908629886178915e-10;-8.52139692142373e-12;3.8442919958470154e-11;3.662279368654708e-11;3.292433348178747e-10;148.90104178364953;123.07050164152145;116.13072521876722;130.0;123.07050164152145;43.84103357865291;25.42665589601546;21.187234285824047;57.662147383671766;30.74849112512777;5.431766001855408;14.627544256442548;19.171073645645663;62.316576630767656;1.2153663855053196;9.882483242048352;4.0;0.6400000000000002;147417.0451861985;20647.655008026097;7.139650731712389;1.2153663855053196;deltaT_shex_1_K;shex;True;True;True;True;True;True;True;True;110.82892635435434;2692.318434282067;0.0950509541527379;147417.0451861985;0.0;0.0;135.0;4.0;148.90104178364953;4.0;123.07050164152145;8.0;116.13072521876722;8.0;130.0;8.0;123.07050164152145;8.0;30.0;4.0;43.84103357865291;4.0;110.82892635435434;2692.318434282067;0.009660333578484509;147417.0451861985;0.0;0.0;101.50318096232468;278.8610520428976;0.7350509541527381;20647.655008026097;0.5530147046389322;0.20422340364493366;174.327697679665;389.4276511114882;0.6496603335784847;147417.0451861985;0.625702333118234;0.2574739313400138;110.82892635435434;2692.318434282067;0.0853906205742534;147417.0451861985;0.0;0.0;127.55996415864553;278.8610520428976;0.7350509541527381;147417.0451861985;0.5530147046389322;0.20422340364493366;156.18723428582405;340.7505555618866;0.7350509541527381;147417.0451861985;0.5530147046389322;0.20422340364493366;154.97186790031873;354.66719305460043;0.6400000000000002;147417.0451861985;0.6351468536020963;0.26529988754522815;117.67748091659718;283.58603897044395;0.6400000000000002;147417.0451861985;0.6351468536020963;0.26529988754522815;117.63873563966604;283.5130848842261;0.6400000000000002;20647.655008026097;0.6351468536020963;0.26529988754522815;101.50318096232468;2689.029625314941;0.0950509541527379;20647.655008026097;0.0;0.0;60.74849112512777;254.3135985488796;0.0950509541527379;20647.655008026097;0.0;0.0;60.75392501075379;254.44258997262696;0.0950509541527379;147417.0451861985;0.0;0.0;"Zustand 3: Temperatur 429.337 K liegt außerhalb des Boryta-Prüfbereichs; Kristallisation wurde nicht bewertet.";"Zustand 4: Temperatur 428.122 K liegt außerhalb des Boryta-Prüfbereichs; Kristallisation wurde nicht bewertet.";"Zustand 5: Temperatur 390.827 K liegt außerhalb des Boryta-Prüfbereichs; Kristallisation wurde nicht bewertet.";"Zustand 6: Temperatur 390.789 K liegt außerhalb des Boryta-Prüfbereichs; Kristallisation wurde nicht bewertet.";"Zustand 20: Temperatur 447.478 K liegt außerhalb des Boryta-Prüfbereichs; Kristallisation wurde nicht bewertet.";5
series_evaporator_to_desorber;Serie Verdampfer → Desorber;series_evaporator_to_desorber;nan;130.0;30.0;130.0;8.0;8.0;4.0;130.0;0.6500000000000002;Abwärmetemperatur [°C];hot_temperature_C;130.0;10.0;10.0;25.0;15.0;11.0;nan;nan;6.238330482981733e-20;`gtol` termination condition is satisfied.;4;3.2155818077291136e-08;3.532231725972047e-10;1;True;;True;0;zulässig;feasible;True;True;True;110.81436834593404;127.47738499229484;155.0248297546691;60.77551204666207;0.10228039156449333;0.25713855949870107;0.20462634356949666;0.26488326634388504;232.47952660740762;231.6254487440732;232.14691209106707;231.8983890140927;46.41496213093374;0.5009845505465516;6.8328698475161564;18.90427790714159;0.012261492911834744;0.047412753243771914;23.247952657700857;23.162544874057936;9.285876483669751;15.459892600713061;4.219542012676203;101.6445432337033;0.021382537943397107;2689.2983224625373;278.7450160528007;226.07505098742533;0.015932736360799837;0.7291956671512744;0.5657236600253865;0.2127315579892917;-1.6547119230381213e-10;-8.504493109739997e-09;3.6492906474450137e-09;-1.4618167787361358e-10;-6.767209015379194e-10;3.493823896860704e-09;3.396763759155874e-09;3.0399036177186645e-08;-1.6547119230381213e-12;-8.504493109739997e-11;3.649290647445014e-11;-1.4618167787361358e-10;-6.767209015379194e-12;3.493823896860704e-11;3.3967637591558745e-11;3.039903617718664e-10;148.9042779071416;123.0652395629757;116.12304721575481;130.0;123.0652395629757;43.85319669521971;25.29638796422131;21.313204721969896;57.791346538483594;30.775512046662072;5.5137759551919885;14.478503982051507;19.185631654065958;62.28429557070973;1.288374967300797;9.887213650460126;4.0;0.6500000000000002;147345.32426208683;20673.35679412559;7.1273052426568455;1.288374967300797;deltaT_shex_1_K;shex;True;True;True;True;True;True;True;True;110.81436834593404;2692.2963940416016;0.09512840351207397;147345.32426208683;0.0;0.0;135.0;4.0;148.9042779071416;4.0;123.0652395629757;8.0;116.12304721575481;8.0;130.0;8.0;123.0652395629757;8.0;30.0;4.0;43.85319669521971;4.0;110.81436834593404;2692.2963940416016;0.009729770360120047;147345.32426208683;0.0;0.0;101.6445432337033;278.74501605280244;0.7451284035120742;20673.35679412559;0.5536270523994162;0.20462634356949666;174.2006658713629;389.0636696626065;0.6597297703601203;147345.32426208683;0.6252912334340681;0.25713855949870107;110.81436834593404;2692.2963940416016;0.08539863315195392;147345.32426208683;0.0;0.0;127.47738499229484;278.74501605280244;0.7451284035120742;147345.32426208683;0.5536270523994162;0.20462634356949666;156.3132047219699;341.03624252083443;0.7451284035120742;147345.32426208683;0.5536270523994162;0.20462634356949666;155.0248297546691;354.58686121572657;0.6500000000000002;147345.32426208683;0.6346511410699573;0.26488326634388504;117.59017134183472;283.17922716788166;0.6500000000000002;147345.32426208683;0.6346511410699573;0.26488326634388504;117.55146360778372;283.10628447058355;0.6500000000000002;20673.35679412559;0.6346511410699573;0.26488326634388504;101.6445432337033;2689.2983224625373;0.09512840351207397;20673.35679412559;0.0;0.0;60.77551204666207;254.42671532288176;0.09512840351207397;20673.35679412559;0.0;0.0;60.780943992265975;254.555609453963;0.09512840351207397;147345.32426208683;0.0;0.0;"Zustand 3: Temperatur 429.463 K liegt außerhalb des Boryta-Prüfbereichs; Kristallisation wurde nicht bewertet.";"Zustand 4: Temperatur 428.175 K liegt außerhalb des Boryta-Prüfbereichs; Kristallisation wurde nicht bewertet.";"Zustand 5: Temperatur 390.740 K liegt außerhalb des Boryta-Prüfbereichs; Kristallisation wurde nicht bewertet.";"Zustand 6: Temperatur 390.701 K liegt außerhalb des Boryta-Prüfbereichs; Kristallisation wurde nicht bewertet.";"Zustand 20: Temperatur 447.351 K liegt außerhalb des Boryta-Prüfbereichs; Kristallisation wurde nicht bewertet.";5
series_evaporator_to_desorber;Serie Verdampfer → Desorber;series_evaporator_to_desorber;nan;130.0;30.0;130.0;8.0;8.0;4.0;130.0;0.6600000000000003;Abwärmetemperatur [°C];hot_temperature_C;130.0;10.0;10.0;25.0;15.0;11.0;nan;nan;5.3798424557382786e-20;`gtol` termination condition is satisfied.;4;2.949663504819532e-08;3.2801958648038925e-10;1;True;;True;0;zulässig;feasible;True;True;True;110.80020053413978;127.39795633260024;155.07274166422843;60.801808699391074;0.10293904630737677;0.2568094443662202;0.20501768824617744;0.26447624464423697;232.5237757252969;231.82336499557863;232.21710697664693;232.06963658028678;47.335308960193295;0.5008193297614223;6.932497462079376;18.906924385484274;0.012262194753428783;0.04813496904867373;23.252377569734442;23.182336499236587;9.288684279094511;15.471309105144625;4.303209906156788;101.78187663573067;0.02117653336302571;2689.559360269587;278.6358055501139;226.47624375738798;0.01599259815537246;0.7392111871485803;0.5662111562045642;0.21306411014589458;-1.397424398419389e-10;-7.531369305979752e-09;3.375930646143388e-09;-1.4350526322814972e-10;-7.158575954235857e-10;3.2127616123034386e-09;3.117406777164433e-09;2.7952467007708037e-08;-1.397424398419389e-12;-7.531369305979751e-11;3.375930646143388e-11;-1.4350526322814972e-10;-7.1585759542358575e-12;3.212761612303439e-11;3.117406777164433e-11;2.7952467007708036e-10;148.90692438548427;123.06011852331676;116.11582704674237;130.0;123.06011852331676;43.865033791601604;25.169184545860844;21.435451255180396;57.916842844129064;30.801808699391074;5.594166024929507;14.333950411011699;19.199799465860224;62.252879769543256;1.3627095909519653;9.89333264895538;4.0;0.6600000000000003;147275.55320432055;20698.395806589593;7.115312441625719;1.3627095909519653;deltaT_shex_1_K;shex;True;True;True;True;True;True;True;True;110.80020053413978;2692.274943254404;0.09520378530395246;147275.55320432055;0.0;0.0;135.0;4.0;148.90692438548427;4.0;123.06011852331676;8.0;116.11582704674237;8.0;130.0;8.0;123.06011852331676;8.0;30.0;4.0;43.865033791601604;4.0;110.80020053413978;2692.274943254404;0.009800186864041119;147275.55320432055;0.0;0.0;101.78187663573067;278.63580555011424;0.7552037853039527;20698.395806589593;0.5542207667646809;0.20501768824617744;174.07610893134512;388.70686619275386;0.6698001868640414;147275.55320432055;0.6248872862485633;0.2568094443662202;110.80020053413978;2692.274943254404;0.08540359843991134;147275.55320432055;0.0;0.0;127.39795633260024;278.63580555011424;0.7552037853039527;147275.55320432055;0.5542207667646809;0.20501768824617744;156.4354512551804;341.3146610872881;0.7552037853039527;147275.55320432055;0.5542207667646809;0.20501768824617744;155.07274166422843;354.5017183050749;0.6600000000000003;147275.55320432055;0.6341660923556757;0.26447624464423697;117.50462368364487;282.78155321366125;0.6600000000000003;147275.55320432055;0.6341660923556757;0.26447624464423697;117.46595249838725;282.7086214423754;0.6600000000000003;20698.395806589593;0.6341660923556757;0.26447624464423697;101.78187663573067;2689.559360269587;0.09520378530395246;20698.395806589593;0.0;0.0;60.801808699391074;254.53680044754313;0.09520378530395246;20698.395806589593;0.0;0.0;60.807238753773504;254.6655998930093;0.09520378530395246;147275.55320432055;0.0;0.0;"Zustand 3: Temperatur 429.585 K liegt außerhalb des Boryta-Prüfbereichs; Kristallisation wurde nicht bewertet.";"Zustand 4: Temperatur 428.223 K liegt außerhalb des Boryta-Prüfbereichs; Kristallisation wurde nicht bewertet.";"Zustand 5: Temperatur 390.655 K liegt außerhalb des Boryta-Prüfbereichs; Kristallisation wurde nicht bewertet.";"Zustand 6: Temperatur 390.616 K liegt außerhalb des Boryta-Prüfbereichs; Kristallisation wurde nicht bewertet.";"Zustand 20: Temperatur 447.226 K liegt außerhalb des Boryta-Prüfbereichs; Kristallisation wurde nicht bewertet.";5
series_evaporator_to_desorber;Serie Verdampfer → Desorber;series_evaporator_to_desorber;nan;130.0;30.0;130.0;8.0;8.0;4.0;130.0;0.6700000000000003;Abwärmetemperatur [°C];hot_temperature_C;130.0;10.0;10.0;25.0;15.0;11.0;nan;nan;4.681617037981497e-20;`gtol` termination condition is satisfied.;4;2.7160621448678943e-08;3.0599402079065197e-10;1;True;;True;0;zulässig;feasible;True;True;True;110.78639519200925;127.32161278982517;155.11581028873792;60.82742985733762;0.10360925290778625;0.25648637050578593;0.20539785490081663;0.2640784637191504;232.55857446558383;232.01619727702797;232.2771486993896;232.23650294436825;48.252875351902155;0.5006496012391393;7.032109222267289;18.909005649855487;0.01226286603185412;0.04885723269395088;23.255857443979444;23.201619727407856;9.291085948003998;15.482433529430322;4.3866250326006;101.91535855184412;0.020977495011006323;2689.8130738803407;278.53317844847123;226.86673388892504;0.01605359960919972;0.7492236463525718;0.5666841848614567;0.21338723902766302;-1.2818901495847967e-10;-6.7044467755295045e-09;3.15094439429231e-09;-1.4094109213047545e-10;-7.103437837940874e-10;2.949406052721315e-09;2.9134241685824236e-09;2.578940438979771e-08;-1.2818901495847967e-12;-6.704446775529505e-11;3.15094439429231e-11;-1.4094109213047545e-10;-7.103437837940874e-12;2.949406052721315e-11;2.9134241685824234e-11;2.578940438979771e-10;148.9090056498555;123.05512850046745;116.10904151783018;130.0;123.05512850046745;43.87656682278873;25.044919450126088;21.55409448572709;58.03879172905539;30.82742985733762;5.672962610984484;14.193682965986056;19.213604807990748;62.222270434806376;1.4382841969891729;9.900811333901856;4.0;0.6700000000000003;147207.59329439336;20722.816447627145;7.10364798464686;1.4382841969891729;deltaT_shex_1_K;shex;True;True;True;True;True;True;True;True;110.78639519200925;2692.2540400420353;0.09527724596177123;147207.59329439336;0.0;0.0;135.0;4.0;148.9090056498555;4.0;123.05512850046745;8.0;116.10904151783018;8.0;130.0;8.0;123.05512850046745;8.0;30.0;4.0;43.87656682278873;4.0;110.78639519200925;2692.2540400420353;0.00987160427321051;147207.59329439336;0.0;0.0;101.91535855184412;278.5331784484703;0.7652772459617715;20722.816447627145;0.5547965702007093;0.20539785490081663;173.95392509998157;388.3569603266527;0.6798716042732108;147207.59329439336;0.6244902549019521;0.25648637050578593;110.78639519200925;2692.2540400420353;0.08540564168856071;147207.59329439336;0.0;0.0;127.32161278982517;278.5331784484703;0.7652772459617715;147207.59329439336;0.5547965702007093;0.20539785490081663;156.5540944857271;341.5859813464054;0.7652772459617715;147207.59329439336;0.5547965702007093;0.20539785490081663;155.11581028873792;354.41194502216814;0.6700000000000003;147207.59329439336;0.633691330316769;0.2640784637191504;117.42080145592331;282.3927280788393;0.6700000000000003;147207.59329439336;0.633691330316769;0.2640784637191504;117.38216588948296;282.3198068360125;0.6700000000000003;20722.816447627145;0.633691330316769;0.2640784637191504;101.91535855184412;2689.8130738803407;0.09527724596177123;20722.816447627145;0.0;0.0;60.82742985733762;254.64405807858773;0.09527724596177123;20722.816447627145;0.0;0.0;60.83285806566107;254.77276526263853;0.09527724596177123;147207.59329439336;0.0;0.0;"Zustand 3: Temperatur 429.704 K liegt außerhalb des Boryta-Prüfbereichs; Kristallisation wurde nicht bewertet.";"Zustand 4: Temperatur 428.266 K liegt außerhalb des Boryta-Prüfbereichs; Kristallisation wurde nicht bewertet.";"Zustand 5: Temperatur 390.571 K liegt außerhalb des Boryta-Prüfbereichs; Kristallisation wurde nicht bewertet.";"Zustand 6: Temperatur 390.532 K liegt außerhalb des Boryta-Prüfbereichs; Kristallisation wurde nicht bewertet.";"Zustand 20: Temperatur 447.104 K liegt außerhalb des Boryta-Prüfbereichs; Kristallisation wurde nicht bewertet.";5
series_evaporator_to_desorber;Serie Verdampfer → Desorber;series_evaporator_to_desorber;nan;130.0;30.0;130.0;8.0;8.0;4.0;130.0;0.6800000000000003;Abwärmetemperatur [°C];hot_temperature_C;130.0;10.0;10.0;25.0;15.0;11.0;nan;nan;4.0832146057685064e-20;`gtol` termination condition is satisfied.;4;2.499630652348266e-08;2.857696486951862e-10;1;True;;True;0;zulässig;feasible;True;True;True;110.77292645986728;127.24828727437176;155.15423460463592;60.8524210764092;0.10429106790920498;0.25616913250115236;0.20576724133746818;0.26368958143379545;232.58430890204073;232.20428845542216;232.3274536587395;232.3993006743836;49.16756680658323;0.5004754013695558;7.131700967640059;18.910544790791903;0.012263509118713718;0.04957951510652828;23.258430887824698;23.220428845271766;9.293098146376007;15.493286711446947;4.4697788011374815;102.04515650735004;0.020785160494469927;2690.0597798846293;278.43689880956356;227.24693863637714;0.01611575178505109;0.7592331703143874;0.5671433135805025;0.21370129368744156;-1.1455369985924335e-10;-5.929067015131295e-09;2.9252191779960413e-09;-1.3850876001697543e-10;-6.606626357097412e-10;2.7044961825595237e-09;2.679399813132477e-09;2.3793745640432462e-08;-1.1455369985924335e-12;-5.929067015131295e-11;2.9252191779960413e-11;-1.3850876001697543e-10;-6.606626357097411e-12;2.7044961825595236e-11;2.679399813132477e-11;2.3793745640432463e-10;148.9105447907919;123.05026014729714;116.10266882975111;130.0;123.05026014729714;43.887816295180755;24.923473246221363;21.669250018426055;58.15734021216929;30.8524210764092;5.750192461869915;14.057512322401067;19.22707354013272;62.19241266677636;1.5150154137901382;9.909618771253747;4.0;0.6800000000000003;147141.31526529588;20746.66028450721;7.092289228602988;1.5150154137901382;deltaT_shex_1_K;shex;True;True;True;True;True;True;True;True;110.77292645986728;2692.2336453412727;0.09534892209943824;147141.31526529588;0.0;0.0;135.0;4.0;148.9105447907919;4.0;123.05026014729714;8.0;116.10266882975111;8.0;130.0;8.0;123.05026014729714;8.0;30.0;4.0;43.887816295180755;4.0;110.77292645986728;2692.2336453412727;0.009944040909742009;147141.31526529588;0.0;0.0;102.04515650735004;278.43689880956333;0.7753489220994385;20746.66028450721;0.5553551487843663;0.20576724133746818;173.83401803701327;388.0136860116039;0.6899440409097423;147141.31526529588;0.6240999133249566;0.25616913250115236;110.77292645986728;2692.2336453412727;0.08540488118969623;147141.31526529588;0.0;0.0;127.24828727437176;278.43689880956333;0.7753489220994385;147141.31526529588;0.5553551487843663;0.20576724133746818;156.66925001842606;341.8503703514474;0.7753489220994385;147141.31526529588;0.5553551487843663;0.20576724133746818;155.15423460463592;354.3177190444082;0.6800000000000003;147141.31526529588;0.6332264941063699;0.26368958143379545;117.33866850311801;282.0124737404409;0.6800000000000003;147141.31526529588;0.6332264941063699;0.26368958143379545;117.30006768542722;281.9395626888136;0.6800000000000003;20746.66028450721;0.6332264941063699;0.26368958143379545;102.04515650735004;2690.0597798846293;0.09534892209943824;20746.66028450721;0.0;0.0;60.8524210764092;254.74867890271022;0.09534892209943824;20746.66028450721;0.0;0.0;60.857847480520775;254.87729607895815;0.09534892209943824;147141.31526529588;0.0;0.0;"Zustand 3: Temperatur 429.819 K liegt außerhalb des Boryta-Prüfbereichs; Kristallisation wurde nicht bewertet.";"Zustand 4: Temperatur 428.304 K liegt außerhalb des Boryta-Prüfbereichs; Kristallisation wurde nicht bewertet.";"Zustand 5: Temperatur 390.489 K liegt außerhalb des Boryta-Prüfbereichs; Kristallisation wurde nicht bewertet.";"Zustand 6: Temperatur 390.450 K liegt außerhalb des Boryta-Prüfbereichs; Kristallisation wurde nicht bewertet.";"Zustand 20: Temperatur 446.984 K liegt außerhalb des Boryta-Prüfbereichs; Kristallisation wurde nicht bewertet.";5
series_evaporator_to_desorber;Serie Verdampfer → Desorber;series_evaporator_to_desorber;nan;130.0;30.0;130.0;8.0;8.0;4.0;130.0;0.6900000000000003;Abwärmetemperatur [°C];hot_temperature_C;130.0;10.0;10.0;25.0;15.0;11.0;nan;nan;3.5843399460053023e-20;`gtol` termination condition is satisfied.;4;2.3058702467880627e-08;2.677439054770548e-10;1;True;;True;0;zulässig;feasible;True;True;True;110.75977020811712;127.17791148762183;155.18820600627367;60.87682492762724;0.1049845278422373;0.2558575343317224;0.20612622702809305;0.2633092713370309;232.60134414815366;232.38795893264984;232.3684157395555;232.55832142693643;50.079297320462295;0.5002967684021542;7.231268667502796;18.911563645224476;0.012264126176747518;0.05030178802149518;23.26013441261821;23.238795893016178;9.294736629606094;15.503888094961253;4.552663393254306;102.17142882093651;0.020599278377721977;2690.299777540606;278.34673705660913;227.61725420241495;0.016179063413524486;0.76923987781609;0.5675890798861591;0.21400660564670435;-1.1331735549902078e-10;-5.335074604317924e-09;2.752358341240324e-09;-1.3608186799629607e-10;-5.968558980384842e-10;2.4880648652469972e-09;2.5176234430546174e-09;2.197154458372097e-08;-1.1331735549902077e-12;-5.335074604317924e-11;2.752358341240324e-11;-1.3608186799629607e-10;-5.9685589803848416e-12;2.488064865246997e-11;2.5176234430546172e-11;2.197154458372097e-10;148.91156364522448;123.04550474201744;116.09668848186328;130.0;123.04550474201744;43.89880137156996;24.804732812333214;21.78102870233471;58.27262744936655;30.87682492762724;5.8258825610874965;13.92525966092677;19.240229791882882;62.16325517569834;1.5928226960610345;9.919722423695305;4.0;0.6900000000000003;147076.59859679037;20769.96624643007;7.081215099329774;1.5928226960610345;deltaT_shex_1_K;shex;True;True;True;True;True;True;True;True;110.75977020811712;2692.21372269772;0.09541894122961425;147076.59859679037;0.0;0.0;135.0;4.0;148.91156364522448;4.0;123.04550474201744;8.0;116.09668848186328;8.0;130.0;8.0;123.04550474201744;8.0;30.0;4.0;43.89880137156996;4.0;110.75977020811712;2692.21372269772;0.010017512492197242;147076.59859679037;0.0;0.0;102.17142882093651;278.3467370566089;0.7854189412296145;20769.96624643007;0.5558971544254291;0.20612622702809305;173.7162964575577;387.6767905827822;0.7000175124921976;147076.59859679037;0.6237160453929707;0.2558575343317224;110.75977020811712;2692.21372269772;0.085401428737417;147076.59859679037;0.0;0.0;127.17791148762183;278.3467370566089;0.7854189412296145;147076.59859679037;0.5558971544254291;0.20612622702809305;156.7810287023347;342.1079919635259;0.7854189412296145;147076.59859679037;0.5558971544254291;0.20612622702809305;155.18820600627367;354.2192144908417;0.6900000000000003;147076.59859679037;0.6327712383498201;0.2633092713370309;117.25818906392652;281.64052272189156;0.6900000000000003;147076.59859679037;0.6327712383498201;0.2633092713370309;117.21962218092995;281.56762157983144;0.6900000000000003;20769.96624643007;0.6327712383498201;0.2633092713370309;102.17142882093651;2690.299777540606;0.09541894122961425;20769.96624643007;0.0;0.0;60.87682492762724;254.8508411136546;0.09541894122961425;20769.96624643007;0.0;0.0;60.8822495663191;254.9793703764897;0.09541894122961425;147076.59859679037;0.0;0.0;"Zustand 3: Temperatur 429.931 K liegt außerhalb des Boryta-Prüfbereichs; Kristallisation wurde nicht bewertet.";"Zustand 4: Temperatur 428.338 K liegt außerhalb des Boryta-Prüfbereichs; Kristallisation wurde nicht bewertet.";"Zustand 5: Temperatur 390.408 K liegt außerhalb des Boryta-Prüfbereichs; Kristallisation wurde nicht bewertet.";"Zustand 6: Temperatur 390.370 K liegt außerhalb des Boryta-Prüfbereichs; Kristallisation wurde nicht bewertet.";"Zustand 20: Temperatur 446.866 K liegt außerhalb des Boryta-Prüfbereichs; Kristallisation wurde nicht bewertet.";5
series_evaporator_to_desorber;Serie Verdampfer → Desorber;series_evaporator_to_desorber;nan;130.0;30.0;130.0;8.0;8.0;4.0;130.0;0.7000000000000003;Abwärmetemperatur [°C];hot_temperature_C;130.0;10.0;10.0;25.0;15.0;11.0;nan;nan;3.137886413776488e-20;`gtol` termination condition is satisfied.;4;2.1178257130827774e-08;2.505149262529675e-10;1;True;;True;0;zulässig;feasible;True;True;True;110.74690391092179;127.11041634984224;155.2179084369248;60.900681211994936;0.10568965122464462;0.25555138879792527;0.20647517413075436;0.2629372218096876;232.61002570068797;232.56750826258798;232.40040774637657;232.71383747367508;50.987988687608194;0.5001137421422926;7.330808416673758;18.912082876835427;0.01226471917940694;0.05102402396193142;23.261002568048053;23.256750826034423;9.296016309879114;15.514255831424164;4.6352716993079826;102.2943252073365;0.020419607738131878;2690.5333499059984;278.262470125338;227.97805701096087;0.01624354112653703;0.779243881298508;0.568021993217377;0.2143034899900852;-8.289902098113089e-11;-4.7796149260648235e-09;2.5621034183131997e-09;-1.3381951102786616e-10;-6.012896847096272e-10;2.2437518509832444e-09;2.3126176529331133e-09;2.0207437501085224e-08;-8.289902098113089e-13;-4.7796149260648235e-11;2.5621034183131998e-11;-1.3381951102786616e-10;-6.012896847096272e-12;2.2437518509832445e-11;2.312617652933113e-11;2.0207437501085223e-10;148.91208287683543;123.04085414253365;116.09108118361092;130.0;123.04085414253365;43.90953996785811;24.688590920533102;21.8895368576882;58.38478523947839;30.900681211994936;5.900060027037512;13.796755976274426;19.253096089078213;62.134750021462594;1.6716284207633976;9.931088524385814;4.0;0.7000000000000003;147013.33086781192;20792.770806857214;7.07040597106609;1.6716284207633976;deltaT_shex_1_K;shex;True;True;True;True;True;True;True;True;110.74690391092179;2692.1942380757573;0.09548742242504471;147013.33086781192;0.0;0.0;135.0;4.0;148.91208287683543;4.0;123.04085414253365;8.0;116.09108118361092;8.0;130.0;8.0;123.04085414253365;8.0;30.0;4.0;43.90953996785811;4.0;110.74690391092179;2692.1942380757573;0.010092032372443285;147013.33086781192;0.0;0.0;102.2943252073365;278.26247012533895;0.795487422425045;20792.770806857214;0.5564232069292464;0.20647517413075436;173.60067379736853;387.346033902907;0.7100920323724436;147013.33086781192;0.6233384443317972;0.25555138879792527;110.74690391092179;2692.1942380757573;0.08539539005260142;147013.33086781192;0.0;0.0;127.11041634984224;278.26247012533895;0.795487422425045;147013.33086781192;0.5564232069292464;0.20647517413075436;156.8895368576882;342.3590067269752;0.795487422425045;147013.33086781192;0.5564232069292464;0.20647517413075436;155.2179084369248;354.11660149216686;0.7000000000000003;147013.33086781192;0.6323252323680335;0.2629372218096876;117.17932782545643;281.2766176526082;0.7000000000000003;147013.33086781192;0.6323252323680335;0.2629372218096876;117.14079411549613;281.2037261898054;0.7000000000000003;20792.770806857214;0.6323252323680335;0.2629372218096876;102.2943252073365;2690.5333499059984;0.09548742242504471;20792.770806857214;0.0;0.0;60.900681211994936;254.9507113113943;0.09548742242504471;20792.770806857214;0.0;0.0;60.90610412107105;255.07915460652077;0.09548742242504471;147013.33086781192;0.0;0.0;"Zustand 3: Temperatur 430.040 K liegt außerhalb des Boryta-Prüfbereichs; Kristallisation wurde nicht bewertet.";"Zustand 4: Temperatur 428.368 K liegt außerhalb des Boryta-Prüfbereichs; Kristallisation wurde nicht bewertet.";"Zustand 5: Temperatur 390.329 K liegt außerhalb des Boryta-Prüfbereichs; Kristallisation wurde nicht bewertet.";"Zustand 6: Temperatur 390.291 K liegt außerhalb des Boryta-Prüfbereichs; Kristallisation wurde nicht bewertet.";"Zustand 20: Temperatur 446.751 K liegt außerhalb des Boryta-Prüfbereichs; Kristallisation wurde nicht bewertet.";5
series_evaporator_to_desorber;Serie Verdampfer → Desorber;series_evaporator_to_desorber;nan;130.0;30.0;130.0;8.0;8.0;4.0;130.0;0.7100000000000003;Abwärmetemperatur [°C];hot_temperature_C;130.0;10.0;10.0;25.0;15.0;11.0;nan;nan;2.7713900068567557e-20;`gtol` termination condition is satisfied.;4;1.9527341955673786e-08;2.3543109424444154e-10;1;True;;True;0;zulässig;feasible;True;True;True;110.73430652995461;127.04573237187435;155.24351854445888;60.92402715850511;0.10640644038917134;0.2552505169906172;0.20681442844190398;0.26257313526596704;232.61068068216417;232.74321664154942;232.42378273077114;232.86610310673214;51.893569855409204;0.4999263636764298;7.430316431293204;18.91212205036868;0.012265289928421652;0.051746196218019035;23.26106806635259;23.274321663945155;9.296951309256825;15.52440687363955;4.717597259974233;102.41398733514364;0.020245917734361518;2690.76076488537;278.1838815604804;228.32970489334525;0.01630918967042616;0.7892452872573392;0.5684425367492163;0.21459224637943786;-6.38493702354026e-11;-4.3073598021692305e-09;2.441197466396261e-09;-1.315211828334384e-10;-6.49464482194162e-10;2.0978632164769806e-09;2.1388757431850536e-09;1.863827492343262e-08;-6.38493702354026e-13;-4.3073598021692303e-11;2.441197466396261e-11;-1.315211828334384e-10;-6.4946448219416195e-12;2.0978632164769806e-11;2.1388757431850535e-11;1.863827492343262e-10;148.91212205036868;123.03630074441588;116.0858287728019;130.0;123.03630074441588;43.92004884219796;24.574945853962333;21.994876490986996;58.49393849294569;30.924027158505112;5.9727520250314114;13.671841437658259;19.26569347004539;62.10685237332507;1.7513579465281168;9.943682402950287;4.0;0.7100000000000003;146951.40716150962;20815.108152367473;7.0598435562197945;1.7513579465281168;deltaT_shex_1_K;shex;True;True;True;True;True;True;True;True;110.73430652995461;2692.1751596835675;0.09555447692776509;146951.40716150962;0.0;0.0;135.0;4.0;148.91212205036868;4.0;123.03630074441588;8.0;116.0858287728019;8.0;130.0;8.0;123.03630074441588;8.0;30.0;4.0;43.92004884219796;4.0;110.73430652995461;2692.1751596835675;0.010167611753132683;146951.40716150962;0.0;0.0;102.41398733514364;278.1838815604814;0.8055544769277654;20815.108152367473;0.5569338959134799;0.20681442844190398;173.487067904331;387.02118756830276;0.7201676117531329;146951.40716150962;0.6229669121682704;0.2552505169906172;110.73430652995461;2692.1751596835675;0.0853868651746324;146951.40716150962;0.0;0.0;127.04573237187435;278.1838815604814;0.8055544769277654;146951.40716150962;0.5569338959134799;0.20681442844190398;156.994876490987;342.60357177599803;0.8055544769277654;146951.40716150962;0.5569338959134799;0.20681442844190398;155.24351854445888;354.0100458539105;0.7100000000000003;146951.40716150962;0.6318881594449657;0.26257313526596704;117.10204996892406;280.92051084620203;0.7100000000000003;146951.40716150962;0.6318881594449657;0.26257313526596704;117.06354871938447;280.84762887969777;0.7100000000000003;20815.108152367473;0.6318881594449657;0.26257313526596704;102.41398733514364;2690.76076488537;0.09555447692776509;20815.108152367473;0.0;0.0;60.92402715850511;255.04844533080941;0.09555447692776509;20815.108152367473;0.0;0.0;60.929448371090814;255.1768044650203;0.09555447692776509;146951.40716150962;0.0;0.0;"Zustand 3: Temperatur 430.145 K liegt außerhalb des Boryta-Prüfbereichs; Kristallisation wurde nicht bewertet.";"Zustand 4: Temperatur 428.394 K liegt außerhalb des Boryta-Prüfbereichs; Kristallisation wurde nicht bewertet.";"Zustand 5: Temperatur 390.252 K liegt außerhalb des Boryta-Prüfbereichs; Kristallisation wurde nicht bewertet.";"Zustand 6: Temperatur 390.214 K liegt außerhalb des Boryta-Prüfbereichs; Kristallisation wurde nicht bewertet.";"Zustand 20: Temperatur 446.637 K liegt außerhalb des Boryta-Prüfbereichs; Kristallisation wurde nicht bewertet.";5
series_evaporator_to_desorber;Serie Verdampfer → Desorber;series_evaporator_to_desorber;nan;130.0;30.0;130.0;8.0;8.0;4.0;130.0;0.7200000000000003;Abwärmetemperatur [°C];hot_temperature_C;130.0;10.0;10.0;25.0;15.0;11.0;nan;nan;2.4617537148081977e-20;`gtol` termination condition is satisfied.;4;1.8036008969869555e-08;2.2188977961177922e-10;1;True;;True;0;zulässig;feasible;True;True;True;110.72195840727619;126.9837899761448;155.2652058567416;60.946897606789435;0.1071348831528175;0.2549547478025217;0.20714432028735852;0.2622167274037466;232.60361899157488;232.9153462825781;232.43887522191136;233.0153559332917;52.79597633061034;0.4997346751242971;7.529789044693999;18.911699700453028;0.012265840069534024;0.05246827882552073;23.26036189743213;23.291534628073435;9.297555008899671;15.534357062088887;4.799634212223852;102.53054934337098;0.020077987186952754;2690.982276200095;278.11076156365635;228.67253819365408;0.01637601209991002;0.7992441966106333;0.5688511690742996;0.21487315999359846;-5.4932058901613345e-11;-3.852036911666801e-09;2.2765220819565e-09;-1.292554951959346e-10;-5.804281499877106e-10;1.8437447124597384e-09;1.9583694665925577e-09;1.7253569239983335e-08;-5.493205890161335e-13;-3.852036911666801e-11;2.2765220819565002e-11;-1.292554951959346e-10;-5.804281499877106e-12;1.8437447124597385e-11;1.9583694665925576e-11;1.7253569239983336e-10;148.91169970045303;123.03183744218626;116.08091414009562;130.0;123.03183744218626;43.93034367718769;24.463701053973466;22.097145498684654;58.600205666183285;30.946897606789435;6.043985690185991;13.550364796724637;19.27804159272381;62.07952028873973;1.8319396419430518;9.957468768335502;4.0;0.7200000000000003;146890.7295179003;20837.01033915421;7.049510804430628;1.8319396419430518;deltaT_shex_1_K;shex;True;True;True;True;True;True;True;True;110.72195840727619;2692.156457811882;0.095620208710543;146890.7295179003;0.0;0.0;135.0;4.0;148.91169970045303;4.0;123.03183744218626;8.0;116.08091414009562;8.0;130.0;8.0;123.03183744218626;8.0;30.0;4.0;43.93034367718769;4.0;110.72195840727619;2692.156457811882;0.010244259887252046;146890.7295179003;0.0;0.0;102.53054934337098;278.11076156365715;0.8156202087105433;20837.01033915421;0.5574297825903427;0.20714432028735852;173.3754007544265;386.702034177259;0.7302442598872524;146890.7295179003;0.6226012592242223;0.2549547478025217;110.72195840727619;2692.156457811882;0.08537594882329096;146890.7295179003;0.0;0.0;126.9837899761448;278.11076156365715;0.8156202087105433;146890.7295179003;0.5574297825903427;0.20714432028735852;157.09714549868465;342.84184076788415;0.8156202087105433;146890.7295179003;0.5574297825903427;0.20714432028735852;155.2652058567416;353.89970879996537;0.7200000000000003;146890.7295179003;0.6314597161358443;0.2622167274037466;117.0263212078093;280.57196389626364;0.7200000000000003;146890.7295179003;0.6314597161358443;0.2622167274037466;116.98785175200027;280.49909128678377;0.7200000000000003;20837.01033915421;0.6314597161358443;0.2622167274037466;102.53054934337098;2690.982276200095;0.095620208710543;20837.01033915421;0.0;0.0;60.946897606789435;255.14418900611597;0.095620208710543;20837.01033915421;0.0;0.0;60.95231715344653;255.27246565636534;0.095620208710543;146890.7295179003;0.0;0.0;"Zustand 3: Temperatur 430.247 K liegt außerhalb des Boryta-Prüfbereichs; Kristallisation wurde nicht bewertet.";"Zustand 4: Temperatur 428.415 K liegt außerhalb des Boryta-Prüfbereichs; Kristallisation wurde nicht bewertet.";"Zustand 5: Temperatur 390.176 K liegt außerhalb des Boryta-Prüfbereichs; Kristallisation wurde nicht bewertet.";"Zustand 6: Temperatur 390.138 K liegt außerhalb des Boryta-Prüfbereichs; Kristallisation wurde nicht bewertet.";"Zustand 20: Temperatur 446.525 K liegt außerhalb des Boryta-Prüfbereichs; Kristallisation wurde nicht bewertet.";5
series_evaporator_to_desorber;Serie Verdampfer → Desorber;series_evaporator_to_desorber;nan;130.0;30.0;130.0;8.0;8.0;4.0;130.0;0.7300000000000003;Abwärmetemperatur [°C];hot_temperature_C;130.0;10.0;10.0;25.0;15.0;11.0;nan;nan;2.1946993923995087e-20;`gtol` termination condition is satisfied.;4;1.6661289118332037e-08;2.0950892068833292e-10;1;True;;True;0;zulässig;feasible;True;True;True;110.70984116663834;126.92451977276409;155.2831329728141;60.96932517550323;0.10787495433738094;0.2546639174762395;0.2074651653570032;0.2618677265011412;232.589134371728;233.08414268333024;232.44600236865156;233.1618180687177;53.695149632654925;0.499538719416794;7.629222703350091;18.91083339543826;0.01226637110665514;0.05319024654400213;23.258913435579114;23.308414268160792;9.29784009476819;15.544121204457758;4.8813772396509245;102.64413832007216;0.0199156041717788;2691.198124287246;278.04290699983886;229.00688079931336;0.016444009954519445;0.8092407050400304;0.5692483257571818;0.21514650240057967;-3.836220230368781e-11;-3.5052423186243686e-09;2.1473738343047444e-09;-1.270265559405459e-10;-5.532001523533836e-10;1.7223271697730524e-09;1.8513333088776562e-09;1.5936848285491578e-08;-3.836220230368781e-13;-3.5052423186243684e-11;2.1473738343047443e-11;-1.270265559405459e-10;-5.532001523533836e-12;1.7223271697730525e-11;1.8513333088776562e-11;1.5936848285491578e-10;148.91083339543826;123.02745759363881;116.0763211591696;130.0;123.02745759363881;43.9404391557016;24.354764794109258;22.19643786038182;58.70369916437056;30.96932517550323;6.11378806006735;13.432182839097436;19.29015883336166;62.05271450924948;1.9133048875677332;9.972411953452763;4.0;0.7300000000000003;146831.2064303549;20858.50743792972;7.03939181014231;1.9133048875677332;deltaT_shex_1_K;shex;True;True;True;True;True;True;True;True;110.70984116663834;2692.1381046853617;0.09568471499454956;146831.2064303549;0.0;0.0;135.0;4.0;148.91083339543826;4.0;123.02745759363881;8.0;116.0763211591696;8.0;130.0;8.0;123.02745759363881;8.0;30.0;4.0;43.9404391557016;4.0;110.70984116663834;2692.1381046853617;0.010321984260822342;146831.2064303549;0.0;0.0;102.64413832007216;278.04290699983943;0.8256847149945499;20858.50743792972;0.557911401425954;0.2074651653570032;173.26559818954752;386.3883666537344;0.7403219842608226;146831.2064303549;0.6222413036478607;0.2546639174762395;110.70984116663834;2692.1381046853617;0.08536273073372722;146831.2064303549;0.0;0.0;126.92451977276409;278.04290699983943;0.8256847149945499;146831.2064303549;0.557911401425954;0.2074651653570032;157.19643786038182;343.0739638397488;0.8256847149945499;146831.2064303549;0.557911401425954;0.2074651653570032;155.2831329728141;353.785746786323;0.7300000000000003;146831.2064303549;0.6310396116145185;0.2618677265011412;116.95210781931132;280.2307472894829;0.7300000000000003;146831.2064303549;0.6310396116145185;0.2618677265011412;116.91366953357146;280.15788393805275;0.7300000000000003;20858.50743792972;0.6310396116145185;0.2618677265011412;102.64413832007216;2691.198124287246;0.09568471499454956;20858.50743792972;0.0;0.0;60.96932517550323;255.2380788755282;0.09568471499454956;20858.50743792972;0.0;0.0;60.97474308438933;255.36627459735644;0.09568471499454956;146831.2064303549;0.0;0.0;"Zustand 3: Temperatur 430.346 K liegt außerhalb des Boryta-Prüfbereichs; Kristallisation wurde nicht bewertet.";"Zustand 4: Temperatur 428.433 K liegt außerhalb des Boryta-Prüfbereichs; Kristallisation wurde nicht bewertet.";"Zustand 5: Temperatur 390.102 K liegt außerhalb des Boryta-Prüfbereichs; Kristallisation wurde nicht bewertet.";"Zustand 6: Temperatur 390.064 K liegt außerhalb des Boryta-Prüfbereichs; Kristallisation wurde nicht bewertet.";"Zustand 20: Temperatur 446.416 K liegt außerhalb des Boryta-Prüfbereichs; Kristallisation wurde nicht bewertet.";5
series_evaporator_to_desorber;Serie Verdampfer → Desorber;series_evaporator_to_desorber;nan;130.0;30.0;130.0;8.0;8.0;4.0;130.0;0.7400000000000003;Abwärmetemperatur [°C];hot_temperature_C;130.0;10.0;10.0;25.0;15.0;11.0;nan;nan;1.959110467921919e-20;`gtol` termination condition is satisfied.;4;1.5357850515447033e-08;1.9794496547888855e-10;1;True;;True;0;zulässig;feasible;True;True;True;110.69793762246712;126.86785279554181;155.29745576596622;60.99134041786408;0.1086266171505193;0.25437786918644534;0.2077772654868301;0.2615258727553709;232.56750540030941;233.24983579607635;232.44546500067142;233.30569723645317;54.59103679110694;0.4993385400977356;7.728613962921875;18.909539796669208;0.01226688441456858;0.05391207483486779;23.256750538560922;23.324983579451505;9.297818600045893;15.553713148982075;4.96282152675391;102.75487474616136;0.0197585656264175;2691.4085371332817;277.9801213677986;229.33304110227547;0.01651318341874486;0.8192349033080812;0.5696344207717242;0.21541253236711902;-1.1795009413617663e-11;-3.1860665217209316e-09;1.992873421841068e-09;-1.248895986627474e-10;-4.759215244121151e-10;1.5613181858498137e-09;1.7220429526787484e-09;1.470019128646527e-08;-1.1795009413617664e-13;-3.1860665217209315e-11;1.992873421841068e-11;-1.248895986627474e-10;-4.759215244121151e-12;1.5613181858498138e-11;1.7220429526787484e-11;1.470019128646527e-10;148.9095397966692;123.02315498694816;116.07203462209554;130.0;123.02315498694816;43.95034903086582;24.248049878829363;22.292843821887743;58.80452571529554;30.99134041786408;6.182186016013816;13.31715987593418;19.302062377532877;62.026398272047686;1.9953880559215236;9.988476125610077;4.0;0.7400000000000003;146772.75238194517;20879.627668348334;7.029471727814364;1.9953880559215236;deltaT_shex_1_K;shex;True;True;True;True;True;True;True;True;110.69793762246712;2692.120074325516;0.09574808672682578;146772.75238194517;0.0;0.0;135.0;4.0;148.9095397966692;4.0;123.02315498694816;8.0;116.07203462209554;8.0;130.0;8.0;123.02315498694816;8.0;30.0;4.0;43.95034903086582;4.0;110.69793762246712;2692.120074325516;0.010400790759769622;146772.75238194517;0.0;0.0;102.75487474616136;277.9801213677986;0.8357480867268261;20879.627668348334;0.5583792616858397;0.2077772654868301;173.15758967549857;386.07998762235724;0.75040079075977;146772.75238194517;0.6218868709803423;0.25437786918644534;110.69793762246712;2692.120074325516;0.08534729596705615;146772.75238194517;0.0;0.0;126.86785279554181;277.9801213677986;0.8357480867268261;146772.75238194517;0.5583792616858397;0.2077772654868301;157.29284382188774;343.30008758502385;0.8357480867268261;146772.75238194517;0.5583792616858397;0.2077772654868301;155.29745576596622;353.668311374455;0.7400000000000003;146772.75238194517;0.6306275670565921;0.2615258727553709;116.87937666993173;279.8966400351054;0.7400000000000003;146772.75238194517;0.6306275670565921;0.2615258727553709;116.84096897093434;279.82378587992315;0.7400000000000003;20879.627668348334;0.6306275670565921;0.2615258727553709;102.75487474616136;2691.4085371332817;0.09574808672682578;20879.627668348334;0.0;0.0;60.99134041786408;255.3302428322148;0.09574808672682578;20879.627668348334;0.0;0.0;60.99675671490047;255.45835906757694;0.09574808672682578;146772.75238194517;0.0;0.0;"Zustand 3: Temperatur 430.443 K liegt außerhalb des Boryta-Prüfbereichs; Kristallisation wurde nicht bewertet.";"Zustand 4: Temperatur 428.447 K liegt außerhalb des Boryta-Prüfbereichs; Kristallisation wurde nicht bewertet.";"Zustand 5: Temperatur 390.029 K liegt außerhalb des Boryta-Prüfbereichs; Kristallisation wurde nicht bewertet.";"Zustand 6: Temperatur 389.991 K liegt außerhalb des Boryta-Prüfbereichs; Kristallisation wurde nicht bewertet.";"Zustand 20: Temperatur 446.308 K liegt außerhalb des Boryta-Prüfbereichs; Kristallisation wurde nicht bewertet.";5
series_evaporator_to_desorber;Serie Verdampfer → Desorber;series_evaporator_to_desorber;nan;130.0;30.0;130.0;8.0;8.0;4.0;130.0;0.7500000000000003;Abwärmetemperatur [°C];hot_temperature_C;130.0;10.0;10.0;25.0;15.0;11.0;nan;nan;1.7651823819051232e-20;`gtol` termination condition is satisfied.;4;1.4234194916383225e-08;1.878926492391399e-10;1;True;;True;0;zulässig;feasible;True;True;True;110.68623169592678;126.81372070250211;155.30832359560435;61.01297196514935;0.10938982444093064;0.25409645265280145;0.2080809093925997;0.26119091766180685;232.53899641137247;233.41264110813063;232.43754861567638;233.44718778273895;55.483589884362004;0.4991341811475656;7.827959484402955;18.907834713598845;0.012267381250391892;0.05463373983949713;23.253899639773017;23.341264110677123;9.297501944648312;15.563145852081043;5.043962717024326;102.86287290710635;0.019606676969704456;2691.6137310475037;277.92221474006936;229.65131289581683;0.016583531467287194;0.829226877553654;0.5700098478322759;0.21567149661122573;2.1387336346379016e-12;-2.905579776779632e-09;1.8951027414004784e-09;-1.2265366500230357e-10;-5.314291229296941e-10;1.3594103620562237e-09;1.5233183603413636e-09;1.3642306839756202e-08;2.1387336346379014e-14;-2.905579776779632e-11;1.8951027414004783e-11;-1.2265366500230357e-10;-5.314291229296941e-12;1.3594103620562237e-11;1.5233183603413637e-11;1.3642306839756202e-10;148.90783471359885;123.0189238103248;116.0680401794732;130.0;123.0189238103248;43.96008619067766;24.143473364739975;22.386450068940235;58.90278671642869;31.012971965149347;6.24920623229815;13.20516727236685;19.31376830407322;62.00053713616643;2.0781264733358853;10.005625466722165;4.0;0.7500000000000003;146715.28741845133;20900.397523503932;7.0197366941686115;2.0781264733358853;deltaT_shex_1_K;shex;True;True;True;True;True;True;True;True;110.68623169592678;2692.102342424254;0.09581040902094085;146715.28741845133;0.0;0.0;135.0;4.0;148.90783471359885;4.0;123.0189238103248;8.0;116.0680401794732;8.0;130.0;8.0;123.0189238103248;8.0;30.0;4.0;43.96008619067766;4.0;110.68623169592678;2692.102342424254;0.010480683822414476;146715.28741845133;0.0;0.0;102.86287290710635;277.9222147400691;0.8458104090209412;20900.397523503932;0.5588338488762781;0.2080809093925997;173.05130807833882;385.77670882996483;0.7604806838224148;146715.28741845133;0.6215377937539057;0.25409645265280145;110.68623169592678;2692.102342424254;0.08532972519852637;146715.28741845133;0.0;0.0;126.81372070250211;277.9222147400691;0.8458104090209412;146715.28741845133;0.5588338488762781;0.2080809093925997;157.38645006894023;343.5203550474063;0.8458104090209412;146715.28741845133;0.5588338488762781;0.2080809093925997;155.30832359560435;353.5475491561831;0.7500000000000003;146715.28741845133;0.6302233150570552;0.26119091766180685;116.80809523577994;279.56942931036997;0.7500000000000003;146715.28741845133;0.6302233150570552;0.26119091766180685;116.76971757802664;279.4965843239173;0.7500000000000003;20900.397523503932;0.6302233150570552;0.26119091766180685;102.86287290710635;2691.6137310475037;0.09581040902094085;20900.397523503932;0.0;0.0;61.01297196514935;255.42080072492567;0.09581040902094085;20900.397523503932;0.0;0.0;61.018386674158364;255.5488388094694;0.09581040902094085;146715.28741845133;0.0;0.0;"Zustand 3: Temperatur 430.536 K liegt außerhalb des Boryta-Prüfbereichs; Kristallisation wurde nicht bewertet.";"Zustand 4: Temperatur 428.458 K liegt außerhalb des Boryta-Prüfbereichs; Kristallisation wurde nicht bewertet.";"Zustand 5: Temperatur 389.958 K liegt außerhalb des Boryta-Prüfbereichs; Kristallisation wurde nicht bewertet.";"Zustand 6: Temperatur 389.920 K liegt außerhalb des Boryta-Prüfbereichs; Kristallisation wurde nicht bewertet.";"Zustand 20: Temperatur 446.201 K liegt außerhalb des Boryta-Prüfbereichs; Kristallisation wurde nicht bewertet.";5
series_evaporator_to_desorber;Serie Verdampfer → Desorber;series_evaporator_to_desorber;nan;130.0;30.0;130.0;8.0;8.0;4.0;130.0;0.7600000000000003;Abwärmetemperatur [°C];hot_temperature_C;130.0;10.0;10.0;25.0;15.0;11.0;nan;nan;1.5897278319186512e-20;`gtol` termination condition is satisfied.;4;1.3140872708415796e-08;1.7831028191995275e-10;1;True;;True;0;zulässig;feasible;True;True;True;110.67470833744039;126.76205594493916;155.3158795249695;61.03424665933835;0.11016451983685842;0.2538195237817847;0.20837637335814896;0.2608626234299089;232.50385835319315;233.57276064015446;232.42252429893267;233.58647161330128;56.37276561648324;0.4989256868272601;7.927256030371029;18.905733155095277;0.012267862763904975;0.05535521835749994;23.250385834060896;23.35727606388688;9.29690097197899;15.572431440787218;5.124796874466558;102.96824127512946;0.01945975173447998;2691.8139113802504;277.8690036770331;229.96197621160215;0.016655051996586234;0.8392167095673495;0.5703749816269638;0.215923630501838;7.780442956573097e-12;-2.648896213486296e-09;1.7644765648583416e-09;-1.205311406238252e-10;-5.420872639660956e-10;1.2856844477937557e-09;1.493020818088553e-09;1.2584195019371691e-08;7.780442956573097e-14;-2.6488962134862957e-11;1.7644765648583417e-11;-1.205311406238252e-10;-5.420872639660956e-12;1.2856844477937557e-11;1.4930208180885528e-11;1.2584195019371691e-10;148.90573315509528;123.01475862400417;116.06432428492127;130.0;123.01475862400417;43.969662717712595;24.040956302645895;22.477339891907548;58.99857855741686;31.03424665933835;6.314875132225495;13.096083009791812;19.325291662559607;61.97509882184477;2.1614603669380585;10.023824326647286;4.0;0.7600000000000003;146658.73675473733;20920.841885448535;7.010173756761941;2.1614603669380585;deltaT_shex_1_K;shex;True;True;True;True;True;True;True;True;110.67470833744039;2692.084886227139;0.0958717615639354;146658.73675473733;0.0;0.0;135.0;4.0;148.90573315509528;4.0;123.01475862400417;8.0;116.06432428492127;8.0;130.0;8.0;123.01475862400417;8.0;30.0;4.0;43.969662717712595;4.0;110.67470833744039;2692.084886227139;0.010561666578604722;146658.73675473733;0.0;0.0;102.96824127512946;277.8690036770334;0.8558717615639357;20920.841885448535;0.5592756260889444;0.20837637335814896;172.94668945774117;385.4783506104755;0.770561666578605;146658.73675473733;0.6211939111199222;0.2538195237817847;110.67470833744039;2692.084886227139;0.08531009498533068;146658.73675473733;0.0;0.0;126.76205594493916;277.8690036770334;0.8558717615639357;146658.73675473733;0.5592756260889444;0.20837637335814896;157.47733989190755;343.7349057293142;0.8558717615639357;146658.73675473733;0.5592756260889444;0.20837637335814896;155.3158795249695;353.42360172172647;0.7600000000000003;146658.73675473733;0.6298265990796286;0.2608626234299089;116.73823161829188;279.2489101211009;0.7600000000000003;146658.73675473733;0.6298265990796286;0.2608626234299089;116.69988349177868;279.1760743074726;0.7600000000000003;20920.841885448535;0.6298265990796286;0.2608626234299089;102.96824127512946;2691.8139113802504;0.0958717615639354;20920.841885448535;0.0;0.0;61.03424665933835;255.50986491304974;0.0958717615639354;20920.841885448535;0.0;0.0;61.039659802159406;255.63782608288517;0.0958717615639354;146658.73675473733;0.0;0.0;"Zustand 3: Temperatur 430.627 K liegt außerhalb des Boryta-Prüfbereichs; Kristallisation wurde nicht bewertet.";"Zustand 4: Temperatur 428.466 K liegt außerhalb des Boryta-Prüfbereichs; Kristallisation wurde nicht bewertet.";"Zustand 5: Temperatur 389.888 K liegt außerhalb des Boryta-Prüfbereichs; Kristallisation wurde nicht bewertet.";"Zustand 6: Temperatur 389.850 K liegt außerhalb des Boryta-Prüfbereichs; Kristallisation wurde nicht bewertet.";"Zustand 20: Temperatur 446.097 K liegt außerhalb des Boryta-Prüfbereichs; Kristallisation wurde nicht bewertet.";5
series_evaporator_to_desorber;Serie Verdampfer → Desorber;series_evaporator_to_desorber;nan;130.0;30.0;130.0;8.0;8.0;4.0;130.0;0.7700000000000004;Abwärmetemperatur [°C];hot_temperature_C;130.0;10.0;10.0;25.0;15.0;11.0;nan;nan;1.436571511460666e-20;`gtol` termination condition is satisfied.;4;1.213177720285538e-08;1.6950348146635018e-10;1;True;;True;0;zulässig;feasible;True;True;True;110.66335345513562;126.71279190879244;155.32026054243005;61.05518967567258;0.11095063877541782;0.2535469443329547;0.2086639218819716;0.26054076243396634;232.4623295868451;233.73038386817447;232.4006495796301;233.72371905758874;57.25852492939788;0.49871310154086546;8.026500461378772;18.90324937720368;0.012268330006831805;0.05607648782521754;23.24623295752168;23.37303838670513;9.296025983207404;15.581581270416592;5.205320448347736;103.07108286427336;0.01931761121357583;2692.009273190209;277.8203111196803;230.26529810155498;0.01672774194379556;0.8492044770481578;0.5707301789619683;0.2161691587102823;3.1391778065881226e-11;-2.42722109078386e-09;1.6406715985795017e-09;-1.183842468499563e-10;-5.549907200474991e-10;1.1231691132707056e-09;1.3398562259681057e-09;1.1628287666098913e-08;3.1391778065881226e-13;-2.42722109078386e-11;1.6406715985795017e-11;-1.183842468499563e-10;-5.549907200474991e-12;1.1231691132707056e-11;1.3398562259681058e-11;1.1628287666098914e-10;148.90324937720368;123.01065433440226;116.06087414362383;130.0;123.01065433440226;43.97908994426882;23.94042349806989;22.565593342127215;59.09199292000454;31.05518967567258;6.379218850482687;12.98979127935047;19.33664654486438;61.95005306207764;2.2453327996971666;10.04303735291586;4.0;0.7700000000000004;146603.03041168483;20940.98413230729;7.000770808355129;2.2453327996971666;deltaT_shex_1_K;shex;True;True;True;True;True;True;True;True;110.66335345513562;2692.067684425558;0.09593221899195303;146603.03041168483;0.0;0.0;135.0;4.0;148.90324937720368;4.0;123.01065433440226;8.0;116.06087414362383;8.0;130.0;8.0;123.01065433440226;8.0;30.0;4.0;43.97908994426882;4.0;110.66335345513562;2692.067684425558;0.010643740976300458;146603.03041168483;0.0;0.0;103.07108286427336;277.8203111196816;0.8659322189919534;20940.98413230729;0.5597050352569265;0.2086639218819716;172.84367287527357;385.1847413874976;0.7806437409763008;146603.03041168483;0.620855068501853;0.2535469443329547;110.66335345513562;2692.067684425558;0.08528847801565258;146603.03041168483;0.0;0.0;126.71279190879244;277.8203111196816;0.8659322189919534;146603.03041168483;0.5597050352569265;0.2086639218819716;157.56559334212722;343.9438756130475;0.8659322189919534;146603.03041168483;0.5597050352569265;0.2086639218819716;155.32026054243005;353.2966056645078;0.7700000000000004;146603.03041168483;0.6294371729363631;0.26054076243396634;116.66975455587658;278.9348849770189;0.7700000000000004;146603.03041168483;0.6294371729363631;0.26054076243396634;116.63143548391957;278.8620583694537;0.7700000000000004;20940.98413230729;0.6294371729363631;0.26054076243396634;103.07108286427336;2692.009273190209;0.09593221899195303;20940.98413230729;0.0;0.0;61.05518967567258;255.59754077963927;0.09593221899195303;20940.98413230729;0.0;0.0;61.06060127232462;255.72542617763952;0.09593221899195303;146603.03041168483;0.0;0.0;"Zustand 3: Temperatur 430.716 K liegt außerhalb des Boryta-Prüfbereichs; Kristallisation wurde nicht bewertet.";"Zustand 4: Temperatur 428.470 K liegt außerhalb des Boryta-Prüfbereichs; Kristallisation wurde nicht bewertet.";"Zustand 5: Temperatur 389.820 K liegt außerhalb des Boryta-Prüfbereichs; Kristallisation wurde nicht bewertet.";"Zustand 6: Temperatur 389.781 K liegt außerhalb des Boryta-Prüfbereichs; Kristallisation wurde nicht bewertet.";"Zustand 20: Temperatur 445.994 K liegt außerhalb des Boryta-Prüfbereichs; Kristallisation wurde nicht bewertet.";5
series_evaporator_to_desorber;Serie Verdampfer → Desorber;series_evaporator_to_desorber;nan;130.0;30.0;130.0;8.0;8.0;4.0;130.0;0.7800000000000004;Abwärmetemperatur [°C];hot_temperature_C;130.0;10.0;10.0;25.0;15.0;11.0;nan;nan;1.3164922164886593e-20;`gtol` termination condition is satisfied.;4;1.1323715732139944e-08;1.622647353240167e-10;1;True;;True;0;zulässig;feasible;True;True;True;110.65215384878758;126.66586303166844;155.32159778425137;61.075824635974925;0.11174810943529502;0.25327858160983363;0.2089438082845921;0.26022511669617415;232.4146366317505;233.88568857704422;232.37216923053518;233.85908966806448;58.14083264769868;0.49849646971503947;8.125689732435394;18.900396927736267;0.012268783941293198;0.05679752629469138;23.24146366208951;23.38856885759686;9.294886769238348;15.590605977782952;5.285530240901589;103.17149556037987;0.01918008411910515;2692.200001864691;277.77596626480425;230.56153336821674;0.016801597394390577;0.8591902538433536;0.571075779823663;0.21640829581699608;4.0813574742060155e-11;-2.2187975901033496e-09;1.539319782750681e-09;-1.1622625084584115e-10;-4.235118922224501e-10;1.07564801510307e-09;1.3202168247516965e-09;1.0855387699848507e-08;4.0813574742060153e-13;-2.2187975901033495e-11;1.539319782750681e-11;-1.1622625084584115e-10;-4.235118922224501e-12;1.07564801510307e-11;1.3202168247516965e-11;1.0855387699848507e-10;148.90039692773627;123.00660617021339;116.05767766451555;130.0;123.00660617021339;43.98837850341175;23.84180328941852;22.651287380271242;59.183117056968115;31.075824635974925;6.442263201023422;12.886182104135685;19.347846151212423;61.92537146548;2.3296895960198754;10.063229599687304;4.0;0.7800000000000004;146548.10288140964;20960.846237650036;6.99151652656937;2.3296895960198754;deltaT_shex_1_K;shex;True;True;True;True;True;True;True;True;110.65215384878758;2692.05071705714;0.09599185123774379;146548.10288140964;0.0;0.0;135.0;4.0;148.90039692773627;4.0;123.00660617021339;8.0;116.05767766451555;8.0;130.0;8.0;123.00660617021339;8.0;30.0;4.0;43.98837850341175;4.0;110.65215384878758;2692.05071705714;0.010726907897011952;146548.10288140964;0.0;0.0;103.17149556037987;277.7759662648065;0.8759918512377441;20960.846237650036;0.5601224983282616;0.2089438082845921;172.7422002171548;384.89571721385875;0.7907269078970123;146548.10288140964;0.6205211172737989;0.25327858160983363;110.65215384878758;2692.05071705714;0.08526494334073184;146548.10288140964;0.0;0.0;126.66586303166844;277.7759662648065;0.8759918512377441;146548.10288140964;0.5601224983282616;0.2089438082845921;157.65128738027124;344.14739719255755;0.8759918512377441;146548.10288140964;0.5601224983282616;0.2089438082845921;155.32159778425137;353.166692616538;0.7800000000000004;146548.10288140964;0.6290548002954921;0.26022511669617415;116.60263343198113;278.62716358107923;0.7800000000000004;146548.10288140964;0.6290548002954921;0.26022511669617415;116.56434296918997;278.5543462396758;0.7800000000000004;20960.846237650036;0.6290548002954921;0.26022511669617415;103.17149556037987;2692.200001864691;0.09599185123774379;20960.846237650036;0.0;0.0;61.075824635974925;255.68392720562755;0.09599185123774379;20960.846237650036;0.0;0.0;61.08123470473339;255.8117378872958;0.09599185123774379;146548.10288140964;0.0;0.0;"Zustand 3: Temperatur 430.801 K liegt außerhalb des Boryta-Prüfbereichs; Kristallisation wurde nicht bewertet.";"Zustand 4: Temperatur 428.472 K liegt außerhalb des Boryta-Prüfbereichs; Kristallisation wurde nicht bewertet.";"Zustand 5: Temperatur 389.753 K liegt außerhalb des Boryta-Prüfbereichs; Kristallisation wurde nicht bewertet.";"Zustand 6: Temperatur 389.714 K liegt außerhalb des Boryta-Prüfbereichs; Kristallisation wurde nicht bewertet.";"Zustand 20: Temperatur 445.892 K liegt außerhalb des Boryta-Prüfbereichs; Kristallisation wurde nicht bewertet.";5
series_evaporator_to_desorber;Serie Verdampfer → Desorber;series_evaporator_to_desorber;nan;130.0;30.0;130.0;8.0;8.0;4.0;130.0;0.7900000000000004;Abwärmetemperatur [°C];hot_temperature_C;130.0;10.0;10.0;25.0;15.0;11.0;nan;nan;1.1930968532991881e-20;`gtol` termination condition is satisfied.;4;1.0419529809996774e-08;1.5447309495826049e-10;1;True;;True;0;zulässig;feasible;True;True;True;110.64109714871284;126.62120489839538;155.32001675704026;61.0961737135068;0.11255685357864514;0.2530143081715552;0.20921627527979839;0.2599154773999474;232.36099486043457;234.03884164905023;232.33731601368734;233.99273295798668;59.01965715360714;0.4982758356936778;8.224820889645706;18.897188687825064;0.012269225447374767;0.05751831241293856;23.23609948504466;23.40388416480769;9.293492640562025;15.599515530451557;5.365423377784037;103.26957242807958;0.01904700625474611;2692.3862736968013;277.7358044258882;230.85092524769948;0.016876613679223218;0.8691741101723491;0.5714121083658027;0.21664124687732766;4.951772325512138e-11;-2.017259248532355e-09;1.4734382602910046e-09;-1.1404638344814089e-10;-3.63286289939424e-10;9.733298611536156e-10;1.213322775583947e-09;9.987957128032576e-09;4.951772325512138e-13;-2.0172592485323548e-11;1.4734382602910044e-11;-1.1404638344814089e-10;-3.63286289939424e-12;9.733298611536156e-12;1.213322775583947e-11;9.987957128032576e-11;148.89718868782506;123.00260966034728;116.05472341591883;130.0;123.00260966034728;43.997538376139346;23.745027341759;22.734496017190565;59.27203405194024;31.0961737135068;6.504033649918881;12.785150987839245;19.358902851287155;61.90102738934843;2.4144792601503013;10.084366618354863;4.0;0.7900000000000004;146493.89281792802;20980.448862738223;6.982400318331829;2.4144792601503013;deltaT_shex_1_K;shex;True;True;True;True;True;True;True;True;110.64109714871284;2692.0339654136437;0.09605072385157198;146493.89281792802;0.0;0.0;135.0;4.0;148.89718868782506;4.0;123.00260966034728;8.0;116.05472341591883;8.0;130.0;8.0;123.00260966034728;8.0;30.0;4.0;43.997538376139346;4.0;110.64109714871284;2692.0339654136437;0.010811167260684266;146493.89281792802;0.0;0.0;103.26957242807958;277.735804425893;0.8860507238515724;20980.448862738223;0.5605284183637216;0.20921627527979839;172.64221602958406;384.6111213430408;0.8008111672606847;146493.89281792802;0.6201919144603091;0.2530143081715552;110.64109714871284;2692.0339654136437;0.08523955659088772;146493.89281792802;0.0;0.0;126.62120489839538;277.735804425893;0.8860507238515724;146493.89281792802;0.5605284183637216;0.20921627527979839;157.73449601719057;344.3455995142088;0.8860507238515724;146493.89281792802;0.5605284183637216;0.20921627527979839;155.32001675704026;353.0339893089932;0.7900000000000004;146493.89281792802;0.6286792542158889;0.2599154773999474;116.53683828004051;278.32556253233804;0.7900000000000004;146493.89281792802;0.6286792542158889;0.2599154773999474;116.4985760104284;278.2527545419419;0.7900000000000004;20980.448862738223;0.6286792542158889;0.2599154773999474;103.26957242807958;2692.3862736968013;0.09605072385157198;20980.448862738223;0.0;0.0;61.0961737135068;255.76911700871128;0.09605072385157198;20980.448862738223;0.0;0.0;61.10158227099885;255.89685394764714;0.09605072385157198;146493.89281792802;0.0;0.0;"Zustand 3: Temperatur 430.884 K liegt außerhalb des Boryta-Prüfbereichs; Kristallisation wurde nicht bewertet.";"Zustand 4: Temperatur 428.470 K liegt außerhalb des Boryta-Prüfbereichs; Kristallisation wurde nicht bewertet.";"Zustand 5: Temperatur 389.687 K liegt außerhalb des Boryta-Prüfbereichs; Kristallisation wurde nicht bewertet.";"Zustand 6: Temperatur 389.649 K liegt außerhalb des Boryta-Prüfbereichs; Kristallisation wurde nicht bewertet.";"Zustand 20: Temperatur 445.792 K liegt außerhalb des Boryta-Prüfbereichs; Kristallisation wurde nicht bewertet.";5
series_evaporator_to_desorber;Serie Verdampfer → Desorber;series_evaporator_to_desorber;nan;130.0;30.0;130.0;8.0;8.0;4.0;130.0;0.8000000000000004;Abwärmetemperatur [°C];hot_temperature_C;130.0;10.0;10.0;25.0;15.0;11.0;nan;nan;1.0986546374801973e-20;`gtol` termination condition is satisfied.;4;9.719112834150119e-09;1.482332376682232e-10;1;True;;True;0;zulässig;feasible;True;True;True;110.63017175929184;126.5787543179033;155.31563755843717;61.11625773002942;0.11337678731114023;0.2527540015642618;0.2094815555117669;0.25961164443139767;232.30160914845493;234.18999979486287;232.29631137796514;234.12478908469419;59.89497008945285;0.4980512436466251;8.323891066936657;18.893636910792736;0.012269655330045592;0.05823882540178556;23.23016091391417;23.418999979398592;9.291852455136722;15.608319272238118;5.444997281032714;103.36540199645157;0.01891822020111018;2692.568256422592;277.699666882855;231.13370604825263;0.01695278546218526;0.8791561128363142;0.5717394738273638;0.2168682079492524;7.339906460401835e-11;-1.9070114376518177e-09;1.355147105641663e-09;-1.1192957671823933e-10;-4.5289993977348786e-10;8.769518444751156e-10;1.1224017271160847e-09;9.313225746154785e-09;7.339906460401835e-13;-1.9070114376518178e-11;1.3551471056416631e-11;-1.1192957671823933e-10;-4.5289993977348784e-12;8.769518444751157e-12;1.1224017271160847e-11;9.313225746154786e-11;148.89363691079274;122.99866061349599;116.0520005842506;130.0;122.99866061349599;44.00657893509947;23.65003045513538;22.81529044758929;59.3588230613521;31.116257730029417;6.5645552926005735;12.68659858779904;19.36982824070816;61.87699582213327;2.4996528891521166;10.106414532227518;4.0;0.8000000000000004;146440.34275155445;20999.811442173286;6.973412268715077;2.4996528891521166;deltaT_shex_1_K;shex;True;True;True;True;True;True;True;True;110.63017175929184;2692.017411955785;0.09610889829849911;146440.34275155445;0.0;0.0;135.0;4.0;148.89363691079274;4.0;122.99866061349599;8.0;116.0520005842506;8.0;130.0;8.0;122.99866061349599;8.0;30.0;4.0;44.00657893509947;4.0;110.63017175929184;2692.017411955785;0.01089651812109694;146440.34275155445;0.0;0.0;103.36540199645157;277.6996668828633;0.8961088982984995;20999.811442173286;0.5609231805638308;0.2094815555117669;172.54366736592812;384.3308038307688;0.8108965181210973;146440.34275155445;0.6198673224565628;0.2527540015642618;110.63017175929184;2692.017411955785;0.08521238017740217;146440.34275155445;0.0;0.0;126.5787543179033;277.6996668828633;0.8961088982984995;146440.34275155445;0.5609231805638308;0.2094815555117669;157.8152904475893;344.5386082249026;0.8961088982984995;146440.34275155445;0.5609231805638308;0.2094815555117669;155.31563755843717;352.898617653404;0.8000000000000004;146440.34275155445;0.6283103167064307;0.25961164443139767;116.47233978567579;278.02990504167974;0.8000000000000004;146440.34275155445;0.6283103167064307;0.25961164443139767;116.43410532089541;277.9571065099275;0.8000000000000004;20999.811442173286;0.6283103167064307;0.25961164443139767;103.36540199645157;2692.568256422592;0.09610889829849911;20999.811442173286;0.0;0.0;61.11625773002942;255.85319734964793;0.09610889829849911;20999.811442173286;0.0;0.0;61.12166479136272;255.98086144264312;0.09610889829849911;146440.34275155445;0.0;0.0;"Zustand 3: Temperatur 430.965 K liegt außerhalb des Boryta-Prüfbereichs; Kristallisation wurde nicht bewertet.";"Zustand 4: Temperatur 428.466 K liegt außerhalb des Boryta-Prüfbereichs; Kristallisation wurde nicht bewertet.";"Zustand 5: Temperatur 389.622 K liegt außerhalb des Boryta-Prüfbereichs; Kristallisation wurde nicht bewertet.";"Zustand 6: Temperatur 389.584 K liegt außerhalb des Boryta-Prüfbereichs; Kristallisation wurde nicht bewertet.";"Zustand 20: Temperatur 445.694 K liegt außerhalb des Boryta-Prüfbereichs; Kristallisation wurde nicht bewertet.";5
series_evaporator_to_desorber;Serie Verdampfer → Desorber;series_evaporator_to_desorber;nan;130.0;30.0;130.0;8.0;8.0;4.0;130.0;0.8100000000000004;Abwärmetemperatur [°C];hot_temperature_C;130.0;10.0;10.0;25.0;15.0;11.0;nan;nan;1.0108512888136676e-20;`gtol` termination condition is satisfied.;4;9.032871909825178e-09;1.421865878916621e-10;1;True;;True;0;zulässig;feasible;True;True;True;110.61936680671704;126.53844938379433;155.30857509505108;61.136096245645945;0.11420782176793177;0.2524975440703826;0.20973987206107333;0.2593134259475858;232.23667448093573;234.33931022950603;232.2493661103206;234.2553894808344;60.766746085713876;0.49782273749095085;8.422897482943789;18.889753258429153;0.01227007432538189;0.05895904503822324;23.223667447228653;23.43393102287178;9.289974644432455;15.61702596531949;5.524249644316558;103.45906852515856;0.01879357501380603;2692.746109721607;277.6674007233935;231.4100977481889;0.017030106819166058;0.8891363254139507;0.5720581713875639;0.21708936658659633;7.683098601773963e-11;-1.7682566522125853e-09;1.3004637366975658e-09;-1.0981326958869886e-10;-4.90757656734786e-10;7.882476893428247e-10;1.0420535545563325e-09;8.649209348732256e-09;7.683098601773963e-13;-1.7682566522125853e-11;1.3004637366975658e-11;-1.0981326958869886e-10;-4.90757656734786e-12;7.882476893428247e-12;1.0420535545563325e-11;8.649209348732257e-11;148.88975325842915;122.99475509925736;116.04949893567124;130.0;122.99475509925736;44.0155089850183;23.556750386253213;22.893739177129703;59.44355954014026;31.136096245645945;6.623852835004527;12.590430410512681;19.38063319328296;61.853253274756526;2.58516408207862;10.129340097237673;4.0;0.8100000000000004;146387.3988249376;21018.952263400064;6.964543093798231;2.58516408207862;deltaT_shex_1_K;shex;True;True;True;True;True;True;True;True;110.61936680671704;2692.0010402344437;0.09616643223311638;146387.3988249376;0.0;0.0;135.0;4.0;148.88975325842915;4.0;122.99475509925736;8.0;116.04949893567124;8.0;130.0;8.0;122.99475509925736;8.0;30.0;4.0;44.0155089850183;4.0;110.61936680671704;2692.0010402344437;0.010982958752537644;146387.3988249376;0.0;0.0;103.45906852515856;277.6674007234011;0.9061664322331168;21018.952263400064;0.561307153231331;0.20973987206107333;172.44650364468237;384.0546211640118;0.820982958752538;146387.3988249376;0.6195472087669608;0.2524975440703826;110.61936680671704;2692.0010402344437;0.08518347348057874;146387.3988249376;0.0;0.0;126.53844938379433;277.6674007234011;0.9061664322331168;146387.3988249376;0.561307153231331;0.20973987206107333;157.8937391771297;344.726545626797;0.9061664322331168;146387.3988249376;0.561307153231331;0.20973987206107333;155.30857509505108;352.7606948400402;0.8100000000000004;146387.3988249376;0.6279477783093362;0.2593134259475858;116.40910928655666;277.7400206602414;0.8100000000000004;146387.3988249376;0.6279477783093362;0.2593134259475858;116.37090226425283;277.6672317157498;0.8100000000000004;21018.952263400064;0.6279477783093362;0.2593134259475858;103.45906852515856;2692.746109721607;0.09616643223311638;21018.952263400064;0.0;0.0;61.136096245645945;255.9362501081637;0.09616643223311638;21018.952263400064;0.0;0.0;61.141501824500835;256.0638421799548;0.09616643223311638;146387.3988249376;0.0;0.0;"Zustand 3: Temperatur 431.044 K liegt außerhalb des Boryta-Prüfbereichs; Kristallisation wurde nicht bewertet.";"Zustand 4: Temperatur 428.459 K liegt außerhalb des Boryta-Prüfbereichs; Kristallisation wurde nicht bewertet.";"Zustand 5: Temperatur 389.559 K liegt außerhalb des Boryta-Prüfbereichs; Kristallisation wurde nicht bewertet.";"Zustand 6: Temperatur 389.521 K liegt außerhalb des Boryta-Prüfbereichs; Kristallisation wurde nicht bewertet.";"Zustand 20: Temperatur 445.597 K liegt außerhalb des Boryta-Prüfbereichs; Kristallisation wurde nicht bewertet.";5
series_evaporator_to_desorber;Serie Verdampfer → Desorber;series_evaporator_to_desorber;nan;130.0;30.0;130.0;8.0;8.0;4.0;130.0;0.8200000000000004;Abwärmetemperatur [°C];hot_temperature_C;130.0;10.0;10.0;25.0;15.0;11.0;nan;nan;9.275605735281824e-21;`gtol` termination condition is satisfied.;4;8.337859456985832e-09;1.36202832094504e-10;1;True;;True;0;zulässig;feasible;True;True;True;110.60867209060433;126.50022952057111;155.2989392962118;61.15570764209866;0.11504986373090872;0.25224482247437807;0.2099914389207956;0.2590206379690322;232.1663765203051;234.48691129928778;232.19668094563943;234.38465743931343;61.634962512291494;0.49759036082312463;8.52183743799587;18.885548834946462;0.012270483106234449;0.059678951635288253;23.216637651231423;23.448691129861693;9.287867237843306;15.625643829224305;5.6031784103534035;103.55065225238707;0.018672925934029288;2692.919985683273;277.63885867761036;231.6803125553991;0.017108571309176535;0.8991148084450432;0.572368482961807;0.21730490229952384;1.0152234608540311e-10;-1.5959429333634034e-09;1.2449845598894171e-09;-1.0770506708723815e-10;-4.432365585671505e-10;6.708660293952562e-10;9.488587693340378e-10;7.990877293195808e-09;1.0152234608540311e-12;-1.5959429333634035e-11;1.2449845598894172e-11;-1.0770506708723815e-10;-4.432365585671505e-12;6.708660293952562e-12;9.488587693340379e-12;7.990877293195808e-11;148.88554883494646;122.99088943064254;116.04720878035425;130.0;122.99088943064254;44.024336800196636;23.46512768236937;22.969908142986583;59.52631545219043;31.155707642098662;6.681950578243288;12.496556527967186;19.39132790939567;61.82977767982112;2.6709688467747696;10.153110750443034;4.0;0.8200000000000004;146335.01054885166;21037.888540624874;6.9557840971670615;2.6709688467747696;deltaT_shex_1_K;shex;True;True;True;True;True;True;True;True;110.60867209060433;2691.984834817673;0.09622337975421935;146335.01054885166;0.0;0.0;135.0;4.0;148.88554883494646;4.0;122.99088943064254;8.0;116.04720878035425;8.0;130.0;8.0;122.99088943064254;8.0;30.0;4.0;44.024336800196636;4.0;110.60867209060433;2691.984834817673;0.011070486728450417;146335.01054885166;0.0;0.0;103.55065225238707;277.63885867762167;0.9162233797542197;21037.888540624874;0.5616806886724884;0.2099914389207956;172.35067651731583;383.7824359151627;0.8310704867284509;146335.01054885166;0.6192314457606793;0.25224482247437807;110.60867209060433;2691.984834817673;0.08515289302576894;146335.01054885166;0.0;0.0;126.50022952057111;277.63885867762167;0.9162233797542197;146335.01054885166;0.5616806886724884;0.2099914389207956;157.96990814298658;344.9095307366836;0.9162233797542197;146335.01054885166;0.5616806886724884;0.2099914389207956;155.2989392962118;352.6203334488424;0.8200000000000004;146335.01054885166;0.6275914377051034;0.2590206379690322;116.34711877012808;277.4557450193425;0.8200000000000004;146335.01054885166;0.6275914377051034;0.2590206379690322;116.30893885239925;277.3829658100312;0.8200000000000004;21037.888540624874;0.6275914377051034;0.2590206379690322;103.55065225238707;2692.919985683273;0.09622337975421935;21037.888540624874;0.0;0.0;61.15570764209866;256.01835223170366;0.09622337975421935;21037.888540624874;0.0;0.0;61.16111175082142;256.1458730394073;0.09622337975421935;146335.01054885166;0.0;0.0;"Zustand 3: Temperatur 431.120 K liegt außerhalb des Boryta-Prüfbereichs; Kristallisation wurde nicht bewertet.";"Zustand 4: Temperatur 428.449 K liegt außerhalb des Boryta-Prüfbereichs; Kristallisation wurde nicht bewertet.";"Zustand 5: Temperatur 389.497 K liegt außerhalb des Boryta-Prüfbereichs; Kristallisation wurde nicht bewertet.";"Zustand 6: Temperatur 389.459 K liegt außerhalb des Boryta-Prüfbereichs; Kristallisation wurde nicht bewertet.";"Zustand 20: Temperatur 445.501 K liegt außerhalb des Boryta-Prüfbereichs; Kristallisation wurde nicht bewertet.";5
series_evaporator_to_desorber;Serie Verdampfer → Desorber;series_evaporator_to_desorber;nan;130.0;30.0;130.0;8.0;8.0;4.0;130.0;0.8300000000000004;Abwärmetemperatur [°C];hot_temperature_C;130.0;10.0;10.0;25.0;15.0;11.0;nan;nan;8.600119416550201e-21;`gtol` termination condition is satisfied.;4;7.784033712801182e-09;1.3114968102553816e-10;1;True;;True;0;zulässig;feasible;True;True;True;110.59807803919529;126.46403551766366;155.28683532321884;61.17510919994521;0.11590281618537263;0.25199572784345736;0.21023646144540414;0.25873310399568217;232.09089213750468;234.63293306276623;232.1384471372089;234.51270865484096;62.49959925105707;0.4973541568617255;8.620708311229901;18.8810342187503;0.012270882287375157;0.06039852602355923;23.209089213004948;23.463293306216155;9.285537885505164;15.634180576930069;5.681781750231991;103.64022962612091;0.018556134111469454;2693.0900292420297;277.61389894874026;231.94455343176872;0.017188172038427818;0.9090916196022186;0.5726706779443378;0.2175149869855456;8.989076150101027e-11;-1.4948327020647412e-09;1.192915988212917e-09;-1.0555678553458847e-10;-4.2018655221909285e-10;6.046718681318453e-10;8.899405656848103e-10;7.455213335560984e-09;8.989076150101028e-13;-1.494832702064741e-11;1.192915988212917e-11;-1.0555678553458847e-10;-4.2018655221909286e-12;6.0467186813184526e-12;8.899405656848103e-12;7.455213335560984e-11;148.8810342187503;122.98706014788155;116.04512093923296;130.0;122.98706014788155;44.03307015925634;23.375105526440166;23.043860828502545;59.60715946686457;31.17510919994521;6.738872406332234;12.404891313112046;19.401921960804714;61.806548298284724;2.757025505283707;10.177694648073782;4.0;0.8300000000000004;146283.13057631548;21056.63648347745;6.947127129781612;2.757025505283707;deltaT_shex_1_K;shex;True;True;True;True;True;True;True;True;110.59807803919529;2691.9687812231223;0.09627979164064604;146283.13057631548;0.0;0.0;135.0;4.0;148.8810342187503;4.0;122.98706014788155;8.0;116.04512093923296;8.0;130.0;8.0;122.98706014788155;8.0;30.0;4.0;44.03307015925634;4.0;110.59807803919529;2691.9687812231223;0.011159098992891773;146283.13057631548;0.0;0.0;103.64022962612091;277.6138989487517;0.9262797916406464;21056.63648347745;0.5620441240426965;0.21023646144540414;172.25613974519047;383.5141164193112;0.8411590989928922;146283.13057631548;0.6189199104426195;0.25199572784345736;110.59807803919529;2691.9687812231223;0.08512069264775426;146283.13057631548;0.0;0.0;126.46403551766366;277.6138989487517;0.9262797916406464;146283.13057631548;0.5620441240426965;0.21023646144540414;158.04386082850255;345.0876793497647;0.9262797916406464;146283.13057631548;0.5620441240426965;0.21023646144540414;155.28683532321884;352.47764157117194;0.8300000000000004;146283.13057631548;0.6272411013386968;0.25873310399568217;116.28634086958988;277.1769195820549;0.8300000000000004;146283.13057631548;0.6272411013386968;0.25873310399568217;116.24818774154932;277.1041502735928;0.8300000000000004;21056.63648347745;0.6272411013386968;0.25873310399568217;103.64022962612091;2693.0900292420297;0.09627979164064604;21056.63648347745;0.0;0.0;61.17510919994521;256.0995760583708;0.09627979164064604;21056.63648347745;0.0;0.0;61.180511849596826;256.2270262956249;0.09627979164064604;146283.13057631548;0.0;0.0;"Zustand 3: Temperatur 431.194 K liegt außerhalb des Boryta-Prüfbereichs; Kristallisation wurde nicht bewertet.";"Zustand 4: Temperatur 428.437 K liegt außerhalb des Boryta-Prüfbereichs; Kristallisation wurde nicht bewertet.";"Zustand 5: Temperatur 389.436 K liegt außerhalb des Boryta-Prüfbereichs; Kristallisation wurde nicht bewertet.";"Zustand 6: Temperatur 389.398 K liegt außerhalb des Boryta-Prüfbereichs; Kristallisation wurde nicht bewertet.";"Zustand 20: Temperatur 445.406 K liegt außerhalb des Boryta-Prüfbereichs; Kristallisation wurde nicht bewertet.";5
series_evaporator_to_desorber;Serie Verdampfer → Desorber;series_evaporator_to_desorber;nan;130.0;30.0;130.0;8.0;8.0;4.0;130.0;0.8400000000000004;Abwärmetemperatur [°C];hot_temperature_C;130.0;10.0;10.0;25.0;15.0;11.0;nan;nan;8.109593922329043e-21;`gtol` termination condition is satisfied.;4;7.422310230284079e-09;1.2735457527964233e-10;1;True;;True;0;zulässig;feasible;True;True;True;110.58757566783578;126.42980955260242;155.27236377314205;61.19431717017051;0.11676657882098139;0.25175015532232037;0.21047513677384938;0.25845065464437733;232.0103899092495;234.77749782954135;232.0748469912249;234.63965172570158;63.36063848818793;0.49711416839863243;8.719507557825342;18.876219492179985;0.012271272430167724;0.06111774953322259;23.201038990214627;23.477749782900037;9.282993879674542;15.642643448322975;5.760058044507724;103.72787351994481;0.01844306633901976;2693.2563785834245;277.5923850407615;232.20301458466463;0.017268901717848673;0.9190668138520225;0.5729650139010962;0.21771978533278988;9.910650078381877e-11;-1.3970264944873634e-09;1.107935077016009e-09;-1.0349487933325463e-10;-6.386642326106085e-10;5.409788172983099e-10;8.569713827455416e-10;7.103238885974861e-09;9.910650078381877e-13;-1.3970264944873635e-11;1.107935077016009e-11;-1.0349487933325463e-10;-6.386642326106085e-12;5.409788172983099e-12;8.569713827455416e-12;7.103238885974861e-11;148.87621949217998;122.98326400341801;116.0432267130106;130.0;122.98326400341801;44.041716377364935;23.286629592696045;23.115658372092753;59.68615714257987;31.194317170170507;6.794641776657556;12.31535319306579;19.41242433216422;61.78354563280834;2.843294598950706;10.20306069427238;4.0;0.8400000000000004;146231.714493417;21075.211360882993;6.9385645528961515;2.843294598950706;deltaT_shex_1_K;shex;True;True;True;True;True;True;True;True;110.58757566783578;2691.9528658553904;0.09633571556987075;146231.714493417;0.0;0.0;135.0;4.0;148.87621949217998;4.0;122.98326400341801;8.0;116.0432267130106;8.0;130.0;8.0;122.98326400341801;8.0;30.0;4.0;44.041716377364935;4.0;110.58757566783578;2691.9528658553904;0.011248791925364958;146231.714493417;0.0;0.0;103.72787351994481;277.5923850407494;0.9363357155698712;21075.211360882993;0.5623977821397809;0.21047513677384938;172.16284908487603;383.24953647295666;0.8512487919253654;146231.714493417;0.6186124842388323;0.25175015532232037;110.58757566783578;2691.9528658553904;0.08508692364450579;146231.714493417;0.0;0.0;126.42980955260242;277.5923850407494;0.9363357155698712;146231.714493417;0.5623977821397809;0.21047513677384938;158.11565837209275;345.26110410656594;0.9363357155698712;146231.714493417;0.5623977821397809;0.21047513677384938;155.27236377314205;352.3327229390133;0.8400000000000004;146231.714493417;0.6268965830651905;0.25845065464437733;116.22674885833004;276.90339140557427;0.8400000000000004;146231.714493417;0.6268965830651905;0.25845065464437733;116.18862222676046;276.83063217993947;0.8400000000000004;21075.211360882993;0.6268965830651905;0.25845065464437733;103.72787351994481;2693.2563785834245;0.09633571556987075;21075.211360882993;0.0;0.0;61.19431717017051;256.17998961674897;0.09633571556987075;21075.211360882993;0.0;0.0;61.19971837060967;256.30736991758107;0.09633571556987075;146231.714493417;0.0;0.0;"Zustand 3: Temperatur 431.266 K liegt außerhalb des Boryta-Prüfbereichs; Kristallisation wurde nicht bewertet.";"Zustand 4: Temperatur 428.422 K liegt außerhalb des Boryta-Prüfbereichs; Kristallisation wurde nicht bewertet.";"Zustand 5: Temperatur 389.377 K liegt außerhalb des Boryta-Prüfbereichs; Kristallisation wurde nicht bewertet.";"Zustand 6: Temperatur 389.339 K liegt außerhalb des Boryta-Prüfbereichs; Kristallisation wurde nicht bewertet.";"Zustand 20: Temperatur 445.313 K liegt außerhalb des Boryta-Prüfbereichs; Kristallisation wurde nicht bewertet.";5
series_evaporator_to_desorber;Serie Verdampfer → Desorber;series_evaporator_to_desorber;nan;130.0;30.0;130.0;8.0;8.0;4.0;130.0;0.8500000000000004;Abwärmetemperatur [°C];hot_temperature_C;130.0;10.0;10.0;25.0;15.0;11.0;nan;nan;7.481748246271365e-21;`gtol` termination condition is satisfied.;4;6.841643584510519e-09;1.2232537141796354e-10;1;True;;True;0;zulässig;feasible;True;True;True;110.5771565404907;126.39749520522156;155.25562087696716;61.21334684059872;0.11764104848095917;0.2515080039404381;0.2107076542289062;0.2581731273069859;231.9250305839766;234.92072066024116;232.00605436735498;234.76558861895325;64.21806452410475;0.4968704377587471;8.818232706355651;18.871114269376562;0.012271654046824832;0.06183660397675139;23.192503057742336;23.492072065973492;9.280242174709747;15.651039241209235;5.838005865945584;103.81365343461448;0.018333594799186732;2693.419165523493;277.5741855852683;232.4558819281553;0.017350752714861417;0.9290404436058453;0.5732517372173281;0.21791945519808686;1.1408474165364169e-10;-1.2966694384886068e-09;1.0426788321638014e-09;-1.014086592476815e-10;-3.886952981702052e-10;5.062474883743562e-10;8.147367225319613e-10;6.553250386787113e-09;1.1408474165364169e-12;-1.2966694384886069e-11;1.0426788321638015e-11;-1.014086592476815e-10;-3.886952981702052e-12;5.062474883743562e-12;8.147367225319613e-12;6.553250386787112e-11;148.87111426937656;122.9794979479978;116.04151785328025;130.0;122.9794979479978;44.05028233613882;23.19964791171418;23.185359670866035;59.76337109847566;31.213346840598717;6.849281712807283;12.227864418665774;19.422843459509295;61.76075134742558;2.9297387938988777;10.229178562125298;4.0;0.8500000000000004;146180.72062559274;21093.627560433346;6.9300892038026305;2.9297387938988777;deltaT_shex_1_K;shex;True;True;True;True;True;True;True;True;110.5771565404907;2691.93707594795;0.09639119632070625;146180.72062559274;0.0;0.0;135.0;4.0;148.87111426937656;4.0;122.9794979479978;8.0;116.04151785328025;8.0;130.0;8.0;122.9794979479978;8.0;30.0;4.0;44.05028233613882;4.0;110.5771565404907;2691.93707594795;0.011339561399501858;146180.72062559274;0.0;0.0;103.81365343461448;277.5741855852564;0.9463911963207067;21093.627560433346;0.5627419721492558;0.2107076542289062;172.07076218109074;382.988575052146;0.8613395613995023;146180.72062559274;0.6183090527948022;0.2515080039404381;110.5771565404907;2691.93707594795;0.08505163492120439;146180.72062559274;0.0;0.0;126.39749520522156;277.5741855852564;0.9463911963207067;146180.72062559274;0.5627419721492558;0.2107076542289062;158.18535967086603;345.42991456262416;0.9463911963207067;146180.72062559274;0.5627419721492558;0.2107076542289062;155.25562087696716;352.1856770602012;0.8500000000000004;146180.72062559274;0.626557703814362;0.2581731273069859;116.16831664309626;276.6350129143299;0.8500000000000004;146180.72062559274;0.626557703814362;0.2581731273069859;116.13021623519052;276.5622639684749;0.8500000000000004;21093.627560433346;0.626557703814362;0.2581731273069859;103.81365343461448;2693.419165523493;0.09639119632070625;21093.627560433346;0.0;0.0;61.21334684059872;256.2596569037551;0.09639119632070625;21093.627560433346;0.0;0.0;61.21874660057222;256.3869678461984;0.09639119632070625;146180.72062559274;0.0;0.0;"Zustand 3: Temperatur 431.335 K liegt außerhalb des Boryta-Prüfbereichs; Kristallisation wurde nicht bewertet.";"Zustand 4: Temperatur 428.406 K liegt außerhalb des Boryta-Prüfbereichs; Kristallisation wurde nicht bewertet.";"Zustand 5: Temperatur 389.318 K liegt außerhalb des Boryta-Prüfbereichs; Kristallisation wurde nicht bewertet.";"Zustand 6: Temperatur 389.280 K liegt außerhalb des Boryta-Prüfbereichs; Kristallisation wurde nicht bewertet.";"Zustand 20: Temperatur 445.221 K liegt außerhalb des Boryta-Prüfbereichs; Kristallisation wurde nicht bewertet.";5
series_evaporator_to_desorber;Serie Verdampfer → Desorber;series_evaporator_to_desorber;nan;130.0;30.0;130.0;8.0;8.0;4.0;130.0;0.8600000000000004;Abwärmetemperatur [°C];hot_temperature_C;130.0;10.0;10.0;25.0;15.0;11.0;nan;nan;6.950945269140875e-21;`gtol` termination condition is satisfied.;4;6.3383574342067225e-09;1.1790627862112242e-10;1;True;;True;0;zulässig;feasible;True;True;True;110.56681273402961;126.36703746366851;155.23669869129543;61.23221259761226;0.11852611956723622;0.25126917643103786;0.21093419569342078;0.2579003658267605;231.83496751863925;235.06270983091642;231.93223514829316;234.89061510215373;65.07186359992639;0.49662300676640303;8.916881356242628;18.865727722406632;0.012272027604287418;0.06255507163219474;23.183496751256648;23.506270983047685;9.277289405945965;15.659374340093162;5.915623963737398;103.89763568626523;0.018227596821748803;2693.5785158630492;277.5591741677986;232.70333351531656;0.017433717099889057;0.9390125588615967;0.5735310837020356;0.2181141479607582;1.2768452961609e-10;-1.1850005421365495e-09;9.869722816802096e-10;-9.942535683649112e-11;-3.559534889063798e-10;4.395701580506284e-10;7.563016879430506e-10;6.072752967156703e-09;1.2768452961609e-12;-1.1850005421365495e-11;9.869722816802095e-12;-9.942535683649112e-11;-3.5595348890637977e-12;4.395701580506284e-12;7.563016879430507e-12;6.072752967156702e-11;148.86572772240663;122.97575911775857;116.03998653557278;130.0;122.97575911775857;44.05877451141845;23.11411074427764;23.253021478901474;59.838861174846784;31.23221259761226;6.902814799687576;12.142350849307547;19.43318726597039;61.73814819293398;3.016322787606043;10.256018707779617;4.0;0.8600000000000004;146130.1098580001;21111.898643691242;6.921694364124251;3.016322787606043;deltaT_shex_1_K;shex;True;True;True;True;True;True;True;True;110.56681273402961;2691.921399509254;0.09644627596148536;146130.1098580001;0.0;0.0;135.0;4.0;148.86572772240663;4.0;122.97575911775857;8.0;116.03998653557278;8.0;130.0;8.0;122.97575911775857;8.0;30.0;4.0;44.05877451141845;4.0;110.56681273402961;2691.921399509254;0.011431402836425674;146130.1098580001;0.0;0.0;103.89763568626523;277.5591741677873;0.9564462759614858;21111.898643691242;0.5630769903435743;0.21093419569342078;171.97983846668427;382.73111604861083;0.8714314028364261;146130.1098580001;0.6180095057857684;0.25126917643103786;110.56681273402961;2691.921399509254;0.08501487312505969;146130.1098580001;0.0;0.0;126.36703746366851;277.5591741677873;0.9564462759614858;146130.1098580001;0.5630769903435743;0.21093419569342078;158.25302147890147;345.5942172594776;0.9564462759614858;146130.1098580001;0.5630769903435743;0.21093419569342078;155.23669869129543;352.03659935650427;0.8600000000000004;146130.1098580001;0.6262242912717592;0.2579003658267605;116.11101875588889;276.37164168231976;0.8600000000000004;146130.1098580001;0.6262242912717592;0.2579003658267605;116.072944318071;276.2989032269335;0.8600000000000004;21111.898643691242;0.6262242912717592;0.2579003658267605;103.89763568626523;2693.5785158630492;0.09644627596148536;21111.898643691242;0.0;0.0;61.23221259761226;256.3386381430858;0.09644627596148536;21111.898643691242;0.0;0.0;61.237610924824594;256.46588025256017;0.09644627596148536;146130.1098580001;0.0;0.0;"Zustand 3: Temperatur 431.403 K liegt außerhalb des Boryta-Prüfbereichs; Kristallisation wurde nicht bewertet.";"Zustand 4: Temperatur 428.387 K liegt außerhalb des Boryta-Prüfbereichs; Kristallisation wurde nicht bewertet.";"Zustand 5: Temperatur 389.261 K liegt außerhalb des Boryta-Prüfbereichs; Kristallisation wurde nicht bewertet.";"Zustand 6: Temperatur 389.223 K liegt außerhalb des Boryta-Prüfbereichs; Kristallisation wurde nicht bewertet.";"Zustand 20: Temperatur 445.130 K liegt außerhalb des Boryta-Prüfbereichs; Kristallisation wurde nicht bewertet.";5
series_evaporator_to_desorber;Serie Verdampfer → Desorber;series_evaporator_to_desorber;nan;130.0;30.0;130.0;8.0;8.0;4.0;130.0;0.8700000000000004;Abwärmetemperatur [°C];hot_temperature_C;130.0;10.0;10.0;25.0;15.0;11.0;nan;nan;6.48803585425151e-21;`gtol` termination condition is satisfied.;4;5.9169328531579814e-09;1.1391256168001411e-10;1;True;;True;0;zulässig;feasible;True;True;True;110.55653680509869;126.33838272391898;155.21568528393226;61.25092798342018;0.11942168440209142;0.2510335790610023;0.2111549359662972;0.2576322201935101;231.74034708821637;235.20356726421022;231.85354768001457;235.01482114378854;65.92202373881402;0.4963719167182979;9.015451175331274;18.860068605754577;0.01227239352776106;0.06327313522705577;23.174034708255512;23.520356726381237;9.274141907215958;15.667654742871697;5.992911249085171;103.97988358255367;0.018124954652231545;2693.734549719331;277.54722915567334;232.94553994480017;0.017517786688033166;0.9489832073365988;0.5738032791545408;0.2183040088552769;1.312798758590361e-10;-1.1228564744669711e-09;9.263771971745882e-10;-9.734479888834358e-11;-3.843751983367838e-10;3.978470886067953e-10;7.130722678994061e-10;5.6612634580233134e-09;1.312798758590361e-12;-1.1228564744669711e-11;9.263771971745882e-12;-9.734479888834358e-11;-3.843751983367838e-12;3.978470886067953e-12;7.130722678994061e-12;5.661263458023314e-11;148.86006860575458;122.9720448222551;116.03862533421636;130.0;122.9720448222551;44.06719899905562;23.02997046343347;23.31869850098417;59.91268458349805;31.250927983420183;6.955263180318809;12.058741751662694;19.443463194901312;61.71571993770635;3.1030132170519096;10.283552378803051;4.0;0.8700000000000004;146079.84546902103;21130.037397612166;6.913373730494628;3.1030132170519096;deltaT_shex_1_K;shex;True;True;True;True;True;True;True;True;110.55653680509869;2691.9058252727323;0.09650099402463153;146079.84546902103;0.0;0.0;135.0;4.0;148.86006860575458;4.0;122.9720448222551;8.0;116.03862533421636;8.0;130.0;8.0;122.9720448222551;8.0;30.0;4.0;44.06719899905562;4.0;110.55653680509869;2691.9058252727323;0.011524311252897655;146079.84546902103;0.0;0.0;103.97988358255367;277.5472291556621;0.966500994024632;21130.037397612166;0.563403120740563;0.2111549359662972;171.89003906918805;382.4770480226978;0.8815243112528981;146079.84546902103;0.617713736738294;0.2510335790610023;110.55653680509869;2691.9058252727323;0.08497668277173387;146079.84546902103;0.0;0.0;126.33838272391898;277.5472291556621;0.966500994024632;146079.84546902103;0.563403120740563;0.2111549359662972;158.31869850098417;345.75411579765756;0.966500994024632;146079.84546902103;0.563403120740563;0.2111549359662972;155.21568528393226;351.88558130487957;0.8700000000000004;146079.84546902103;0.625896179577395;0.2576322201935101;116.05483034511593;276.11314022593393;0.8700000000000004;146079.84546902103;0.625896179577395;0.2576322201935101;116.01678164193629;276.04041248429365;0.8700000000000004;21130.037397612166;0.625896179577395;0.2576322201935101;103.97988358255367;2693.734549719331;0.09650099402463153;21130.037397612166;0.0;0.0;61.25092798342018;256.41699002481266;0.09650099402463153;21130.037397612166;0.0;0.0;61.25632488454875;256.5441637772885;0.09650099402463153;146079.84546902103;0.0;0.0;"Zustand 3: Temperatur 431.469 K liegt außerhalb des Boryta-Prüfbereichs; Kristallisation wurde nicht bewertet.";"Zustand 4: Temperatur 428.366 K liegt außerhalb des Boryta-Prüfbereichs; Kristallisation wurde nicht bewertet.";"Zustand 5: Temperatur 389.205 K liegt außerhalb des Boryta-Prüfbereichs; Kristallisation wurde nicht bewertet.";"Zustand 6: Temperatur 389.167 K liegt außerhalb des Boryta-Prüfbereichs; Kristallisation wurde nicht bewertet.";"Zustand 20: Temperatur 445.040 K liegt außerhalb des Boryta-Prüfbereichs; Kristallisation wurde nicht bewertet.";5
series_evaporator_to_desorber;Serie Verdampfer → Desorber;series_evaporator_to_desorber;nan;130.0;30.0;130.0;8.0;8.0;4.0;130.0;0.8800000000000004;Abwärmetemperatur [°C];hot_temperature_C;130.0;10.0;10.0;25.0;15.0;11.0;nan;nan;6.045134167327474e-21;`gtol` termination condition is satisfied.;4;5.478412492358362e-09;1.0995575625975635e-10;1;True;;True;0;zulässig;feasible;True;True;True;110.54632175933756;126.31147878334934;155.1926649126758;61.2695057493454;0.12032763355591088;0.25080112147102923;0.21137004309819618;0.25736854625476085;231.64130907003016;235.34338893025614;231.77014318502603;235.13829128527863;66.76853460095022;0.49611720836189466;9.113939897561039;18.854145279308;0.012272752203940593;0.06399077792274942;23.164130906479244;23.534338892991443;9.270805727415205;15.675886085641121;6.069866781999205;104.06045758733785;0.01802555523090607;2693.8873818361135;277.5382335272761;233.18266474235136;0.017602953076464534;0.9589524345924293;0.5740685398940845;0.21848917728298486;1.4507861578749726e-10;-1.0410445838715532e-09;8.861320566211361e-10;-9.534084632889517e-11;-3.540776560839731e-10;3.417142124817474e-10;6.617995040869573e-10;5.237723144091433e-09;1.4507861578749726e-12;-1.0410445838715533e-11;8.86132056621136e-12;-9.534084632889517e-11;-3.540776560839731e-12;3.417142124817474e-12;6.617995040869573e-12;5.2377231440914326e-11;148.854145279308;122.96835253333495;116.03742719885452;130.0;122.96835253333495;44.075561538890895;22.947181444128717;23.382443481531425;59.984896048446956;31.2695057493454;7.006648554417325;11.976969611516665;19.45367824066244;61.69345130314343;3.1897785688556155;10.311751617531684;4.0;0.8800000000000004;146029.89297566502;21148.055882493736;6.9051213873776405;3.1897785688556155;deltaT_shex_1_K;shex;True;True;True;True;True;True;True;True;110.54632175933756;2691.8903426503275;0.09655538766889338;146029.89297566502;0.0;0.0;135.0;4.0;148.854145279308;4.0;122.96835253333495;8.0;116.03742719885452;8.0;130.0;8.0;122.96835253333495;8.0;30.0;4.0;44.075561538890895;4.0;110.54632175933756;2691.8903426503275;0.011618281305271518;146029.89297566502;0.0;0.0;104.06045758733785;277.53823352726687;0.9765553876688938;21148.055882493736;0.563720635721898;0.21137004309819618;171.80132672343672;382.22626397189583;0.891618281305272;146029.89297566502;0.617421642862449;0.25080112147102923;110.54632175933756;2691.8903426503275;0.08493710636362187;146029.89297566502;0.0;0.0;126.31147878334934;277.53823352726687;0.9765553876688938;146029.89297566502;0.563720635721898;0.21137004309819618;158.38244348153142;345.9097109099593;0.9765553876688938;146029.89297566502;0.563720635721898;0.21137004309819618;155.1926649126758;351.73271057884966;0.8800000000000004;146029.89297566502;0.6255732090390377;0.25736854625476085;115.99972716581766;275.8593758052075;0.8800000000000004;146029.89297566502;0.6255732090390377;0.25736854625476085;115.96170397891763;275.78665901211343;0.8800000000000004;21148.055882493736;0.6255732090390377;0.25736854625476085;104.06045758733785;2693.8873818361135;0.09655538766889338;21148.055882493736;0.0;0.0;61.2695057493454;256.49476592851687;0.09655538766889338;21148.055882493736;0.0;0.0;61.27490123019152;256.6218717534764;0.09655538766889338;146029.89297566502;0.0;0.0;"Zustand 3: Temperatur 431.532 K liegt außerhalb des Boryta-Prüfbereichs; Kristallisation wurde nicht bewertet.";"Zustand 4: Temperatur 428.343 K liegt außerhalb des Boryta-Prüfbereichs; Kristallisation wurde nicht bewertet.";"Zustand 5: Temperatur 389.150 K liegt außerhalb des Boryta-Prüfbereichs; Kristallisation wurde nicht bewertet.";"Zustand 6: Temperatur 389.112 K liegt außerhalb des Boryta-Prüfbereichs; Kristallisation wurde nicht bewertet.";"Zustand 20: Temperatur 444.951 K liegt außerhalb des Boryta-Prüfbereichs; Kristallisation wurde nicht bewertet.";5
series_evaporator_to_desorber;Serie Verdampfer → Desorber;series_evaporator_to_desorber;nan;130.0;30.0;130.0;8.0;8.0;4.0;130.0;0.8900000000000005;Abwärmetemperatur [°C];hot_temperature_C;130.0;10.0;10.0;25.0;15.0;11.0;nan;nan;5.684551969578077e-21;`gtol` termination condition is satisfied.;4;5.153541487690015e-09;1.0662600029615738e-10;1;True;;True;0;zulässig;feasible;True;True;True;110.53616102280068;126.28627482956074;155.16771819754956;61.28795790532911;0.12124385613703115;0.2505717165243908;0.21157967870904434;0.2571092054429545;231.53798700436653;235.48226521937477;231.6821661501167;235.2611049864908;67.61138735093347;0.4958589218788174;9.212345320744099;18.847965729926216;0.012273103983963255;0.06470798329969157;23.153798699943597;23.54822652190867;9.267286646017405;15.68407366572431;6.146489759264842;104.13941547488423;0.017929289981948957;2694.0371218741598;277.5320747042018;233.41486471964066;0.017689207677964225;0.9689202841520834;0.574327073256445;0.21866978710522833;1.4983925211708993e-10;-9.797958000490326e-10;8.251390681834891e-10;-9.33492172450201e-11;-3.184368324582465e-10;2.880540250771446e-10;6.261586804612307e-10;4.930569730277057e-09;1.4983925211708992e-12;-9.797958000490326e-12;8.251390681834891e-12;-9.33492172450201e-11;-3.184368324582465e-12;2.880540250771446e-12;6.261586804612307e-12;4.930569730277057e-11;148.84796572992622;122.96467987480588;116.0363854325177;130.0;122.96467987480588;44.08386753704394;22.865699959624692;23.44430728930314;60.05554793784029;31.287957905329108;7.056992178383439;11.896969957633473;19.463838977199316;61.671327904012344;3.2765890917535785;10.340589260279444;4.0;0.8900000000000005;145980.21999013922;21165.965476604946;6.896931781897372;3.2765890917535785;deltaT_shex_1_K;shex;True;True;True;True;True;True;True;True;110.53616102280068;2691.8749416893443;0.09660949183004719;145980.21999013922;0.0;0.0;135.0;4.0;148.84796572992622;4.0;122.96467987480588;8.0;116.0363854325177;8.0;130.0;8.0;122.96467987480588;8.0;30.0;4.0;44.08386753704394;4.0;110.53616102280068;2691.8749416893443;0.011713307328913928;145980.21999013922;0.0;0.0;104.13941547488423;277.53207470419306;0.9866094918300476;21165.965476604946;0.5640297966155462;0.21157967870904434;171.7136656895509;381.97866111300874;0.9017133073289144;145980.21999013922;0.6171331248926931;0.2505717165243908;110.53616102280068;2691.8749416893443;0.08489618450113326;145980.21999013922;0.0;0.0;126.28627482956074;277.53207470419306;0.9866094918300476;145980.21999013922;0.5640297966155462;0.21157967870904434;158.44430728930314;346.06110053539817;0.9866094918300476;145980.21999013922;0.5640297966155462;0.21157967870904434;155.16771819754956;351.57807118999676;0.8900000000000005;145980.21999013922;0.6252552258605268;0.2571092054429545;115.9456855692813;275.61022023406014;0.8900000000000005;145980.21999013922;0.6252552258605268;0.2571092054429545;115.90768769642244;275.537514634847;0.8900000000000005;21165.965476604946;0.6252552258605268;0.2571092054429545;104.13941547488423;2694.0371218741598;0.09660949183004719;21165.965476604946;0.0;0.0;61.28795790532911;256.5720161304217;0.09660949183004719;21165.965476604946;0.0;0.0;61.29335197079354;256.69905441363255;0.09660949183004719;145980.21999013922;0.0;0.0;"Zustand 3: Temperatur 431.594 K liegt außerhalb des Boryta-Prüfbereichs; Kristallisation wurde nicht bewertet.";"Zustand 4: Temperatur 428.318 K liegt außerhalb des Boryta-Prüfbereichs; Kristallisation wurde nicht bewertet.";"Zustand 5: Temperatur 389.096 K liegt außerhalb des Boryta-Prüfbereichs; Kristallisation wurde nicht bewertet.";"Zustand 6: Temperatur 389.058 K liegt außerhalb des Boryta-Prüfbereichs; Kristallisation wurde nicht bewertet.";"Zustand 20: Temperatur 444.864 K liegt außerhalb des Boryta-Prüfbereichs; Kristallisation wurde nicht bewertet.";5
series_evaporator_to_desorber;Serie Verdampfer → Desorber;series_evaporator_to_desorber;nan;130.0;30.0;130.0;8.0;8.0;4.0;130.0;0.9000000000000005;Abwärmetemperatur [°C];hot_temperature_C;130.0;10.0;10.0;25.0;15.0;11.0;nan;nan;5.327315150966954e-21;`gtol` termination condition is satisfied.;4;4.8022626354021895e-09;1.032212686510581e-10;1;True;;True;0;zulässig;feasible;True;True;True;110.52604841538124;126.26272142504956;155.14092228632785;61.306295766006315;0.12217024005480752;0.25034528016486246;0.2117839982881949;0.2568540645173421;231.43050853310405;235.62028128879945;231.5897546906487;235.383336946878;68.45057453662282;0.4955970968724356;9.310665304441345;18.841537591692827;0.012273449186102839;0.06542473534292996;23.14305085285173;23.562028128856042;9.26359018763993;15.692222463087548;6.2227795034133395;104.21681247432412;0.017836054612274794;2694.1838746833455;277.5286443863771;233.64229031175225;0.01777654175089516;0.9788867976101159;0.5745790780595;0.2188459669188785;1.5228351912810467e-10;-9.239045084541431e-10;8.00014277047012e-10;-9.137446355111933e-11;-3.495301825751085e-10;2.390265763096977e-10;5.64767788091558e-10;4.5867523112974595e-09;1.5228351912810467e-12;-9.23904508454143e-12;8.00014277047012e-12;-9.137446355111933e-11;-3.495301825751085e-12;2.390265763096977e-12;5.6476778809155805e-12;4.5867523112974593e-11;148.84153759169283;122.9610246128326;116.03549367112657;130.0;122.9610246128326;44.092122086650704;22.785484084540656;23.50433899797838;60.12469038767341;31.306295766006315;7.106314866545347;11.818681196802459;19.47395158461876;61.64933619270067;3.3634167116505296;10.37003893291461;4.0;0.9000000000000005;145930.79608655738;21183.776917802814;6.888799700487658;3.3634167116505296;deltaT_shex_1_K;shex;True;True;True;True;True;True;True;True;110.52604841538124;2691.859613032336;0.09666333936101057;145930.79608655738;0.0;0.0;135.0;4.0;148.84153759169283;4.0;122.9610246128326;8.0;116.03549367112657;8.0;130.0;8.0;122.9610246128326;8.0;30.0;4.0;44.092122086650704;4.0;110.52604841538124;2691.859613032336;0.011809383374233986;145930.79608655738;0.0;0.0;104.21681247432412;277.52864438637005;0.996663339361011;21183.776917802814;0.5643308542441603;0.2117839982881949;171.62702167623348;381.73414067805834;0.9118093833742345;145930.79608655738;0.616848086938326;0.25034528016486246;110.52604841538124;2691.859613032336;0.08485395598677659;145930.79608655738;0.0;0.0;126.26272142504956;277.52864438637005;0.996663339361011;145930.79608655738;0.5643308542441603;0.2117839982881949;158.50433899797838;346.20837989315453;0.996663339361011;145930.79608655738;0.5643308542441603;0.2117839982881949;155.14092228632785;351.42174362826387;0.9000000000000005;145930.79608655738;0.6249420818838184;0.2568540645173421;115.89268249213495;275.3655496988522;0.9000000000000005;145930.79608655738;0.6249420818838184;0.2568540645173421;115.85470974628726;275.29285554847115;0.9000000000000005;21183.776917802814;0.6249420818838184;0.2568540645173421;104.21681247432412;2694.1838746833455;0.09666333936101057;21183.776917802814;0.0;0.0;61.306295766006315;256.6487879963077;0.09666333936101057;21183.776917802814;0.0;0.0;61.31168842013193;256.775759082422;0.09666333936101057;145930.79608655738;0.0;0.0;"Zustand 3: Temperatur 431.654 K liegt außerhalb des Boryta-Prüfbereichs; Kristallisation wurde nicht bewertet.";"Zustand 4: Temperatur 428.291 K liegt außerhalb des Boryta-Prüfbereichs; Kristallisation wurde nicht bewertet.";"Zustand 5: Temperatur 389.043 K liegt außerhalb des Boryta-Prüfbereichs; Kristallisation wurde nicht bewertet.";"Zustand 6: Temperatur 389.005 K liegt außerhalb des Boryta-Prüfbereichs; Kristallisation wurde nicht bewertet.";"Zustand 20: Temperatur 444.777 K liegt außerhalb des Boryta-Prüfbereichs; Kristallisation wurde nicht bewertet.";5
series_evaporator_to_desorber;Serie Verdampfer → Desorber;series_evaporator_to_desorber;nan;130.0;30.0;130.0;8.0;8.0;4.0;130.0;0.9100000000000005;Abwärmetemperatur [°C];hot_temperature_C;130.0;10.0;10.0;25.0;15.0;11.0;nan;nan;5.0036389741088235e-21;`gtol` termination condition is satisfied.;4;4.4791500796717004e-09;1.0003638312243025e-10;1;True;;True;0;zulässig;feasible;True;True;True;110.51597812609367;126.24077048849205;155.11235101336325;61.32452999361891;0.12310667225282756;0.25012173128228204;0.21198315147820818;0.2566029953195873;231.31899571802916;235.75751738566063;231.49304089295498;235.50505740437413;69.28608997822137;0.4953317723592798;9.408897767922898;18.83486816495389;0.012273788098245584;0.06614101842833613;23.131899571375154;23.57575173854677;9.25972163573022;15.700337160255623;6.298735452643225;104.29270140504514;0.017745748919766206;2694.3277405577664;277.52783839082963;233.86508589471774;0.01786494642605574;0.9888520147362182;0.5748247450398888;0.21901784031540064;1.6581225281697698e-10;-8.541007900930708e-10;7.622134035045747e-10;-8.945277851779565e-11;-3.0050273380766157e-10;1.929265636135824e-10;5.397851055022329e-10;4.277609377822955e-09;1.6581225281697699e-12;-8.541007900930708e-12;7.622134035045747e-12;-8.945277851779565e-11;-3.005027338076616e-12;1.929265636135824e-12;5.397851055022329e-12;4.277609377822955e-11;148.8348681649539;122.95738464699838;116.03474586431435;130.0;122.95738464699838;44.10032998718066;22.70649360375313;23.56258596279025;60.19237141786448;31.32452999361891;7.154636993505335;11.74204445926921;19.48402187390633;61.62746340728677;3.4502349494269993;10.400075043485288;4.0;0.9100000000000005;145881.59267704823;21201.500342363055;6.880720247215708;3.4502349494269993;deltaT_shex_1_K;shex;True;True;True;True;True;True;True;True;110.51597812609367;2691.8443478797717;0.09671696116227346;145881.59267704823;0.0;0.0;135.0;4.0;148.8348681649539;4.0;122.95738464699838;8.0;116.03474586431435;8.0;130.0;8.0;122.95738464699838;8.0;30.0;4.0;44.10032998718066;4.0;110.51597812609367;2691.8443478797717;0.011906503239093452;145881.59267704823;0.0;0.0;104.29270140504514;277.52783839082184;1.006716961162274;21201.500342363055;0.5646240494415423;0.21198315147820818;171.54136176870702;381.49260772207754;0.921906503239094;145881.59267704823;0.6165664363417148;0.25012173128228204;110.51597812609367;2691.8443478797717;0.08481045792318001;145881.59267704823;0.0;0.0;126.24077048849205;277.52783839082184;1.006716961162274;145881.59267704823;0.5646240494415423;0.21198315147820818;158.56258596279025;346.3516415561418;1.006716961162274;145881.59267704823;0.5646240494415423;0.21198315147820818;155.11235101336325;351.2638050002418;0.9100000000000005;145881.59267704823;0.6246336343438754;0.2566029953195873;115.84069544500676;275.1252445847962;0.9100000000000005;145881.59267704823;0.6246336343438754;0.2566029953195873;115.80274765349304;275.0525621469628;0.9100000000000005;21201.500342363055;0.6246336343438754;0.2566029953195873;104.29270140504514;2694.3277405577664;0.09671696116227346;21201.500342363055;0.0;0.0;61.32452999361891;256.72512616107946;0.09671696116227346;21201.500342363055;0.0;0.0;61.32992123971161;256.85203035607014;0.09671696116227346;145881.59267704823;0.0;0.0;"Zustand 3: Temperatur 431.713 K liegt außerhalb des Boryta-Prüfbereichs; Kristallisation wurde nicht bewertet.";"Zustand 4: Temperatur 428.262 K liegt außerhalb des Boryta-Prüfbereichs; Kristallisation wurde nicht bewertet.";"Zustand 5: Temperatur 388.991 K liegt außerhalb des Boryta-Prüfbereichs; Kristallisation wurde nicht bewertet.";"Zustand 6: Temperatur 388.953 K liegt außerhalb des Boryta-Prüfbereichs; Kristallisation wurde nicht bewertet.";"Zustand 20: Temperatur 444.691 K liegt außerhalb des Boryta-Prüfbereichs; Kristallisation wurde nicht bewertet.";5
series_evaporator_to_desorber;Serie Verdampfer → Desorber;series_evaporator_to_desorber;nan;130.0;30.0;130.0;8.0;8.0;4.0;130.0;0.9200000000000005;Abwärmetemperatur [°C];hot_temperature_C;130.0;10.0;10.0;25.0;15.0;11.0;nan;nan;4.72070742565594e-21;`gtol` termination condition is satisfied.;4;4.222046868812527e-09;9.716694320246923e-11;1;True;;True;0;zulässig;feasible;True;True;True;110.50594469007802;126.22037527322658;155.08207505189614;61.34267063793607;0.12405303891862784;0.24990099158551962;0.21217728234356018;0.2563558745425457;231.2035653396938;235.894049147489;231.39215113585965;235.62633241320958;70.1179286668988;0.4950629867637807;9.507040688231292;18.82796443419221;0.012274120980148736;0.06685681730936267;23.120356533567612;23.58940491472748;9.255686045446577;15.70842216084428;6.3743571516111075;104.36713280367576;0.01765827661045812;2694.4688154750356;277.52955649445806;234.08339008457364;0.01795441273066356;0.9988159735724967;0.5750642572632708;0.21918552612490155;1.759019596647704e-10;-8.233769221988041e-10;7.289031600521412e-10;-8.751921409810848e-11;-3.0476599022222217e-10;2.141860022675246e-10;5.453841822600225e-10;4.01766442337248e-09;1.759019596647704e-12;-8.23376922198804e-12;7.289031600521411e-12;-8.751921409810848e-11;-3.047659902222222e-12;2.141860022675246e-12;5.453841822600225e-12;4.01766442337248e-11;148.8279644341922;122.9537580019973;116.03413625750392;130.0;122.9537580019973;44.10849576240963;22.62868992686697;23.61909389353798;60.25863704126613;31.342670637936067;7.201978497455855;11.667003453828158;19.494055309921976;61.60569752343872;3.5370188416418387;10.430672772377818;4.0;0.9200000000000005;145832.58289656174;21219.145321161148;6.872688823669432;3.5370188416418387;deltaT_shex_1_K;shex;True;True;True;True;True;True;True;True;110.50594469007802;2691.829137955314;0.09677038630315982;145832.58289656174;0.0;0.0;135.0;4.0;148.8279644341922;4.0;122.9537580019973;8.0;116.03413625750392;8.0;130.0;8.0;122.9537580019973;8.0;30.0;4.0;44.10849576240963;4.0;110.50594469007802;2691.829137955314;0.012004660498236536;145832.58289656174;0.0;0.0;104.36713280367576;277.5295564944508;1.0167703863031603;21219.145321161148;0.5649096135397284;0.21217728234356018;171.45665436105918;381.25397094226247;0.932004660498237;145832.58289656174;0.6162880835441534;0.24990099158551962;110.50594469007802;2691.829137955314;0.08476572580492328;145832.58289656174;0.0;0.0;126.22037527322658;277.5295564944508;1.0167703863031603;145832.58289656174;0.5649096135397284;0.21217728234356018;158.61909389353798;346.4909755242065;1.0167703863031603;145832.58289656174;0.5649096135397284;0.21217728234356018;155.08207505189614;351.1043291651767;0.9200000000000005;145832.58289656174;0.6243297456360416;0.2563558745425457;115.78970250084876;274.88918931004315;0.9200000000000005;145832.58289656174;0.6243297456360416;0.2563558745425457;115.75177950454145;274.816518856446;0.9200000000000005;21219.145321161148;0.6243297456360416;0.2563558745425457;104.36713280367576;2694.4688154750356;0.09677038630315982;21219.145321161148;0.0;0.0;61.34267063793607;256.80107269589575;0.09677038630315982;21219.145321161148;0.0;0.0;61.34806047855858;256.927910269342;0.09677038630315982;145832.58289656174;0.0;0.0;"Zustand 3: Temperatur 431.769 K liegt außerhalb des Boryta-Prüfbereichs; Kristallisation wurde nicht bewertet.";"Zustand 4: Temperatur 428.232 K liegt außerhalb des Boryta-Prüfbereichs; Kristallisation wurde nicht bewertet.";"Zustand 5: Temperatur 388.940 K liegt außerhalb des Boryta-Prüfbereichs; Kristallisation wurde nicht bewertet.";"Zustand 6: Temperatur 388.902 K liegt außerhalb des Boryta-Prüfbereichs; Kristallisation wurde nicht bewertet.";"Zustand 20: Temperatur 444.607 K liegt außerhalb des Boryta-Prüfbereichs; Kristallisation wurde nicht bewertet.";5
series_evaporator_to_desorber;Serie Verdampfer → Desorber;series_evaporator_to_desorber;nan;130.0;30.0;130.0;8.0;8.0;4.0;130.0;0.9300000000000005;Abwärmetemperatur [°C];hot_temperature_C;130.0;10.0;10.0;25.0;15.0;11.0;nan;nan;4.443837124688132e-21;`gtol` termination condition is satisfied.;4;3.940897783282168e-09;9.427446233936455e-11;1;True;;True;0;zulässig;feasible;True;True;True;110.49594296718675;126.20149034340852;155.05016205984242;61.360727173510725;0.12500922567114278;0.24968298548247156;0.21236652962487232;0.2561125835111032;231.08432917856135;236.0299478824022;231.28720639324416;235.74722410271917;70.94608667200393;0.4947907779158022;9.60509209832289;18.820833084842207;0.012274448065514643;0.06757211710430708;23.108432917481377;23.60299478822657;9.251488255743073;15.716481606815362;6.4496442429795104;104.44015504326819;0.01757354512429876;2694.607191320925;277.5337022809702;234.29733601906602;0.018044931609753068;1.0087787105250672;0.5752977905095678;0.21934913864584363;1.6964918359008152e-10;-7.706830729148351e-10;6.986624612181913e-10;-8.564660092247323e-11;-3.326761088828789e-10;1.3650947039423045e-10;4.887397153652273e-10;3.747572918655351e-09;1.6964918359008151e-12;-7.706830729148351e-12;6.986624612181913e-12;-8.564660092247323e-11;-3.326761088828789e-12;1.3650947039423045e-12;4.887397153652273e-12;3.7475729186553506e-11;148.8208330848422;122.95014281989478;116.03365937512075;130.0;122.95014281989478;44.11662367717719;22.55203600786797;23.673906924041262;60.323531366091004;31.360727173510725;7.2483588842915765;11.593504331852557;19.50405703281325;61.584027209376984;3.623744864198841;10.461808060370743;4.0;0.9300000000000005;145783.7414956637;21236.720893497466;6.864701110250107;3.623744864198841;deltaT_shex_1_K;shex;True;True;True;True;True;True;True;True;110.49594296718675;2691.813975473488;0.09682364213481975;145783.7414956637;0.0;0.0;135.0;4.0;148.8208330848422;4.0;122.95014281989478;8.0;116.03365937512075;8.0;130.0;8.0;122.95014281989478;8.0;30.0;4.0;44.11662367717719;4.0;110.49594296718675;2691.813975473488;0.012103848529933651;145783.7414956637;0.0;0.0;104.44015504326819;277.5337022809634;1.0268236421348202;21236.720893497466;0.5651877688281385;0.21236652962487232;171.37286909271018;381.0181425077779;0.9421038485299341;145783.7414956637;0.6160129419589869;0.24968298548247156;110.49594296718675;2691.813975473488;0.0847197936048861;145783.7414956637;0.0;0.0;126.20149034340852;277.5337022809634;1.0268236421348202;145783.7414956637;0.5651877688281385;0.21236652962487232;158.67390692404126;346.62646929643967;1.0268236421348202;145783.7414956637;0.5651877688281385;0.21236652962487232;155.05016205984242;350.94338686786375;0.9300000000000005;145783.7414956637;0.6240302830947975;0.2561125835111032;115.73968228303778;274.6572721669667;0.9300000000000005;145783.7414956637;0.6240302830947975;0.2561125835111032;115.7017839356032;274.58461397653195;0.9300000000000005;21236.720893497466;0.6240302830947975;0.2561125835111032;104.44015504326819;2694.607191320925;0.09682364213481975;21236.720893497466;0.0;0.0;61.360727173510725;256.8766672641249;0.09682364213481975;21236.720893497466;0.0;0.0;61.366115610517795;257.00343845135643;0.09682364213481975;145783.7414956637;0.0;0.0;"Zustand 3: Temperatur 431.824 K liegt außerhalb des Boryta-Prüfbereichs; Kristallisation wurde nicht bewertet.";"Zustand 4: Temperatur 428.200 K liegt außerhalb des Boryta-Prüfbereichs; Kristallisation wurde nicht bewertet.";"Zustand 5: Temperatur 388.890 K liegt außerhalb des Boryta-Prüfbereichs; Kristallisation wurde nicht bewertet.";"Zustand 6: Temperatur 388.852 K liegt außerhalb des Boryta-Prüfbereichs; Kristallisation wurde nicht bewertet.";"Zustand 20: Temperatur 444.523 K liegt außerhalb des Boryta-Prüfbereichs; Kristallisation wurde nicht bewertet.";5
series_evaporator_to_desorber;Serie Verdampfer → Desorber;series_evaporator_to_desorber;nan;130.0;30.0;130.0;8.0;8.0;4.0;130.0;0.9400000000000005;Abwärmetemperatur [°C];hot_temperature_C;130.0;10.0;10.0;25.0;15.0;11.0;nan;nan;4.2138354687810105e-21;`gtol` termination condition is satisfied.;4;3.747624325536941e-09;9.180234712447183e-11;1;True;;True;0;zulässig;feasible;True;True;True;110.4859681220459;126.18407154833284;155.01667681925431;61.37870853435339;0.12597511772735748;0.24946763996623056;0.2125510269797784;0.25587300797466805;230.9613942795349;236.16528083049946;231.17832251877985;235.86779091858745;71.77056105619945;0.4945151830505655;9.70305008528537;18.813480519110954;0.012274769563911474;0.0682869032841252;23.09613942759703;23.616528083034915;9.247132900760711;15.724519394539254;6.5245964597200095;104.51181444517664;0.01749146546915848;2694.742956100282;277.54018299230154;234.507051623156;0.01813649394528305;1.0187402604502767;0.575525513635332;0.21950878786166508;1.8094681308866711e-10;-7.206466534626088e-10;6.718892109347507e-10;-8.380873772750874e-11;-2.3791812964191195e-10;1.502939994679764e-10;4.986304702470079e-10;3.56459395334241e-09;1.8094681308866711e-12;-7.206466534626088e-12;6.7188921093475075e-12;-8.380873772750874e-11;-2.3791812964191193e-12;1.502939994679764e-12;4.986304702470079e-12;3.56459395334241e-11;148.81348051911095;122.94653735291308;116.03331000486344;130.0;122.94653735291308;44.12471775302032;22.476496269484187;23.727067678321532;60.38709669215632;31.378708534353393;7.293797232450515;11.521495559686798;19.514031877954096;61.56244178395622;3.7103908590672177;10.493457595058715;4.0;0.9400000000000005;145735.04474076518;21254.235598622516;6.856753048799847;3.7103908590672177;deltaT_shex_1_K;shex;True;True;True;True;True;True;True;True;110.4859681220459;2691.7988531095525;0.0968767543955592;145735.04474076518;0.0;0.0;135.0;4.0;148.81348051911095;4.0;122.94653735291308;8.0;116.03331000486344;8.0;130.0;8.0;122.94653735291308;8.0;30.0;4.0;44.12471775302032;4.0;110.4859681220459;2691.7988531095525;0.012204060540024868;145735.04474076518;0.0;0.0;104.51181444517664;277.5401829922964;1.0368767543955597;21254.235598622516;0.5654587289869599;0.2125510269797784;171.28997678859514;380.78503789913196;0.9522040605400254;145735.04474076518;0.6157409278510432;0.24946763996623056;110.4859681220459;2691.7988531095525;0.08467269385553433;145735.04474076518;0.0;0.0;126.18407154833284;277.5401829922964;1.0368767543955597;145735.04474076518;0.5654587289869599;0.2125510269797784;158.72706767832153;346.75820794265576;1.0368767543955597;145735.04474076518;0.5654587289869599;0.2125510269797784;155.01667681925431;350.78104586829164;0.9400000000000005;145735.04474076518;0.6237351187836564;0.25587300797466805;115.69061395327412;274.42938517039966;0.9400000000000005;145735.04474076518;0.6237351187836564;0.25587300797466805;115.65274012046257;274.35673952860805;0.9400000000000005;21254.235598622516;0.6237351187836564;0.25587300797466805;104.51181444517664;2694.742956100282;0.0968767543955592;21254.235598622516;0.0;0.0;61.37870853435339;256.95194726643103;0.0968767543955592;21254.235598622516;0.0;0.0;61.384095568956866;257.0786522705416;0.0968767543955592;145735.04474076518;0.0;0.0;"Zustand 3: Temperatur 431.877 K liegt außerhalb des Boryta-Prüfbereichs; Kristallisation wurde nicht bewertet.";"Zustand 4: Temperatur 428.167 K liegt außerhalb des Boryta-Prüfbereichs; Kristallisation wurde nicht bewertet.";"Zustand 5: Temperatur 388.841 K liegt außerhalb des Boryta-Prüfbereichs; Kristallisation wurde nicht bewertet.";"Zustand 6: Temperatur 388.803 K liegt außerhalb des Boryta-Prüfbereichs; Kristallisation wurde nicht bewertet.";"Zustand 20: Temperatur 444.440 K liegt außerhalb des Boryta-Prüfbereichs; Kristallisation wurde nicht bewertet.";5
series_evaporator_to_desorber;Serie Verdampfer → Desorber;series_evaporator_to_desorber;nan;130.0;30.0;130.0;8.0;8.0;4.0;130.0;0.9500000000000005;Abwärmetemperatur [°C];hot_temperature_C;130.0;10.0;10.0;25.0;15.0;11.0;nan;nan;3.954593146898883e-21;`gtol` termination condition is satisfied.;4;3.457326089241143e-09;8.893360609914435e-11;1;True;;True;0;zulässig;feasible;True;True;True;110.47601560546877;126.16807599532666;154.9816813696375;61.39662314632483;0.12695060005131467;0.24925488450732666;0.21273090321110577;0.2556370379103268;230.83486320038884;236.30011140714305;231.06561051326253;235.98808784712753;72.59134979767559;0.4942362388109622;9.800912788655328;18.805912870836664;0.012275085662504818;0.06900116166071986;23.083486319710694;23.630011140704433;9.242624420541796;15.732539189778583;6.599213618032339;104.58215538421803;0.017411952062688044;2694.8761941353;277.5489093846771;234.71265985949353;0.018229090573143036;1.028700656735663;0.5757475889146259;0.21966457964503824;1.8145840385841439e-10;-6.801315066695679e-10;6.237428351596463e-10;-8.194234180081139e-11;-2.823696831910638e-10;9.873701856122352e-11;4.487787919060793e-10;3.2819116313476115e-09;1.8145840385841438e-12;-6.801315066695679e-12;6.237428351596464e-12;-8.194234180081139e-11;-2.823696831910638e-12;9.873701856122353e-13;4.487787919060793e-12;3.2819116313476116e-11;148.80591287083666;122.94293995672467;116.0330831830027;130.0;122.94293995672467;44.132781782723896;22.40203653205066;23.778617333620787;60.44937360149413;31.396623146324828;7.338312198357642;11.450927798784676;19.523984394531226;61.5409311775868;3.7969359639832874;10.525598795937128;4.0;0.9500000000000005;145686.47032116732;21271.697505234904;6.8488408264227285;3.7969359639832874;deltaT_shex_1_K;shex;True;True;True;True;True;True;True;True;110.47601560546877;2691.7837639714407;0.09692974730880544;145686.47032116732;0.0;0.0;135.0;4.0;148.80591287083666;4.0;122.94293995672467;8.0;116.0330831830027;8.0;130.0;8.0;122.94293995672467;8.0;30.0;4.0;44.132781782723896;4.0;110.47601560546877;2691.7837639714407;0.012305289583675154;145686.47032116732;0.0;0.0;104.58215538421803;277.54890938467264;1.046929747308806;21271.697505234904;0.5657226994962361;0.21273090321110577;171.20794940288732;380.5545757567347;0.9623052895836757;145686.47032116732;0.615471960222341;0.24925488450732666;110.47601560546877;2691.7837639714407;0.08462445772513028;145686.47032116732;0.0;0.0;126.16807599532666;277.54890938467264;1.046929747308806;145686.47032116732;0.5657226994962361;0.21273090321110577;158.7786173336208;346.88627417373885;1.046929747308806;145686.47032116732;0.5657226994962361;0.21273090321110577;154.9816813696375;350.61737106768135;0.9500000000000005;145686.47032116732;0.6234441292952102;0.2556370379103268;115.64247719938953;274.2054239124244;0.9500000000000005;145686.47032116732;0.6234441292952102;0.2556370379103268;115.60462775836703;274.1327911106763;0.9500000000000005;21271.697505234904;0.6234441292952102;0.2556370379103268;104.58215538421803;2694.8761941353;0.09692974730880544;21271.697505234904;0.0;0.0;61.39662314632483;257.0269479764099;0.09692974730880544;21271.697505234904;0.0;0.0;61.40200877913787;257.1535869701483;0.09692974730880544;145686.47032116732;0.0;0.0;"Zustand 3: Temperatur 431.929 K liegt außerhalb des Boryta-Prüfbereichs; Kristallisation wurde nicht bewertet.";"Zustand 4: Temperatur 428.132 K liegt außerhalb des Boryta-Prüfbereichs; Kristallisation wurde nicht bewertet.";"Zustand 5: Temperatur 388.792 K liegt außerhalb des Boryta-Prüfbereichs; Kristallisation wurde nicht bewertet.";"Zustand 6: Temperatur 388.755 K liegt außerhalb des Boryta-Prüfbereichs; Kristallisation wurde nicht bewertet.";"Zustand 20: Temperatur 444.358 K liegt außerhalb des Boryta-Prüfbereichs; Kristallisation wurde nicht bewertet.";5
series_evaporator_to_desorber;Serie Verdampfer → Desorber;series_evaporator_to_desorber;nan;130.0;30.0;130.0;8.0;8.0;4.0;130.0;0.9600000000000005;Abwärmetemperatur [°C];hot_temperature_C;130.0;10.0;10.0;25.0;15.0;11.0;nan;nan;3.7462500684199635e-21;`gtol` termination condition is satisfied.;4;3.2644565971821086e-09;8.655922906796205e-11;1;True;;True;0;zulässig;feasible;True;True;True;110.46608113711682;126.15346202147026;154.94523513517424;61.41447895735541;0.12793555748797153;0.24904465095162423;0.21290628248304844;0.255404567336209;230.70483424633733;236.43449943083678;230.949176777228;236.10816662523303;73.40845171896721;0.4939539812513773;9.898678398776074;18.798136019517756;0.012275396527689733;0.06971487837568972;23.070483424324106;23.643449943076007;9.237967071099469;15.740544441653606;6.673495610873777;104.65122038748933;0.01733492258167776;2695.0069862518844;277.5597955891996;234.91427896462488;0.018322712298279864;1.0386599313765268;0.5759641723597757;0.21981661595050644;1.9031176634598523e-10;-6.44334363641974e-10;5.96003246755572e-10;-8.017153607653427e-11;-2.587228209449677e-10;7.671019375266042e-11;4.289404387236573e-10;3.0962610253482126e-09;1.903117663459852e-12;-6.443343636419741e-12;5.96003246755572e-12;-8.017153607653427e-11;-2.587228209449677e-12;7.671019375266041e-13;4.2894043872365724e-12;3.096261025348213e-11;148.79813601951776;122.93934908417367;116.03297418054842;130.0;122.93934908417367;44.140819343949545;22.328623946485777;23.82859568039197;60.51040104353979;31.414478957355414;7.38192202235922;11.38175379305909;19.533918862883183;61.51948589579479;3.8833605452177267;10.558209798375401;4.0;0.9600000000000005;145637.9972623877;21289.114239038463;6.840960860425424;3.8833605452177267;deltaT_shex_1_K;shex;True;True;True;True;True;True;True;True;110.46608113711682;2691.768701573554;0.09698264367480613;145637.9972623877;0.0;0.0;135.0;4.0;148.79813601951776;4.0;122.93934908417367;8.0;116.03297418054842;8.0;130.0;8.0;122.93934908417367;8.0;30.0;4.0;44.140819343949545;4.0;110.46608113711682;2691.768701573554;0.012407528585193619;145637.9972623877;0.0;0.0;104.65122038748933;277.55979558919483;1.0569826436748067;21289.114239038463;0.5659798780220989;0.21290628248304844;171.12675996600353;380.3266777379879;0.9724075285851942;145637.9972623877;0.6152059607036477;0.24904465095162423;110.46608113711682;2691.768701573554;0.08457511508961252;145637.9972623877;0.0;0.0;126.15346202147026;277.55979558919483;1.0569826436748067;145637.9972623877;0.5659798780220989;0.21290628248304844;158.82859568039197;347.01074841066065;1.0569826436748067;145637.9972623877;0.5659798780220989;0.21290628248304844;154.94523513517424;350.45242463052796;0.9600000000000005;145637.9972623877;0.6231571955609816;0.255404567336209;115.59525222309486;273.9852874234687;0.9600000000000005;145637.9972623877;0.6231571955609816;0.255404567336209;115.55742706181445;273.912667758494;0.9600000000000005;21289.114239038463;0.6231571955609816;0.255404567336209;104.65122038748933;2695.0069862518844;0.09698264367480613;21289.114239038463;0.0;0.0;61.41447895735541;257.1017026670336;0.09698264367480613;21289.114239038463;0.0;0.0;61.41986318837888;257.2282757945805;0.09698264367480613;145637.9972623877;0.0;0.0;"Zustand 3: Temperatur 431.979 K liegt außerhalb des Boryta-Prüfbereichs; Kristallisation wurde nicht bewertet.";"Zustand 4: Temperatur 428.095 K liegt außerhalb des Boryta-Prüfbereichs; Kristallisation wurde nicht bewertet.";"Zustand 5: Temperatur 388.745 K liegt außerhalb des Boryta-Prüfbereichs; Kristallisation wurde nicht bewertet.";"Zustand 6: Temperatur 388.707 K liegt außerhalb des Boryta-Prüfbereichs; Kristallisation wurde nicht bewertet.";"Zustand 20: Temperatur 444.277 K liegt außerhalb des Boryta-Prüfbereichs; Kristallisation wurde nicht bewertet.";5
series_evaporator_to_desorber;Serie Verdampfer → Desorber;series_evaporator_to_desorber;nan;130.0;30.0;130.0;8.0;8.0;4.0;130.0;0.9700000000000005;Abwärmetemperatur [°C];hot_temperature_C;130.0;10.0;10.0;25.0;15.0;11.0;nan;nan;3.540955815031602e-21;`gtol` termination condition is satisfied.;4;3.062609688194211e-09;8.415409455316601e-11;1;True;;True;0;zulässig;feasible;True;True;True;110.45616068934618;126.14018916456814;154.90739504626816;61.43228346563632;0.12892987487981025;0.2488368734231732;0.21307728452637914;0.2551754941345629;230.57140169006237;236.56850133511207;230.82912334782287;236.2280759353496;74.22186642177311;0.4936684458433303;9.996345155264736;18.790155603472613;0.012275702306560042;0.07042803988960294;23.057140168716543;23.65685013350747;9.23316493392354;15.748538395663518;6.74744240203519;104.71905022734563;0.017260297818603616;2695.1354099550194;277.57275897737867;235.1120226721462;0.018417349908149694;1.0486181150476737;0.5761754140238923;0.21996499499662753;1.9423396224738099e-10;-6.139799779703026e-10;5.805418368254323e-10;-7.838729665365918e-11;-2.6562929633655585e-10;3.737454790098127e-11;3.9685232877673116e-10;2.8969395771127893e-09;1.94233962247381e-12;-6.139799779703026e-12;5.805418368254322e-12;-7.838729665365918e-11;-2.6562929633655584e-12;3.737454790098127e-13;3.9685232877673114e-12;2.8969395771127892e-11;148.7901556034726;122.93576327944527;116.03297849033572;130.0;122.93576327944527;44.14883381190862;22.25622693111694;23.877041179570426;60.57021641543702;31.432283465636317;7.424644535105415;11.313928262990089;19.543839310653823;61.49809698506448;3.9696461333022626;10.591269436838047;4.0;0.9700000000000005;145589.60584544853;21306.49300848293;6.8331097843030175;3.9696461333022626;deltaT_shex_1_K;shex;True;True;True;True;True;True;True;True;110.45616068934618;2691.753659812375;0.09703546495582283;145589.60584544853;0.0;0.0;135.0;4.0;148.7901556034726;4.0;122.93576327944527;8.0;116.03297849033572;8.0;130.0;8.0;122.93576327944527;8.0;30.0;4.0;44.14883381190862;4.0;110.45616068934618;2691.753659812375;0.01251077035565845;145589.60584544853;0.0;0.0;104.71905022734563;277.5727589773743;1.0670354649558234;21306.49300848293;0.5662304547820827;0.21307728452637914;171.04638253458955;380.10126838207174;0.9825107703556589;145589.60584544853;0.6149428534510867;0.2488368734231732;110.45616068934618;2691.753659812375;0.08452469460016437;145589.60584544853;0.0;0.0;126.14018916456814;277.5727589773743;1.0670354649558234;145589.60584544853;0.5662304547820827;0.21307728452637914;158.87704117957043;347.131708852434;1.0670354649558234;145589.60584544853;0.5662304547820827;0.21307728452637914;154.90739504626816;350.28626610298653;0.9700000000000005;145589.60584544853;0.6228742026706666;0.2551754941345629;115.5489197277301;273.7688780395032;0.9700000000000005;145589.60584544853;0.6228742026706666;0.2551754941345629;115.51111874433985;273.6962718128129;0.9700000000000005;21306.49300848293;0.6228742026706666;0.2551754941345629;104.71905022734563;2695.1354099550194;0.09703546495582283;21306.49300848293;0.0;0.0;61.43228346563632;257.176242728746;0.09703546495582283;21306.49300848293;0.0;0.0;61.43766629438079;257.3027501073848;0.09703546495582283;145589.60584544853;0.0;0.0;"Zustand 3: Temperatur 432.027 K liegt außerhalb des Boryta-Prüfbereichs; Kristallisation wurde nicht bewertet.";"Zustand 4: Temperatur 428.057 K liegt außerhalb des Boryta-Prüfbereichs; Kristallisation wurde nicht bewertet.";"Zustand 5: Temperatur 388.699 K liegt außerhalb des Boryta-Prüfbereichs; Kristallisation wurde nicht bewertet.";"Zustand 6: Temperatur 388.661 K liegt außerhalb des Boryta-Prüfbereichs; Kristallisation wurde nicht bewertet.";"Zustand 20: Temperatur 444.196 K liegt außerhalb des Boryta-Prüfbereichs; Kristallisation wurde nicht bewertet.";5
series_evaporator_to_desorber;Serie Verdampfer → Desorber;series_evaporator_to_desorber;nan;130.0;30.0;130.0;8.0;8.0;4.0;130.0;0.9800000000000005;Abwärmetemperatur [°C];hot_temperature_C;130.0;10.0;10.0;25.0;15.0;11.0;nan;nan;3.356918205302522e-21;`gtol` termination condition is satisfied.;4;2.88726896512696e-09;8.193800345752296e-11;1;True;;True;0;zulässig;feasible;True;True;True;110.446250472104;126.12821813348341;154.86821565532642;61.45004374599682;0.12993343717324615;0.24863148823226472;0.21324402483283209;0.2549497198836331;230.4346559796292;236.70217036721493;230.70554812274673;236.34786158818957;75.03159422714211;0.49337966748224227;10.093911345515645;18.781977032274483;0.012276003128283853;0.07114063297164333;23.043465597690158;23.67021703672012;9.228221924921176;15.756524105854549;6.821054020702395;104.78568400888196;0.017188001544991928;2695.261539593801;277.587720031187;235.3060004233132;0.01851299418463892;1.0585752371713244;0.5763814582856018;0.2201098114377552;1.921165448948159e-10;-5.842366590513848e-10;5.424567461886909e-10;-7.668632395763098e-11;-2.8265390028536785e-10;1.3727685654885136e-11;3.7132963370822836e-10;2.7276314540358726e-09;1.921165448948159e-12;-5.842366590513848e-12;5.424567461886909e-12;-7.668632395763098e-11;-2.8265390028536786e-12;1.3727685654885136e-13;3.713296337082284e-12;2.7276314540358727e-11;148.78197703227448;122.93218117260199;116.03309181486435;130.0;122.93218117260199;44.1568283712449;22.18481511213656;23.92399101703012;60.62885563763706;31.450043745996823;7.466497164280554;11.247407805982391;19.553749527896002;61.47675600121249;4.055775361703695;10.624757227446764;4.0;0.9800000000000005;145541.2775314463;21323.84062888216;6.825284434658424;4.055775361703695;deltaT_shex_1_K;shex;True;True;True;True;True;True;True;True;110.446250472104;2691.7386329436317;0.09708823135596278;145541.2775314463;0.0;0.0;135.0;4.0;148.78197703227448;4.0;122.93218117260199;8.0;116.03309181486435;8.0;130.0;8.0;122.93218117260199;8.0;30.0;4.0;44.1568283712449;4.0;110.446250472104;2691.7386329436317;0.012615007609151577;145541.2775314463;0.0;0.0;104.78568400888196;277.587720031181;1.0770882313559633;21323.84062888216;0.5664746128900843;0.21324402483283209;170.96679214441104;379.878274982358;0.9926150076091521;145541.2775314463;0.6146825650481889;0.24863148823226472;110.446250472104;2691.7386329436317;0.08447322374681121;145541.2775314463;0.0;0.0;126.12821813348341;277.587720031181;1.0770882313559633;145541.2775314463;0.5664746128900843;0.21324402483283209;158.92399101703012;347.24923154234443;1.0770882313559633;145541.2775314463;0.5664746128900843;0.21324402483283209;154.86821565532642;350.11895252681217;0.9800000000000005;145541.2775314463;0.6225950396998311;0.2549497198836331;115.50346090603665;273.5561012748224;0.9800000000000005;145541.2775314463;0.6225950396998311;0.2549497198836331;115.46568400832143;273.4835087921983;0.9800000000000005;21323.84062888216;0.6225950396998311;0.2549497198836331;104.78568400888196;2695.261539593801;0.09708823135596278;21323.84062888216;0.0;0.0;61.45004374599682;257.2505977797125;0.09708823135596278;21323.84062888216;0.0;0.0;61.45542517138949;257.3770395014004;0.09708823135596278;145541.2775314463;0.0;0.0;"Zustand 3: Temperatur 432.074 K liegt außerhalb des Boryta-Prüfbereichs; Kristallisation wurde nicht bewertet.";"Zustand 4: Temperatur 428.018 K liegt außerhalb des Boryta-Prüfbereichs; Kristallisation wurde nicht bewertet.";"Zustand 5: Temperatur 388.653 K liegt außerhalb des Boryta-Prüfbereichs; Kristallisation wurde nicht bewertet.";"Zustand 6: Temperatur 388.616 K liegt außerhalb des Boryta-Prüfbereichs; Kristallisation wurde nicht bewertet.";"Zustand 20: Temperatur 444.117 K liegt außerhalb des Boryta-Prüfbereichs; Kristallisation wurde nicht bewertet.";5
series_evaporator_to_desorber;Serie Verdampfer → Desorber;series_evaporator_to_desorber;nan;130.0;30.0;130.0;8.0;8.0;4.0;130.0;0.9900000000000005;Abwärmetemperatur [°C];hot_temperature_C;130.0;10.0;10.0;25.0;15.0;11.0;nan;nan;3.186511572091035e-21;`gtol` termination condition is satisfied.;4;2.739676509625726e-09;7.983121660216678e-11;1;True;;True;0;zulässig;feasible;True;True;True;110.43634691884876;126.11751077816717;154.82774924723532;61.46776647452492;0.1309461295112335;0.24842843378768412;0.2134066148397772;0.25472714969823956;230.29468393394012;236.83555677333575;230.57854507079787;236.4675666928762;75.83763612073211;0.4930876804953887;10.191375303288694;18.773605498441384;0.012276299105362806;0.07185264468975272;23.02946839313515;23.68355567733135;9.223141802840392;15.764504446165901;6.894330556480448;104.85115925234021;0.017117960381291028;2695.3854465169293;277.6046022179632;235.4963175662164;0.018609635914606626;1.0685313259809424;0.5765824441179114;0.2202511565266417;1.9329604583617765e-10;-5.528164592760731e-10;5.10453901370056e-10;-7.498668352923232e-11;-2.1191226551309228e-10;2.2254198484006338e-11;3.8770053834014107e-10;2.5886208732117666e-09;1.9329604583617767e-12;-5.528164592760731e-12;5.1045390137005596e-12;-7.498668352923232e-11;-2.119122655130923e-12;2.2254198484006338e-13;3.8770053834014106e-12;2.5886208732117665e-11;148.77360549844138;122.92860147449534;116.03331005491407;130.0;122.92860147449534;44.1648060271134;22.114359267347425;23.96948115560167;60.68635322522681;31.46776647452492;7.507496941621412;11.182150802573858;19.563653081151244;61.45545497941208;4.141731908366353;10.658653350149393;4.0;0.9900000000000005;145492.99489126288;21341.163544951767;6.817481839019931;4.141731908366353;deltaT_shex_1_K;shex;True;True;True;True;True;True;True;True;110.43634691884876;2691.723615561038;0.09714096189554844;145492.99489126288;0.0;0.0;135.0;4.0;148.77360549844138;4.0;122.92860147449534;8.0;116.03331005491407;8.0;130.0;8.0;122.92860147449534;8.0;30.0;4.0;44.1648060271134;4.0;110.43634691884876;2691.723615561038;0.012720232977220284;145492.99489126288;0.0;0.0;104.85115925234021;277.6046022179598;1.087140961895549;21341.163544951767;0.566712528682953;0.2134066148397772;170.8879647657888;379.6576274654005;1.002720232977221;145492.99489126288;0.6144250244121953;0.24842843378768412;110.43634691884876;2691.723615561038;0.08442072891832815;145492.99489126288;0.0;0.0;126.11751077816717;277.6046022179598;1.087140961895549;145492.99489126288;0.566712528682953;0.2134066148397772;158.96948115560167;347.3633904329682;1.087140961895549;145492.99489126288;0.566712528682953;0.2134066148397772;154.82774924723532;349.95053854946815;0.9900000000000005;145492.99489126288;0.6223195995461052;0.25472714969823956;115.45885742801778;273.3468657004391;0.9900000000000005;145492.99489126288;0.6223195995461052;0.25472714969823956;115.42110453287393;273.2742872714595;0.9900000000000005;21341.163544951767;0.6223195995461052;0.25472714969823956;104.85115925234021;2695.3854465169293;0.09714096189554844;21341.163544951767;0.0;0.0;61.46776647452492;257.3247957690501;0.09714096189554844;21341.163544951767;0.0;0.0;61.473146495083256;257.45117190189677;0.09714096189554844;145492.99489126288;0.0;0.0;"Zustand 3: Temperatur 432.119 K liegt außerhalb des Boryta-Prüfbereichs; Kristallisation wurde nicht bewertet.";"Zustand 4: Temperatur 427.978 K liegt außerhalb des Boryta-Prüfbereichs; Kristallisation wurde nicht bewertet.";"Zustand 5: Temperatur 388.609 K liegt außerhalb des Boryta-Prüfbereichs; Kristallisation wurde nicht bewertet.";"Zustand 6: Temperatur 388.571 K liegt außerhalb des Boryta-Prüfbereichs; Kristallisation wurde nicht bewertet.";"Zustand 20: Temperatur 444.038 K liegt außerhalb des Boryta-Prüfbereichs; Kristallisation wurde nicht bewertet.";5
series_evaporator_to_desorber;Serie Verdampfer → Desorber;series_evaporator_to_desorber;nan;130.0;30.0;130.0;8.0;8.0;4.0;130.0;1.0;Abwärmetemperatur [°C];hot_temperature_C;130.0;10.0;10.0;25.0;15.0;11.0;nan;nan;7.400675738339057e-24;`gtol` termination condition is satisfied.;8;8.627966226596889e-11;3.847252458141799e-12;1;True;;True;0;zulässig;feasible;True;True;True;110.42644667472302;126.10803006159165;154.78604595014662;61.48545794942345;0.13196783712472412;0.24822765048112141;0.21356516211780083;0.25450769209095714;230.15156891111388;236.9687079555162;230.44820441439828;236.587231799507;76.63999370908236;0.49279251865098933;10.2887354081203;18.765045987506824;0.012276590334721928;0.0725640624047981;23.015156891106944;23.696870795554087;9.217928176577031;15.772482119967227;6.967272155376687;104.9155119722916;0.01705010367266041;2695.507199222443;277.6233318773772;235.6830755522901;0.01870726589875904;1.0784864085746615;0.5767785053600125;0.2203891182809468;1.482192146795569e-11;-6.119194040365983e-11;1.1141310096718371e-11;-3.749445198764079e-12;-2.7483793019200675e-11;-2.467004378559068e-11;-1.3926637620897964e-12;4.445155354915187e-11;1.482192146795569e-13;-6.119194040365983e-13;1.1141310096718371e-13;-3.749445198764079e-12;-2.7483793019200675e-13;-2.467004378559068e-13;-1.3926637620897963e-14;4.445155354915187e-13;148.76504598750682;122.9250229725028;116.03362929982342;130.0;122.9250229725028;44.172769614564345;22.044831264898562;24.01354639048776;60.74274235772725;31.48545794942345;7.547660509502407;11.11811732753182;19.573553325276976;61.434186409352435;4.227500440341146;10.692938631527795;4.0;1.0;145444.74154638953;21358.467849788925;6.809699205452459;4.227500440341146;deltaT_shex_1_K;shex;True;True;True;True;True;True;True;True;110.42644667472302;2691.708602578425;0.09719367447342053;145444.74154638953;0.0;0.0;135.0;4.0;148.76504598750682;4.0;122.9250229725028;8.0;116.03362929982342;8.0;130.0;8.0;122.9250229725028;8.0;30.0;4.0;44.172769614564345;4.0;110.42644667472302;2691.708602578425;0.012826439002461817;145444.74154638953;0.0;0.0;104.9155119722916;277.623331877374;1.0971936744734205;21358.467849788925;0.5669443720474622;0.21356516211780083;170.80987725240539;379.439258248275;1.0128264390024617;145444.74154638953;0.6141701626639888;0.24822765048112141;110.42644667472302;2691.708602578425;0.08436723547095872;145444.74154638953;0.0;0.0;126.10803006159165;277.623331877374;1.0971936744734205;145444.74154638953;0.5669443720474622;0.21356516211780083;159.01354639048776;347.47425746338274;1.0971936744734205;145444.74154638953;0.5669443720474622;0.21356516211780083;154.78604595014662;349.781076545973;1.0;145444.74154638953;0.622047778788781;0.25450769209095714;115.41509143006385;273.14108283690547;1.0;145444.74154638953;0.622047778788781;0.25450769209095714;115.3773624630004;273.06851877450066;1.0;21358.467849788925;0.622047778788781;0.25450769209095714;104.9155119722916;2695.507199222443;0.09719367447342053;21358.467849788925;0.0;0.0;61.48545794942345;257.39886306400484;0.09719367447342053;21358.467849788925;0.0;0.0;61.49083656315037;257.5251736536727;0.09719367447342053;145444.74154638953;0.0;0.0;"Zustand 3: Temperatur 432.164 K liegt außerhalb des Boryta-Prüfbereichs; Kristallisation wurde nicht bewertet.";"Zustand 4: Temperatur 427.936 K liegt außerhalb des Boryta-Prüfbereichs; Kristallisation wurde nicht bewertet.";"Zustand 5: Temperatur 388.565 K liegt außerhalb des Boryta-Prüfbereichs; Kristallisation wurde nicht bewertet.";"Zustand 6: Temperatur 388.527 K liegt außerhalb des Boryta-Prüfbereichs; Kristallisation wurde nicht bewertet.";"Zustand 20: Temperatur 443.960 K liegt außerhalb des Boryta-Prüfbereichs; Kristallisation wurde nicht bewertet.";5
series_evaporator_to_desorber;Serie Verdampfer → Desorber;series_evaporator_to_desorber;nan;130.0;30.0;130.0;8.0;8.0;4.0;130.0;1.0000000000000004;Abwärmetemperatur [°C];hot_temperature_C;130.0;10.0;10.0;25.0;15.0;11.0;nan;nan;7.399871701012191e-24;`gtol` termination condition is satisfied.;1;8.618642221482717e-11;3.847043462455861e-12;1;True;;True;0;zulässig;feasible;True;True;True;110.42644667472302;126.10803006159165;154.78604595014662;61.48545794942345;0.13196783712472412;0.24822765048112141;0.21356516211780083;0.25450769209095714;230.15156891111383;236.9687079555162;230.4482044143984;236.587231799507;76.6399937090824;0.4927925186509891;10.288735408120305;18.765045987506824;0.012276590334721928;0.07256406240479812;23.015156891106944;23.696870795554087;9.217928176577031;15.772482119967227;6.967272155376687;104.9155119722916;0.017050103672660404;2695.507199222443;277.6233318773772;235.6830755522901;0.01870726589875904;1.078486408574662;0.5767785053600125;0.2203891182809468;1.4836132322670892e-11;-6.114930783951422e-11;1.1141310096718371e-11;-3.749445198764079e-12;-2.737010618147906e-11;-2.467004378559068e-11;-1.3926637620897964e-12;4.439471013029106e-11;1.483613232267089e-13;-6.114930783951422e-13;1.1141310096718371e-13;-3.749445198764077e-12;-2.737010618147906e-13;-2.467004378559068e-13;-1.3926637620897963e-14;4.4394710130291057e-13;148.76504598750682;122.9250229725028;116.03362929982342;130.0;122.9250229725028;44.172769614564345;22.044831264898562;24.01354639048776;60.74274235772725;31.48545794942345;7.547660509502407;11.11811732753182;19.573553325276976;61.434186409352435;4.227500440341146;10.692938631527795;4.0;1.0000000000000004;145444.74154638953;21358.467849788925;6.809699205452459;4.227500440341146;deltaT_shex_1_K;shex;True;True;True;True;True;True;True;True;110.42644667472302;2691.708602578425;0.09719367447342053;145444.74154638953;0.0;0.0;135.0;4.0;148.76504598750682;4.0;122.9250229725028;8.0;116.03362929982342;8.0;130.0;8.0;122.9250229725028;8.0;30.0;4.0;44.172769614564345;4.0;110.42644667472302;2691.708602578425;0.012826439002461817;145444.74154638953;0.0;0.0;104.9155119722916;277.623331877374;1.097193674473421;21358.467849788925;0.5669443720474622;0.21356516211780083;170.80987725240539;379.439258248275;1.0128264390024622;145444.74154638953;0.6141701626639888;0.24822765048112141;110.42644667472302;2691.708602578425;0.08436723547095872;145444.74154638953;0.0;0.0;126.10803006159165;277.623331877374;1.097193674473421;145444.74154638953;0.5669443720474622;0.21356516211780083;159.01354639048776;347.47425746338274;1.097193674473421;145444.74154638953;0.5669443720474622;0.21356516211780083;154.78604595014662;349.781076545973;1.0000000000000004;145444.74154638953;0.622047778788781;0.25450769209095714;115.41509143006385;273.14108283690547;1.0000000000000004;145444.74154638953;0.622047778788781;0.25450769209095714;115.3773624630004;273.06851877450066;1.0000000000000004;21358.467849788925;0.622047778788781;0.25450769209095714;104.9155119722916;2695.507199222443;0.09719367447342053;21358.467849788925;0.0;0.0;61.48545794942345;257.39886306400484;0.09719367447342053;21358.467849788925;0.0;0.0;61.49083656315037;257.5251736536727;0.09719367447342053;145444.74154638953;0.0;0.0;"Zustand 3: Temperatur 432.164 K liegt außerhalb des Boryta-Prüfbereichs; Kristallisation wurde nicht bewertet.";"Zustand 4: Temperatur 427.936 K liegt außerhalb des Boryta-Prüfbereichs; Kristallisation wurde nicht bewertet.";"Zustand 5: Temperatur 388.565 K liegt außerhalb des Boryta-Prüfbereichs; Kristallisation wurde nicht bewertet.";"Zustand 6: Temperatur 388.527 K liegt außerhalb des Boryta-Prüfbereichs; Kristallisation wurde nicht bewertet.";"Zustand 20: Temperatur 443.960 K liegt außerhalb des Boryta-Prüfbereichs; Kristallisation wurde nicht bewertet.";5
series_evaporator_to_desorber;Serie Verdampfer → Desorber;series_evaporator_to_desorber;nan;130.0;30.0;130.0;8.0;8.0;4.0;130.0;1.0100000000000007;Abwärmetemperatur [°C];hot_temperature_C;130.0;10.0;10.0;25.0;15.0;11.0;nan;nan;1.1136724502257194e-25;`gtol` termination condition is satisfied.;4;4.69651676102971e-11;4.719475500997371e-13;1;True;;True;0;zulässig;feasible;True;True;True;110.41654657888745;126.09974002125284;154.74315381345843;61.50312412127346;0.13299844616672213;0.24802908073702307;0.213719770487715;0.25429125877749653;230.00539104619202;237.10166869966255;230.31461288114593;236.706895114061;77.4386691474381;0.49249421516696523;10.385990080965897;18.75630329223634;0.01227687689907397;0.07327487374694584;23.000539104616724;23.710166869964684;9.212584515245354;15.780459674269899;7.039879013400572;104.97877674455555;0.01698436337221268;2695.6268634828057;277.6438380758726;235.86637208129696;0.018805874961729696;1.088440510999201;0.5769697708840071;0.22052378157748778;-1.7621459846850485e-12;3.1803892852622084e-11;5.115907697472721e-12;4.696243394164412e-14;1.2107648217352107e-11;1.5717205315013416e-11;1.2533973858808167e-11;2.4783730623312294e-11;-1.7621459846850484e-14;3.1803892852622083e-13;5.1159076974727215e-14;4.649745934816247e-14;1.2107648217352107e-13;1.5717205315013417e-13;1.2533973858808168e-13;2.4783730623312296e-13;148.75630329223634;122.92144452410105;116.03404581354044;130.0;122.92144452410105;44.180721812180764;21.976204045794987;24.056220373088195;60.79805493237478;31.50312412127346;7.58700413106402;11.055269068984899;19.58345342111255;61.41294319834452;4.31306655962976;10.72759452289506;4.0;1.0100000000000007;145396.50208141902;21375.75931316945;6.80193390799649;4.31306655962976;deltaT_shex_1_K;shex;True;True;True;True;True;True;True;True;110.41654657888745;2691.6935892030174;0.09724638596093005;145396.50208141902;0.0;0.0;135.0;4.0;148.75630329223634;4.0;122.92144452410105;8.0;116.03404581354044;8.0;130.0;8.0;122.92144452410105;8.0;30.0;4.0;44.180721812180764;4.0;110.41654657888745;2691.6935892030174;0.012933618228133038;145396.50208141902;0.0;0.0;104.97877674455555;277.64383807586927;1.1072463859609307;21375.75931316945;0.5671703066405309;0.213719770487715;170.73250733803133;379.22310224299116;1.0229336182281337;145396.50208141902;0.613917913207129;0.24802908073702307;110.41654657888745;2691.6935892030174;0.08431276773279701;145396.50208141902;0.0;0.0;126.09974002125284;277.64383807586927;1.1072463859609307;145396.50208141902;0.5671703066405309;0.213719770487715;159.0562203730882;347.5819025656734;1.1072463859609307;145396.50208141902;0.5671703066405309;0.213719770487715;154.74315381345843;349.61061665669337;1.0100000000000007;145396.50208141902;0.6217794774773072;0.25429125877749653;115.37214549835778;272.93866700576285;1.0100000000000007;145396.50208141902;0.6217794774773072;0.25429125877749653;115.33444039303703;272.8661176258154;1.0100000000000007;21375.75931316945;0.6217794774773072;0.25429125877749653;104.97877674455555;2695.6268634828057;0.09724638596093005;21375.75931316945;0.0;0.0;61.50312412127346;257.47282457671076;0.09724638596093005;21375.75931316945;0.0;0.0;61.50850132575653;257.5990696476999;0.09724638596093005;145396.50208141902;0.0;0.0;"Zustand 3: Temperatur 432.206 K liegt außerhalb des Boryta-Prüfbereichs; Kristallisation wurde nicht bewertet.";"Zustand 4: Temperatur 427.893 K liegt außerhalb des Boryta-Prüfbereichs; Kristallisation wurde nicht bewertet.";"Zustand 5: Temperatur 388.522 K liegt außerhalb des Boryta-Prüfbereichs; Kristallisation wurde nicht bewertet.";"Zustand 6: Temperatur 388.484 K liegt außerhalb des Boryta-Prüfbereichs; Kristallisation wurde nicht bewertet.";"Zustand 20: Temperatur 443.883 K liegt außerhalb des Boryta-Prüfbereichs; Kristallisation wurde nicht bewertet.";5
series_evaporator_to_desorber;Serie Verdampfer → Desorber;series_evaporator_to_desorber;nan;130.0;30.0;130.0;8.0;8.0;4.0;130.0;1.0200000000000005;Abwärmetemperatur [°C];hot_temperature_C;130.0;10.0;10.0;25.0;15.0;11.0;nan;nan;2.8106394523390795e-25;`gtol` termination condition is satisfied.;4;7.491144321454483e-11;7.497518859381521e-13;1;True;;True;0;zulässig;feasible;True;True;True;110.40664366094416;126.09260575147493;154.6991189361363;61.52077060033059;0.13403784265401344;0.247832668746126;0.2138705402517133;0.2540777646148987;229.85622732062166;237.23448123009965;230.17785378555283;236.8265925396685;78.23366513590847;0.49219280272237503;10.48313778746876;18.747382016783604;0.012277158867489025;0.0739850666284193;22.98562273205725;23.72344812300794;9.207114151421475;15.788439502643364;7.112151375987542;105.04098678447252;0.01692067392677716;2695.744502494475;277.6660525391456;236.04630131877119;0.018905453956551188;1.0983936582633878;0.5771563649287682;0.22065522836566892;-4.064304448547773e-12;4.5503156798076816e-11;1.0970779840135947e-11;3.1530333899354446e-14;1.5944578990456648e-11;2.0236257114447653e-11;1.8047785488306545e-11;4.914113560516853e-11;-4.064304448547773e-14;4.550315679807682e-13;1.0970779840135947e-13;3.091209205819062e-14;1.594457899045665e-13;2.0236257114447654e-13;1.8047785488306544e-13;4.914113560516853e-13;148.7473820167836;122.91786505563192;116.03455603094432;130.0;122.91786505563192;44.188665145340906;21.908451528160924;24.09753569076372;60.85232163913162;31.520770600330593;7.625543693792508;10.993569246471793;19.593356339055845;61.39171866283823;4.398416754627419;10.762603087423656;4.0;1.0200000000000005;145348.2620253194;21393.043387482638;6.794183482578484;4.398416754627419;deltaT_shex_1_K;shex;True;True;True;True;True;True;True;True;110.40664366094416;2691.67857093007;0.09729911221993848;145348.2620253194;0.0;0.0;135.0;4.0;148.7473820167836;4.0;122.91786505563192;8.0;116.03455603094432;8.0;130.0;8.0;122.91786505563192;8.0;30.0;4.0;44.188665145340906;4.0;110.40664366094416;2691.67857093007;0.01304176309411131;145348.2620253194;0.0;0.0;105.04098678447252;277.66605253914275;1.117299112219939;21393.043387482638;0.5673904902730446;0.2138705402517133;170.65583354494453;379.00909658682076;1.0330417630941118;145348.2620253194;0.6136682114044635;0.247832668746126;110.40664366094416;2691.67857093007;0.08425734912582716;145348.2620253194;0.0;0.0;126.09260575147493;277.66605253914275;1.117299112219939;145348.2620253194;0.5673904902730446;0.2138705402517133;159.09753569076372;347.686393806995;1.117299112219939;145348.2620253194;0.5673904902730446;0.2138705402517133;154.6991189361363;349.4392069796084;1.0200000000000005;145348.2620253194;0.6215145990824591;0.2540777646148987;115.33000266405128;272.7395352777334;1.0200000000000005;145348.2620253194;0.6215145990824591;0.2540777646148987;115.29232136183941;272.66700089868596;1.0200000000000005;21393.043387482638;0.6215145990824591;0.2540777646148987;105.04098678447252;2695.744502494475;0.09729911221993848;21393.043387482638;0.0;0.0;61.52077060033059;257.54670379466654;0.09729911221993848;21393.043387482638;0.0;0.0;61.52614639279369;257.6728833515749;0.09729911221993848;145348.2620253194;0.0;0.0;"Zustand 3: Temperatur 432.248 K liegt außerhalb des Boryta-Prüfbereichs; Kristallisation wurde nicht bewertet.";"Zustand 4: Temperatur 427.849 K liegt außerhalb des Boryta-Prüfbereichs; Kristallisation wurde nicht bewertet.";"Zustand 5: Temperatur 388.480 K liegt außerhalb des Boryta-Prüfbereichs; Kristallisation wurde nicht bewertet.";"Zustand 6: Temperatur 388.442 K liegt außerhalb des Boryta-Prüfbereichs; Kristallisation wurde nicht bewertet.";"Zustand 20: Temperatur 443.806 K liegt außerhalb des Boryta-Prüfbereichs; Kristallisation wurde nicht bewertet.";5
series_evaporator_to_desorber;Serie Verdampfer → Desorber;series_evaporator_to_desorber;nan;130.0;30.0;130.0;8.0;8.0;4.0;130.0;1.0300000000000007;Abwärmetemperatur [°C];hot_temperature_C;130.0;10.0;10.0;25.0;15.0;11.0;nan;nan;6.55812917631007e-25;`gtol` termination condition is satisfied.;4;1.1428869925415073e-10;1.1452623434226823e-12;1;True;;True;0;zulässig;feasible;True;True;True;110.39673512507557;126.08659336569366;154.6539855364337;61.53840268368299;0.13508591324275332;0.2476383605160792;0.21401756829669272;0.25386712742331535;229.70415177765733;237.36718541428473;230.03800725679264;236.94635786962678;79.02498485597813;0.4918883134673536;10.580177033879504;18.738286589572795;0.012277436296591556;0.07469462922142922;22.97041517775715;23.736718541425184;9.201520290271032;15.796423857973378;7.184089532356424;105.10217400607559;0.016858972171072215;2695.860176988459;277.6899095170358;236.22295402414716;0.01900599377277512;1.108345874414475;0.5773384072446913;0.22078353774929801;-4.703792910731863e-12;5.74686964682769e-11;1.7962520360015333e-11;7.593925488436071e-14;1.6825651982799172e-11;3.291233952040784e-11;2.609112925711088e-11;8.58335624798201e-11;-4.703792910731863e-14;5.74686964682769e-13;1.7962520360015334e-13;7.372743192656374e-14;1.6825651982799172e-13;3.291233952040784e-13;2.609112925711088e-13;8.58335624798201e-13;148.7382865895728;122.91428355653028;116.03515654526257;130.0;122.91428355653028;44.19660199846203;21.84154859336786;24.137523887588486;60.90557200761356;31.53840268368299;7.663294719751491;10.93298253918698;19.603264874924434;61.37050649561712;4.4835383511547775;10.79794697846745;4.0;1.0300000000000007;145300.00777293267;21410.325233185067;6.786445613993944;4.4835383511547775;deltaT_shex_1_K;shex;True;True;True;True;True;True;True;True;110.39673512507557;2691.6635435188728;0.09735186818724939;145300.00777293267;0.0;0.0;135.0;4.0;148.7382865895728;4.0;122.91428355653028;8.0;116.03515654526257;8.0;130.0;8.0;122.91428355653028;8.0;30.0;4.0;44.19660199846203;4.0;110.39673512507557;2691.6635435188728;0.013150866019962728;145300.00777293267;0.0;0.0;105.10217400607559;277.6899095170325;1.12735186818725;21410.325233185067;0.567605075103662;0.21401756829669272;170.57983518294066;378.7971806519034;1.0431508660199633;145300.00777293267;0.6134209946563529;0.2476383605160792;110.39673512507557;2691.6635435188728;0.08420100216728667;145300.00777293267;0.0;0.0;126.08659336569366;277.6899095170325;1.12735186818725;145300.00777293267;0.567605075103662;0.21401756829669272;159.1375238875885;347.787797395684;1.12735186818725;145300.00777293267;0.567605075103662;0.21401756829669272;154.6539855364337;349.2668936032392;1.0300000000000007;145300.00777293267;0.6212530503016285;0.25386712742331535;115.28864638722621;272.5436073352948;1.0300000000000007;145300.00777293267;0.6212530503016285;0.25386712742331535;115.25098883677879;272.47108827779823;1.0300000000000007;21410.325233185067;0.6212530503016285;0.25386712742331535;105.10217400607559;2695.860176988459;0.09735186818724939;21410.325233185067;0.0;0.0;61.53840268368299;257.6205228944476;0.09735186818724939;21410.325233185067;0.0;0.0;61.54377706091316;257.74663692312737;0.09735186818724939;145300.00777293267;0.0;0.0;"Zustand 3: Temperatur 432.288 K liegt außerhalb des Boryta-Prüfbereichs; Kristallisation wurde nicht bewertet.";"Zustand 4: Temperatur 427.804 K liegt außerhalb des Boryta-Prüfbereichs; Kristallisation wurde nicht bewertet.";"Zustand 5: Temperatur 388.439 K liegt außerhalb des Boryta-Prüfbereichs; Kristallisation wurde nicht bewertet.";"Zustand 6: Temperatur 388.401 K liegt außerhalb des Boryta-Prüfbereichs; Kristallisation wurde nicht bewertet.";"Zustand 20: Temperatur 443.730 K liegt außerhalb des Boryta-Prüfbereichs; Kristallisation wurde nicht bewertet.";5
series_evaporator_to_desorber;Serie Verdampfer → Desorber;series_evaporator_to_desorber;nan;130.0;30.0;130.0;8.0;8.0;4.0;130.0;1.0400000000000005;Abwärmetemperatur [°C];hot_temperature_C;130.0;10.0;10.0;25.0;15.0;11.0;nan;nan;1.4527339529271262e-24;`gtol` termination condition is satisfied.;4;1.6984225918897192e-10;1.7045433129886293e-12;1;True;;True;0;zulässig;feasible;True;True;True;110.38681834106382;126.08166996871847;154.60779604287973;61.556025371175906;0.13614254512421076;0.2474461037764772;0.21416094824721094;0.2536592678726759;229.54923565515315;237.49981888250153;229.89515038285117;237.06622289561034;79.81263194008176;0.49158077903430103;10.677106366539897;18.72902127124121;0.012277709231349508;0.07540354995312899;22.95492356550169;23.749981888245454;9.195806015312929;15.804414859704652;7.255693812728419;105.16236908486582;0.01679919722550366;2695.9739453491297;277.7153456869296;236.396417708681;0.019107485341629094;1.1182971825803067;0.5775160133108854;0.22090878612070075;-8.668621376273222e-12;6.915001904417295e-11;2.8137492336099967e-11;1.5010215292932116e-13;2.793854037008714e-11;4.6981085688457824e-11;4.055777935718652e-11;1.362536750093568e-10;-8.668621376273222e-14;6.915001904417295e-13;2.813749233609997e-13;1.4432899320127027e-13;2.793854037008714e-13;4.698108568845783e-13;4.0557779357186517e-13;1.362536750093568e-12;148.7290212712412;122.91069907608824;116.03584410052451;130.0;122.91069907608824;44.2045346221592;21.7754710369112;24.17621551021432;60.957834462706614;31.556025371175906;7.700272372758434;10.873475015658698;19.613181658936185;61.34930074649537;4.568419467334593;10.833609422257211;4.0;1.0400000000000005;145251.72654010518;21427.609733355617;6.778718128041919;4.568419467334593;deltaT_shex_1_K;shex;True;True;True;True;True;True;True;True;110.38681834106382;2691.648502979186;0.09740466792193536;145251.72654010518;0.0;0.0;135.0;4.0;148.7290212712412;4.0;122.91069907608824;8.0;116.03584410052451;8.0;130.0;8.0;122.91069907608824;8.0;30.0;4.0;44.2045346221592;4.0;110.38681834106382;2691.648502979186;0.013260919397870849;145251.72654010518;0.0;0.0;105.16236908486582;277.7153456869258;1.1374046679219358;21427.609733355617;0.5678142079023893;0.21416094824721094;170.5044923081524;378.5872959296479;1.0532609193978713;145251.72654010518;0.6131762022933833;0.2474461037764772;110.38681834106382;2691.648502979186;0.08414374852406452;145251.72654010518;0.0;0.0;126.08166996871847;277.7153456869258;1.1374046679219358;145251.72654010518;0.5678142079023893;0.21416094824721094;159.17621551021432;347.88617774962626;1.1374046679219358;145251.72654010518;0.5678142079023893;0.21416094824721094;154.60779604287973;349.09372070945784;1.0400000000000005;145251.72654010518;0.6209947409428594;0.2536592678726759;115.24806054646126;272.35080538244785;1.0400000000000005;145251.72654010518;0.6209947409428594;0.2536592678726759;115.2104267033298;272.27830196903136;1.0400000000000005;21427.609733355617;0.6209947409428594;0.2536592678726759;105.16236908486582;2695.9739453491297;0.09740466792193536;21427.609733355617;0.0;0.0;61.556025371175906;257.6943028083334;0.09740466792193536;21427.609733355617;0.0;0.0;61.56139832959286;257.8203512769878;0.09740466792193536;145251.72654010518;0.0;0.0;"Zustand 3: Temperatur 432.326 K liegt außerhalb des Boryta-Prüfbereichs; Kristallisation wurde nicht bewertet.";"Zustand 4: Temperatur 427.758 K liegt außerhalb des Boryta-Prüfbereichs; Kristallisation wurde nicht bewertet.";"Zustand 5: Temperatur 388.398 K liegt außerhalb des Boryta-Prüfbereichs; Kristallisation wurde nicht bewertet.";"Zustand 6: Temperatur 388.360 K liegt außerhalb des Boryta-Prüfbereichs; Kristallisation wurde nicht bewertet.";"Zustand 20: Temperatur 443.654 K liegt außerhalb des Boryta-Prüfbereichs; Kristallisation wurde nicht bewertet.";5
series_evaporator_to_desorber;Serie Verdampfer → Desorber;series_evaporator_to_desorber;nan;130.0;30.0;130.0;8.0;8.0;4.0;130.0;1.0500000000000007;Abwärmetemperatur [°C];hot_temperature_C;130.0;10.0;10.0;25.0;15.0;11.0;nan;nan;2.3557299106416286e-24;`gtol` termination condition is satisfied.;4;2.1613620413952944e-10;2.1705897404353633e-12;1;True;;True;0;zulässig;feasible;True;True;True;110.37689083492359;126.0778036277996;154.56059117682815;61.5736433818833;0.1372076260579875;0.24725584791164476;0.2143007706019987;0.2534541093656709;229.391547522527;237.63241715187044;229.7493573583048;237.18621752088117;80.59661043916597;0.4912702305492129;10.77392437083202;18.71959016283057;0.01227797770586208;0.07611181749815671;22.939154752234824;23.763241715181028;9.189974294330879;15.812414501388945;7.3269645853712895;105.2216015159708;0.016741290399043447;2696.085863724069;277.74230005565255;236.56677677911694;0.019209919640814643;1.12824760501405;0.5776892945275692;0.2210310472786338;-7.460698725481052e-12;8.178346888598753e-11;3.3367086871294305e-11;2.099431739566171e-13;3.282707439211663e-11;6.016875886416528e-11;4.700950739788823e-11;1.787441306078108e-10;-7.460698725481052e-14;8.178346888598753e-13;3.3367086871294305e-13;1.9994587995868283e-13;3.282707439211663e-13;6.016875886416529e-13;4.700950739788823e-13;1.787441306078108e-12;148.71959016283057;122.90711072006934;116.03661558375637;130.0;122.90711072006934;44.21246514066212;21.710195527739756;24.213640147382478;61.009136375308685;31.5736433818833;7.736491466109726;10.815014067785569;19.623109165076414;61.32809580243787;4.653048970554323;10.869574200099748;4.0;1.0500000000000007;145203.40631701733;21444.901508862782;6.770998983465018;4.653048970554323;deltaT_shex_1_K;shex;True;True;True;True;True;True;True;True;110.37689083492359;2691.633445557077;0.0974575246548639;145203.40631701733;0.0;0.0;135.0;4.0;148.71959016283057;4.0;122.90711072006934;8.0;116.03661558375637;8.0;130.0;8.0;122.90711072006934;8.0;30.0;4.0;44.21246514066212;4.0;110.37689083492359;2691.633445557077;0.013371915599381664;145203.40631701733;0.0;0.0;105.2216015159708;277.7423000556511;1.1474575246548646;21444.901508862782;0.5680180302874647;0.2143007706019987;170.42978569057033;378.37938594127604;1.0633719155993824;145203.40631701733;0.6129337755035542;0.24725584791164476;110.37689083492359;2691.633445557077;0.08408560905548224;145203.40631701733;0.0;0.0;126.0778036277996;277.7423000556511;1.1474575246548646;145203.40631701733;0.5680180302874647;0.2143007706019987;159.21364014738248;347.9815975524435;1.1474575246548646;145203.40631701733;0.5680180302874647;0.2143007706019987;154.56059117682815;348.9197306602512;1.0500000000000007;145203.40631701733;0.6207395838028436;0.2534541093656709;115.20822942769985;272.16105405151467;1.0500000000000007;145203.40631701733;0.6207395838028436;0.2534541093656709;115.17061925395961;272.08856660627833;1.0500000000000007;21444.901508862782;0.6207395838028436;0.2534541093656709;105.2216015159708;2696.085863724069;0.0974575246548639;21444.901508862782;0.0;0.0;61.5736433818833;257.768063293349;0.0974575246548639;21444.901508862782;0.0;0.0;61.57901491763147;257.89404615356773;0.0974575246548639;145203.40631701733;0.0;0.0;"Zustand 3: Temperatur 432.364 K liegt außerhalb des Boryta-Prüfbereichs; Kristallisation wurde nicht bewertet.";"Zustand 4: Temperatur 427.711 K liegt außerhalb des Boryta-Prüfbereichs; Kristallisation wurde nicht bewertet.";"Zustand 5: Temperatur 388.358 K liegt außerhalb des Boryta-Prüfbereichs; Kristallisation wurde nicht bewertet.";"Zustand 6: Temperatur 388.321 K liegt außerhalb des Boryta-Prüfbereichs; Kristallisation wurde nicht bewertet.";"Zustand 20: Temperatur 443.580 K liegt außerhalb des Boryta-Prüfbereichs; Kristallisation wurde nicht bewertet.";5
series_evaporator_to_desorber;Serie Verdampfer → Desorber;series_evaporator_to_desorber;nan;130.0;30.0;130.0;8.0;8.0;4.0;130.0;1.0600000000000005;Abwärmetemperatur [°C];hot_temperature_C;130.0;10.0;10.0;25.0;15.0;11.0;nan;nan;3.9910372485305014e-24;`gtol` termination condition is satisfied.;4;2.813455808163144e-10;2.8252565365044292e-12;1;True;;True;0;zulässig;feasible;True;True;True;110.36695028005784;126.07496334407585;154.51241003070248;61.59126116967599;0.13828104441026545;0.24706754389817465;0.21443712286317912;0.2532515779256946;229.23115341094262;237.76501374351722;229.6006996247013;237.30636986723135;81.37692479249215;0.49095669864322616;10.87062967013083;18.709997213573104;0.012278241744094013;0.07681942077129641;22.923115341070115;23.776501374344562;9.18402798498639;15.820424657811417;7.397902253854747;105.27989966903294;0.016685195096737868;2696.1959861277637;277.77071386504736;236.73411267347413;0.019313287698702997;1.1381971631367773;0.5778583583972735;0.22115039253946914;-1.1738165994756855e-11;8.992628863779828e-11;4.644107320928015e-11;2.7344793096517606e-13;4.155253918725066e-11;7.15942860551877e-11;6.011191544530448e-11;2.4147084332071245e-10;-1.1738165994756855e-13;8.992628863779828e-13;4.644107320928015e-13;2.579697461935622e-13;4.1552539187250657e-13;7.15942860551877e-13;6.011191544530447e-13;2.4147084332071243e-12;148.7099972135731;122.90351764751102;116.03746801758575;130.0;122.90351764751102;44.220395558822815;21.645699570143563;24.249826467343155;61.05950411021013;31.591261169675988;7.771966470342591;10.757568348552809;19.633049719942164;61.30688636900669;4.737416436640672;10.905825630805907;4.0;1.0600000000000005;145155.03582413835;21462.204932719837;6.763286264350441;4.737416436640672;deltaT_shex_1_K;shex;True;True;True;True;True;True;True;True;110.36695028005784;2691.618367721559;0.09751045083547982;145155.03582413835;0.0;0.0;135.0;4.0;148.7099972135731;4.0;122.90351764751102;8.0;116.03746801758575;8.0;130.0;8.0;122.90351764751102;8.0;30.0;4.0;44.220395558822815;4.0;110.36695028005784;2691.618367721559;0.013483846982445992;145155.03582413835;0.0;0.0;105.27989966903294;277.77071386504656;1.1575104508354803;21462.204932719837;0.5682166789491344;0.21443712286317912;170.35569678371667;378.1733961542886;1.0734838469824466;145155.03582413835;0.6126936572648152;0.24706754389817465;110.36695028005784;2691.618367721559;0.08402660385303383;145155.03582413835;0.0;0.0;126.07496334407585;277.77071386504656;1.1575104508354803;145155.03582413835;0.5682166789491344;0.21443712286317912;159.24982646734315;348.074117807322;1.1575104508354803;145155.03582413835;0.5682166789491344;0.21443712286317912;154.51241003070248;348.74496407987755;1.0600000000000005;145155.03582413835;0.6204874945496713;0.2532515779256946;115.16913771326995;271.9742803133645;1.0600000000000005;145155.03582413835;0.6204874945496713;0.2532515779256946;115.13155117716843;271.90180916169345;1.0600000000000005;21462.204932719837;0.6204874945496713;0.2532515779256946;105.27989966903294;2696.1959861277637;0.09751045083547982;21462.204932719837;0.0;0.0;61.59126116967599;257.8418229963093;0.09751045083547982;21462.204932719837;0.0;0.0;61.59663127850433;257.9677401840455;0.09751045083547982;145155.03582413835;0.0;0.0;"Zustand 3: Temperatur 432.400 K liegt außerhalb des Boryta-Prüfbereichs; Kristallisation wurde nicht bewertet.";"Zustand 4: Temperatur 427.662 K liegt außerhalb des Boryta-Prüfbereichs; Kristallisation wurde nicht bewertet.";"Zustand 5: Temperatur 388.319 K liegt außerhalb des Boryta-Prüfbereichs; Kristallisation wurde nicht bewertet.";"Zustand 6: Temperatur 388.282 K liegt außerhalb des Boryta-Prüfbereichs; Kristallisation wurde nicht bewertet.";"Zustand 20: Temperatur 443.506 K liegt außerhalb des Boryta-Prüfbereichs; Kristallisation wurde nicht bewertet.";5
series_evaporator_to_desorber;Serie Verdampfer → Desorber;series_evaporator_to_desorber;nan;130.0;30.0;130.0;8.0;8.0;4.0;130.0;1.0700000000000007;Abwärmetemperatur [°C];hot_temperature_C;130.0;10.0;10.0;25.0;15.0;11.0;nan;nan;5.7789695525539844e-24;`gtol` termination condition is satisfied.;4;3.387553868807567e-10;3.3996969137127457e-12;1;True;;True;0;zulässig;feasible;True;True;True;110.35699448896196;126.07311902453415;154.46329014240172;61.60888293782523;0.1393626891874497;0.2468811442454017;0.21457008965923896;0.2530516020901424;229.0681169362586;237.89764029248622;229.4492460032418;237.4267063752083;82.15357979989206;0.4906402134641875;10.9672209248002;18.700246228245135;0.012278501360555026;0.0775263489204309;22.90681169359592;23.789764029240054;9.177969840128272;15.82844709167604;7.468507254526936;105.33729084009894;0.016630856731564746;2696.3043645396388;277.80053050140003;236.89850398982534;0.01941758059792975;1.148145877577734;0.5780233086964612;0.2212668908427012;-1.3699263945454732e-11;9.57527390710311e-11;5.1102233555866405e-11;3.071987109137808e-13;3.498712430882733e-11;8.569145393266808e-11;6.770051186322235e-11;2.993942871398758e-10;-1.3699263945454732e-13;9.57527390710311e-13;5.110223355586641e-13;2.871015989848417e-13;3.4987124308827335e-13;8.569145393266808e-13;6.770051186322235e-13;2.9939428713987582e-12;148.70024622824513;122.89991906772701;116.03839855327601;130.0;122.89991906772701;44.22832776868938;21.581961467658402;24.28480225358254;61.10896307140956;31.60888293782523;7.806711520982674;10.701107713177066;19.64300551103804;61.285667452489804;4.821512111180823;10.942348553414035;4.0;1.0700000000000007;145106.60447092514;21479.52414356186;6.755578173011738;4.821512111180823;deltaT_shex_1_K;shex;True;True;True;True;True;True;True;True;110.35699448896196;2691.6032661520485;0.09756345817566303;145106.60447092514;0.0;0.0;135.0;4.0;148.70024622824513;4.0;122.89991906772701;8.0;116.03839855327601;8.0;130.0;8.0;122.89991906772701;8.0;30.0;4.0;44.22832776868938;4.0;110.35699448896196;2691.6032661520485;0.013596705897787676;145106.60447092514;0.0;0.0;105.33729084009894;277.80053050139685;1.1675634581756638;21479.52414356186;0.5684102858620254;0.21457008965923896;170.28220769590354;377.96927390315267;1.0835967058977884;145106.60447092514;0.6124557922806908;0.2468811442454017;110.35699448896196;2691.6032661520485;0.08396675227787535;145106.60447092514;0.0;0.0;126.07311902453415;277.80053050139685;1.1675634581756638;145106.60447092514;0.5684102858620254;0.21457008965923896;159.28480225358254;348.1637978892426;1.1675634581756638;145106.60447092514;0.5684102858620254;0.21457008965923896;154.46329014240172;348.5694599333569;1.0700000000000007;145106.60447092514;0.6202383916109191;0.2530516020901424;115.13077047112012;271.79041339138894;1.0700000000000007;145106.60447092514;0.6202383916109191;0.2530516020901424;115.09320754674434;271.7179588596876;1.0700000000000007;21479.52414356186;0.6202383916109191;0.2530516020901424;105.33729084009894;2696.3043645396388;0.09756345817566303;21479.52414356186;0.0;0.0;61.60888293782523;257.91559951501796;0.09756345817566303;21479.52414356186;0.0;0.0;61.61425161523721;258.04145095151017;0.09756345817566303;145106.60447092514;0.0;0.0;"Zustand 3: Temperatur 432.435 K liegt außerhalb des Boryta-Prüfbereichs; Kristallisation wurde nicht bewertet.";"Zustand 4: Temperatur 427.613 K liegt außerhalb des Boryta-Prüfbereichs; Kristallisation wurde nicht bewertet.";"Zustand 5: Temperatur 388.281 K liegt außerhalb des Boryta-Prüfbereichs; Kristallisation wurde nicht bewertet.";"Zustand 6: Temperatur 388.243 K liegt außerhalb des Boryta-Prüfbereichs; Kristallisation wurde nicht bewertet.";"Zustand 20: Temperatur 443.432 K liegt außerhalb des Boryta-Prüfbereichs; Kristallisation wurde nicht bewertet.";5
series_evaporator_to_desorber;Serie Verdampfer → Desorber;series_evaporator_to_desorber;nan;130.0;30.0;130.0;8.0;8.0;4.0;130.0;1.0800000000000005;Abwärmetemperatur [°C];hot_temperature_C;130.0;10.0;10.0;25.0;15.0;11.0;nan;nan;7.997377689620758e-24;`gtol` termination condition is satisfied.;4;3.9869152646646825e-10;3.999344368673635e-12;1;True;;True;0;zulässig;feasible;True;True;True;110.3470214054496;126.07224145456905;154.41326756609175;61.62651265271495;0.14045245006506574;0.2466966029383972;0.21469975286210805;0.25285411280878617;228.9024994152436;238.03032665092914;229.29506282015404;237.5472518981211;82.92658059619818;0.490320804688365;11.063696831229695;18.690340874117453;0.012278756560933936;0.07823259131980019;22.890249941488683;23.803032665083602;9.171802512804529;15.83648345986953;7.538780054190621;105.39380130071322;0.01657822264046431;2696.411048996829;277.8316954087204;237.06002660851343;0.019522789478496394;1.1580937682123715;0.5781842456381933;0.22138060885114225;-1.6768808563938364e-11;1.0135181582882069e-10;6.849631972727366e-11;3.402833570476105e-13;4.0813574742060155e-11;9.310952009400353e-11;7.813127922418062e-11;3.567492967704311e-10;-1.6768808563938365e-13;1.0135181582882068e-12;6.849631972727366e-13;3.1507718245149104e-13;4.0813574742060153e-13;9.310952009400352e-13;7.813127922418061e-13;3.567492967704311e-12;148.69034087411745;122.89631423749637;116.03940446416641;130.0;122.89631423749637;44.23626355567757;21.518960288788264;24.318594438962748;61.157537745035654;31.62651265271495;7.840740426243997;10.645603163453188;19.652978594550405;61.26443434357719;4.905326872871001;10.979128310278213;4.0;1.0800000000000005;145058.10231712696;21496.863058310686;6.747873023317582;4.905326872871001;deltaT_shex_1_K;shex;True;True;True;True;True;True;True;True;110.3470214054496;2691.5881377266114;0.09761655769086741;145058.10231712696;0.0;0.0;135.0;4.0;148.69034087411745;4.0;122.89631423749637;8.0;116.03940446416641;8.0;130.0;8.0;122.89631423749637;8.0;30.0;4.0;44.23626355567757;4.0;110.3470214054496;2691.5881377266114;0.013710484694600164;145058.10231712696;0.0;0.0;105.39380130071322;277.83169540871666;1.177616557690868;21496.863058310686;0.5685989784867944;0.21469975286210805;170.20930116290572;377.76696831373766;1.0937104846946006;145058.10231712696;0.6122201269184998;0.2466966029383972;110.3470214054496;2691.5881377266114;0.08390607299626725;145058.10231712696;0.0;0.0;126.07224145456905;277.83169540871666;1.177616557690868;145058.10231712696;0.5685989784867944;0.21469975286210805;159.31859443896275;348.25069559567476;1.177616557690868;145058.10231712696;0.5685989784867944;0.21469975286210805;154.41326756609175;348.39325560150746;1.0800000000000005;145058.10231712696;0.619992196066817;0.25285411280878617;115.09311314429084;271.60938467908625;1.0800000000000005;145058.10231712696;0.619992196066817;0.25285411280878617;115.05557381125237;271.5369470945309;1.0800000000000005;21496.863058310686;0.619992196066817;0.25285411280878617;105.39380130071322;2696.411048996829;0.09761655769086741;21496.863058310686;0.0;0.0;61.62651265271495;257.98940945566886;0.09761655769086741;21496.863058310686;0.0;0.0;61.63187989391918;258.11519504831205;0.09761655769086741;145058.10231712696;0.0;0.0;"Zustand 3: Temperatur 432.469 K liegt außerhalb des Boryta-Prüfbereichs; Kristallisation wurde nicht bewertet.";"Zustand 4: Temperatur 427.563 K liegt außerhalb des Boryta-Prüfbereichs; Kristallisation wurde nicht bewertet.";"Zustand 5: Temperatur 388.243 K liegt außerhalb des Boryta-Prüfbereichs; Kristallisation wurde nicht bewertet.";"Zustand 6: Temperatur 388.206 K liegt außerhalb des Boryta-Prüfbereichs; Kristallisation wurde nicht bewertet.";"Zustand 20: Temperatur 443.359 K liegt außerhalb des Boryta-Prüfbereichs; Kristallisation wurde nicht bewertet.";5
series_evaporator_to_desorber;Serie Verdampfer → Desorber;series_evaporator_to_desorber;nan;130.0;30.0;130.0;8.0;8.0;4.0;130.0;1.0900000000000007;Abwärmetemperatur [°C];hot_temperature_C;130.0;10.0;10.0;25.0;15.0;11.0;nan;nan;1.1953483571523088e-23;`gtol` termination condition is satisfied.;4;4.876530242795284e-10;4.889475139833127e-12;1;True;;True;0;zulässig;feasible;True;True;True;110.33702909735194;126.07230227112944;154.36237693950875;61.644154056716786;0.14155021741276455;0.2465138753836022;0.2148261916986415;0.2526590433469258;228.7343599754359;238.1631009850411;229.1382140252815;237.66802979027082;83.695932627716;0.4899985015320725;11.1600561209094;18.68028468752607;0.012279007342686622;0.07893813756352235;22.873435997499897;23.816310098492163;9.165528561008871;15.844535319344494;7.608721147964455;105.44945634437016;0.016527242004310078;2696.5160876819705;277.8641560056381;237.21875380815092;0.019628905540402863;1.1680408541983311;0.5783412660263317;0.2214916110460792;-1.8602008822199423e-11;1.0699352515075589e-10;8.111555871437304e-11;3.8757885789664215e-13;5.971401151327882e-11;1.1945644473598804e-10;1.0339817890780978e-10;4.369269390736008e-10;-1.8602008822199423e-13;1.069935251507559e-12;8.111555871437303e-13;3.5557693385013016e-13;5.971401151327882e-13;1.1945644473598805e-12;1.0339817890780979e-12;4.369269390736008e-12;148.68028468752607;122.89270245842494;116.0404831394871;130.0;122.89270245842494;44.24420460436846;21.45667583450677;24.351229138326346;61.2052517400017;31.644154056716786;7.874066674679;10.591026795116932;19.662970902648055;61.24318260181769;4.988852198817597;11.016150730520735;4.0;1.0900000000000007;145009.52003645748;21514.22538407562;6.740169234435487;4.988852198817597;deltaT_shex_1_K;shex;True;True;True;True;True;True;True;True;110.33702909735194;2691.5729795109346;0.09766975973873326;145009.52003645748;0.0;0.0;135.0;4.0;148.68028468752607;4.0;122.89270245842494;8.0;116.0404831394871;8.0;130.0;8.0;122.89270245842494;8.0;30.0;4.0;44.24420460436846;4.0;110.33702909735194;2691.5729795109346;0.013825175725670172;145009.52003645748;0.0;0.0;105.44945634437016;277.86415600563646;1.187669759738734;21514.22538407562;0.5687828799616355;0.2148261916986415;170.13696052203284;377.56643023149667;1.103825175725671;145009.52003645748;0.6119866091503596;0.2465138753836022;110.33702909735194;2691.5729795109346;0.08384458401306309;145009.52003645748;0.0;0.0;126.07230227112944;277.86415600563646;1.187669759738734;145009.52003645748;0.5687828799616355;0.2148261916986415;159.35122913832635;348.33486719569623;1.187669759738734;145009.52003645748;0.5687828799616355;0.2148261916986415;154.36237693950875;348.2163869525437;1.0900000000000007;145009.52003645748;0.6197488315482022;0.2526590433469258;115.05615154060871;271.4311276610441;1.0900000000000007;145009.52003645748;0.6197488315482022;0.2526590433469258;115.01863578374594;271.3587073513528;1.0900000000000007;21514.22538407562;0.6197488315482022;0.2526590433469258;105.44945634437016;2696.5160876819705;0.09766975973873326;21514.22538407562;0.0;0.0;61.644154056716786;258.06326848667675;0.09766975973873326;21514.22538407562;0.0;0.0;61.64951985660724;258.18898812984503;0.09766975973873326;145009.52003645748;0.0;0.0;"Zustand 3: Temperatur 432.501 K liegt außerhalb des Boryta-Prüfbereichs; Kristallisation wurde nicht bewertet.";"Zustand 4: Temperatur 427.512 K liegt außerhalb des Boryta-Prüfbereichs; Kristallisation wurde nicht bewertet.";"Zustand 5: Temperatur 388.206 K liegt außerhalb des Boryta-Prüfbereichs; Kristallisation wurde nicht bewertet.";"Zustand 6: Temperatur 388.169 K liegt außerhalb des Boryta-Prüfbereichs; Kristallisation wurde nicht bewertet.";"Zustand 20: Temperatur 443.287 K liegt außerhalb des Boryta-Prüfbereichs; Kristallisation wurde nicht bewertet.";5
