config_case_key;config_case_label;config_routing_mode;input_fixed_T13_C;input_fixed_T15_C;input_fixed_T17_C;input_fixed_hot_C;input_fixed_m13_kg_s;input_fixed_m15_kg_s;input_fixed_m17_kg_s;input_hot_variation_C;input_m6_kg_s;input_outer_variation_label;input_outer_variation_mode;input_outer_variation_value;input_scaled_UA_abs;input_scaled_UA_cond;input_scaled_UA_des;input_scaled_UA_evap;input_scaled_UA_shex;input_ua_scale_factor;input_ua_scale_percent;solve_cost;solve_message;solve_nfev;solve_raw_residual_norm;solve_scaled_residual_norm;solve_status;solve_success;status_final_evaluation_error;status_final_point_evaluable;failure_code;failure_label;failure_reason;feasible_margin;feasible_numeric;feasible_physical;primary_T10_C;primary_T2_C;primary_T4_C;primary_T8_C;primary_beta;primary_x20;primary_x3;primary_x6;heat_Q_abs_kW;heat_Q_cond_kW;heat_Q_des_kW;heat_Q_evap_kW;heat_Q_shex_kW;kpi_COP;kpi_FR;kpi_GTL_K;pump_W_ref_pump_kW;pump_W_sol_pump_kW;lmtd_LMTD_abs_K;lmtd_LMTD_cond_K;lmtd_LMTD_des_K;lmtd_LMTD_evap_K;lmtd_LMTD_shex_K;flash_T1_C;flash_flash_fraction;flash_h1_flash_kJ_kg;flash_h1_mix_kJ_kg;flash_h1_sol_kJ_kg;flash_m1_flash_kg_s;flash_m1_sol_kg_s;flash_w1_LiBr;flash_x1_LiBr_mol;residual_raw_R1_SHEX_energy;residual_raw_R2_SHEX_UA;residual_raw_R3_preabs_energy;residual_raw_R4_preabs_LiBr;residual_raw_R5_desorber_UA;residual_raw_R6_condenser_UA;residual_raw_R7_evaporator_UA;residual_raw_R8_absorber_UA;residual_scaled_R1_SHEX_energy;residual_scaled_R2_SHEX_UA;residual_scaled_R3_preabs_energy;residual_scaled_R4_preabs_LiBr;residual_scaled_R5_desorber_UA;residual_scaled_R6_condenser_UA;residual_scaled_R7_evaporator_UA;residual_scaled_R8_absorber_UA;diagnostic_T12_C;diagnostic_T13_C;diagnostic_T14_C;diagnostic_T15_C;diagnostic_T16_C;diagnostic_T18_C;diagnostic_deltaT_abs_1_K;diagnostic_deltaT_abs_2_K;diagnostic_deltaT_cond_1_K;diagnostic_deltaT_cond_2_K;diagnostic_deltaT_des_1_K;diagnostic_deltaT_des_2_K;diagnostic_deltaT_evap_1_K;diagnostic_deltaT_evap_2_K;diagnostic_deltaT_shex_1_K;diagnostic_deltaT_shex_2_K;diagnostic_m11_kg_s;diagnostic_m6_kg_s;diagnostic_p_high_Pa;diagnostic_p_low_Pa;diagnostic_pressure_ratio_high_over_low;pinch_deltaT_min_global_K;pinch_limiting_key;pinch_limiting_unit;check_beta_in_0_1;check_crystallization_safe_all_checked_states;check_desorber_evaporator_temperature_coupling_ok;check_m21_nonnegative;check_m7_positive;check_p_high_gt_p_low;check_w6_gt_w20_gt_w3;check_w6_gt_w3;state_10_T_C;state_10_h_kJ_kg;state_10_m_kg_s;state_10_p_Pa;state_10_w_LiBr;state_10_x_LiBr_mol;state_11_T_C;state_11_m_kg_s;state_12_T_C;state_12_m_kg_s;state_13_T_C;state_13_m_kg_s;state_14_T_C;state_14_m_kg_s;state_15_T_C;state_15_m_kg_s;state_16_T_C;state_16_m_kg_s;state_17_T_C;state_17_m_kg_s;state_18_T_C;state_18_m_kg_s;state_19_T_C;state_19_h_kJ_kg;state_19_m_kg_s;state_19_p_Pa;state_19_w_LiBr;state_19_x_LiBr_mol;state_1_T_C;state_1_h_kJ_kg;state_1_m_kg_s;state_1_p_Pa;state_1_w_LiBr;state_1_x_LiBr_mol;state_20_T_C;state_20_h_kJ_kg;state_20_m_kg_s;state_20_p_Pa;state_20_w_LiBr;state_20_x_LiBr_mol;state_21_T_C;state_21_h_kJ_kg;state_21_m_kg_s;state_21_p_Pa;state_21_w_LiBr;state_21_x_LiBr_mol;state_2_T_C;state_2_h_kJ_kg;state_2_m_kg_s;state_2_p_Pa;state_2_w_LiBr;state_2_x_LiBr_mol;state_3_T_C;state_3_h_kJ_kg;state_3_m_kg_s;state_3_p_Pa;state_3_w_LiBr;state_3_x_LiBr_mol;state_4_T_C;state_4_h_kJ_kg;state_4_m_kg_s;state_4_p_Pa;state_4_w_LiBr;state_4_x_LiBr_mol;state_5_T_C;state_5_h_kJ_kg;state_5_m_kg_s;state_5_p_Pa;state_5_w_LiBr;state_5_x_LiBr_mol;state_6_T_C;state_6_h_kJ_kg;state_6_m_kg_s;state_6_p_Pa;state_6_w_LiBr;state_6_x_LiBr_mol;state_7_T_C;state_7_h_kJ_kg;state_7_m_kg_s;state_7_p_Pa;state_7_w_LiBr;state_7_x_LiBr_mol;state_8_T_C;state_8_h_kJ_kg;state_8_m_kg_s;state_8_p_Pa;state_8_w_LiBr;state_8_x_LiBr_mol;state_9_T_C;state_9_h_kJ_kg;state_9_m_kg_s;state_9_p_Pa;state_9_w_LiBr;state_9_x_LiBr_mol;validity_message_1;validity_message_2;validity_message_3;validity_message_4;validity_message_5;validity_message_count
series_evaporator_to_desorber;Serie Verdampfer → Desorber;series_evaporator_to_desorber;nan;120.0;30.0;120.0;8.0;8.0;4.0;120.0;0.4;Abwärmetemperatur [°C];hot_temperature_C;120.0;10.0;10.0;25.0;15.0;11.0;nan;nan;5.631012037351514e-22;`gtol` termination condition is satisfied.;5;3.3527178116015114e-09;3.355893930788491e-11;1;True;;True;0;zulässig;feasible_but_near_limit_shex;False;True;True;105.08219588431746;122.36628130314176;147.99211187509502;53.85278232980539;0.09188503245048847;0.2662086721125942;0.2000993804425234;0.2754154792221644;182.33301142440158;179.5229727615255;181.511222924122;180.31278846538677;26.53841036992014;0.5039273394935568;5.452639801025044;25.90508441533501;0.007909476933638183;0.024063319486079492;18.23330114243975;17.952297276152887;7.26044891696579;12.020852564359153;2.412582761206616;92.57723496531901;0.024791721608597765;2672.642055870034;267.0865178447785;205.9325422949453;0.011735383625193607;0.4616235791151664;0.5605838302707821;0.20925349406335086;1.4281908988778014e-12;-3.352635502551493e-09;-1.5916157281026244e-12;-1.459776743928387e-12;-2.2737367544323206e-11;-3.382183422218077e-12;-5.115907697472721e-13;4.064304448547773e-12;1.4281908988778012e-14;-3.352635502551493e-11;-1.5916157281026246e-14;-1.459776743928387e-12;-2.2737367544323206e-13;-3.382183422218077e-14;-5.115907697472721e-15;4.064304448547773e-14;145.905084415335;114.60787115833176;109.17990396562476;120.0;114.60787115833176;40.7370199020051;24.468985761082138;13.159362892433649;51.840215063313906;23.852782329805393;2.322757724075359;16.602669000305752;14.917804115682543;60.75101097237439;0.16725101733862857;10.0484011683738;4.0;0.4;121247.5020567836;14915.853018677859;8.128767553887506;0.16725101733862857;deltaT_shex_1_K;shex;True;True;True;True;True;True;True;True;105.08219588431746;2683.5163260477398;0.07335896274035997;121247.5020567836;0.0;0.0;135.0;4.0;145.905084415335;4.0;114.60787115833176;8.0;109.17990396562476;8.0;120.0;8.0;114.60787115833176;8.0;30.0;4.0;40.7370199020051;4.0;105.08219588431746;2683.5163260477398;0.00674059067193215;121247.5020567836;0.0;0.0;92.57723496531901;267.086517844778;0.47335896274036;14915.853018677859;0.5466859920124274;0.2000993804425234;170.37407017641715;384.83429825464606;0.4067405906719322;121247.5020567836;0.6362254470291415;0.2662086721125942;105.08219588431746;2683.5163260477398;0.06661837206842781;121247.5020567836;0.0;0.0;122.36628130314176;267.086517844778;0.47335896274036;121247.5020567836;0.5466859920124274;0.2000993804425234;148.15936289243365;323.15054632811865;0.47335896274036;121247.5020567836;0.5466859920124274;0.2000993804425234;147.99211187509502;346.0981116689416;0.4;121247.5020567836;0.6469467853092183;0.2754154792221644;112.31788013476796;279.75208574414484;0.4;121247.5020567836;0.6469467853092183;0.2754154792221644;112.2851134342564;279.69192744542966;0.4;14915.853018677859;0.6469467853092183;0.2754154792221644;92.57723496531901;2672.642055870034;0.07335896274035997;14915.853018677859;0.0;0.0;53.85278232980539;225.45678967546203;0.07335896274035997;14915.853018677859;0.0;0.0;53.85686018595737;225.56460849729615;0.07335896274035997;121247.5020567836;0.0;0.0;"Zustand 3: Temperatur 421.309 K liegt außerhalb des Boryta-Prüfbereichs; Kristallisation wurde nicht bewertet.";"Zustand 4: Temperatur 421.142 K liegt außerhalb des Boryta-Prüfbereichs; Kristallisation wurde nicht bewertet.";"Zustand 5: Temperatur 385.468 K liegt außerhalb des Boryta-Prüfbereichs; Kristallisation wurde nicht bewertet.";"Zustand 6: Temperatur 385.435 K liegt außerhalb des Boryta-Prüfbereichs; Kristallisation wurde nicht bewertet.";"Zustand 20: Temperatur 443.524 K liegt außerhalb des Boryta-Prüfbereichs; Kristallisation wurde nicht bewertet.";5
series_evaporator_to_desorber;Serie Verdampfer → Desorber;series_evaporator_to_desorber;nan;120.0;30.0;120.0;8.0;8.0;4.0;120.0;0.41000000000000003;Abwärmetemperatur [°C];hot_temperature_C;120.0;10.0;10.0;25.0;15.0;11.0;nan;nan;1.70633795178779e-22;`gtol` termination condition is satisfied.;5;1.8457039252459909e-09;1.8473429306914242e-11;1;True;;True;0;zulässig;feasible_but_near_limit_shex;False;True;True;105.04557105598491;122.20292215641547;148.18878649651737;53.91707618860505;0.09238834264434762;0.26569240926461307;0.20086340913169293;0.2747179373511624;182.76912143765065;180.00686703023092;181.9879539763872;180.75547593282548;27.47878796055575;0.5038523274794917;5.574529587206843;25.931167550098735;0.007915280877609492;0.02464327779210288;18.276912143764815;18.00068670302315;7.279518159055984;12.050365062188312;2.4980716329455825;92.85815727411739;0.024361996574928376;2673.173574851041;266.8365804781118;206.7495672526794;0.011780214376775122;0.4717685924931214;0.5615474001714741;0.20990164161830832;7.531752999057062e-13;-1.8456596251326118e-09;-9.379164112033322e-13;-7.780442956573097e-13;-1.2420287021086551e-11;-5.684341886080801e-13;7.958078640513122e-13;2.5011104298755527e-12;7.531752999057062e-15;-1.8456596251326117e-11;-9.379164112033323e-15;-7.780442956573097e-13;-1.2420287021086552e-13;-5.684341886080802e-15;7.958078640513123e-15;2.5011104298755527e-14;145.93116755009873;114.59463289674562;109.15240939266704;120.0;114.59463289674562;40.76596094678416;24.234212629750516;13.386432856420186;52.09219632733323;23.91707618860505;2.4240466026799368;16.29425211854965;14.954428944015092;60.67348204204012;0.1976463599028193;9.999643041449701;4.0;0.41000000000000003;121093.93996125761;14962.229693300478;8.093308446900725;0.1976463599028193;deltaT_shex_1_K;shex;True;True;True;True;True;True;True;True;105.04557105598491;2683.459590568609;0.07354880686989651;121093.93996125761;0.0;0.0;135.0;4.0;145.93116755009873;4.0;114.59463289674562;8.0;109.15240939266704;8.0;120.0;8.0;114.59463289674562;8.0;30.0;4.0;40.76596094678416;4.0;105.04557105598491;2683.459590568609;0.006795052370178947;121093.93996125761;0.0;0.0;92.85815727411739;266.83658047811144;0.48354880686989654;14962.229693300478;0.5478669843318367;0.20086340913169293;170.16538017984925;384.2306089964754;0.416795052370179;121093.93996125761;0.6356131750876816;0.26569240926461307;105.04557105598491;2683.459590568609;0.06675375449971756;121093.93996125761;0.0;0.0;122.20292215641547;266.83658047811144;0.48354880686989654;121093.93996125761;0.5478669843318367;0.20086340913169293;148.38643285642019;323.6639111842529;0.48354880686989654;121093.93996125761;0.5478669843318367;0.20086340913169293;148.18878649651737;346.1248008481418;0.41000000000000003;121093.93996125761;0.6461473819440681;0.2747179373511624;112.20327911496577;279.10336679800764;0.41000000000000003;121093.93996125761;0.6461473819440681;0.2747179373511624;112.17058629406569;279.04326124241715;0.41000000000000003;14962.229693300478;0.6461473819440681;0.2747179373511624;92.85815727411739;2673.173574851041;0.07354880686989651;14962.229693300478;0.0;0.0;53.91707618860505;225.7257549475524;0.07354880686989651;14962.229693300478;0.0;0.0;53.9211508547055;225.8333743803409;0.07354880686989651;121093.93996125761;0.0;0.0;"Zustand 3: Temperatur 421.536 K liegt außerhalb des Boryta-Prüfbereichs; Kristallisation wurde nicht bewertet.";"Zustand 4: Temperatur 421.339 K liegt außerhalb des Boryta-Prüfbereichs; Kristallisation wurde nicht bewertet.";"Zustand 5: Temperatur 385.353 K liegt außerhalb des Boryta-Prüfbereichs; Kristallisation wurde nicht bewertet.";"Zustand 6: Temperatur 385.321 K liegt außerhalb des Boryta-Prüfbereichs; Kristallisation wurde nicht bewertet.";"Zustand 20: Temperatur 443.315 K liegt außerhalb des Boryta-Prüfbereichs; Kristallisation wurde nicht bewertet.";5
series_evaporator_to_desorber;Serie Verdampfer → Desorber;series_evaporator_to_desorber;nan;120.0;30.0;120.0;8.0;8.0;4.0;120.0;0.42000000000000004;Abwärmetemperatur [°C];hot_temperature_C;120.0;10.0;10.0;25.0;15.0;11.0;nan;nan;5.43487908942331e-23;`gtol` termination condition is satisfied.;5;1.0417667969423455e-09;1.0425813243506054e-11;1;True;;True;0;zulässig;feasible_but_near_limit_shex;False;True;True;105.01102149283633;122.04344652885271;148.37449366620763;53.97782421732933;0.09289548582985535;0.2651914521306411;0.20159892377360808;0.2740441512257332;183.17405786775817;180.46407435116976;182.43190808351576;181.17307949051008;28.421899435348546;0.503772126696876;5.696618256313211;25.955386236109916;0.007920689868650117;0.025223955033726733;18.31740578677582;18.04640743511725;7.297276323341063;12.078205299367449;2.583809039671841;93.12689222119963;0.02394968154729169;2673.6821275001735;266.59792884116285;207.53447798671363;0.011824627232479679;0.48190332523028895;0.5624712283709142;0.21052473414148248;3.410605131648481e-13;-1.04170538861581e-09;-4.831690603168681e-13;-4.1205927558962685e-13;-1.0828671292983927e-11;-2.7284841053187847e-12;-1.6484591469634324e-12;-2.842170943040401e-14;3.4106051316484808e-15;-1.04170538861581e-11;-4.831690603168682e-15;-4.1205927558962685e-13;-1.0828671292983927e-13;-2.7284841053187846e-14;-1.6484591469634323e-14;-2.842170943040401e-16;145.95538623610992;114.58214475207802;109.12664510843223;120.0;114.58214475207802;40.79330588224701;24.008602672148186;13.605643649685533;52.333586338952614;23.977824217329328;2.524176648571256;15.999752887232603;14.988978507163665;60.60024888838109;0.2311499834779056;9.952855506787046;4.0;0.42000000000000004;120949.22625613665;15006.161913464692;8.059970760918661;0.2311499834779056;deltaT_shex_1_K;shex;True;True;True;True;True;True;True;True;105.01102149283633;2683.4060626599216;0.07372795246276859;120949.22625613665;0.0;0.0;135.0;4.0;145.95538623610992;4.0;114.58214475207802;8.0;109.12664510843223;8.0;120.0;8.0;114.58214475207802;8.0;30.0;4.0;40.79330588224701;4.0;105.01102149283633;2683.4060626599216;0.006848993963269368;120949.22625613665;0.0;0.0;93.12689222119963;266.59792884116257;0.4937279524627686;15006.161913464692;0.5490002215719169;0.20159892377360808;169.9639889082581;383.6471596623309;0.4268489939632694;120949.22625613665;0.6350179082817411;0.2651914521306411;105.01102149283633;2683.4060626599216;0.06687895849949922;120949.22625613665;0.0;0.0;122.04344652885271;266.59792884116257;0.4937279524627686;120949.22625613665;0.5490002215719169;0.20159892377360808;148.60564364968553;324.16383997416006;0.4937279524627686;120949.22625613665;0.5490002215719169;0.20159892377360808;148.37449366620763;346.1446957489834;0.42000000000000004;120949.22625613665;0.6453732269007352;0.2740441512257332;112.09059102206567;278.47350661720196;0.42000000000000004;120949.22625613665;0.6453732269007352;0.2740441512257332;112.05796810350677;278.41344958140735;0.42000000000000004;15006.161913464692;0.6453732269007352;0.2740441512257332;93.12689222119963;2673.6821275001735;0.07372795246276859;15006.161913464692;0.0;0.0;53.97782421732933;225.9798880774636;0.07372795246276859;15006.161913464692;0.0;0.0;53.981895863696934;226.08731937867395;0.07372795246276859;120949.22625613665;0.0;0.0;"Zustand 3: Temperatur 421.756 K liegt außerhalb des Boryta-Prüfbereichs; Kristallisation wurde nicht bewertet.";"Zustand 4: Temperatur 421.524 K liegt außerhalb des Boryta-Prüfbereichs; Kristallisation wurde nicht bewertet.";"Zustand 5: Temperatur 385.241 K liegt außerhalb des Boryta-Prüfbereichs; Kristallisation wurde nicht bewertet.";"Zustand 6: Temperatur 385.208 K liegt außerhalb des Boryta-Prüfbereichs; Kristallisation wurde nicht bewertet.";"Zustand 20: Temperatur 443.114 K liegt außerhalb des Boryta-Prüfbereichs; Kristallisation wurde nicht bewertet.";5
series_evaporator_to_desorber;Serie Verdampfer → Desorber;series_evaporator_to_desorber;nan;120.0;30.0;120.0;8.0;8.0;4.0;120.0;0.43000000000000005;Abwärmetemperatur [°C];hot_temperature_C;120.0;10.0;10.0;25.0;15.0;11.0;nan;nan;1.7918197534903283e-23;`gtol` termination condition is satisfied.;5;5.982384772800232e-10;5.986350730604294e-12;1;True;;True;0;zulässig;feasible_but_near_limit_shex;False;True;True;104.97838563219659;121.88804679566215;148.54953904381216;54.0352966769932;0.09340796755805178;0.26470497737398296;0.20230729488237723;0.2733929047241239;183.5497766886276;180.89662878729965;182.8451224583042;181.56755196047231;29.367190602217146;0.5036865882378598;5.818892165977589;25.97785745745381;0.007925740135580667;0.025805317015453508;18.354977668862677;18.08966287873012;7.313804898332451;12.104503464031586;2.6697446002559397;93.38417956566144;0.023554019097180915;2674.1691010824998;266.370406936136;208.28902042497054;0.01186880492688941;0.49202842288464527;0.5633575766787544;0.21112409723439296;2.984279490192421e-13;-5.981917183817131e-10;-1.1368683772161603e-13;-2.1788126858268697e-13;-7.105427357601002e-12;-1.5631940186722204e-12;-1.4779288903810084e-12;8.242295734817162e-13;2.9842794901924207e-15;-5.9819171838171314e-12;-1.1368683772161603e-15;-2.1788126858268697e-13;-7.105427357601002e-14;-1.5631940186722205e-14;-1.4779288903810084e-14;8.242295734817162e-15;145.9778574574538;114.57034832654091;109.10249179369686;120.0;114.57034832654091;40.81917636287676;23.791586797210357;13.817307566281386;52.56500320278468;24.035296676993198;2.6230625586107976;15.718312228035416;15.021614367803409;60.5309828648941;0.26776852246922545;9.9082043365824;4.0;0.43000000000000005;120812.65934704534;15047.826776117003;8.028578554531999;0.26776852246922545;deltaT_shex_1_K;shex;True;True;True;True;True;True;True;True;104.97838563219659;2683.3554932302477;0.07389722781153463;120812.65934704534;0.0;0.0;135.0;4.0;145.9778574574538;4.0;114.57034832654091;8.0;109.10249179369686;8.0;120.0;8.0;114.57034832654091;8.0;30.0;4.0;40.81917636287676;4.0;104.97838563219659;2683.3554932302477;0.006902589858049788;120812.65934704534;0.0;0.0;93.38417956566144;266.3704069361369;0.5038972278115347;15047.826776117003;0.5500882415591215;0.20230729488237723;169.76944425466417;383.0827535307539;0.43690258985804986;120812.65934704534;0.6344387660042018;0.26470497737398296;104.97838563219659;2683.3554932302477;0.06699463795348484;120812.65934704534;0.0;0.0;121.88804679566215;266.3704069361369;0.5038972278115347;120812.65934704534;0.5500882415591215;0.20230729488237723;148.81730756628139;324.6505263362002;0.5038972278115347;120812.65934704534;0.5500882415591215;0.20230729488237723;148.54953904381216;346.1575458940139;0.43000000000000005;120812.65934704534;0.6446231162171235;0.2733929047241239;111.97984245907975;277.86175379583517;0.43000000000000005;120812.65934704534;0.6446231162171235;0.2733929047241239;111.94728576793011;277.80174143068297;0.43000000000000005;15047.826776117003;0.6446231162171235;0.2733929047241239;93.38417956566144;2674.1691010824998;0.07389722781153463;15047.826776117003;0.0;0.0;54.0352966769932;226.22031944953736;0.07389722781153463;15047.826776117003;0.0;0.0;54.03936546164681;226.32757300112922;0.07389722781153463;120812.65934704534;0.0;0.0;"Zustand 3: Temperatur 421.967 K liegt außerhalb des Boryta-Prüfbereichs; Kristallisation wurde nicht bewertet.";"Zustand 4: Temperatur 421.700 K liegt außerhalb des Boryta-Prüfbereichs; Kristallisation wurde nicht bewertet.";"Zustand 5: Temperatur 385.130 K liegt außerhalb des Boryta-Prüfbereichs; Kristallisation wurde nicht bewertet.";"Zustand 6: Temperatur 385.097 K liegt außerhalb des Boryta-Prüfbereichs; Kristallisation wurde nicht bewertet.";"Zustand 20: Temperatur 442.919 K liegt außerhalb des Boryta-Prüfbereichs; Kristallisation wurde nicht bewertet.";5
series_evaporator_to_desorber;Serie Verdampfer → Desorber;series_evaporator_to_desorber;nan;120.0;30.0;120.0;8.0;8.0;4.0;120.0;0.44000000000000006;Abwärmetemperatur [°C];hot_temperature_C;120.0;10.0;10.0;25.0;15.0;11.0;nan;nan;6.147698534751542e-24;`gtol` termination condition is satisfied.;5;3.5045779565276875e-10;3.506479298313778e-12;1;True;;True;0;zulässig;feasible_but_near_limit_shex;False;True;True;104.94751547384527;121.73687709371495;148.71423822152383;54.089741528300294;0.09392716531932502;0.26423222463349316;0.2029898118209522;0.27276306305526554;183.89807378821652;181.30639656294497;183.22947032402453;181.94068223417383;30.314144254095616;0.503595577294363;5.941338017426087;25.99868862369715;0.007930464147682696;0.026387328815586957;18.389807378821644;18.130639656294484;7.329178812961242;12.129378815611606;2.7558312958587283;93.63070572217106;0.023174288103838765;2674.635783240007;266.15383849344227;209.01482812473893;0.011912914109728723;0.5021444781324682;0.5642085446622211;0.2117009688476911;1.7053025658242404e-13;-3.503970447127358e-10;-2.8421709430404007e-13;-1.1546319456101628e-13;-6.508571459562518e-12;1.4210854715202004e-13;-2.5579538487363607e-13;8.526512829121202e-14;1.7053025658242404e-15;-3.503970447127358e-12;-2.842170943040401e-15;-1.1546319456101628e-13;-6.508571459562518e-14;1.4210854715202005e-15;-2.5579538487363606e-15;8.526512829121202e-16;145.99868862369715;114.55919012457616;109.0798399354606;120.0;114.55919012457616;40.843684004960835;23.582641633013736;14.021723335058311;52.78702171721022;24.089741528300294;2.720632137654661;15.44913421328954;15.052484526154728;60.46538252674952;0.30748511353448293;9.865825244985274;4.0;0.44000000000000006;120683.598262989;15087.387959879843;7.998972292878597;0.30748511353448293;deltaT_shex_1_K;shex;True;True;True;True;True;True;True;True;104.94751547384527;2683.30765401391;0.07405739224219687;120683.598262989;0.0;0.0;135.0;4.0;145.99868862369715;4.0;114.55919012457616;8.0;109.0798399354606;8.0;120.0;8.0;114.55919012457616;8.0;30.0;4.0;40.843684004960835;4.0;104.94751547384527;2683.30765401391;0.006956000924250924;120683.598262989;0.0;0.0;93.63070572217106;266.153838493441;0.5140573922421969;15087.387959879843;0.5511334132975713;0.2029898118209522;169.58133025671088;382.5362875126749;0.446956000924251;120683.598262989;0.6338749331736152;0.26423222463349316;104.94751547384527;2683.30765401391;0.06710139131794594;120683.598262989;0.0;0.0;121.73687709371495;266.153838493441;0.5140573922421969;120683.598262989;0.5511334132975713;0.2029898118209522;149.0217233350583;325.1241883251446;0.5140573922421969;120683.598262989;0.5511334132975713;0.2029898118209522;148.71423822152383;346.16317898569093;0.44000000000000006;120683.598262989;0.6438959209483872;0.27276306305526554;111.87105184872968;277.2673965900195;0.44000000000000006;120683.598262989;0.6438959209483872;0.27276306305526554;111.8385579869215;277.20742538816586;0.44000000000000006;15087.387959879843;0.6438959209483872;0.27276306305526554;93.63070572217106;2674.635783240007;0.07405739224219687;15087.387959879843;0.0;0.0;54.089741528300294;226.44808619010874;0.07405739224219687;15087.387959879843;0.0;0.0;54.09380759782664;226.55517157223707;0.07405739224219687;120683.598262989;0.0;0.0;"Zustand 3: Temperatur 422.172 K liegt außerhalb des Boryta-Prüfbereichs; Kristallisation wurde nicht bewertet.";"Zustand 4: Temperatur 421.864 K liegt außerhalb des Boryta-Prüfbereichs; Kristallisation wurde nicht bewertet.";"Zustand 5: Temperatur 385.021 K liegt außerhalb des Boryta-Prüfbereichs; Kristallisation wurde nicht bewertet.";"Zustand 6: Temperatur 384.989 K liegt außerhalb des Boryta-Prüfbereichs; Kristallisation wurde nicht bewertet.";"Zustand 20: Temperatur 442.731 K liegt außerhalb des Boryta-Prüfbereichs; Kristallisation wurde nicht bewertet.";5
series_evaporator_to_desorber;Serie Verdampfer → Desorber;series_evaporator_to_desorber;nan;120.0;30.0;120.0;8.0;8.0;4.0;120.0;0.45000000000000007;Abwärmetemperatur [°C];hot_temperature_C;120.0;10.0;10.0;25.0;15.0;11.0;nan;nan;2.1810507620571627e-24;`gtol` termination condition is satisfied.;5;2.0876587054982693e-10;2.0885644649170697e-12;1;True;;True;0;zulässig;feasible_but_near_limit_shex;False;True;True;104.91827532091617;121.59005633540846;148.86891467237825;54.14138646060184;0.09445433076386149;0.2637724906023264;0.20364768827949734;0.2721535655199214;184.22060150000453;181.6950913343398;183.58667749684483;182.2941104913689;31.26227958841342;0.5034989743870861;6.063942867070535;26.017978558612697;0.007934891056720352;0.026969955074004657;18.42206015000049;18.169509133434115;7.343467099874022;12.152940699424702;2.8420254171474633;93.86710791975412;0.02280980089004333;2675.0833697141948;265.94802704096026;209.71342958634597;0.011957106163907882;0.5122520362809637;0.5650260825703716;0.21225650547181457;1.2434497875801753e-13;-2.0867574335170502e-10;-1.4210854715202004e-13;-6.150635556423367e-14;-5.7411853049416095e-12;-1.3642420526593924e-12;-1.6200374375330284e-12;-3.694822225952521e-13;1.2434497875801752e-15;-2.0867574335170502e-12;-1.4210854715202005e-15;-6.150635556423367e-14;-5.74118530494161e-14;-1.3642420526593923e-14;-1.6200374375330283e-14;-3.694822225952521e-15;146.0179785586127;114.54862109774615;109.05858887595053;120.0;114.54862109774615;40.86693129990073;23.381285144002106;14.219176529506854;53.00017661985339;24.141386460601836;2.816824969844731;15.191480956196415;15.081724679083834;60.40317114675577;0.3502618571286007;9.82582603077634;4.0;0.45000000000000007;120561.45679931945;15124.996794802586;7.971007097386498;0.3502618571286007;deltaT_shex_1_K;shex;True;True;True;True;True;True;True;True;104.91827532091617;2683.262335648705;0.07420914244487153;120561.45679931945;0.0;0.0;135.0;4.0;146.0179785586127;4.0;114.54862109774615;8.0;109.05858887595053;8.0;120.0;8.0;114.54862109774615;8.0;30.0;4.0;40.86693129990073;4.0;104.91827532091617;2683.262335648705;0.007009374886190409;120561.45679931945;0.0;0.0;93.86710791975412;265.9480270409602;0.5242091424448716;15124.996794802586;0.5521379501292603;0.20364768827949734;169.3992637026148;382.00674344456195;0.4570093748861905;120561.45679931945;0.6333256542508977;0.2637724906023264;104.91827532091617;2683.262335648705;0.06719976755868112;120561.45679931945;0.0;0.0;121.59005633540846;265.9480270409602;0.5242091424448716;120561.45679931945;0.5521379501292603;0.20364768827949734;149.21917652950685;325.585063210548;0.5242091424448716;120561.45679931945;0.5521379501292603;0.20364768827949734;148.86891467237825;346.16149198967054;0.45000000000000007;120561.45679931945;0.6431905807745084;0.2721535655199214;111.76423030463212;276.68975957097433;0.45000000000000007;120561.45679931945;0.6431905807745084;0.2721535655199214;111.73179612790142;276.6298263374765;0.45000000000000007;15124.996794802586;0.6431905807745084;0.2721535655199214;93.86710791975412;2675.0833697141948;0.07420914244487153;15124.996794802586;0.0;0.0;54.14138646060184;226.66414065064092;0.07420914244487153;15124.996794802586;0.0;0.0;54.14544995099038;226.7710667084729;0.07420914244487153;120561.45679931945;0.0;0.0;"Zustand 3: Temperatur 422.369 K liegt außerhalb des Boryta-Prüfbereichs; Kristallisation wurde nicht bewertet.";"Zustand 4: Temperatur 422.019 K liegt außerhalb des Boryta-Prüfbereichs; Kristallisation wurde nicht bewertet.";"Zustand 5: Temperatur 384.914 K liegt außerhalb des Boryta-Prüfbereichs; Kristallisation wurde nicht bewertet.";"Zustand 6: Temperatur 384.882 K liegt außerhalb des Boryta-Prüfbereichs; Kristallisation wurde nicht bewertet.";"Zustand 20: Temperatur 442.549 K liegt außerhalb des Boryta-Prüfbereichs; Kristallisation wurde nicht bewertet.";5
series_evaporator_to_desorber;Serie Verdampfer → Desorber;series_evaporator_to_desorber;nan;120.0;30.0;120.0;8.0;8.0;4.0;120.0;0.4600000000000001;Abwärmetemperatur [°C];hot_temperature_C;120.0;10.0;10.0;25.0;15.0;11.0;nan;nan;8.45681760145099e-25;`gtol` termination condition is satisfied.;5;1.300103471243646e-10;1.3005243251435928e-12;1;True;;True;0;zulässig;feasible_but_near_limit_shex;False;True;True;104.89054065213247;121.44767133971118;149.01389761332928;54.19044071460513;0.09499059347751193;0.2633251237204161;0.20428206737497076;0.27156341915262244;184.51888309401343;182.0642879078683;183.918336963061;182.62934183150364;32.21115124262163;0.5033966759817593;6.1866941350062;26.035818366866806;0.007939047080591023;0.027553160236516674;18.4518883094014;18.20642879078691;7.356733478522582;12.17528945543358;2.928286476613781;94.0939780467267;0.022459900877656966;2675.512971493251;265.75275692840444;210.38625523027397;0.012001518067395689;0.5223516000861559;0.5658120032763073;0.2127917879746928;-2.1316282072803006e-14;-1.2995826637052232e-10;-2.842170943040401e-14;-3.3084646133829665e-14;-3.552713678800501e-12;-7.673861546209082e-13;-5.684341886080802e-14;-5.684341886080801e-13;-2.1316282072803005e-16;-1.2995826637052233e-12;-2.842170943040401e-16;-3.3084646133829665e-14;-3.552713678800501e-14;-7.673861546209083e-15;-5.684341886080802e-16;-5.684341886080802e-15;146.0358183668668;114.53859623709616;109.03864596906203;120.0;114.53859623709616;40.88901243468109;23.187072724795257;14.409940022143019;53.20496561204561;24.19044071460513;2.9115911972201047;14.944667922335327;15.109459347867528;60.344094485069945;0.39604240881374153;9.788288896814208;4.0;0.4600000000000001;120445.6983025779;15160.79324274784;7.944551210088763;0.39604240881374153;deltaT_shex_1_K;shex;True;True;True;True;True;True;True;True;104.89054065213247;2683.2193459526598;0.0743531181535515;120445.6983025779;0.0;0.0;135.0;4.0;146.0358183668668;4.0;114.53859623709616;8.0;109.03864596906203;8.0;120.0;8.0;114.53859623709616;8.0;30.0;4.0;40.88901243468109;4.0;104.89054065213247;2683.2193459526598;0.007062846820309423;120445.6983025779;0.0;0.0;94.0939780467267;265.75275692840455;0.5343531181535516;15160.79324274784;0.5531039217673329;0.20428206737497076;169.22289109166206;381.49318027863353;0.4670628468203095;120445.6983025779;0.6327902278492982;0.2633251237204161;104.89054065213247;2683.2193459526598;0.06729027133324207;120445.6983025779;0.0;0.0;121.44767133971118;265.75275692840455;0.5343531181535516;120445.6983025779;0.5531039217673329;0.20428206737497076;149.40994002214302;326.03340309348494;0.5343531181535516;120445.6983025779;0.5531039217673329;0.20428206737497076;149.01389761332928;346.15244260373396;0.4600000000000001;120445.6983025779;0.642506098389853;0.27156341915262244;111.65938244289697;276.1282007719478;0.4600000000000001;120445.6983025779;0.642506098389853;0.27156341915262244;111.62700503987605;276.0683025975206;0.4600000000000001;15160.79324274784;0.642506098389853;0.27156341915262244;94.0939780467267;2675.512971493251;0.0743531181535515;15160.79324274784;0.0;0.0;54.19044071460513;226.86935802870988;0.0743531181535515;15160.79324274784;0.0;0.0;54.19450175202621;226.9761329330817;0.0743531181535515;120445.6983025779;0.0;0.0;"Zustand 3: Temperatur 422.560 K liegt außerhalb des Boryta-Prüfbereichs; Kristallisation wurde nicht bewertet.";"Zustand 4: Temperatur 422.164 K liegt außerhalb des Boryta-Prüfbereichs; Kristallisation wurde nicht bewertet.";"Zustand 5: Temperatur 384.809 K liegt außerhalb des Boryta-Prüfbereichs; Kristallisation wurde nicht bewertet.";"Zustand 6: Temperatur 384.777 K liegt außerhalb des Boryta-Prüfbereichs; Kristallisation wurde nicht bewertet.";"Zustand 20: Temperatur 442.373 K liegt außerhalb des Boryta-Prüfbereichs; Kristallisation wurde nicht bewertet.";5
series_evaporator_to_desorber;Serie Verdampfer → Desorber;series_evaporator_to_desorber;nan;120.0;30.0;120.0;8.0;8.0;4.0;120.0;0.4700000000000001;Abwärmetemperatur [°C];hot_temperature_C;120.0;10.0;10.0;25.0;15.0;11.0;nan;nan;3.1647649624896307e-25;`gtol` termination condition is satisfied.;5;7.953788675125463e-11;7.955834289990749e-13;1;True;;True;0;zulässig;feasible_but_near_limit_shex;False;True;True;104.8641971093154;121.30977998622319;149.1495198722094;54.23709672337799;0.09553696597698015;0.262889519405692;0.20489402638940238;0.270991693103029;184.79432549379743;182.41543459072835;184.22592170815625;182.94775851177144;33.160348023786305;0.5032885946049028;6.309579610576274;26.052292194605116;0.007942955837209243;0.028136908760949274;18.479432549379695;18.24154345907289;7.369036868326301;12.196517234118112;3.0145770930787115;94.31186620064028;0.022123960652463703;2675.925621416837;265.56779501612493;211.0346440195751;0.01204627328373864;0.5324436339696978;0.5665679932860129;0.21330782708089405;4.263256414560601e-14;-7.952394298627041e-11;5.684341886080802e-14;-1.8041124150158794e-14;-1.2789769243681803e-12;-5.400124791776761e-13;-2.2737367544323206e-13;4.831690603168681e-13;4.263256414560601e-16;-7.952394298627041e-13;5.684341886080802e-16;-1.8041124150158794e-14;-1.2789769243681804e-14;-5.4001247917767615e-15;-2.2737367544323206e-15;4.831690603168682e-15;146.05229219460512;114.52907420718384;109.01992583074377;120.0;114.52907420718384;40.91001403054594;22.99959371102284;14.594274465091416;53.401852170094344;24.237096723377988;3.00489040129213;14.708059630103492;15.135802890684602;60.28791878230072;0.44475459288202046;9.7532728535665;4.0;0.4700000000000001;120335.83101487694;15194.906796845293;7.919484642042068;0.44475459288202046;deltaT_shex_1_K;shex;True;True;True;True;True;True;True;True;104.8641971093154;2683.1785083756326;0.0744899072534364;120335.83101487694;0.0;0.0;135.0;4.0;146.05229219460512;4.0;114.52907420718384;8.0;109.01992583074377;8.0;120.0;8.0;114.52907420718384;8.0;30.0;4.0;40.91001403054594;4.0;104.8641971093154;2683.1785083756326;0.007116539734899961;120335.83101487694;0.0;0.0;94.31186620064028;265.56779501612476;0.5444899072534365;15194.906796845293;0.5540332652956079;0.20489402638940238;169.05188590562796;380.9947270614112;0.47711653973490004;120335.83101487694;0.6322680018675445;0.262889519405692;104.8641971093154;2683.1785083756326;0.06737336751853644;120335.83101487694;0.0;0.0;121.30977998622319;265.56779501612476;0.5444899072534365;120335.83101487694;0.5540332652956079;0.20489402638940238;149.59427446509142;326.4694712125792;0.5444899072534365;120335.83101487694;0.5540332652956079;0.20489402638940238;149.1495198722094;346.13604119595414;0.4700000000000001;120335.83101487694;0.6418415345449449;0.270991693103029;111.55650713265669;275.58210923045147;0.4700000000000001;120335.83101487694;0.6418415345449449;0.270991693103029;111.52418380589171;275.5222434671303;0.4700000000000001;15194.906796845293;0.6418415345449449;0.270991693103029;94.31186620064028;2675.925621416837;0.0744899072534364;15194.906796845293;0.0;0.0;54.23709672337799;227.06454322945544;0.0744899072534364;15194.906796845293;0.0;0.0;54.24115542488312;227.17117453200473;0.0744899072534364;120335.83101487694;0.0;0.0;"Zustand 3: Temperatur 422.744 K liegt außerhalb des Boryta-Prüfbereichs; Kristallisation wurde nicht bewertet.";"Zustand 4: Temperatur 422.300 K liegt außerhalb des Boryta-Prüfbereichs; Kristallisation wurde nicht bewertet.";"Zustand 5: Temperatur 384.707 K liegt außerhalb des Boryta-Prüfbereichs; Kristallisation wurde nicht bewertet.";"Zustand 6: Temperatur 384.674 K liegt außerhalb des Boryta-Prüfbereichs; Kristallisation wurde nicht bewertet.";"Zustand 20: Temperatur 442.202 K liegt außerhalb des Boryta-Prüfbereichs; Kristallisation wurde nicht bewertet.";5
series_evaporator_to_desorber;Serie Verdampfer → Desorber;series_evaporator_to_desorber;nan;120.0;30.0;120.0;8.0;8.0;4.0;120.0;0.4800000000000001;Abwärmetemperatur [°C];hot_temperature_C;120.0;10.0;10.0;25.0;15.0;11.0;nan;nan;1.2761315085481752e-25;`gtol` termination condition is satisfied.;5;5.051015517981245e-11;5.051992693082949e-13;1;True;;True;0;zulässig;feasible_but_near_limit_shex;False;True;True;104.83913958648697;121.1764143166061;149.2761158290246;54.28153159261399;0.0960943496101541;0.262465115763229;0.20548458116676466;0.27043751364242546;185.04823045510497;182.74986433184563;184.5107960258078;183.25063095721774;34.109491406049614;0.5031746585637599;6.432587455216865;26.06747789803262;0.007946638635823719;0.028721165289581217;18.50482304551053;18.274986433184782;7.380431841032368;12.216708730481361;3.1008628550999986;94.52128396166228;0.021801380346072534;2676.3222802710993;265.39289279048023;211.65984971730128;0.012091482665953168;0.5425285677168392;0.567295622865711;0.21380556849331173;2.984279490192421e-13;-5.03703745380335e-11;-1.7053025658242404e-13;-9.936496070395151e-15;-1.3926637620897964e-12;-2.1884716261411086e-12;-2.6716406864579767e-12;-3.410605131648481e-13;2.9842794901924207e-15;-5.03703745380335e-13;-1.7053025658242404e-15;-9.936496070395151e-15;-1.3926637620897963e-14;-2.1884716261411086e-14;-2.6716406864579765e-14;-3.4106051316484808e-15;146.06747789803262;114.52001701682963;109.00234967156024;120.0;114.52001701682963;40.930015809320935;22.818468256963;14.772428783314638;53.59126815234134;24.281531592613987;3.096690582296617;14.481065709897962;15.160860413513035;60.234428950093445;0.4963129542900333;9.720816130769549;4.0;0.4800000000000001;120231.40390807152;15227.457307378467;7.895697980372164;0.4963129542900333;deltaT_shex_1_K;shex;True;True;True;True;True;True;True;True;104.83913958648697;2683.139660605182;0.07462005038279229;120231.40390807152;0.0;0.0;135.0;4.0;146.06747789803262;4.0;114.52001701682963;8.0;109.00234967156024;8.0;120.0;8.0;114.52001701682963;8.0;30.0;4.0;40.930015809320935;4.0;104.83913958648697;2683.139660605182;0.007170565209411356;120231.40390807152;0.0;0.0;94.52128396166228;265.39289279047983;0.5546200503827924;15227.457307378467;0.5549277952229534;0.20548458116676466;168.88594615499562;380.51057661101277;0.48717056520941143;120231.40390807152;0.6317583690900512;0.262465115763229;104.83913958648697;2683.139660605182;0.06744948517338094;120231.40390807152;0.0;0.0;121.1764143166061;265.39289279047983;0.5546200503827924;120231.40390807152;0.5549277952229534;0.20548458116676466;149.77242878331464;326.89353883186914;0.5546200503827924;120231.40390807152;0.5549277952229534;0.20548458116676466;149.2761158290246;346.1123432779555;0.4800000000000001;120231.40390807152;0.6411960036361797;0.27043751364242546;111.45559818583655;275.0509028486861;0.4800000000000001;120231.40390807152;0.6411960036361797;0.27043751364242546;111.42332643453301;274.9910670876662;0.4800000000000001;15227.457307378467;0.6411960036361797;0.27043751364242546;94.52128396166228;2676.3222802710993;0.07462005038279229;15227.457307378467;0.0;0.0;54.28153159261399;227.25043705523697;0.07462005038279229;15227.457307378467;0.0;0.0;54.28558806673618;227.35693173857018;0.07462005038279229;120231.40390807152;0.0;0.0;"Zustand 3: Temperatur 422.922 K liegt außerhalb des Boryta-Prüfbereichs; Kristallisation wurde nicht bewertet.";"Zustand 4: Temperatur 422.426 K liegt außerhalb des Boryta-Prüfbereichs; Kristallisation wurde nicht bewertet.";"Zustand 5: Temperatur 384.606 K liegt außerhalb des Boryta-Prüfbereichs; Kristallisation wurde nicht bewertet.";"Zustand 6: Temperatur 384.573 K liegt außerhalb des Boryta-Prüfbereichs; Kristallisation wurde nicht bewertet.";"Zustand 20: Temperatur 442.036 K liegt außerhalb des Boryta-Prüfbereichs; Kristallisation wurde nicht bewertet.";5
series_evaporator_to_desorber;Serie Verdampfer → Desorber;series_evaporator_to_desorber;nan;120.0;30.0;120.0;8.0;8.0;4.0;120.0;0.4900000000000001;Abwärmetemperatur [°C];hot_temperature_C;120.0;10.0;10.0;25.0;15.0;11.0;nan;nan;5.505792845239387e-26;`gtol` termination condition is satisfied.;5;3.317906645871241e-11;3.3183709392529905e-13;1;True;;True;0;zulässig;feasible;True;True;True;104.81527140885129;121.04758352513835;149.394019484085;54.32390843816876;0.09666354107950886;0.26205138972160685;0.20605469018959388;0.26990005970249575;185.2818044130454;183.0688047885645;184.77422550761997;183.53912768446602;35.05823386304128;0.5030548113644298;6.555706202833816;26.081447632359186;0.007950114731807578;0.029305894792094476;18.528180441304535;18.30688047885646;7.39096902030478;12.235941845631062;3.187112169370405;94.72270740739316;0.021491586259436136;2676.70384240609;265.2277887161724;212.26304677560648;0.012137245359484461;0.5526067997272508;0.5679963553416381;0.2142858976639408;1.4210854715202004e-14;-3.317524033263908e-11;-1.7053025658242404e-13;-5.551115123125783e-15;4.547473508864641e-13;-8.526512829121202e-14;8.526512829121202e-14;5.684341886080802e-14;1.4210854715202004e-16;-3.3175240332639076e-13;-1.7053025658242404e-15;-5.551115123125783e-15;4.547473508864641e-15;-8.526512829121202e-16;8.526512829121202e-16;5.684341886080802e-16;146.0814476323592;114.51138972235447;108.98584470119357;120.0;114.51138972235447;40.949091195488336;22.643344537142582;14.944640670611534;53.77361621190482;24.323908438168758;3.1869672302885874;14.263137293800412;15.184728591148712;60.18342693661589;0.5506211865265414;9.690938537389798;4.0;0.4900000000000001;120132.00294832078;15258.555740591046;7.873091332539669;0.5506211865265414;deltaT_shex_1_K;shex;True;True;True;True;True;True;True;True;104.81527140885129;2683.1026533090635;0.07474404508673516;120132.00294832078;0.0;0.0;135.0;4.0;146.0814476323592;4.0;114.51138972235447;8.0;108.98584470119357;8.0;120.0;8.0;114.51138972235447;8.0;30.0;4.0;40.949091195488336;4.0;104.81527140885129;2683.1026533090635;0.007225024072690286;120132.00294832078;0.0;0.0;94.72270740739316;265.227788716172;0.5647440450867353;15258.555740591046;0.5557892126757679;0.20605469018959388;168.72479216950177;380.039979817726;0.49722502407269037;120132.00294832078;0.6312607632076939;0.26205138972160685;104.81527140885129;2683.1026533090635;0.06751902101404487;120132.00294832078;0.0;0.0;121.04758352513835;265.227788716172;0.5647440450867353;120132.00294832078;0.5557892126757679;0.20605469018959388;149.94464067061153;327.3058826209194;0.5647440450867353;120132.00294832078;0.5557892126757679;0.20605469018959388;149.394019484085;346.0814425587678;0.4900000000000001;120132.00294832078;0.6405686697593569;0.26990005970249575;111.35664498774855;274.5340265117448;0.4900000000000001;120132.00294832078;0.6405686697593569;0.26990005970249575;111.32442249206588;274.4742185631895;0.4900000000000001;15258.555740591046;0.6405686697593569;0.26990005970249575;94.72270740739316;2676.70384240609;0.07474404508673516;15258.555740591046;0.0;0.0;54.32390843816876;227.42772179840645;0.07474404508673516;15258.555740591046;0.0;0.0;54.32796278573858;227.53408632179534;0.07474404508673516;120132.00294832078;0.0;0.0;"Zustand 3: Temperatur 423.095 K liegt außerhalb des Boryta-Prüfbereichs; Kristallisation wurde nicht bewertet.";"Zustand 4: Temperatur 422.544 K liegt außerhalb des Boryta-Prüfbereichs; Kristallisation wurde nicht bewertet.";"Zustand 5: Temperatur 384.507 K liegt außerhalb des Boryta-Prüfbereichs; Kristallisation wurde nicht bewertet.";"Zustand 6: Temperatur 384.474 K liegt außerhalb des Boryta-Prüfbereichs; Kristallisation wurde nicht bewertet.";"Zustand 20: Temperatur 441.875 K liegt außerhalb des Boryta-Prüfbereichs; Kristallisation wurde nicht bewertet.";5
series_evaporator_to_desorber;Serie Verdampfer → Desorber;series_evaporator_to_desorber;nan;120.0;30.0;120.0;8.0;8.0;4.0;120.0;0.5000000000000001;Abwärmetemperatur [°C];hot_temperature_C;120.0;10.0;10.0;25.0;15.0;11.0;nan;nan;5.415904843137716e-17;`gtol` termination condition is satisfied.;4;1.0331524495583712e-06;1.0407598035221879e-08;1;True;;True;0;zulässig;feasible;True;True;True;104.79250353753417;120.9232767301599;149.50356243584724;54.3643776824951;0.09724524461411008;0.2616478546794643;0.2066052578125148;0.2693785583589421;185.49616787337155;183.37338815300643;185.01738656943976;183.81432498503762;36.00625691995594;0.5029290108802733;6.678924730462846;26.094268413479142;0.007953401561237049;0.029891062623273165;18.54961668618364;18.337338805852838;7.4006954631376;12.254288326366517;3.273296095190348;94.91657980922821;0.021194029717625785;2677.0711407505255;265.0722104287113;212.84533548088626;0.012183649726919654;0.5626787001539647;0.5686715548187873;0.21474964366887828;-7.716081995567947e-09;-1.2713788777318769e-07;1.0464691513334401e-07;-1.2561274798095212e-09;-9.000245881907176e-09;9.447805382478691e-08;8.953986707638251e-08;1.0115351471995382e-06;-7.716081995567947e-11;-1.271378877731877e-09;1.0464691513334401e-09;-1.2561274798095212e-09;-9.000245881907176e-11;9.447805382478692e-10;8.953986707638251e-10;1.0115351471995381e-08;146.09426841347914;114.50316013800727;108.9703435539929;120.0;114.50316013800727;40.967307903887956;22.47389649190478;15.111136829012139;53.949271905340254;24.364377682495103;3.2757025005561218;14.053763744764694;15.207496462465826;60.13473014105148;0.6075743931648958;9.663643699550448;4.0;0.5000000000000001;120037.24751540023;15288.304939491947;7.851573342531016;0.6075743931648958;deltaT_shex_1_K;shex;True;True;True;True;True;True;True;True;104.79250353753417;2683.067348915333;0.07486234988088425;120037.24751540023;0.0;0.0;135.0;4.0;146.09426841347914;4.0;114.50316013800727;8.0;108.9703435539929;8.0;120.0;8.0;114.50316013800727;8.0;30.0;4.0;40.967307903887956;4.0;104.79250353753417;2683.067348915333;0.007280007526553683;120037.24751540023;0.0;0.0;94.91657980922821;265.07221042871134;0.5748623498808844;15288.304939491947;0.5566191129863894;0.2066052578125148;168.56816490538392;379.5822415091893;0.5072800075265538;120037.24751540023;0.6307746565773091;0.2616478546794643;104.79250353753417;2683.067348915333;0.06758234235433057;120037.24751540023;0.0;0.0;120.9232767301599;265.07221042871134;0.5748623498808844;120037.24751540023;0.5566191129863894;0.2066052578125148;150.11113682901214;327.7067818655374;0.5748623498808844;120037.24751540023;0.5566191129863894;0.2066052578125148;149.50356243584724;346.0434638800411;0.5000000000000001;120037.24751540023;0.6399587425599385;0.2693785583589421;111.25963303060945;274.03095002469706;0.5000000000000001;120037.24751540023;0.6399587425599385;0.2693785583589421;111.22745763745115;273.9711678994505;0.5000000000000001;15288.304939491947;0.6399587425599385;0.2693785583589421;94.91657980922821;2677.0711407505255;0.07486234988088425;15288.304939491947;0.0;0.0;54.3643776824951;227.59702666277153;0.07486234988088425;15288.304939491947;0.0;0.0;54.3684299969558;227.70326700352882;0.07486234988088425;120037.24751540023;0.0;0.0;"Zustand 3: Temperatur 423.261 K liegt außerhalb des Boryta-Prüfbereichs; Kristallisation wurde nicht bewertet.";"Zustand 4: Temperatur 422.654 K liegt außerhalb des Boryta-Prüfbereichs; Kristallisation wurde nicht bewertet.";"Zustand 5: Temperatur 384.410 K liegt außerhalb des Boryta-Prüfbereichs; Kristallisation wurde nicht bewertet.";"Zustand 6: Temperatur 384.377 K liegt außerhalb des Boryta-Prüfbereichs; Kristallisation wurde nicht bewertet.";"Zustand 20: Temperatur 441.718 K liegt außerhalb des Boryta-Prüfbereichs; Kristallisation wurde nicht bewertet.";5
series_evaporator_to_desorber;Serie Verdampfer → Desorber;series_evaporator_to_desorber;nan;120.0;30.0;120.0;8.0;8.0;4.0;120.0;0.5100000000000001;Abwärmetemperatur [°C];hot_temperature_C;120.0;10.0;10.0;25.0;15.0;11.0;nan;nan;2.86214224531351e-17;`gtol` termination condition is satisfied.;4;7.494738092784136e-07;7.565900138534092e-09;1;True;;True;0;zulässig;feasible;True;True;True;104.77075412691562;120.80346590486482;149.60507336541036;54.40307778898779;0.09784005698703961;0.26125405266124596;0.2071371400561426;0.2688722833751034;185.6923601826126;183.66465638434866;185.24137143878642;184.077211972803;36.95327005634416;0.502797228526317;6.802232370157206;26.106002403266302;0.007956514889631732;0.030476634867364707;18.56923594493266;18.3664656315232;7.409654857848637;12.271814127175414;3.359388195520748;95.10331450862913;0.02090818579644416;2677.424952228611;264.9258782076525;213.40774871086876;0.012230774064167838;0.5727446122865655;0.5693224973961626;0.21519758565392655;-5.614857911950821e-09;-9.438407033712792e-08;7.734357154731697e-08;-1.0353033430554603e-09;-7.429520110235899e-09;6.911665195730166e-08;6.517180395348987e-08;7.332859865982755e-07;-5.614857911950821e-11;-9.438407033712792e-10;7.734357154731697e-10;-1.0353033430554603e-09;-7.429520110235899e-11;6.911665195730165e-10;6.517180395348987e-10;7.332859865982755e-09;146.1060024032663;114.49529868502384;108.9557839888879;120.0;114.49529868502384;40.98472825265242;22.309820500118008;15.272134513948231;54.11858625597671;24.403077788987787;3.3628843720130703;13.852469480258776;15.22924587308438;60.08817052794171;0.6670611485378686;9.63892130150407;4.0;0.5100000000000001;119946.78832925012;15316.799998640116;7.831060557028848;0.6670611485378686;deltaT_shex_1_K;shex;True;True;True;True;True;True;True;True;104.77075412691562;2683.0336209372563;0.0749753863507332;119946.78832925012;0.0;0.0;135.0;4.0;146.1060024032663;4.0;114.49529868502384;8.0;108.9557839888879;8.0;120.0;8.0;114.49529868502384;8.0;30.0;4.0;40.98472825265242;4.0;104.77075412691562;2683.0336209372563;0.007335596073181048;119946.78832925012;0.0;0.0;95.10331450862913;264.9258782076515;0.5849753863507333;15316.799998640116;0.5574189968425081;0.2071371400561426;168.4158229033843;379.13671160736914;0.5173355960731811;119946.78832925012;0.6302995512923523;0.26125405266124596;104.77075412691562;2683.0336209372563;0.06763979027755215;119946.78832925012;0.0;0.0;120.80346590486482;264.9258782076515;0.5849753863507333;119946.78832925012;0.5574189968425081;0.2071371400561426;150.27213451394823;328.0965190902888;0.5849753863507333;119946.78832925012;0.5574189968425081;0.2071371400561426;149.60507336541036;345.99856054119124;0.5100000000000001;119946.78832925012;0.6393654765434985;0.2688722833751034;111.16454460336075;273.54116826284024;0.5100000000000001;119946.78832925012;0.6393654765434985;0.2688722833751034;111.13241431301077;273.48141015525715;0.5100000000000001;15316.799998640116;0.6393654765434985;0.2688722833751034;95.10331450862913;2677.424952228611;0.0749753863507332;15316.799998640116;0.0;0.0;54.40307778898779;227.75893083367643;0.0749753863507332;15316.799998640116;0.0;0.0;54.40712815708213;227.86505252609976;0.0749753863507332;119946.78832925012;0.0;0.0;"Zustand 3: Temperatur 423.422 K liegt außerhalb des Boryta-Prüfbereichs; Kristallisation wurde nicht bewertet.";"Zustand 4: Temperatur 422.755 K liegt außerhalb des Boryta-Prüfbereichs; Kristallisation wurde nicht bewertet.";"Zustand 5: Temperatur 384.315 K liegt außerhalb des Boryta-Prüfbereichs; Kristallisation wurde nicht bewertet.";"Zustand 6: Temperatur 384.282 K liegt außerhalb des Boryta-Prüfbereichs; Kristallisation wurde nicht bewertet.";"Zustand 20: Temperatur 441.566 K liegt außerhalb des Boryta-Prüfbereichs; Kristallisation wurde nicht bewertet.";5
series_evaporator_to_desorber;Serie Verdampfer → Desorber;series_evaporator_to_desorber;nan;120.0;30.0;120.0;8.0;8.0;4.0;120.0;0.5200000000000001;Abwärmetemperatur [°C];hot_temperature_C;120.0;10.0;10.0;25.0;15.0;11.0;nan;nan;1.5358874436206304e-17;`gtol` termination condition is satisfied.;4;5.475392985049243e-07;5.542359504075192e-09;1;True;;True;0;zulässig;feasible;True;True;True;104.74994755714897;120.6881078941696;149.69887495399956;54.44013683161529;0.09844850935290637;0.26086955890833546;0.20765114420924957;0.26838054851575993;185.87135102577216;183.94357349748356;185.44719970467793;184.32870276735514;37.89900770280503;0.5026594480148149;6.9256187205527375;26.116707597235177;0.007959469060477615;0.0310625780195683;18.5871350490492;18.394357344630027;7.417887988408;12.288580181290355;3.4453643430299934;95.28329673991169;0.020633552697109692;2677.7660010804775;264.78850563911624;213.9512542239358;0.012278687670468469;0.5828048566281555;0.5699503729010987;0.2156304529126137;-4.142698628584185e-09;-7.052489792158667e-08;5.769356903329026e-08;-8.590077538173091e-10;-5.522082346942625e-09;5.118329227116192e-08;4.7999805019571795e-08;5.352801792923856e-07;-4.142698628584185e-11;-7.052489792158667e-10;5.769356903329026e-10;-8.590077538173091e-10;-5.522082346942625e-11;5.118329227116192e-10;4.79998050195718e-10;5.352801792923856e-09;146.11670759723518;114.487778027292;108.94210817966405;120.0;114.487778027292;41.00140989817487;22.150835029200834;15.427840316793095;54.28188684173682;24.44013683161529;3.448506080587663;13.658811439752355;15.250052442851029;60.0435926934918;0.7289653627935309;9.616748902014876;4.0;0.5200000000000001;119860.30322655888;15344.129276499127;7.81147636771644;0.7289653627935309;deltaT_shex_1_K;shex;True;True;True;True;True;True;True;True;104.74994755714897;2683.0013524827586;0.07508354429862385;119860.30322655888;0.0;0.0;135.0;4.0;146.11670759723518;4.0;114.487778027292;8.0;108.94210817966405;8.0;120.0;8.0;114.487778027292;8.0;30.0;4.0;41.00140989817487;4.0;104.74994755714897;2683.0013524827586;0.00739186301313243;119860.30322655888;0.0;0.0;95.28329673991169;264.7885056391148;0.595083544298624;15344.129276499127;0.5581902718471066;0.20765114420924957;168.267542626436;378.7027875520439;0.5273918630131326;119860.30322655888;0.6298349851759563;0.26086955890833546;104.74994755714897;2683.0013524827586;0.06769168128549143;119860.30322655888;0.0;0.0;120.6881078941696;264.7885056391148;0.595083544298624;119860.30322655888;0.5581902718471066;0.20765114420924957;150.4278403167931;328.47537459374786;0.595083544298624;119860.30322655888;0.5581902718471066;0.20765114420924957;149.69887495399956;345.94690432967485;0.5200000000000001;119860.30322655888;0.6387881641611317;0.26838054851575993;111.07135899215473;273.06419720092924;0.5200000000000001;119860.30322655888;0.6387881641611317;0.26838054851575993;111.03927194670433;273.00446147396855;0.5200000000000001;15344.129276499127;0.6387881641611317;0.26838054851575993;95.28329673991169;2677.7660010804775;0.07508354429862385;15344.129276499127;0.0;0.0;54.44013683161529;227.91397004289985;0.07508354429862385;15344.129276499127;0.0;0.0;54.44418533380019;228.01997821199774;0.07508354429862385;119860.30322655888;0.0;0.0;"Zustand 3: Temperatur 423.578 K liegt außerhalb des Boryta-Prüfbereichs; Kristallisation wurde nicht bewertet.";"Zustand 4: Temperatur 422.849 K liegt außerhalb des Boryta-Prüfbereichs; Kristallisation wurde nicht bewertet.";"Zustand 5: Temperatur 384.221 K liegt außerhalb des Boryta-Prüfbereichs; Kristallisation wurde nicht bewertet.";"Zustand 6: Temperatur 384.189 K liegt außerhalb des Boryta-Prüfbereichs; Kristallisation wurde nicht bewertet.";"Zustand 20: Temperatur 441.418 K liegt außerhalb des Boryta-Prüfbereichs; Kristallisation wurde nicht bewertet.";5
series_evaporator_to_desorber;Serie Verdampfer → Desorber;series_evaporator_to_desorber;nan;120.0;30.0;120.0;8.0;8.0;4.0;120.0;0.5300000000000001;Abwärmetemperatur [°C];hot_temperature_C;120.0;10.0;10.0;25.0;15.0;11.0;nan;nan;8.368551139647955e-18;`gtol` termination condition is satisfied.;4;4.0273017355958734e-07;4.091100375118644e-09;1;True;;True;0;zulässig;feasible;True;True;True;104.73001414039032;120.57714697070952;149.7852838991672;54.47567299033585;0.09907104973411791;0.26049397412968234;0.20814803442243063;0.2679027070054423;186.03404321009216;184.21102894690998;185.63582132809097;184.56963968942628;38.84322823790155;0.5025156644063916;7.049073769712818;26.12643799103421;0.007962277093398328;0.0316488593228721;18.603404281666094;18.421102890926672;7.425432853314825;12.304642643617287;3.5312025719286706;95.45688614979161;0.020369650609931147;2678.0949636237037;264.6598029623832;214.4767609373966;0.012327451472752049;0.5928597315976265;0.5705562952673457;0.21604893102939848;-3.0685853857903567e-09;-5.331382624262915e-08;4.329643843448139e-08;-7.197185625251734e-10;-4.7796504532016115e-09;3.764324674193631e-08;3.516697688610293e-08;3.9343123603430286e-07;-3.0685853857903564e-11;-5.331382624262914e-10;4.329643843448139e-10;-7.197185625251734e-10;-4.779650453201612e-11;3.764324674193631e-10;3.516697688610293e-10;3.9343123603430285e-09;146.1264379910342;114.48057297579464;108.92926252938042;120.0;114.48057297579464;41.017406037494595;21.996677633693707;15.578451818148721;54.43948011229702;24.475672990335852;3.532565409476092;13.472376379588809;15.269985859609676;60.00085327449824;0.79316791898151;9.597093876730014;4.0;0.5300000000000001;119777.49576990401;15370.374638026105;7.792750573143224;0.79316791898151;deltaT_shex_1_K;shex;True;True;True;True;True;True;True;True;104.73001414039032;2682.9704358071285;0.07518718307037842;119777.49576990401;0.0;0.0;135.0;4.0;146.1264379910342;4.0;114.48057297579464;8.0;108.92926252938042;8.0;120.0;8.0;114.48057297579464;8.0;30.0;4.0;41.017406037494595;4.0;104.73001414039032;2682.9704358071285;0.007448873153333689;119777.49576990401;0.0;0.0;95.45688614979161;264.6598029623836;0.6051871830703786;15370.374638026105;0.5589342628794532;0.20814803442243063;168.12311562472792;378.2799058813706;0.5374488731533338;119777.49576990401;0.6293805228553303;0.26049397412968234;104.73001414039032;2682.9704358071285;0.06773830991704473;119777.49576990401;0.0;0.0;120.57714697070952;264.6598029623836;0.6051871830703786;119777.49576990401;0.5589342628794532;0.20814803442243063;150.57845181814872;328.8436279416783;0.6051871830703786;119777.49576990401;0.5589342628794532;0.20814803442243063;149.7852838991672;345.8886844251254;0.5300000000000001;119777.49576990401;0.6382261359878013;0.2679027070054423;110.9800530939795;272.59957453650253;0.5300000000000001;119777.49576990401;0.6382261359878013;0.2679027070054423;110.94800756631855;272.53985970759146;0.5300000000000001;15370.374638026105;0.6382261359878013;0.2679027070054423;95.45688614979161;2678.0949636237037;0.07518718307037842;15370.374638026105;0.0;0.0;54.47567299033585;228.06263863979532;0.07518718307037842;15370.374638026105;0.0;0.0;54.4797197012964;228.16853803339205;0.07518718307037842;119777.49576990401;0.0;0.0;"Zustand 3: Temperatur 423.728 K liegt außerhalb des Boryta-Prüfbereichs; Kristallisation wurde nicht bewertet.";"Zustand 4: Temperatur 422.935 K liegt außerhalb des Boryta-Prüfbereichs; Kristallisation wurde nicht bewertet.";"Zustand 5: Temperatur 384.130 K liegt außerhalb des Boryta-Prüfbereichs; Kristallisation wurde nicht bewertet.";"Zustand 6: Temperatur 384.098 K liegt außerhalb des Boryta-Prüfbereichs; Kristallisation wurde nicht bewertet.";"Zustand 20: Temperatur 441.273 K liegt außerhalb des Boryta-Prüfbereichs; Kristallisation wurde nicht bewertet.";5
series_evaporator_to_desorber;Serie Verdampfer → Desorber;series_evaporator_to_desorber;nan;120.0;30.0;120.0;8.0;8.0;4.0;120.0;0.5400000000000001;Abwärmetemperatur [°C];hot_temperature_C;120.0;10.0;10.0;25.0;15.0;11.0;nan;nan;4.6317183869008225e-18;`gtol` termination condition is satisfied.;4;2.9817142813317255e-07;3.0435894555280688e-09;1;True;;True;0;zulässig;feasible;True;True;True;104.71088955332732;120.47051678800227;149.86460959545212;54.50979548148945;0.0997080562464013;0.26012692359432;0.20862853380016305;0.2674381481729681;186.1812790085664;184.46784472624023;185.80812311489328;184.8008002200637;39.78571198925904;0.5023658829722657;7.17258785248352;26.135243959842512;0.0079649508335861;0.03223544673848838;18.618127871754403;18.446784469816265;7.432324924749292;12.320053346259018;3.6168829118096153;95.62441867053309;0.020116020936840708;2678.4124717364316;264.5394787413121;214.98512260989676;0.012377118821566557;0.6029095156688044;0.5711413074706476;0.21645366439878286;-2.277502630931849e-09;-4.064672509684897e-08;3.26507461068104e-08;-6.106177230513765e-10;-3.8390055578929605e-09;2.8077579372620676e-08;2.617844074848108e-08;2.910223599883466e-07;-2.2775026309318493e-11;-4.064672509684897e-10;3.26507461068104e-10;-6.106177230513765e-10;-3.8390055578929605e-11;2.8077579372620676e-10;2.617844074848108e-10;2.9102235998834658e-09;146.1352439598425;114.4736602805005;108.9171972686915;120.0;114.4736602805005;41.03276583290909;21.847103617706978;15.72415770422316;54.591652837624;24.509795481489448;3.6150641518881343;13.292778598158407;15.28911044667268;59.959819810028876;0.8595481087710368;9.5799150432523;4.0;0.5400000000000001;119698.09274197115;15395.61203387705;7.774818726178811;0.8595481087710368;deltaT_shex_1_K;shex;True;True;True;True;True;True;True;True;104.71088955332732;2682.940771440155;0.07528663449037076;119698.09274197115;0.0;0.0;135.0;4.0;146.1352439598425;4.0;114.4736602805005;8.0;108.9171972686915;8.0;120.0;8.0;114.4736602805005;8.0;30.0;4.0;41.03276583290909;4.0;104.71088955332732;2682.940771440155;0.007506683986368144;119698.09274197115;0.0;0.0;95.62441867053309;264.5394787413116;0.6152866344903709;15395.61203387705;0.5596522169716736;0.20862853380016305;167.9823475775495;377.86754004544724;0.5475066839863683;119698.09274197115;0.6289357550286402;0.26012692359432;104.71088955332732;2682.940771440155;0.06777995050400262;119698.09274197115;0.0;0.0;120.47051678800227;264.5394787413116;0.6152866344903709;119698.09274197115;0.5596522169716736;0.20862853380016305;150.72415770422316;329.2015561521312;0.6152866344903709;119698.09274197115;0.5596522169716736;0.20862853380016305;149.86460959545212;345.82410248828836;0.5400000000000001;119698.09274197115;0.6376787575288441;0.2674381481729681;110.89060174474997;272.146858059517;0.5400000000000001;119698.09274197115;0.6376787575288441;0.2674381481729681;110.85859612861236;272.08716278777905;0.5400000000000001;15395.61203387705;0.6376787575288441;0.2674381481729681;95.62441867053309;2678.4124717364316;0.07528663449037076;15395.61203387705;0.0;0.0;54.50979548148945;228.20539348227177;0.07528663449037076;15395.61203387705;0.0;0.0;54.51384047047162;228.31118850003958;0.07528663449037076;119698.09274197115;0.0;0.0;"Zustand 3: Temperatur 423.874 K liegt außerhalb des Boryta-Prüfbereichs; Kristallisation wurde nicht bewertet.";"Zustand 4: Temperatur 423.015 K liegt außerhalb des Boryta-Prüfbereichs; Kristallisation wurde nicht bewertet.";"Zustand 5: Temperatur 384.041 K liegt außerhalb des Boryta-Prüfbereichs; Kristallisation wurde nicht bewertet.";"Zustand 6: Temperatur 384.009 K liegt außerhalb des Boryta-Prüfbereichs; Kristallisation wurde nicht bewertet.";"Zustand 20: Temperatur 441.132 K liegt außerhalb des Boryta-Prüfbereichs; Kristallisation wurde nicht bewertet.";5
series_evaporator_to_desorber;Serie Verdampfer → Desorber;series_evaporator_to_desorber;nan;120.0;30.0;120.0;8.0;8.0;4.0;120.0;0.5500000000000002;Abwärmetemperatur [°C];hot_temperature_C;120.0;10.0;10.0;25.0;15.0;11.0;nan;nan;2.6088085657316323e-18;`gtol` termination condition is satisfied.;4;2.2211452203196688e-07;2.284210395621048e-09;1;True;;True;0;zulässig;feasible;True;True;True;104.69251438404274;120.3681422106207;149.93715332137162;54.542605304876645;0.10035984354776979;0.2597680550790725;0.20909332698534422;0.2669862949783004;186.31384504885213;184.71478098823164;185.96493375027828;185.02290247508964;40.72625951927431;0.502210118111986;7.29615164166651;26.143172550768668;0.007967501070931868;0.03282230897787701;18.631384483226785;18.471478096724866;7.438597350149751;12.334860163701169;3.7023872318618642;95.78620832954459;0.019872225483889734;2678.7191162382614;264.42724164346913;215.4771417041454;0.012427736194740802;0.6129544689747746;0.5717063869810715;0.2168452591973789;-1.6670185232214862e-09;-3.12061985141554e-08;2.4776142026894377e-08;-5.330660912683527e-10;-3.465487452558591e-09;2.0982980686312658e-08;1.9572098608477972e-08;2.1658428295268095e-07;-1.6670185232214862e-11;-3.1206198514155403e-10;2.4776142026894376e-10;-5.330660912683527e-10;-3.465487452558591e-11;2.0982980686312657e-10;1.9572098608477972e-10;2.1658428295268097e-09;146.14317255076867;114.467018466654;108.90586614158588;120.0;114.467018466654;41.04753474809996;21.701884551359456;15.865138187394223;54.73867358144463;24.542605304876645;3.6960076074044537;13.119657812041282;15.307485615957262;59.9203698305497;0.927984866022598;9.565164152225805;4.0;0.5500000000000002;119621.84213640082;15419.911959465564;7.757621603213536;0.927984866022598;deltaT_shex_1_K;shex;True;True;True;True;True;True;True;True;104.69251438404274;2682.912267489517;0.07538220516951522;119621.84213640082;0.0;0.0;135.0;4.0;146.14317255076867;4.0;114.467018466654;8.0;108.90586614158588;8.0;120.0;8.0;114.467018466654;8.0;30.0;4.0;41.04753474809996;4.0;104.69251438404274;2682.912267489517;0.0075653463170984305;119621.84213640082;0.0;0.0;95.78620832954459;264.42724164346873;0.6253822051695154;15419.911959465564;0.5603453087484037;0.20909332698534422;167.84505710212812;377.4651973291528;0.5575653463170985;119621.84213640082;0.6285002963136794;0.2597680550790725;104.69251438404274;2682.912267489517;0.06781685885241678;119621.84213640082;0.0;0.0;120.3681422106207;264.42724164346873;0.6253822051695154;119621.84213640082;0.5603453087484037;0.20909332698534422;150.86513818739422;329.54943281332316;0.6253822051695154;119621.84213640082;0.5603453087484037;0.20909332698534422;149.93715332137162;345.7533691896492;0.5500000000000002;119621.84213640082;0.6371454269844901;0.2669862949783004;110.8029780583949;271.70562460611956;0.5500000000000002;119621.84213640082;0.6371454269844901;0.2669862949783004;110.77101085924954;271.64594768070526;0.5500000000000002;15419.911959465564;0.6371454269844901;0.2669862949783004;95.78620832954459;2678.7191162382614;0.07538220516951522;15419.911959465564;0.0;0.0;54.542605304876645;228.3426570612509;0.07538220516951522;15419.911959465564;0.0;0.0;54.546648636104294;228.44835178128483;0.07538220516951522;119621.84213640082;0.0;0.0;"Zustand 3: Temperatur 424.015 K liegt außerhalb des Boryta-Prüfbereichs; Kristallisation wurde nicht bewertet.";"Zustand 4: Temperatur 423.087 K liegt außerhalb des Boryta-Prüfbereichs; Kristallisation wurde nicht bewertet.";"Zustand 5: Temperatur 383.953 K liegt außerhalb des Boryta-Prüfbereichs; Kristallisation wurde nicht bewertet.";"Zustand 6: Temperatur 383.921 K liegt außerhalb des Boryta-Prüfbereichs; Kristallisation wurde nicht bewertet.";"Zustand 20: Temperatur 440.995 K liegt außerhalb des Boryta-Prüfbereichs; Kristallisation wurde nicht bewertet.";5
series_evaporator_to_desorber;Serie Verdampfer → Desorber;series_evaporator_to_desorber;nan;120.0;30.0;120.0;8.0;8.0;4.0;120.0;0.5600000000000002;Abwärmetemperatur [°C];hot_temperature_C;120.0;10.0;10.0;25.0;15.0;11.0;nan;nan;1.4933906541010661e-18;`gtol` termination condition is satisfied.;4;1.6639363750887022e-07;1.7282306872064656e-09;1;True;;True;0;zulässig;feasible;True;True;True;104.67483372142954;120.2699409489797;150.0032076017947;54.57419592181344;0.10102666879521019;0.2594170369881818;0.20954306256932573;0.26654660175887135;186.43247670268647;184.95254114941147;186.10702832841363;185.23661016931217;41.66468999336327;0.5020483923109624;7.419756138955887;26.15026774537597;0.007969937645658476;0.0334094155259249;18.643247654060577;18.495254113373885;7.444281133245531;12.349107343639039;3.787699092509437;95.94254891047302;0.019637845679949518;2679.015449994901;264.3228020147061;215.95357297359487;0.012479343852939473;0.6229948347470603;0.5722524507610715;0.2172242861307721;-1.2004974792034773e-09;-2.4240534912678413e-08;1.8907570620285696e-08;-4.670319686539415e-10;-2.72464717454568e-09;1.5672611652917112e-08;1.4726595054526115e-08;1.6208070974244038e-07;-1.2004974792034772e-11;-2.424053491267841e-10;1.8907570620285697e-10;-4.670319686539415e-10;-2.72464717454568e-11;1.5672611652917113e-10;1.4726595054526115e-10;1.6208070974244038e-09;146.15026774537597;114.46062768632441;108.89522612147948;120.0;114.46062768632441;41.06175485343368;21.56080692256819;16.001565414615413;54.88079405703934;24.57419592181344;3.7754041293154046;12.95267721100646;15.325166278570464;59.88239003142047;0.9983578128207;9.55278721867353;4.0;0.5600000000000002;119548.51134331079;15443.339875716234;7.74110472899026;0.9983578128207;deltaT_shex_1_K;shex;True;True;True;True;True;True;True;True;104.67483372142954;2682.88483900931;0.07547417859999961;119548.51134331079;0.0;0.0;135.0;4.0;146.15026774537597;4.0;114.46062768632441;8.0;108.89522612147948;8.0;120.0;8.0;114.46062768632441;8.0;30.0;4.0;41.06175485343368;4.0;104.67483372142954;2682.88483900931;0.007624904844012701;119548.51134331079;0.0;0.0;95.94254891047302;264.32280201470616;0.6354741785999998;15443.339875716234;0.5610146454430526;0.20954306256932573;167.71107466794416;377.07241604167604;0.5676249048440128;119548.51134331079;0.6280737832680146;0.2594170369881818;104.67483372142954;2682.88483900931;0.06784927375598691;119548.51134331079;0.0;0.0;120.2699409489797;264.32280201470616;0.6354741785999998;119548.51134331079;0.5610146454430526;0.20954306256932573;151.0015654146154;329.8875273748363;0.6354741785999998;119548.51134331079;0.5610146454430526;0.20954306256932573;150.0032076017947;345.67670123031354;0.5600000000000002;119548.51134331079;0.636625573206239;0.26654660175887135;110.71715373030617;271.275469097164;0.5600000000000002;119548.51134331079;0.636625573206239;0.26654660175887135;110.68522355700901;271.215809426582;0.5600000000000002;15443.339875716234;0.636625573206239;0.26654660175887135;95.94254891047302;2679.015449994901;0.07547417859999961;15443.339875716234;0.0;0.0;54.57419592181344;228.47482033626375;0.07547417859999961;15443.339875716234;0.0;0.0;54.578237654903944;228.58041853943067;0.07547417859999961;119548.51134331079;0.0;0.0;"Zustand 3: Temperatur 424.152 K liegt außerhalb des Boryta-Prüfbereichs; Kristallisation wurde nicht bewertet.";"Zustand 4: Temperatur 423.153 K liegt außerhalb des Boryta-Prüfbereichs; Kristallisation wurde nicht bewertet.";"Zustand 5: Temperatur 383.867 K liegt außerhalb des Boryta-Prüfbereichs; Kristallisation wurde nicht bewertet.";"Zustand 6: Temperatur 383.835 K liegt außerhalb des Boryta-Prüfbereichs; Kristallisation wurde nicht bewertet.";"Zustand 20: Temperatur 440.861 K liegt außerhalb des Boryta-Prüfbereichs; Kristallisation wurde nicht bewertet.";5
series_evaporator_to_desorber;Serie Verdampfer → Desorber;series_evaporator_to_desorber;nan;120.0;30.0;120.0;8.0;8.0;4.0;120.0;0.5700000000000002;Abwärmetemperatur [°C];hot_temperature_C;120.0;10.0;10.0;25.0;15.0;11.0;nan;nan;8.696620443841227e-19;`gtol` termination condition is satisfied.;4;1.2533850182863907e-07;1.3188343674503805e-09;1;True;;True;0;zulässig;feasible;True;True;True;104.65779677974263;120.17582500480444;150.06305571601155;54.604653875921485;0.10170873747985519;0.2590735567212602;0.2099783553110479;0.26611855214145425;186.53786207032698;185.18177656201175;186.23513247120877;185.44253715406958;42.6008396304822;0.5018807351498749;7.543392664380013;26.15657069798607;0.007972269542372384;0.03399673665287338;18.65378619483935;18.518177655016487;7.449405298934412;12.362835809524935;3.8728036044932224;96.09371547409324;0.01941248181689992;2679.301990761127;264.22587323381777;216.41512676949864;0.0125319764480748;0.6330308406238175;0.5727803598041443;0.2175912829408501;-8.651142024973524e-10;-1.894324697104821e-08;1.455600795452483e-08;-4.103253847809185e-10;-2.1515234038815834e-09;1.184687903332815e-08;1.1195567140021012e-08;1.2193351039968547e-07;-8.651142024973524e-12;-1.894324697104821e-10;1.455600795452483e-10;-4.103253847809185e-10;-2.1515234038815834e-11;1.184687903332815e-10;1.1195567140021013e-10;1.2193351039968548e-09;146.15657069798607;114.45446958271322;108.88523715235408;120.0;114.45446958271322;41.0754651053835;21.42367093439543;16.13360384893491;55.018250368709744;24.604653875921485;3.8532647198124437;12.791521678260835;15.342203220257375;59.84577551659834;1.0705481329233635;9.54272569904947;4.0;0.5700000000000002;119477.88549606595;15465.956598405504;7.725217947940173;1.0705481329233635;deltaT_shex_1_K;shex;True;True;True;True;True;True;True;True;104.65779677974263;2682.8584074223077;0.07556281707189216;119477.88549606595;0.0;0.0;135.0;4.0;146.15657069798607;4.0;114.45446958271322;8.0;108.88523715235408;8.0;120.0;8.0;114.45446958271322;8.0;30.0;4.0;41.0754651053835;4.0;104.65779677974263;2682.8584074223077;0.0076853987248034;119477.88549606595;0.0;0.0;96.09371547409324;264.2258732338163;0.6455628170718923;15465.956598405504;0.561661271484369;0.2099783553110479;167.5802416323815;376.68876303278597;0.5776853987248036;119477.88549606595;0.6276558726780008;0.2590735567212602;104.65779677974263;2682.8584074223077;0.06787741834708877;119477.88549606595;0.0;0.0;120.17582500480444;264.2258732338163;0.6455628170718923;119477.88549606595;0.561661271484369;0.2099783553110479;151.1336038489349;330.2161045543076;0.6455628170718923;119477.88549606595;0.561661271484369;0.2099783553110479;150.06305571601155;345.5943187703026;0.5700000000000002;119477.88549606595;0.6361186537888246;0.26611855214145425;110.63309930575497;270.85600362758805;0.5700000000000002;119477.88549606595;0.6361186537888246;0.26611855214145425;110.60120486290077;270.79636022995146;0.5700000000000002;15465.956598405504;0.6361186537888246;0.26611855214145425;96.09371547409324;2679.301990761127;0.07556281707189216;15465.956598405504;0.0;0.0;54.604653875921485;228.60224533176276;0.07556281707189216;15465.956598405504;0.0;0.0;54.60869406611488;228.7077505240161;0.07556281707189216;119477.88549606595;0.0;0.0;"Zustand 3: Temperatur 424.284 K liegt außerhalb des Boryta-Prüfbereichs; Kristallisation wurde nicht bewertet.";"Zustand 4: Temperatur 423.213 K liegt außerhalb des Boryta-Prüfbereichs; Kristallisation wurde nicht bewertet.";"Zustand 5: Temperatur 383.783 K liegt außerhalb des Boryta-Prüfbereichs; Kristallisation wurde nicht bewertet.";"Zustand 6: Temperatur 383.751 K liegt außerhalb des Boryta-Prüfbereichs; Kristallisation wurde nicht bewertet.";"Zustand 20: Temperatur 440.730 K liegt außerhalb des Boryta-Prüfbereichs; Kristallisation wurde nicht bewertet.";5
series_evaporator_to_desorber;Serie Verdampfer → Desorber;series_evaporator_to_desorber;nan;120.0;30.0;120.0;8.0;8.0;4.0;120.0;0.5800000000000002;Abwärmetemperatur [°C];hot_temperature_C;120.0;10.0;10.0;25.0;15.0;11.0;nan;nan;5.150686319858261e-19;`gtol` termination condition is satisfied.;4;9.48367935158092e-08;1.0149567793613933e-09;1;True;;True;0;zulässig;feasible;True;True;True;104.64135655852255;120.0857019455949;150.11697135220498;54.63405935639463;0.10240620864841815;0.2587373191531057;0.2103997882154716;0.2657016571366979;186.630645569661;185.40309075266435;186.34992604582055;185.64125152750114;43.53456025283708;0.5017071823776653;7.667052846226599;26.162119950338592;0.007974504973512573;0.03458424342100103;18.66306454774926;18.540309074390986;7.4539970419131425;12.37608343460849;3.9576872970664576;96.23996575554526;0.019195752305504615;2679.579223793656;264.1361728756417;216.86247211173867;0.012585663583540296;0.6430626998271088;0.5732909233069621;0.217946756728528;-6.091340765124187e-10;-1.4893949185079691e-08;1.1219611906199134e-08;-3.6159175653693865e-10;-2.0080221929674735e-09;8.754483360462473e-09;8.373802984351641e-09;9.216839202963456e-08;-6.091340765124187e-12;-1.489394918507969e-10;1.1219611906199134e-10;-3.6159175653693865e-10;-2.0080221929674735e-11;8.754483360462473e-11;8.373802984351641e-11;9.216839202963456e-10;146.1621199503386;114.44852716723977;108.87586191467335;120.0;114.44852716723977;41.08870160003971;21.290289403675274;16.261410641531768;55.151264155505544;24.63405935639463;3.9296026670242554;12.635896159128094;15.358643441477454;59.81042911232885;1.1444392893267832;9.534917526281902;4.0;0.5800000000000002;119409.76597802226;15487.818654351779;7.709915039873637;1.1444392893267832;deltaT_shex_1_K;shex;True;True;True;True;True;True;True;True;104.64135655852255;2682.8328999964597;0.07564836341064896;119409.76597802226;0.0;0.0;135.0;4.0;146.1621199503386;4.0;114.44852716723977;8.0;108.87586191467335;8.0;120.0;8.0;114.44852716723977;8.0;30.0;4.0;41.08870160003971;4.0;104.64135655852255;2682.8328999964597;0.007746862087342279;119409.76597802226;0.0;0.0;96.23996575554526;264.13617287564017;0.6556483634106491;15487.818654351779;0.5622861727441676;0.2103997882154716;167.45240935401387;376.31383140001475;0.5877468620873425;119409.76597802226;0.6272462399551825;0.2587373191531057;104.64135655852255;2682.8328999964597;0.06790150132330668;119409.76597802226;0.0;0.0;120.0857019455949;264.13617287564017;0.6556483634106491;119409.76597802226;0.5622861727441676;0.2103997882154716;151.26141064153177;330.5354238802069;0.6556483634106491;119409.76597802226;0.5622861727441676;0.2103997882154716;150.11697135220498;345.5064432706661;0.5800000000000002;119409.76597802226;0.6356241533243981;0.2657016571366979;110.550784419313;270.44685662679336;0.5800000000000002;119409.76597802226;0.6356241533243981;0.2657016571366979;110.51892450021552;270.3872286208951;0.5800000000000002;15487.818654351779;0.6356241533243981;0.2657016571366979;96.23996575554526;2679.579223793656;0.07564836341064896;15487.818654351779;0.0;0.0;54.63405935639463;228.72526749292618;0.07564836341064896;15487.818654351779;0.0;0.0;54.63809805491093;228.83068292577863;0.07564836341064896;119409.76597802226;0.0;0.0;"Zustand 3: Temperatur 424.411 K liegt außerhalb des Boryta-Prüfbereichs; Kristallisation wurde nicht bewertet.";"Zustand 4: Temperatur 423.267 K liegt außerhalb des Boryta-Prüfbereichs; Kristallisation wurde nicht bewertet.";"Zustand 5: Temperatur 383.701 K liegt außerhalb des Boryta-Prüfbereichs; Kristallisation wurde nicht bewertet.";"Zustand 6: Temperatur 383.669 K liegt außerhalb des Boryta-Prüfbereichs; Kristallisation wurde nicht bewertet.";"Zustand 20: Temperatur 440.602 K liegt außerhalb des Boryta-Prüfbereichs; Kristallisation wurde nicht bewertet.";5
series_evaporator_to_desorber;Serie Verdampfer → Desorber;series_evaporator_to_desorber;nan;120.0;30.0;120.0;8.0;8.0;4.0;120.0;0.5900000000000002;Abwärmetemperatur [°C];hot_temperature_C;120.0;10.0;10.0;25.0;15.0;11.0;nan;nan;3.1080100798823477e-19;`gtol` termination condition is satisfied.;4;7.208196206840154e-08;7.884174122737711e-10;1;True;;True;0;zulässig;feasible;True;True;True;104.62546953247426;119.99947601866177;150.16521838249076;54.66248671221882;0.10311919978485005;0.25840804527741346;0.21080791446257865;0.265295453379462;186.711431201108;185.6170432936806;186.45204655142345;185.8332793838097;44.46571793071447;0.501527775052811;7.79072861048995;26.16695162686051;0.007976651453815214;0.03517190768473861;18.67114311311644;18.561704328696525;7.458081862113441;12.388885291819932;4.042337994773292;96.38154144551987;0.018987292946605477;2679.8476042474854;264.0534236836878;217.29623952565123;0.012640430328798136;0.653090612234485;0.573784902478923;0.21829118608641648;-4.169464773440268e-10;-1.1791740917033167e-08;8.65441052155802e-09;-3.194233766379284e-10;-1.4125873804005096e-09;6.715367817378137e-09;6.510703087769798e-09;6.994361001488869e-08;-4.1694647734402676e-12;-1.1791740917033168e-10;8.65441052155802e-11;-3.194233766379284e-10;-1.4125873804005095e-11;6.715367817378138e-11;6.510703087769798e-11;6.994361001488869e-10;146.1669516268605;114.44278470742194;108.86706561198463;120.0;114.44278470742194;41.10149780464599;21.16048676702968;16.385135984739293;55.280043640873885;24.662486712218822;4.004433220823955;12.485524166464756;15.374530467525744;59.776260740845885;1.219917602248529;9.529298012311244;4.0;0.5900000000000002;119343.96906485388;15508.978609407306;7.695153373444156;1.219917602248529;deltaT_shex_1_K;shex;True;True;True;True;True;True;True;True;104.62546953247426;2682.808249367293;0.07573104256328289;119343.96906485388;0.0;0.0;135.0;4.0;146.1669516268605;4.0;114.44278470742194;8.0;108.86706561198463;8.0;120.0;8.0;114.44278470742194;8.0;30.0;4.0;41.10149780464599;4.0;104.62546953247426;2682.808249367293;0.007809324507998152;119343.96906485388;0.0;0.0;96.38154144551987;264.0534236836875;0.6657310425632831;15508.978609407306;0.5628902804472162;0.21080791446257865;167.3274383938902;375.94723842683953;0.5978093245079984;119343.96906485388;0.6268445777066056;0.25840804527741346;104.62546953247426;2682.808249367293;0.06792171805528474;119343.96906485388;0.0;0.0;119.99947601866177;264.0534236836875;0.6657310425632831;119343.96906485388;0.5628902804472162;0.21080791446257865;151.3851359847393;330.84573933041906;0.6657310425632831;119343.96906485388;0.5628902804472162;0.21080791446257865;150.16521838249076;345.413295680012;0.5900000000000002;119343.96906485388;0.6351415817811253;0.265295453379462;110.47017800635052;270.0476720679249;0.5900000000000002;119343.96906485388;0.6351415817811253;0.265295453379462;110.43835148659798;269.98805866506945;0.5900000000000002;15508.978609407306;0.6351415817811253;0.265295453379462;96.38154144551987;2679.8476042474854;0.07573104256328289;15508.978609407306;0.0;0.0;54.66248671221882;228.84419783625026;0.07573104256328289;15508.978609407306;0.0;0.0;54.66652396657605;228.94952652556745;0.07573104256328289;119343.96906485388;0.0;0.0;"Zustand 3: Temperatur 424.535 K liegt außerhalb des Boryta-Prüfbereichs; Kristallisation wurde nicht bewertet.";"Zustand 4: Temperatur 423.315 K liegt außerhalb des Boryta-Prüfbereichs; Kristallisation wurde nicht bewertet.";"Zustand 5: Temperatur 383.620 K liegt außerhalb des Boryta-Prüfbereichs; Kristallisation wurde nicht bewertet.";"Zustand 6: Temperatur 383.588 K liegt außerhalb des Boryta-Prüfbereichs; Kristallisation wurde nicht bewertet.";"Zustand 20: Temperatur 440.477 K liegt außerhalb des Boryta-Prüfbereichs; Kristallisation wurde nicht bewertet.";5
series_evaporator_to_desorber;Serie Verdampfer → Desorber;series_evaporator_to_desorber;nan;120.0;30.0;120.0;8.0;8.0;4.0;120.0;0.6000000000000002;Abwärmetemperatur [°C];hot_temperature_C;120.0;10.0;10.0;25.0;15.0;11.0;nan;nan;1.916528114531881e-19;`gtol` termination condition is satisfied.;4;5.507230916431424e-08;6.191168087738987e-10;1;True;;True;0;zulässig;feasible;True;True;True;104.61009536877373;119.91704911911978;150.20805074434168;54.69000492154862;0.10384779129774752;0.25808547098340406;0.211203259202317;0.26489950150350283;186.78078551884886;185.82415333420002;186.54209220602917;186.01910822875982;45.3941917238717;0.5013425587551001;7.9144121702668855;26.171099612371336;0.007978715866681769;0.03575970208569346;18.678078546548665;18.582415332915648;7.461683688300794;12.401273881591324;4.12674470302367;96.51866936601368;0.01878675621644585;2680.1075593755345;263.9773543687637;217.7170236646804;0.012696297689793523;0.6631147653546737;0.574263014027318;0.21862502306069231;-3.0750157975489856e-10;-9.388671173837793e-09;6.748365422026836e-09;-2.828740019999998e-10;-1.4906902379152598e-09;5.043546025262913e-09;4.8899551075010095e-09;5.336221420293441e-08;-3.0750157975489854e-12;-9.388671173837792e-11;6.748365422026836e-11;-2.828740019999998e-10;-1.4906902379152598e-11;5.0435460252629126e-11;4.8899551075010095e-11;5.336221420293441e-10;146.17109961237134;114.43722762473806;108.85881577647166;120.0;114.43722762473806;41.11388476879188;21.034098179486364;16.504923448336513;55.404784597221806;24.69000492154862;4.077773303637002;12.340146410457976;15.389904631226273;59.743186849019935;1.2968727039948362;9.525800629552066;4.0;0.6000000000000002;119280.32469035739;15529.485370237018;7.680893593484024;1.2968727039948362;deltaT_shex_1_K;shex;True;True;True;True;True;True;True;True;104.61009536877373;2682.784393102394;0.07581106304446705;119280.32469035739;0.0;0.0;135.0;4.0;146.17109961237134;4.0;114.43722762473806;8.0;108.85881577647166;8.0;120.0;8.0;114.43722762473806;8.0;30.0;4.0;41.11388476879188;4.0;104.61009536877373;2682.784393102394;0.007872811453102193;119280.32469035739;0.0;0.0;96.51866936601368;263.97735436876576;0.6758110630444673;15529.485370237018;0.5634744747786654;0.211203259202317;167.2051977918577;375.5886237152926;0.6078728114531023;119280.32469035739;0.626450594444535;0.25808547098340406;104.61009536877373;2682.784393102394;0.06793825159136486;119280.32469035739;0.0;0.0;119.91704911911978;263.97735436876576;0.6758110630444673;119280.32469035739;0.5634744747786654;0.211203259202317;151.5049234483365;331.14729905622767;0.6758110630444673;119280.32469035739;0.5634744747786654;0.211203259202317;150.20805074434168;345.3150949302404;0.6000000000000002;119280.32469035739;0.6346704729976543;0.26489950150350283;110.39124848956772;269.65810872327506;0.6000000000000002;119280.32469035739;0.6346704729976543;0.26489950150350283;110.35945432110105;269.5985092197989;0.6000000000000002;15529.485370237018;0.6346704729976543;0.26489950150350283;96.51866936601368;2680.1075593755345;0.07581106304446705;15529.485370237018;0.0;0.0;54.69000492154862;228.95932491264776;0.07581106304446705;15529.485370237018;0.0;0.0;54.69404077571812;229.0645696559117;0.07581106304446705;119280.32469035739;0.0;0.0;"Zustand 3: Temperatur 424.655 K liegt außerhalb des Boryta-Prüfbereichs; Kristallisation wurde nicht bewertet.";"Zustand 4: Temperatur 423.358 K liegt außerhalb des Boryta-Prüfbereichs; Kristallisation wurde nicht bewertet.";"Zustand 5: Temperatur 383.541 K liegt außerhalb des Boryta-Prüfbereichs; Kristallisation wurde nicht bewertet.";"Zustand 6: Temperatur 383.509 K liegt außerhalb des Boryta-Prüfbereichs; Kristallisation wurde nicht bewertet.";"Zustand 20: Temperatur 440.355 K liegt außerhalb des Boryta-Prüfbereichs; Kristallisation wurde nicht bewertet.";5
series_evaporator_to_desorber;Serie Verdampfer → Desorber;series_evaporator_to_desorber;nan;120.0;30.0;120.0;8.0;8.0;4.0;120.0;0.6100000000000002;Abwärmetemperatur [°C];hot_temperature_C;120.0;10.0;10.0;25.0;15.0;11.0;nan;nan;1.2025546214800216e-19;`gtol` termination condition is satisfied.;4;4.2134162292393415e-08;4.904191312499996e-10;1;True;;True;0;zulässig;feasible;True;True;True;104.5951966694164;119.83832162616284;150.24571241404112;54.71667802004458;0.10459203061771317;0.25776934595080964;0.21158632122716364;0.2645133846404477;186.8392403439988;186.02490282526477;186.62062476907246;186.19919009542986;46.319872518043745;0.5011515828682649;8.038096015100557;26.174595714353984;0.007980704523591549;0.036347600043758636;18.68392403032451;18.602490282145922;7.464824990812481;12.413279339447474;4.210897502325169;96.65156254975119;0.01859381056661925;2680.3594905485475;263.9077002509748;218.12538573540996;0.012753283037663765;0.6731353352189534;0.5747259333498222;0.21894869495786942;-1.9381474203328253e-10;-7.533117241109721e-09;5.266230118650128e-09;-2.5097501854531856e-10;-1.23955601338821e-09;3.805553205893375e-09;3.717758545462857e-09;4.0753718621999724e-08;-1.938147420332825e-12;-7.533117241109721e-11;5.2662301186501284e-11;-2.5097501854531856e-10;-1.23955601338821e-11;3.805553205893375e-11;3.717758545462857e-11;4.0753718621999725e-10;146.17459571435398;114.43184240145246;108.85108209137252;120.0;114.43184240145246;41.1258913173005;20.91096869606389;16.620910300319792;55.52567123245069;24.716678020044583;4.149641252499009;12.199519541621328;15.404803330583604;59.71112988665021;1.37519788627867;9.524357682876712;4.0;0.6100000000000002;119218.67532445268;15549.3844617341;7.66709933874496;1.37519788627867;deltaT_shex_1_K;shex;True;True;True;True;True;True;True;True;104.5951966694164;2682.761273304327;0.07588861825661697;119218.67532445268;0.0;0.0;135.0;4.0;146.17459571435398;4.0;114.43184240145246;8.0;108.85108209137252;8.0;120.0;8.0;114.43184240145246;8.0;30.0;4.0;41.1258913173005;4.0;104.5951966694164;2682.761273304327;0.00793734468423203;119218.67532445268;0.0;0.0;96.65156254975119;263.9077002509748;0.6858886182566172;15549.3844617341;0.5640395882173922;0.21158632122716364;167.08556441041787;375.2376474931852;0.6179373446842322;119218.67532445268;0.6260640134205262;0.25776934595080964;104.5951966694164;2682.761273304327;0.06795127357238494;119218.67532445268;0.0;0.0;119.83832162616284;263.9077002509748;0.6858886182566172;119218.67532445268;0.5640395882173922;0.21158632122716364;151.6209103003198;331.44034518067053;0.6858886182566172;119218.67532445268;0.5640395882173922;0.21158632122716364;150.24571241404112;345.2120567066185;0.6100000000000002;119218.67532445268;0.6342103832859972;0.2645133846404477;110.31396394328613;269.27783946360614;0.6100000000000002;119218.67532445268;0.6342103832859972;0.2645133846404477;110.28220114895345;269.21825323402624;0.6100000000000002;15549.3844617341;0.6342103832859972;0.2645133846404477;96.65156254975119;2680.3594905485475;0.07588861825661697;15549.3844617341;0.0;0.0;54.71667802004458;229.07091659899248;0.07588861825661697;15549.3844617341;0.0;0.0;54.720712514802244;229.1760799911708;0.07588861825661697;119218.67532445268;0.0;0.0;"Zustand 3: Temperatur 424.771 K liegt außerhalb des Boryta-Prüfbereichs; Kristallisation wurde nicht bewertet.";"Zustand 4: Temperatur 423.396 K liegt außerhalb des Boryta-Prüfbereichs; Kristallisation wurde nicht bewertet.";"Zustand 5: Temperatur 383.464 K liegt außerhalb des Boryta-Prüfbereichs; Kristallisation wurde nicht bewertet.";"Zustand 6: Temperatur 383.432 K liegt außerhalb des Boryta-Prüfbereichs; Kristallisation wurde nicht bewertet.";"Zustand 20: Temperatur 440.236 K liegt außerhalb des Boryta-Prüfbereichs; Kristallisation wurde nicht bewertet.";5
series_evaporator_to_desorber;Serie Verdampfer → Desorber;series_evaporator_to_desorber;nan;120.0;30.0;120.0;8.0;8.0;4.0;120.0;0.6200000000000002;Abwärmetemperatur [°C];hot_temperature_C;120.0;10.0;10.0;25.0;15.0;11.0;nan;nan;7.740502917497962e-20;`gtol` termination condition is satisfied.;4;3.241300721679241e-08;3.934590936170611e-10;1;True;;True;0;zulässig;feasible;True;True;True;104.58073873604792;119.7631931207136;150.27843745757542;54.742565492217295;0.10535193593124667;0.2574594326500919;0.21195757453061886;0.264136707029315;186.88729524515455;186.2197394645028;186.68817212482776;186.37394438575947;47.242661952995384;0.5009548999324643;8.161772900464038;26.177469811313074;0.00798262321718714;0.03693557574485533;18.688729521386882;18.621973946162143;7.467526885031749;12.424929625523605;4.294787450824568;96.78042123151903;0.018408139739260906;2680.603775110533;263.8442037605925;218.52185573929913;0.012811400498162206;0.6831524871964773;0.5751742974594429;0.21926260600837535;-1.0815881523740245e-10;-6.07486327908191e-09;4.14289047512284e-09;-2.2305768343500176e-10;-9.65968638411141e-10;2.881364480344928e-09;2.9054092465230497e-09;3.128573666799639e-08;-1.0815881523740245e-12;-6.07486327908191e-11;4.1428904751228404e-11;-2.2305768343500176e-10;-9.65968638411141e-12;2.8813644803449278e-11;2.9054092465230497e-11;3.128573666799639e-10;146.17746981131307;114.42661649564116;108.84383622875038;120.0;114.42661649564116;41.13754422634588;20.790952527555646;16.73322781204911;55.64287700517315;24.742565492217295;4.220056589741262;12.063414997231348;15.41926126395208;59.68001783033094;1.4547903544736869;9.524900883359464;4.0;0.6200000000000002;119158.8749515881;15568.718282241472;7.653736986654014;1.4547903544736869;deltaT_shex_1_K;shex;True;True;True;True;True;True;True;True;104.58073873604792;2682.7388362480806;0.07596388769463924;119158.8749515881;0.0;0.0;135.0;4.0;146.17746981131307;4.0;114.42661649564116;8.0;108.84383622875038;8.0;120.0;8.0;114.42661649564116;8.0;30.0;4.0;41.13754422634588;4.0;104.58073873604792;2682.7388362480806;0.008002942629494051;119158.8749515881;0.0;0.0;96.78042123151903;263.84420376059575;0.6959638876946395;15568.718282241472;0.5645864086173783;0.21195757453061886;166.96842233886872;374.89398907711956;0.6280029426294943;119158.8749515881;0.6256845715702041;0.2574594326500919;104.58073873604792;2682.7388362480806;0.06796094506514519;119158.8749515881;0.0;0.0;119.7631931207136;263.84420376059575;0.6959638876946395;119158.8749515881;0.5645864086173783;0.21195757453061886;151.7332278120491;331.72511365878796;0.6959638876946395;119158.8749515881;0.5645864086173783;0.21195757453061886;150.27843745757542;345.10439245528124;0.6200000000000002;119158.8749515881;0.6337608901304915;0.264136707029315;110.23829223735413;268.90655059543684;0.6200000000000002;119158.8749515881;0.6337608901304915;0.264136707029315;110.2065599058999;268.84697708617097;0.6200000000000002;15568.718282241472;0.6337608901304915;0.264136707029315;96.78042123151903;2680.603775110533;0.07596388769463924;15568.718282241472;0.0;0.0;54.742565492217295;229.17922173496524;0.07596388769463924;15568.718282241472;0.0;0.0;54.746598665310216;229.2843061831082;0.07596388769463924;119158.8749515881;0.0;0.0;"Zustand 3: Temperatur 424.883 K liegt außerhalb des Boryta-Prüfbereichs; Kristallisation wurde nicht bewertet.";"Zustand 4: Temperatur 423.428 K liegt außerhalb des Boryta-Prüfbereichs; Kristallisation wurde nicht bewertet.";"Zustand 5: Temperatur 383.388 K liegt außerhalb des Boryta-Prüfbereichs; Kristallisation wurde nicht bewertet.";"Zustand 6: Temperatur 383.357 K liegt außerhalb des Boryta-Prüfbereichs; Kristallisation wurde nicht bewertet.";"Zustand 20: Temperatur 440.118 K liegt außerhalb des Boryta-Prüfbereichs; Kristallisation wurde nicht bewertet.";5
series_evaporator_to_desorber;Serie Verdampfer → Desorber;series_evaporator_to_desorber;nan;120.0;30.0;120.0;8.0;8.0;4.0;120.0;0.6300000000000002;Abwärmetemperatur [°C];hot_temperature_C;120.0;10.0;10.0;25.0;15.0;11.0;nan;nan;5.098530901560498e-20;`gtol` termination condition is satisfied.;4;2.5011819215616294e-08;3.193283858838891e-10;1;True;;True;0;zulässig;feasible;True;True;True;104.56668935533543;119.69156299725881;150.30645014656164;54.767722629022444;0.10612749956222316;0.25715550543714144;0.21231746976136254;0.2637690927286271;186.92541981233143;186.40907938767654;186.7452306536;186.543760464959;48.162471438695476;0.5007525650628221;8.285435837389052;26.179749988775825;0.007984477268879887;0.03752360412615332;18.692541978825282;18.64090793854621;7.469809226173479;12.43625069751134;4.378406494876002;96.9054337592014;0.018229442098379848;2680.8407680842947;263.78661481454435;218.90693454601598;0.012870661304381636;0.6931663767421927;0.5756087076679793;0.21956713890017865;-5.3944404498906806e-11;-4.940552855714486e-09;3.267302872700384e-09;-1.9853324539909067e-10;-7.369749255303759e-10;2.214449068560498e-09;2.2889139472681563e-09;2.407858801234397e-08;-5.394440449890681e-13;-4.940552855714486e-11;3.267302872700384e-11;-1.9853324539909067e-10;-7.36974925530376e-12;2.2144490685604978e-11;2.2889139472681564e-11;2.407858801234397e-10;146.17974998877582;114.42153826360766;108.83705170100001;120.0;114.42153826360766;41.14886838443044;20.673912363205943;16.842001548906183;55.75656537477096;24.767722629022444;4.289039819065465;11.931617941798606;15.433310644664573;59.649783748235905;1.535551402344538;9.527361834166413;4.0;0.6300000000000002;119100.78814049067;15587.526338271531;7.640775422336673;1.535551402344538;deltaT_shex_1_K;shex;True;True;True;True;True;True;True;True;104.56668935533543;2682.717032050074;0.07603703804657413;119100.78814049067;0.0;0.0;135.0;4.0;146.17974998877582;4.0;114.42153826360766;8.0;108.83705170100001;8.0;120.0;8.0;114.42153826360766;8.0;30.0;4.0;41.14886838443044;4.0;104.56668935533543;2682.717032050074;0.008069620722000542;119100.78814049067;0.0;0.0;96.9054337592014;263.78661481454924;0.7060370380465744;15587.526338271531;0.5651156820602227;0.21231746976136254;166.85366235198177;374.55734547624604;0.6380696207220008;119100.78814049067;0.6253120185576719;0.25715550543714144;104.56668935533543;2682.717032050074;0.06796741732457359;119100.78814049067;0.0;0.0;119.69156299725881;263.78661481454924;0.7060370380465744;119100.78814049067;0.5651156820602227;0.21231746976136254;151.84200154890618;332.0018341916358;0.7060370380465744;119100.78814049067;0.5651156820602227;0.21231746976136254;150.30645014656164;344.99230859815856;0.6300000000000002;119100.78814049067;0.6333215909769351;0.2637690927286271;110.1642011630924;268.54394123506427;0.6300000000000002;119100.78814049067;0.6333215909769351;0.2637690927286271;110.1324984445422;268.48437995867357;0.6300000000000002;15587.526338271531;0.6333215909769351;0.2637690927286271;96.9054337592014;2680.8407680842947;0.07603703804657413;15587.526338271531;0.0;0.0;54.767722629022444;229.2844716186512;0.07603703804657413;15587.526338271531;0.0;0.0;54.771754515371754;229.389479355328;0.07603703804657413;119100.78814049067;0.0;0.0;"Zustand 3: Temperatur 424.992 K liegt außerhalb des Boryta-Prüfbereichs; Kristallisation wurde nicht bewertet.";"Zustand 4: Temperatur 423.456 K liegt außerhalb des Boryta-Prüfbereichs; Kristallisation wurde nicht bewertet.";"Zustand 5: Temperatur 383.314 K liegt außerhalb des Boryta-Prüfbereichs; Kristallisation wurde nicht bewertet.";"Zustand 6: Temperatur 383.282 K liegt außerhalb des Boryta-Prüfbereichs; Kristallisation wurde nicht bewertet.";"Zustand 20: Temperatur 440.004 K liegt außerhalb des Boryta-Prüfbereichs; Kristallisation wurde nicht bewertet.";5
series_evaporator_to_desorber;Serie Verdampfer → Desorber;series_evaporator_to_desorber;nan;120.0;30.0;120.0;8.0;8.0;4.0;120.0;0.6400000000000002;Abwärmetemperatur [°C];hot_temperature_C;120.0;10.0;10.0;25.0;15.0;11.0;nan;nan;3.439538216933279e-20;`gtol` termination condition is satisfied.;4;1.9365715516155826e-08;2.6227993506683957e-10;1;True;;True;0;zulässig;feasible;True;True;True;104.55301860290763;119.62333098174281;150.32996512741005;54.79220085489288;0.10691869102902671;0.256857349731792;0.21266643558019221;0.2634101844210262;186.95405574516434;186.59330962992806;186.79226741126087;186.70900003140213;49.07922125450807;0.5005446354311611;8.409078082305289;26.181462664184494;0.007986271571565024;0.03811166085928097;18.69540557265623;18.659330962824153;7.471690696478877;12.447266668643184;4.461747387136917;97.02677743136854;0.018057429978509003;2681.070803739775;263.7346910837093;219.2810958109708;0.012931074115518637;0.7031771500840777;0.5760297320490602;0.21986265619283682;1.3855583347321954e-12;-3.998017916728713e-09;2.5596875730116153e-09;-1.7689205655813112e-10;-7.110543265298475e-10;1.6865158158907434e-09;1.7543584363011178e-09;1.8602037243908853e-08;1.3855583347321953e-14;-3.9980179167287133e-11;2.5596875730116154e-11;-1.7689205655813112e-10;-7.110543265298475e-12;1.6865158158907434e-11;1.7543584363011177e-11;1.8602037243908854e-10;146.1814626641845;114.41659688901308;108.83070372480074;120.0;114.41659688901308;41.159886939589;20.5597187532685;16.94735164668367;55.86689049177954;24.792200854892883;4.356612244674466;11.803926293432198;15.446981397092372;59.62036540222033;1.617386519273623;9.531672438812052;4.0;0.6400000000000002;119044.2891962265;15605.845460475133;7.628185829324629;1.617386519273623;deltaT_shex_1_K;shex;True;True;True;True;True;True;True;True;104.55301860290763;2682.6958143657125;0.07610822419959606;119044.2891962265;0.0;0.0;135.0;4.0;146.1814626641845;4.0;114.41659688901308;8.0;108.83070372480074;8.0;120.0;8.0;114.41659688901308;8.0;30.0;4.0;41.159886939589;4.0;104.55301860290763;2682.6958143657125;0.008137391707964505;119044.2891962265;0.0;0.0;97.02677743136854;263.73469108371575;0.7161082241995963;15605.845460475133;0.565628115497045;0.21266643558019221;166.741181417453;374.22743012169275;0.6481373917079647;119044.2891962265;0.6249461159083249;0.256857349731792;104.55301860290763;2682.6958143657125;0.06797083249163156;119044.2891962265;0.0;0.0;119.62333098174281;263.73469108371575;0.7161082241995963;119044.2891962265;0.565628115497045;0.21266643558019221;151.94735164668367;332.2707301850186;0.7161082241995963;119044.2891962265;0.565628115497045;0.21266643558019221;150.32996512741005;344.87600592562114;0.6400000000000002;119044.2891962265;0.6328921021030514;0.2634101844210262;110.09165854293076;268.1897227154545;0.6400000000000002;119044.2891962265;0.6328921021030514;0.2634101844210262;110.05998464433861;268.13017324536185;0.6400000000000002;15605.845460475133;0.6328921021030514;0.2634101844210262;97.02677743136854;2681.070803739775;0.07610822419959606;15605.845460475133;0.0;0.0;54.79220085489288;229.38688137441227;0.07610822419959606;15605.845460475133;0.0;0.0;54.79623148679275;229.49181447008692;0.07610822419959606;119044.2891962265;0.0;0.0;"Zustand 3: Temperatur 425.097 K liegt außerhalb des Boryta-Prüfbereichs; Kristallisation wurde nicht bewertet.";"Zustand 4: Temperatur 423.480 K liegt außerhalb des Boryta-Prüfbereichs; Kristallisation wurde nicht bewertet.";"Zustand 5: Temperatur 383.242 K liegt außerhalb des Boryta-Prüfbereichs; Kristallisation wurde nicht bewertet.";"Zustand 6: Temperatur 383.210 K liegt außerhalb des Boryta-Prüfbereichs; Kristallisation wurde nicht bewertet.";"Zustand 20: Temperatur 439.891 K liegt außerhalb des Boryta-Prüfbereichs; Kristallisation wurde nicht bewertet.";5
series_evaporator_to_desorber;Serie Verdampfer → Desorber;series_evaporator_to_desorber;nan;120.0;30.0;120.0;8.0;8.0;4.0;120.0;0.6500000000000002;Abwärmetemperatur [°C];hot_temperature_C;120.0;10.0;10.0;25.0;15.0;11.0;nan;nan;2.5747281493243457e-20;`gtol` termination condition is satisfied.;4;1.585582362995584e-08;2.2692413486997568e-10;1;True;;True;0;zulässig;feasible;True;True;True;104.53969866402957;119.55839756646355;150.34918763299908;54.81604802713525;0.10772545981633326;0.25656476127501016;0.21300487992621076;0.263059642301896;186.97361877537165;186.7727903792783;186.8297221374131;186.86999928430933;49.99283972588838;0.500331169806709;8.532693127057582;26.182632701876287;0.00798801062802248;0.0386997223318198;18.697361876017812;18.67727903779514;7.473188885520418;12.45799995219091;4.544803611754568;97.14461926771776;0.01789182905183219;2681.29419703694;263.6881981653691;219.6447877488428;0.012992645304426675;0.7131849448562719;0.5764379076997872;0.22014950162142638;3.2301272767654154e-11;-3.4118627922907763e-09;2.1651942461176077e-09;-1.6234680266791202e-10;-5.97339067098801e-10;1.326867504758411e-09;1.4456702501774998e-09;1.5193535318758222e-08;3.2301272767654155e-13;-3.4118627922907766e-11;2.1651942461176075e-11;-1.6234680266791202e-10;-5.97339067098801e-12;1.3268675047584112e-11;1.4456702501774998e-11;1.5193535318758222e-10;146.1826327018763;114.41178231805293;108.82476909624035;120.0;114.41178231805293;41.170621434167344;20.44824954644298;17.049393073884687;55.97399783355041;24.816048027135253;4.422795811071751;11.680149828522588;15.460301335970428;59.5917048835621;1.700205440885611;9.537765241007946;4.0;0.6500000000000002;118989.26138623426;15623.710002506195;7.615941499627631;1.700205440885611;deltaT_shex_1_K;shex;True;True;True;True;True;True;True;True;104.53969866402957;2682.6751401126817;0.07617759016069836;118989.26138623426;0.0;0.0;135.0;4.0;146.1826327018763;4.0;114.41178231805293;8.0;108.82476909624035;8.0;120.0;8.0;114.41178231805293;8.0;30.0;4.0;41.170621434167344;4.0;104.53969866402957;2682.6751401126817;0.008206265927761415;118989.26138623426;0.0;0.0;97.14461926771776;263.68819816537837;0.7261775901606986;15623.710002506195;0.5661243791962268;0.21300487992621076;166.63088224831927;373.9039717124444;0.6582062659277617;118989.26138623426;0.6245866362253735;0.25656476127501016;104.53969866402957;2682.6751401126817;0.06797132423293695;118989.26138623426;0.0;0.0;119.55839756646355;263.68819816537837;0.7261775901606986;118989.26138623426;0.5661243791962268;0.21300487992621076;152.0493930738847;332.5320187448943;0.7261775901606986;118989.26138623426;0.5661243791962268;0.21300487992621076;150.34918763299908;344.75567914002045;0.6500000000000002;118989.26138623426;0.6324720575629805;0.263059642301896;110.02063232545561;267.8436180233188;0.6500000000000002;118989.26138623426;0.6324720575629805;0.263059642301896;109.98898650698118;267.78407998896216;0.6500000000000002;15623.710002506195;0.6324720575629805;0.263059642301896;97.14461926771776;2681.29419703694;0.07617759016069836;15623.710002506195;0.0;0.0;54.81604802713525;229.48665120519573;0.07617759016069836;15623.710002506195;0.0;0.0;54.82007743449083;229.59151157963356;0.07617759016069836;118989.26138623426;0.0;0.0;"Zustand 3: Temperatur 425.199 K liegt außerhalb des Boryta-Prüfbereichs; Kristallisation wurde nicht bewertet.";"Zustand 4: Temperatur 423.499 K liegt außerhalb des Boryta-Prüfbereichs; Kristallisation wurde nicht bewertet.";"Zustand 5: Temperatur 383.171 K liegt außerhalb des Boryta-Prüfbereichs; Kristallisation wurde nicht bewertet.";"Zustand 6: Temperatur 383.139 K liegt außerhalb des Boryta-Prüfbereichs; Kristallisation wurde nicht bewertet.";"Zustand 20: Temperatur 439.781 K liegt außerhalb des Boryta-Prüfbereichs; Kristallisation wurde nicht bewertet.";5
series_evaporator_to_desorber;Serie Verdampfer → Desorber;series_evaporator_to_desorber;nan;120.0;30.0;120.0;8.0;8.0;4.0;120.0;0.6600000000000003;Abwärmetemperatur [°C];hot_temperature_C;120.0;10.0;10.0;25.0;15.0;11.0;nan;nan;2.061057296497076e-20;`gtol` termination condition is satisfied.;4;1.3461289045471252e-08;2.0302991387955993e-10;1;True;;True;0;zulässig;feasible;True;True;True;104.5267036700555;119.49666437252012;150.36431373041398;54.83930870925548;0.10854773780268483;0.2562775454406839;0.21333319120461217;0.2627171430502322;186.98450043200415;186.94785703357073;186.85800910130237;187.0270709001065;50.90326247588419;0.5001122281512265;8.65627468950574;26.183283518660517;0.007989698585377255;0.039287765628356085;18.698450041910412;18.69478570325098;7.474320364075901;12.468471393260755;4.6275693162531075;97.25911671889463;0.01773237771418643;2681.5112449555013;263.64690967678416;219.99843477841557;0.01305537921608868;0.723189890680457;0.5768337428273892;0.2204280013054796;4.774136641572113e-11;-2.8999949108765577e-09;1.8578134586277883e-09;-1.5199613789818045e-10;-5.951505954726599e-10;1.0609539913275512e-09;1.1951897249673493e-09;1.2900045476271771e-08;4.774136641572113e-13;-2.8999949108765578e-11;1.8578134586277883e-11;-1.5199613789818045e-10;-5.951505954726599e-12;1.0609539913275513e-11;1.1951897249673493e-11;1.2900045476271771e-10;146.18328351866052;114.40708520035565;108.8192260765129;120.0;114.40708520035565;41.18109192784516;20.33938937277287;17.14823588317006;56.07802479104947;24.839308709255477;4.4876129612698605;11.560109357618273;15.473296329944503;59.56374828073996;1.7839221527560767;9.545573704722187;4.0;0.6600000000000003;118935.5962357271;15641.152023482358;7.604017661689295;1.7839221527560767;deltaT_shex_1_K;shex;True;True;True;True;True;True;True;True;104.5267036700555;2682.654969218521;0.07624526989654545;118935.5962357271;0.0;0.0;135.0;4.0;146.18328351866052;4.0;114.40708520035565;8.0;108.8192260765129;8.0;120.0;8.0;114.40708520035565;8.0;30.0;4.0;41.18109192784516;4.0;104.5267036700555;2682.654969218521;0.008276251565425155;118935.5962357271;0.0;0.0;97.25911671889463;263.64690967679405;0.7362452698965457;15641.152023482358;0.566605109021286;0.21333319120461217;166.5226728914334;373.5867131514927;0.6682762515654254;118935.5962357271;0.6242333624619217;0.2562775454406839;104.5267036700555;2682.654969218521;0.0679690183311203;118935.5962357271;0.0;0.0;119.49666437252012;263.64690967679405;0.7362452698965457;118935.5962357271;0.566605109021286;0.21333319120461217;152.14823588317006;332.78591070974727;0.7362452698965457;118935.5962357271;0.566605109021286;0.21333319120461217;150.36431373041398;344.63151653468896;0.6600000000000003;118935.5962357271;0.6320611082062702;0.2627171430502322;109.95109066779793;267.5053612682701;0.6600000000000003;118935.5962357271;0.6320611082062702;0.2627171430502322;109.91947223908579;267.4458343506514;0.6600000000000003;15641.152023482358;0.6320611082062702;0.2627171430502322;97.25911671889463;2681.5112449555013;0.07624526989654545;15641.152023482358;0.0;0.0;54.83930870925548;229.5839675357509;0.07624526989654545;15641.152023482358;0.0;0.0;54.843336919615695;229.68875696854087;0.07624526989654545;118935.5962357271;0.0;0.0;"Zustand 3: Temperatur 425.298 K liegt außerhalb des Boryta-Prüfbereichs; Kristallisation wurde nicht bewertet.";"Zustand 4: Temperatur 423.514 K liegt außerhalb des Boryta-Prüfbereichs; Kristallisation wurde nicht bewertet.";"Zustand 5: Temperatur 383.101 K liegt außerhalb des Boryta-Prüfbereichs; Kristallisation wurde nicht bewertet.";"Zustand 6: Temperatur 383.069 K liegt außerhalb des Boryta-Prüfbereichs; Kristallisation wurde nicht bewertet.";"Zustand 20: Temperatur 439.673 K liegt außerhalb des Boryta-Prüfbereichs; Kristallisation wurde nicht bewertet.";5
series_evaporator_to_desorber;Serie Verdampfer → Desorber;series_evaporator_to_desorber;nan;120.0;30.0;120.0;8.0;8.0;4.0;120.0;0.6700000000000003;Abwärmetemperatur [°C];hot_temperature_C;120.0;10.0;10.0;25.0;15.0;11.0;nan;nan;1.864902712367116e-20;`gtol` termination condition is satisfied.;4;1.2436744488158086e-08;1.9312704172989944e-10;1;True;;True;0;zulässig;feasible;True;True;True;104.51400954813369;119.43803444775676;150.37553059168465;54.86202442240295;0.10938544152554905;0.25599551662492653;0.21365173939079923;0.26238237886459126;186.98706967833996;187.1188220931373;186.8775188141993;187.1805058495628;51.810431741503905;0.49988787126387996;8.779816704011324;26.183437181718887;0.007991339266264084;0.039875768509805794;18.698706966642483;18.711882209212188;7.4751007525920485;12.478700389893163;4.710039249464768;97.37041831956526;0.017578826491661786;2681.72222771843;263.61060727664477;220.34243904140828;0.013119278400267942;0.7331921097058064;0.5772177186609178;0.2206984648599255;6.086509074521018e-11;-2.60854449152248e-09;1.7664660845184699e-09;-1.4775985990311824e-10;-6.019149623170961e-10;1.015422412820044e-09;1.1653469300654251e-09;1.191514797937998e-08;6.086509074521018e-13;-2.6085444915224797e-11;1.7664660845184698e-11;-1.4775985990311824e-10;-6.019149623170961e-12;1.015422412820044e-11;1.165346930065425e-11;1.1915147979379982e-10;146.1834371817189;114.40249683464225;108.81405428637072;120.0;114.40249683464225;41.19131711083355;20.233029174728244;17.24398544729121;56.17910120873171;24.862024422402953;4.551086511829794;11.44363596680546;15.485990451866314;59.53644537338704;1.8684548556065579;9.555032441779815;4.0;0.6700000000000003;118883.19288146726;15658.201456773328;7.592391323464644;1.8684548556065579;deltaT_shex_1_K;shex;True;True;True;True;True;True;True;True;104.51400954813369;2682.6352643885916;0.07631138810607407;118883.19288146726;0.0;0.0;135.0;4.0;146.1834371817189;4.0;114.40249683464225;8.0;108.81405428637072;8.0;120.0;8.0;114.40249683464225;8.0;30.0;4.0;41.19131711083355;4.0;104.51400954813369;2682.6352643885916;0.008347354881410444;118883.19288146726;0.0;0.0;97.37041831956526;263.6106072766325;0.7463113881060743;15658.201456773328;0.5670709085366646;0.21365173939079923;166.41646635644713;373.2754105894496;0.6783473548814107;118883.19288146726;0.6238860872779801;0.25599551662492653;104.51400954813369;2682.6352643885916;0.06796403322466363;118883.19288146726;0.0;0.0;119.43803444775676;263.6106072766325;0.7463113881060743;118883.19288146726;0.5670709085366646;0.21365173939079923;152.2439854472912;333.03261070201773;0.7463113881060743;118883.19288146726;0.5670709085366646;0.21365173939079923;150.37553059168465;344.5036997733644;0.6700000000000003;118883.19288146726;0.6316589207530906;0.26238237886459126;109.88300200597695;267.1746971741957;0.6700000000000003;118883.19288146726;0.6316589207530906;0.26238237886459126;109.85141032281246;267.11518110179304;0.6700000000000003;15658.201456773328;0.6316589207530906;0.26238237886459126;97.37041831956526;2681.72222771843;0.07631138810607407;15658.201456773328;0.0;0.0;54.86202442240295;229.67900406432645;0.07631138810607407;15658.201456773328;0.0;0.0;54.86605146125521;229.78372420459118;0.07631138810607407;118883.19288146726;0.0;0.0;"Zustand 3: Temperatur 425.394 K liegt außerhalb des Boryta-Prüfbereichs; Kristallisation wurde nicht bewertet.";"Zustand 4: Temperatur 423.526 K liegt außerhalb des Boryta-Prüfbereichs; Kristallisation wurde nicht bewertet.";"Zustand 5: Temperatur 383.033 K liegt außerhalb des Boryta-Prüfbereichs; Kristallisation wurde nicht bewertet.";"Zustand 6: Temperatur 383.001 K liegt außerhalb des Boryta-Prüfbereichs; Kristallisation wurde nicht bewertet.";"Zustand 20: Temperatur 439.566 K liegt außerhalb des Boryta-Prüfbereichs; Kristallisation wurde nicht bewertet.";5
series_evaporator_to_desorber;Serie Verdampfer → Desorber;series_evaporator_to_desorber;nan;120.0;30.0;120.0;8.0;8.0;4.0;120.0;0.6800000000000003;Abwärmetemperatur [°C];hot_temperature_C;120.0;10.0;10.0;25.0;15.0;11.0;nan;nan;1.6920105586268752e-20;`gtol` termination condition is satisfied.;4;1.1470806513088266e-08;1.8395709057423554e-10;1;True;;True;0;zulässig;feasible;True;True;True;104.50159388424419;119.38241250999073;150.38301678699588;54.88423387472233;0.1102384741147093;0.2557184976710101;0.21396087707015876;0.2620550565714023;186.98167441530083;187.28597688651055;186.88861960365244;187.33057505263693;52.714295755192865;0.4996581604720695;8.903313312700881;26.183114498522798;0.007992936196800887;0.04046370939324305;18.69816744043034;18.72859768856133;7.475544784167211;12.48870500343881;4.7922087052341915;97.47866429133774;0.01743093746735053;2681.9274099218765;263.57908063225887;220.67718181461905;0.013184343819774402;0.7431917171046412;0.577590291222741;0.2209611864297926;6.802736152167199e-11;-2.3832456008676672e-09;1.6535750546609052e-09;-1.4382051105599203e-10;-5.278479875414632e-10;8.972449450084241e-10;1.0547864803811535e-09;1.0997439403581666e-08;6.802736152167199e-13;-2.383245600867667e-11;1.653575054660905e-11;-1.4382051105599203e-10;-5.278479875414632e-12;8.972449450084241e-12;1.0547864803811535e-11;1.0997439403581666e-10;146.1831144985228;114.3980091192393;108.80923460956069;120.0;114.3980091192393;41.20131440708798;20.129065773332286;17.336742686378784;56.27734988424976;24.884233874722327;4.613239542549479;11.330570318222954;15.498406115755813;59.50974935369459;1.9537258993829028;9.566077394519482;4.0;0.6800000000000003;118831.95748376586;15674.886264607561;7.581041130236294;1.9537258993829028;deltaT_shex_1_K;shex;True;True;True;True;True;True;True;True;104.50159388424419;2682.6159908945874;0.07637606092441529;118831.95748376586;0.0;0.0;135.0;4.0;146.1831144985228;4.0;114.3980091192393;8.0;108.80923460956069;8.0;120.0;8.0;114.3980091192393;8.0;30.0;4.0;41.20131440708798;4.0;104.50159388424419;2682.6159908945874;0.008419580415199615;118831.95748376586;0.0;0.0;97.47866429133774;263.5790806322467;0.7563760609244156;15674.886264607561;0.5675223509746886;0.21396087707015876;166.31218027185508;372.96983253402294;0.6884195804151999;118831.95748376586;0.6235446124320337;0.2557184976710101;104.50159388424419;2682.6159908945874;0.06795648050921567;118831.95748376586;0.0;0.0;119.38241250999073;263.5790806322467;0.7563760609244156;118831.95748376586;0.5675223509746886;0.21396087707015876;152.33674268637878;333.27231720925755;0.7563760609244156;118831.95748376586;0.5675223509746886;0.21396087707015876;150.38301678699588;344.37240377031696;0.6800000000000003;118831.95748376586;0.6312651769364683;0.2620550565714023;109.81633511547125;266.85138060101576;0.6800000000000003;118831.95748376586;0.6312651769364683;0.2620550565714023;109.78476957668983;266.7918751460257;0.6800000000000003;15674.886264607561;0.6312651769364683;0.2620550565714023;97.47866429133774;2681.9274099218765;0.07637606092441529;15674.886264607561;0.0;0.0;54.88423387472233;229.77192272208455;0.07637606092441529;15674.886264607561;0.0;0.0;54.88825976554472;229.87657509745006;0.07637606092441529;118831.95748376586;0.0;0.0;"Zustand 3: Temperatur 425.487 K liegt außerhalb des Boryta-Prüfbereichs; Kristallisation wurde nicht bewertet.";"Zustand 4: Temperatur 423.533 K liegt außerhalb des Boryta-Prüfbereichs; Kristallisation wurde nicht bewertet.";"Zustand 5: Temperatur 382.966 K liegt außerhalb des Boryta-Prüfbereichs; Kristallisation wurde nicht bewertet.";"Zustand 6: Temperatur 382.935 K liegt außerhalb des Boryta-Prüfbereichs; Kristallisation wurde nicht bewertet.";"Zustand 20: Temperatur 439.462 K liegt außerhalb des Boryta-Prüfbereichs; Kristallisation wurde nicht bewertet.";5
series_evaporator_to_desorber;Serie Verdampfer → Desorber;series_evaporator_to_desorber;nan;120.0;30.0;120.0;8.0;8.0;4.0;120.0;0.6900000000000003;Abwärmetemperatur [°C];hot_temperature_C;120.0;10.0;10.0;25.0;15.0;11.0;nan;nan;1.5397436977426512e-20;`gtol` termination condition is satisfied.;4;1.0576681223675183e-08;1.7548468296365078e-10;1;True;;True;0;zulässig;feasible;True;True;True;104.48943579704348;119.3297051410633;150.38694258804304;54.905973172784115;0.11110672711442984;0.2554463193607363;0.2142609404043573;0.26173489678686007;186.96864288086567;187.44959316230504;186.89165907926434;187.47753090402418;53.614808181012116;0.49942315736295445;9.026758856593537;26.182335100530224;0.007994492631991916;0.041051567330459754;18.696864287071996;18.744959316150332;7.475666363192449;12.498502060203144;4.874073471196311;97.58398709800798;0.017288483729774314;2682.127041575811;263.55212733490976;221.0030248141693;0.01325057503749505;0.7531888215346197;0.5779518929526214;0.22121644564122708;8.029132914089132e-11;-2.147309885458526e-09;1.5484147297684103e-09;-1.4003648241001088e-10;-5.468905328598339e-10;8.017195796128362e-10;9.770246833795682e-10;1.0145697615371319e-08;8.029132914089132e-13;-2.147309885458526e-11;1.5484147297684102e-11;-1.4003648241001088e-10;-5.468905328598339e-12;8.017195796128362e-12;9.770246833795681e-12;1.0145697615371318e-10;146.18233510053022;114.39361450645862;108.80474910337057;120.0;114.39361450645862;41.21110006951585;20.0274014745749;17.42660428059486;56.37288702849213;24.905973172784115;4.674095299792214;11.220762005362587;15.510564202956516;59.4836165692501;2.0396616925518174;9.578645979024827;4.0;0.6900000000000003;118781.80268586142;15691.232581320253;7.569947234563721;2.0396616925518174;deltaT_shex_1_K;shex;True;True;True;True;True;True;True;True;104.48943579704348;2682.5971163796753;0.07643939657211452;118781.80268586142;0.0;0.0;135.0;4.0;146.18233510053022;4.0;114.39361450645862;8.0;108.80474910337057;8.0;120.0;8.0;114.39361450645862;8.0;30.0;4.0;41.21110006951585;4.0;104.48943579704348;2682.5971163796753;0.008492931175729612;118781.80268586142;0.0;0.0;97.58398709800798;263.5521273349007;0.7664393965721148;15691.232581320253;0.5679599810547178;0.2142609404043573;166.20973657510513;372.669759050382;0.6984929311757299;118781.80268586142;0.6232087482460259;0.2554463193607363;104.48943579704348;2682.5971163796753;0.06794646539638491;118781.80268586142;0.0;0.0;119.3297051410633;263.5521273349007;0.7664393965721148;118781.80268586142;0.5679599810547178;0.2142609404043573;152.42660428059486;333.5052226752542;0.7664393965721148;118781.80268586142;0.5679599810547178;0.2142609404043573;150.38694258804304;344.2377966370715;0.6900000000000003;118781.80268586142;0.6308795726908514;0.26173489678686007;109.75105916203847;266.5351760849964;0.6900000000000003;118781.80268586142;0.6308795726908514;0.26173489678686007;109.7195192066664;266.4756810598798;0.6900000000000003;15691.232581320253;0.6308795726908514;0.26173489678686007;97.58398709800798;2682.127041575811;0.07643939657211452;15691.232581320253;0.0;0.0;54.905973172784115;229.86287455741757;0.07643939657211452;15691.232581320253;0.0;0.0;54.909997937208516;229.96746058230136;0.07643939657211452;118781.80268586142;0.0;0.0;"Zustand 3: Temperatur 425.577 K liegt außerhalb des Boryta-Prüfbereichs; Kristallisation wurde nicht bewertet.";"Zustand 4: Temperatur 423.537 K liegt außerhalb des Boryta-Prüfbereichs; Kristallisation wurde nicht bewertet.";"Zustand 5: Temperatur 382.901 K liegt außerhalb des Boryta-Prüfbereichs; Kristallisation wurde nicht bewertet.";"Zustand 6: Temperatur 382.870 K liegt außerhalb des Boryta-Prüfbereichs; Kristallisation wurde nicht bewertet.";"Zustand 20: Temperatur 439.360 K liegt außerhalb des Boryta-Prüfbereichs; Kristallisation wurde nicht bewertet.";5
series_evaporator_to_desorber;Serie Verdampfer → Desorber;series_evaporator_to_desorber;nan;120.0;30.0;120.0;8.0;8.0;4.0;120.0;0.7000000000000003;Abwärmetemperatur [°C];hot_temperature_C;120.0;10.0;10.0;25.0;15.0;11.0;nan;nan;1.4104500378448437e-20;`gtol` termination condition is satisfied.;4;9.800452068218393e-09;1.6795535346304646e-10;1;True;;True;0;zulässig;feasible;True;True;True;104.47751582268967;119.27982094002664;150.3874702823082;54.927276014807376;0.1119900820385974;0.2551788199350159;0.21455225004157152;0.26142163313972944;186.94828493894056;187.6099245431115;186.88696548372093;187.6216086648512;54.511927605288705;0.4991829235524415;9.15014786742323;26.181117520271584;0.0079960115785836;0.04163932198720133;18.694828492954148;18.760992454238284;7.475478619369352;12.508107244262398;4.955629782477235;97.68651195890033;0.017151248842287973;2682.3213590664095;263.5295527787527;221.32031140925343;0.013317970383406874;0.7631835255642351;0.5783029342148546;0.2214645084881818;8.586908961660811e-11;-1.9608847878771485e-09;1.4843521967122797e-09;-1.364037216511349e-10;-5.128697466716403e-10;7.286757863766979e-10;9.152358870778698e-10;9.399087730344036e-09;8.58690896166081e-13;-1.9608847878771484e-11;1.4843521967122797e-11;-1.364037216511349e-10;-5.128697466716403e-12;7.28675786376698e-12;9.152358870778698e-12;9.399087730344036e-11;146.18111752027158;114.38930596097936;108.8005809166097;120.0;114.38930596097936;41.22068926693248;19.927943704666063;17.51366287446791;56.465822691967844;24.927276014807376;4.733677111481825;11.114068957709378;15.522484177310332;59.4580062882759;2.1261925921597253;9.5926771951369;4.0;0.7000000000000003;118732.6471210341;15707.264844762956;7.559091178157691;2.1261925921597253;deltaT_shex_1_K;shex;True;True;True;True;True;True;True;True;104.47751582268967;2682.5786106805713;0.07650149594764166;118732.6471210341;0.0;0.0;135.0;4.0;146.18111752027158;4.0;114.38930596097936;8.0;108.8005809166097;8.0;120.0;8.0;114.38930596097936;8.0;30.0;4.0;41.22068926693248;4.0;104.47751582268967;2682.5786106805713;0.008567408807251816;118732.6471210341;0.0;0.0;97.68651195890033;263.5295527787428;0.776501495947642;15707.264844762956;0.5683843166839103;0.21455225004157152;166.10906122493765;372.3749810156827;0.7085674088072521;118732.6471210341;0.6228783130987849;0.2551788199350159;104.47751582268967;2682.5786106805713;0.06793408714038984;118732.6471210341;0.0;0.0;119.27982094002664;263.5295527787428;0.776501495947642;118732.6471210341;0.5683843166839103;0.21455225004157152;152.5136628744679;333.7315136117511;0.776501495947642;118732.6471210341;0.5683843166839103;0.21455225004157152;150.3874702823082;344.10003969875163;0.7000000000000003;118732.6471210341;0.6305018173974778;0.26142163313972944;109.68714374488974;266.22585740560476;0.7000000000000003;118732.6471210341;0.6305018173974778;0.26142163313972944;109.65562884949753;266.16637265990875;0.7000000000000003;15707.264844762956;0.6305018173974778;0.26142163313972944;97.68651195890033;2682.3213590664095;0.07650149594764166;15707.264844762956;0.0;0.0;54.927276014807376;229.9520005441464;0.07650149594764166;15707.264844762956;0.0;0.0;54.93129967270346;230.05652152742306;0.07650149594764166;118732.6471210341;0.0;0.0;"Zustand 3: Temperatur 425.664 K liegt außerhalb des Boryta-Prüfbereichs; Kristallisation wurde nicht bewertet.";"Zustand 4: Temperatur 423.537 K liegt außerhalb des Boryta-Prüfbereichs; Kristallisation wurde nicht bewertet.";"Zustand 5: Temperatur 382.837 K liegt außerhalb des Boryta-Prüfbereichs; Kristallisation wurde nicht bewertet.";"Zustand 6: Temperatur 382.806 K liegt außerhalb des Boryta-Prüfbereichs; Kristallisation wurde nicht bewertet.";"Zustand 20: Temperatur 439.259 K liegt außerhalb des Boryta-Prüfbereichs; Kristallisation wurde nicht bewertet.";5
series_evaporator_to_desorber;Serie Verdampfer → Desorber;series_evaporator_to_desorber;nan;120.0;30.0;120.0;8.0;8.0;4.0;120.0;0.7100000000000003;Abwärmetemperatur [°C];hot_temperature_C;120.0;10.0;10.0;25.0;15.0;11.0;nan;nan;1.2993464311897627e-20;`gtol` termination condition is satisfied.;4;9.12827915667097e-09;1.6120461725333817e-10;1;True;;True;0;zulässig;feasible;True;True;True;104.46581580907656;119.23267064017989;150.3847544910298;54.948173868260824;0.11288841177187585;0.2549158446567732;0.214835111968009;0.2611150115441002;186.92089327550593;187.76720786224098;186.87484894722192;187.7630277411864;55.40561707495798;0.49893752048720563;9.273475059707819;26.179479262889117;0.007997495815788304;0.04222695362234387;18.692089326674537;18.776720786156915;7.474993957906354;12.517535182688516;5.036874279703856;97.78635732290314;0.0170190263340468;2682.510586044905;263.5111700069215;221.6293677477612;0.013386527103905643;0.7731759260680311;0.5786438046892868;0.22170562815349662;9.951151014320203e-11;-1.7844357103058428e-09;1.4094894140725955e-09;-1.3287643207959832e-10;-4.369269390736008e-10;6.718323675158899e-10;8.586482636019355e-10;8.76056560628058e-09;9.951151014320204e-13;-1.7844357103058427e-11;1.4094894140725956e-11;-1.3287643207959832e-10;-4.369269390736008e-12;6.718323675158899e-12;8.586482636019355e-12;8.760565606280579e-11;146.17947926288912;114.38507692161522;108.79671421386337;120.0;114.38507692161522;41.23009616400964;19.830604675467384;17.598007270269136;56.556261158893506;24.948173868260824;4.79200831286613;11.010356890960225;15.53418419092344;59.43288048370334;2.213252779239326;9.608111707681928;4.0;0.7100000000000003;118684.41496065706;15723.005917585566;7.548455784012216;2.213252779239326;deltaT_shex_1_K;shex;True;True;True;True;True;True;True;True;104.46581580907656;2682.560445664118;0.07656245317193644;118684.41496065706;0.0;0.0;135.0;4.0;146.17947926288912;4.0;114.38507692161522;8.0;108.79671421386337;8.0;120.0;8.0;114.38507692161522;8.0;30.0;4.0;41.23009616400964;4.0;104.46581580907656;2682.560445664118;0.008643013739938523;118684.41496065706;0.0;0.0;97.78635732290314;263.5111700069136;0.7865624531719367;15723.005917585566;0.5687958505392468;0.214835111968009;166.0100839383565;372.0852994372908;0.7186430137399388;118684.41496065706;0.6225531329647721;0.2549158446567732;104.46581580907656;2682.560445664118;0.06791943943199792;118684.41496065706;0.0;0.0;119.23267064017989;263.5111700069136;0.7865624531719367;118684.41496065706;0.5687958505392468;0.214835111968009;152.59800727026914;333.9513707201896;0.7865624531719367;118684.41496065706;0.5687958505392468;0.214835111968009;150.3847544910298;343.9592875595226;0.7100000000000003;118684.41496065706;0.6301316331748845;0.2611150115441002;109.62455893249796;265.923207172398;0.7100000000000003;118684.41496065706;0.6301316331748845;0.2611150115441002;109.59306860874909;265.86373258983133;0.7100000000000003;15723.005917585566;0.6301316331748845;0.2611150115441002;97.78635732290314;2682.510586044905;0.07656245317193644;15723.005917585566;0.0;0.0;54.948173868260824;230.03943232453207;0.07656245317193644;15723.005917585566;0.0;0.0;54.95219643791188;230.1438894766276;0.07656245317193644;118684.41496065706;0.0;0.0;"Zustand 3: Temperatur 425.748 K liegt außerhalb des Boryta-Prüfbereichs; Kristallisation wurde nicht bewertet.";"Zustand 4: Temperatur 423.535 K liegt außerhalb des Boryta-Prüfbereichs; Kristallisation wurde nicht bewertet.";"Zustand 5: Temperatur 382.775 K liegt außerhalb des Boryta-Prüfbereichs; Kristallisation wurde nicht bewertet.";"Zustand 6: Temperatur 382.743 K liegt außerhalb des Boryta-Prüfbereichs; Kristallisation wurde nicht bewertet.";"Zustand 20: Temperatur 439.160 K liegt außerhalb des Boryta-Prüfbereichs; Kristallisation wurde nicht bewertet.";5
series_evaporator_to_desorber;Serie Verdampfer → Desorber;series_evaporator_to_desorber;nan;120.0;30.0;120.0;8.0;8.0;4.0;120.0;0.7200000000000003;Abwärmetemperatur [°C];hot_temperature_C;120.0;10.0;10.0;25.0;15.0;11.0;nan;nan;1.1921041663914861e-20;`gtol` termination condition is satisfied.;4;8.414718890332417e-09;1.544088188149554e-10;1;True;;True;0;zulässig;feasible;True;True;True;104.45431881874339;119.18816719546231;150.37894248807487;54.968696133038634;0.1138015818158971;0.2546572454085705;0.2151098183062909;0.2608147895196748;186.88674450795145;187.9216643918044;186.855602651309;187.90199285757777;56.29584367958603;0.49868700927642634;9.396735323161275;26.177436872485146;0.007998947914059055;0.042814443067287995;18.688674449988227;18.79216643912255;7.474224106071085;12.526799523785197;5.117803971019854;97.88363530678402;0.016891619212439854;2682.694934249616;263.4967995326048;221.9305038019667;0.013456241495162446;0.7831661145932688;0.578974874658428;0.22194004577131643;1.1230127938688383e-10;-1.6323653539984662e-09;1.3445742297335528e-09;-1.2947204419688774e-10;-4.681339760281844e-10;5.788933776784688e-10;7.998153250809992e-10;8.069179102676571e-09;1.1230127938688384e-12;-1.632365353998466e-11;1.3445742297335527e-11;-1.2947204419688774e-10;-4.681339760281844e-12;5.7889337767846884e-12;7.998153250809992e-12;8.069179102676572e-11;146.17743687248515;114.38092126622075;108.79313410559547;120.0;114.38092126622075;41.23933399472514;19.73530107642705;17.67972261160054;56.64430131205887;24.968696133038634;4.849112181780185;10.909498798811455;15.545681181256612;59.40820363504304;2.3007801235256693;9.624891903399657;4.0;0.7200000000000003;118637.03549988919;15738.477199089444;7.538025057897785;2.3007801235256693;deltaT_shex_1_K;shex;True;True;True;True;True;True;True;True;104.45431881874339;2682.542595077233;0.07662235608843093;118637.03549988919;0.0;0.0;135.0;4.0;146.17743687248515;4.0;114.38092126622075;8.0;108.79313410559547;8.0;120.0;8.0;114.38092126622075;8.0;30.0;4.0;41.23933399472514;4.0;104.45431881874339;2682.542595077233;0.008719745325324374;118637.03549988919;0.0;0.0;97.88363530678402;263.4967995325976;0.7966223560884312;15738.477199089444;0.5691950515421278;0.2151098183062909;165.9127379489122;371.80052482545653;0.7287197453253247;118637.03549988919;0.622233040989455;0.2546572454085705;104.45431881874339;2682.542595077233;0.06790261076310655;118637.03549988919;0.0;0.0;119.18816719546231;263.4967995325976;0.7966223560884312;118637.03549988919;0.5691950515421278;0.2151098183062909;152.67972261160054;334.1649690226047;0.7966223560884312;118637.03549988919;0.5691950515421278;0.2151098183062909;150.37894248807487;343.81568820911804;0.7200000000000003;118637.03549988919;0.6297687542130079;0.2608147895196748;109.56327529206266;265.62701643207123;0.7200000000000003;118637.03549988919;0.6297687542130079;0.2608147895196748;109.53180908444057;265.5675519278111;0.7200000000000003;15738.477199089444;0.6297687542130079;0.2608147895196748;97.88363530678402;2682.694934249616;0.07662235608843093;15738.477199089444;0.0;0.0;54.968696133038634;230.12529289166326;0.07662235608843093;15738.477199089444;0.0;0.0;54.972717631177716;230.2296873311246;0.07662235608843093;118637.03549988919;0.0;0.0;"Zustand 3: Temperatur 425.830 K liegt außerhalb des Boryta-Prüfbereichs; Kristallisation wurde nicht bewertet.";"Zustand 4: Temperatur 423.529 K liegt außerhalb des Boryta-Prüfbereichs; Kristallisation wurde nicht bewertet.";"Zustand 5: Temperatur 382.713 K liegt außerhalb des Boryta-Prüfbereichs; Kristallisation wurde nicht bewertet.";"Zustand 6: Temperatur 382.682 K liegt außerhalb des Boryta-Prüfbereichs; Kristallisation wurde nicht bewertet.";"Zustand 20: Temperatur 439.063 K liegt außerhalb des Boryta-Prüfbereichs; Kristallisation wurde nicht bewertet.";5
series_evaporator_to_desorber;Serie Verdampfer → Desorber;series_evaporator_to_desorber;nan;120.0;30.0;120.0;8.0;8.0;4.0;120.0;0.7300000000000003;Abwärmetemperatur [°C];hot_temperature_C;120.0;10.0;10.0;25.0;15.0;11.0;nan;nan;1.1025699194084449e-20;`gtol` termination condition is satisfied.;4;7.822860662662947e-09;1.484971325924137e-10;1;True;;True;0;zulässig;feasible;True;True;True;104.44300903968985;119.14622584058833;150.3701745168815;54.988870291460046;0.11472945139235075;0.25440288032122027;0.21537664806436124;0.26052073555602906;186.84610021490283;188.07350097178642;186.82950390979394;188.0386951350514;57.18257817330458;0.4984314505497717;9.519923715435349;26.175005993714308;0.008000370252124925;0.04340177170567127;18.684610020740287;18.8073500971251;7.473180156407481;12.535913008953223;5.198416197710129;97.97845210075337;0.01676883949669929;2682.8746042666944;263.4862691404433;222.22401434051272;0.013527109022041128;0.7931541777004986;0.5792964961995082;0.22216799113561497;1.1390000054234406e-10;-1.5068408742990869e-09;1.2805116966774222e-09;-1.2622708434051333e-10;-3.930722414224874e-10;5.354365839593811e-10;7.530616130679846e-10;7.49997752791387e-09;1.1390000054234407e-12;-1.506840874299087e-11;1.2805116966774222e-11;-1.2622708434051333e-10;-3.9307224142248746e-12;5.3543658395938106e-12;7.530616130679845e-12;7.499977527913871e-11;146.1750059937143;114.37683327945422;108.78982658358717;120.0;114.37683327945422;41.248415129891555;19.641953790478;17.758890557662312;56.73003697086182;24.988870291460046;4.905011882393978;10.811374482833799;15.556990960310145;59.38394254600507;2.388716040780821;9.642961927229067;4.0;0.7300000000000003;118590.44277759778;15753.698728416084;7.527784098326549;2.388716040780821;deltaT_shex_1_K;shex;True;True;True;True;True;True;True;True;104.44300903968985;2682.525034409059;0.07668128672253938;118590.44277759778;0.0;0.0;135.0;4.0;146.1750059937143;4.0;114.37683327945422;8.0;108.78982658358717;8.0;120.0;8.0;114.37683327945422;8.0;30.0;4.0;41.248415129891555;4.0;104.44300903968985;2682.525034409059;0.008797601957736491;118590.44277759778;0.0;0.0;97.97845210075337;263.4862691404375;0.8066812867225397;15753.698728416084;0.5695823662337384;0.21537664806436124;165.8169597841923;371.5204766149762;0.7387976019577368;118590.44277759778;0.621917877097295;0.25440288032122027;104.44300903968985;2682.525034409059;0.06788368476480289;118590.44277759778;0.0;0.0;119.14622584058833;263.4862691404375;0.8066812867225397;118590.44277759778;0.5695823662337384;0.21537664806436124;152.7588905576623;334.37247799949176;0.8066812867225397;118590.44277759778;0.5695823662337384;0.21537664806436124;150.3701745168815;343.66938316195336;0.7300000000000003;118590.44277759778;0.6294129261478092;0.26052073555602906;109.50326391335926;265.3370842945689;0.7300000000000003;118590.44277759778;0.6294129261478092;0.26052073555602906;109.47182139706024;265.27762981278033;0.7300000000000003;15753.698728416084;0.6294129261478092;0.26052073555602906;97.97845210075337;2682.8746042666944;0.07668128672253938;15753.698728416084;0.0;0.0;54.988870291460046;230.20969721702065;0.07668128672253938;15753.698728416084;0.0;0.0;54.992890733449144;230.31402997660348;0.07668128672253938;118590.44277759778;0.0;0.0;"Zustand 3: Temperatur 425.909 K liegt außerhalb des Boryta-Prüfbereichs; Kristallisation wurde nicht bewertet.";"Zustand 4: Temperatur 423.520 K liegt außerhalb des Boryta-Prüfbereichs; Kristallisation wurde nicht bewertet.";"Zustand 5: Temperatur 382.653 K liegt außerhalb des Boryta-Prüfbereichs; Kristallisation wurde nicht bewertet.";"Zustand 6: Temperatur 382.622 K liegt außerhalb des Boryta-Prüfbereichs; Kristallisation wurde nicht bewertet.";"Zustand 20: Temperatur 438.967 K liegt außerhalb des Boryta-Prüfbereichs; Kristallisation wurde nicht bewertet.";5
series_evaporator_to_desorber;Serie Verdampfer → Desorber;series_evaporator_to_desorber;nan;120.0;30.0;120.0;8.0;8.0;4.0;120.0;0.7400000000000003;Abwärmetemperatur [°C];hot_temperature_C;120.0;10.0;10.0;25.0;15.0;11.0;nan;nan;1.0226708822036039e-20;`gtol` termination condition is satisfied.;4;7.27995284277194e-09;1.4301544547380915e-10;1;True;;True;0;zulässig;feasible;True;True;True;104.43187170344771;119.10676412890712;150.35858410325687;55.00872204622294;0.11567187442002602;0.2541526134303294;0.21563586783846161;0.26023262851757245;186.79920789224656;188.22291104812828;186.79681517265357;188.17331308136025;58.065794633073196;0.49817090433855643;9.643035455217547;26.172201428962126;0.00800176503245384;0.043988921453570314;18.67992078852698;18.822291104763345;7.471872606922357;12.544887538709418;5.278708603132422;98.07090834403004;0.01665050777239825;2683.0497862347597;263.4794136733069;222.51017983261426;0.013599124424053977;0.8031401972798409;0.5796090042897728;0.2223896833593593;1.2493472922869842e-10;-1.3834480228069879e-09;1.2050236364302691e-09;-1.2310630292944325e-10;-4.0535041989642195e-10;4.948503828927642e-10;7.189839834609302e-10;6.9767338573001325e-09;1.2493472922869842e-12;-1.3834480228069878e-11;1.2050236364302692e-11;-1.2310630292944325e-10;-4.05350419896422e-12;4.948503828927642e-12;7.189839834609302e-12;6.976733857300132e-11;146.17220142896213;114.37280762316504;108.78677846130341;120.0;114.37280762316504;41.25735113924213;19.550487631805765;17.835589448754774;56.81355720478791;25.008722046222942;4.959730416569471;10.715870117273369;15.568128296552288;59.36006617708517;2.4770053454979006;9.662267701286964;4.0;0.7400000000000003;118544.57522763153;15768.689279768947;7.517719014206394;2.4770053454979006;deltaT_shex_1_K;shex;True;True;True;True;True;True;True;True;104.43187170344771;2682.507740764302;0.07673932170389453;118544.57522763153;0.0;0.0;135.0;4.0;146.17220142896213;4.0;114.37280762316504;8.0;108.78677846130341;8.0;120.0;8.0;114.37280762316504;8.0;30.0;4.0;41.25735113924213;4.0;104.43187170344771;2682.507740764302;0.008876581183210865;118544.57522763153;0.0;0.0;98.07090834403004;263.47941367330156;0.8167393217038948;15768.689279768947;0.569958220058894;0.21563586783846161;165.7226890607679;371.2449826313337;0.7488765811832112;118544.57522763153;0.6216074876291012;0.2541526134303294;104.43187170344771;2682.507740764302;0.06786274052068367;118544.57522763153;0.0;0.0;119.10676412890712;263.47941367330156;0.8167393217038948;118544.57522763153;0.569958220058894;0.21563586783846161;152.83558944875477;334.574061733022;0.8167393217038948;118544.57522763153;0.569958220058894;0.21563586783846161;150.35858410325687;343.5205076217471;0.7400000000000003;118544.57522763153;0.6290639054735947;0.26023262851757245;109.44449642762015;265.0532175772224;0.7400000000000003;118544.57522763153;0.6290639054735947;0.26023262851757245;109.41307720659557;264.99377308877166;0.7400000000000003;15768.689279768947;0.6290639054735947;0.26023262851757245;98.07090834403004;2683.0497862347597;0.07673932170389453;15768.689279768947;0.0;0.0;55.00872204622294;230.29275282751806;0.07673932170389453;15768.689279768947;0.0;0.0;55.01274144607987;230.39702485983193;0.07673932170389453;118544.57522763153;0.0;0.0;"Zustand 3: Temperatur 425.986 K liegt außerhalb des Boryta-Prüfbereichs; Kristallisation wurde nicht bewertet.";"Zustand 4: Temperatur 423.509 K liegt außerhalb des Boryta-Prüfbereichs; Kristallisation wurde nicht bewertet.";"Zustand 5: Temperatur 382.594 K liegt außerhalb des Boryta-Prüfbereichs; Kristallisation wurde nicht bewertet.";"Zustand 6: Temperatur 382.563 K liegt außerhalb des Boryta-Prüfbereichs; Kristallisation wurde nicht bewertet.";"Zustand 20: Temperatur 438.873 K liegt außerhalb des Boryta-Prüfbereichs; Kristallisation wurde nicht bewertet.";5
series_evaporator_to_desorber;Serie Verdampfer → Desorber;series_evaporator_to_desorber;nan;120.0;30.0;120.0;8.0;8.0;4.0;120.0;0.7500000000000003;Abwärmetemperatur [°C];hot_temperature_C;120.0;10.0;10.0;25.0;15.0;11.0;nan;nan;9.456506146167405e-21;`gtol` termination condition is satisfied.;4;6.7140363716929156e-09;1.375245879555173e-10;1;True;;True;0;zulässig;feasible;True;True;True;104.42089300970764;119.06970195151479;150.3442983621092;55.028275447389206;0.11662870037864523;0.25390631435828026;0.21588773247316856;0.2599502570862644;186.74630184215204;188.3700756285521;186.75778495979716;188.30601350200445;58.94547014959666;0.4979054299775914;9.766065915632279;26.16903719151628;0.008003134295315968;0.04457587474012449;18.674630183571455;18.837007562814126;7.470311398406045;12.553734233423222;5.358679104624053;98.16109947289652;0.016536452766478204;2683.2206604980242;263.4760748086795;222.7892672897304;0.01367228180973612;0.8131242508451888;0.5799127178321495;0.22260533148817896;1.3288570244185394e-10;-1.2679208793997532e-09;1.1281713341304567e-09;-1.2002759897100646e-10;-3.539639692462515e-10;4.1083580981648993e-10;6.561151622008765e-10;6.437488764277077e-09;1.3288570244185394e-12;-1.2679208793997532e-11;1.1281713341304567e-11;-1.2002759897100646e-10;-3.5396396924625153e-12;4.1083580981649e-12;6.561151622008765e-12;6.437488764277077e-11;146.16903719151628;114.36883930915059;108.78397731872604;120.0;114.36883930915059;41.266152848597585;19.46083110345694;17.90989446332685;56.89494662429894;25.028275447389206;5.013290581917602;10.622877845829521;15.57910699029236;59.33654549127232;2.5655961012176363;9.682756929421146;4.0;0.7500000000000003;118499.37535837488;15783.466450346492;7.507816849433191;2.5655961012176363;deltaT_shex_1_K;shex;True;True;True;True;True;True;True;True;104.42089300970764;2682.490692746691;0.07679653265492459;118499.37535837488;0.0;0.0;135.0;4.0;146.16903719151628;4.0;114.36883930915059;8.0;108.78397731872604;8.0;120.0;8.0;114.36883930915059;8.0;30.0;4.0;41.266152848597585;4.0;104.42089300970764;2682.490692746691;0.008956679797130045;118499.37535837488;0.0;0.0;98.16109947289652;263.47607480867396;0.8267965326549249;15783.466450346492;0.5703230185650381;0.21588773247316856;165.62986829497322;370.9738785972372;0.7589566797971303;118499.37535837488;0.6213017250061423;0.25390631435828026;104.42089300970764;2682.490692746691;0.06783985285779454;118499.37535837488;0.0;0.0;119.06970195151479;263.47607480867396;0.8267965326549249;118499.37535837488;0.5703230185650381;0.21588773247316856;152.90989446332685;334.7698790537365;0.8267965326549249;118499.37535837488;0.5703230185650381;0.21588773247316856;150.3442983621092;343.36919066538303;0.7500000000000003;118499.37535837488;0.6287214589904849;0.2599502570862644;109.38694502209364;264.77523046609804;0.7500000000000003;118499.37535837488;0.6287214589904849;0.2599502570862644;109.35554872723299;264.71579596644455;0.7500000000000003;15783.466450346492;0.6287214589904849;0.2599502570862644;98.16109947289652;2683.2206604980242;0.07679653265492459;15783.466450346492;0.0;0.0;55.028275447389206;230.3745603365892;0.07679653265492459;15783.466450346492;0.0;0.0;55.03229381787827;230.4787725193355;0.07679653265492459;118499.37535837488;0.0;0.0;"Zustand 3: Temperatur 426.060 K liegt außerhalb des Boryta-Prüfbereichs; Kristallisation wurde nicht bewertet.";"Zustand 4: Temperatur 423.494 K liegt außerhalb des Boryta-Prüfbereichs; Kristallisation wurde nicht bewertet.";"Zustand 5: Temperatur 382.537 K liegt außerhalb des Boryta-Prüfbereichs; Kristallisation wurde nicht bewertet.";"Zustand 6: Temperatur 382.506 K liegt außerhalb des Boryta-Prüfbereichs; Kristallisation wurde nicht bewertet.";"Zustand 20: Temperatur 438.780 K liegt außerhalb des Boryta-Prüfbereichs; Kristallisation wurde nicht bewertet.";5
series_evaporator_to_desorber;Serie Verdampfer → Desorber;series_evaporator_to_desorber;nan;120.0;30.0;120.0;8.0;8.0;4.0;120.0;0.7600000000000003;Abwärmetemperatur [°C];hot_temperature_C;120.0;10.0;10.0;25.0;15.0;11.0;nan;nan;8.78760928098828e-21;`gtol` termination condition is satisfied.;4;6.220068350508512e-09;1.3257156015517266e-10;1;True;;True;0;zulässig;feasible;True;True;True;104.41006005697818;119.03496154045581;150.32743829665577;55.04755300932277;0.11759977507204221;0.253663858019108;0.2161324856813465;0.25967341923914805;186.68760399979743;188.51516416277727;186.71264872981837;188.43695233848524;59.82158454812807;0.4976350860248074;9.889010617957531;26.16552655501181;0.008004479931587337;0.04516261448873439;18.6687603993844;18.851516416239424;7.468505949208158;12.562463489189764;5.438325868118962;98.24911604344584;0.01642651094223402;2683.387398212056;263.47610082782427;223.06153104941575;0.013746574740580386;0.8231064118079338;0.5802079406077807;0.2228151350720768;1.4924239621905144e-10;-1.1805099120465457e-09;1.0549001672188751e-09;-1.1707973479602174e-10;-3.8556891013286076e-10;3.830393779935548e-10;6.387779194483301e-10;5.953438630967867e-09;1.4924239621905144e-12;-1.1805099120465457e-11;1.0549001672188752e-11;-1.1707973479602174e-10;-3.8556891013286076e-12;3.830393779935548e-12;6.387779194483301e-12;5.953438630967866e-11;146.1655265550118;114.36492367408835;108.78141145130667;120.0;114.36492367408835;41.27483039251058;19.372916173069257;17.981877767027413;56.97428565093526;25.04755300932277;5.065714935917072;10.532295407860829;15.589939943021818;59.31335331204065;2.654439470371642;9.70437908972525;4.0;0.7600000000000003;118454.78945827245;15798.046741563394;7.498065513797184;2.654439470371642;deltaT_shex_1_K;shex;True;True;True;True;True;True;True;True;104.41006005697818;2682.4738703517414;0.0768529865485138;118454.78945827245;0.0;0.0;135.0;4.0;146.1655265550118;4.0;114.36492367408835;8.0;108.78141145130667;8.0;120.0;8.0;114.36492367408835;8.0;30.0;4.0;41.27483039251058;4.0;104.41006005697818;2682.4738703517414;0.009037893931719908;118454.78945827245;0.0;0.0;98.24911604344584;263.4761008278195;0.8368529865485141;15798.046741563394;0.5706771485226159;0.2161324856813465;165.53844272808107;370.70700767583713;0.7690378939317203;118454.78945827245;0.621000447418294;0.253663858019108;104.41006005697818;2682.4738703517414;0.06781509261679389;118454.78945827245;0.0;0.0;119.03496154045581;263.4761008278195;0.8368529865485141;118454.78945827245;0.5706771485226159;0.2161324856813465;152.9818777670274;334.9600836894378;0.8368529865485141;118454.78945827245;0.5706771485226159;0.2161324856813465;150.32743829665577;343.2155554407387;0.7600000000000003;118454.78945827245;0.6283853632843959;0.25967341923914805;109.33058245073056;264.50294419339815;0.7600000000000003;118454.78945827245;0.6283853632843959;0.25967341923914805;109.29920873817127;264.4435197006498;0.7600000000000003;15798.046741563394;0.6283853632843959;0.25967341923914805;98.24911604344584;2683.387398212056;0.0768529865485138;15798.046741563394;0.0;0.0;55.04755300932277;230.45521393348918;0.0768529865485138;15798.046741563394;0.0;0.0;55.0515703620477;230.5593670743243;0.0768529865485138;118454.78945827245;0.0;0.0;"Zustand 3: Temperatur 426.132 K liegt außerhalb des Boryta-Prüfbereichs; Kristallisation wurde nicht bewertet.";"Zustand 4: Temperatur 423.477 K liegt außerhalb des Boryta-Prüfbereichs; Kristallisation wurde nicht bewertet.";"Zustand 5: Temperatur 382.481 K liegt außerhalb des Boryta-Prüfbereichs; Kristallisation wurde nicht bewertet.";"Zustand 6: Temperatur 382.449 K liegt außerhalb des Boryta-Prüfbereichs; Kristallisation wurde nicht bewertet.";"Zustand 20: Temperatur 438.688 K liegt außerhalb des Boryta-Prüfbereichs; Kristallisation wurde nicht bewertet.";5
series_evaporator_to_desorber;Serie Verdampfer → Desorber;series_evaporator_to_desorber;nan;120.0;30.0;120.0;8.0;8.0;4.0;120.0;0.7700000000000004;Abwärmetemperatur [°C];hot_temperature_C;120.0;10.0;10.0;25.0;15.0;11.0;nan;nan;8.20892089214783e-21;`gtol` termination condition is satisfied.;4;5.813554004305773e-09;1.2813212627711936e-10;1;True;;True;0;zulässig;feasible;True;True;True;104.39936077873847;119.00246745882959;150.30811908915314;55.06657581845616;0.11858494129912761;0.2534251243438303;0.21637036062703038;0.25940192175854615;186.6233247024394;188.65833535335415;186.66162968833785;188.56627543981162;60.69412013609813;0.49735993019683056;10.011865225662687;26.16168209942822;0.008005803694399979;0.045749124098813036;18.662332469688007;18.86583353530383;7.466465187548783;12.571085029282443;5.5176472852000344;98.33504403121867;0.016320526113732522;2683.550161906273;263.47934638121063;223.32721350624394;0.013821996305649953;0.8330867497316338;0.5804949621619333;0.22301928469884302;1.4911449852661463e-10;-1.1022507351299282e-09;1.0320491128368303e-09;-1.1419021284098108e-10;-3.817319793597562e-10;3.1585045690007973e-10;5.749711817770731e-10;5.559314786296454e-09;1.4911449852661463e-12;-1.1022507351299282e-11;1.0320491128368303e-11;-1.1419021284098108e-10;-3.817319793597562e-12;3.1585045690007972e-12;5.749711817770731e-12;5.559314786296454e-11;146.16168209942822;114.36105635646499;108.77906982272282;120.0;114.36105635646499;41.2833932627604;19.286678065029946;18.05160865425603;57.05165076845827;25.06657581845616;5.117025765318942;10.444025791504146;15.600639221261531;59.29046419250136;2.743489565102891;9.727085417239834;4.0;0.7700000000000004;118410.76732497015;15812.445634117717;7.488453719611924;2.743489565102891;deltaT_shex_1_K;shex;True;True;True;True;True;True;True;True;104.39936077873847;2682.45725486801;0.07690874603728337;118410.76732497015;0.0;0.0;135.0;4.0;146.16168209942822;4.0;114.36105635646499;8.0;108.77906982272282;8.0;120.0;8.0;114.36105635646499;8.0;30.0;4.0;41.2833932627604;4.0;104.39936077873847;2682.45725486801;0.009120219134220762;118410.76732497015;0.0;0.0;98.33504403121867;263.47934638120563;0.8469087460372837;15812.445634117717;0.5710209789730792;0.21637036062703038;165.44836016445817;370.4442200469688;0.7791202191342211;118410.76732497015;0.6207035185335774;0.2534251243438303;104.39936077873847;2682.45725486801;0.06778852690306261;118410.76732497015;0.0;0.0;119.00246745882959;263.47934638120563;0.8469087460372837;118410.76732497015;0.5710209789730792;0.21637036062703038;153.05160865425603;335.14482441539536;0.8469087460372837;118410.76732497015;0.5710209789730792;0.21637036062703038;150.30811908915314;343.0597193746173;0.7700000000000004;118410.76732497015;0.6280554042377565;0.25940192175854615;109.27538204158975;264.2361867305277;0.7700000000000004;118410.76732497015;0.6280554042377565;0.25940192175854615;109.24403059114604;264.17677228364613;0.7700000000000004;15812.445634117717;0.6280554042377565;0.25940192175854615;98.33504403121867;2683.550161906273;0.07690874603728337;15812.445634117717;0.0;0.0;55.06657581845616;230.5348018339936;0.07690874603728337;15812.445634117717;0.0;0.0;55.070592163963624;230.63889667504745;0.07690874603728337;118410.76732497015;0.0;0.0;"Zustand 3: Temperatur 426.202 K liegt außerhalb des Boryta-Prüfbereichs; Kristallisation wurde nicht bewertet.";"Zustand 4: Temperatur 423.458 K liegt außerhalb des Boryta-Prüfbereichs; Kristallisation wurde nicht bewertet.";"Zustand 5: Temperatur 382.425 K liegt außerhalb des Boryta-Prüfbereichs; Kristallisation wurde nicht bewertet.";"Zustand 6: Temperatur 382.394 K liegt außerhalb des Boryta-Prüfbereichs; Kristallisation wurde nicht bewertet.";"Zustand 20: Temperatur 438.598 K liegt außerhalb des Boryta-Prüfbereichs; Kristallisation wurde nicht bewertet.";5
series_evaporator_to_desorber;Serie Verdampfer → Desorber;series_evaporator_to_desorber;nan;120.0;30.0;120.0;8.0;8.0;4.0;120.0;0.7800000000000004;Abwärmetemperatur [°C];hot_temperature_C;120.0;10.0;10.0;25.0;15.0;11.0;nan;nan;7.680155805375405e-21;`gtol` termination condition is satisfied.;4;5.433618576582081e-09;1.2393672422147847e-10;1;True;;True;0;zulässig;feasible;True;True;True;104.3887838846174;118.97214657986422;150.28645038212596;55.085363632650115;0.11958403944575469;0.2531899980250309;0.21660158047331865;0.25913557977226226;186.55366340584663;188.79973790373384;186.6049395413617;188.69411927373207;61.5630614751551;0.4970800193180336;10.134625538715603;26.157515753938185;0.00800710720978688;0.04633538742815035;18.655366340065093;18.879973790345844;7.464197581669112;12.579607951546338;5.596641952379046;98.41896510940882;0.016218349079064033;2683.7091060063103;263.48567225210775;223.5865457932923;0.01389853918786832;0.8430653305693616;0.5807740586281276;0.2232179624917589;1.5133139186218614e-10;-1.0143992312805494e-09;9.829363989410922e-10;-1.1139628108836064e-10;-3.661284608824644e-10;2.7540636438061483e-10;5.369997779780533e-10;5.195715857553296e-09;1.5133139186218613e-12;-1.0143992312805495e-11;9.829363989410921e-12;-1.1139628108836064e-10;-3.661284608824644e-12;2.7540636438061485e-12;5.369997779780533e-12;5.1957158575532956e-11;146.15751575393818;114.35723327530707;108.77694202107972;120.0;114.35723327530707;41.291850353094105;19.202055067826052;18.11915368246099;57.12711475631471;25.085363632650115;5.167245060337223;10.357976911670903;15.611216115382604;59.267854294881545;2.8327033003350266;9.750828878593893;4.0;0.7800000000000004;118367.26201602907;15826.677657390916;7.478970923550252;2.8327033003350266;deltaT_shex_1_K;shex;True;True;True;True;True;True;True;True;104.3887838846174;2682.4408287861047;0.07696386975722957;118367.26201602907;0.0;0.0;135.0;4.0;146.15751575393818;4.0;114.35723327530707;8.0;108.77694202107972;8.0;120.0;8.0;114.35723327530707;8.0;30.0;4.0;41.291850353094105;4.0;104.3887838846174;2682.4408287861047;0.009203650436946468;118367.26201602907;0.0;0.0;98.41896510940882;263.48567225210326;0.8569638697572299;15826.677657390916;0.5713548622092318;0.21660158047331865;165.35957082176424;370.18537251416234;0.7892036504369468;118367.26201602907;0.6204108072279467;0.2531899980250309;104.3887838846174;2682.4408287861047;0.0677602193202831;118367.26201602907;0.0;0.0;118.97214657986422;263.48567225210326;0.8569638697572299;118367.26201602907;0.5713548622092318;0.21660158047331865;153.119153682461;335.3242452045375;0.8569638697572299;118367.26201602907;0.5713548622092318;0.21660158047331865;150.28645038212596;342.90179438664154;0.7800000000000004;118367.26201602907;0.6277313765685025;0.25913557977226226;109.22131770127032;263.9747924956111;0.7800000000000004;118367.26201602907;0.6277313765685025;0.25913557977226226;109.18998821496984;263.9153881527545;0.7800000000000004;15826.677657390916;0.6277313765685025;0.25913557977226226;98.41896510940882;2683.7091060063103;0.07696386975722957;15826.677657390916;0.0;0.0;55.085363632650115;230.61340669606352;0.07696386975722957;15826.677657390916;0.0;0.0;55.08937898042552;230.71744391813985;0.07696386975722957;118367.26201602907;0.0;0.0;"Zustand 3: Temperatur 426.269 K liegt außerhalb des Boryta-Prüfbereichs; Kristallisation wurde nicht bewertet.";"Zustand 4: Temperatur 423.436 K liegt außerhalb des Boryta-Prüfbereichs; Kristallisation wurde nicht bewertet.";"Zustand 5: Temperatur 382.371 K liegt außerhalb des Boryta-Prüfbereichs; Kristallisation wurde nicht bewertet.";"Zustand 6: Temperatur 382.340 K liegt außerhalb des Boryta-Prüfbereichs; Kristallisation wurde nicht bewertet.";"Zustand 20: Temperatur 438.510 K liegt außerhalb des Boryta-Prüfbereichs; Kristallisation wurde nicht bewertet.";5
series_evaporator_to_desorber;Serie Verdampfer → Desorber;series_evaporator_to_desorber;nan;120.0;30.0;120.0;8.0;8.0;4.0;120.0;0.7900000000000004;Abwärmetemperatur [°C];hot_temperature_C;120.0;10.0;10.0;25.0;15.0;11.0;nan;nan;7.18003556813601e-21;`gtol` termination condition is satisfied.;4;5.051106416441347e-09;1.1983351424485563e-10;1;True;;True;0;zulässig;feasible;True;True;True;104.37831880615647;118.94392805707946;150.26253654966638;55.10393497288578;0.1205969080049351;0.25295836827817775;0.21682635889787458;0.25887421632185464;186.47880935143309;188.93951120817567;186.5427791969108;188.82061158209888;62.42839517506348;0.496795409281722;10.257287488188167;26.153038836808207;0.008008391986382486;0.046921388775860134;18.647880934660535;18.893951120795208;7.461711167890042;12.588040772106629;5.6753086523644765;98.50095690754705;0.016119837271750297;2683.8643773198187;263.4949451208551;223.83974841846742;0.013976195722845697;0.8530422168847499;0.5810454934958506;0.22341134257462505;1.631832446946646e-10;-9.457608030061238e-10;9.265477274311706e-10;-1.0867329258701375e-10;-3.4023628359136637e-10;2.2359358808898833e-10;4.994546998204896e-10;4.827739985557855e-09;1.631832446946646e-12;-9.457608030061237e-12;9.265477274311706e-12;-1.0867329258701375e-10;-3.4023628359136636e-12;2.2359358808898833e-12;4.994546998204896e-12;4.827739985557855e-11;146.1530388368082;114.3534506105832;108.77501821833107;120.0;114.3534506105832;41.30021000048896;19.118988355056445;18.18457679963808;57.20074690705809;25.10393497288578;5.216394493029895;10.27406131078402;15.621681193843528;59.245501279139205;2.922040249971701;9.775564140247639;4.0;0.7900000000000004;118324.22961928516;15840.756453659866;7.4696072732023735;2.922040249971701;deltaT_shex_1_K;shex;True;True;True;True;True;True;True;True;104.37831880615647;2682.4245757147737;0.07701841260759523;118324.22961928516;0.0;0.0;135.0;4.0;146.1530388368082;4.0;114.3534506105832;8.0;108.77501821833107;8.0;120.0;8.0;114.3534506105832;8.0;30.0;4.0;41.30021000048896;4.0;104.37831880615647;2682.4245757147737;0.009288182419924296;118324.22961928516;0.0;0.0;98.50095690754705;263.4949451208517;0.8670184126075956;15840.756453659866;0.5716791346932136;0.21682635889787458;165.27202719186465;369.9303281389018;0.7992881824199247;118324.22961928516;0.6201221873325066;0.25295836827817775;104.37831880615647;2682.4245757147737;0.06773023018767094;118324.22961928516;0.0;0.0;118.94392805707946;263.4949451208517;0.8670184126075956;118324.22961928516;0.5716791346932136;0.21682635889787458;153.18457679963808;335.49848537705844;0.8670184126075956;118324.22961928516;0.5716791346932136;0.21682635889787458;150.26253654966638;342.7418871065174;0.7900000000000004;118324.22961928516;0.6274130833956882;0.25887421632185464;109.16836391683182;263.7186020749981;0.7900000000000004;118324.22961928516;0.6274130833956882;0.25887421632185464;109.1370561175533;263.6592079119907;0.7900000000000004;15840.756453659866;0.6274130833956882;0.25887421632185464;98.50095690754705;2683.8643773198187;0.07701841260759523;15840.756453659866;0.0;0.0;55.10393497288578;230.69110600335335;0.07701841260759523;15840.756453659866;0.0;0.0;55.10794933144399;230.79508622983744;0.07701841260759523;118324.22961928516;0.0;0.0;"Zustand 3: Temperatur 426.335 K liegt außerhalb des Boryta-Prüfbereichs; Kristallisation wurde nicht bewertet.";"Zustand 4: Temperatur 423.413 K liegt außerhalb des Boryta-Prüfbereichs; Kristallisation wurde nicht bewertet.";"Zustand 5: Temperatur 382.318 K liegt außerhalb des Boryta-Prüfbereichs; Kristallisation wurde nicht bewertet.";"Zustand 6: Temperatur 382.287 K liegt außerhalb des Boryta-Prüfbereichs; Kristallisation wurde nicht bewertet.";"Zustand 20: Temperatur 438.422 K liegt außerhalb des Boryta-Prüfbereichs; Kristallisation wurde nicht bewertet.";5
series_evaporator_to_desorber;Serie Verdampfer → Desorber;series_evaporator_to_desorber;nan;120.0;30.0;120.0;8.0;8.0;4.0;120.0;0.8000000000000004;Abwärmetemperatur [°C];hot_temperature_C;120.0;10.0;10.0;25.0;15.0;11.0;nan;nan;6.714057986983878e-21;`gtol` termination condition is satisfied.;4;4.673873632744064e-09;1.1587974790258976e-10;1;True;;True;0;zulässig;feasible;True;True;True;104.3679556467809;118.91774328710761;150.23647695835592;55.12230720790785;0.12162338403287158;0.25273012861886024;0.2170449005780126;0.25861766195695385;186.39894218829266;189.07778598891105;186.47533941942405;188.9458719856513;63.29010970749277;0.4965061550216198;10.379847131118202;26.148262092601215;0.008009659424299036;0.04750711286595781;18.639894218383848;18.90777859887362;7.459013576792967;12.596391465680584;5.7536463371263915;98.58109325208733;0.01602485442964779;2684.016115488367;263.50703733116234;224.08703185874063;0.014054957951055602;0.863017468058153;0.5813095183261145;0.22359959150645575;1.6194690033444203e-10;-8.975362675300858e-10;8.807319318293594e-10;-1.0604117584023243e-10;-4.001208253612276e-10;1.7485035641584545e-10;4.425544375408208e-10;4.454193458514055e-09;1.6194690033444203e-12;-8.975362675300858e-12;8.807319318293594e-12;-1.0604117584023243e-10;-4.001208253612276e-12;1.7485035641584546e-12;4.425544375408208e-12;4.4541934585140554e-11;146.14826209260121;114.34970478511809;108.77328913262335;120.0;114.34970478511809;41.308480023260245;19.03742181915203;18.24793946534197;57.27261322882708;25.122307207907852;5.264495399428654;10.192195880536019;15.6320443532191;59.2233842001649;3.0114625069860494;9.801247531621755;4.0;0.8000000000000004;118281.62904121759;15854.694837518371;7.460353557945327;3.0114625069860494;deltaT_shex_1_K;shex;True;True;True;True;True;True;True;True;104.3679556467809;2682.4084803035003;0.07707242600920827;118281.62904121759;0.0;0.0;135.0;4.0;146.14826209260121;4.0;114.34970478511809;8.0;108.77328913262335;8.0;120.0;8.0;114.34970478511809;8.0;30.0;4.0;41.308480023260245;4.0;104.3679556467809;2682.4084803035003;0.009373809266863018;118281.62904121759;0.0;0.0;98.58109325208733;263.5070373311595;0.8770724260092086;15854.694837518371;0.5719941179163699;0.2170449005780126;165.18568391175324;369.67895590047027;0.8093738092668634;118281.62904121759;0.6198375373974291;0.25273012861886024;104.3679556467809;2682.4084803035003;0.06769861674234526;118281.62904121759;0.0;0.0;118.91774328710761;263.5070373311595;0.8770724260092086;118281.62904121759;0.5719941179163699;0.2170449005780126;153.24793946534197;335.66767974865155;0.8770724260092086;118281.62904121759;0.5719941179163699;0.2170449005780126;150.23647695835592;342.58009909207516;0.8000000000000004;118281.62904121759;0.6271003358298846;0.25861766195695385;109.11649575548586;263.46746195791167;0.8000000000000004;118281.62904121759;0.6271003358298846;0.25861766195695385;109.08520938568944;263.4080780668292;0.8000000000000004;15854.694837518371;0.6271003358298846;0.25861766195695385;98.58109325208733;2684.016115488367;0.07707242600920827;15854.694837518371;0.0;0.0;55.12230720790785;230.7679724193934;0.07707242600920827;15854.694837518371;0.0;0.0;55.12632058495319;230.8718962198891;0.07707242600920827;118281.62904121759;0.0;0.0;"Zustand 3: Temperatur 426.398 K liegt außerhalb des Boryta-Prüfbereichs; Kristallisation wurde nicht bewertet.";"Zustand 4: Temperatur 423.386 K liegt außerhalb des Boryta-Prüfbereichs; Kristallisation wurde nicht bewertet.";"Zustand 5: Temperatur 382.266 K liegt außerhalb des Boryta-Prüfbereichs; Kristallisation wurde nicht bewertet.";"Zustand 6: Temperatur 382.235 K liegt außerhalb des Boryta-Prüfbereichs; Kristallisation wurde nicht bewertet.";"Zustand 20: Temperatur 438.336 K liegt außerhalb des Boryta-Prüfbereichs; Kristallisation wurde nicht bewertet.";5
series_evaporator_to_desorber;Serie Verdampfer → Desorber;series_evaporator_to_desorber;nan;120.0;30.0;120.0;8.0;8.0;4.0;120.0;0.8100000000000004;Abwärmetemperatur [°C];hot_temperature_C;120.0;10.0;10.0;25.0;15.0;11.0;nan;nan;6.2972442183493585e-21;`gtol` termination condition is satisfied.;4;4.3538785666239975e-09;1.1222516846366825e-10;1;True;;True;0;zulässig;feasible;True;True;True;104.35768513562198;118.89352586665063;150.2083662176001;55.14049663243361;0.12266330354810384;0.25250517665414;0.2172574016474589;0.25836575435389336;186.3142325531689;189.2146848847391;186.4028014401863;189.0700125422412;64.14819523773987;0.49621231049204156;10.502300645630745;26.143195726864178;0.008010910823244548;0.04809254483155358;18.631423254902028;18.92146848845822;7.456112057621013;12.604667502786638;5.83165411259674;98.6594443903789;0.015933270280627382;2684.164453408216;263.52182665990136;224.3285971156128;0.014134817664052779;0.8729911404789363;0.5815663734190922;0.22378286868822503;1.7429613308195258e-10;-8.242722060458618e-10;8.308234100695699e-10;-1.03440478405048e-10;-3.39014150085859e-10;1.5691625776526053e-10;4.4161652112961747e-10;4.148603238718351e-09;1.7429613308195258e-12;-8.242722060458618e-12;8.3082341006957e-12;-1.03440478405048e-10;-3.39014150085859e-12;1.5691625776526053e-12;4.4161652112961745e-12;4.1486032387183516e-11;146.14319572686418;114.3459924478995;108.77174599334847;120.0;114.3459924478995;41.31666775626428;18.95730191662284;18.309300765577177;57.342776634114614;25.14049663243361;5.311568764949925;10.11230160296958;15.642314864378022;59.201483413187646;3.10093454797709;9.827837004243236;4.0;0.8100000000000004;118239.42181177669;15868.504850911695;7.4512011637305235;3.10093454797709;deltaT_shex_1_K;shex;True;True;True;True;True;True;True;True;104.35768513562198;2682.3925281710435;0.07712595814298873;118239.42181177669;0.0;0.0;135.0;4.0;146.14319572686418;4.0;114.3459924478995;8.0;108.77174599334847;8.0;120.0;8.0;114.3459924478995;8.0;30.0;4.0;41.31666775626428;4.0;104.35768513562198;2682.3925281710435;0.009460524815131778;118239.42181177669;0.0;0.0;98.6594443903789;263.52182665989767;0.8871259581429891;15868.504850911695;0.5723001192052816;0.2172574016474589;165.10049764348702;369.4311303787658;0.8194605248151322;118239.42181177669;0.6195567404705784;0.25250517665414;104.35768513562198;2682.3925281710435;0.06766543332785695;118239.42181177669;0.0;0.0;118.89352586665063;263.52182665989767;0.8871259581429891;118239.42181177669;0.5723001192052816;0.2172574016474589;153.30930076557718;335.8319587768978;0.8871259581429891;118239.42181177669;0.5723001192052816;0.2172574016474589;150.2083662176001;342.4165270461425;0.8100000000000004;118239.42181177669;0.6267929525868297;0.25836575435389336;109.0656888624074;263.2212242837159;0.8100000000000004;118239.42181177669;0.6267929525868297;0.25836575435389336;109.03442368294958;263.1618507715782;0.8100000000000004;15868.504850911695;0.6267929525868297;0.25836575435389336;98.6594443903789;2684.164453408216;0.07712595814298873;15868.504850911695;0.0;0.0;55.14049663243361;230.8440741146202;0.07712595814298873;15868.504850911695;0.0;0.0;55.14450903471186;230.94794200833755;0.07712595814298873;118239.42181177669;0.0;0.0;"Zustand 3: Temperatur 426.459 K liegt außerhalb des Boryta-Prüfbereichs; Kristallisation wurde nicht bewertet.";"Zustand 4: Temperatur 423.358 K liegt außerhalb des Boryta-Prüfbereichs; Kristallisation wurde nicht bewertet.";"Zustand 5: Temperatur 382.216 K liegt außerhalb des Boryta-Prüfbereichs; Kristallisation wurde nicht bewertet.";"Zustand 6: Temperatur 382.184 K liegt außerhalb des Boryta-Prüfbereichs; Kristallisation wurde nicht bewertet.";"Zustand 20: Temperatur 438.250 K liegt außerhalb des Boryta-Prüfbereichs; Kristallisation wurde nicht bewertet.";5
series_evaporator_to_desorber;Serie Verdampfer → Desorber;series_evaporator_to_desorber;nan;120.0;30.0;120.0;8.0;8.0;4.0;120.0;0.8200000000000004;Abwärmetemperatur [°C];hot_temperature_C;120.0;10.0;10.0;25.0;15.0;11.0;nan;nan;5.920420808809934e-21;`gtol` termination condition is satisfied.;4;4.067712334294067e-09;1.0881563131103852e-10;1;True;;True;0;zulässig;feasible;True;True;True;104.34749858485236;118.87121154485726;150.1782944193077;55.15851853943849;0.12371650188191254;0.2522834138871918;0.2174640501265606;0.25811833795689243;186.224842611476;189.35032299501634;186.325337526754;189.19313826233036;65.0026434724837;0.49591392865599504;10.624644326309566;26.137849438485432;0.008012147389948529;0.04867767019964274;18.622484260760288;18.935032299487517;7.4530135010812115;12.61287588412716;5.909331224842066;98.73607719929589;0.01584496024439025;2684.3095176223496;263.5391960915352;224.56463623460394;0.014215766445427436;0.8829632877248338;0.5818162884374897;0.2239613267437064;1.815863015508512e-10;-7.790248446326586e-10;7.874518814787734e-10;-1.00931818458605e-10;-2.7628743737295736e-10;1.411706307408167e-10;4.2297187974327244e-10;3.873111609209445e-09;1.815863015508512e-12;-7.790248446326587e-12;7.874518814787734e-12;-1.00931818458605e-10;-2.7628743737295734e-12;1.411706307408167e-12;4.229718797432724e-12;3.8731116092094454e-11;146.13784943848543;114.34231045866238;108.77038050869965;120.0;114.34231045866238;41.32478008343401;18.87857752398429;18.36871752184686;57.411297115861885;25.15851853943849;5.357635212763057;10.034303309403754;15.65250141514764;59.179780485674996;3.190423102539171;9.855292087986925;4.0;0.8200000000000004;118197.57190420828;15882.19781411609;7.4421420314482125;3.190423102539171;deltaT_shex_1_K;shex;True;True;True;True;True;True;True;True;104.34749858485236;2682.3767058394146;0.07717905417026083;118197.57190420828;0.0;0.0;135.0;4.0;146.13784943848543;4.0;114.34231045866238;8.0;108.77038050869965;8.0;120.0;8.0;114.34231045866238;8.0;30.0;4.0;41.32478008343401;4.0;104.34749858485236;2682.3767058394146;0.009548322600499303;118197.57190420828;0.0;0.0;98.73607719929589;263.5391960915318;0.8971790541702612;15882.19781411609;0.5725974324776589;0.2174640501265606;165.01642696246972;369.18673145849675;0.8295483226004997;118197.57190420828;0.6192796838900491;0.2522834138871918;104.34749858485236;2682.3767058394146;0.06763073156976153;118197.57190420828;0.0;0.0;118.87121154485726;263.5391960915318;0.8971790541702612;118197.57190420828;0.5725974324776589;0.2174640501265606;153.36871752184686;335.9914487052535;0.8971790541702612;118197.57190420828;0.5725974324776589;0.2174640501265606;150.1782944193077;342.2512630306403;0.8200000000000004;118197.57190420828;0.6264907596227145;0.25811833795689243;109.01591945687034;262.9797466010036;0.8200000000000004;118197.57190420828;0.6264907596227145;0.25811833795689243;108.98467524589933;262.920383588565;0.8200000000000004;15882.19781411609;0.6264907596227145;0.25811833795689243;98.73607719929589;2684.3095176223496;0.07717905417026083;15882.19781411609;0.0;0.0;55.15851853943849;230.91947506883344;0.07717905417026083;15882.19781411609;0.0;0.0;55.162529972987386;231.02328752774585;0.07717905417026083;118197.57190420828;0.0;0.0;"Zustand 3: Temperatur 426.519 K liegt außerhalb des Boryta-Prüfbereichs; Kristallisation wurde nicht bewertet.";"Zustand 4: Temperatur 423.328 K liegt außerhalb des Boryta-Prüfbereichs; Kristallisation wurde nicht bewertet.";"Zustand 5: Temperatur 382.166 K liegt außerhalb des Boryta-Prüfbereichs; Kristallisation wurde nicht bewertet.";"Zustand 6: Temperatur 382.135 K liegt außerhalb des Boryta-Prüfbereichs; Kristallisation wurde nicht bewertet.";"Zustand 20: Temperatur 438.166 K liegt außerhalb des Boryta-Prüfbereichs; Kristallisation wurde nicht bewertet.";5
series_evaporator_to_desorber;Serie Verdampfer → Desorber;series_evaporator_to_desorber;nan;120.0;30.0;120.0;8.0;8.0;4.0;120.0;0.8300000000000004;Abwärmetemperatur [°C];hot_temperature_C;120.0;10.0;10.0;25.0;15.0;11.0;nan;nan;5.5503425742380125e-21;`gtol` termination condition is satisfied.;4;3.7545758015714785e-09;1.0535978904912455e-10;1;True;;True;0;zulässig;feasible;True;True;True;104.3373878502731;118.85073817209525;150.1463473669694;55.17638728702275;0.1247828139823255;0.2520647455336832;0.2176650263277218;0.25787526364040314;186.13092656239985;189.48480838297033;186.24311151487;189.31534758556668;65.85344752225211;0.49561106147957196;10.746874579794094;26.13223244990428;0.008013370244979438;0.049262474876533124;18.613092655883566;18.94848083828549;7.449724460606273;12.62102317234444;5.986677047542685;98.81105537973525;0.01575980514963389;2684.451428686007;263.5590335978868;224.79533279147984;0.014297795706998961;0.8929339607294763;0.5820594829890989;0.2241351118763536;1.8806645130098332e-10;-7.17420789442258e-10;7.602238838444464e-10;-9.844780546330867e-11;-2.8680346986220684e-10;1.1542056199687067e-10;4.000924036517972e-10;3.564196049410384e-09;1.8806645130098332e-12;-7.174207894422579e-12;7.602238838444464e-12;-9.844780546330867e-11;-2.8680346986220683e-12;1.1542056199687067e-12;4.0009240365179724e-12;3.564196049410384e-11;146.13223244990428;114.33865587363738;108.76918483551327;120.0;114.33865587363738;41.332823467880985;18.801199803375937;18.426244394722858;57.478231911854266;25.17638728702275;5.402714994707878;9.958129455778021;15.662612149726897;59.15825811653173;3.2798970277534636;9.883573845088847;4.0;0.8300000000000004;118156.0455687381;15895.784372997372;7.43316861855859;3.2798970277534636;deltaT_shex_1_K;shex;True;True;True;True;True;True;True;True;104.3373878502731;2682.361000672869;0.07723175643647484;118156.0455687381;0.0;0.0;135.0;4.0;146.13223244990428;4.0;114.33865587363738;8.0;108.76918483551327;8.0;120.0;8.0;114.33865587363738;8.0;30.0;4.0;41.332823467880985;4.0;104.3373878502731;2682.361000672869;0.00963719589694091;118156.0455687381;0.0;0.0;98.81105537973525;263.5590335978835;0.9072317564364752;15895.784372997372;0.572886338951694;0.2176650263277218;164.93343225328022;368.9456440526195;0.8396371958969413;118156.0455687381;0.6190062590888947;0.2520647455336832;104.3373878502731;2682.361000672869;0.06759456053953393;118156.0455687381;0.0;0.0;118.85073817209525;263.5590335978835;0.9072317564364752;118156.0455687381;0.572886338951694;0.2176650263277218;153.42624439472286;336.14627170440497;0.9072317564364752;118156.0455687381;0.572886338951694;0.2176650263277218;150.1463473669694;342.0843946767394;0.8300000000000004;118156.0455687381;0.626193589789888;0.25787526364040314;108.9671643270064;262.74289163810806;0.8300000000000004;118156.0455687381;0.626193589789888;0.25787526364040314;108.9359408789295;262.68353925873873;0.8300000000000004;15895.784372997372;0.626193589789888;0.25787526364040314;98.81105537973525;2684.451428686007;0.07723175643647484;15895.784372997372;0.0;0.0;55.17638728702275;230.99423535094942;0.07723175643647484;15895.784372997372;0.0;0.0;55.18039775710565;231.09799280273768;0.07723175643647484;118156.0455687381;0.0;0.0;"Zustand 3: Temperatur 426.576 K liegt außerhalb des Boryta-Prüfbereichs; Kristallisation wurde nicht bewertet.";"Zustand 4: Temperatur 423.296 K liegt außerhalb des Boryta-Prüfbereichs; Kristallisation wurde nicht bewertet.";"Zustand 5: Temperatur 382.117 K liegt außerhalb des Boryta-Prüfbereichs; Kristallisation wurde nicht bewertet.";"Zustand 6: Temperatur 382.086 K liegt außerhalb des Boryta-Prüfbereichs; Kristallisation wurde nicht bewertet.";"Zustand 20: Temperatur 438.083 K liegt außerhalb des Boryta-Prüfbereichs; Kristallisation wurde nicht bewertet.";5
series_evaporator_to_desorber;Serie Verdampfer → Desorber;series_evaporator_to_desorber;nan;120.0;30.0;120.0;8.0;8.0;4.0;120.0;0.8400000000000004;Abwärmetemperatur [°C];hot_temperature_C;120.0;10.0;10.0;25.0;15.0;11.0;nan;nan;5.2278579242526775e-21;`gtol` termination condition is satisfied.;4;3.5075327507960073e-09;1.0225319480830589e-10;1;True;;True;0;zulässig;feasible;True;True;True;104.32734529483622;118.83204564609542;150.11260679415886;55.194116360317594;0.12586207468056348;0.25184908034949904;0.2178605032375156;0.2576363883910081;186.03263111062824;189.61824254162923;186.15627930527506;189.43673282161032;66.70060177684431;0.4953037599319911;10.868987920593295;26.126353535324654;0.008014580428992541;0.04984694513381354;18.603263110731042;18.96182425415335;7.44625117222449;12.629115521415747;6.063691070684112;98.8844396380481;0.01567769096594679;2684.5903015077365;263.5812319239907;225.02086234755018;0.014380896720829761;0.9029032079388571;0.5822961671714716;0.22430436420385816;1.907807245515869e-10;-6.809273145336192e-10;7.229346010717563e-10;-9.60539425776119e-11;-3.3719516068231314e-10;9.57243173616007e-11;3.7411496123240795e-10;3.3178366720676422e-09;1.907807245515869e-12;-6.8092731453361925e-12;7.229346010717564e-12;-9.60539425776119e-11;-3.3719516068231315e-12;9.57243173616007e-13;3.741149612324079e-12;3.317836672067642e-11;146.12635353532465;114.33502593236813;108.7681515512295;120.0;114.33502593236813;41.34080397976254;18.725122077223944;18.48193398212055;57.54363565828555;25.194116360317594;5.446827984497872;9.8837119131814;15.67265470516378;59.136900060840105;3.3693271879616873;9.91264482274488;4.0;0.8400000000000004;118114.81117876087;15909.274542853316;7.42427386368914;3.3693271879616873;deltaT_shex_1_K;shex;True;True;True;True;True;True;True;True;104.32734529483622;2682.3454008214458;0.07728410465968649;118114.81117876087;0.0;0.0;135.0;4.0;146.12635353532465;4.0;114.33502593236813;8.0;108.7681515512295;8.0;120.0;8.0;114.33502593236813;8.0;30.0;4.0;41.34080397976254;4.0;104.32734529483622;2682.3454008214458;0.009727137752297946;118114.81117876087;0.0;0.0;98.8844396380481;263.58123192398835;0.9172841046596869;15909.274542853316;0.5731671078119019;0.2178605032375156;164.8514756125486;368.7077578438971;0.8497271377522984;118114.81117876087;0.6187363614117485;0.25184908034949904;104.32734529483622;2682.3454008214458;0.06755696690738855;118114.81117876087;0.0;0.0;118.83204564609542;263.58123192398835;0.9172841046596869;118114.81117876087;0.5731671078119019;0.2178605032375156;153.48193398212055;336.2965460104461;0.9172841046596869;118114.81117876087;0.5731671078119019;0.2178605032375156;150.11260679415886;341.9160053898238;0.8400000000000004;118114.81117876087;0.6259012825114553;0.2576363883910081;108.91940082335054;262.5105270842839;0.8400000000000004;118114.81117876087;0.6259012825114553;0.2576363883910081;108.88819794787025;262.45118548293414;0.8400000000000004;15909.274542853316;0.6259012825114553;0.2576363883910081;98.8844396380481;2684.5903015077365;0.07728410465968649;15909.274542853316;0.0;0.0;55.194116360317594;231.06841137785992;0.07728410465968649;15909.274542853316;0.0;0.0;55.19812587152802;231.17211420865914;0.07728410465968649;118114.81117876087;0.0;0.0;"Zustand 3: Temperatur 426.632 K liegt außerhalb des Boryta-Prüfbereichs; Kristallisation wurde nicht bewertet.";"Zustand 4: Temperatur 423.263 K liegt außerhalb des Boryta-Prüfbereichs; Kristallisation wurde nicht bewertet.";"Zustand 5: Temperatur 382.069 K liegt außerhalb des Boryta-Prüfbereichs; Kristallisation wurde nicht bewertet.";"Zustand 6: Temperatur 382.038 K liegt außerhalb des Boryta-Prüfbereichs; Kristallisation wurde nicht bewertet.";"Zustand 20: Temperatur 438.001 K liegt außerhalb des Boryta-Prüfbereichs; Kristallisation wurde nicht bewertet.";5
series_evaporator_to_desorber;Serie Verdampfer → Desorber;series_evaporator_to_desorber;nan;120.0;30.0;120.0;8.0;8.0;4.0;120.0;0.8500000000000004;Abwärmetemperatur [°C];hot_temperature_C;120.0;10.0;10.0;25.0;15.0;11.0;nan;nan;4.983687307184981e-21;`gtol` termination condition is satisfied.;4;3.445156146262753e-09;9.98367398023892e-11;1;True;;True;0;zulässig;feasible;True;True;True;104.31736375491317;118.81507585618641;150.07715057280348;55.21171842879812;0.12695411892129935;0.2516363304683488;0.21805064687718514;0.25740157500780014;185.93009590688462;189.75072082513887;186.06498932783708;189.55738055787756;67.54410179274227;0.4949920739903083;10.99098096712071;26.1202210470625;0.008015778908467965;0.05043106759495166;18.5930095903608;18.97507208250658;7.442599573124542;12.637158703833952;6.140372890307264;98.95628785542107;0.01559850854968198;2684.7262456678404;263.6056883804973;225.241392876417;0.014465060647461891;0.9128710754574738;0.5825265420818491;0.22446921807220638;1.9463186617940664e-10;-6.376268402163987e-10;6.798472895752639e-10;-9.370881848269619e-11;-2.764579676295398e-10;7.30722149455687e-11;3.6828851079917513e-10;3.2766251933935564e-09;1.9463186617940665e-12;-6.376268402163987e-12;6.798472895752638e-12;-9.370881848269619e-11;-2.7645796762953977e-12;7.307221494556871e-13;3.682885107991752e-12;3.276625193393556e-11;146.1202210470625;114.33141804551803;108.76727362781958;120.0;114.33141804551803;41.34872732207771;18.65029971112466;18.53583691269489;57.60756053334336;25.21171842879812;5.489993672921003;9.81098577239851;15.682636245086826;59.11569106054651;3.4586863398914147;9.942469004801183;4.0;0.8500000000000004;118073.83908870578;15922.677749080707;7.415451153969548;3.4586863398914147;deltaT_shex_1_K;shex;True;True;True;True;True;True;True;True;104.31736375491317;2682.3298951687493;0.07733613610493528;118073.83908870578;0.0;0.0;135.0;4.0;146.1202210470625;4.0;114.33141804551803;8.0;108.76727362781958;8.0;120.0;8.0;114.33141804551803;8.0;30.0;4.0;41.34872732207771;4.0;104.31736375491317;2682.3298951687493;0.009818141019979746;118073.83908870578;0.0;0.0;98.95628785542107;263.6056883804953;0.9273361361049357;15922.677749080707;0.5734399968347687;0.21805064687718514;164.77052075818716;368.4729670426926;0.8598181410199802;118073.83908870578;0.6184698899416831;0.2516363304683488;104.31736375491317;2682.3298951687493;0.06751799508495554;118073.83908870578;0.0;0.0;118.81507585618641;263.6056883804953;0.9273361361049357;118073.83908870578;0.5734399968347687;0.21805064687718514;153.5358369126949;336.442386059986;0.9273361361049357;118073.83908870578;0.5734399968347687;0.21805064687718514;150.07715057280348;341.7461745489056;0.8500000000000004;118073.83908870578;0.6256136834738596;0.25740157500780014;108.87260685138523;262.28252538120256;0.8500000000000004;118073.83908870578;0.6256136834738596;0.25740157500780014;108.84142437259703;262.2231947134438;0.8500000000000004;15922.677749080707;0.6256136834738596;0.25740157500780014;98.95628785542107;2684.7262456678404;0.07733613610493528;15922.677749080707;0.0;0.0;55.21171842879812;231.14205615426928;0.07733613610493528;15922.677749080707;0.0;0.0;55.215726984971525;231.24570471123354;0.07733613610493528;118073.83908870578;0.0;0.0;"Zustand 3: Temperatur 426.686 K liegt außerhalb des Boryta-Prüfbereichs; Kristallisation wurde nicht bewertet.";"Zustand 4: Temperatur 423.227 K liegt außerhalb des Boryta-Prüfbereichs; Kristallisation wurde nicht bewertet.";"Zustand 5: Temperatur 382.023 K liegt außerhalb des Boryta-Prüfbereichs; Kristallisation wurde nicht bewertet.";"Zustand 6: Temperatur 381.991 K liegt außerhalb des Boryta-Prüfbereichs; Kristallisation wurde nicht bewertet.";"Zustand 20: Temperatur 437.921 K liegt außerhalb des Boryta-Prüfbereichs; Kristallisation wurde nicht bewertet.";5
series_evaporator_to_desorber;Serie Verdampfer → Desorber;series_evaporator_to_desorber;nan;120.0;30.0;120.0;8.0;8.0;4.0;120.0;0.8600000000000004;Abwärmetemperatur [°C];hot_temperature_C;120.0;10.0;10.0;25.0;15.0;11.0;nan;nan;4.821900986850724e-21;`gtol` termination condition is satisfied.;4;3.583634383995617e-09;9.820286133153885e-11;1;True;;True;0;zulässig;feasible;True;True;True;104.30743650904776;118.79977262628142;150.04005291133274;55.22920539939764;0.12805878196337167;0.2514264112490312;0.2182356166427084;0.25717069181983465;185.8234539596907;189.8823328485363;185.96938297545407;189.67737203716692;68.38394419112926;0.4946760526480454;11.112850437925067;26.1138429401729;0.008016966580982932;0.05101482922243563;18.582345395625335;18.98823328484939;7.438775319028346;12.645158135787609;6.216722199247979;99.02665524608597;0.015522153403183215;2684.8593657158963;263.63230464293576;225.4570851640717;0.014550278560831464;0.9228376071849412;0.5827508002946712;0.22462980235051655;1.9745982626773184e-10;-5.985043571854476e-10;6.560867404914461e-10;-9.143519275056633e-11;-2.545732513681287e-10;4.240519047016278e-11;3.5277025745017454e-10;3.437349960222491e-09;1.9745982626773183e-12;-5.985043571854476e-12;6.560867404914461e-12;-9.143519275056633e-11;-2.5457325136812868e-12;4.240519047016278e-13;3.5277025745017455e-12;3.437349960222491e-11;146.1138429401729;114.32782978357756;108.7665444075173;120.0;114.32782978357756;41.356598854577555;18.576690004426894;18.588001934505314;57.67005639150841;25.229205399397642;5.532231164815073;9.739889161431336;15.692563490952239;59.09461677968392;3.5479490231725777;9.973011763068143;4.0;0.8600000000000004;118033.10150246057;15936.002864932756;7.406694294853129;3.5479490231725777;deltaT_shex_1_K;shex;True;True;True;True;True;True;True;True;104.30743650904776;2682.314473283567;0.07738788574577227;118033.10150246057;0.0;0.0;135.0;4.0;146.1138429401729;4.0;114.32782978357756;8.0;108.7665444075173;8.0;120.0;8.0;114.32782978357756;8.0;30.0;4.0;41.356598854577555;4.0;104.30743650904776;2682.314473283567;0.00991019838732417;118033.10150246057;0.0;0.0;99.02665524608597;263.6323046429336;0.9373878857457727;15936.002864932756;0.5737052529766695;0.2182356166427084;164.6905329445998;368.2411701601767;0.8699101983873246;118033.10150246057;0.6182067473371917;0.2514264112490312;104.30743650904776;2682.314473283567;0.0674776873584481;118033.10150246057;0.0;0.0;118.79977262628142;263.6323046429336;0.9373878857457727;118033.10150246057;0.5737052529766695;0.2182356166427084;153.58800193450531;336.5839026217404;0.9373878857457727;118033.10150246057;0.5737052529766695;0.2182356166427084;150.04005291133274;341.57497769958695;0.8600000000000004;118033.10150246057;0.6253306443360972;0.25717069181983465;108.82676086321328;262.0587635240849;0.8600000000000004;118033.10150246057;0.6253306443360972;0.25717069181983465;108.79559861876248;261.9994439552216;0.8600000000000004;15936.002864932756;0.6253306443360972;0.25717069181983465;99.02665524608597;2684.8593657158963;0.07738788574577227;15936.002864932756;0.0;0.0;55.22920539939764;231.2152194948628;0.07738788574577227;15936.002864932756;0.0;0.0;55.23321300389364;231.31881408856083;0.07738788574577227;118033.10150246057;0.0;0.0;"Zustand 3: Temperatur 426.738 K liegt außerhalb des Boryta-Prüfbereichs; Kristallisation wurde nicht bewertet.";"Zustand 4: Temperatur 423.190 K liegt außerhalb des Boryta-Prüfbereichs; Kristallisation wurde nicht bewertet.";"Zustand 5: Temperatur 381.977 K liegt außerhalb des Boryta-Prüfbereichs; Kristallisation wurde nicht bewertet.";"Zustand 6: Temperatur 381.946 K liegt außerhalb des Boryta-Prüfbereichs; Kristallisation wurde nicht bewertet.";"Zustand 20: Temperatur 437.841 K liegt außerhalb des Boryta-Prüfbereichs; Kristallisation wurde nicht bewertet.";5
series_evaporator_to_desorber;Serie Verdampfer → Desorber;series_evaporator_to_desorber;nan;120.0;30.0;120.0;8.0;8.0;4.0;120.0;0.8700000000000004;Abwärmetemperatur [°C];hot_temperature_C;120.0;10.0;10.0;25.0;15.0;11.0;nan;nan;4.4123935273934005e-21;`gtol` termination condition is satisfied.;4;2.952555047265331e-09;9.394033774043396e-11;1;True;;True;0;zulässig;feasible;True;True;True;104.29755724902503;118.78608165719277;150.00138454313657;55.24658846574329;0.1291758995519933;0.2512192411313671;0.21841556562596484;0.2569436124198243;185.7128320202998;190.0131628583449;185.86959500982482;189.79678350743998;69.22012656561785;0.49435574392709425;11.234593148116334;26.107226795472457;0.00801814428006456;0.05159821730549716;18.571283201751235;19.001316285829763;7.434783800401508;12.653118900472327;6.292738778743171;99.09559450524819;0.015448525446672485;2684.9897614489664;263.6609865582001;225.66809318446286;0.014636541470194997;0.9328028449437114;0.5829691263093901;0.22478624070826345;2.057305437119794e-10;-5.570370831264881e-10;6.431264409911819e-10;-8.918421556813882e-11;-2.1287860363372602e-10;4.729372449219227e-11;3.5507241591403726e-10;2.7874307306774426e-09;2.0573054371197942e-12;-5.570370831264882e-12;6.431264409911819e-12;-8.918421556813882e-11;-2.1287860363372603e-12;4.729372449219227e-13;3.550724159140373e-12;2.7874307306774427e-11;146.10722679547246;114.3242588664043;108.76595758022535;120.0;114.3242588664043;41.364423615929695;18.504252087881298;18.638475999321656;57.73117088931849;25.246588465743287;5.573559177541199;9.67036307497716;15.702442750974967;59.07366374514527;3.6370914561850896;10.004239808621492;4.0;0.8700000000000004;117992.57235162397;15949.25824658008;7.397997482229277;3.6370914561850896;deltaT_shex_1_K;shex;True;True;True;True;True;True;True;True;104.29755724902503;2682.29912537508;0.07743938641390591;117992.57235162397;0.0;0.0;135.0;4.0;146.10722679547246;4.0;114.3242588664043;8.0;108.76595758022535;8.0;120.0;8.0;114.3242588664043;8.0;30.0;4.0;41.364423615929695;4.0;104.29755724902503;2682.29912537508;0.010003302400770703;117992.57235162397;0.0;0.0;99.09559450524819;263.66098655819883;0.9474393864139063;15949.25824658008;0.5739631129269751;0.21841556562596484;164.61147888335375;368.0122697955716;0.8800033024007712;117992.57235162397;0.6179468396781969;0.2512192411313671;104.29755724902503;2682.29912537508;0.06743608401313521;117992.57235162397;0.0;0.0;118.78608165719277;263.66098655819883;0.9474393864139063;117992.57235162397;0.5739631129269751;0.21841556562596484;153.63847599932166;336.7212029247768;0.9474393864139063;117992.57235162397;0.5739631129269751;0.21841556562596484;150.00138454313657;341.40248674057455;0.8700000000000004;117992.57235162397;0.6250520224548836;0.2569436124198243;108.78184184857128;261.8391228722848;0.8700000000000004;117992.57235162397;0.6250520224548836;0.2569436124198243;108.75069968886311;261.77981457653135;0.8700000000000004;15949.25824658008;0.6250520224548836;0.2569436124198243;99.09559450524819;2684.9897614489664;0.07743938641390591;15949.25824658008;0.0;0.0;55.24658846574329;231.28794823026098;0.07743938641390591;15949.25824658008;0.0;0.0;55.25059512125904;231.39148913691548;0.07743938641390591;117992.57235162397;0.0;0.0;"Zustand 3: Temperatur 426.788 K liegt außerhalb des Boryta-Prüfbereichs; Kristallisation wurde nicht bewertet.";"Zustand 4: Temperatur 423.151 K liegt außerhalb des Boryta-Prüfbereichs; Kristallisation wurde nicht bewertet.";"Zustand 5: Temperatur 381.932 K liegt außerhalb des Boryta-Prüfbereichs; Kristallisation wurde nicht bewertet.";"Zustand 6: Temperatur 381.901 K liegt außerhalb des Boryta-Prüfbereichs; Kristallisation wurde nicht bewertet.";"Zustand 20: Temperatur 437.761 K liegt außerhalb des Boryta-Prüfbereichs; Kristallisation wurde nicht bewertet.";5
series_evaporator_to_desorber;Serie Verdampfer → Desorber;series_evaporator_to_desorber;nan;120.0;30.0;120.0;8.0;8.0;4.0;120.0;0.8800000000000004;Abwärmetemperatur [°C];hot_temperature_C;120.0;10.0;10.0;25.0;15.0;11.0;nan;nan;4.1722999399247385e-21;`gtol` termination condition is satisfied.;4;2.7845958880749726e-09;9.134878149077565e-11;1;True;;True;0;zulässig;feasible;True;True;True;104.28772005296895;118.77395046858254;149.96121290522018;55.26387815396271;0.13030530806800514;0.2510147414996186;0.21859064091723515;0.2567202154120205;185.5983509435083;190.1432900771958;185.76575394180483;189.9156865468758;70.0526473982947;0.4940311948923663;11.356206005921344;26.100379841118922;0.00801931277965989;0.05218121944821128;18.55983509408798;19.014329007719656;7.430630157680957;12.661045769770803;6.368422490802215;99.1631559473563;0.015377528802212914;2685.117528171701;263.6916439577882;225.874564451542;0.014723840339448846;0.942766828598853;0.5831816969693938;0.22493865187515336;2.0443735593289603e-10;-5.296669769450091e-10;6.071445568522904e-10;-8.700551390461442e-11;-2.191029579989845e-10;-7.673861546209082e-13;3.1374725040222984e-10;2.6284965315426234e-09;2.0443735593289604e-12;-5.296669769450091e-12;6.071445568522904e-12;-8.700551390461442e-11;-2.191029579989845e-12;-7.673861546209083e-15;3.1374725040222984e-12;2.6284965315426236e-11;146.10037984111892;114.3207031535025;108.76550716241985;120.0;114.3207031535025;41.37220634432987;18.432946827476883;18.68730434235931;57.790949603026434;25.263878153962708;5.613996040863128;9.60235121506355;15.71227994703105;59.05281929084725;3.7260914371391323;10.036121143403363;4.0;0.8800000000000004;117952.22718237295;15962.451765790845;7.389355276559491;3.7260914371391323;deltaT_shex_1_K;shex;True;True;True;True;True;True;True;True;104.28772005296895;2682.2838422512045;0.07749066893830137;117952.22718237295;0.0;0.0;135.0;4.0;146.10037984111892;4.0;114.3207031535025;8.0;108.76550716241985;8.0;120.0;8.0;114.3207031535025;8.0;30.0;4.0;41.37220634432987;4.0;104.28772005296895;2682.2838422512045;0.010097445488401156;117952.22718237295;0.0;0.0;99.1631559473563;263.6916439577872;0.9574906689383018;15962.451765790845;0.5742138036273235;0.21859064091723515;164.5333266685958;367.7861724356015;0.8900974454884016;117952.22718237295;0.617690076319742;0.2510147414996186;104.28772005296895;2682.2838422512045;0.0673932234499002;117952.22718237295;0.0;0.0;118.77395046858254;263.6916439577872;0.9574906689383018;117952.22718237295;0.5742138036273235;0.21859064091723515;153.6873043423593;336.85439078222515;0.9574906689383018;117952.22718237295;0.5742138036273235;0.21859064091723515;149.96121290522018;341.2287701022068;0.8800000000000004;117952.22718237295;0.6247776806235595;0.2567202154120205;108.73782932517918;261.62348896801336;0.8800000000000004;117952.22718237295;0.6247776806235595;0.2567202154120205;108.70670711263938;261.5641921277313;0.8800000000000004;15962.451765790845;0.6247776806235595;0.2567202154120205;99.1631559473563;2685.117528171701;0.07749066893830137;15962.451765790845;0.0;0.0;55.26387815396271;231.36028639863983;0.07749066893830137;15962.451765790845;0.0;0.0;55.26788386265525;231.46377386222136;0.07749066893830137;117952.22718237295;0.0;0.0;"Zustand 3: Temperatur 426.837 K liegt außerhalb des Boryta-Prüfbereichs; Kristallisation wurde nicht bewertet.";"Zustand 4: Temperatur 423.111 K liegt außerhalb des Boryta-Prüfbereichs; Kristallisation wurde nicht bewertet.";"Zustand 5: Temperatur 381.888 K liegt außerhalb des Boryta-Prüfbereichs; Kristallisation wurde nicht bewertet.";"Zustand 6: Temperatur 381.857 K liegt außerhalb des Boryta-Prüfbereichs; Kristallisation wurde nicht bewertet.";"Zustand 20: Temperatur 437.683 K liegt außerhalb des Boryta-Prüfbereichs; Kristallisation wurde nicht bewertet.";5
series_evaporator_to_desorber;Serie Verdampfer → Desorber;series_evaporator_to_desorber;nan;120.0;30.0;120.0;8.0;8.0;4.0;120.0;0.8900000000000005;Abwärmetemperatur [°C];hot_temperature_C;120.0;10.0;10.0;25.0;15.0;11.0;nan;nan;3.9497226742380016e-21;`gtol` termination condition is satisfied.;4;2.6260527433481474e-09;8.887882395979372e-11;1;True;;True;0;zulässig;feasible;True;True;True;104.27791936052154;118.76332834121467;149.91960230831046;55.28108436498434;0.13144684465599898;0.2508128365544606;0.21876098389224904;0.2565003841754837;185.48012602397063;190.2727890224328;185.65798238618586;190.03414836406853;70.881505984263;0.49370245166851967;11.477686009495688;26.093308972725538;0.008020472798250985;0.05276382355838064;18.548012602149793;19.02727890224269;7.426319295456365;12.668943224250423;6.443773271342825;99.2293876356697;0.015309071589037247;2685.2427569401266;263.72419047907744;226.0766403508779;0.014812166104030688;0.9527295961696274;0.583388681857036;0.22508714988694503;2.0766321995324688e-10;-5.08066477777902e-10;5.711058292945381e-10;-8.491496394924525e-11;-2.2325252757582348e-10;5.9117155615240335e-12;3.121840563835576e-10;2.4726887204451486e-09;2.0766321995324687e-12;-5.08066477777902e-12;5.711058292945381e-12;-8.491496394924525e-11;-2.2325252757582347e-12;5.911715561524034e-14;3.1218405638355763e-12;2.4726887204451486e-11;146.09330897272554;114.31716063504581;108.76518747756415;120.0;114.31716063504581;41.379951496557;18.36273673489984;18.734530558643655;57.8494361391127;25.281084364984338;5.653559697923356;9.535799841894459;15.722080639478463;59.03207150650195;3.814928250333196;10.06862501247366;4.0;0.8900000000000005;117912.04305113062;15975.590840146613;7.380762579047656;3.814928250333196;deltaT_shex_1_K;shex;True;True;True;True;True;True;True;True;104.27791936052154;2682.268615280151;0.07754176227365761;117912.04305113062;0.0;0.0;135.0;4.0;146.09330897272554;4.0;114.31716063504581;8.0;108.76518747756415;8.0;120.0;8.0;114.31716063504581;8.0;30.0;4.0;41.379951496557;4.0;104.27791936052154;2682.268615280151;0.010192619979937874;117912.04305113062;0.0;0.0;99.2293876356697;263.72419047907505;0.9675417622736581;15975.590840146613;0.5744575427622525;0.21876098389224904;164.45604570762538;367.56278826732995;0.9001926199799384;117912.04305113062;0.6174363697548274;0.2508128365544606;104.27791936052154;2682.268615280151;0.06734914229371974;117912.04305113062;0.0;0.0;118.76332834121467;263.72419047907505;0.9675417622736581;117912.04305113062;0.5744575427622525;0.21876098389224904;153.73453055864366;336.98356671281635;0.9675417622736581;117912.04305113062;0.5744575427622525;0.21876098389224904;149.91960230831046;341.0538929195565;0.8900000000000005;117912.04305113062;0.6245074868264997;0.2565003841754837;108.69470332874101;261.4117513644382;0.8900000000000005;117912.04305113062;0.6245074868264997;0.2565003841754837;108.66360093712245;261.3524661694288;0.8900000000000005;15975.590840146613;0.6245074868264997;0.2565003841754837;99.2293876356697;2685.2427569401266;0.07754176227365761;15975.590840146613;0.0;0.0;55.28108436498434;231.4322754227107;0.07754176227365761;15975.590840146613;0.0;0.0;55.28508912854386;231.53570965689724;0.07754176227365761;117912.04305113062;0.0;0.0;"Zustand 3: Temperatur 426.885 K liegt außerhalb des Boryta-Prüfbereichs; Kristallisation wurde nicht bewertet.";"Zustand 4: Temperatur 423.070 K liegt außerhalb des Boryta-Prüfbereichs; Kristallisation wurde nicht bewertet.";"Zustand 5: Temperatur 381.845 K liegt außerhalb des Boryta-Prüfbereichs; Kristallisation wurde nicht bewertet.";"Zustand 6: Temperatur 381.814 K liegt außerhalb des Boryta-Prüfbereichs; Kristallisation wurde nicht bewertet.";"Zustand 20: Temperatur 437.606 K liegt außerhalb des Boryta-Prüfbereichs; Kristallisation wurde nicht bewertet.";5
series_evaporator_to_desorber;Serie Verdampfer → Desorber;series_evaporator_to_desorber;nan;120.0;30.0;120.0;8.0;8.0;4.0;120.0;0.9000000000000005;Abwärmetemperatur [°C];hot_temperature_C;120.0;10.0;10.0;25.0;15.0;11.0;nan;nan;3.733192557036053e-21;`gtol` termination condition is satisfied.;4;2.4582518011753666e-09;8.64082467943431e-11;1;True;;True;0;zulässig;feasible;True;True;True;104.26814994968635;118.75416625951647;149.8766140977151;55.29821641403521;0.1326003473328108;0.2506134531908601;0.21892673048237385;0.25628400663932366;185.35826731207305;190.40172980310172;185.5463973948515;190.1522320776988;71.70670236265256;0.4933695594586029;11.599030243828057;26.086020772253164;0.008021625002647647;0.05334601783667137;18.535826730976577;19.040172980311763;7.421855895801739;12.67681547182673;6.51879112392037;99.29433550350245;0.015243065729752089;2685.365534789793;263.7585433932185;226.274456450648;0.014901509685777081;0.9626911839343558;0.5835902436631083;0.22523184431576745;2.149391775674303e-10;-4.715019485956873e-10;5.641709321935195e-10;-8.284184449536269e-11;-1.9196022549294867e-10;-1.5916157281026244e-11;2.97859514830634e-10;2.3072743715601973e-09;2.149391775674303e-12;-4.715019485956873e-12;5.6417093219351955e-12;-8.284184449536269e-11;-1.919602254929487e-12;-1.5916157281026243e-13;2.97859514830634e-12;2.3072743715601972e-11;146.08602077225316;114.31362942351382;108.7649931377826;120.0;114.31362942351382;41.38766326573574;18.293585883023468;18.78019667507175;57.90667223776671;25.29821641403521;5.692267707288465;9.470657634280144;15.731850050313653;59.011409189915014;3.9035825773566444;10.101721857024302;4.0;0.9000000000000005;117871.99842729529;15988.682461309172;7.372214609460934;3.9035825773566444;deltaT_shex_1_K;shex;True;True;True;True;True;True;True;True;104.26814994968635;2682.253436354566;0.07759269362013244;117871.99842729529;0.0;0.0;135.0;4.0;146.08602077225316;4.0;114.31362942351382;8.0;108.7649931377826;8.0;120.0;8.0;114.31362942351382;8.0;30.0;4.0;41.38766326573574;4.0;104.26814994968635;2682.253436354566;0.010288818124517932;117871.99842729529;0.0;0.0;99.29433550350245;263.7585433932186;0.9775926936201329;15988.682461309172;0.5746945392197095;0.21892673048237385;164.37960665527663;367.3420310007894;0.9102888181245185;117871.99842729529;0.6171856354831855;0.2506134531908601;104.26814994968635;2682.253436354566;0.0673038754956145;117871.99842729529;0.0;0.0;118.75416625951647;263.7585433932186;0.9775926936201329;117871.99842729529;0.5746945392197095;0.21892673048237385;153.78019667507175;337.10882805739175;0.9775926936201329;117871.99842729529;0.5746945392197095;0.21892673048237385;149.8766140977151;340.8779171969083;0.9000000000000005;117871.99842729529;0.6242413140050851;0.25628400663932366;108.65244440249216;261.20380346086654;0.9000000000000005;117871.99842729529;0.6242413140050851;0.25628400663932366;108.62136171622535;261.1445301077147;0.9000000000000005;15988.682461309172;0.6242413140050851;0.25628400663932366;99.29433550350245;2685.365534789793;0.07759269362013244;15988.682461309172;0.0;0.0;55.29821641403521;231.5039542749555;0.07759269362013244;15988.682461309172;0.0;0.0;55.3022202335988;231.607335464967;0.07759269362013244;117871.99842729529;0.0;0.0;"Zustand 3: Temperatur 426.930 K liegt außerhalb des Boryta-Prüfbereichs; Kristallisation wurde nicht bewertet.";"Zustand 4: Temperatur 423.027 K liegt außerhalb des Boryta-Prüfbereichs; Kristallisation wurde nicht bewertet.";"Zustand 5: Temperatur 381.802 K liegt außerhalb des Boryta-Prüfbereichs; Kristallisation wurde nicht bewertet.";"Zustand 6: Temperatur 381.771 K liegt außerhalb des Boryta-Prüfbereichs; Kristallisation wurde nicht bewertet.";"Zustand 20: Temperatur 437.530 K liegt außerhalb des Boryta-Prüfbereichs; Kristallisation wurde nicht bewertet.";5
series_evaporator_to_desorber;Serie Verdampfer → Desorber;series_evaporator_to_desorber;nan;120.0;30.0;120.0;8.0;8.0;4.0;120.0;0.9100000000000005;Abwärmetemperatur [°C];hot_temperature_C;120.0;10.0;10.0;25.0;15.0;11.0;nan;nan;3.530415680042331e-21;`gtol` termination condition is satisfied.;4;2.303233733668037e-09;8.402875317464053e-11;1;True;;True;0;zulässig;feasible;True;True;True;104.25840691536979;118.74641685488422;149.83230680595926;55.315283067260054;0.1337656550806674;0.2504165208830575;0.2190880114304543;0.25607097507072385;185.23287990950598;190.53017839576435;185.43111076865927;190.2699969760486;72.52823725426268;0.49303256256399786;11.72023587781339;26.07852152568813;0.008022770011497567;0.05392779076633031;18.523287990735387;19.053017839581837;7.4172444307558125;12.684666465052572;6.593476114064741;99.35804346787154;0.015179426766806873;2685.4859449496835;263.7946234404548;226.46814279436376;0.014991862005922285;0.9726516265285237;0.5837865385346636;0.22537284048750011;2.1518076209758874e-10;-4.494751237871242e-10;5.405240699474234e-10;-8.081457725239716e-11;-2.360422968195053e-10;-5.402966962719802e-11;2.6000179786933586e-10;2.152120259779622e-09;2.1518076209758872e-12;-4.494751237871242e-12;5.405240699474234e-12;-8.081457725239716e-11;-2.3604229681950527e-12;-5.402966962719802e-13;2.6000179786933587e-12;2.152120259779622e-11;146.07852152568813;114.31010774593159;108.7649190267731;120.0;114.31010774593159;41.39534559783277;18.225459826854717;18.824343219102502;57.96269787003877;25.315283067260054;5.730137245862068;9.406875558901561;15.74159308463021;58.99082180234103;3.9920364131432393;10.135383268397334;4.0;0.9100000000000005;117832.07310314482;16001.733221261018;7.3637068856131735;3.9920364131432393;deltaT_shex_1_K;shex;True;True;True;True;True;True;True;True;104.25840691536979;2682.238297858293;0.07764348853444547;117832.07310314482;0.0;0.0;135.0;4.0;146.07852152568813;4.0;114.31010774593159;8.0;108.7649190267731;8.0;120.0;8.0;114.31010774593159;8.0;30.0;4.0;41.39534559783277;4.0;104.25840691536979;2682.238297858293;0.010386032106558387;117832.07310314482;0.0;0.0;99.35804346787154;263.794623440454;0.987643488534446;16001.733221261018;0.574924993525529;0.2190880114304543;164.30398135254285;367.1238177026727;0.9203860321065589;117832.07310314482;0.6169377918876017;0.2504165208830575;104.25840691536979;2682.238297858293;0.06725745642788708;117832.07310314482;0.0;0.0;118.74641685488422;263.794623440454;0.987643488534446;117832.07310314482;0.574924993525529;0.2190880114304543;153.8243432191025;337.23026909219277;0.987643488534446;117832.07310314482;0.574924993525529;0.2190880114304543;149.83230680595926;340.7009019656244;0.9100000000000005;117832.07310314482;0.6239790398364801;0.25607097507072385;108.61103358648688;260.999542345792;0.9100000000000005;117832.07310314482;0.6239790398364801;0.25607097507072385;108.57997050006952;260.9402810372576;0.9100000000000005;16001.733221261018;0.6239790398364801;0.25607097507072385;99.35804346787154;2685.4859449496835;0.07764348853444547;16001.733221261018;0.0;0.0;55.315283067260054;231.57535963075807;0.07764348853444547;16001.733221261018;0.0;0.0;55.31928594359056;231.67868793507478;0.07764348853444547;117832.07310314482;0.0;0.0;"Zustand 3: Temperatur 426.974 K liegt außerhalb des Boryta-Prüfbereichs; Kristallisation wurde nicht bewertet.";"Zustand 4: Temperatur 422.982 K liegt außerhalb des Boryta-Prüfbereichs; Kristallisation wurde nicht bewertet.";"Zustand 5: Temperatur 381.761 K liegt außerhalb des Boryta-Prüfbereichs; Kristallisation wurde nicht bewertet.";"Zustand 6: Temperatur 381.730 K liegt außerhalb des Boryta-Prüfbereichs; Kristallisation wurde nicht bewertet.";"Zustand 20: Temperatur 437.454 K liegt außerhalb des Boryta-Prüfbereichs; Kristallisation wurde nicht bewertet.";5
series_evaporator_to_desorber;Serie Verdampfer → Desorber;series_evaporator_to_desorber;nan;120.0;30.0;120.0;8.0;8.0;4.0;120.0;0.9200000000000005;Abwärmetemperatur [°C];hot_temperature_C;120.0;10.0;10.0;25.0;15.0;11.0;nan;nan;3.3439495035765572e-21;`gtol` termination condition is satisfied.;4;2.1618459699935413e-09;8.177957573351132e-11;1;True;;True;0;zulässig;feasible;True;True;True;104.24868564943495;118.74003434989487;149.78673629738955;55.332292575801944;0.1349426079258236;0.25022197157533344;0.2192449525327779;0.2558611858744893;185.1040642461635;190.65819690097044;185.3122293497243;190.38749875812243;73.34611200495192;0.49269150440542325;11.841300161471544;26.07081723960306;0.008023908398524899;0.05450913110334158;18.51040642441451;19.065819690101197;7.412489173996649;12.692499917190258;6.667828364125967;99.42055353609402;0.015118073688645763;2685.6040670428724;263.8323546724541;226.65782417637982;0.015083213996411216;0.9826109570367193;0.5839777164020893;0.22551023968664885;2.1462653876369586e-10;-4.3371528590796515e-10;4.985736268281471e-10;-7.887435149456223e-11;-1.9193180378351826e-10;-4.1524117477820255e-11;2.6855673240788747e-10;2.018396116909571e-09;2.1462653876369586e-12;-4.337152859079651e-12;4.985736268281471e-12;-7.887435149456223e-11;-1.9193180378351827e-12;-4.1524117477820253e-13;2.6855673240788745e-12;2.018396116909571e-11;146.07081723960306;114.306593936659;108.76496028385623;120.0;114.306593936659;41.403002206995836;18.158325529194144;18.867009284053267;58.01755132909818;25.332292575801944;5.76718511253074;9.344406747762207;15.751314350565053;58.97029942750686;4.080272986663715;10.169581943191702;4.0;0.9200000000000005;117792.24811013362;16014.749336761883;7.355235204321389;4.080272986663715;deltaT_shex_1_K;shex;True;True;True;True;True;True;True;True;104.24868564943495;2682.22319263548;0.07769417103313003;117792.24811013362;0.0;0.0;135.0;4.0;146.07081723960306;4.0;114.306593936659;8.0;108.76496028385623;8.0;120.0;8.0;114.306593936659;8.0;30.0;4.0;41.403002206995836;4.0;104.24868564943495;2682.22319263548;0.010484254059845547;117792.24811013362;0.0;0.0;99.42055353609402;263.8323546724527;0.9976941710331305;16014.749336761883;0.5751490982529954;0.2192449525327779;164.2291427687972;366.9080686393452;0.930484254059846;117792.24811013362;0.6166927601162207;0.25022197157533344;104.24868564943495;2682.22319263548;0.06720991697328449;117792.24811013362;0.0;0.0;118.74003434989487;263.8323546724527;0.9976941710331305;117792.24811013362;0.5751490982529954;0.2192449525327779;153.86700928405327;337.34798113842743;0.9976941710331305;117792.24811013362;0.5751490982529954;0.2192449525327779;149.78673629738955;340.5229034349107;0.9200000000000005;117792.24811013362;0.6237205465238853;0.2558611858744893;108.57045240670317;260.7988686471528;0.9200000000000005;117792.24811013362;0.6237205465238853;0.2558611858744893;108.53940882412826;260.7396195916057;0.9200000000000005;16014.749336761883;0.6237205465238853;0.2558611858744893;99.42055353609402;2685.6040670428724;0.07769417103313003;16014.749336761883;0.0;0.0;55.332292575801944;231.64652601098788;0.07769417103313003;16014.749336761883;0.0;0.0;55.33629450915214;231.7498015629608;0.07769417103313003;117792.24811013362;0.0;0.0;"Zustand 3: Temperatur 427.017 K liegt außerhalb des Boryta-Prüfbereichs; Kristallisation wurde nicht bewertet.";"Zustand 4: Temperatur 422.937 K liegt außerhalb des Boryta-Prüfbereichs; Kristallisation wurde nicht bewertet.";"Zustand 5: Temperatur 381.720 K liegt außerhalb des Boryta-Prüfbereichs; Kristallisation wurde nicht bewertet.";"Zustand 6: Temperatur 381.689 K liegt außerhalb des Boryta-Prüfbereichs; Kristallisation wurde nicht bewertet.";"Zustand 20: Temperatur 437.379 K liegt außerhalb des Boryta-Prüfbereichs; Kristallisation wurde nicht bewertet.";5
series_evaporator_to_desorber;Serie Verdampfer → Desorber;series_evaporator_to_desorber;nan;120.0;30.0;120.0;8.0;8.0;4.0;120.0;0.9300000000000005;Abwärmetemperatur [°C];hot_temperature_C;120.0;10.0;10.0;25.0;15.0;11.0;nan;nan;3.1710350899643223e-21;`gtol` termination condition is satisfied.;4;2.0591023617709815e-09;7.96371155927225e-11;1;True;;True;0;zulässig;feasible;True;True;True;104.23898182214953;118.73497450358263;149.73995590508417;55.349252707513244;0.1361310470038126;0.2500297395783179;0.21939767486796247;0.2556545394033292;184.9719163395136;190.78584378177098;185.18985529524406;190.50478975770173;74.16032853420826;0.49234642754475755;11.962220423310663;26.06291365666948;0.008025040695517035;0.055090027867017846;18.49719163375953;19.078584378183677;7.40759421181926;12.700319317164261;6.741848048601228;99.48190590579264;0.01505892876507667;2685.719977274819;263.87166430154645;226.8436204012562;0.015175556609764107;0.9925692070787334;0.5841639212868301;0.225644139349525;2.2380675090971636e-10;-4.0525094391341554e-10;4.717435331258457e-10;-7.693290449140022e-11;-2.374633822910255e-10;-6.579625733138528e-11;2.3780444280419033e-10;1.918294856295688e-09;2.2380675090971637e-12;-4.052509439134156e-12;4.717435331258457e-12;-7.693290449140022e-11;-2.3746338229102547e-12;-6.579625733138527e-13;2.3780444280419034e-12;1.9182948562956882e-11;146.06291365666948;114.30308643069071;108.76511228908652;120.0;114.30308643069071;41.410636589818864;18.092151290728054;18.908232591166154;58.07126931597378;25.349252707513244;5.803427732490604;9.283206383293873;15.761018177850474;58.9498327328954;4.168276686081981;10.204291639600399;4.0;0.9300000000000005;117752.50564107792;16027.736672134783;7.346795623726336;4.168276686081981;deltaT_shex_1_K;shex;True;True;True;True;True;True;True;True;104.23898182214953;2682.2081139618417;0.07774476368849703;117752.50564107792;0.0;0.0;135.0;4.0;146.06291365666948;4.0;114.30308643069071;8.0;108.76511228908652;8.0;120.0;8.0;114.30308643069071;8.0;30.0;4.0;41.410636589818864;4.0;104.23898182214953;2682.2081139618417;0.010583476079979092;117752.50564107792;0.0;0.0;99.48190590579264;263.87166430154554;1.0077447636884975;16027.736672134783;0.5753670384090439;0.21939767486796247;164.15506494739753;366.69470712866513;0.9405834760799796;117752.50564107792;0.6164504639706238;0.2500297395783179;104.23898182214953;2682.2081139618417;0.06716128760851794;117752.50564107792;0.0;0.0;118.73497450358263;263.87166430154554;1.0077447636884975;117752.50564107792;0.5753670384090439;0.21939767486796247;153.90823259116615;337.46205266811;1.0077447636884975;117752.50564107792;0.5753670384090439;0.21939767486796247;149.73995590508417;340.34397513552744;0.9300000000000005;117752.50564107792;0.623465720597497;0.2556545394033292;108.53068286398224;260.60168638930764;0.9300000000000005;117752.50564107792;0.623465720597497;0.2556545394033292;108.49965869820011;260.5424498002033;0.9300000000000005;16027.736672134783;0.623465720597497;0.2556545394033292;99.48190590579264;2685.719977274819;0.07774476368849703;16027.736672134783;0.0;0.0;55.349252707513244;231.7174859147574;0.07774476368849703;16027.736672134783;0.0;0.0;55.35325369779531;231.82070882411847;0.07774476368849703;117752.50564107792;0.0;0.0;"Zustand 3: Temperatur 427.058 K liegt außerhalb des Boryta-Prüfbereichs; Kristallisation wurde nicht bewertet.";"Zustand 4: Temperatur 422.890 K liegt außerhalb des Boryta-Prüfbereichs; Kristallisation wurde nicht bewertet.";"Zustand 5: Temperatur 381.681 K liegt außerhalb des Boryta-Prüfbereichs; Kristallisation wurde nicht bewertet.";"Zustand 6: Temperatur 381.650 K liegt außerhalb des Boryta-Prüfbereichs; Kristallisation wurde nicht bewertet.";"Zustand 20: Temperatur 437.305 K liegt außerhalb des Boryta-Prüfbereichs; Kristallisation wurde nicht bewertet.";5
series_evaporator_to_desorber;Serie Verdampfer → Desorber;series_evaporator_to_desorber;nan;120.0;30.0;120.0;8.0;8.0;4.0;120.0;0.9400000000000005;Abwärmetemperatur [°C];hot_temperature_C;120.0;10.0;10.0;25.0;15.0;11.0;nan;nan;3.0075814197628226e-21;`gtol` termination condition is satisfied.;4;1.9554509016720263e-09;7.755748087403075e-11;1;True;;True;0;zulässig;feasible;True;True;True;104.2292913649261;118.73119455795711;149.69201656046448;55.36617077648958;0.13733081461479524;0.24983976147094125;0.21954629501358736;0.2554509397783625;184.83652803822207;190.91317408620674;185.06408633471568;190.62191915220504;74.9708892883498;0.49199737370748836;12.082994067793656;26.05481627022857;0.00802616739510458;0.05567047033100547;18.483652803640663;19.091317408629113;7.402563453396249;12.708127943464891;6.8155353898850075;99.54213905879664;0.015001917391356194;2685.8337486101923;263.9124825567465;227.02564652811387;0.015268880827658426;1.0025264068904336;0.5843452915911216;0.22577463324652808;2.1796608962176833e-10;-3.852846930385567e-10;4.788489604834467e-10;-7.505562837906155e-11;-1.9053914002142847e-10;-8.43840552988695e-11;2.3166535356722306e-10;1.815436689867056e-09;2.1796608962176833e-12;-3.852846930385567e-12;4.788489604834467e-12;-7.505562837906155e-11;-1.905391400214285e-12;-8.43840552988695e-13;2.3166535356722308e-12;1.815436689867056e-11;146.05481627022857;114.29958375741012;108.76537064931455;120.0;114.29958375741012;41.418252038648745;18.026906684360313;18.94804954863281;58.12388702014789;25.366170776489582;5.838881162084078;9.223231590517912;15.770708635073902;58.92941293419216;4.256032988168329;10.239487135044214;4.0;0.9400000000000005;117712.82897779442;16040.700760515041;7.338384446865952;4.256032988168329;deltaT_shex_1_K;shex;True;True;True;True;True;True;True;True;104.2292913649261;2682.19305551792;0.07779528771809152;117712.82897779442;0.0;0.0;135.0;4.0;146.05481627022857;4.0;114.29958375741012;8.0;108.76537064931455;8.0;120.0;8.0;114.29958375741012;8.0;30.0;4.0;41.418252038648745;4.0;104.2292913649261;2682.19305551792;0.010683690235517884;117712.82897779442;0.0;0.0;99.54213905879664;263.9124825567454;1.017795287718092;16040.700760515041;0.5755789917986436;0.21954629501358736;164.08172295458888;366.4836594004732;0.9506836902355184;117712.82897779442;0.6162108297998848;0.24983976147094125;104.2292913649261;2682.19305551792;0.06711159748257364;117712.82897779442;0.0;0.0;118.73119455795711;263.9124825567454;1.017795287718092;117712.82897779442;0.5755789917986436;0.21954629501358736;153.9480495486328;337.57256940626826;1.017795287718092;117712.82897779442;0.5755789917986436;0.21954629501358736;149.69201656046448;340.16416805673055;0.9400000000000005;117712.82897779442;0.6232144527257335;0.2554509397783625;108.4917074229129;260.40790285659034;0.9400000000000005;117712.82897779442;0.6232144527257335;0.2554509397783625;108.46070259532604;260.3486789519829;0.9400000000000005;16040.700760515041;0.6232144527257335;0.2554509397783625;99.54213905879664;2685.8337486101923;0.07779528771809152;16040.700760515041;0.0;0.0;55.36617077648958;231.7882699428602;0.07779528771809152;16040.700760515041;0.0;0.0;55.37017082321796;231.8914402971391;0.07779528771809152;117712.82897779442;0.0;0.0;"Zustand 3: Temperatur 427.098 K liegt außerhalb des Boryta-Prüfbereichs; Kristallisation wurde nicht bewertet.";"Zustand 4: Temperatur 422.842 K liegt außerhalb des Boryta-Prüfbereichs; Kristallisation wurde nicht bewertet.";"Zustand 5: Temperatur 381.642 K liegt außerhalb des Boryta-Prüfbereichs; Kristallisation wurde nicht bewertet.";"Zustand 6: Temperatur 381.611 K liegt außerhalb des Boryta-Prüfbereichs; Kristallisation wurde nicht bewertet.";"Zustand 20: Temperatur 437.232 K liegt außerhalb des Boryta-Prüfbereichs; Kristallisation wurde nicht bewertet.";5
series_evaporator_to_desorber;Serie Verdampfer → Desorber;series_evaporator_to_desorber;nan;120.0;30.0;120.0;8.0;8.0;4.0;120.0;0.9500000000000005;Abwärmetemperatur [°C];hot_temperature_C;120.0;10.0;10.0;25.0;15.0;11.0;nan;nan;2.851681960255304e-21;`gtol` termination condition is satisfied.;4;1.8429007155614636e-09;7.552061917457119e-11;1;True;;True;0;zulässig;feasible;True;True;True;104.21961045423126;118.72865318585076;149.64296691597212;55.38305367060474;0.1385417542674292;0.249651976007136;0.21969092525147904;0.25525029471933774;184.69798725057603;191.04023965442914;184.93501601126889;190.73893315699098;75.77779719796102;0.4916443838054153;12.203618572932864;26.04653033795313;0.008027288953322434;0.0562504480146152;18.469798724887376;19.104023965451063;7.3974006404589705;12.715928877117763;6.8888906543936095;99.60128984914184;0.014946967940666286;2685.9454509386023;263.95474254639663;227.20401310064494;0.015363177668526129;1.0124825853994108;0.5845219603712909;0.22590181165448928;2.2251356313063297e-10;-3.686864147312008e-10;4.5656634029001e-10;-7.324119088991665e-11;-2.0537527234409936e-10;-8.148504093696829e-11;2.2453150450019166e-10;1.7022898646246176e-09;2.22513563130633e-12;-3.686864147312008e-12;4.565663402900099e-12;-7.324119088991665e-11;-2.0537527234409937e-12;-8.148504093696829e-13;2.2453150450019166e-12;1.7022898646246178e-11;146.04653033795313;114.29608453477897;108.76573118515967;120.0;114.29608453477897;41.42585165397304;17.962562493319524;18.98649530777078;58.175438195168795;25.38305367060474;5.873561094030094;9.16444133601783;15.780389545768742;58.90903176187334;4.343528391798657;10.275144185090085;4.0;0.9500000000000005;117673.2024236711;16053.646823685876;7.329998206392187;4.343528391798657;deltaT_shex_1_K;shex;True;True;True;True;True;True;True;True;104.21961045423126;2682.1780113641594;0.07784576306793645;117673.2024236711;0.0;0.0;135.0;4.0;146.04653033795313;4.0;114.29608453477897;8.0;108.76573118515967;8.0;120.0;8.0;114.29608453477897;8.0;30.0;4.0;41.42585165397304;4.0;104.21961045423126;2682.1780113641594;0.010784888577718567;117673.2024236711;0.0;0.0;99.60128984914184;263.9547425463976;1.027845763067937;16053.646823685876;0.5757851293690058;0.21969092525147904;164.00909283127265;366.2748544645775;0.960784888577719;117673.2024236711;0.6159737863995608;0.249651976007136;104.21961045423126;2682.1780113641594;0.06706087449021789;117673.2024236711;0.0;0.0;118.72865318585076;263.9547425463976;1.027845763067937;117673.2024236711;0.5757851293690058;0.21969092525147904;153.98649530777078;337.67961442968266;1.027845763067937;117673.2024236711;0.5757851293690058;0.21969092525147904;149.64296691597212;339.98353077669105;0.9500000000000005;117673.2024236711;0.6229666375362698;0.25525029471933774;108.45350900076068;260.21742846328215;0.9500000000000005;117673.2024236711;0.6229666375362698;0.25525029471933774;108.42252344074888;260.15821746537205;0.9500000000000005;16053.646823685876;0.6229666375362698;0.25525029471933774;99.60128984914184;2685.9454509386023;0.07784576306793645;16053.646823685876;0.0;0.0;55.38305367060474;231.8589069129855;0.07784576306793645;16053.646823685876;0.0;0.0;55.38705277290563;231.96202477883926;0.07784576306793645;117673.2024236711;0.0;0.0;"Zustand 3: Temperatur 427.136 K liegt außerhalb des Boryta-Prüfbereichs; Kristallisation wurde nicht bewertet.";"Zustand 4: Temperatur 422.793 K liegt außerhalb des Boryta-Prüfbereichs; Kristallisation wurde nicht bewertet.";"Zustand 5: Temperatur 381.604 K liegt außerhalb des Boryta-Prüfbereichs; Kristallisation wurde nicht bewertet.";"Zustand 6: Temperatur 381.573 K liegt außerhalb des Boryta-Prüfbereichs; Kristallisation wurde nicht bewertet.";"Zustand 20: Temperatur 437.159 K liegt außerhalb des Boryta-Prüfbereichs; Kristallisation wurde nicht bewertet.";5
series_evaporator_to_desorber;Serie Verdampfer → Desorber;series_evaporator_to_desorber;nan;120.0;30.0;120.0;8.0;8.0;4.0;120.0;0.9600000000000005;Abwärmetemperatur [°C];hot_temperature_C;120.0;10.0;10.0;25.0;15.0;11.0;nan;nan;2.7076574590854496e-21;`gtol` termination condition is satisfied.;4;1.7536818526450538e-09;7.35888233237283e-11;1;True;;True;0;zulässig;feasible;True;True;True;104.20993549670283;118.7273104397704;149.59285346096874;55.39990787705182;0.13976371071694083;0.24946632402618374;0.21983167376139237;0.2550525153826296;184.55637815751004;191.16708931091483;184.8027339068389;190.85587520534543;76.58105563975326;0.4912874979590719;12.324091488066625;26.038060894587943;0.008028405791980314;0.05682995067492556;18.4556378155898;19.116708931100522;7.392109356281055;12.723725013674716;6.961914149100447;99.65939358679685;0.014894011623341653;2686.055151232356;263.99838012611013;227.3788263655084;0.015458438193067137;1.0224377702965868;0.5846940555936753;0.2260257615182391;2.2636470475845272e-10;-3.516618107823888e-10;4.504272510530427e-10;-7.147227254478139e-11;-1.8746959540294483e-10;-9.038103598868474e-11;2.2467361304734368e-10;1.612050937183085e-09;2.263647047584527e-12;-3.516618107823888e-12;4.504272510530427e-12;-7.147227254478139e-11;-1.874695954029448e-12;-9.038103598868475e-13;2.2467361304734367e-12;1.612050937183085e-11;146.03806089458794;114.29258746395499;108.76618991889404;120.0;114.29258746395499;41.43343835591594;17.89909065274128;19.023603816329796;58.22595523088091;25.399907877051817;5.907482863563871;9.10679633209719;15.790064503297174;58.888681430162535;4.430750355361056;10.311239483852034;4.0;0.9600000000000005;117633.61124131625;16066.57979049322;7.321633650425176;4.430750355361056;deltaT_shex_1_K;shex;True;True;True;True;True;True;True;True;104.20993549670283;2682.162975917845;0.0778962084896534;117633.61124131625;0.0;0.0;135.0;4.0;146.03806089458794;4.0;114.29258746395499;8.0;108.76618991889404;8.0;120.0;8.0;114.29258746395499;8.0;30.0;4.0;41.43343835591594;4.0;104.20993549670283;2682.162975917845;0.010887063149294426;117633.61124131625;0.0;0.0;99.65939358679685;263.99838012610866;1.037896208489654;16066.57979049322;0.5759856155335643;0.21983167376139237;163.93715154732922;366.06822398523474;0.970887063149295;117633.61124131625;0.6157392649142874;0.24946632402618374;104.20993549670283;2682.162975917845;0.06700914534035897;117633.61124131625;0.0;0.0;118.7273104397704;263.99838012610866;1.037896208489654;117633.61124131625;0.5759856155335643;0.21983167376139237;154.0236038163298;337.7832682616901;1.037896208489654;117633.61124131625;0.5759856155335643;0.21983167376139237;149.59285346096874;339.80210958566255;0.9600000000000005;117633.61124131625;0.6227221734446516;0.2550525153826296;108.41607095591837;260.0301766278221;0.9600000000000005;117633.61124131625;0.6227221734446516;0.2550525153826296;108.38510460039112;259.9709787625357;0.9600000000000005;16066.57979049322;0.6227221734446516;0.2550525153826296;99.65939358679685;2686.055151232356;0.0778962084896534;16066.57979049322;0.0;0.0;55.39990787705182;231.92942396660976;0.0778962084896534;16066.57979049322;0.0;0.0;55.40390603379245;232.03248939107195;0.0778962084896534;117633.61124131625;0.0;0.0;"Zustand 3: Temperatur 427.174 K liegt außerhalb des Boryta-Prüfbereichs; Kristallisation wurde nicht bewertet.";"Zustand 4: Temperatur 422.743 K liegt außerhalb des Boryta-Prüfbereichs; Kristallisation wurde nicht bewertet.";"Zustand 5: Temperatur 381.566 K liegt außerhalb des Boryta-Prüfbereichs; Kristallisation wurde nicht bewertet.";"Zustand 6: Temperatur 381.535 K liegt außerhalb des Boryta-Prüfbereichs; Kristallisation wurde nicht bewertet.";"Zustand 20: Temperatur 437.087 K liegt außerhalb des Boryta-Prüfbereichs; Kristallisation wurde nicht bewertet.";5
series_evaporator_to_desorber;Serie Verdampfer → Desorber;series_evaporator_to_desorber;nan;120.0;30.0;120.0;8.0;8.0;4.0;120.0;0.9700000000000005;Abwärmetemperatur [°C];hot_temperature_C;120.0;10.0;10.0;25.0;15.0;11.0;nan;nan;2.5665404019347702e-21;`gtol` termination condition is satisfied.;4;1.651184427665486e-09;7.164552186891753e-11;1;True;;True;0;zulässig;feasible;True;True;True;104.20026311507598;118.72712770306146;149.54172063176554;55.41673950642797;0.14099652999243267;0.24928274836980843;0.21996864480607992;0.25485751621011504;184.4117814156494;191.29376904579524;184.66732585652653;190.97278611854188;77.38066840052177;0.4909267555214896;12.444410431585373;26.029412764093877;0.00802951830088234;0.057408968298472404;18.44117814141392;19.129376904590423;7.38669303426885;12.731519074555548;7.034606218259757;99.71648411444471;0.014842982355558585;2686.1629136910633;264.04333377509874;227.55018847557338;0.015554653511033578;1.0323919881022994;0.5848617003794518;0.22614656660579613;2.2322410586639307e-10;-3.355609123900649e-10;4.303615241951775e-10;-6.972034061192289e-11;-1.9471713130769785e-10;-1.0899725566559937e-10;2.0864376892859582e-10;1.5101591088750865e-09;2.232241058663931e-12;-3.355609123900649e-12;4.3036152419517745e-12;-6.972034061192289e-11;-1.9471713130769787e-12;-1.0899725566559937e-12;2.086437689285958e-12;1.5101591088750866e-11;146.02941276409388;114.28909132420631;108.76674306294655;120.0;114.28909132420631;41.44101489508347;17.836464194947496;19.059407869512142;58.27546921936124;25.416739506427973;5.94066145379611;9.050258948501835;15.799736884924016;58.86835460814194;4.5176872377466;10.347750625627839;4.0;0.9700000000000005;117594.04159363892;16079.504314241485;7.3132877292421785;4.5176872377466;deltaT_shex_1_K;shex;True;True;True;True;True;True;True;True;104.20026311507598;2682.147943931302;0.07794664161333242;117594.04159363892;0.0;0.0;135.0;4.0;146.02941276409388;4.0;114.28909132420631;8.0;108.76674306294655;8.0;120.0;8.0;114.28909132420631;8.0;30.0;4.0;41.44101489508347;4.0;104.20026311507598;2682.147943931302;0.010990205992043625;117594.04159363892;0.0;0.0;99.71648411444471;264.0433337750976;1.047946641613333;16079.504314241485;0.5761806084802776;0.21996864480607992;163.86587695904137;365.86370216426513;0.9809902059920441;117594.04159363892;0.6155071987479668;0.24928274836980843;104.20026311507598;2682.147943931302;0.06695643562128879;117594.04159363892;0.0;0.0;118.72712770306146;264.0433337750976;1.047946641613333;117594.04159363892;0.5761806084802776;0.21996864480607992;154.05940786951214;337.883608964484;1.047946641613333;117594.04159363892;0.5761806084802776;0.21996864480607992;149.54172063176554;339.6199486047662;0.9700000000000005;117594.04159363892;0.6224809624944674;0.25485751621011504;108.37937707743362;259.84606365600484;0.9700000000000005;117594.04159363892;0.6224809624944674;0.25485751621011504;108.3484298704102;259.78687915260434;0.9700000000000005;16079.504314241485;0.6224809624944674;0.25485751621011504;99.71648411444471;2686.1629136910633;0.07794664161333242;16079.504314241485;0.0;0.0;55.41673950642797;231.99984666964494;0.07794664161333242;16079.504314241485;0.0;0.0;55.42073671606437;232.10285968129867;0.07794664161333242;117594.04159363892;0.0;0.0;"Zustand 3: Temperatur 427.209 K liegt außerhalb des Boryta-Prüfbereichs; Kristallisation wurde nicht bewertet.";"Zustand 4: Temperatur 422.692 K liegt außerhalb des Boryta-Prüfbereichs; Kristallisation wurde nicht bewertet.";"Zustand 5: Temperatur 381.529 K liegt außerhalb des Boryta-Prüfbereichs; Kristallisation wurde nicht bewertet.";"Zustand 6: Temperatur 381.498 K liegt außerhalb des Boryta-Prüfbereichs; Kristallisation wurde nicht bewertet.";"Zustand 20: Temperatur 437.016 K liegt außerhalb des Boryta-Prüfbereichs; Kristallisation wurde nicht bewertet.";5
series_evaporator_to_desorber;Serie Verdampfer → Desorber;series_evaporator_to_desorber;nan;120.0;30.0;120.0;8.0;8.0;4.0;120.0;0.9800000000000005;Abwärmetemperatur [°C];hot_temperature_C;120.0;10.0;10.0;25.0;15.0;11.0;nan;nan;2.4378712606345995e-21;`gtol` termination condition is satisfied.;4;1.562280628951725e-09;6.982651732163934e-11;1;True;;True;0;zulässig;feasible;True;True;True;104.19059013525526;118.72806764163062;149.48961091526826;55.43355431495422;0.14224005942113715;0.24910119380093848;0.22010193890515006;0.25466521478344334;184.2642743449594;191.42032218207638;184.52887414716344;191.08970426216146;78.17663964566788;0.49056219510037147;12.564573088915088;26.020590570870752;0.008030626839866266;0.05798749109405896;18.42642743435399;19.142032218219587;7.381154965894616;12.739313617464397;7.106967240545531;99.77259388166107;0.014793816632837227;2686.2687998814486;264.08954447598904;227.7181976845364;0.015651814785018425;1.0423452642295163;0.5850250132321944;0.22626430765259797;2.2303936475509545e-10;-3.3296032597718295e-10;4.0893155528465286e-10;-6.805978003399105e-11;-2.0196466721245088e-10;-1.1948486644541845e-10;1.9551293917174917e-10;1.4194938557920977e-09;2.2303936475509543e-12;-3.3296032597718296e-12;4.0893155528465285e-12;-6.805978003399105e-11;-2.019646672124509e-12;-1.1948486644541844e-12;1.955129391717492e-12;1.4194938557920977e-11;146.02059057087075;114.28559496823681;108.76738700929053;120.0;114.28559496823681;41.44858386256436;17.77465719748801;19.093939158224828;58.324010019096704;25.433554314954222;5.973111502446216;8.994793127629464;15.809409864744737;58.8480443925356;4.604328242956569;10.384656068053062;4.0;0.9800000000000005;117554.48048972855;16092.424788747898;7.304957583019103;4.604328242956569;deltaT_shex_1_K;shex;True;True;True;True;True;True;True;True;104.19059013525526;2682.13291047186;0.07799707901453423;117554.48048972855;0.0;0.0;135.0;4.0;146.02059057087075;4.0;114.28559496823681;8.0;108.76738700929053;8.0;120.0;8.0;114.28559496823681;8.0;30.0;4.0;41.44858386256436;4.0;104.19059013525526;2682.13291047186;0.01109430915370248;117554.48048972855;0.0;0.0;99.77259388166107;264.08954447598757;1.0579970790145348;16092.424788747898;0.5763702604608141;0.22010193890515006;163.79524776835876;365.66122562855656;0.991094309153703;117554.48048972855;0.6152775234751929;0.24910119380093848;104.19059013525526;2682.13291047186;0.06690276986083175;117554.48048972855;0.0;0.0;118.72806764163062;264.08954447598757;1.0579970790145348;117554.48048972855;0.5763702604608141;0.22010193890515006;154.09393915822483;337.98071222711695;1.0579970790145348;117554.48048972855;0.5763702604608141;0.22010193890515006;149.48961091526826;339.43708989688236;0.9800000000000005;117554.48048972855;0.6222429102024363;0.25466521478344334;108.34341157357755;259.6650086260203;0.9800000000000005;117554.48048972855;0.6222429102024363;0.25466521478344334;108.31248346579059;259.60583771674067;0.9800000000000005;16092.424788747898;0.6222429102024363;0.25466521478344334;99.77259388166107;2686.2687998814486;0.07799707901453423;16092.424788747898;0.0;0.0;55.43355431495422;232.07019910555942;0.07799707901453423;16092.424788747898;0.0;0.0;55.43755057570121;232.17315971564034;0.07799707901453423;117554.48048972855;0.0;0.0;"Zustand 3: Temperatur 427.244 K liegt außerhalb des Boryta-Prüfbereichs; Kristallisation wurde nicht bewertet.";"Zustand 4: Temperatur 422.640 K liegt außerhalb des Boryta-Prüfbereichs; Kristallisation wurde nicht bewertet.";"Zustand 5: Temperatur 381.493 K liegt außerhalb des Boryta-Prüfbereichs; Kristallisation wurde nicht bewertet.";"Zustand 6: Temperatur 381.462 K liegt außerhalb des Boryta-Prüfbereichs; Kristallisation wurde nicht bewertet.";"Zustand 20: Temperatur 436.945 K liegt außerhalb des Boryta-Prüfbereichs; Kristallisation wurde nicht bewertet.";5
series_evaporator_to_desorber;Serie Verdampfer → Desorber;series_evaporator_to_desorber;nan;120.0;30.0;120.0;8.0;8.0;4.0;120.0;0.9900000000000005;Abwärmetemperatur [°C];hot_temperature_C;120.0;10.0;10.0;25.0;15.0;11.0;nan;nan;2.3169191979575527e-21;`gtol` termination condition is satisfied.;4;1.4938778571560528e-09;6.807230270759984e-11;1;True;;True;0;zulässig;feasible;True;True;True;104.1809135741612;118.73009415764528;149.43656494725644;55.450357725341576;0.14349414764414273;0.2489216069273809;0.22023165300078343;0.2544755316870825;184.11393110646048;191.54678953266176;184.3874577051704;191.20666569295219;78.96897388985897;0.49019385458090153;12.684577210526946;26.011598750386383;0.008031731740705155;0.05856550948552515;18.411393110510716;19.154678953277706;7.375498308213618;12.747111046183766;7.1789976263793465;99.82775401381838;0.014746453411160322;2686.3728688672063;264.1369556015203;227.88294852945234;0.01574991323461683;1.0522976230426195;0.5851841082545629;0.2263790624992726;2.2650681330560474e-10;-3.1383251553052105e-10;4.0677150536794215e-10;-6.641620586833596e-11;-1.7004708752210718e-10;-1.1530687515914906e-10;1.956834694283316e-10;1.3533281162381172e-09;2.265068133056047e-12;-3.1383251553052105e-12;4.067715053679422e-12;-6.641620586833596e-11;-1.7004708752210717e-12;-1.1530687515914906e-12;1.9568346942833158e-12;1.3533281162381173e-11;146.01159875038638;114.28209731779447;108.76811831943411;120.0;114.28209731779447;41.45614769932189;17.713644734241598;19.127228315203013;58.37160631449649;25.450357725341576;6.00484730821853;8.94036430561573;15.819086425838805;58.82774428267527;4.69066336794657;10.421935096591767;4.0;0.9900000000000005;117514.91573400432;16105.345363439117;7.296640530340687;4.69066336794657;deltaT_shex_1_K;shex;True;True;True;True;True;True;True;True;104.1809135741612;2682.117870903027;0.07804753627723582;117514.91573400432;0.0;0.0;135.0;4.0;146.01159875038638;4.0;114.28209731779447;8.0;108.76811831943411;8.0;120.0;8.0;114.28209731779447;8.0;30.0;4.0;41.45614769932189;4.0;104.1809135741612;2682.117870903027;0.011199364693827263;117514.91573400432;0.0;0.0;99.82775401381838;264.1369556015201;1.0680475362772364;16105.345363439117;0.5765547180652356;0.22023165300078343;163.72524348462798;365.4607333243045;1.0011993646938278;117514.91573400432;0.6150501767580716;0.2489216069273809;104.1809135741612;2682.117870903027;0.06684817158340856;117514.91573400432;0.0;0.0;118.73009415764528;264.1369556015201;1.0680475362772364;117514.91573400432;0.5765547180652356;0.22023165300078343;154.127228315203;338.0746514508187;1.0680475362772364;117514.91573400432;0.5765547180652356;0.22023165300078343;149.43656494725644;339.2535735728951;0.9900000000000005;117514.91573400432;0.6220079254127183;0.2544755316870825;108.30815906105352;259.4869332803371;0.9900000000000005;117514.91573400432;0.6220079254127183;0.2544755316870825;108.27725000957594;259.4277762000487;0.9900000000000005;16105.345363439117;0.6220079254127183;0.2544755316870825;99.82775401381838;2686.3728688672063;0.07804753627723582;16105.345363439117;0.0;0.0;55.450357725341576;232.14050396255845;0.07804753627723582;16105.345363439117;0.0;0.0;55.4543530351192;232.243412165992;0.07804753627723582;117514.91573400432;0.0;0.0;"Zustand 3: Temperatur 427.277 K liegt außerhalb des Boryta-Prüfbereichs; Kristallisation wurde nicht bewertet.";"Zustand 4: Temperatur 422.587 K liegt außerhalb des Boryta-Prüfbereichs; Kristallisation wurde nicht bewertet.";"Zustand 5: Temperatur 381.458 K liegt außerhalb des Boryta-Prüfbereichs; Kristallisation wurde nicht bewertet.";"Zustand 6: Temperatur 381.427 K liegt außerhalb des Boryta-Prüfbereichs; Kristallisation wurde nicht bewertet.";"Zustand 20: Temperatur 436.875 K liegt außerhalb des Boryta-Prüfbereichs; Kristallisation wurde nicht bewertet.";5
series_evaporator_to_desorber;Serie Verdampfer → Desorber;series_evaporator_to_desorber;nan;120.0;30.0;120.0;8.0;8.0;4.0;120.0;1.0;Abwärmetemperatur [°C];hot_temperature_C;120.0;10.0;10.0;25.0;15.0;11.0;nan;nan;1.3439467080955785e-16;`gtol` termination condition is satisfied.;8;9.688758092142044e-08;1.6394796174979295e-08;1;True;;True;0;zulässig;feasible;True;True;True;104.17123093045046;118.73317278979312;149.38262285921718;55.467154359294625;0.14475858783902165;0.24874392829906072;0.22035788351129568;0.25428839322431745;183.96081924810068;191.6732059030308;184.24314862422932;191.32370063747175;79.75767743617232;0.4898217710368622;12.804420867976143;26.002441342589748;0.008032833272674216;0.05914301478627628;18.396081917219483;19.167320587412735;7.369725944691352;12.75491337643971;7.250697947734017;99.88199474048633;0.014700833910267374;2686.475178074208;264.185514697792;228.04453412112602;0.015848940026260028;1.0622490864530945;0.5853390994799619;0.22649090920086604;-4.1371407633050694e-08;1.1098123309238872e-08;-2.357899120397633e-08;1.6366960897684635e-08;6.945526820345549e-09;2.8903457405249355e-08;-9.123908739638864e-09;7.590585937577998e-08;-4.1371407633050695e-10;1.1098123309238872e-10;-2.357899120397633e-10;1.6366960897684635e-08;6.945526820345548e-11;2.8903457405249355e-10;-9.123908739638864e-11;7.590585937577998e-10;146.00244134258975;114.27859746897514;108.76893393356158;120.0;114.27859746897514;41.46370848702338;17.65340084050888;19.15930629974332;58.41828625346295;25.467154359294625;6.0358826933233445;8.88693919307525;15.828769069549537;58.80744875318936;4.776683440526142;10.459567981494843;4.0;1.0;117475.33711330741;16118.269582624025;7.288334303574953;4.776683440526142;deltaT_shex_1_K;shex;True;True;True;True;True;True;True;True;104.17123093045046;2682.1028213364016;0.07809802647935449;117475.33711330741;0.0;0.0;135.0;4.0;146.00244134258975;4.0;114.27859746897514;8.0;108.76893393356158;8.0;120.0;8.0;114.27859746897514;8.0;30.0;4.0;41.46370848702338;4.0;104.17123093045046;2682.1028213364016;0.011305360026165875;117475.33711330741;0.0;0.0;99.88199474048633;264.1855146977924;1.0780980264793545;16118.269582624025;0.5767341265973215;0.22035788351129568;163.65584218309863;365.26215937364225;1.011305360026166;117475.33711330741;0.6148250883440568;0.24874392829906072;104.17123093045046;2682.1028213364016;0.06679266645318861;117475.33711330741;0.0;0.0;118.73317278979312;264.1855146977924;1.0780980264793545;117475.33711330741;0.5767341265973215;0.22035788351129568;154.15930629974332;338.16550118995735;1.0780980264793545;117475.33711330741;0.5767341265973215;0.22035788351129568;149.38262285921718;339.06944154331376;1.0;117475.33711330741;0.6217759236878665;0.25428839322431745;108.27360480829827;259.31176406577003;1.0;117475.33711330741;0.6217759236878665;0.25428839322431745;108.24271477565179;259.25262105098375;1.0;16118.269582624025;0.6217759236878665;0.25428839322431745;99.88199474048633;2686.475178074208;0.07809802647935449;16118.269582624025;0.0;0.0;55.467154359294625;232.21078057755207;0.07809802647935449;16118.269582624025;0.0;0.0;55.47114871578577;232.31363635553768;0.07809802647935449;117475.33711330741;0.0;0.0;"Zustand 3: Temperatur 427.309 K liegt außerhalb des Boryta-Prüfbereichs; Kristallisation wurde nicht bewertet.";"Zustand 4: Temperatur 422.533 K liegt außerhalb des Boryta-Prüfbereichs; Kristallisation wurde nicht bewertet.";"Zustand 5: Temperatur 381.424 K liegt außerhalb des Boryta-Prüfbereichs; Kristallisation wurde nicht bewertet.";"Zustand 6: Temperatur 381.393 K liegt außerhalb des Boryta-Prüfbereichs; Kristallisation wurde nicht bewertet.";"Zustand 20: Temperatur 436.806 K liegt außerhalb des Boryta-Prüfbereichs; Kristallisation wurde nicht bewertet.";5
series_evaporator_to_desorber;Serie Verdampfer → Desorber;series_evaporator_to_desorber;nan;120.0;30.0;120.0;8.0;8.0;4.0;120.0;1.0000000000000004;Abwärmetemperatur [°C];hot_temperature_C;120.0;10.0;10.0;25.0;15.0;11.0;nan;nan;1.3439466859252818e-16;`gtol` termination condition is satisfied.;1;9.68875396247257e-08;1.639479603975165e-08;1;True;;True;0;zulässig;feasible;True;True;True;104.17123093045046;118.73317278979312;149.38262285921718;55.467154359294625;0.14475858783902165;0.24874392829906072;0.22035788351129568;0.25428839322431745;183.96081924810062;191.6732059030308;184.24314862422932;191.32370063747175;79.75767743617234;0.48982177103686203;12.804420867976148;26.002441342589748;0.008032833272674216;0.0591430147862763;18.396081917219483;19.167320587412735;7.369725944691352;12.75491337643971;7.250697947734017;99.88199474048633;0.014700833910267368;2686.475178074208;264.185514697792;228.04453412112602;0.015848940026260028;1.062249086453095;0.5853390994799619;0.22649090920086604;-4.1371407633050694e-08;1.1098151730948302e-08;-2.357899120397633e-08;1.6366960786662332e-08;6.945526820345549e-09;2.8903457405249355e-08;-9.123908739638864e-09;7.590580253236112e-08;-4.1371407633050695e-10;1.1098151730948303e-10;-2.357899120397633e-10;1.6366960786662326e-08;6.945526820345548e-11;2.8903457405249355e-10;-9.123908739638864e-11;7.590580253236112e-10;146.00244134258975;114.27859746897514;108.76893393356158;120.0;114.27859746897514;41.46370848702338;17.65340084050888;19.15930629974332;58.41828625346295;25.467154359294625;6.0358826933233445;8.88693919307525;15.828769069549537;58.80744875318936;4.776683440526142;10.459567981494843;4.0;1.0000000000000004;117475.33711330741;16118.269582624025;7.288334303574953;4.776683440526142;deltaT_shex_1_K;shex;True;True;True;True;True;True;True;True;104.17123093045046;2682.1028213364016;0.07809802647935449;117475.33711330741;0.0;0.0;135.0;4.0;146.00244134258975;4.0;114.27859746897514;8.0;108.76893393356158;8.0;120.0;8.0;114.27859746897514;8.0;30.0;4.0;41.46370848702338;4.0;104.17123093045046;2682.1028213364016;0.011305360026165875;117475.33711330741;0.0;0.0;99.88199474048633;264.1855146977924;1.078098026479355;16118.269582624025;0.5767341265973215;0.22035788351129568;163.65584218309863;365.26215937364225;1.0113053600261663;117475.33711330741;0.6148250883440568;0.24874392829906072;104.17123093045046;2682.1028213364016;0.06679266645318861;117475.33711330741;0.0;0.0;118.73317278979312;264.1855146977924;1.078098026479355;117475.33711330741;0.5767341265973215;0.22035788351129568;154.15930629974332;338.16550118995735;1.078098026479355;117475.33711330741;0.5767341265973215;0.22035788351129568;149.38262285921718;339.06944154331376;1.0000000000000004;117475.33711330741;0.6217759236878665;0.25428839322431745;108.27360480829827;259.31176406577003;1.0000000000000004;117475.33711330741;0.6217759236878665;0.25428839322431745;108.24271477565179;259.25262105098375;1.0000000000000004;16118.269582624025;0.6217759236878665;0.25428839322431745;99.88199474048633;2686.475178074208;0.07809802647935449;16118.269582624025;0.0;0.0;55.467154359294625;232.21078057755207;0.07809802647935449;16118.269582624025;0.0;0.0;55.47114871578577;232.31363635553768;0.07809802647935449;117475.33711330741;0.0;0.0;"Zustand 3: Temperatur 427.309 K liegt außerhalb des Boryta-Prüfbereichs; Kristallisation wurde nicht bewertet.";"Zustand 4: Temperatur 422.533 K liegt außerhalb des Boryta-Prüfbereichs; Kristallisation wurde nicht bewertet.";"Zustand 5: Temperatur 381.424 K liegt außerhalb des Boryta-Prüfbereichs; Kristallisation wurde nicht bewertet.";"Zustand 6: Temperatur 381.393 K liegt außerhalb des Boryta-Prüfbereichs; Kristallisation wurde nicht bewertet.";"Zustand 20: Temperatur 436.806 K liegt außerhalb des Boryta-Prüfbereichs; Kristallisation wurde nicht bewertet.";5
series_evaporator_to_desorber;Serie Verdampfer → Desorber;series_evaporator_to_desorber;nan;120.0;30.0;120.0;8.0;8.0;4.0;120.0;1.0100000000000007;Abwärmetemperatur [°C];hot_temperature_C;120.0;10.0;10.0;25.0;15.0;11.0;nan;nan;3.433716237673651e-25;`gtol` termination condition is satisfied.;4;8.26402345048717e-11;8.286997330364782e-13;1;True;;True;0;zulässig;feasible;True;True;True;104.16153866482563;118.73726844582359;149.32781810116353;55.48395048870805;0.14603340145868546;0.24856813145919596;0.2204807120083916;0.2541037170732719;183.80501795228167;191.799618433788;184.09603056092516;191.44085189752795;80.54275102848142;0.4894459813081519;12.924101163450658;25.99312308327046;0.008033931825056243;0.05971999578848393;18.38050179522185;19.17996184337641;7.363841222436462;12.76272345983402;7.322068275312969;99.935343641629;0.01465690192539435;2686.575779696434;264.2351639315905;228.20303572717035;0.01594888684300977;1.0721996812644798;0.5854900804446621;0.2265999112658802;-2.9984903449076228e-12;3.8767211663071066e-11;1.6086687537608668e-11;6.228351168147128e-14;1.361399881716352e-11;2.3874235921539366e-11;1.764988155628089e-11;6.318146006378811e-11;-2.9984903449076226e-14;3.876721166307107e-13;1.6086687537608669e-13;6.166684324898143e-14;1.361399881716352e-13;2.3874235921539367e-13;1.7649881556280889e-13;6.318146006378811e-13;145.99312308327046;114.27509414182032;108.7698300700223;120.0;114.27509414182032;41.471269045083034;17.593908405677098;19.190197740293;58.46407459654597;25.483950488708047;6.066231730343418;8.83448642839329;15.838461335174372;58.78715025254536;4.862379639129472;10.497534990326244;4.0;1.0100000000000007;117435.73018490232;16131.2022714018;7.280035809426198;4.862379639129472;deltaT_shex_1_K;shex;True;True;True;True;True;True;True;True;104.16153866482563;2682.0877562696637;0.07814856810748894;117435.73018490232;0.0;0.0;135.0;4.0;145.99312308327046;4.0;114.27509414182032;8.0;108.7698300700223;8.0;120.0;8.0;114.27509414182032;8.0;30.0;4.0;41.471269045083034;4.0;104.16153866482563;2682.0877562696637;0.011412301219862355;117435.73018490232;0.0;0.0;99.935343641629;264.2351639315895;1.0881485681074896;16131.2022714018;0.5769086097572934;0.2204807120083916;163.58703148894756;365.0654681687074;1.021412301219863;117435.73018490232;0.614602229566345;0.24856813145919596;104.16153866482563;2682.0877562696637;0.06673626688762659;117435.73018490232;0.0;0.0;118.73726844582359;264.2351639315895;1.0881485681074896;117435.73018490232;0.5769086097572934;0.2204807120083916;154.190197740293;338.25332044909663;1.0881485681074896;117435.73018490232;0.5769086097572934;0.2204807120083916;149.32781810116353;338.8847193717503;1.0100000000000007;117435.73018490232;0.6215468095408722;0.2541037170732719;108.23973345549734;259.139421323746;1.0100000000000007;117435.73018490232;0.6215468095408722;0.2541037170732719;108.2088624114769;259.0802926150445;1.0100000000000007;16131.2022714018;0.6215468095408722;0.2541037170732719;99.935343641629;2686.575779696434;0.07814856810748894;16131.2022714018;0.0;0.0;55.48395048870805;232.281055191969;0.07814856810748894;16131.2022714018;0.0;0.0;55.48794388927496;232.38385850647126;0.07814856810748894;117435.73018490232;0.0;0.0;"Zustand 3: Temperatur 427.340 K liegt außerhalb des Boryta-Prüfbereichs; Kristallisation wurde nicht bewertet.";"Zustand 4: Temperatur 422.478 K liegt außerhalb des Boryta-Prüfbereichs; Kristallisation wurde nicht bewertet.";"Zustand 5: Temperatur 381.390 K liegt außerhalb des Boryta-Prüfbereichs; Kristallisation wurde nicht bewertet.";"Zustand 6: Temperatur 381.359 K liegt außerhalb des Boryta-Prüfbereichs; Kristallisation wurde nicht bewertet.";"Zustand 20: Temperatur 436.737 K liegt außerhalb des Boryta-Prüfbereichs; Kristallisation wurde nicht bewertet.";5
series_evaporator_to_desorber;Serie Verdampfer → Desorber;series_evaporator_to_desorber;nan;120.0;30.0;120.0;8.0;8.0;4.0;120.0;1.0200000000000005;Abwärmetemperatur [°C];hot_temperature_C;120.0;10.0;10.0;25.0;15.0;11.0;nan;nan;7.013041130349013e-25;`gtol` termination condition is satisfied.;4;1.1813486703320493e-10;1.1843176204337257e-12;1;True;;True;0;zulässig;feasible;True;True;True;104.15183520598436;118.74234980523539;149.27219004473756;55.50074919057266;0.14731827121885324;0.24839414469681542;0.22060023427908879;0.2539214405875709;183.64658203059048;191.9260503466676;183.94616246042494;191.55813844372295;81.32420446426003;0.4890665209117499;13.043616803282548;25.983647250633396;0.008035027547244217;0.060296445559959284;18.364658203049654;19.192605034663288;7.357846498416177;12.77054256291305;7.393109496746511;99.98782933288953;0.014614602888846166;2686.674728218642;264.28585887670806;228.3585440701543;0.016049744753654505;1.0821494246472216;0.5856371655796411;0.2267061475177226;-3.0269120543380268e-12;4.8416382014693227e-11;2.029310053330846e-11;8.548717289613705e-14;2.0520474208751693e-11;3.47313289239537e-11;2.7199575924896635e-11;9.393374966748524e-11;-3.0269120543380266e-14;4.841638201469323e-13;2.029310053330846e-13;8.381095381974217e-14;2.0520474208751693e-13;3.47313289239537e-13;2.7199575924896636e-13;9.393374966748524e-13;145.9836472506334;114.27158676902741;108.77080439879938;120.0;114.27158676902741;41.47883076236053;17.535139274449023;19.219934362041215;58.508998570529;25.500749190572662;6.095907310033681;8.782975065909852;15.848164794015645;58.76684513661968;4.947744317303659;10.535818264371756;4.0;1.0200000000000005;117396.08856092097;16144.145805562006;7.271743576577181;4.947744317303659;deltaT_shex_1_K;shex;True;True;True;True;True;True;True;True;104.15183520598436;2682.0726732587927;0.07819916940087568;117396.08856092097;0.0;0.0;135.0;4.0;145.9836472506334;4.0;114.27158676902741;8.0;108.77080439879938;8.0;120.0;8.0;114.27158676902741;8.0;30.0;4.0;41.47883076236053;4.0;104.15183520598436;2682.0726732587927;0.011520166446887253;117396.08856092097;0.0;0.0;99.98782933288953;264.28585887670647;1.0981991694008761;16144.145805562006;0.5770783109677452;0.22060023427908879;163.51878652508242;364.8705839567033;1.0315201664468878;117396.08856092097;0.6143815141946466;0.24839414469681542;104.15183520598436;2682.0726732587927;0.06667900295398843;117396.08856092097;0.0;0.0;118.74234980523539;264.28585887670647;1.0981991694008761;117396.08856092097;0.5770783109677452;0.22060023427908879;154.21993436204122;338.33818629617315;1.0981991694008761;117396.08856092097;0.5770783109677452;0.22060023427908879;149.27219004473756;338.69945281963015;1.0200000000000005;117396.08856092097;0.6213205115529785;0.2539214405875709;108.20653154086364;258.96984059976444;1.0200000000000005;117396.08856092097;0.6213205115529785;0.2539214405875709;108.17567945899373;258.91072643745076;1.0200000000000005;16144.145805562006;0.6213205115529785;0.2539214405875709;99.98782933288953;2686.674728218642;0.07819916940087568;16144.145805562006;0.0;0.0;55.50074919057266;232.3513406799706;0.07819916940087568;16144.145805562006;0.0;0.0;55.50474163240773;232.45409148421578;0.07819916940087568;117396.08856092097;0.0;0.0;"Zustand 3: Temperatur 427.370 K liegt außerhalb des Boryta-Prüfbereichs; Kristallisation wurde nicht bewertet.";"Zustand 4: Temperatur 422.422 K liegt außerhalb des Boryta-Prüfbereichs; Kristallisation wurde nicht bewertet.";"Zustand 5: Temperatur 381.357 K liegt außerhalb des Boryta-Prüfbereichs; Kristallisation wurde nicht bewertet.";"Zustand 6: Temperatur 381.326 K liegt außerhalb des Boryta-Prüfbereichs; Kristallisation wurde nicht bewertet.";"Zustand 20: Temperatur 436.669 K liegt außerhalb des Boryta-Prüfbereichs; Kristallisation wurde nicht bewertet.";5
series_evaporator_to_desorber;Serie Verdampfer → Desorber;series_evaporator_to_desorber;nan;120.0;30.0;120.0;8.0;8.0;4.0;120.0;1.0300000000000007;Abwärmetemperatur [°C];hot_temperature_C;120.0;10.0;10.0;25.0;15.0;11.0;nan;nan;1.2187183211184746e-24;`gtol` termination condition is satisfied.;4;1.55800107249139e-10;1.561229208744491e-12;1;True;;True;0;zulässig;feasible;True;True;True;104.14211792794902;118.74838483785317;149.2157715519072;55.5175552210992;0.14861310766490182;0.24822192910376975;0.22071653156294097;0.25374149228967996;183.48557818631286;192.0525374171836;183.79361510442976;191.67559202370836;82.10204195109516;0.4886834251728502;13.162965523146665;25.974017834109645;0.008036120711296002;0.060872354640492336;18.348557818618136;19.205253741714284;7.351744604176361;12.778372801578401;7.463821995549242;100.03947789569293;0.014573884609928919;2686.7720731117447;264.33754955157946;228.5111383472254;0.016151505346796657;1.092098338747134;0.5857804492074727;0.22680968248470432;-6.565414878423326e-12;5.348965714802034e-11;3.063860276597552e-11;1.0336176359260207e-13;2.071942617476452e-11;4.0756731323199347e-11;3.234390533179976e-11;1.3150724953447934e-10;-6.565414878423326e-14;5.348965714802034e-13;3.063860276597552e-13;1.0035122678893399e-13;2.0719426174764522e-13;4.0756731323199346e-13;3.2343905331799763e-13;1.3150724953447935e-12;145.97401783410965;114.2680744012049;108.77185385382364;120.0;114.2680744012049;41.4863957785397;17.477074049928206;19.248541647878483;58.553082117153224;25.5175552210992;6.124922586100354;8.732375958130717;15.857882072050984;58.74652770007316;5.032770095971273;10.574399882139687;4.0;1.0300000000000007;117356.40155380673;16157.103862579466;7.263455291985163;5.032770095971273;deltaT_shex_1_K;shex;True;True;True;True;True;True;True;True;104.14211792794902;2682.0575682199383;0.07824984409392988;117356.40155380673;0.0;0.0;135.0;4.0;145.97401783410965;4.0;114.2680744012049;8.0;108.77185385382364;8.0;120.0;8.0;114.2680744012049;8.0;30.0;4.0;41.4863957785397;4.0;104.14211792794902;2682.0575682199383;0.011628952505092983;117356.40155380673;0.0;0.0;100.03947789569293;264.33754955157923;1.1082498440939306;16157.103862579466;0.5772433525339706;0.22071653156294097;163.45109188403785;364.6774610240388;1.0416289525050937;117356.40155380673;0.614162897365124;0.24822192910376975;104.14211792794902;2682.0575682199383;0.0666208915888369;117356.40155380673;0.0;0.0;118.74838483785317;264.33754955157923;1.1082498440939306;117356.40155380673;0.5772433525339706;0.22071653156294097;154.24854164787848;338.420160425501;1.1082498440939306;117356.40155380673;0.5772433525339706;0.22071653156294097;149.2157715519072;338.51367150675947;1.0300000000000007;117356.40155380673;0.6210969470388644;0.25374149228967996;108.17398495571348;258.80295116588405;1.0300000000000007;117356.40155380673;0.6210969470388644;0.25374149228967996;108.14315181510455;258.74385179244666;1.0300000000000007;16157.103862579466;0.6210969470388644;0.25374149228967996;100.03947789569293;2686.7720731117447;0.07824984409392988;16157.103862579466;0.0;0.0;55.5175552210992;232.42165694162728;0.07824984409392988;16157.103862579466;0.0;0.0;55.52154670113174;232.52435517450363;0.07824984409392988;117356.40155380673;0.0;0.0;"Zustand 3: Temperatur 427.399 K liegt außerhalb des Boryta-Prüfbereichs; Kristallisation wurde nicht bewertet.";"Zustand 4: Temperatur 422.366 K liegt außerhalb des Boryta-Prüfbereichs; Kristallisation wurde nicht bewertet.";"Zustand 5: Temperatur 381.324 K liegt außerhalb des Boryta-Prüfbereichs; Kristallisation wurde nicht bewertet.";"Zustand 6: Temperatur 381.293 K liegt außerhalb des Boryta-Prüfbereichs; Kristallisation wurde nicht bewertet.";"Zustand 20: Temperatur 436.601 K liegt außerhalb des Boryta-Prüfbereichs; Kristallisation wurde nicht bewertet.";5
series_evaporator_to_desorber;Serie Verdampfer → Desorber;series_evaporator_to_desorber;nan;120.0;30.0;120.0;8.0;8.0;4.0;120.0;1.0400000000000005;Abwärmetemperatur [°C];hot_temperature_C;120.0;10.0;10.0;25.0;15.0;11.0;nan;nan;1.8967734222704087e-24;`gtol` termination condition is satisfied.;4;1.9443196048517277e-10;1.9477029661991117e-12;1;True;;True;0;zulässig;feasible;True;True;True;104.13238464689766;118.7553429835242;149.15859529902104;55.53437260353695;0.14991776611586086;0.24805143948543126;0.22082968511628417;0.25356380595072464;183.32206709801585;192.17910992548553;183.6384530639939;191.7932390335368;82.87626939377775;0.48829672869064006;13.282145372006482;25.964238462799983;0.008037211532851416;0.06144771443221526;18.33220670978502;19.217910992543498;7.345538122558509;12.786215935566233;7.53420630851981;100.0903147395291;0.014534696765820126;2686.8678626307396;264.39018975728754;228.66089692310024;0.01625416016665393;1.1020464434535953;0.5859200262768766;0.22691058135306172;-5.6843418860808015e-12;5.984190920571564e-11;3.672084858408198e-11;1.1934897514720433e-13;3.1178615245153196e-11;5.056222107668873e-11;4.331468517193571e-11;1.6564172256039456e-10;-5.684341886080802e-14;5.984190920571564e-13;3.6720848584081977e-13;1.1475862994923488e-13;3.11786152451532e-13;5.056222107668873e-13;4.331468517193571e-13;1.6564172256039456e-12;145.96423846279998;114.26455624899711;108.77297571478675;120.0;114.26455624899711;41.49396590463431;17.419692143457496;19.276045557550788;58.5963488348948;25.53437260353695;6.153290263776626;8.682660975257647;15.867615353102337;58.7261931304667;5.117450258529743;10.613262782835648;4.0;1.0400000000000005;117316.66029310173;16170.079564276426;7.255169019222533;5.117450258529743;deltaT_shex_1_K;shex;True;True;True;True;True;True;True;True;104.13238464689766;2682.0424377560053;0.07830060362024871;117316.66029310173;0.0;0.0;135.0;4.0;145.96423846279998;4.0;114.26455624899711;8.0;108.77297571478675;8.0;120.0;8.0;114.26455624899711;8.0;30.0;4.0;41.49396590463431;4.0;104.13238464689766;2682.0424377560053;0.011738651580271174;117316.66029310173;0.0;0.0;100.0903147395291;264.39018975728686;1.1183006036202492;16170.079564276426;0.5774038563659207;0.22082968511628417;163.38393060625748;364.486048507884;1.0517386515802716;117316.66029310173;0.613946326053861;0.24805143948543126;104.13238464689766;2682.0424377560053;0.06656195203997753;117316.66029310173;0.0;0.0;118.7553429835242;264.39018975728686;1.1183006036202492;117316.66029310173;0.5774038563659207;0.22082968511628417;154.2760455575508;338.49930596940754;1.1183006036202492;117316.66029310173;0.5774038563659207;0.22082968511628417;149.15859529902104;338.3274071896356;1.0400000000000005;117316.66029310173;0.6208760395256429;0.25356380595072464;108.14208020068855;258.63868661869003;1.0400000000000005;117316.66029310173;0.6208760395256429;0.25356380595072464;108.11126598522048;258.5796022778898;1.0400000000000005;16170.079564276426;0.6208760395256429;0.25356380595072464;100.0903147395291;2686.8678626307396;0.07830060362024871;16170.079564276426;0.0;0.0;55.53437260353695;232.49202081044018;0.07830060362024871;16170.079564276426;0.0;0.0;55.53836311853041;232.59466639886796;0.07830060362024871;117316.66029310173;0.0;0.0;"Zustand 3: Temperatur 427.426 K liegt außerhalb des Boryta-Prüfbereichs; Kristallisation wurde nicht bewertet.";"Zustand 4: Temperatur 422.309 K liegt außerhalb des Boryta-Prüfbereichs; Kristallisation wurde nicht bewertet.";"Zustand 5: Temperatur 381.292 K liegt außerhalb des Boryta-Prüfbereichs; Kristallisation wurde nicht bewertet.";"Zustand 6: Temperatur 381.261 K liegt außerhalb des Boryta-Prüfbereichs; Kristallisation wurde nicht bewertet.";"Zustand 20: Temperatur 436.534 K liegt außerhalb des Boryta-Prüfbereichs; Kristallisation wurde nicht bewertet.";5
series_evaporator_to_desorber;Serie Verdampfer → Desorber;series_evaporator_to_desorber;nan;120.0;30.0;120.0;8.0;8.0;4.0;120.0;1.0500000000000007;Abwärmetemperatur [°C];hot_temperature_C;120.0;10.0;10.0;25.0;15.0;11.0;nan;nan;2.9312898897235668e-24;`gtol` termination condition is satisfied.;4;2.41704692227873e-10;2.4212764772836526e-12;1;True;;True;0;zulässig;feasible;True;True;True;104.12263331221891;118.76319467120601;149.1006925981975;55.55120512716002;0.15123210322529465;0.2478826321025669;0.22093977344858884;0.253388317654872;183.15610714899242;192.30579639075185;183.48073846389292;191.91110425911904;83.6468929174071;0.4879064654693008;13.401154453715543;25.95431262852827;0.008038300208422467;0.06202251651546902;18.315610714878403;19.230579639068743;7.339229538554159;12.794073617271147;7.604262992485986;100.14036428878063;0.014496990898337326;2686.9621431670025;264.4437351093071;228.80789535202413;0.016357700827210442;1.1119937578942352;0.5860559884068677;0.22700890709937738;-8.384404281969182e-12;6.124878382252064e-11;5.3091753215994686e-11;1.5021317523178368e-13;3.893774191965349e-11;6.443201527872588e-11;5.184119800105691e-11;2.0838797354372218e-10;-8.384404281969183e-14;6.124878382252064e-13;5.309175321599469e-13;1.4306016688741294e-13;3.893774191965349e-13;6.443201527872589e-13;5.184119800105691e-13;2.0838797354372216e-12;145.95431262852827;114.2610315711986;108.77416738268505;120.0;114.2610315711986;41.50154284633686;17.362973720678326;19.30247122665321;58.63882144244377;25.551205127160017;6.181022750290708;8.633803093904419;15.877366687781091;58.70583689755654;5.201778628455713;10.65239054835672;4.0;1.0500000000000007;117276.85646205644;16183.075860305906;7.246882945764031;5.201778628455713;deltaT_shex_1_K;shex;True;True;True;True;True;True;True;True;104.12263331221891;2682.0272786764895;0.07835145872144489;117276.85646205644;0.0;0.0;135.0;4.0;145.95431262852827;4.0;114.2610315711986;8.0;108.77416738268505;8.0;120.0;8.0;114.2610315711986;8.0;30.0;4.0;41.50154284633686;4.0;104.12263331221891;2682.0272786764895;0.011849255893213966;117276.85646205644;0.0;0.0;100.14036428878063;264.4437351093065;1.1283514587214456;16183.075860305906;0.5775599400770173;0.22093977344858884;163.3172863492066;364.296297334496;1.0618492558932147;117276.85646205644;0.6137317488974731;0.2478826321025669;104.12263331221891;2682.0272786764895;0.06650220282823092;117276.85646205644;0.0;0.0;118.76319467120601;264.4437351093065;1.1283514587214456;117276.85646205644;0.5775599400770173;0.22093977344858884;154.3024712266532;338.57568422043613;1.1283514587214456;117276.85646205644;0.5775599400770173;0.22093977344858884;149.1006925981975;338.14069020164067;1.0500000000000007;117276.85646205644;0.6206577151285455;0.253388317654872;108.11080412284929;258.476982661245;1.0500000000000007;117276.85646205644;0.6206577151285455;0.253388317654872;108.08000882090789;258.4179135978969;1.0500000000000007;16183.075860305906;0.6206577151285455;0.253388317654872;100.14036428878063;2686.9621431670025;0.07835145872144489;16183.075860305906;0.0;0.0;55.55120512716002;232.56244814106287;0.07835145872144489;16183.075860305906;0.0;0.0;55.55519467364206;232.6650410007185;0.07835145872144489;117276.85646205644;0.0;0.0;"Zustand 3: Temperatur 427.452 K liegt außerhalb des Boryta-Prüfbereichs; Kristallisation wurde nicht bewertet.";"Zustand 4: Temperatur 422.251 K liegt außerhalb des Boryta-Prüfbereichs; Kristallisation wurde nicht bewertet.";"Zustand 5: Temperatur 381.261 K liegt außerhalb des Boryta-Prüfbereichs; Kristallisation wurde nicht bewertet.";"Zustand 6: Temperatur 381.230 K liegt außerhalb des Boryta-Prüfbereichs; Kristallisation wurde nicht bewertet.";"Zustand 20: Temperatur 436.467 K liegt außerhalb des Boryta-Prüfbereichs; Kristallisation wurde nicht bewertet.";5
series_evaporator_to_desorber;Serie Verdampfer → Desorber;series_evaporator_to_desorber;nan;120.0;30.0;120.0;8.0;8.0;4.0;120.0;1.0600000000000005;Abwärmetemperatur [°C];hot_temperature_C;120.0;10.0;10.0;25.0;15.0;11.0;nan;nan;3.710765332631587e-24;`gtol` termination condition is satisfied.;4;2.7195133683973124e-10;2.7242486423348318e-12;1;True;;True;0;zulässig;feasible;True;True;True;104.11286199892936;118.77191128279333;149.04209346380725;55.568056360364665;0.15255597697547038;0.2477154646163553;0.22104687243772464;0.25321496570341634;182.98775454316245;192.43262366975384;183.32053110545473;192.02921096789083;84.41391885187622;0.4875126689374561;13.519990925572799;25.944243692772886;0.0080393869165508;0.06259675264356976;18.298775454291754;19.243262366969425;7.332821244217446;12.801947397855942;7.673992622891958;100.1896500287142;0.014460720331622367;2687.054959335055;264.4981429571146;228.9522065020048;0.01646211901303607;1.1219403004734325;0.5861884240335057;0.22710472058505063;-1.0587086762825493e-11;6.468781066359952e-11;5.576339390245266e-11;1.701971896750365e-13;1.858779796748422e-11;5.96003246755572e-11;5.169908945390489e-11;2.4490987016179133e-10;-1.0587086762825493e-13;6.468781066359953e-13;5.576339390245267e-13;1.6056338648588342e-13;1.858779796748422e-13;5.96003246755572e-13;5.169908945390489e-13;2.4490987016179134e-12;145.9442436927729;114.25749967201284;108.77542637340474;120.0;114.25749967201284;41.50912820991351;17.306899668396795;19.327842999503957;58.680521818800685;25.568056360364665;6.208132161762023;8.585776344690544;15.887138001070639;58.68545473732286;5.285749535696709;10.691767376770656;4.0;1.0600000000000005;117236.98226596692;16196.095537682453;7.238595375854562;5.285749535696709;deltaT_shex_1_K;shex;True;True;True;True;True;True;True;True;104.11286199892936;2682.0120879857254;0.07840241948646809;117236.98226596692;0.0;0.0;135.0;4.0;145.9442436927729;4.0;114.25749967201284;8.0;108.77542637340474;8.0;120.0;8.0;114.25749967201284;8.0;30.0;4.0;41.50912820991351;4.0;104.11286199892936;2682.0120879857254;0.011960757701998797;117236.98226596692;0.0;0.0;100.1896500287142;264.49814295711235;1.1384024194864686;16196.095537682453;0.5777117171719227;0.22104687243772464;163.25114336116968;364.10816014566836;1.0719607577019994;117236.98226596692;0.6135191161324752;0.2477154646163553;104.11286199892936;2682.0120879857254;0.0664416617844693;117236.98226596692;0.0;0.0;118.77191128279333;264.49814295711235;1.1384024194864686;117236.98226596692;0.5777117171719227;0.22104687243772464;154.32784299950396;338.64935469641557;1.1384024194864686;117236.98226596692;0.5777117171719227;0.22104687243772464;149.04209346380725;337.95354952552645;1.0600000000000005;117236.98226596692;0.6204419024473575;0.25321496570341634;108.08014390602267;258.3177770237465;1.0600000000000005;117236.98226596692;0.6204419024473575;0.25321496570341634;108.04936751025082;258.2587234835167;1.0600000000000005;16196.095537682453;0.6204419024473575;0.25321496570341634;100.1896500287142;2687.054959335055;0.07840241948646809;16196.095537682453;0.0;0.0;55.568056360364665;232.6329538640782;0.07840241948646809;16196.095537682453;0.0;0.0;55.572044934689984;232.7354939000772;0.07840241948646809;117236.98226596692;0.0;0.0;"Zustand 3: Temperatur 427.478 K liegt außerhalb des Boryta-Prüfbereichs; Kristallisation wurde nicht bewertet.";"Zustand 4: Temperatur 422.192 K liegt außerhalb des Boryta-Prüfbereichs; Kristallisation wurde nicht bewertet.";"Zustand 5: Temperatur 381.230 K liegt außerhalb des Boryta-Prüfbereichs; Kristallisation wurde nicht bewertet.";"Zustand 6: Temperatur 381.199 K liegt außerhalb des Boryta-Prüfbereichs; Kristallisation wurde nicht bewertet.";"Zustand 20: Temperatur 436.401 K liegt außerhalb des Boryta-Prüfbereichs; Kristallisation wurde nicht bewertet.";5
series_evaporator_to_desorber;Serie Verdampfer → Desorber;series_evaporator_to_desorber;nan;120.0;30.0;120.0;8.0;8.0;4.0;120.0;1.0700000000000007;Abwärmetemperatur [°C];hot_temperature_C;120.0;10.0;10.0;25.0;15.0;11.0;nan;nan;4.97535417384544e-24;`gtol` termination condition is satisfied.;4;3.1447128848473727e-10;3.1544743377765623e-12;1;True;;True;0;zulässig;feasible;True;True;True;104.10306890057018;118.78146511832051;148.9828266753957;55.58492966294057;0.15388924666978632;0.24754989603574581;0.22115105543962477;0.2530436905235688;182.81706341430527;192.559617049267;183.1578885823153;192.14758099468975;85.17735371763943;0.48711537196714083;13.638652996939378;25.934034893200078;0.008040471818889235;0.06317041473780134;18.281706341402053;19.255961704920033;7.326315543291544;12.809838732975324;7.74339579250639;100.23819454896454;0.014425840093983561;2687.146354054623;264.55337230774;229.09390067262734;0.016567406479850222;1.1318860889085967;0.5863174185490723;0.2271980806460518;-1.0544454198679887e-11;6.915001904417295e-11;6.468781066359952e-11;2.653433028854124e-13;2.6687985155149363e-11;6.66773303237278e-11;5.988454176986124e-11;2.8472868507378735e-10;-1.0544454198679887e-13;6.915001904417295e-13;6.468781066359953e-13;2.4798439522001146e-13;2.6687985155149365e-13;6.66773303237278e-13;5.988454176986124e-13;2.8472868507378737e-12;145.93403489320008;114.25395989848414;108.77675031169241;120.0;114.25395989848414;41.516723507731285;17.251451563142723;19.352184460519084;58.72147104123326;25.584929662940567;6.2346303300495265;8.538555762727867;15.896931099429821;58.66504263718849;5.369357785123384;10.731378056947847;4.0;1.0700000000000007;117197.03040251904;16209.141229717377;7.230304723834064;5.369357785123384;deltaT_shex_1_K;shex;True;True;True;True;True;True;True;True;104.10306890057018;2681.9968628718775;0.07845349538844615;117197.03040251904;0.0;0.0;135.0;4.0;145.93403489320008;4.0;114.25395989848414;8.0;108.77675031169241;8.0;120.0;8.0;114.25395989848414;8.0;30.0;4.0;41.516723507731285;4.0;104.10306890057018;2681.9968628718775;0.012073149303939533;117197.03040251904;0.0;0.0;100.23819454896454;264.55337230773983;1.1484534953884469;16209.141229717377;0.5778592972247661;0.22115105543962477;163.1854864563428;363.9215912286706;1.0820731493039402;117197.03040251904;0.613308379537121;0.24754989603574581;104.10306890057018;2681.9968628718775;0.06638034608450662;117197.03040251904;0.0;0.0;118.78146511832051;264.55337230773983;1.1484534953884469;117197.03040251904;0.5778592972247661;0.22115105543962477;154.35218446051908;338.72037520308083;1.1484534953884469;117197.03040251904;0.5778592972247661;0.22115105543962477;148.9828266753957;337.7660128620781;1.0700000000000007;117197.03040251904;0.6202285324677511;0.2530436905235688;108.05008706137266;258.16100938763896;1.0700000000000007;117197.03040251904;0.6202285324677511;0.2530436905235688;108.01932956843461;258.10197161685596;1.0700000000000007;16209.141229717377;0.6202285324677511;0.2530436905235688;100.23819454896454;2687.146354054623;0.07845349538844615;16209.141229717377;0.0;0.0;55.58492966294057;232.7035520373498;0.07845349538844615;16209.141229717377;0.0;0.0;55.58891726129565;232.80603914489137;0.07845349538844615;117197.03040251904;0.0;0.0;"Zustand 3: Temperatur 427.502 K liegt außerhalb des Boryta-Prüfbereichs; Kristallisation wurde nicht bewertet.";"Zustand 4: Temperatur 422.133 K liegt außerhalb des Boryta-Prüfbereichs; Kristallisation wurde nicht bewertet.";"Zustand 5: Temperatur 381.200 K liegt außerhalb des Boryta-Prüfbereichs; Kristallisation wurde nicht bewertet.";"Zustand 6: Temperatur 381.169 K liegt außerhalb des Boryta-Prüfbereichs; Kristallisation wurde nicht bewertet.";"Zustand 20: Temperatur 436.335 K liegt außerhalb des Boryta-Prüfbereichs; Kristallisation wurde nicht bewertet.";5
series_evaporator_to_desorber;Serie Verdampfer → Desorber;series_evaporator_to_desorber;nan;120.0;30.0;120.0;8.0;8.0;4.0;120.0;1.0800000000000005;Abwärmetemperatur [°C];hot_temperature_C;120.0;10.0;10.0;25.0;15.0;11.0;nan;nan;6.618426267733547e-24;`gtol` termination condition is satisfied.;4;3.611449966251676e-10;3.638248553283172e-12;1;True;;True;0;zulässig;feasible;True;True;True;104.0932523225448;118.79182936246167;148.92291983719628;55.60182819759615;0.15523177292417598;0.2473858866672518;0.2212523933925358;0.2528744345815421;182.64408592901702;192.6868003327492;182.9928663895671;192.26623482224304;85.93720421265553;0.48671460689217483;13.757138927913065;25.923689349821586;0.00804155506121036;0.06374349488261562;18.264408592868516;19.26868003326705;7.319714655581812;12.81774898814516;7.812473110235094;100.28601958465589;0.014392306843668679;2687.2363686282297;264.60938375299;229.23304570674685;0.01667355505486512;1.1418311402643557;0.5864430544339599;0.22728904417810755;-1.2363443602225743e-11;6.9505290412053e-11;6.588152245967649e-11;4.760636329592671e-13;2.1799451133119874e-11;7.86997134127887e-11;6.562572707480285e-11;3.318518793093972e-10;-1.2363443602225742e-13;6.9505290412053e-13;6.588152245967649e-13;4.4079966014746937e-13;2.1799451133119874e-13;7.86997134127887e-13;6.562572707480285e-13;3.318518793093972e-12;145.9236893498216;114.25041163809084;108.77813692548415;120.0;114.25041163809084;41.52433016344196;17.1966116413887;19.3755184641185;58.76168942121393;25.60182819759615;6.2605288095548985;8.492117340828258;15.9067476774552;58.6445968220919;5.452598626922224;10.77120794428464;4.0;1.0800000000000005;117156.99403398136;16222.21542441682;7.222009507877873;5.452598626922224;deltaT_shex_1_K;shex;True;True;True;True;True;True;True;True;104.0932523225448;2681.9816006966107;0.07850469531922033;117156.99403398136;0.0;0.0;135.0;4.0;145.9236893498216;4.0;114.25041163809084;8.0;108.77813692548415;8.0;120.0;8.0;114.25041163809084;8.0;30.0;4.0;41.52433016344196;4.0;104.0932523225448;2681.9816006966107;0.01218642303727483;117156.99403398136;0.0;0.0;100.28601958465589;264.60938375298946;1.1585046953192208;16222.21542441682;0.5780027860482081;0.2212523933925358;163.12030099121029;363.73654644967723;1.0921864230372753;117156.99403398136;0.6130994923758639;0.2473858866672518;104.0932523225448;2681.9816006966107;0.0663182722819455;117156.99403398136;0.0;0.0;118.79182936246167;264.60938375298946;1.1585046953192208;117156.99403398136;0.5780027860482081;0.2212523933925358;154.3755184641185;338.78880189421324;1.1585046953192208;117156.99403398136;0.5780027860482081;0.2212523933925358;148.92291983719628;337.57810669499446;1.0800000000000005;117156.99403398136;0.6200175384670739;0.2528744345815421;108.02062141817703;258.0066213128946;1.0800000000000005;117156.99403398136;0.6200175384670739;0.2528744345815421;107.98988282853594;257.94759955837367;1.0800000000000005;16222.21542441682;0.6200175384670739;0.2528744345815421;100.28601958465589;2687.2363686282297;0.07850469531922033;16222.21542441682;0.0;0.0;55.60182819759615;232.77425589427165;0.07850469531922033;16222.21542441682;0.0;0.0;55.60581481599894;232.87668995924713;0.07850469531922033;117156.99403398136;0.0;0.0;"Zustand 3: Temperatur 427.526 K liegt außerhalb des Boryta-Prüfbereichs; Kristallisation wurde nicht bewertet.";"Zustand 4: Temperatur 422.073 K liegt außerhalb des Boryta-Prüfbereichs; Kristallisation wurde nicht bewertet.";"Zustand 5: Temperatur 381.171 K liegt außerhalb des Boryta-Prüfbereichs; Kristallisation wurde nicht bewertet.";"Zustand 6: Temperatur 381.140 K liegt außerhalb des Boryta-Prüfbereichs; Kristallisation wurde nicht bewertet.";"Zustand 20: Temperatur 436.270 K liegt außerhalb des Boryta-Prüfbereichs; Kristallisation wurde nicht bewertet.";5
series_evaporator_to_desorber;Serie Verdampfer → Desorber;series_evaporator_to_desorber;nan;120.0;30.0;120.0;8.0;8.0;4.0;120.0;1.0900000000000007;Abwärmetemperatur [°C];hot_temperature_C;120.0;10.0;10.0;25.0;15.0;11.0;nan;nan;9.115514057495633e-24;`gtol` termination condition is satisfied.;4;4.20722240908492e-10;4.269780804091852e-12;1;True;;True;0;zulässig;feasible;True;True;True;104.08341067587361;118.80297805232118;148.86239943447424;55.61875494076935;0.15658341765749711;0.24722339806687957;0.22135095491627702;0.2527071422998536;182.46887238384198;192.8141959217366;182.82551802677438;192.38519165669368;86.69347720042086;0.4863104055259371;13.875447028054932;25.913210070803927;0.008042636774352326;0.06431598532104059;18.246887238345895;19.281419592164262;7.313020721068768;12.825679443774145;7.881225200031343;100.33314605532092;0.014360078798331984;2687.3250428146653;264.66613940020306;229.3697070965098;0.016780556636914135;1.1517754709848358;0.5865654113818686;0.22737766621769911;-1.5091927707544528e-11;7.608491614519153e-11;7.58859641791787e-11;7.938094626069869e-13;5.516653800441418e-11;9.396217137691565e-11;8.148504093696829e-11;3.830393779935548e-10;-1.5091927707544527e-13;7.608491614519153e-13;7.58859641791787e-13;7.282655620247581e-13;5.516653800441418e-13;9.396217137691566e-13;8.148504093696829e-13;3.830393779935548e-12;145.91321007080393;114.2468543164864;108.77958404056614;120.0;114.2468543164864;41.53194951685026;17.1423627712756;19.397867163287174;58.80119653847066;25.61875494076935;6.285838883939618;8.446437985245211;15.916589324126392;58.62411374141186;5.535467728812932;10.811242937481438;4.0;1.0900000000000007;117116.86676114285;16235.320472363675;7.213708344131749;5.535467728812932;deltaT_shex_1_K;shex;True;True;True;True;True;True;True;True;104.08341067587361;2681.9662989854132;0.07855602762174918;117116.86676114285;0.0;0.0;135.0;4.0;145.91321007080393;4.0;114.2468543164864;8.0;108.77958404056614;8.0;120.0;8.0;114.2468543164864;8.0;30.0;4.0;41.53194951685026;4.0;104.08341067587361;2681.9662989854132;0.012300571282610232;117116.86676114285;0.0;0.0;100.33314605532092;264.6661394002041;1.16855602762175;16235.320472363675;0.5781422858540489;0.22135095491627702;163.05557284207953;363.5529831903348;1.102300571282611;117116.86676114285;0.6128924093460908;0.24722339806687957;104.08341067587361;2681.9662989854132;0.06625545633913894;117116.86676114285;0.0;0.0;118.80297805232118;264.6661394002041;1.16855602762175;117116.86676114285;0.5781422858540489;0.22135095491627702;154.39786716328717;338.85468932952136;1.16855602762175;117116.86676114285;0.5781422858540489;0.22135095491627702;148.86239943447424;337.3898563523402;1.0900000000000007;117116.86676114285;0.6198088559245551;0.2527071422998536;107.99173511483974;257.85455616845405;1.0900000000000007;117116.86676114285;0.6198088559245551;0.2527071422998536;107.96101543254679;257.79555067733384;1.0900000000000007;16235.320472363675;0.6198088559245551;0.2527071422998536;100.33314605532092;2687.3250428146653;0.07855602762174918;16235.320472363675;0.0;0.0;55.61875494076935;232.8450778889226;0.07855602762174918;16235.320472363675;0.0;0.0;55.622740575074545;232.94745878848994;0.07855602762174918;117116.86676114285;0.0;0.0;"Zustand 3: Temperatur 427.548 K liegt außerhalb des Boryta-Prüfbereichs; Kristallisation wurde nicht bewertet.";"Zustand 4: Temperatur 422.012 K liegt außerhalb des Boryta-Prüfbereichs; Kristallisation wurde nicht bewertet.";"Zustand 5: Temperatur 381.142 K liegt außerhalb des Boryta-Prüfbereichs; Kristallisation wurde nicht bewertet.";"Zustand 6: Temperatur 381.111 K liegt außerhalb des Boryta-Prüfbereichs; Kristallisation wurde nicht bewertet.";"Zustand 20: Temperatur 436.206 K liegt außerhalb des Boryta-Prüfbereichs; Kristallisation wurde nicht bewertet.";5
