config_case_key;config_case_label;config_routing_mode;input_fixed_T13_C;input_fixed_T15_C;input_fixed_T17_C;input_fixed_hot_C;input_fixed_m13_kg_s;input_fixed_m15_kg_s;input_fixed_m17_kg_s;input_hot_variation_C;input_m6_kg_s;input_outer_variation_label;input_outer_variation_mode;input_outer_variation_value;input_scaled_UA_abs;input_scaled_UA_cond;input_scaled_UA_des;input_scaled_UA_evap;input_scaled_UA_shex;input_ua_scale_factor;input_ua_scale_percent;solve_cost;solve_message;solve_nfev;solve_raw_residual_norm;solve_scaled_residual_norm;solve_status;solve_success;status_final_evaluation_error;status_final_point_evaluable;failure_code;failure_label;failure_reason;feasible_margin;feasible_numeric;feasible_physical;primary_T10_C;primary_T2_C;primary_T4_C;primary_T8_C;primary_beta;primary_x20;primary_x3;primary_x6;heat_Q_abs_kW;heat_Q_cond_kW;heat_Q_des_kW;heat_Q_evap_kW;heat_Q_shex_kW;kpi_COP;kpi_FR;kpi_GTL_K;pump_W_ref_pump_kW;pump_W_sol_pump_kW;lmtd_LMTD_abs_K;lmtd_LMTD_cond_K;lmtd_LMTD_des_K;lmtd_LMTD_evap_K;lmtd_LMTD_shex_K;flash_T1_C;flash_flash_fraction;flash_h1_flash_kJ_kg;flash_h1_mix_kJ_kg;flash_h1_sol_kJ_kg;flash_m1_flash_kg_s;flash_m1_sol_kg_s;flash_w1_LiBr;flash_x1_LiBr_mol;residual_raw_R1_SHEX_energy;residual_raw_R2_SHEX_UA;residual_raw_R3_preabs_energy;residual_raw_R4_preabs_LiBr;residual_raw_R5_desorber_UA;residual_raw_R6_condenser_UA;residual_raw_R7_evaporator_UA;residual_raw_R8_absorber_UA;residual_scaled_R1_SHEX_energy;residual_scaled_R2_SHEX_UA;residual_scaled_R3_preabs_energy;residual_scaled_R4_preabs_LiBr;residual_scaled_R5_desorber_UA;residual_scaled_R6_condenser_UA;residual_scaled_R7_evaporator_UA;residual_scaled_R8_absorber_UA;diagnostic_T12_C;diagnostic_T13_C;diagnostic_T14_C;diagnostic_T15_C;diagnostic_T16_C;diagnostic_T18_C;diagnostic_deltaT_abs_1_K;diagnostic_deltaT_abs_2_K;diagnostic_deltaT_cond_1_K;diagnostic_deltaT_cond_2_K;diagnostic_deltaT_des_1_K;diagnostic_deltaT_des_2_K;diagnostic_deltaT_evap_1_K;diagnostic_deltaT_evap_2_K;diagnostic_deltaT_shex_1_K;diagnostic_deltaT_shex_2_K;diagnostic_m11_kg_s;diagnostic_m6_kg_s;diagnostic_p_high_Pa;diagnostic_p_low_Pa;diagnostic_pressure_ratio_high_over_low;pinch_deltaT_min_global_K;pinch_limiting_key;pinch_limiting_unit;check_beta_in_0_1;check_crystallization_safe_all_checked_states;check_desorber_evaporator_temperature_coupling_ok;check_m21_nonnegative;check_m7_positive;check_p_high_gt_p_low;check_w6_gt_w20_gt_w3;check_w6_gt_w3;state_10_T_C;state_10_h_kJ_kg;state_10_m_kg_s;state_10_p_Pa;state_10_w_LiBr;state_10_x_LiBr_mol;state_11_T_C;state_11_m_kg_s;state_12_T_C;state_12_m_kg_s;state_13_T_C;state_13_m_kg_s;state_14_T_C;state_14_m_kg_s;state_15_T_C;state_15_m_kg_s;state_16_T_C;state_16_m_kg_s;state_17_T_C;state_17_m_kg_s;state_18_T_C;state_18_m_kg_s;state_19_T_C;state_19_h_kJ_kg;state_19_m_kg_s;state_19_p_Pa;state_19_w_LiBr;state_19_x_LiBr_mol;state_1_T_C;state_1_h_kJ_kg;state_1_m_kg_s;state_1_p_Pa;state_1_w_LiBr;state_1_x_LiBr_mol;state_20_T_C;state_20_h_kJ_kg;state_20_m_kg_s;state_20_p_Pa;state_20_w_LiBr;state_20_x_LiBr_mol;state_21_T_C;state_21_h_kJ_kg;state_21_m_kg_s;state_21_p_Pa;state_21_w_LiBr;state_21_x_LiBr_mol;state_2_T_C;state_2_h_kJ_kg;state_2_m_kg_s;state_2_p_Pa;state_2_w_LiBr;state_2_x_LiBr_mol;state_3_T_C;state_3_h_kJ_kg;state_3_m_kg_s;state_3_p_Pa;state_3_w_LiBr;state_3_x_LiBr_mol;state_4_T_C;state_4_h_kJ_kg;state_4_m_kg_s;state_4_p_Pa;state_4_w_LiBr;state_4_x_LiBr_mol;state_5_T_C;state_5_h_kJ_kg;state_5_m_kg_s;state_5_p_Pa;state_5_w_LiBr;state_5_x_LiBr_mol;state_6_T_C;state_6_h_kJ_kg;state_6_m_kg_s;state_6_p_Pa;state_6_w_LiBr;state_6_x_LiBr_mol;state_7_T_C;state_7_h_kJ_kg;state_7_m_kg_s;state_7_p_Pa;state_7_w_LiBr;state_7_x_LiBr_mol;state_8_T_C;state_8_h_kJ_kg;state_8_m_kg_s;state_8_p_Pa;state_8_w_LiBr;state_8_x_LiBr_mol;state_9_T_C;state_9_h_kJ_kg;state_9_m_kg_s;state_9_p_Pa;state_9_w_LiBr;state_9_x_LiBr_mol;validity_message_1;validity_message_2;validity_message_3;validity_message_4;validity_message_5;validity_message_count
parallel;Parallel (T13 = T15);parallel;130.0;130.0;30.0;130.0;4.0;4.0;4.0;130.0;0.4;Abwärmetemperatur [°C];hot_temperature_C;130.0;10.0;10.0;25.0;15.0;11.0;nan;nan;3.2925894868621096e-18;`xtol` termination condition is satisfied.;5;2.564042288053336e-07;2.5661603561983843e-09;3;True;;True;0;zulässig;feasible_but_near_limit_shex;False;True;True;107.52803099476665;134.1684065107823;151.2113389512453;59.554210211277905;0.08997812734075397;0.28666484931598385;0.20097358649339814;0.29928205999599605;228.90438189247527;222.43357615008367;228.77170224946363;222.5311878267598;18.27819683513489;0.5072078795103975;4.382052811906944;18.69045346246861;0.010427214035074638;0.02464075242055899;22.8904381891354;22.243357615005937;9.15086808997995;14.835412521781624;1.6616542810487782;99.90981285285233;0.028668067872514035;2686.103556601382;292.7399759235399;222.10180651404266;0.014084089072222694;0.47719733020075306;0.5642118315707639;0.21170319977353916;1.2006751148874173e-10;-2.5640167322649177e-07;-1.5765522221045103e-10;-1.0424588969826232e-10;-3.510081114654895e-11;2.4300561562995426e-11;3.54418716597138e-11;1.121293280448299e-09;1.2006751148874172e-12;-2.564016732264918e-09;-1.5765522221045103e-12;-1.0424588969826232e-10;-3.510081114654895e-13;2.430056156299543e-13;3.54418716597138e-13;1.1212932804482988e-11;148.6904534624686;130.0;116.31748192287898;130.0;116.69071843141387;43.30344354964615;31.113316231515796;16.262269977729147;56.60636930320618;29.554210211277905;4.433769192373973;16.407669070026657;22.471969005233348;57.1317808444295;0.05093102648385184;8.567300900433338;4.0;0.4;131872.49730763337;19538.513099322892;6.749361972288639;0.05093102648385184;deltaT_shex_1_K;shex;True;True;True;True;True;True;True;True;107.52803099476665;2687.2871369134728;0.09128141927297573;131872.49730763337;0.0;0.0;135.0;4.0;148.6904534624686;4.0;130.0;4.0;116.31748192287898;4.0;130.0;4.0;116.69071843141387;4.0;30.0;4.0;43.30344354964615;4.0;107.52803099476665;2687.2871369134728;0.008213331167188564;131872.49730763337;0.0;0.0;99.90981285285233;292.7399759235402;0.49128141927297575;19538.513099322892;0.5480369684888178;0.20097358649339814;179.8037696939844;410.9921752017239;0.4082133311671886;131872.49730763337;0.6595580282193695;0.28666484931598385;107.52803099476665;2687.2871369134728;0.08306808810578717;131872.49730763337;0.0;0.0;134.1684065107823;292.7399759235402;0.49128141927297575;131872.49730763337;0.5480369684888178;0.20097358649339814;151.26226997772915;329.94512172812597;0.49128141927297575;131872.49730763337;0.5480369684888178;0.20097358649339814;151.2113389512453;364.2522643144763;0.4;131872.49730763337;0.6731009492331137;0.29928205999599605;125.60110561034895;318.55677222693924;0.4;131872.49730763337;0.6731009492331137;0.29928205999599605;125.56623080762603;318.49517034588786;0.4;19538.513099322892;0.6731009492331137;0.29928205999599605;99.90981285285233;2686.103556601382;0.09128141927297573;19538.513099322892;0.0;0.0;59.554210211277905;249.3143620239033;0.09128141927297573;19538.513099322892;0.0;0.0;59.55893758698437;249.4285935303602;0.09128141927297573;131872.49730763337;0.0;0.0;"Zustand 3: Temperatur 424.412 K liegt außerhalb des Boryta-Prüfbereichs; Kristallisation wurde nicht bewertet.";"Zustand 4: Temperatur 424.361 K liegt außerhalb des Boryta-Prüfbereichs; Kristallisation wurde nicht bewertet.";"Zustand 5: Temperatur 398.751 K liegt außerhalb des Boryta-Prüfbereichs; Kristallisation wurde nicht bewertet.";"Zustand 6: Temperatur 398.716 K liegt außerhalb des Boryta-Prüfbereichs; Kristallisation wurde nicht bewertet.";"Zustand 20: Temperatur 452.954 K liegt außerhalb des Boryta-Prüfbereichs; Kristallisation wurde nicht bewertet.";5
parallel;Parallel (T13 = T15);parallel;130.0;130.0;30.0;130.0;4.0;4.0;4.0;130.0;0.41000000000000003;Abwärmetemperatur [°C];hot_temperature_C;130.0;10.0;10.0;25.0;15.0;11.0;nan;nan;9.06736533520667e-19;`gtol` termination condition is satisfied.;5;1.3457805022589678e-07;1.3466525413191534e-09;1;True;;True;0;zulässig;feasible_but_near_limit_shex;False;True;True;107.48352730327923;134.00860282073205;151.47627260668895;59.62131561795087;0.09045935149430019;0.2859427600883696;0.20190293831216197;0.29829126479848256;229.36836645618484;222.9386309452822;229.29944839881247;222.9718906119352;19.09993884598427;0.5071476935900512;4.482084916360109;18.718203735417774;0.01042545434059326;0.025232936435323493;22.936836645561026;22.29386309452468;9.171977935950482;14.864792707461877;1.7363580891419137;100.24564943582004;0.02816966712627621;2686.741283130454;292.4808808702676;223.08037312334872;0.014126391881186084;0.48734889420798516;0.5653945552560455;0.21250731797200867;5.657341262121918e-11;-1.3457677994210826e-07;-4.874323167314287e-11;-4.845762680005805e-11;5.042011252953671e-11;3.538502824085299e-11;7.048583938740194e-12;5.745732778450474e-10;5.657341262121918e-13;-1.3457677994210827e-09;-4.874323167314287e-13;-4.845762680005805e-11;5.04201125295367e-13;3.5385028240852987e-13;7.048583938740194e-14;5.745732778450474e-12;148.71820373541777;130.0;116.28591815796574;130.0;116.66436060933404;43.33365017615324;30.80296935859593;16.539560693948033;56.9119992596668;29.62131561795087;4.6161083419737565;16.040268722145697;22.51647269672077;57.03832368144293;0.06328808725908175;8.589933467155731;4.0;0.41000000000000003;131672.5403843244;19599.459911295657;6.718171877197404;0.06328808725908175;deltaT_shex_1_K;shex;True;True;True;True;True;True;True;True;107.48352730327923;2687.2188451350266;0.09147528608917121;131672.5403843244;0.0;0.0;135.0;4.0;148.71820373541777;4.0;130.0;4.0;116.28591815796574;4.0;130.0;4.0;116.66436060933404;4.0;30.0;4.0;43.33365017615324;4.0;107.48352730327923;2687.2188451350266;0.008274795057382007;131672.5403843244;0.0;0.0;100.24564943582004;292.4808808702675;0.5014752860891712;19599.459911295657;0.5494675788394737;0.20190293831216197;179.5211730940137;410.1665061209345;0.418274795057382;131672.5403843244;0.6587640818900068;0.2859427600883696;107.48352730327923;2687.2188451350266;0.08320049103178921;131672.5403843244;0.0;0.0;134.00860282073205;292.4808808702675;0.5014752860891712;131672.5403843244;0.5494675788394737;0.20190293831216197;151.53956069394803;330.5683786509417;0.5014752860891712;131672.5403843244;0.5494675788394737;0.20190293831216197;151.47627260668895;364.21006358356203;0.41000000000000003;131672.5403843244;0.6720595397445106;0.29829126479848256;125.41866935357632;317.6248468861774;0.41000000000000003;131672.5403843244;0.6720595397445106;0.29829126479848256;125.38389165802624;317.5633031387742;0.41000000000000003;19599.459911295657;0.6720595397445106;0.29829126479848256;100.24564943582004;2686.741283130454;0.09147528608917121;19599.459911295657;0.0;0.0;59.62131561795087;249.59524646259476;0.09147528608917121;19599.459911295657;0.0;0.0;59.62603692789111;249.7092166373415;0.09147528608917121;131672.5403843244;0.0;0.0;"Zustand 3: Temperatur 424.690 K liegt außerhalb des Boryta-Prüfbereichs; Kristallisation wurde nicht bewertet.";"Zustand 4: Temperatur 424.626 K liegt außerhalb des Boryta-Prüfbereichs; Kristallisation wurde nicht bewertet.";"Zustand 5: Temperatur 398.569 K liegt außerhalb des Boryta-Prüfbereichs; Kristallisation wurde nicht bewertet.";"Zustand 6: Temperatur 398.534 K liegt außerhalb des Boryta-Prüfbereichs; Kristallisation wurde nicht bewertet.";"Zustand 20: Temperatur 452.671 K liegt außerhalb des Boryta-Prüfbereichs; Kristallisation wurde nicht bewertet.";5
parallel;Parallel (T13 = T15);parallel;130.0;130.0;30.0;130.0;4.0;4.0;4.0;130.0;0.42000000000000004;Abwärmetemperatur [°C];hot_temperature_C;130.0;10.0;10.0;25.0;15.0;11.0;nan;nan;2.64224076831692e-19;`gtol` termination condition is satisfied.;5;7.265578069379883e-08;7.269443951660842e-10;1;True;;True;0;zulässig;feasible_but_near_limit_shex;False;True;True;107.44195621590603;133.84813954231203;151.72979231525426;59.684182750426544;0.09093238980825794;0.28524078605156744;0.2027968623413398;0.29733175582819893;229.79644248585998;223.41178725697364;229.78842636423147;223.38355295670073;19.92903927154826;0.5070844027695726;4.582328531295725;18.743806368771516;0.010423719656565376;0.025826702268976463;22.979644248556244;22.341178725695407;9.19153705456964;14.892236863780594;1.811730849473038;100.56579548129093;0.027689523648621952;2687.3493615271536;292.2266447882895;224.01817771986978;0.014167523578225982;0.4974889338607256;0.5665250607507545;0.21327849125498016;2.4158453015843406e-11;-7.265515833410063e-08;-1.4694023775518872e-11;-2.37057595775525e-11;-9.521272659185342e-12;1.9554136088117957e-11;-8.185452315956354e-12;2.9754687602689955e-10;2.4158453015843406e-13;-7.265515833410063e-10;-1.4694023775518872e-13;-2.37057595775525e-11;-9.521272659185343e-14;1.9554136088117957e-13;-8.185452315956354e-14;2.9754687602689955e-12;148.74380636877152;130.0;116.25667306434025;130.0;116.63973965569971;43.361948998622836;30.504647356393946;16.807384504858987;57.2038464826681;29.684182750426544;4.795810274104042;15.690877583049314;22.558043784093968;56.95084127240165;0.07759218960472936;8.609263321008314;4.0;0.42000000000000004;131485.98545160188;19656.70424679791;6.689116537581371;0.07759218960472936;deltaT_shex_1_K;shex;True;True;True;True;True;True;True;True;107.44195621590603;2687.1550426421127;0.09165645743895157;131485.98545160188;0.0;0.0;135.0;4.0;148.74380636877152;4.0;130.0;4.0;116.25667306434025;4.0;130.0;4.0;116.63973965569971;4.0;30.0;4.0;43.361948998622836;4.0;107.44195621590603;2687.1550426421127;0.008334540716282746;131485.98545160188;0.0;0.0;100.56579548129093;292.22664478828847;0.5116564574389516;19656.70424679791;0.5508382516835595;0.2027968623413398;179.24845372516546;409.3674598875937;0.4283345407162828;131485.98545160188;0.6579902429317849;0.28524078605156744;107.44195621590603;2687.1550426421127;0.08332191672266882;131485.98545160188;0.0;0.0;133.84813954231203;292.22664478828847;0.5116564574389516;131485.98545160188;0.5508382516835595;0.2027968623413398;151.807384504859;331.1766843740316;0.5116564574389516;131485.98545160188;0.5508382516835595;0.2027968623413398;151.72979231525426;364.16671381253303;0.42000000000000004;131485.98545160188;0.6710474963768467;0.29733175582819893;125.23887622130371;316.7166203089042;0.42000000000000004;131485.98545160188;0.6710474963768467;0.29733175582819893;125.20418972589596;316.6551281606448;0.42000000000000004;19656.70424679791;0.6710474963768467;0.29733175582819893;100.56579548129093;2687.3493615271536;0.09165645743895157;19656.70424679791;0.0;0.0;59.684182750426544;249.8583925381041;0.09165645743895157;19656.70424679791;0.0;0.0;59.68889838329807;249.9721185094958;0.09165645743895157;131485.98545160188;0.0;0.0;"Zustand 3: Temperatur 424.957 K liegt außerhalb des Boryta-Prüfbereichs; Kristallisation wurde nicht bewertet.";"Zustand 4: Temperatur 424.880 K liegt außerhalb des Boryta-Prüfbereichs; Kristallisation wurde nicht bewertet.";"Zustand 5: Temperatur 398.389 K liegt außerhalb des Boryta-Prüfbereichs; Kristallisation wurde nicht bewertet.";"Zustand 6: Temperatur 398.354 K liegt außerhalb des Boryta-Prüfbereichs; Kristallisation wurde nicht bewertet.";"Zustand 20: Temperatur 452.398 K liegt außerhalb des Boryta-Prüfbereichs; Kristallisation wurde nicht bewertet.";5
parallel;Parallel (T13 = T15);parallel;130.0;130.0;30.0;130.0;4.0;4.0;4.0;130.0;0.43000000000000005;Abwärmetemperatur [°C];hot_temperature_C;130.0;10.0;10.0;25.0;15.0;11.0;nan;nan;8.17706994022553e-20;`gtol` termination condition is satisfied.;5;4.0421881876848065e-08;4.044025207692338e-10;1;True;;True;0;zulässig;feasible_but_near_limit_shex;False;True;True;107.40308116124248;133.68756904135552;151.97216673248226;59.74314419322906;0.09139876142645019;0.28455815437592735;0.20365714712879562;0.2964022741169605;230.19118338486862;223.85554821297774;230.24137006429856;223.76851753586396;20.764790373596565;0.5070179960212527;4.6827721052542;18.767415274214613;0.010422017086277529;0.026421980609256452;23.019118338470307;22.38555482129689;9.209654802572159;14.917901169058343;1.887708219456191;100.87123921218927;0.027226858002612167;2687.929649641735;291.97756389166386;224.91748132623172;0.014207681059017041;0.5076182695392468;0.5676065144693582;0.2140185548202378;1.163513729807164e-11;-4.04215363403182e-08;-3.069544618483633e-12;-1.218852796469605e-11;-5.4001247917767614e-12;8.839151632855646e-12;-1.1169731806148775e-11;1.6555645743210334e-10;1.163513729807164e-13;-4.0421536340318196e-10;-3.069544618483633e-14;-1.218852796469605e-11;-5.400124791776761e-14;8.839151632855646e-14;-1.1169731806148775e-13;1.6555645743210334e-12;148.7674152742146;130.0;116.22958313012566;130.0;116.61671545838135;43.38848972565654;30.217663731099606;17.066126158191707;57.482749486532725;29.743144193229057;4.972754600488315;15.358343917936395;22.596918838757517;56.86886095059947;0.09395942570944271;8.625722900236212;4.0;0.43000000000000005;131311.72633581015;19710.521554577314;6.662011757132628;0.09395942570944271;deltaT_shex_1_K;shex;True;True;True;True;True;True;True;True;107.40308116124248;2687.095368487787;0.09182595059826382;131311.72633581015;0.0;0.0;135.0;4.0;148.7674152742146;4.0;130.0;4.0;116.22958313012566;4.0;130.0;4.0;116.61671545838135;4.0;30.0;4.0;43.38848972565654;4.0;107.40308116124248;2687.095368487787;0.008392778151487717;131311.72633581015;0.0;0.0;100.87123921218927;291.9775638916646;0.5218259505982639;19710.521554577314;0.5521523724985433;0.20365714712879562;178.98507900531422;408.59375714380405;0.43839277815148775;131311.72633581015;0.6572358191693669;0.28455815437592735;107.40308116124248;2687.095368487787;0.0834331724467761;131311.72633581015;0.0;0.0;133.68756904135552;291.9775638916646;0.5218259505982639;131311.72633581015;0.5521523724985433;0.20365714712879562;152.0661261581917;331.7701237476666;0.5218259505982639;131311.72633581015;0.5521523724985433;0.20365714712879562;151.97216673248226;364.1217605349194;0.43000000000000005;131311.72633581015;0.6700638061724163;0.2964022741169605;125.0618461411193;315.8315503637917;0.43000000000000005;131311.72633581015;0.6700638061724163;0.2964022741169605;125.02724539951168;315.77010389725854;0.43000000000000005;19710.521554577314;0.6700638061724163;0.2964022741169605;100.87123921218927;2687.929649641735;0.09182595059826382;19710.521554577314;0.0;0.0;59.74314419322906;250.10519201820318;0.09182595059826382;19710.521554577314;0.0;0.0;59.74785450778188;250.21868953190574;0.09182595059826382;131311.72633581015;0.0;0.0;"Zustand 3: Temperatur 425.216 K liegt außerhalb des Boryta-Prüfbereichs; Kristallisation wurde nicht bewertet.";"Zustand 4: Temperatur 425.122 K liegt außerhalb des Boryta-Prüfbereichs; Kristallisation wurde nicht bewertet.";"Zustand 5: Temperatur 398.212 K liegt außerhalb des Boryta-Prüfbereichs; Kristallisation wurde nicht bewertet.";"Zustand 6: Temperatur 398.177 K liegt außerhalb des Boryta-Prüfbereichs; Kristallisation wurde nicht bewertet.";"Zustand 20: Temperatur 452.135 K liegt außerhalb des Boryta-Prüfbereichs; Kristallisation wurde nicht bewertet.";5
parallel;Parallel (T13 = T15);parallel;130.0;130.0;30.0;130.0;4.0;4.0;4.0;130.0;0.44000000000000006;Abwärmetemperatur [°C];hot_temperature_C;130.0;10.0;10.0;25.0;15.0;11.0;nan;nan;2.6918118926711622e-20;`gtol` termination condition is satisfied.;5;2.31917174443219e-08;2.3202637318508266e-10;1;True;;True;0;zulässig;feasible_but_near_limit_shex;False;True;True;107.36668564240836;133.52739280802552;152.2036639585529;59.79850498259589;0.09185992468553061;0.2838941217599814;0.20448547196963654;0.2955016154475449;230.55493146692237;224.27220960467966;230.66077378396417;224.12892823400375;21.60651207194839;0.5069484433000938;4.78340433262321;18.789170542280033;0.010420351884470309;0.0270187017556759;23.05549314668232;22.427220960467398;9.226430951358777;14.941928548934223;1.9642283722854446;101.16289860734992;0.026780938738765286;2688.483873938029;291.7339202082726;225.7804095980383;0.014247049590592198;0.5177376477930608;0.5686418528114713;0.21472922449452672;5.993427976136445e-12;-2.3191500275743238e-08;8.810729923425242e-13;-7.118083900081729e-12;-5.258016244624741e-12;5.6843418860808015e-12;-9.606537787476555e-12;9.916334420267958e-11;5.993427976136445e-14;-2.3191500275743236e-10;8.810729923425242e-15;-7.118083900081729e-12;-5.2580162446247416e-14;5.684341886080802e-14;-9.606537787476554e-14;9.916334420267958e-13;148.78917054228003;130.0;116.20449917560023;130.0;116.59515979461702;43.41340966535165;29.94138011464628;17.31615398383633;57.749488941998266;29.798504982595887;5.146844430842009;15.041600568250317;22.633314357591644;56.791949484590475;0.11249002528342089;8.63971722662086;4.0;0.44000000000000006;131148.75433046182;19761.166524166325;6.636690914480043;0.11249002528342089;deltaT_shex_1_K;shex;True;True;True;True;True;True;True;True;107.36668564240836;2687.039492181384;0.09198469738365289;131148.75433046182;0.0;0.0;135.0;4.0;148.78917054228003;4.0;130.0;4.0;116.20449917560023;4.0;130.0;4.0;116.59515979461702;4.0;30.0;4.0;43.41340966535165;4.0;107.36668564240836;2687.039492181384;0.00844970737388368;131148.75433046182;0.0;0.0;101.16289860734992;291.7339202082733;0.531984697383653;19761.166524166325;0.5534130901870292;0.20448547196963654;178.7305506569263;407.8441900056841;0.44844970737388373;131148.75433046182;0.6565001392072766;0.2838941217599814;107.36668564240836;2687.039492181384;0.08353499000976922;131148.75433046182;0.0;0.0;133.52739280802552;291.7339202082733;0.531984697383653;131148.75433046182;0.5534130901870292;0.20448547196963654;152.31615398383633;332.34883296461965;0.531984697383653;131148.75433046182;0.5534130901870292;0.20448547196963654;152.2036639585529;364.0747960254246;0.44000000000000006;131148.75433046182;0.6691074893438613;0.2955016154475449;124.88767558140466;314.96908677101004;0.44000000000000006;131148.75433046182;0.6691074893438613;0.2955016154475449;124.85315556915799;314.9076806306562;0.44000000000000006;19761.166524166325;0.6691074893438613;0.2955016154475449;101.16289860734992;2688.483873938029;0.09198469738365289;19761.166524166325;0.0;0.0;59.79850498259589;250.33692141528977;0.09198469738365289;19761.166524166325;0.0;0.0;59.80321031002654;250.45020495245257;0.09198469738365289;131148.75433046182;0.0;0.0;"Zustand 3: Temperatur 425.466 K liegt außerhalb des Boryta-Prüfbereichs; Kristallisation wurde nicht bewertet.";"Zustand 4: Temperatur 425.354 K liegt außerhalb des Boryta-Prüfbereichs; Kristallisation wurde nicht bewertet.";"Zustand 5: Temperatur 398.038 K liegt außerhalb des Boryta-Prüfbereichs; Kristallisation wurde nicht bewertet.";"Zustand 6: Temperatur 398.003 K liegt außerhalb des Boryta-Prüfbereichs; Kristallisation wurde nicht bewertet.";"Zustand 20: Temperatur 451.881 K liegt außerhalb des Boryta-Prüfbereichs; Kristallisation wurde nicht bewertet.";5
parallel;Parallel (T13 = T15);parallel;130.0;130.0;30.0;130.0;4.0;4.0;4.0;130.0;0.45000000000000007;Abwärmetemperatur [°C];hot_temperature_C;130.0;10.0;10.0;25.0;15.0;11.0;nan;nan;9.413642617302229e-21;`gtol` termination condition is satisfied.;5;1.3714327512452119e-08;1.3721255494525441e-10;1;True;;True;0;zulässig;feasible_but_near_limit_shex;False;True;True;107.33257136709648;133.3680633698641;152.42455268498026;59.8505450967308;0.09231727234258419;0.28324797393615714;0.20528341416928642;0.2946286275185832;230.88982146347627;224.66387862941218;231.04891590618362;224.46674866287924;22.453553216997687;0.5068757002723667;4.884214167782448;18.809199848294043;0.010418727797792;0.027616796031062058;23.088982146341728;22.466387862941083;9.24195663624758;14.964449910859129;2.0412321118828984;101.44162655296299;0.026351077110908293;2689.0136390476537;291.4959753162139;226.60895973334104;0.014285803033127431;0.5278477489655375;0.5696338001801167;0.21541210452445617;3.232969447708456e-12;-1.371419600104673e-08;9.094947017729282e-13;-4.359956840005452e-12;-5.8548721426632255e-12;1.3642420526593924e-12;-7.702283255639486e-12;5.900346877751872e-11;3.232969447708456e-14;-1.371419600104673e-10;9.094947017729283e-15;-4.359956840005452e-12;-5.854872142663226e-14;1.3642420526593923e-14;-7.702283255639486e-14;5.900346877751872e-13;148.80919984829404;130.0;116.18128493384069;130.0;116.574955223512;43.436834846256716;29.675202324864927;17.55782015593246;58.00479170670627;29.850545096730798;5.31800368259394;14.7396583808777;22.667428632903523;56.71970948077728;0.13326747095220526;8.651623131873919;4.0;0.45000000000000007;130996.14861558133;19808.874690840585;6.613003043335549;0.13326747095220526;deltaT_shex_1_K;shex;True;True;True;True;True;True;True;True;107.33257136709648;2686.987110875399;0.09213355199866491;130996.14861558133;0.0;0.0;135.0;4.0;148.80919984829404;4.0;130.0;4.0;116.18128493384069;4.0;130.0;4.0;116.574955223512;4.0;30.0;4.0;43.436834846256716;4.0;107.33257136709648;2686.987110875399;0.00850551821175039;130996.14861558133;0.0;0.0;101.44162655296299;291.49597531621345;0.542133551998665;19808.874690840585;0.5546233359865906;0.20528341416928642;178.48440217315897;407.1176177043697;0.45850551821175045;130996.14861558133;0.6557825527091194;0.28324797393615714;107.33257136709648;2686.987110875399;0.08362803378691452;130996.14861558133;0.0;0.0;133.3680633698641;291.49597531621345;0.542133551998665;130996.14861558133;0.5546233359865906;0.20528341416928642;152.55782015593246;332.9129898769595;0.542133551998665;130996.14861558133;0.5546233359865906;0.20528341416928642;152.42455268498026;364.02545882752656;0.45000000000000007;130996.14861558133;0.6681775981327985;0.2946286275185832;124.71644023799018;314.12867390087223;0.45000000000000007;130996.14861558133;0.6681775981327985;0.2946286275185832;124.68199631740606;314.06730324302544;0.45000000000000007;19808.874690840585;0.6681775981327985;0.2946286275185832;101.44162655296299;2689.0136390476537;0.09213355199866491;19808.874690840585;0.0;0.0;59.8505450967308;250.5547524015841;0.09213355199866491;19808.874690840585;0.0;0.0;59.85524574273472;250.6678352858513;0.09213355199866491;130996.14861558133;0.0;0.0;"Zustand 3: Temperatur 425.708 K liegt außerhalb des Boryta-Prüfbereichs; Kristallisation wurde nicht bewertet.";"Zustand 4: Temperatur 425.575 K liegt außerhalb des Boryta-Prüfbereichs; Kristallisation wurde nicht bewertet.";"Zustand 5: Temperatur 397.866 K liegt außerhalb des Boryta-Prüfbereichs; Kristallisation wurde nicht bewertet.";"Zustand 6: Temperatur 397.832 K liegt außerhalb des Boryta-Prüfbereichs; Kristallisation wurde nicht bewertet.";"Zustand 20: Temperatur 451.634 K liegt außerhalb des Boryta-Prüfbereichs; Kristallisation wurde nicht bewertet.";5
parallel;Parallel (T13 = T15);parallel;130.0;130.0;30.0;130.0;4.0;4.0;4.0;130.0;0.4600000000000001;Abwärmetemperatur [°C];hot_temperature_C;130.0;10.0;10.0;25.0;15.0;11.0;nan;nan;3.489396373685419e-21;`gtol` termination condition is satisfied.;5;8.349479768536233e-09;8.353916894110713e-11;1;True;;True;0;zulässig;feasible_but_near_limit_shex;False;True;True;107.3005565719767;133.209986441615;152.6351029613195;59.89952169665003;0.09277212769533817;0.28261902518866655;0.20605245586020152;0.29378220745021416;231.19780163725648;225.03249075572992;231.40788029730953;224.78377875420605;23.305292549271883;0.5067997124672295;4.985190836040338;18.82761971514691;0.010417147346936379;0.028216194125746177;23.119780163722126;22.50324907557326;9.256315211892538;14.985585250280954;2.118662959783753;101.70821563700702;0.02593662252019551;2689.5204366747;291.26396581639335;227.40500732417982;0.01432410406028628;0.5379491940197871;0.5705848855628347;0.21606869494293862;1.9113599591946695e-12;-8.349399394091961e-09;6.536993168992922e-13;-2.72254441213704e-12;-3.922195901395753e-12;-2.7000623958883807e-12;-8.242295734817162e-12;3.5214497984270565e-11;1.9113599591946695e-14;-8.349399394091961e-11;6.536993168992922e-15;-2.72254441213704e-12;-3.922195901395753e-14;-2.7000623958883806e-14;-8.242295734817162e-14;3.5214497984270567e-13;148.8276197151469;130.0;116.15981577169202;130.0;116.55599409364794;43.458881026060396;29.41857682505116;17.791461077403483;58.24933461094662;29.899521696650027;5.486174643088759;14.451600134685009;22.6994434280233;56.65177615017524;0.15635811608399308;8.661788972911324;4.0;0.4600000000000001;130853.0677434497;19853.863915772497;6.5908111538679455;0.15635811608399308;deltaT_shex_1_K;shex;True;True;True;True;True;True;True;True;107.3005565719767;2686.937946841399;0.09227329808007334;130853.0677434497;0.0;0.0;135.0;4.0;148.8276197151469;4.0;130.0;4.0;116.15981577169202;4.0;130.0;4.0;116.55599409364794;4.0;30.0;4.0;43.458881026060396;4.0;107.3005565719767;2686.937946841399;0.008560390192354567;130853.0677434497;0.0;0.0;101.70821563700702;291.2639658163929;0.5522732980800734;19853.863915772497;0.5557858407702625;0.20605245586020152;178.24619654019807;406.4129626443735;0.4685603901923546;130853.0677434497;0.6550824306448818;0.28261902518866655;107.3005565719767;2686.937946841399;0.08371290788771878;130853.0677434497;0.0;0.0;133.209986441615;291.2639658163929;0.5522732980800734;130853.0677434497;0.5557858407702625;0.20605245586020152;152.79146107740348;333.4628058296446;0.5522732980800734;130853.0677434497;0.5557858407702625;0.20605245586020152;152.6351029613195;363.97343284407106;0.4600000000000001;130853.0677434497;0.6672732158878246;0.29378220745021416;124.54819746870368;313.30975338913635;0.4600000000000001;130853.0677434497;0.6672732158878246;0.29378220745021416;124.51382535691124;313.24841383668905;0.4600000000000001;19853.863915772497;0.6672732158878246;0.29378220745021416;101.70821563700702;2689.5204366747;0.09227329808007334;19853.863915772497;0.0;0.0;59.89952169665003;250.7597611816636;0.09227329808007334;19853.863915772497;0.0;0.0;59.9042179434727;250.87265567621063;0.09227329808007334;130853.0677434497;0.0;0.0;"Zustand 3: Temperatur 425.941 K liegt außerhalb des Boryta-Prüfbereichs; Kristallisation wurde nicht bewertet.";"Zustand 4: Temperatur 425.785 K liegt außerhalb des Boryta-Prüfbereichs; Kristallisation wurde nicht bewertet.";"Zustand 5: Temperatur 397.698 K liegt außerhalb des Boryta-Prüfbereichs; Kristallisation wurde nicht bewertet.";"Zustand 6: Temperatur 397.664 K liegt außerhalb des Boryta-Prüfbereichs; Kristallisation wurde nicht bewertet.";"Zustand 20: Temperatur 451.396 K liegt außerhalb des Boryta-Prüfbereichs; Kristallisation wurde nicht bewertet.";5
parallel;Parallel (T13 = T15);parallel;130.0;130.0;30.0;130.0;4.0;4.0;4.0;130.0;0.4700000000000001;Abwärmetemperatur [°C];hot_temperature_C;130.0;10.0;10.0;25.0;15.0;11.0;nan;nan;1.3641332921522025e-21;`gtol` termination condition is satisfied.;5;5.220361140120908e-09;5.223281137660891e-11;1;True;;True;0;zulässig;feasible_but_near_limit_shex;False;True;True;107.2704745192828;133.05352327091003;152.835586607158;59.945671144962716;0.09322574164549041;0.2820066178220392;0.2067939903882765;0.29296129954777694;231.4806526988274;225.3798249173312;231.73957552934016;225.08166964737518;24.16113933821362;0.5067204188572318;5.086323841930933;18.844536644666732;0.0104156120604263;0.028816827384536062;23.14806526988052;22.537982491733494;9.269583021173718;15.005444643158912;2.1964672130394476;101.96340260821472;0.025536958610522707;2690.005653888086;291.03810029850706;228.1703130947455;0.014362104397944275;0.5480425506351048;0.5714974578026424;0.21670039852824494;1.7053025658242404e-12;-5.220304188924274e-09;9.094947017729282e-13;-1.7463808177353712e-12;-2.7853275241795927e-12;-3.723243935382925e-12;-8.498091119690798e-12;2.2225776774575934e-11;1.7053025658242404e-14;-5.220304188924274e-11;9.094947017729283e-15;-1.7463808177353712e-12;-2.7853275241795927e-14;-3.723243935382925e-14;-8.498091119690799e-14;2.2225776774575935e-13;148.84453664466673;130.0;116.13997754011126;130.0;116.53817765266894;43.47965460031884;29.17098752237314;18.0173978539396;58.48374800789588;29.945671144962716;5.651315768713687;14.176574931896539;22.7295254807172;56.58781439955129;0.18181124678159222;8.670534779565742;4.0;0.4700000000000001;130718.74205850073;19896.335750105154;6.56999076112846;0.18181124678159222;deltaT_shex_1_K;shex;True;True;True;True;True;True;True;True;107.2704745192828;2686.891745202504;0.09240465503304895;130718.74205850073;0.0;0.0;135.0;4.0;148.84453664466673;4.0;130.0;4.0;116.13997754011126;4.0;130.0;4.0;116.53817765266894;4.0;30.0;4.0;43.47965460031884;4.0;107.2704745192828;2686.891745202504;0.008614492496951688;130718.74205850073;0.0;0.0;101.96340260821472;291.0381002985063;0.562404655033049;19896.335750105154;0.5569031508767174;0.2067939903882765;178.01552416703987;405.7292067701364;0.47861449249695176;130718.74205850073;0.6543991654397708;0.2820066178220392;107.2704745192828;2686.891745202504;0.08379016253609727;130718.74205850073;0.0;0.0;133.05352327091003;291.0381002985063;0.562404655033049;130718.74205850073;0.5569031508767174;0.2067939903882765;153.0173978539396;333.9985187836517;0.562404655033049;130718.74205850073;0.5569031508767174;0.2067939903882765;152.835586607158;363.91844597938746;0.4700000000000001;130718.74205850073;0.666393456288592;0.29296129954777694;124.38298849134429;312.5117665363834;0.4700000000000001;130718.74205850073;0.666393456288592;0.29296129954777694;124.34868423128631;312.4504541376929;0.4700000000000001;19896.335750105154;0.666393456288592;0.29296129954777694;101.96340260821472;2690.005653888086;0.09240465503304895;19896.335750105154;0.0;0.0;59.945671144962716;250.95293693650933;0.09240465503304895;19896.335750105154;0.0;0.0;59.950363253117644;251.0656543321503;0.09240465503304895;130718.74205850073;0.0;0.0;"Zustand 3: Temperatur 426.167 K liegt außerhalb des Boryta-Prüfbereichs; Kristallisation wurde nicht bewertet.";"Zustand 4: Temperatur 425.986 K liegt außerhalb des Boryta-Prüfbereichs; Kristallisation wurde nicht bewertet.";"Zustand 5: Temperatur 397.533 K liegt außerhalb des Boryta-Prüfbereichs; Kristallisation wurde nicht bewertet.";"Zustand 6: Temperatur 397.499 K liegt außerhalb des Boryta-Prüfbereichs; Kristallisation wurde nicht bewertet.";"Zustand 20: Temperatur 451.166 K liegt außerhalb des Boryta-Prüfbereichs; Kristallisation wurde nicht bewertet.";5
parallel;Parallel (T13 = T15);parallel;130.0;130.0;30.0;130.0;4.0;4.0;4.0;130.0;0.4800000000000001;Abwärmetemperatur [°C];hot_temperature_C;130.0;10.0;10.0;25.0;15.0;11.0;nan;nan;5.615758853380276e-22;`gtol` termination condition is satisfied.;5;3.3494177628165543e-09;3.351345656114951e-11;1;True;;True;0;zulässig;feasible_but_near_limit_shex;False;True;True;107.24217214552817;132.89899313448183;153.02627730812628;59.98921082748359;0.09367929074433291;0.2814101215618789;0.20750932828265342;0.2921648932584285;231.7400047229847;225.70751722304087;232.04575212462214;225.36193707069168;25.02053370485091;0.5066377548892305;5.187602975188187;18.86004812936511;0.010414122668242473;0.02941862804431661;23.17400047229702;22.570751722304422;9.281830084984973;15.024129138046646;2.274593973472753;102.20787251951629;0.025151499939335756;2690.470580836171;290.8185575667243;228.90652947832638;0.014399945093664046;0.558128338642735;0.57237369966364;0.21730852736638778;8.348877145181177e-13;-3.3493741113943543e-09;1.9895196601282805e-13;-1.1366463326112353e-12;-2.1884716261411086e-12;-3.353761712787673e-12;-8.01492205937393e-12;1.4495071809506044e-11;8.348877145181177e-15;-3.349374111394354e-11;1.9895196601282807e-15;-1.1366463326112353e-12;-2.1884716261411086e-14;-3.353761712787673e-14;-8.01492205937393e-14;1.4495071809506043e-13;148.8600481293651;130.0;116.12166554278576;130.0;116.52141524696822;43.499253422430684;28.931952861130696;18.235936828763386;58.7086190970856;29.98921082748359;5.813399704296501;13.913793023269477;22.757827854471827;56.52751620951284;0.20965952063710347;8.678152772812041;4.0;0.4800000000000001;130592.46693438516;19936.476692088632;6.550428591337205;0.20965952063710347;deltaT_shex_1_K;shex;True;True;True;True;True;True;True;True;107.24217214552817;2686.8482718929317;0.09252828373639899;130592.46693438516;0.0;0.0;135.0;4.0;148.8600481293651;4.0;130.0;4.0;116.12166554278576;4.0;130.0;4.0;116.52141524696822;4.0;30.0;4.0;43.499253422430684;4.0;107.24217214552817;2686.8482718929317;0.008667983994216252;130592.46693438516;0.0;0.0;102.20787251951629;290.818557566726;0.5725282837363991;19936.476692088632;0.5579776425912726;0.20750932828265342;177.7920009904958;405.06538817948024;0.48866798399421635;130592.46693438516;0.6537321710050495;0.2814101215618789;107.24217214552817;2686.8482718929317;0.08386029974218273;130592.46693438516;0.0;0.0;132.89899313448183;290.818557566726;0.5725282837363991;130592.46693438516;0.5579776425912726;0.20750932828265342;153.23593682876339;334.5203875297165;0.5725282837363991;130592.46693438516;0.5579776425912726;0.20750932828265342;153.02627730812628;363.8602683580123;0.4800000000000001;130592.46693438516;0.6655374626584648;0.2921648932584285;124.22084036166979;311.734156472908;0.4800000000000001;130592.46693438516;0.6655374626584648;0.2921648932584285;124.1866002957035;311.67286766448234;0.4800000000000001;19936.476692088632;0.6655374626584648;0.2921648932584285;102.20787251951629;2690.470580836171;0.09252828373639899;19936.476692088632;0.0;0.0;59.98921082748359;251.13518944328467;0.09252828373639899;19936.476692088632;0.0;0.0;59.99389903745538;251.24774013857166;0.09252828373639899;130592.46693438516;0.0;0.0;"Zustand 3: Temperatur 426.386 K liegt außerhalb des Boryta-Prüfbereichs; Kristallisation wurde nicht bewertet.";"Zustand 4: Temperatur 426.176 K liegt außerhalb des Boryta-Prüfbereichs; Kristallisation wurde nicht bewertet.";"Zustand 5: Temperatur 397.371 K liegt außerhalb des Boryta-Prüfbereichs; Kristallisation wurde nicht bewertet.";"Zustand 6: Temperatur 397.337 K liegt außerhalb des Boryta-Prüfbereichs; Kristallisation wurde nicht bewertet.";"Zustand 20: Temperatur 450.942 K liegt außerhalb des Boryta-Prüfbereichs; Kristallisation wurde nicht bewertet.";5
parallel;Parallel (T13 = T15);parallel;130.0;130.0;30.0;130.0;4.0;4.0;4.0;130.0;0.4900000000000001;Abwärmetemperatur [°C];hot_temperature_C;130.0;10.0;10.0;25.0;15.0;11.0;nan;nan;2.447851404203831e-22;`gtol` termination condition is satisfied.;5;2.2113345530477456e-09;2.212623512576792e-11;1;True;;True;0;zulässig;feasible_but_near_limit_shex;False;True;True;107.21550884500306;132.74667593883055;153.2074504446993;60.030340799312114;0.09413387619273135;0.28082893287817584;0.20819970282640216;0.29139202127441305;231.9773522512751;226.0170733456841;232.32801800033738;225.62597338793108;25.88294664486965;0.5065516549993273;5.2890183146924565;18.874243555698285;0.010412679262078301;0.030021529429095122;23.19773522512648;22.601707334568687;9.293120720013633;15.041731559195803;2.3529951497346318;102.4422625751643;0.024779689150178977;2690.9164179172226;290.60548590736573;229.6152069957731;0.014437756823005521;0.5682070348652405;0.5732156407867827;0.2178943090288497;4.440892098500626e-13;-2.2112978115274018e-09;4.831690603168681e-13;-7.551737013500315e-13;-3.439026841078885e-12;-2.7569058147491887e-12;-5.9685589803848416e-12;1.0317080523236655e-11;4.440892098500626e-15;-2.2112978115274018e-11;4.831690603168682e-15;-7.551737013500315e-13;-3.439026841078885e-14;-2.7569058147491886e-14;-5.968558980384842e-14;1.0317080523236654e-13;148.87424355569829;130.0;116.10478361242002;130.0;116.50562360120028;43.517767544598314;28.701023173843794;18.44737015613657;58.92449503056599;30.030340799312114;5.972411505556863;13.662521037255715;22.784491154996942;56.470598268092715;0.23991971143726687;8.68490819023134;4.0;0.4900000000000001;130473.59672806463;19974.459345642415;6.532021441497913;0.23991971143726687;deltaT_shex_1_K;shex;True;True;True;True;True;True;True;True;107.21550884500306;2686.807311819041;0.09264479168824591;130473.59672806463;0.0;0.0;135.0;4.0;148.87424355569829;4.0;130.0;4.0;116.10478361242002;4.0;130.0;4.0;116.50562360120028;4.0;30.0;4.0;43.517767544598314;4.0;107.21550884500306;2686.807311819041;0.008721013350682727;130473.59672806463;0.0;0.0;102.4422625751643;290.60548590736727;0.582644791688246;19974.459345642415;0.5590115353920655;0.20819970282640216;177.57526672954208;404.4205979374591;0.4987210133506828;130473.59672806463;0.6530808826408273;0.28082893287817584;107.21550884500306;2686.807311819041;0.08392377833756318;130473.59672806463;0.0;0.0;132.74667593883055;290.60548590736727;0.582644791688246;130473.59672806463;0.5590115353920655;0.20819970282640216;153.44737015613657;335.0286868251552;0.582644791688246;130473.59672806463;0.5590115353920655;0.20819970282640216;153.2074504446993;363.7987101758638;0.4900000000000001;130473.59672806463;0.664704407326197;0.29139202127441305;124.06176774859921;310.976370084294;0.4900000000000001;130473.59672806463;0.664704407326197;0.29139202127441305;124.02758849444314;310.91510165688766;0.4900000000000001;19974.459345642415;0.664704407326197;0.29139202127441305;102.4422625751643;2690.9164179172226;0.09264479168824591;19974.459345642415;0.0;0.0;60.030340799312114;251.30735596107723;0.09264479168824591;19974.459345642415;0.0;0.0;60.03502533310757;251.41974953520406;0.09264479168824591;130473.59672806463;0.0;0.0;"Zustand 3: Temperatur 426.597 K liegt außerhalb des Boryta-Prüfbereichs; Kristallisation wurde nicht bewertet.";"Zustand 4: Temperatur 426.357 K liegt außerhalb des Boryta-Prüfbereichs; Kristallisation wurde nicht bewertet.";"Zustand 5: Temperatur 397.212 K liegt außerhalb des Boryta-Prüfbereichs; Kristallisation wurde nicht bewertet.";"Zustand 6: Temperatur 397.178 K liegt außerhalb des Boryta-Prüfbereichs; Kristallisation wurde nicht bewertet.";"Zustand 20: Temperatur 450.725 K liegt außerhalb des Boryta-Prüfbereichs; Kristallisation wurde nicht bewertet.";5
parallel;Parallel (T13 = T15);parallel;130.0;130.0;30.0;130.0;4.0;4.0;4.0;130.0;0.5000000000000001;Abwärmetemperatur [°C];hot_temperature_C;130.0;10.0;10.0;25.0;15.0;11.0;nan;nan;1.126970954066975e-22;`gtol` termination condition is satisfied.;5;1.500445166647926e-09;1.5013133943763872e-11;1;True;;True;0;zulässig;feasible_but_near_limit_shex;False;True;True;107.19035537286243;132.5968148804904;153.3793827062347;60.06924527441572;0.09459052373181824;0.28026247423279255;0.2088662752469907;0.29064175774955525;232.194067757649;226.30987973312236;232.58785228260226;225.87505846063348;26.747879776976877;0.5064620546539486;5.390560230629399;18.887205009428783;0.010411281427833449;0.03062546610826209;23.219406775764316;22.630987973312415;9.303514091304194;15.058337230709247;2.431625434407027;102.66716569982526;0.02442099457737224;2691.344282438041;290.3990031988651;230.29780040651212;0.01447566023395952;0.5782790774200192;0.5740251696215438;0.21845889237763363;5.080380560684716e-13;-1.5004211206814944e-09;-3.410605131648481e-13;-5.105360578738782e-13;-2.5863755581667647e-12;-1.7905676941154525e-12;-5.229594535194337e-12;5.8548721426632255e-12;5.080380560684716e-15;-1.5004211206814945e-11;-3.4106051316484808e-15;-5.105360578738782e-13;-2.5863755581667648e-14;-1.7905676941154525e-14;-5.2295945351943376e-14;5.854872142663226e-14;148.88720500942878;130.0;116.08924328453338;130.0;116.49072616862242;43.53527988834463;28.477778260140553;18.651976396311795;59.13188581148063;30.06924527441572;6.128347047542718;13.42207758470812;22.809644627137573;56.41679983171986;0.27259369007708756;8.691040356829717;4.0;0.5000000000000001;130361.53936431685;20010.443488168585;6.514675171562024;0.27259369007708756;deltaT_shex_1_K;shex;True;True;True;True;True;True;True;True;107.19035537286243;2686.76866719945;0.09275473765397857;130361.53936431685;0.0;0.0;135.0;4.0;148.88720500942878;4.0;130.0;4.0;116.08924328453338;4.0;130.0;4.0;116.49072616862242;4.0;30.0;4.0;43.53527988834463;4.0;107.19035537286243;2686.76866719945;0.008773719213297235;130361.53936431685;0.0;0.0;102.66716569982526;290.399003198865;0.5927547376539787;20010.443488168585;0.560006904066941;0.2088662752469907;177.36498326956934;403.7939770601561;0.5087737192132974;130361.53936431685;0.6524447568133176;0.28026247423279255;107.19035537286243;2686.76866719945;0.08398101844068133;130361.53936431685;0.0;0.0;132.5968148804904;290.399003198865;0.5927547376539787;130361.53936431685;0.560006904066941;0.2088662752469907;153.6519763963118;335.5237033114957;0.5927547376539787;130361.53936431685;0.560006904066941;0.2088662752469907;153.3793827062347;363.73361925546266;0.5000000000000001;130361.53936431685;0.6638934910092327;0.29064175774955525;123.90577452366068;310.23785970150993;0.5000000000000001;130361.53936431685;0.6638934910092327;0.29064175774955525;123.87165295245728;310.1766087692934;0.5000000000000001;20010.443488168585;0.6638934910092327;0.29064175774955525;102.66716569982526;2691.344282438041;0.09275473765397857;20010.443488168585;0.0;0.0;60.06924527441572;251.47020746225826;0.09275473765397857;20010.443488168585;0.0;0.0;60.07392633690256;251.5824527414878;0.09275473765397857;130361.53936431685;0.0;0.0;"Zustand 3: Temperatur 426.802 K liegt außerhalb des Boryta-Prüfbereichs; Kristallisation wurde nicht bewertet.";"Zustand 4: Temperatur 426.529 K liegt außerhalb des Boryta-Prüfbereichs; Kristallisation wurde nicht bewertet.";"Zustand 5: Temperatur 397.056 K liegt außerhalb des Boryta-Prüfbereichs; Kristallisation wurde nicht bewertet.";"Zustand 6: Temperatur 397.022 K liegt außerhalb des Boryta-Prüfbereichs; Kristallisation wurde nicht bewertet.";"Zustand 20: Temperatur 450.515 K liegt außerhalb des Boryta-Prüfbereichs; Kristallisation wurde nicht bewertet.";5
parallel;Parallel (T13 = T15);parallel;130.0;130.0;30.0;130.0;4.0;4.0;4.0;130.0;0.5100000000000001;Abwärmetemperatur [°C];hot_temperature_C;130.0;10.0;10.0;25.0;15.0;11.0;nan;nan;5.45187033222998e-23;`gtol` termination condition is satisfied.;5;1.0436118920155472e-09;1.0442097808611046e-11;1;True;;True;0;zulässig;feasible_but_near_limit_shex;False;True;True;107.16659285448895;132.44961912397747;153.5423515422043;60.10609397548495;0.09505018433838397;0.2797101932603132;0.20951013954627623;0.28991321660498726;232.39141364386958;226.5872137676542;232.82661765114642;226.1103694579997;27.61486484706112;0.50636889196425;5.492219385058809;18.899007993054397;0.010409928354999595;0.031230374022974395;23.23914136438658;22.658721376765683;9.313064706045985;15.074024630533644;2.5104422589186095;102.88313384702678;0.0240749082184998;2691.7552147916203;290.19919768436233;230.95567461037223;0.01451376632732071;0.5883448695435295;0.5748040444110226;0.2190033530098341;3.552713678800501e-13;-1.0435847741518955e-09;1.4210854715202004e-13;-3.5332847758695607e-13;-3.211653165635653e-12;-2.6432189770275727e-12;-4.973799150320701e-12;3.780087354243733e-12;3.552713678800501e-15;-1.0435847741518955e-11;1.4210854715202005e-15;-3.5332847758695607e-13;-3.2116531656356525e-14;-2.6432189770275728e-14;-4.973799150320701e-14;3.780087354243733e-14;148.8990079930544;130.0;116.07496305914196;130.0;116.476652544378;43.551866852132434;28.261825168927203;18.850021118482232;59.33126699489435;30.106093975484953;6.281211602555345;13.19182921211518;22.833407145511046;56.36588078860285;0.3076695762779309;8.696763942819985;4.0;0.5100000000000001;130255.75147560035;20044.577054894533;6.498303811493702;0.3076695762779309;deltaT_shex_1_K;shex;True;True;True;True;True;True;True;True;107.16659285448895;2686.732156064501;0.09285863587085008;130255.75147560035;0.0;0.0;135.0;4.0;148.8990079930544;4.0;130.0;4.0;116.07496305914196;4.0;130.0;4.0;116.476652544378;4.0;30.0;4.0;43.551866852132434;4.0;107.16659285448895;2686.732156064501;0.008826230456935175;130255.75147560035;0.0;0.0;102.88313384702678;290.1991976843638;0.6028586358708502;20044.577054894533;0.5609656897982047;0.20951013954627623;177.1608331619816;403.1847136496898;0.5188262304569353;130255.75147560035;0.6518232708176849;0.2797101932603132;107.16659285448895;2686.732156064501;0.0840324054139149;130255.75147560035;0.0;0.0;132.44961912397747;290.1991976843638;0.6028586358708502;130255.75147560035;0.5609656897982047;0.20951013954627623;153.85002111848223;336.00573209216986;0.6028586358708502;130255.75147560035;0.5609656897982047;0.20951013954627623;153.5423515422043;363.66487838283126;0.5100000000000001;130255.75147560035;0.6631039422001885;0.28991321660498726;123.75285518115749;309.51808456506507;0.5100000000000001;130255.75147560035;0.6631039422001885;0.28991321660498726;123.71878839744465;309.45684853756904;0.5100000000000001;20044.577054894533;0.6631039422001885;0.28991321660498726;102.88313384702678;2691.7552147916203;0.09285863587085008;20044.577054894533;0.0;0.0;60.10609397548495;251.62445427951403;0.09285863587085008;20044.577054894533;0.0;0.0;60.11077175577515;251.7365593977658;0.09285863587085008;130255.75147560035;0.0;0.0;"Zustand 3: Temperatur 427.000 K liegt außerhalb des Boryta-Prüfbereichs; Kristallisation wurde nicht bewertet.";"Zustand 4: Temperatur 426.692 K liegt außerhalb des Boryta-Prüfbereichs; Kristallisation wurde nicht bewertet.";"Zustand 5: Temperatur 396.903 K liegt außerhalb des Boryta-Prüfbereichs; Kristallisation wurde nicht bewertet.";"Zustand 6: Temperatur 396.869 K liegt außerhalb des Boryta-Prüfbereichs; Kristallisation wurde nicht bewertet.";"Zustand 20: Temperatur 450.311 K liegt außerhalb des Boryta-Prüfbereichs; Kristallisation wurde nicht bewertet.";5
parallel;Parallel (T13 = T15);parallel;130.0;130.0;30.0;130.0;4.0;4.0;4.0;130.0;0.5200000000000001;Abwärmetemperatur [°C];hot_temperature_C;130.0;10.0;10.0;25.0;15.0;11.0;nan;nan;2.7858446301169274e-23;`gtol` termination condition is satisfied.;5;7.4599434339001e-10;7.46437489695812e-12;1;True;;True;0;zulässig;feasible_but_near_limit_shex;False;True;True;107.14411188949617;132.30526645980467;153.6966344994006;60.14104335877903;0.09551373562228273;0.2791715618946777;0.2101323269904858;0.2892055499074741;232.57055291957712;226.85025298456512;233.04557136502902;226.33298972960196;28.483463021896586;0.5062721089234029;5.593986731071114;18.90972206456803;0.01040861892680347;0.031836190584911384;23.25705529195736;22.68502529845652;9.321822854601153;15.088865981973553;2.5894057293311428;103.09068106356494;0.023740944016429257;2692.150184183549;290.00612924853186;231.59011028504648;0.014552176868442457;0.5984047829884204;0.5755539033018044;0.21952869835473685;4.227729277772596e-13;-7.45984607419814e-10;1.9895196601282805e-13;-2.571831636544175e-13;1.7053025658242404e-13;-8.526512829121202e-14;-1.3358203432289883e-12;3.524291969370097e-12;4.227729277772596e-15;-7.45984607419814e-12;1.9895196601282807e-15;-2.571831636544175e-13;1.7053025658242404e-15;-8.526512829121202e-16;-1.3358203432289883e-14;3.524291969370097e-14;148.90972206456803;130.0;116.06186774132601;130.0;116.4633379348324;43.567598862713226;28.052796163275218;19.041757501595725;59.52308220085172;30.14104335877903;6.431018571884124;12.971186677761068;22.855888110503827;56.31761990348082;0.34512300219512326;8.702270355096857;4.0;0.5200000000000001;130155.73403235622;20076.997046426004;6.4828287682358265;0.34512300219512326;deltaT_shex_1_K;shex;True;True;True;True;True;True;True;True;107.14411188949617;2686.697610897839;0.0929569598568627;130155.73403235622;0.0;0.0;135.0;4.0;148.90972206456803;4.0;130.0;4.0;116.06186774132601;4.0;130.0;4.0;116.4633379348324;4.0;30.0;4.0;43.567598862713226;4.0;107.14411188949617;2686.697610897839;0.008878666488019531;130155.73403235622;0.0;0.0;103.09068106356494;290.00612924853175;0.6129569598568628;20076.997046426004;0.561889710305079;0.2101323269904858;176.96251822784325;402.5920401686209;0.5288786664880196;130155.73403235622;0.6512159223414499;0.2791715618946777;107.14411188949617;2686.697610897839;0.08407829336884316;130155.73403235622;0.0;0.0;132.30526645980467;290.00612924853175;0.6129569598568628;130155.73403235622;0.561889710305079;0.2101323269904858;154.04175750159573;336.47507386831063;0.6129569598568628;130155.73403235622;0.561889710305079;0.2101323269904858;153.6966344994006;363.592402503367;0.5200000000000001;130155.73403235622;0.6623350165451047;0.2892055499074741;123.60299610470781;308.8165120766436;0.5200000000000001;130155.73403235622;0.6623350165451047;0.2892055499074741;123.56898142811588;308.7552886332111;0.5200000000000001;20076.997046426004;0.6623350165451047;0.2892055499074741;103.09068106356494;2692.150184183549;0.0929569598568627;20076.997046426004;0.0;0.0;60.14104335877903;251.7707512301213;0.0929569598568627;20076.997046426004;0.0;0.0;60.14571803135158;251.88272368428537;0.0929569598568627;130155.73403235622;0.0;0.0;"Zustand 3: Temperatur 427.192 K liegt außerhalb des Boryta-Prüfbereichs; Kristallisation wurde nicht bewertet.";"Zustand 4: Temperatur 426.847 K liegt außerhalb des Boryta-Prüfbereichs; Kristallisation wurde nicht bewertet.";"Zustand 5: Temperatur 396.753 K liegt außerhalb des Boryta-Prüfbereichs; Kristallisation wurde nicht bewertet.";"Zustand 6: Temperatur 396.719 K liegt außerhalb des Boryta-Prüfbereichs; Kristallisation wurde nicht bewertet.";"Zustand 20: Temperatur 450.113 K liegt außerhalb des Boryta-Prüfbereichs; Kristallisation wurde nicht bewertet.";5
parallel;Parallel (T13 = T15);parallel;130.0;130.0;30.0;130.0;4.0;4.0;4.0;130.0;0.5300000000000001;Abwärmetemperatur [°C];hot_temperature_C;130.0;10.0;10.0;25.0;15.0;11.0;nan;nan;1.4710353663614145e-23;`gtol` termination condition is satisfied.;5;5.420824648497277e-10;5.4240858517568e-12;1;True;;True;0;zulässig;feasible_but_near_limit_shex;False;True;True;107.12281174018409;132.16390590998776;153.84250848879515;60.17423772691558;0.09598198381670098;0.2786460754556014;0.2107338102808064;0.28851794630893013;232.73255870979753;227.1000834472908;233.24587510876222;226.54391684178094;29.353264007286246;0.5061716523163506;5.695853510693103;18.919411406088386;0.010407351794321344;0.03244285475110258;23.27325587097948;22.71000834472944;9.329835004350539;15.102927789452453;2.668478546166207;103.29028632570595;0.02341863639898928;2692.530093935665;289.8198310615066;232.2023092496132;0.014590984824367492;0.6084591610413936;0.576276273644395;0.22003587243715816;2.3803181647963356e-13;-5.420304205472348e-10;1.1368683772161603e-13;-1.8807178037150152e-13;-1.2505552149377763e-12;-3.609557097661309e-12;-5.8548721426632255e-12;2.7284841053187847e-12;2.3803181647963358e-15;-5.4203042054723485e-12;1.1368683772161603e-15;-1.8807178037150152e-13;-1.2505552149377763e-14;-3.609557097661309e-14;-5.854872142663226e-14;2.7284841053187846e-14;148.9194114060884;130.0;116.04988785234673;130.0;116.450722676927;43.58254087603416;27.850346850601397;19.22742692551185;59.70774544967179;30.174237726915578;6.5777883566572655;12.759601526640779;22.87718825981591;56.27181322416146;0.38491843671670267;8.707729215156462;4.0;0.5300000000000001;130061.02840744794;20107.830365643695;6.4681781197871375;0.38491843671670267;deltaT_shex_1_K;shex;True;True;True;True;True;True;True;True;107.12281174018409;2686.664877404969;0.09305014586576099;130061.02840744794;0.0;0.0;135.0;4.0;148.9194114060884;4.0;130.0;4.0;116.04988785234673;4.0;130.0;4.0;116.450722676927;4.0;30.0;4.0;43.58254087603416;4.0;107.12281174018409;2686.664877404969;0.008931137594629136;130061.02840744794;0.0;0.0;103.29028632570595;289.8198310615069;0.6230501458657611;20107.830365643695;0.5627806691265526;0.2107338102808064;176.76975825668978;402.0152308466595;0.5389311375946293;130061.02840744794;0.6506222289454362;0.2786460754556014;107.12281174018409;2686.664877404969;0.08411900827113186;130061.02840744794;0.0;0.0;132.16390590998776;289.8198310615069;0.6230501458657611;130061.02840744794;0.5627806691265526;0.2107338102808064;154.22742692551185;336.93203254650666;0.6230501458657611;130061.02840744794;0.5627806691265526;0.2107338102808064;153.84250848879515;363.51613584867283;0.5300000000000001;130061.02840744794;0.6615859962070361;0.28851794630893013;123.4561766948313;308.1326188537936;0.5300000000000001;130061.02840744794;0.6615859962070361;0.28851794630893013;123.42221164334273;308.07140592030095;0.5300000000000001;20107.830365643695;0.6615859962070361;0.28851794630893013;103.29028632570595;2692.530093935665;0.09305014586576099;20107.830365643695;0.0;0.0;60.17423772691558;251.90970227161256;0.09305014586576099;20107.830365643695;0.0;0.0;60.17890945276554;252.02154897209314;0.09305014586576099;130061.02840744794;0.0;0.0;"Zustand 3: Temperatur 427.377 K liegt außerhalb des Boryta-Prüfbereichs; Kristallisation wurde nicht bewertet.";"Zustand 4: Temperatur 426.993 K liegt außerhalb des Boryta-Prüfbereichs; Kristallisation wurde nicht bewertet.";"Zustand 5: Temperatur 396.606 K liegt außerhalb des Boryta-Prüfbereichs; Kristallisation wurde nicht bewertet.";"Zustand 6: Temperatur 396.572 K liegt außerhalb des Boryta-Prüfbereichs; Kristallisation wurde nicht bewertet.";"Zustand 20: Temperatur 449.920 K liegt außerhalb des Boryta-Prüfbereichs; Kristallisation wurde nicht bewertet.";5
parallel;Parallel (T13 = T15);parallel;130.0;130.0;30.0;130.0;4.0;4.0;4.0;130.0;0.5400000000000001;Abwärmetemperatur [°C];hot_temperature_C;130.0;10.0;10.0;25.0;15.0;11.0;nan;nan;7.98900077164534e-24;`gtol` termination condition is satisfied.;5;3.994862775724918e-10;3.9972492470811326e-12;1;True;;True;0;zulässig;feasible_but_near_limit_shex;False;True;True;107.102599595514;132.02566025389098;153.9802490196326;60.205810241014376;0.09645566625167618;0.27813325170894576;0.2113155074250498;0.2878496295395757;232.87842272042613;227.3377073651314;233.42860378680064;226.74406986624203;30.22388502504303;0.5060674743498783;5.797811251691423;18.928135330169027;0.010406125437244238;0.03305030707806575;23.28784227204244;22.733770736513293;9.337144151472067;15.116271324416362;2.7476259114038633;103.48239616228699;0.023107539030995227;2692.895786394267;289.6403114736448;232.79339954938212;0.01463027481967527;0.6185083212052409;0.5769725805453928;0.22052576032145246;4.618527782440651e-13;-3.994635733306495e-10;-2.842170943040401e-14;-1.3811174426336947e-13;-1.0516032489249483e-12;-1.5347723092418164e-12;-3.382183422218077e-12;1.7337242752546445e-12;4.618527782440651e-15;-3.9946357333064956e-12;-2.842170943040401e-16;-1.3811174426336947e-13;-1.0516032489249483e-14;-1.5347723092418165e-14;-3.382183422218077e-14;1.7337242752546444e-14;148.92813533016903;130.0;116.03895910366026;130.0;116.43875180225825;43.59675283284281;27.65415446316382;19.407259547077786;59.88564332944418;30.205810241014376;6.721547354167797;12.556562941373272;22.897400404486007;56.22827263365019;0.42701052744519075;8.713289882683853;4.0;0.5400000000000001;129971.21282582635;20137.194589556937;6.454285985458415;0.42701052744519075;deltaT_shex_1_K;shex;True;True;True;True;True;True;True;True;107.102599595514;2686.6338133954887;0.09313859602491603;129971.21282582635;0.0;0.0;135.0;4.0;148.92813533016903;4.0;130.0;4.0;116.03895910366026;4.0;130.0;4.0;116.43875180225825;4.0;30.0;4.0;43.59675283284281;4.0;107.102599595514;2686.6338133954887;0.008983745333328994;129971.21282582635;0.0;0.0;103.48239616228699;289.6403114736444;0.6331385960249162;20137.194589556937;0.563640164120626;0.2113155074250498;176.58228979333285;401.45359921545423;0.5489837453333292;129971.21282582635;0.6500417274796483;0.27813325170894576;107.102599595514;2686.6338133954887;0.08415485069158704;129971.21282582635;0.0;0.0;132.02566025389098;289.6403114736444;0.6331385960249162;129971.21282582635;0.563640164120626;0.2113155074250498;154.40725954707779;337.3769132458314;0.6331385960249162;129971.21282582635;0.563640164120626;0.2113155074250498;153.9802490196326;363.43604905812896;0.5400000000000001;129971.21282582635;0.6608561892121969;0.2878496295395757;123.31237037120712;307.46589160434644;0.5400000000000001;129971.21282582635;0.6608561892121969;0.2878496295395757;123.2784526458322;307.40468733197963;0.5400000000000001;20137.194589556937;0.6608561892121969;0.2878496295395757;103.48239616228699;2692.895786394267;0.09313859602491603;20137.194589556937;0.0;0.0;60.205810241014376;252.04186473632151;0.09313859602491603;20137.194589556937;0.0;0.0;60.21047916860806;252.15359205325962;0.09313859602491603;129971.21282582635;0.0;0.0;"Zustand 3: Temperatur 427.557 K liegt außerhalb des Boryta-Prüfbereichs; Kristallisation wurde nicht bewertet.";"Zustand 4: Temperatur 427.130 K liegt außerhalb des Boryta-Prüfbereichs; Kristallisation wurde nicht bewertet.";"Zustand 5: Temperatur 396.462 K liegt außerhalb des Boryta-Prüfbereichs; Kristallisation wurde nicht bewertet.";"Zustand 6: Temperatur 396.428 K liegt außerhalb des Boryta-Prüfbereichs; Kristallisation wurde nicht bewertet.";"Zustand 20: Temperatur 449.732 K liegt außerhalb des Boryta-Prüfbereichs; Kristallisation wurde nicht bewertet.";5
parallel;Parallel (T13 = T15);parallel;130.0;130.0;30.0;130.0;4.0;4.0;4.0;130.0;0.5500000000000002;Abwärmetemperatur [°C];hot_temperature_C;130.0;10.0;10.0;25.0;15.0;11.0;nan;nan;4.44388547552912e-24;`gtol` termination condition is satisfied.;5;2.979486416961024e-10;2.981236480230684e-12;1;True;;True;0;zulässig;feasible_but_near_limit_shex;False;True;True;107.08338990276462;131.89062845269603;154.1101294319372;60.23588384225849;0.09693545420492763;0.2776326299140769;0.21187828533047706;0.2871998569499393;233.00906277990825;227.56405002915758;233.5947533827191;226.93429599837538;31.09496968151243;0.5059595330480225;5.899851763417479;18.935948730855785;0.010404938213524995;0.033658489758119185;23.30090627799074;22.75640500291607;9.343790135308721;15.12895306655866;2.8268154256191207;103.66742707911715;0.02280722373954823;2693.248047469093;289.4675560642553;233.364440261423;0.014670123604216379;0.6285525575842029;0.5776441547284792;0.22099919225125536;2.4158453015843406e-13;-2.97895041967422e-10;5.684341886080802e-14;-1.021405182655144e-13;1.0800249583553523e-12;-3.097966327914037e-12;-4.519051799434237e-12;8.242295734817162e-13;2.415845301584341e-15;-2.97895041967422e-12;5.684341886080802e-16;-1.021405182655144e-13;1.0800249583553523e-14;-3.097966327914037e-14;-4.5190517994342374e-14;8.242295734817162e-15;148.93594873085578;130.0;116.02902192687088;130.0;116.42737464124548;43.61029007351419;27.463916275723818;19.581474857386013;60.057137005602954;30.235883842258488;6.8623270671145065;12.361594847753736;22.916610097235377;56.18682453268684;0.47134542544881697;8.719082990549794;4.0;0.5500000000000002;129885.89915687552;20165.198681244496;6.441091962941156;0.47134542544881697;deltaT_shex_1_K;shex;True;True;True;True;True;True;True;True;107.08338990276462;2686.604287767343;0.09322268118841914;129885.89915687552;0.0;0.0;135.0;4.0;148.93594873085578;4.0;130.0;4.0;116.02902192687088;4.0;130.0;4.0;116.42737464124548;4.0;30.0;4.0;43.61029007351419;4.0;107.08338990276462;2686.604287767343;0.009036582943200573;129885.89915687552;0.0;0.0;103.66742707911715;289.4675560642551;0.6432226811884193;20165.198681244496;0.5644696952497446;0.21187828533047706;176.3998650065796;400.90649576844254;0.5590365829432007;129885.89915687552;0.6494739734503967;0.2776326299140769;107.08338990276462;2686.604287767343;0.08418609824521857;129885.89915687552;0.0;0.0;131.89062845269603;289.4675560642551;0.6432226811884193;129885.89915687552;0.5644696952497446;0.21187828533047706;154.581474857386;337.81002064286935;0.6432226811884193;129885.89915687552;0.5644696952497446;0.21187828533047706;154.1101294319372;363.3521363493727;0.5500000000000002;129885.89915687552;0.6601449287784555;0.2871998569499393;123.17154546214624;306.81582783753237;0.5500000000000002;129885.89915687552;0.6601449287784555;0.2871998569499393;123.1376729328855;306.7546305834267;0.5500000000000002;20165.198681244496;0.6601449287784555;0.2871998569499393;103.66742707911715;2693.248047469093;0.09322268118841914;20165.198681244496;0.0;0.0;60.23588384225849;252.16775318736822;0.09322268118841914;20165.198681244496;0.0;0.0;60.24055010855864;252.27936699294517;0.09322268118841914;129885.89915687552;0.0;0.0;"Zustand 3: Temperatur 427.731 K liegt außerhalb des Boryta-Prüfbereichs; Kristallisation wurde nicht bewertet.";"Zustand 4: Temperatur 427.260 K liegt außerhalb des Boryta-Prüfbereichs; Kristallisation wurde nicht bewertet.";"Zustand 5: Temperatur 396.322 K liegt außerhalb des Boryta-Prüfbereichs; Kristallisation wurde nicht bewertet.";"Zustand 6: Temperatur 396.288 K liegt außerhalb des Boryta-Prüfbereichs; Kristallisation wurde nicht bewertet.";"Zustand 20: Temperatur 449.550 K liegt außerhalb des Boryta-Prüfbereichs; Kristallisation wurde nicht bewertet.";5
parallel;Parallel (T13 = T15);parallel;130.0;130.0;30.0;130.0;4.0;4.0;4.0;130.0;0.5600000000000002;Abwärmetemperatur [°C];hot_temperature_C;130.0;10.0;10.0;25.0;15.0;11.0;nan;nan;2.52913960190235e-24;`gtol` termination condition is satisfied.;5;2.247790799824098e-10;2.2490618497063836e-12;1;True;;True;0;zulässig;feasible;True;True;True;107.06510375996481;131.75888795597655;154.23242015224565;60.26457209178096;0.09742195603231457;0.27714376987007233;0.21242296313714698;0.2865679180987628;233.12532956368142;227.77996613346858;233.74524798832584;227.11537657378415;31.966186757761374;0.5058477924539271;6.001967131825483;18.942902485866114;0.010403788399773522;0.034267346640393756;23.31253295636808;22.77799661334697;9.349809919533067;15.141025104919116;2.9060169779987395;103.8457677983775;0.022517279579512023;2693.5876108280577;289.30152976541774;233.91642602350402;0.014710600526216533;0.6385921430077486;0.5782922397574785;0.22145694750041356;1.2789769243681803e-13;-2.247588781756349e-10;-8.526512829121202e-14;-7.560618797697316e-14;-8.242295734817162e-13;-1.1368683772161603e-12;-2.5863755581667647e-12;6.252776074688882e-13;1.2789769243681803e-15;-2.247588781756349e-12;-8.526512829121202e-16;-7.560618797697316e-14;-8.242295734817162e-15;-1.1368683772161604e-14;-2.5863755581667648e-14;6.252776074688882e-15;148.9429024858661;130.0;116.0200210533298;130.0;116.41654446329039;43.623203716116564;27.279348148786653;19.750282217741187;60.22256408226093;30.264572091780963;7.000163314259112;12.174253254952305;22.934896240035187;56.147308640263816;0.5178620654955353;8.725221963209322;4.0;0.5600000000000002;129804.73001228407;20191.943646583793;6.428540624133789;0.5178620654955353;deltaT_shex_1_K;shex;True;True;True;True;True;True;True;True;107.06510375996481;2686.576179582775;0.09330274353396495;129804.73001228407;0.0;0.0;135.0;4.0;148.9429024858661;4.0;130.0;4.0;116.0200210533298;4.0;130.0;4.0;116.41654446329039;4.0;30.0;4.0;43.623203716116564;4.0;107.06510375996481;2686.576179582775;0.009089735778260256;129804.73001228407;0.0;0.0;103.8457677983775;289.3015297654176;0.6533027435339651;20191.943646583793;0.5652706717161972;0.21242296313714698;176.22225063465277;400.3733057435536;0.5690897357782604;129804.73001228407;0.6489185403537931;0.27714376987007233;107.06510375996481;2686.576179582775;0.0842130077557047;129804.73001228407;0.0;0.0;131.75888795597655;289.3015297654176;0.6533027435339651;129804.73001228407;0.5652706717161972;0.21242296313714698;154.7502822177412;338.2316576030018;0.6533027435339651;129804.73001228407;0.5652706717161972;0.21242296313714698;154.23242015224565;363.26441278159314;0.5600000000000002;129804.73001228407;0.6594515726276408;0.2865679180987628;123.03366599276723;306.18193642844807;0.5600000000000002;129804.73001228407;0.6594515726276408;0.2865679180987628;122.99983668574089;306.1207447380188;0.5600000000000002;20191.943646583793;0.6594515726276408;0.2865679180987628;103.8457677983775;2693.5876108280577;0.09330274353396495;20191.943646583793;0.0;0.0;60.26457209178096;252.28784293270172;0.09330274353396495;20191.943646583793;0.0;0.0;60.26923582302658;252.3993486398837;0.09330274353396495;129804.73001228407;0.0;0.0;"Zustand 3: Temperatur 427.900 K liegt außerhalb des Boryta-Prüfbereichs; Kristallisation wurde nicht bewertet.";"Zustand 4: Temperatur 427.382 K liegt außerhalb des Boryta-Prüfbereichs; Kristallisation wurde nicht bewertet.";"Zustand 5: Temperatur 396.184 K liegt außerhalb des Boryta-Prüfbereichs; Kristallisation wurde nicht bewertet.";"Zustand 6: Temperatur 396.150 K liegt außerhalb des Boryta-Prüfbereichs; Kristallisation wurde nicht bewertet.";"Zustand 20: Temperatur 449.372 K liegt außerhalb des Boryta-Prüfbereichs; Kristallisation wurde nicht bewertet.";5
parallel;Parallel (T13 = T15);parallel;130.0;130.0;30.0;130.0;4.0;4.0;4.0;130.0;0.5700000000000002;Abwärmetemperatur [°C];hot_temperature_C;130.0;10.0;10.0;25.0;15.0;11.0;nan;nan;1.4689999885953245e-24;`gtol` termination condition is satisfied.;5;1.7131405776091172e-10;1.7140595022316608e-12;1;True;;True;0;zulässig;feasible;True;True;True;107.0476683630115;131.63049687863747;154.34738799149545;60.291979936777295;0.09791572048958627;0.27666625097083203;0.21295031531036976;0.2859531333851626;233.2280125966391;227.98624554115833;233.88094609709057;227.28803254324419;32.83722894846676;0.5057322226752233;6.104149713790762;18.94904381558848;0.010402674223955312;0.03487682323878438;23.322801259663816;22.798624554115875;9.355237843883685;15.152535502883042;2.985202631694369;104.01778132603806;0.022237312011454544;2693.915161771617;289.1421789979836;234.4502912919148;0.014751768004756305;0.648627330923999;0.5789179986712849;0.22189975795083342;4.263256414560601e-14;-1.7129764273704495e-10;1.1368683772161603e-13;-5.612177389480166e-14;-1.5631940186722204e-12;-4.263256414560601e-13;-1.4495071809506044e-12;9.379164112033322e-13;4.263256414560601e-16;-1.7129764273704496e-12;1.1368683772161603e-15;-5.612177389480166e-14;-1.5631940186722205e-14;-4.263256414560601e-15;-1.4495071809506044e-14;9.379164112033323e-15;148.94904381558848;130.0;116.01190513773383;130.0;116.40621814932751;43.63554100126544;27.100183187007474;19.913881372870662;60.382240324772624;30.291979936777295;7.135095532020898;11.994123811695772;22.952331636988504;56.10957690000032;0.56649338137521;8.731804496300413;4.0;0.5700000000000002;129727.37611693925;20217.523140076177;6.416581062780495;0.56649338137521;deltaT_shex_1_K;shex;True;True;True;True;True;True;True;True;107.0476683630115;2686.5493772268874;0.09337909892875518;129727.37611693925;0.0;0.0;135.0;4.0;148.94904381558848;4.0;130.0;4.0;116.01190513773383;4.0;130.0;4.0;116.40621814932751;4.0;30.0;4.0;43.63554100126544;4.0;107.0476683630115;2686.5493772268874;0.009143281750277416;129727.37611693925;0.0;0.0;104.01778132603806;289.1421789979907;0.6633790989287554;20217.523140076177;0.5660444185057848;0.21295031531036976;176.04922700259596;399.85344702643835;0.5791432817502776;129727.37611693925;0.6483750189888047;0.27666625097083203;107.0476683630115;2686.5493772268874;0.08423581717847776;129727.37611693925;0.0;0.0;131.63049687863747;289.1421789979907;0.6633790989287554;129727.37611693925;0.5660444185057848;0.21295031531036976;154.91388137287066;338.642124054284;0.6633790989287554;129727.37611693925;0.5660444185057848;0.21295031531036976;154.34738799149545;363.17291164567473;0.5700000000000002;129727.37611693925;0.6587755022842433;0.2859531333851626;122.89869238233706;305.5637380518735;0.5700000000000002;129727.37611693925;0.6587755022842433;0.2859531333851626;122.8649044679791;305.50255064268265;0.5700000000000002;20217.523140076177;0.6587755022842433;0.2859531333851626;104.01778132603806;2693.915161771617;0.09337909892875518;20217.523140076177;0.0;0.0;60.291979936777295;252.40257323075437;0.09337909892875518;20217.523140076177;0.0;0.0;60.296641249327195;252.51397582880142;0.09337909892875518;129727.37611693925;0.0;0.0;"Zustand 3: Temperatur 428.064 K liegt außerhalb des Boryta-Prüfbereichs; Kristallisation wurde nicht bewertet.";"Zustand 4: Temperatur 427.497 K liegt außerhalb des Boryta-Prüfbereichs; Kristallisation wurde nicht bewertet.";"Zustand 5: Temperatur 396.049 K liegt außerhalb des Boryta-Prüfbereichs; Kristallisation wurde nicht bewertet.";"Zustand 6: Temperatur 396.015 K liegt außerhalb des Boryta-Prüfbereichs; Kristallisation wurde nicht bewertet.";"Zustand 20: Temperatur 449.199 K liegt außerhalb des Boryta-Prüfbereichs; Kristallisation wurde nicht bewertet.";5
parallel;Parallel (T13 = T15);parallel;130.0;130.0;30.0;130.0;4.0;4.0;4.0;130.0;0.5800000000000002;Abwärmetemperatur [°C];hot_temperature_C;130.0;10.0;10.0;25.0;15.0;11.0;nan;nan;8.677681896055977e-25;`gtol` termination condition is satisfied.;5;1.3167396157156288e-10;1.3173975782622328e-12;1;True;;True;0;zulässig;feasible;True;True;True;107.03101650208458;131.50549604073535;154.45529549871026;60.31820440986576;0.09841724016789194;0.27619967127740996;0.21346107450989943;0.2853548527242076;233.31784561844154;228.1836185479149;234.00264624621735;227.45292945951905;33.70781157319828;0.5056127998055114;6.206392130845937;18.954416603973755;0.010401593891696835;0.03548686672882994;23.331784561844167;22.81836185479152;9.360105849848752;15.163528630634701;3.0643465066663578;104.18380685962433;0.02196694216922281;2694.231340809433;288.9894337710038;234.9669143358313;0.014793681996365549;0.6586583570904633;0.5795225200771763;0.22232831141304638;4.547473508864641e-13;-1.3165646350898896e-10;-1.4210854715202004e-13;-4.163336342344337e-14;-1.4495071809506044e-12;-2.8421709430404007e-13;-1.4779288903810084e-12;-1.1368683772161603e-13;4.547473508864641e-15;-1.3165646350898896e-12;-1.4210854715202005e-15;-4.163336342344337e-14;-1.4495071809506044e-14;-2.842170943040401e-15;-1.4779288903810084e-14;-1.1368683772161603e-15;148.95441660397375;130.0;116.00462642068078;130.0;116.39635589356942;43.64734560693273;26.9261705033569;20.072462940663172;60.536461252691595;30.318204409865757;7.267166157502913;11.820819561056453;22.968983497915417;56.073492482645804;0.6171674419529154;8.738913980457937;4.0;0.5800000000000002;129653.53392432383;20242.02402371708;6.405166487917017;0.6171674419529154;deltaT_shex_1_K;shex;True;True;True;True;True;True;True;True;107.03101650208458;2686.5237776407475;0.09345203908682864;129653.53392432383;0.0;0.0;135.0;4.0;148.95441660397375;4.0;130.0;4.0;116.00462642068078;4.0;130.0;4.0;116.39635589356942;4.0;30.0;4.0;43.64734560693273;4.0;107.03101650208458;2686.5237776407475;0.00919729177498764;129653.53392432383;0.0;0.0;104.18380685962433;288.9894337710149;0.6734520390868288;20242.02402371708;0.5667921823928788;0.21346107450989943;175.88058710733065;399.3463681716346;0.5891972917749878;129653.53392432383;0.6478430167611364;0.27619967127740996;107.03101650208458;2686.5237776407475;0.084254747311841;129653.53392432383;0.0;0.0;131.50549604073535;288.9894337710149;0.6734520390868288;129653.53392432383;0.5667921823928788;0.21346107450989943;155.07246294066317;339.041716067026;0.6734520390868288;129653.53392432383;0.5667921823928788;0.21346107450989943;154.45529549871026;363.0776820060347;0.5800000000000002;129653.53392432383;0.6581161223637204;0.2853548527242076;122.76658206027741;304.96076550052123;0.5800000000000002;129653.53392432383;0.6581161223637204;0.2853548527242076;122.73283384249709;304.8995812475405;0.5800000000000002;20242.02402371708;0.6581161223637204;0.2853548527242076;104.18380685962433;2694.231340809433;0.09345203908682864;20242.02402371708;0.0;0.0;60.31820440986576;252.51235021679554;0.09345203908682864;20242.02402371708;0.0;0.0;60.32286341092362;252.62365430382602;0.09345203908682864;129653.53392432383;0.0;0.0;"Zustand 3: Temperatur 428.222 K liegt außerhalb des Boryta-Prüfbereichs; Kristallisation wurde nicht bewertet.";"Zustand 4: Temperatur 427.605 K liegt außerhalb des Boryta-Prüfbereichs; Kristallisation wurde nicht bewertet.";"Zustand 5: Temperatur 395.917 K liegt außerhalb des Boryta-Prüfbereichs; Kristallisation wurde nicht bewertet.";"Zustand 6: Temperatur 395.883 K liegt außerhalb des Boryta-Prüfbereichs; Kristallisation wurde nicht bewertet.";"Zustand 20: Temperatur 449.031 K liegt außerhalb des Boryta-Prüfbereichs; Kristallisation wurde nicht bewertet.";5
parallel;Parallel (T13 = T15);parallel;130.0;130.0;30.0;130.0;4.0;4.0;4.0;130.0;0.5900000000000002;Abwärmetemperatur [°C];hot_temperature_C;130.0;10.0;10.0;25.0;15.0;11.0;nan;nan;5.014660483717287e-25;`gtol` termination condition is satisfied.;5;1.0009789830973654e-10;1.0014649752954205e-12;1;True;;True;0;zulässig;feasible;True;True;True;107.01508610257491;131.38391086636426;154.5564003795514;60.343335267963994;0.09892695497665978;0.2757436466141965;0.21395593425249848;0.2847724542655655;233.39551138680417;228.37276069038975;234.11109208227757;227.61068202337384;34.5776712803698;0.5054895057502713;6.308687262445196;18.95906168581365;0.010400545607285034;0.03609742593527852;23.33955113868042;22.837276069039014;9.364443683291098;15.174045468225017;3.1434246618608985;104.34416154799408;0.0217058061985317;2694.536746960828;288.84320970781323;235.46712097752382;0.014836392451235025;0.6686854410864956;0.5801068237458923;0.22274325470516643;1.4210854715202004e-14;-1.0008704975916771e-10;-2.842170943040401e-14;-3.11972669919669e-14;1.1368683772161603e-13;-3.694822225952521e-13;-1.4210854715202004e-12;-2.842170943040401e-14;1.4210854715202004e-16;-1.0008704975916772e-12;-2.842170943040401e-16;-3.11972669919669e-14;1.1368683772161603e-15;-3.694822225952521e-15;-1.4210854715202004e-14;-2.842170943040401e-16;148.95906168581365;130.0;115.99814042570108;130.0;116.38692093161637;43.65865793602808;26.757074080478787;20.226208878277077;60.685503611966;30.343335267963994;7.396420084339411;11.653978877707004;22.984913897425088;56.03892887539615;0.669808498725672;8.746620856929724;4.0;0.5900000000000002;129582.92345130425;20265.526882545942;6.394253857910298;0.669808498725672;deltaT_shex_1_K;shex;True;True;True;True;True;True;True;True;107.01508610257491;2686.4992856218632;0.09352183353773047;129582.92345130425;0.0;0.0;135.0;4.0;148.95906168581365;4.0;130.0;4.0;115.99814042570108;4.0;130.0;4.0;116.38692093161637;4.0;30.0;4.0;43.65865793602808;4.0;107.01508610257491;2686.4992856218632;0.009251830215721733;129582.92345130425;0.0;0.0;104.34416154799408;288.84320970780095;0.6835218335377307;20265.526882545942;0.5675151374552182;0.21395593425249848;175.71613576629244;398.8515465386294;0.5992518302157219;129582.92345130425;0.6473221569873181;0.2757436466141965;107.01508610257491;2686.4992856218632;0.08427000332200874;129582.92345130425;0.0;0.0;131.38391086636426;288.84320970780095;0.6835218335377307;129582.92345130425;0.5675151374552182;0.21395593425249848;155.22620887827708;339.43072510786476;0.6835218335377307;129582.92345130425;0.5675151374552182;0.21395593425249848;154.5564003795514;362.97878641087044;0.5900000000000002;129582.92345130425;0.6574728598539117;0.2847724542655655;122.63729000943454;304.3725639017691;0.5900000000000002;129582.92345130425;0.6574728598539117;0.2847724542655655;122.60357991566059;304.3113818239127;0.5900000000000002;20265.526882545942;0.6574728598539117;0.2847724542655655;104.34416154799408;2694.536746960828;0.09352183353773047;20265.526882545942;0.0;0.0;60.343335267963994;252.61754957624106;0.09352183353773047;20265.526882545942;0.0;0.0;60.34799205622022;252.7287593891142;0.09352183353773047;129582.92345130425;0.0;0.0;"Zustand 3: Temperatur 428.376 K liegt außerhalb des Boryta-Prüfbereichs; Kristallisation wurde nicht bewertet.";"Zustand 4: Temperatur 427.706 K liegt außerhalb des Boryta-Prüfbereichs; Kristallisation wurde nicht bewertet.";"Zustand 5: Temperatur 395.787 K liegt außerhalb des Boryta-Prüfbereichs; Kristallisation wurde nicht bewertet.";"Zustand 6: Temperatur 395.754 K liegt außerhalb des Boryta-Prüfbereichs; Kristallisation wurde nicht bewertet.";"Zustand 20: Temperatur 448.866 K liegt außerhalb des Boryta-Prüfbereichs; Kristallisation wurde nicht bewertet.";5
parallel;Parallel (T13 = T15);parallel;130.0;130.0;30.0;130.0;4.0;4.0;4.0;130.0;0.6000000000000002;Abwärmetemperatur [°C];hot_temperature_C;130.0;10.0;10.0;25.0;15.0;11.0;nan;nan;3.196344539695521e-25;`gtol` termination condition is satisfied.;5;7.992013491961003e-11;7.99542936895264e-13;1;True;;True;0;zulässig;feasible;True;True;True;106.99981980626899;131.26575314087415;154.6509549849714;60.3674555762841;0.0994452556182277;0.2752978096940104;0.21443555138347545;0.2842053431551233;233.46164598506877;228.55429714150947;234.20697691674232;227.76185823093405;35.44656476083562;0.5053623279813642;6.411028238857905;18.963017104370124;0.010399527590271665;0.03670845131189377;23.346164598506963;22.85542971415135;9.36827907666974;15.184123882062615;3.2224149782650233;104.4991421141118;0.02145355465160731;2694.8319407993517;288.7034099722114;235.95168808893038;0.014879943755349956;0.6787087876689385;0.5806718657488776;0.22314519650565312;3.055333763768431e-13;-7.963762982399203e-11;-1.1368683772161603e-13;-2.3370194668359545e-14;-1.1937117960769683e-12;-4.007461029686965e-12;-5.172751116333529e-12;-8.526512829121202e-13;3.0553337637684308e-15;-7.963762982399203e-13;-1.1368683772161603e-15;-2.3370194668359545e-14;-1.1937117960769683e-14;-4.007461029686965e-14;-5.1727511163335295e-14;-8.526512829121202e-15;148.96301710437012;130.0;115.99240568679772;130.0;116.37787929240824;43.6695153792769;26.59267172140096;20.375292924868177;60.8296267348349;30.3674555762841;7.5229041835948465;11.493263572685919;23.000180193731012;56.00576904982512;0.7243379398967704;8.754983896499084;4.0;0.6000000000000002;129515.28631014355;20288.10650021798;6.383803550555692;0.7243379398967704;deltaT_shex_1_K;shex;True;True;True;True;True;True;True;True;106.99981980626899;2686.475813185657;0.09358873142428825;129515.28631014355;0.0;0.0;135.0;4.0;148.96301710437012;4.0;130.0;4.0;115.99240568679772;4.0;130.0;4.0;116.37787929240824;4.0;30.0;4.0;43.6695153792769;4.0;106.99981980626899;2686.475813185657;0.009306955319474005;129515.28631014355;0.0;0.0;104.4991421141118;288.70340997220217;0.6935887314242885;20288.10650021798;0.5682143901423833;0.21443555138347545;175.55568882577109;398.36848653928405;0.6093069553194742;129515.28631014355;0.6468120782065666;0.2752978096940104;106.99981980626899;2686.475813185657;0.08428177610481424;129515.28631014355;0.0;0.0;131.26575314087415;288.70340997220217;0.6935887314242885;129515.28631014355;0.5682143901423833;0.21443555138347545;155.37529292486818;339.80943744189;0.6935887314242885;129515.28631014355;0.5682143901423833;0.21443555138347545;154.6509549849714;362.87629878051905;0.6000000000000002;129515.28631014355;0.6568451633931354;0.2842053431551233;122.51076924437507;303.79869084579354;0.6000000000000002;129515.28631014355;0.6568451633931354;0.2842053431551233;122.47709581640515;303.73751009360706;0.6000000000000002;20288.10650021798;0.6568451633931354;0.2842053431551233;104.4991421141118;2694.8319407993517;0.09358873142428825;20288.10650021798;0.0;0.0;60.3674555762841;252.71851898845608;0.09358873142428825;20288.10650021798;0.0;0.0;60.37211024258312;252.82963843020943;0.09358873142428825;129515.28631014355;0.0;0.0;"Zustand 3: Temperatur 428.525 K liegt außerhalb des Boryta-Prüfbereichs; Kristallisation wurde nicht bewertet.";"Zustand 4: Temperatur 427.801 K liegt außerhalb des Boryta-Prüfbereichs; Kristallisation wurde nicht bewertet.";"Zustand 5: Temperatur 395.661 K liegt außerhalb des Boryta-Prüfbereichs; Kristallisation wurde nicht bewertet.";"Zustand 6: Temperatur 395.627 K liegt außerhalb des Boryta-Prüfbereichs; Kristallisation wurde nicht bewertet.";"Zustand 20: Temperatur 448.706 K liegt außerhalb des Boryta-Prüfbereichs; Kristallisation wurde nicht bewertet.";5
parallel;Parallel (T13 = T15);parallel;130.0;130.0;30.0;130.0;4.0;4.0;4.0;130.0;0.6100000000000002;Abwärmetemperatur [°C];hot_temperature_C;130.0;10.0;10.0;25.0;15.0;11.0;nan;nan;1.8214045282789688e-25;`gtol` termination condition is satisfied.;5;6.032970758440733e-11;6.035568785589257e-13;1;True;;True;0;zulässig;feasible;True;True;True;106.98516458899314;131.15102262819414;154.73920587208636;60.39064224247079;0.09997248700886975;0.2748618092757511;0.21490054837173894;0.2836529503395542;233.51684269238925;228.72880673056846;234.29094782993573;227.90698316001863;36.314267484981215;0.5052312592404586;6.513408433784185;18.96631834284625;0.010398538088443854;0.03731989491487578;23.351684269238778;22.872880673057107;9.3716379131974;15.193798877334824;3.301297044094668;104.64902635116624;0.021209851926182355;2695.1174472605985;288.56992707706166;236.42134685599808;0.014924375155732972;0.6887285879896476;0.5812185431753039;0.22353470999493308;-7.105427357601002e-14;-6.013323172737728e-11;1.4210854715202004e-13;-1.7708057242771247e-14;7.389644451905042e-13;-2.6147972675971687e-12;-3.751665644813329e-12;1.4779288903810084e-12;-7.105427357601002e-16;-6.013323172737728e-13;1.4210854715202005e-15;-1.7708057242771247e-14;7.389644451905042e-15;-2.6147972675971688e-14;-3.751665644813329e-14;1.4779288903810084e-14;148.96631834284625;130.0;115.98738350299425;130.0;116.36919957176923;43.67995255565603;26.432754082391227;20.519881021470553;60.96907379551021;30.39064224247079;7.646666882718591;11.338357151828006;23.014835411006857;55.97390470137299;0.7806751493841944;8.764051396498019;4.0;0.6100000000000002;129450.38391811727;20309.83229767944;6.373779065271159;0.7806751493841944;deltaT_shex_1_K;shex;True;True;True;True;True;True;True;True;106.98516458899314;2686.4532789822088;0.09365296314538041;129450.38391811727;0.0;0.0;135.0;4.0;148.96631834284625;4.0;130.0;4.0;115.98738350299425;4.0;130.0;4.0;116.36919957176923;4.0;30.0;4.0;43.67995255565603;4.0;106.98516458899314;2686.4532789822088;0.0093627196413937;129450.38391811727;0.0;0.0;104.64902635116624;288.56992707705433;0.7036529631453806;20309.83229767944;0.5688909839378042;0.21490054837173894;175.39907242523748;397.89671799261714;0.6193627196413939;129450.38391811727;0.6463124335063569;0.2748618092757511;106.98516458899314;2686.4532789822088;0.0842902435039867;129450.38391811727;0.0;0.0;131.15102262819414;288.56992707705433;0.7036529631453806;129450.38391811727;0.5688909839378042;0.21490054837173894;155.51988102147055;340.17813366038735;0.7036529631453806;129450.38391811727;0.5688909839378042;0.21490054837173894;154.73920587208636;362.7703024778343;0.6100000000000002;129450.38391811727;0.6562325025484048;0.2836529503395542;122.38697123169612;303.2387164368814;0.6100000000000002;129450.38391811727;0.6562325025484048;0.2836529503395542;122.35333311728141;303.17753628128327;0.6100000000000002;20309.83229767944;0.6562325025484048;0.2836529503395542;104.64902635116624;2695.1174472605985;0.09365296314538041;20309.83229767944;0.0;0.0;60.39064224247079;252.8155803617837;0.09365296314538041;20309.83229767944;0.0;0.0;60.39529487039624;252.92661302683993;0.09365296314538041;129450.38391811727;0.0;0.0;"Zustand 3: Temperatur 428.670 K liegt außerhalb des Boryta-Prüfbereichs; Kristallisation wurde nicht bewertet.";"Zustand 4: Temperatur 427.889 K liegt außerhalb des Boryta-Prüfbereichs; Kristallisation wurde nicht bewertet.";"Zustand 5: Temperatur 395.537 K liegt außerhalb des Boryta-Prüfbereichs; Kristallisation wurde nicht bewertet.";"Zustand 6: Temperatur 395.503 K liegt außerhalb des Boryta-Prüfbereichs; Kristallisation wurde nicht bewertet.";"Zustand 20: Temperatur 448.549 K liegt außerhalb des Boryta-Prüfbereichs; Kristallisation wurde nicht bewertet.";5
parallel;Parallel (T13 = T15);parallel;130.0;130.0;30.0;130.0;4.0;4.0;4.0;130.0;0.6200000000000002;Abwärmetemperatur [°C];hot_temperature_C;130.0;10.0;10.0;25.0;15.0;11.0;nan;nan;6.989763974428189e-17;`gtol` termination condition is satisfied.;4;8.886767335669115e-07;1.1823505380747446e-08;1;True;;True;0;zulässig;feasible;True;True;True;106.97107113758244;131.03970823514732;154.82139243240096;60.41296686632245;0.10050897685590382;0.2744353159607356;0.21535151340328237;0.2831147293586014;233.56165825429906;228.89682840576134;234.3636121602949;228.04654521136064;37.180571612855296;0.5050962971528699;6.615821370811149;18.968998699419785;0.010397575377079063;0.03793170994624325;23.356165739162943;22.889682831363878;9.374544487676756;15.203103006362076;3.3800519721951043;104.79407425053728;0.020974375834837654;2695.393757708988;288.4426434081278;236.87678441390935;0.014969721260133406;0.6987450218155227;0.5817476954991231;0.2239123331831065;-3.0816096341368393e-09;-8.129084960728505e-08;1.2626415468730556e-07;-7.799149215337309e-09;-3.162398343192763e-08;9.212257623403275e-08;1.1592950954764092e-07;8.626696228475339e-07;-3.081609634136839e-11;-8.129084960728505e-10;1.2626415468730556e-09;-7.799149215337309e-09;-3.162398343192763e-10;9.212257623403275e-10;1.1592950954764092e-09;8.62669622847534e-09;148.96899869941979;130.0;115.98303755022158;130.0;116.36085255912917;43.69000169890916;26.277125397533723;20.66013068659487;61.10407255162812;30.41296686632245;7.767757928742583;11.188963299684303;23.02892886241756;55.94323502649547;0.8387382541939132;8.773862109505501;4.0;0.6200000000000002;129387.9946557639;20330.769076424414;6.364146588325691;0.8387382541939132;deltaT_shex_1_K;shex;True;True;True;True;True;True;True;True;106.97107113758244;2686.431607342256;0.09371474307565586;129387.9946557639;0.0;0.0;135.0;4.0;148.96899869941979;4.0;130.0;4.0;115.98303755022158;4.0;130.0;4.0;116.36085255912917;4.0;30.0;4.0;43.69000169890916;4.0;106.97107113758244;2686.431607342256;0.009419172942848067;129387.9946557639;0.0;0.0;104.79407425053728;288.4426434081221;0.7137147430756561;20330.769076424414;0.5695459006926739;0.21535151340328237;175.2461240969535;397.4358005964088;0.6294191729428483;129387.9946557639;0.6458228974520355;0.2744353159607356;106.97107113758244;2686.431607342256;0.08429557013280779;129387.9946557639;0.0;0.0;131.03970823514732;288.4426434081221;0.7137147430756561;129387.9946557639;0.5695459006926739;0.21535151340328237;155.66013068659487;340.53708586370414;0.7137147430756561;129387.9946557639;0.5695459006926739;0.21535151340328237;154.82139243240096;362.66088568845885;0.6200000000000002;129387.9946557639;0.6556343648107495;0.2831147293586014;122.26584612564181;302.69222179178644;0.6200000000000002;129387.9946557639;0.6556343648107495;0.2831147293586014;122.23224207125742;302.6310416144538;0.6200000000000002;20330.769076424414;0.6556343648107495;0.2831147293586014;104.79407425053728;2695.393757708988;0.09371474307565586;20330.769076424414;0.0;0.0;60.41296686632245;252.90903339007167;0.09371474307565586;20330.769076424414;0.0;0.0;60.4176175326337;253.0199825858528;0.09371474307565586;129387.9946557639;0.0;0.0;"Zustand 3: Temperatur 428.810 K liegt außerhalb des Boryta-Prüfbereichs; Kristallisation wurde nicht bewertet.";"Zustand 4: Temperatur 427.971 K liegt außerhalb des Boryta-Prüfbereichs; Kristallisation wurde nicht bewertet.";"Zustand 5: Temperatur 395.416 K liegt außerhalb des Boryta-Prüfbereichs; Kristallisation wurde nicht bewertet.";"Zustand 6: Temperatur 395.382 K liegt außerhalb des Boryta-Prüfbereichs; Kristallisation wurde nicht bewertet.";"Zustand 20: Temperatur 448.396 K liegt außerhalb des Boryta-Prüfbereichs; Kristallisation wurde nicht bewertet.";5
parallel;Parallel (T13 = T15);parallel;130.0;130.0;30.0;130.0;4.0;4.0;4.0;130.0;0.6300000000000002;Abwärmetemperatur [°C];hot_temperature_C;130.0;10.0;10.0;25.0;15.0;11.0;nan;nan;5.3856232464112864e-17;`gtol` termination condition is satisfied.;4;7.620038308157321e-07;1.0378461587741496e-08;1;True;;True;0;zulässig;feasible;True;True;True;106.95749465559231;130.93179066425364;154.89775072383406;60.43449470409843;0.10105493539534098;0.27401799426638923;0.21578901074034199;0.28259016368078854;233.5966045721732;229.0588531603569;234.42552940620064;228.18098783368114;38.04528833997905;0.5049574441058795;6.718261067926406;18.971088790201748;0.010396637810258395;0.03854385245773419;23.359660383272775;22.90588530815048;9.377021177354225;15.212065848916446;3.4586625826044726;104.9345303056877;0.02074681671321935;2695.661334472102;288.32143751097414;237.3186524691753;0.01501601203708447;0.7087582538972478;0.5822601207441832;0.22427857987298647;-2.3803252702236932e-09;-6.867014690215001e-08;1.1013631251444167e-07;-7.046449201908445e-09;-2.76549769751e-08;7.885208219704509e-08;9.993445360123587e-08;7.394454542009044e-07;-2.3803252702236934e-11;-6.867014690215001e-10;1.1013631251444166e-09;-7.046449201908445e-09;-2.7654976975099997e-10;7.885208219704509e-10;9.993445360123587e-10;7.394454542009043e-09;148.97108879020175;130.0;115.97933436565785;130.0;116.35281173243533;43.699692174662516;26.125596009879644;20.796195593738616;61.234838131025185;30.434494704098427;7.886227521514172;11.044804059970147;23.042505344407687;55.91366825304732;0.8984448699045515;8.78444702788147;4.0;0.6300000000000002;129327.91736091638;20350.9760003235;6.354875429997096;0.8984448699045515;deltaT_shex_1_K;shex;True;True;True;True;True;True;True;True;106.95749465559231;2686.4107295196413;0.09377426593433202;129327.91736091638;0.0;0.0;135.0;4.0;148.97108879020175;4.0;130.0;4.0;115.97933436565785;4.0;130.0;4.0;116.35281173243533;4.0;30.0;4.0;43.699692174662516;4.0;106.95749465559231;2686.4107295196413;0.009476352385739448;129327.91736091638;0.0;0.0;104.9345303056877;288.3214375109707;0.7237742659343323;20350.9760003235;0.5701800767396866;0.21578901074034199;175.0966848000814;396.98529775102463;0.6394763523857396;129327.91736091638;0.6453431342683376;0.27401799426638923;106.95749465559231;2686.4107295196413;0.08429791354859258;129327.91736091638;0.0;0.0;130.93179066425364;288.3214375109707;0.7237742659343323;129327.91736091638;0.5701800767396866;0.21578901074034199;155.79619559373862;340.8865674563768;0.7237742659343323;129327.91736091638;0.5701800767396866;0.21578901074034199;154.89775072383406;362.5481516523313;0.6300000000000002;129327.91736091638;0.6550502642740441;0.28259016368078854;122.14734363637217;302.1588050771577;0.6300000000000002;129327.91736091638;0.6550502642740441;0.28259016368078854;122.11377247848583;302.0976243589708;0.6300000000000002;20350.9760003235;0.6550502642740441;0.28259016368078854;104.9345303056877;2695.661334472102;0.09377426593433202;20350.9760003235;0.0;0.0;60.43449470409843;252.9991512163932;0.09377426593433202;20350.9760003235;0.0;0.0;60.43914347938801;253.11001998946935;0.09377426593433202;129327.91736091638;0.0;0.0;"Zustand 3: Temperatur 428.946 K liegt außerhalb des Boryta-Prüfbereichs; Kristallisation wurde nicht bewertet.";"Zustand 4: Temperatur 428.048 K liegt außerhalb des Boryta-Prüfbereichs; Kristallisation wurde nicht bewertet.";"Zustand 5: Temperatur 395.297 K liegt außerhalb des Boryta-Prüfbereichs; Kristallisation wurde nicht bewertet.";"Zustand 6: Temperatur 395.264 K liegt außerhalb des Boryta-Prüfbereichs; Kristallisation wurde nicht bewertet.";"Zustand 20: Temperatur 448.247 K liegt außerhalb des Boryta-Prüfbereichs; Kristallisation wurde nicht bewertet.";5
parallel;Parallel (T13 = T15);parallel;130.0;130.0;30.0;130.0;4.0;4.0;4.0;130.0;0.6400000000000002;Abwärmetemperatur [°C];hot_temperature_C;130.0;10.0;10.0;25.0;15.0;11.0;nan;nan;4.167932121837651e-17;`gtol` termination condition is satisfied.;4;6.538742722199888e-07;9.130095423200845e-09;1;True;;True;0;zulässig;feasible;True;True;True;106.94439283516061;130.82724162906135;154.96850686419702;60.455287367279766;0.101610617688552;0.2736095438266508;0.2162135696373677;0.2820787526050528;233.62216922024302;229.21534477845938;234.47723192635507;228.31073006816584;38.90824132734532;0.5048147065307825;6.820721488034626;18.97261777633031;0.010395723759164434;0.03915627863731097;23.36221685859276;22.921534471125085;9.37908927804316;15.220715332134542;3.5371128532202136;105.0706230894815;0.02052687755470398;2695.9206097263286;288.2061781937565;237.74756101457697;0.01506327377533423;0.7187684419929659;0.5827565603263332;0.22463392832600287;-1.785018355349166e-09;-5.807702763149791e-08;9.606810635887086e-08;-6.372405103594048e-09;-2.4723931346670724e-08;6.720853207298205e-08;8.614770763415436e-08;6.343154268506623e-07;-1.785018355349166e-11;-5.807702763149791e-10;9.606810635887086e-10;-6.372405103594048e-09;-2.472393134667072e-10;6.720853207298206e-10;8.614770763415435e-10;6.343154268506623e-09;148.9726177763303;130.0;115.97624210966774;130.0;116.34505202941591;43.70905172119973;25.977991877695274;20.92821944439271;61.36157136828177;30.455287367279766;8.002126868797234;10.905619020186236;23.055607164839387;55.885117713101806;0.959712580195685;8.795829158027288;4.0;0.6400000000000002;129269.9622886223;20370.509086477858;6.3459367529716255;0.959712580195685;deltaT_shex_1_K;shex;True;True;True;True;True;True;True;True;106.94439283516061;2686.3905805756044;0.09383171576829985;129269.9622886223;0.0;0.0;135.0;4.0;148.9726177763303;4.0;130.0;4.0;115.97624210966774;4.0;130.0;4.0;116.34505202941591;4.0;30.0;4.0;43.70905172119973;4.0;106.94439283516061;2686.3905805756044;0.009534298597993592;129269.9622886223;0.0;0.0;105.0706230894815;288.2061781937557;0.7338317157683001;20370.509086477858;0.570794387768314;0.2162135696373677;174.95060965402558;396.54481340440947;0.6495342985979938;129269.9622886223;0.6448728453654551;0.2736095438266508;106.94439283516061;2686.3905805756044;0.08429741717030625;129269.9622886223;0.0;0.0;130.82724162906135;288.2061781937557;0.7338317157683001;129269.9622886223;0.570794387768314;0.2162135696373677;155.9282194443927;341.22683741480006;0.7338317157683001;129269.9622886223;0.570794387768314;0.2162135696373677;154.96850686419702;362.4321990427005;0.6400000000000002;129269.9622886223;0.6544797264483408;0.2820787526050528;122.03141247103406;301.6380719659344;0.6400000000000002;129269.9622886223;0.6544797264483408;0.2820787526050528;121.99787313120277;301.5768902805636;0.6400000000000002;20370.509086477858;0.6544797264483408;0.2820787526050528;105.0706230894815;2695.9206097263286;0.09383171576829985;20370.509086477858;0.0;0.0;60.455287367279766;253.08619172991817;0.09383171576829985;20370.509086477858;0.0;0.0;60.459934316314104;253.1969828805866;0.09383171576829985;129269.9622886223;0.0;0.0;"Zustand 3: Temperatur 429.078 K liegt außerhalb des Boryta-Prüfbereichs; Kristallisation wurde nicht bewertet.";"Zustand 4: Temperatur 428.119 K liegt außerhalb des Boryta-Prüfbereichs; Kristallisation wurde nicht bewertet.";"Zustand 5: Temperatur 395.181 K liegt außerhalb des Boryta-Prüfbereichs; Kristallisation wurde nicht bewertet.";"Zustand 6: Temperatur 395.148 K liegt außerhalb des Boryta-Prüfbereichs; Kristallisation wurde nicht bewertet.";"Zustand 20: Temperatur 448.101 K liegt außerhalb des Boryta-Prüfbereichs; Kristallisation wurde nicht bewertet.";5
parallel;Parallel (T13 = T15);parallel;130.0;130.0;30.0;130.0;4.0;4.0;4.0;130.0;0.6500000000000002;Abwärmetemperatur [°C];hot_temperature_C;130.0;10.0;10.0;25.0;15.0;11.0;nan;nan;3.242753432029311e-17;`gtol` termination condition is satisfied.;4;5.621241947113688e-07;8.053264471044411e-09;1;True;;True;0;zulässig;feasible;True;True;True;106.93172678245321;130.72602634409708;155.03388124232322;60.47540162592327;0.1021762175192734;0.2732096698667462;0.21662569493529202;0.28158001918694675;233.6388058741725;229.36673052840405;234.5192155576919;228.43615706533024;39.769269339868146;0.5046680947893896;6.92319690198042;18.973612791517496;0.010394831661771357;0.03976894659692431;23.36388053291596;22.936673047068176;9.380768623173987;15.229077132720557;3.6153881262994934;105.20256743024635;0.02031427313236488;2696.1719898048004;288.096730812633;238.1640869117522;0.01511152901580659;0.7287757327799782;0.5832377153409913;0.22497883242142747;-1.2956959949406155e-09;-4.9426283510456415e-08;8.433391940343427e-08;-5.767151256552694e-09;-2.165776891160931e-08;5.772227495981497e-08;7.452189265677589e-08;5.450129094697331e-07;-1.2956959949406155e-11;-4.942628351045641e-10;8.433391940343427e-10;-5.767151256552694e-09;-2.1657768911609309e-10;5.772227495981497e-10;7.452189265677589e-10;5.450129094697331e-09;148.9736127915175;130.0;115.97373112693231;130.0;116.33755041475297;43.71810589284712;25.834146817144756;21.05634075884484;61.48446153739923;30.47540162592327;8.115507366552265;10.77116369668596;23.06827321754679;55.85750360668925;1.0224595165216215;8.808025188884926;4.0;0.6500000000000002;129213.95515492573;20389.420048365508;6.337304094398899;1.0224595165216215;deltaT_shex_1_K;shex;True;True;True;True;True;True;True;True;106.93172678245321;2686.3711008043997;0.09388726179578455;129213.95515492573;0.0;0.0;135.0;4.0;148.9736127915175;4.0;130.0;4.0;115.97373112693231;4.0;130.0;4.0;116.33755041475297;4.0;30.0;4.0;43.71810589284712;4.0;106.93172678245321;2686.3711008043997;0.00959304528353505;129213.95515492573;0.0;0.0;105.20256743024635;288.0967308126316;0.7438872617957848;20389.420048365508;0.571389665090458;0.21662569493529202;174.80775960866225;396.1139645286347;0.6595930452835352;129213.95515492573;0.6444117356740611;0.2732096698667462;106.93172678245321;2686.3711008043997;0.0842942165122495;129213.95515492573;0.0;0.0;130.72602634409708;288.0967308126316;0.7438872617957848;129213.95515492573;0.571389665090458;0.21662569493529202;156.05634075884484;341.5581508184843;0.7438872617957848;129213.95515492573;0.571389665090458;0.21662569493529202;155.03388124232322;362.31313324417505;0.6500000000000002;129213.95515492573;0.6539222975116171;0.28158001918694675;121.91800115521215;301.12964195007686;0.6500000000000002;129213.95515492573;0.6539222975116171;0.28158001918694675;121.88449263344773;301.06845895531234;0.6500000000000002;20389.420048365508;0.6539222975116171;0.28158001918694675;105.20256743024635;2696.1719898048004;0.09388726179578455;20389.420048365508;0.0;0.0;60.47540162592327;253.1703925561477;0.09388726179578455;20389.420048365508;0.0;0.0;60.48004680806372;253.28110865823598;0.09388726179578455;129213.95515492573;0.0;0.0;"Zustand 3: Temperatur 429.206 K liegt außerhalb des Boryta-Prüfbereichs; Kristallisation wurde nicht bewertet.";"Zustand 4: Temperatur 428.184 K liegt außerhalb des Boryta-Prüfbereichs; Kristallisation wurde nicht bewertet.";"Zustand 5: Temperatur 395.068 K liegt außerhalb des Boryta-Prüfbereichs; Kristallisation wurde nicht bewertet.";"Zustand 6: Temperatur 395.034 K liegt außerhalb des Boryta-Prüfbereichs; Kristallisation wurde nicht bewertet.";"Zustand 20: Temperatur 447.958 K liegt außerhalb des Boryta-Prüfbereichs; Kristallisation wurde nicht bewertet.";5
parallel;Parallel (T13 = T15);parallel;130.0;130.0;30.0;130.0;4.0;4.0;4.0;130.0;0.6600000000000003;Abwärmetemperatur [°C];hot_temperature_C;130.0;10.0;10.0;25.0;15.0;11.0;nan;nan;2.531167641571223e-17;`gtol` termination condition is satisfied.;4;4.83147129364718e-07;7.115008983228655e-09;1;True;;True;0;zulässig;feasible;True;True;True;106.91946046516301;130.62810416633624;155.09408727303543;60.494890159054194;0.10275189819619969;0.27281808999250773;0.21702586636558605;0.2810935069442571;233.64693978053873;229.51340688716675;234.5519452522454;228.55762563879577;40.6282242631505;0.5045176227539258;7.02568178554829;18.974099269171006;0.010393960013567068;0.04038181585935865;23.364693931236207;22.95134068377037;9.382077810853348;15.237175038285047;3.693474936874593;105.33056512447263;0.020108729666953873;2696.4158564800414;287.9929571258118;238.56877459344275;0.01516079697708006;0.7387802638545692;0.5837042463115355;0.2253137210654428;-7.914238153716724e-10;-4.247002749480089e-08;7.373159860435408e-08;-5.223309895718842e-09;-1.9088304270553635e-08;4.9463068307886715e-08;6.452006573454128e-08;4.6817666543574887e-07;-7.914238153716723e-12;-4.247002749480089e-10;7.373159860435408e-10;-5.223309895718842e-09;-1.9088304270553636e-10;4.946306830788672e-10;6.452006573454128e-10;4.6817666543574884e-09;148.974099269171;130.0;115.97177360931545;130.0;116.33028554791889;43.72687840234249;25.69390368019532;21.1806920447562;61.603686722130135;30.494890159054194;8.226420533557928;10.64120848484282;23.080539534836987;55.83075191925053;1.086604771720772;8.821046069080353;4.0;0.6600000000000003;129159.73464473986;20407.756969207392;6.32895299760894;1.086604771720772;deltaT_shex_1_K;shex;True;True;True;True;True;True;True;True;106.91946046516301;2686.352234885948;0.09394106083164899;129159.73464473986;0.0;0.0;135.0;4.0;148.974099269171;4.0;130.0;4.0;115.97177360931545;4.0;130.0;4.0;116.33028554791889;4.0;30.0;4.0;43.72687840234249;4.0;106.91946046516301;2686.352234885948;0.0096526223190166;129159.73464473986;0.0;0.0;105.33056512447263;287.9929571258103;0.7539410608316492;20407.756969207392;0.5719666954170037;0.21702586636558605;174.66800294936633;395.6923867278539;0.6696526223190169;129159.73464473986;0.643959521629327;0.27281808999250773;106.91946046516301;2686.352234885948;0.08428843851263239;129159.73464473986;0.0;0.0;130.62810416633624;287.9929571258103;0.7539410608316492;129159.73464473986;0.5719666954170037;0.21702586636558605;156.1806920447562;341.88075601865046;0.7539410608316492;129159.73464473986;0.5719666954170037;0.21702586636558605;155.09408727303543;362.1910620280442;0.6600000000000003;129159.73464473986;0.6533775410652553;0.2810935069442571;121.80705809725589;300.63314647661707;0.6600000000000003;129159.73464473986;0.6533775410652553;0.2810935069442571;121.77357946644207;300.5719619071332;0.6600000000000003;20407.756969207392;0.6533775410652553;0.2810935069442571;105.33056512447263;2696.4158564800414;0.09394106083164899;20407.756969207392;0.0;0.0;60.494890159054194;253.25197419776782;0.09394106083164899;20407.756969207392;0.0;0.0;60.49953362866836;253.36261761526333;0.09394106083164899;129159.73464473986;0.0;0.0;"Zustand 3: Temperatur 429.331 K liegt außerhalb des Boryta-Prüfbereichs; Kristallisation wurde nicht bewertet.";"Zustand 4: Temperatur 428.244 K liegt außerhalb des Boryta-Prüfbereichs; Kristallisation wurde nicht bewertet.";"Zustand 5: Temperatur 394.957 K liegt außerhalb des Boryta-Prüfbereichs; Kristallisation wurde nicht bewertet.";"Zustand 6: Temperatur 394.924 K liegt außerhalb des Boryta-Prüfbereichs; Kristallisation wurde nicht bewertet.";"Zustand 20: Temperatur 447.818 K liegt außerhalb des Boryta-Prüfbereichs; Kristallisation wurde nicht bewertet.";5
parallel;Parallel (T13 = T15);parallel;130.0;130.0;30.0;130.0;4.0;4.0;4.0;130.0;0.6700000000000003;Abwärmetemperatur [°C];hot_temperature_C;130.0;10.0;10.0;25.0;15.0;11.0;nan;nan;1.985947401325284e-17;`gtol` termination condition is satisfied.;4;4.1600291674856855e-07;6.302297043658422e-09;1;True;;True;0;zulässig;feasible;True;True;True;106.90756048838682;130.5334294917958;155.14933133488944;60.51380187044788;0.1033377951553487;0.27243453356406294;0.2174145400377969;0.28061877891552206;233.6469698809139;229.65574191841293;234.57585735938298;228.6754664848634;41.48497013460439;0.5043633074634674;7.1281708118371885;18.974101069432663;0.010393107368980867;0.04099484731373368;23.36469694778917;22.96557418764774;9.383034295061176;15.245031095298334;3.771360924652445;105.45480585510404;0.019909984399597992;2696.652568689967;287.89471631613446;238.9621381857543;0.01521109385324737;0.7487821644013649;0.5841567760302796;0.22563899984802852;-3.977049800596433e-10;-3.657250857713734e-08;6.442786570914905e-08;-4.734484859714172e-09;-1.7146419395430712e-08;4.193552172182535e-08;5.538839786822791e-08;4.0302219872501155e-07;-3.977049800596433e-12;-3.6572508577137344e-10;6.442786570914905e-10;-4.734484859714172e-09;-1.714641939543071e-10;4.1935521721825353e-10;5.538839786822792e-10;4.030221987250115e-09;148.97410106943266;130.0;115.97034345936703;130.0;116.32323765042685;43.73539126306298;25.557113757188347;21.301400098366457;61.71941459204106;30.513801870447878;8.334917826785443;10.515537604262988;23.09243951161318;55.80479397315247;1.1520687634770184;8.834897719320509;4.0;0.6700000000000003;129107.15137999527;20425.56457191212;6.3208608469767755;1.1520687634770184;deltaT_shex_1_K;shex;True;True;True;True;True;True;True;True;106.90756048838682;2686.3339315431062;0.09399325825461202;129107.15137999527;0.0;0.0;135.0;4.0;148.97410106943266;4.0;130.0;4.0;115.97034345936703;4.0;130.0;4.0;116.32323765042685;4.0;30.0;4.0;43.73539126306298;4.0;106.90756048838682;2686.3339315431062;0.009713056067498886;129107.15137999527;0.0;0.0;105.45480585510404;287.8947163161341;0.7639932582546123;20425.56457191212;0.5725262237325973;0.2174145400377969;174.531214826621;395.27973313566076;0.6797130560674991;129107.15137999527;0.643515930635183;0.27243453356406294;106.90756048838682;2686.3339315431062;0.08428020218711313;129107.15137999527;0.0;0.0;130.5334294917958;287.8947163161341;0.7639932582546123;129107.15137999527;0.5725262237325973;0.2174145400377969;156.30140009836646;342.1948946048526;0.7639932582546123;129107.15137999527;0.5725262237325973;0.2174145400377969;155.14933133488944;362.06609460076174;0.6700000000000003;129107.15137999527;0.6528450374711582;0.28061877891552206;121.69853177247529;300.1482287276243;0.6700000000000003;129107.15137999527;0.6528450374711582;0.28061877891552206;121.66508217321456;300.0870423883501;0.6700000000000003;20425.56457191212;0.6528450374711582;0.28061877891552206;105.45480585510404;2696.652568689967;0.09399325825461202;20425.56457191212;0.0;0.0;60.51380187044788;253.3311413561692;0.09399325825461202;20425.56457191212;0.0;0.0;60.51844367727438;253.44171425854512;0.09399325825461202;129107.15137999527;0.0;0.0;"Zustand 3: Temperatur 429.451 K liegt außerhalb des Boryta-Prüfbereichs; Kristallisation wurde nicht bewertet.";"Zustand 4: Temperatur 428.299 K liegt außerhalb des Boryta-Prüfbereichs; Kristallisation wurde nicht bewertet.";"Zustand 5: Temperatur 394.849 K liegt außerhalb des Boryta-Prüfbereichs; Kristallisation wurde nicht bewertet.";"Zustand 6: Temperatur 394.815 K liegt außerhalb des Boryta-Prüfbereichs; Kristallisation wurde nicht bewertet.";"Zustand 20: Temperatur 447.681 K liegt außerhalb des Boryta-Prüfbereichs; Kristallisation wurde nicht bewertet.";5
parallel;Parallel (T13 = T15);parallel;130.0;130.0;30.0;130.0;4.0;4.0;4.0;130.0;0.6800000000000003;Abwärmetemperatur [°C];hot_temperature_C;130.0;10.0;10.0;25.0;15.0;11.0;nan;nan;1.5653443108830658e-17;`gtol` termination condition is satisfied.;4;3.587666637085166e-07;5.5952556883185705e-09;1;True;;True;0;zulässig;feasible;True;True;True;106.89599588946498;130.44195255745302;155.1998127536425;60.53218217829527;0.10393401838148214;0.27205874110560485;0.21779214982652526;0.280155416758883;233.6392707456983;229.79407745331613;234.59136170799363;228.7899862153856;42.339382233582455;0.5042051687939992;7.230658843800418;18.9736405948384;0.01039227234198798;0.0416080031707454;23.36392703983667;22.97940774172632;9.383654468924107;15.25266574448029;3.849034751386053;105.5754680385337;0.019717785176570513;2696.8824641302117;287.80186589692266;239.3446634804083;0.015262433090220351;0.7587815558034108;0.5845958921733578;0.2259550525764052;-1.2251888392711408e-10;-3.166412909649807e-08;5.660109536620439e-08;-4.293876809668973e-09;-1.510903757662163e-08;3.6052938412467483e-08;4.8181249212575494e-08;3.4733159282041015e-07;-1.2251888392711408e-12;-3.1664129096498075e-10;5.66010953662044e-10;-4.293876809668973e-09;-1.5109037576621632e-10;3.6052938412467483e-10;4.81812492125755e-10;3.4733159282041016e-09;148.9736405948384;130.0;115.96941616578988;130.0;116.31638838424726;43.743664919456705;25.423636225628456;21.418586289651046;61.831803119076994;30.532182178295272;8.441050482315632;10.39394812725618;23.104004110535016;55.77956601649714;1.2187735360085412;8.849581675625416;4.0;0.6800000000000003;129056.06697716411;20442.884467983356;6.313006717779254;1.2187735360085412;deltaT_shex_1_K;shex;True;True;True;True;True;True;True;True;106.89599588946498;2686.3161432278466;0.09404398889363086;129056.06697716411;0.0;0.0;135.0;4.0;148.9736405948384;4.0;130.0;4.0;115.96941616578988;4.0;130.0;4.0;116.31638838424726;4.0;30.0;4.0;43.743664919456705;4.0;106.89599588946498;2686.3161432278466;0.009774369670338533;129056.06697716411;0.0;0.0;105.5754680385337;287.80186589692227;0.7740439888936311;20442.884467983356;0.573068955956378;0.21779214982652526;174.39727682046686;394.87567338801625;0.6897743696703388;129056.06697716411;0.6430807005564139;0.27205874110560485;106.89599588946498;2686.3161432278466;0.08426961922329232;129056.06697716411;0.0;0.0;130.44195255745302;287.80186589692227;0.7740439888936311;129056.06697716411;0.573068955956378;0.21779214982652526;156.41858628965105;342.50080141103905;0.7740439888936311;129056.06697716411;0.573068955956378;0.21779214982652526;155.1998127536425;361.9383407803874;0.6800000000000003;129056.06697716411;0.6523243832052695;0.280155416758883;121.5923708818276;299.6745433778801;0.6800000000000003;129056.06697716411;0.6523243832052695;0.280155416758883;121.55894951768437;299.6133551379231;0.6800000000000003;20442.884467983356;0.6523243832052695;0.280155416758883;105.5754680385337;2696.8824641302117;0.09404398889363086;20442.884467983356;0.0;0.0;60.53218217829527;253.4080841437736;0.09404398889363086;20442.884467983356;0.0;0.0;60.53682236775012;253.5185885201218;0.09404398889363086;129056.06697716411;0.0;0.0;"Zustand 3: Temperatur 429.569 K liegt außerhalb des Boryta-Prüfbereichs; Kristallisation wurde nicht bewertet.";"Zustand 4: Temperatur 428.350 K liegt außerhalb des Boryta-Prüfbereichs; Kristallisation wurde nicht bewertet.";"Zustand 5: Temperatur 394.742 K liegt außerhalb des Boryta-Prüfbereichs; Kristallisation wurde nicht bewertet.";"Zustand 6: Temperatur 394.709 K liegt außerhalb des Boryta-Prüfbereichs; Kristallisation wurde nicht bewertet.";"Zustand 20: Temperatur 447.547 K liegt außerhalb des Boryta-Prüfbereichs; Kristallisation wurde nicht bewertet.";5
parallel;Parallel (T13 = T15);parallel;130.0;130.0;30.0;130.0;4.0;4.0;4.0;130.0;0.6900000000000003;Abwärmetemperatur [°C];hot_temperature_C;130.0;10.0;10.0;25.0;15.0;11.0;nan;nan;1.2387464101861441e-17;`gtol` termination condition is satisfied.;4;3.0966484733272406e-07;4.977441933736935e-09;1;True;;True;0;zulässig;feasible;True;True;True;106.88473794949596;130.35362015605818;155.24572382492488;60.550073281549714;0.10454065467853076;0.27169046374994804;0.21815910866325317;0.2797030198876755;233.6241943397938;229.92873109265872;234.59884351038173;228.90146922175668;43.1913462278601;0.5040432291462285;7.333140926927213;18.972738895920656;0.010391453605833685;0.042221246916985034;23.362419404012474;22.99287310619464;9.383953740951071;15.26009794533736;3.92648602320159;105.69271960598826;0.019531890045438934;2697.1058607233626;287.71426250834327;239.71680976618205;0.015314825641350782;0.7687785521998318;0.5850221497057697;0.22626224269240125;2.0865797978331102e-10;-2.7357387466508953e-08;4.965738753526239e-08;-3.897077771597424e-09;-1.3395066389421117e-08;3.071232868023799e-08;4.169626777184021e-08;2.9966906822664896e-07;2.0865797978331104e-12;-2.735738746650895e-10;4.965738753526239e-10;-3.897077771597424e-09;-1.3395066389421118e-10;3.071232868023799e-10;4.169626777184021e-10;2.9966906822664894e-09;148.97273889592066;130.0;115.96896868957049;130.0;116.30972074032553;43.75171836678578;25.293337640626078;21.53236683084117;61.94100123920248;30.550073281549714;8.544869378976898;10.276249083582229;23.115262050504043;55.75500884528941;1.2866430059162894;8.86509566814101;4.0;0.6900000000000003;129006.35318326816;20459.755387544552;6.305371239277102;1.2866430059162894;deltaT_shex_1_K;shex;True;True;True;True;True;True;True;True;106.88473794949596;2686.298825832846;0.09409337784118232;129006.35318326816;0.0;0.0;135.0;4.0;148.97273889592066;4.0;130.0;4.0;115.96896868957049;4.0;130.0;4.0;116.30972074032553;4.0;30.0;4.0;43.75171836678578;4.0;106.88473794949596;2686.298825832846;0.00983658332043156;129006.35318326816;0.0;0.0;105.69271960598826;287.71426250834236;0.7840933778411826;20459.755387544552;0.5735955614035703;0.21815910866325317;174.26607653654673;394.47989266561586;0.6998365833204319;129006.35318326816;0.6426535792382062;0.27169046374994804;106.88473794949596;2686.298825832846;0.08425679452075077;129006.35318326816;0.0;0.0;130.35362015605818;287.71426250834236;0.7840933778411826;129006.35318326816;0.5735955614035703;0.21815910866325317;156.53236683084117;342.7987045511732;0.7840933778411826;129006.35318326816;0.5735955614035703;0.21815910866325317;155.24572382492488;361.80791028621786;0.6900000000000003;129006.35318326816;0.6518151902255576;0.2797030198876755;121.48852448791718;299.21175633309986;0.6900000000000003;129006.35318326816;0.6518151902255576;0.2797030198876755;121.4551306210231;299.1505661201767;0.6900000000000003;20459.755387544552;0.6518151902255576;0.2797030198876755;105.69271960598826;2697.1058607233626;0.09409337784118232;20459.755387544552;0.0;0.0;60.550073281549714;253.48297919870075;0.09409337784118232;20459.755387544552;0.0;0.0;60.55471189503612;253.59341687076915;0.09409337784118232;129006.35318326816;0.0;0.0;"Zustand 3: Temperatur 429.682 K liegt außerhalb des Boryta-Prüfbereichs; Kristallisation wurde nicht bewertet.";"Zustand 4: Temperatur 428.396 K liegt außerhalb des Boryta-Prüfbereichs; Kristallisation wurde nicht bewertet.";"Zustand 5: Temperatur 394.639 K liegt außerhalb des Boryta-Prüfbereichs; Kristallisation wurde nicht bewertet.";"Zustand 6: Temperatur 394.605 K liegt außerhalb des Boryta-Prüfbereichs; Kristallisation wurde nicht bewertet.";"Zustand 20: Temperatur 447.416 K liegt außerhalb des Boryta-Prüfbereichs; Kristallisation wurde nicht bewertet.";5
parallel;Parallel (T13 = T15);parallel;130.0;130.0;30.0;130.0;4.0;4.0;4.0;130.0;0.7000000000000003;Abwärmetemperatur [°C];hot_temperature_C;130.0;10.0;10.0;25.0;15.0;11.0;nan;nan;9.825109089582151e-18;`gtol` termination condition is satisfied.;4;2.669985117850079e-07;4.432856661247271e-09;1;True;;True;0;zulässig;feasible;True;True;True;106.87376002088126;130.26837627238973;155.2872498731262;60.567514403918494;0.10515776976733456;0.2713294627109395;0.21851580974420584;0.27926120464766957;233.60207163765045;230.05999804558695;234.59866510566223;229.01017938487877;44.040757376878744;0.5038775131530447;7.435612282104385;18.971415767802057;0.010390649892453422;0.042834543270130435;23.36020713794203;23.00599980195021;9.383946604700725;15.267345289921469;4.003705218248614;105.80671872481332;0.019352066862536047;2697.3230579755113;287.6317626161207;240.0790115317728;0.015368280203612139;0.7787732609959906;0.5854360731007442;0.22656091458730626;4.662794594878505e-10;-2.385601050036712e-08;4.361731953395065e-08;-3.538735637853563e-09;-1.1855888715217588e-08;2.608484805932676e-08;3.605674692153116e-08;2.5823015903370106e-07;4.6627945948785056e-12;-2.385601050036712e-10;4.361731953395065e-10;-3.538735637853563e-09;-1.1855888715217589e-10;2.608484805932676e-10;3.605674692153116e-10;2.5823015903370107e-09;148.97141576780206;130.0;115.96897935970918;130.0;116.30321893631105;43.75956926109973;25.166091462866234;21.64285303160767;62.047149463713595;30.567514403918494;8.646424921772791;10.162260634895858;23.126239979118736;55.731067457153415;1.3556031584814718;8.881434141154955;4.0;0.7000000000000003;128957.89108685433;20476.213390975074;6.297936470211467;1.3556031584814718;deltaT_shex_1_K;shex;True;True;True;True;True;True;True;True;106.87376002088126;2686.281938427533;0.0941415411996025;128957.89108685433;0.0;0.0;135.0;4.0;148.97141576780206;4.0;130.0;4.0;115.96897935970918;4.0;130.0;4.0;116.30321893631105;4.0;30.0;4.0;43.75956926109973;4.0;106.87376002088126;2686.281938427533;0.009899714515009839;128957.89108685433;0.0;0.0;105.80671872481332;287.63176261611983;0.7941415411996028;20476.213390975074;0.5741066750703581;0.21851580974420584;174.1375072306683;394.0920907976451;0.7098997145150101;128957.89108685433;0.6422343240461317;0.2713294627109395;106.87376002088126;2686.281938427533;0.08424182668459265;128957.89108685433;0.0;0.0;130.26837627238973;287.63176261611983;0.7941415411996028;128957.89108685433;0.5741066750703581;0.21851580974420584;156.64285303160767;343.0888254847267;0.7941415411996028;128957.89108685433;0.5741066750703581;0.21851580974420584;155.2872498731262;361.67491213747013;0.7000000000000003;128957.89108685433;0.6513170853619337;0.27926120464766957;121.38694213123478;298.7595444568809;0.7000000000000003;128957.89108685433;0.6513170853619337;0.27926120464766957;121.35357507822721;298.6983522522093;0.7000000000000003;20476.213390975074;0.6513170853619337;0.27926120464766957;105.80671872481332;2697.3230579755113;0.0941415411996025;20476.213390975074;0.0;0.0;60.567514403918494;253.5559907059738;0.0941415411996025;20476.213390975074;0.0;0.0;60.57215147915764;253.66636334020149;0.0941415411996025;128957.89108685433;0.0;0.0;"Zustand 3: Temperatur 429.793 K liegt außerhalb des Boryta-Prüfbereichs; Kristallisation wurde nicht bewertet.";"Zustand 4: Temperatur 428.437 K liegt außerhalb des Boryta-Prüfbereichs; Kristallisation wurde nicht bewertet.";"Zustand 5: Temperatur 394.537 K liegt außerhalb des Boryta-Prüfbereichs; Kristallisation wurde nicht bewertet.";"Zustand 6: Temperatur 394.504 K liegt außerhalb des Boryta-Prüfbereichs; Kristallisation wurde nicht bewertet.";"Zustand 20: Temperatur 447.288 K liegt außerhalb des Boryta-Prüfbereichs; Kristallisation wurde nicht bewertet.";5
parallel;Parallel (T13 = T15);parallel;130.0;130.0;30.0;130.0;4.0;4.0;4.0;130.0;0.7100000000000003;Abwärmetemperatur [°C];hot_temperature_C;130.0;10.0;10.0;25.0;15.0;11.0;nan;nan;7.836977089809895e-18;`gtol` termination condition is satisfied.;4;2.3096936766920173e-07;3.959034500938302e-09;1;True;;True;0;zulässig;feasible;True;True;True;106.8630373687053;130.18616264612126;155.32456933897265;60.58454201853738;0.10578541023946877;0.2709755087899006;0.21886262765602627;0.27882960352835173;233.5732141033758;230.18815281961028;234.59116756049292;229.11636164505484;44.8875197892458;0.5037080474055441;7.538068298641995;18.969689838718637;0.010389859991305792;0.04344785813388123;23.35732138801189;23.018815279731964;9.383646702834664;15.27442410758255;4.080683619101431;105.91761446423686;0.019178092910549276;2697.5343382285564;287.5542231157823;240.4316800464074;0.015422803434615218;0.7887657833320915;0.5858381583822311;0.2268513948171758;6.868532409498584e-10;-2.0869940442480583e-08;3.836174755633692e-08;-3.2156342033573537e-09;-1.0373668146712589e-08;2.2290635115496116e-08;3.131657422272838e-08;2.2325690451907576e-07;6.868532409498584e-12;-2.0869940442480585e-10;3.8361747556336923e-10;-3.2156342033573537e-09;-1.0373668146712589e-10;2.2290635115496115e-10;3.131657422272838e-10;2.2325690451907574e-09;148.96968983871864;130.0;115.96942777748245;130.0;116.29686832266418;43.767234020311605;25.041777622449672;21.750151539167007;62.15038044392526;30.584542018537377;8.745766943177046;10.051813313245589;23.136962631294693;55.70769073287545;1.4255822001943557;8.898588717563712;4.0;0.7100000000000003;128910.57039366498;20492.292064663514;6.290685785020393;1.4255822001943557;deltaT_shex_1_K;shex;True;True;True;True;True;True;True;True;106.8630373687053;2686.2654430152425;0.09418858676670638;128910.57039366498;0.0;0.0;135.0;4.0;148.96968983871864;4.0;130.0;4.0;115.96942777748245;4.0;130.0;4.0;116.29686832266418;4.0;30.0;4.0;43.767234020311605;4.0;106.8630373687053;2686.2654430152425;0.009963778290991834;128910.57039366498;0.0;0.0;105.91761446423686;287.5542231157833;0.8041885867667067;20492.292064663514;0.5746028997502316;0.21886262765602627;174.0114674611683;393.71198142843724;0.7199637782909921;128910.57039366498;0.6418227014346536;0.2709755087899006;106.8630373687053;2686.2654430152425;0.08422480847571455;128910.57039366498;0.0;0.0;130.18616264612126;287.5542231157833;0.8041885867667067;128910.57039366498;0.5746028997502316;0.21886262765602627;156.750151539167;343.37137910119594;0.8041885867667067;128910.57039366498;0.5746028997502316;0.21886262765602627;155.32456933897265;361.5394541423316;0.7100000000000003;128910.57039366498;0.6508297097213946;0.27882960352835173;121.28757392855755;298.3175952852063;0.7100000000000003;128910.57039366498;0.6508297097213946;0.27882960352835173;121.25423305682295;298.2564011188206;0.7100000000000003;20492.292064663514;0.6508297097213946;0.27882960352835173;105.91761446423686;2697.5343382285564;0.09418858676670638;20492.292064663514;0.0;0.0;60.58454201853738;253.62727133776437;0.09418858676670638;20492.292064663514;0.0;0.0;60.58917758978873;253.73758045639505;0.09418858676670638;128910.57039366498;0.0;0.0;"Zustand 3: Temperatur 429.900 K liegt außerhalb des Boryta-Prüfbereichs; Kristallisation wurde nicht bewertet.";"Zustand 4: Temperatur 428.475 K liegt außerhalb des Boryta-Prüfbereichs; Kristallisation wurde nicht bewertet.";"Zustand 5: Temperatur 394.438 K liegt außerhalb des Boryta-Prüfbereichs; Kristallisation wurde nicht bewertet.";"Zustand 6: Temperatur 394.404 K liegt außerhalb des Boryta-Prüfbereichs; Kristallisation wurde nicht bewertet.";"Zustand 20: Temperatur 447.161 K liegt außerhalb des Boryta-Prüfbereichs; Kristallisation wurde nicht bewertet.";5
parallel;Parallel (T13 = T15);parallel;130.0;130.0;30.0;130.0;4.0;4.0;4.0;130.0;0.7200000000000003;Abwärmetemperatur [°C];hot_temperature_C;130.0;10.0;10.0;25.0;15.0;11.0;nan;nan;6.2719000107692615e-18;`gtol` termination condition is satisfied.;4;2.0000250979927603e-07;3.5417227476947602e-09;1;True;;True;0;zulässig;feasible;True;True;True;106.8525470254728;130.10691926982588;155.35785389378805;60.60119005399139;0.10642360534453903;0.27062838190617117;0.21919991943008618;0.27840786441295123;233.53791504595034;230.31345077089063;234.57667213608096;229.22024344032096;45.731545733066056;0.5035348601999905;7.640504527614564;18.96757865107361;0.010389082747935674;0.04406115855418326;23.353791485276282;23.031345075187556;9.383066885819465;15.281349560873192;4.157413250115244;106.02554741063994;0.019009754526831055;2697.7399678178117;287.48150185584643;240.77520483038168;0.015478400152015737;0.7987562145122064;0.5862288750129246;0.22713399323174074;8.629967851447873e-10;-1.820163220145332e-08;3.3880041883094236e-08;-2.9231069231805407e-09;-9.40568156693189e-09;1.9015061525351484e-08;2.722308067859558e-08;1.9318753174957237e-07;8.629967851447872e-12;-1.8201632201453322e-10;3.3880041883094235e-10;-2.9231069231805407e-09;-9.405681566931889e-11;1.9015061525351484e-10;2.722308067859558e-10;1.931875317495724e-09;148.9675786510736;130.0;115.97029472870327;130.0;116.29065529663154;43.77472791691929;24.92028211419216;21.854364566669005;62.250819493720655;30.601190053991388;8.842944619848822;9.944747318063321;23.147452974527198;55.68483114433002;1.4965106728809587;8.91654861387326;4.0;0.7200000000000003;128864.28876440211;20508.02270119533;6.283603770191416;1.4965106728809587;deltaT_shex_1_K;shex;True;True;True;True;True;True;True;True;106.8525470254728;2686.2493043107756;0.09423461466422178;128864.28876440211;0.0;0.0;135.0;4.0;148.9675786510736;4.0;130.0;4.0;115.97029472870327;4.0;130.0;4.0;116.29065529663154;4.0;30.0;4.0;43.77472791691929;4.0;106.8525470254728;2686.2493043107756;0.010028787440819848;128864.28876440211;0.0;0.0;106.02554741063994;287.4815018558463;0.8142346146642221;20508.02270119533;0.5750848080023886;0.21919991943008618;173.88786076526577;393.3392912362709;0.7300287874408201;128864.28876440211;0.641418486533504;0.27062838190617117;106.8525470254728;2686.2493043107756;0.08420582722340193;128864.28876440211;0.0;0.0;130.10691926982588;287.4815018558463;0.8142346146642221;128864.28876440211;0.5750848080023886;0.21919991943008618;156.854364566669;343.64657382582766;0.8142346146642221;128864.28876440211;0.5750848080023886;0.21919991943008618;155.35785389378805;361.4016424749214;0.7200000000000003;128864.28876440211;0.6503527181153789;0.27840786441295123;121.19037065595262;297.8856067357505;0.7200000000000003;128864.28876440211;0.6503527181153789;0.27840786441295123;121.15705538015118;297.82441068220305;0.7200000000000003;20508.02270119533;0.6503527181153789;0.27840786441295123;106.02554741063994;2697.7399678178117;0.09423461466422178;20508.02270119533;0.0;0.0;60.60119005399139;253.6969631156961;0.09423461466422178;20508.02270119533;0.0;0.0;60.60582415230152;253.80721010704798;0.09423461466422178;128864.28876440211;0.0;0.0;"Zustand 3: Temperatur 430.004 K liegt außerhalb des Boryta-Prüfbereichs; Kristallisation wurde nicht bewertet.";"Zustand 4: Temperatur 428.508 K liegt außerhalb des Boryta-Prüfbereichs; Kristallisation wurde nicht bewertet.";"Zustand 5: Temperatur 394.340 K liegt außerhalb des Boryta-Prüfbereichs; Kristallisation wurde nicht bewertet.";"Zustand 6: Temperatur 394.307 K liegt außerhalb des Boryta-Prüfbereichs; Kristallisation wurde nicht bewertet.";"Zustand 20: Temperatur 447.038 K liegt außerhalb des Boryta-Prüfbereichs; Kristallisation wurde nicht bewertet.";5
parallel;Parallel (T13 = T15);parallel;130.0;130.0;30.0;130.0;4.0;4.0;4.0;130.0;0.7300000000000003;Abwärmetemperatur [°C];hot_temperature_C;130.0;10.0;10.0;25.0;15.0;11.0;nan;nan;5.032723084841692e-18;`gtol` termination condition is satisfied.;4;1.7306394397258242e-07;3.172608732523345e-09;1;True;;True;0;zulässig;feasible;True;True;True;106.84226765733644;130.03058482704125;155.38726857362872;60.617490084160295;0.10707236865595243;0.2702878706597098;0.2195280255257767;0.27799564986088515;233.4964508686087;230.4361295335704;234.55548164204265;229.32203603141502;46.57275499511856;0.503357981304402;7.742916675283243;18.965098736160826;0.010388317062298173;0.04467441267562546;23.34964507015354;23.04361295173863;9.382219266017508;15.288135733850378;4.233886819192243;106.13065023582806;0.018846846742196104;2697.9401981413193;287.4134580837077;241.10995502000796;0.015535073516281028;0.8087446444006496;0.5866086676337212;0.2274090040185164;1.0164598052142537e-09;-1.5996114655081328e-08;2.9689999792026356e-08;-2.659142794847469e-09;-8.395034001296153e-09;1.6184117157536093e-08;2.365933937653608e-08;1.6707329564269457e-07;1.0164598052142537e-11;-1.5996114655081327e-10;2.9689999792026355e-10;-2.659142794847469e-09;-8.395034001296153e-11;1.6184117157536092e-10;2.365933937653608e-10;1.6707329564269458e-09;148.96509873616083;130.0;115.97156210274863;130.0;116.28456722300149;43.78206516349104;24.801496623504818;21.95559010799684;62.348585072337016;30.617490084160295;8.938006403231554;9.840911866920578;23.157732342663564;55.66244448540965;1.568321534368124;8.935301009120337;4.0;0.7300000000000003;128818.95120591653;20523.434466046027;6.276676129379545;1.568321534368124;deltaT_shex_1_K;shex;True;True;True;True;True;True;True;True;106.84226765733644;2686.233489535492;0.09427971791693035;128818.95120591653;0.0;0.0;135.0;4.0;148.96509873616083;4.0;130.0;4.0;115.97156210274863;4.0;130.0;4.0;116.28456722300149;4.0;30.0;4.0;43.78206516349104;4.0;106.84226765733644;2686.233489535492;0.01009475271358077;128818.95120591653;0.0;0.0;106.13065023582806;287.41345808370755;0.8242797179169307;20523.434466046027;0.5755529439771846;0.2195280255257767;173.76659535966564;392.97375920829256;0.740094752713581;128818.95120591653;0.6410214627619664;0.2702878706597098;106.84226765733644;2686.233489535492;0.08418496520334959;128818.95120591653;0.0;0.0;130.03058482704125;287.41345808370755;0.8242797179169307;128818.95120591653;0.5755529439771846;0.2195280255257767;156.95559010799684;343.9146117367592;0.8242797179169307;128818.95120591653;0.5755529439771846;0.2195280255257767;155.38726857362872;361.2615813233939;0.7300000000000003;128818.95120591653;0.6498857785037979;0.27799564986088515;121.09528381792092;297.4632868109253;0.7300000000000003;128818.95120591653;0.6498857785037979;0.27799564986088515;121.06199359676845;297.40208898534223;0.7300000000000003;20523.434466046027;0.6498857785037979;0.27799564986088515;106.13065023582806;2697.9401981413193;0.09427971791693035;20523.434466046027;0.0;0.0;60.617490084160295;253.7651982054138;0.09427971791693035;20523.434466046027;0.0;0.0;60.62212273759184;253.87538433337244;0.09427971791693035;128818.95120591653;0.0;0.0;"Zustand 3: Temperatur 430.106 K liegt außerhalb des Boryta-Prüfbereichs; Kristallisation wurde nicht bewertet.";"Zustand 4: Temperatur 428.537 K liegt außerhalb des Boryta-Prüfbereichs; Kristallisation wurde nicht bewertet.";"Zustand 5: Temperatur 394.245 K liegt außerhalb des Boryta-Prüfbereichs; Kristallisation wurde nicht bewertet.";"Zustand 6: Temperatur 394.212 K liegt außerhalb des Boryta-Prüfbereichs; Kristallisation wurde nicht bewertet.";"Zustand 20: Temperatur 446.917 K liegt außerhalb des Boryta-Prüfbereichs; Kristallisation wurde nicht bewertet.";5
parallel;Parallel (T13 = T15);parallel;130.0;130.0;30.0;130.0;4.0;4.0;4.0;130.0;0.7400000000000003;Abwärmetemperatur [°C];hot_temperature_C;130.0;10.0;10.0;25.0;15.0;11.0;nan;nan;4.060186533327179e-18;`gtol` termination condition is satisfied.;4;1.5050555687260364e-07;2.8496268293680766e-09;1;True;;True;0;zulässig;feasible;True;True;True;106.83217944150846;129.95709707700638;155.41297193193043;60.63347150243982;0.10773169958246685;0.2699537719119801;0.21984727075246027;0.277592636425718;233.44908221532387;230.55641033112002;234.52788168007933;229.42193571589146;47.4110742885343;0.5031774417449124;7.845300596868119;18.96226568273471;0.010387561886921274;0.04528758969946394;23.34490820701767;23.055641031700606;9.381115267494668;15.294795712998326;4.310097663875062;106.23304822264049;0.01868917293014973;2698.1352666491134;287.3499528247309;241.4362806378428;0.015592825197751292;0.8187311577858216;0.5869779576736797;0.2276767066735192;1.113278358388925e-09;-1.40913840596113e-08;2.624398121042759e-08;-2.4198690828924896e-09;-7.287354719665018e-09;1.4113965107753756e-08;2.0916587573083234e-08;1.451471689506434e-07;1.113278358388925e-11;-1.40913840596113e-10;2.6243981210427593e-10;-2.4198690828924896e-09;-7.287354719665019e-11;1.4113965107753756e-10;2.0916587573083234e-10;1.451471689506434e-09;148.9622656827347;130.0;115.97321281817705;130.0;116.27859236148976;43.78925899109572;24.685318177857994;22.053922142129068;62.44378923154477;30.633471502439818;9.030999962223348;9.740164595536555;23.16782055849154;55.6404896252659;1.640950210198639;8.954831372516992;4.0;0.7400000000000003;128774.46951410422;20538.554551068566;6.2698895968511295;1.640950210198639;deltaT_shex_1_K;shex;True;True;True;True;True;True;True;True;106.83217944150846;2686.2179682295014;0.09432398298357259;128774.46951410422;0.0;0.0;135.0;4.0;148.9622656827347;4.0;130.0;4.0;115.97321281817705;4.0;130.0;4.0;116.27859236148976;4.0;30.0;4.0;43.78925899109572;4.0;106.83217944150846;2686.2179682295014;0.010161682998207957;128774.46951410422;0.0;0.0;106.23304822264049;287.3499528247324;0.8343239829835729;20538.554551068566;0.5760078251165301;0.21984727075246027;173.6475838605927;392.61513595727365;0.7501616829982083;128774.46951410422;0.6406314214557739;0.2699537719119801;106.83217944150846;2686.2179682295014;0.08416229998536463;128774.46951410422;0.0;0.0;129.95709707700638;287.3499528247324;0.8343239829835729;128774.46951410422;0.5760078251165301;0.21984727075246027;157.05392214212907;344.17568869653434;0.8343239829835729;128774.46951410422;0.5760078251165301;0.21984727075246027;155.41297193193043;361.1193726071408;0.7400000000000003;128774.46951410422;0.6494285714607142;0.277592636425718;121.00226570448939;297.05035329981513;0.7400000000000003;128774.46951410422;0.6494285714607142;0.277592636425718;120.96900003777665;296.9891538542753;0.7400000000000003;20538.554551068566;0.6494285714607142;0.277592636425718;106.23304822264049;2698.1352666491134;0.09432398298357259;20538.554551068566;0.0;0.0;60.63347150243982;253.83209964572671;0.09432398298357259;20538.554551068566;0.0;0.0;60.63810273622386;253.942226058526;0.09432398298357259;128774.46951410422;0.0;0.0;"Zustand 3: Temperatur 430.204 K liegt außerhalb des Boryta-Prüfbereichs; Kristallisation wurde nicht bewertet.";"Zustand 4: Temperatur 428.563 K liegt außerhalb des Boryta-Prüfbereichs; Kristallisation wurde nicht bewertet.";"Zustand 5: Temperatur 394.152 K liegt außerhalb des Boryta-Prüfbereichs; Kristallisation wurde nicht bewertet.";"Zustand 6: Temperatur 394.119 K liegt außerhalb des Boryta-Prüfbereichs; Kristallisation wurde nicht bewertet.";"Zustand 20: Temperatur 446.798 K liegt außerhalb des Boryta-Prüfbereichs; Kristallisation wurde nicht bewertet.";5
parallel;Parallel (T13 = T15);parallel;130.0;130.0;30.0;130.0;4.0;4.0;4.0;130.0;0.7500000000000003;Abwärmetemperatur [°C];hot_temperature_C;130.0;10.0;10.0;25.0;15.0;11.0;nan;nan;3.2771282974041754e-18;`gtol` termination condition is satisfied.;4;1.3038379050329945e-07;2.560128237961597e-09;1;True;;True;0;zulässig;feasible;True;True;True;106.82226395332867;129.88639319094858;155.43511620514602;60.64916168240342;0.10840158476859811;0.26962589039756163;0.22015796513110378;0.27719851400379986;233.39605502845615;230.67449918425154;234.49414179246105;229.52012494539304;48.24643670434646;0.5029932736105155;7.947652290505523;18.95909420026652;0.010386816224879645;0.045900659842273275;23.339605490278164;23.067449917248517;9.379765671959538;15.301341661826392;4.386039701531138;106.33285975110198;0.018536544466652517;2698.3253977583513;287.2908491995712;241.7545137730946;0.015651655529134056;0.828715834716504;0.5873371448364864;0.22793736690082553;1.2134506732763839e-09;-1.2496066403855366e-08;2.3203824639494997e-08;-2.203349447338354e-09;-6.527386631205445e-09;1.1766360330511816e-08;1.7997166423810995e-08;1.256745179034624e-07;1.2134506732763839e-11;-1.2496066403855367e-10;2.3203824639494996e-10;-2.203349447338354e-09;-6.527386631205445e-11;1.1766360330511816e-10;1.7997166423810994e-10;1.256745179034624e-09;148.95909420026652;130.0;115.97523075403939;130.0;116.27271979991667;43.79632172154612;24.571648825107843;22.14945082580249;62.53653802955586;30.649161682403417;9.121972136521208;9.64237100293741;23.177736046671328;55.61892828063293;1.714334620656473;8.975123753300295;4.0;0.7500000000000003;128730.76176145385;20553.40831652469;6.26323185814179;1.714334620656473;deltaT_shex_1_K;shex;True;True;True;True;True;True;True;True;106.82226395332867;2686.202712078613;0.09436749024563773;128730.76176145385;0.0;0.0;135.0;4.0;148.95909420026652;4.0;130.0;4.0;115.97523075403939;4.0;130.0;4.0;116.27271979991667;4.0;30.0;4.0;43.79632172154612;4.0;106.82226395332867;2686.202712078613;0.010229585493262354;128730.76176145385;0.0;0.0;106.33285975110198;287.2908491995725;0.8443674902456381;20553.40831652469;0.5764499437343081;0.22015796513110378;173.53074302537436;392.2631830894195;0.7602295854932627;128730.76176145385;0.6402481615217802;0.26962589039756163;106.82226395332867;2686.202712078613;0.08413790475237537;128730.76176145385;0.0;0.0;129.88639319094858;287.2908491995725;0.8443674902456381;128730.76176145385;0.5764499437343081;0.22015796513110378;157.1494508258025;344.429994490814;0.8443674902456381;128730.76176145385;0.5764499437343081;0.22015796513110378;155.43511620514602;360.97511574946606;0.7500000000000003;128730.76176145385;0.6489807896575691;0.27719851400379986;120.91126943764829;296.6465334786221;0.7500000000000003;128730.76176145385;0.6489807896575691;0.27719851400379986;120.87802786347879;296.5853325988324;0.7500000000000003;20553.40831652469;0.6489807896575691;0.27719851400379986;106.33285975110198;2698.3253977583513;0.09436749024563773;20553.40831652469;0.0;0.0;60.64916168240342;253.89778202111054;0.09436749024563773;20553.40831652469;0.0;0.0;60.65379151928374;254.00784975945817;0.09436749024563773;128730.76176145385;0.0;0.0;"Zustand 3: Temperatur 430.299 K liegt außerhalb des Boryta-Prüfbereichs; Kristallisation wurde nicht bewertet.";"Zustand 4: Temperatur 428.585 K liegt außerhalb des Boryta-Prüfbereichs; Kristallisation wurde nicht bewertet.";"Zustand 5: Temperatur 394.061 K liegt außerhalb des Boryta-Prüfbereichs; Kristallisation wurde nicht bewertet.";"Zustand 6: Temperatur 394.028 K liegt außerhalb des Boryta-Prüfbereichs; Kristallisation wurde nicht bewertet.";"Zustand 20: Temperatur 446.681 K liegt außerhalb des Boryta-Prüfbereichs; Kristallisation wurde nicht bewertet.";5
parallel;Parallel (T13 = T15);parallel;130.0;130.0;30.0;130.0;4.0;4.0;4.0;130.0;0.7600000000000003;Abwärmetemperatur [°C];hot_temperature_C;130.0;10.0;10.0;25.0;15.0;11.0;nan;nan;2.657588732550825e-18;`gtol` termination condition is satisfied.;4;1.1340689199987579e-07;2.305466864889116e-09;1;True;;True;0;zulässig;feasible;True;True;True;106.81250406254622;129.81841004536966;155.45384748972134;60.66458612542726;0.10908199936697796;0.2693040383527121;0.22046040470189182;0.2768129852152051;233.33760152648915;230.790588024433;234.45451652400612;229.6167733547209;49.07878120521381;0.502805509876437;8.049967891390358;18.95559817742162;0.010386079127846642;0.04651359429609748;23.333760141725254;23.079058801433415;9.378180661191795;15.307784889259288;4.461707383285876;106.43019674827639;0.018388780400758992;2698.5108037002765;287.2360126879265;242.06496967976403;0.01571156364470483;0.838698750812927;0.5876866084768003;0.22819123744877434;1.2288055017961597e-09;-1.0930826022104156e-08;2.0428558400453767e-08;-2.007353505639742e-09;-5.788763246528106e-09;1.0098830216520582e-08;1.5831574273761362e-08;1.0923662330242223e-07;1.2288055017961597e-11;-1.0930826022104157e-10;2.0428558400453766e-10;-2.007353505639742e-09;-5.788763246528106e-11;1.0098830216520582e-10;1.583157427376136e-10;1.0923662330242223e-09;148.95559817742162;130.0;115.97760068636325;130.0;116.26693939266022;43.80326483399722;24.46039533317628;22.242262676284895;62.62693191427917;30.664586125427263;9.21096889931681;9.547403938086859;23.187495937453775;55.597724807004454;1.7884151865635545;8.996161036914145;4.0;0.7600000000000003;128687.75182702062;20568.019421979705;6.256691477522643;1.7884151865635545;deltaT_shex_1_K;shex;True;True;True;True;True;True;True;True;106.81250406254622;2686.18769475537;0.09441031445763148;128687.75182702062;0.0;0.0;135.0;4.0;148.95559817742162;4.0;130.0;4.0;115.97760068636325;4.0;130.0;4.0;116.26693939266022;4.0;30.0;4.0;43.80326483399722;4.0;106.81250406254622;2686.18769475537;0.010298465861903548;128687.75182702062;0.0;0.0;106.43019674827639;287.23601268792606;0.8544103144576318;20568.019421979705;0.5768797684890536;0.22046040470189182;173.4159935105979;391.9176726085714;0.7702984658619039;128687.75182702062;0.6398714891049717;0.2693040383527121;106.81250406254622;2686.18769475537;0.08411184859572793;128687.75182702062;0.0;0.0;129.81841004536966;287.23601268792606;0.8544103144576318;128687.75182702062;0.5768797684890536;0.22046040470189182;157.2422626762849;344.6777129749461;0.8544103144576318;128687.75182702062;0.5768797684890536;0.22046040470189182;155.45384748972134;360.8289075024676;0.7600000000000003;128687.75182702062;0.6485421373670762;0.2768129852152051;120.82224900845551;296.25156381301366;0.7600000000000003;128687.75182702062;0.6485421373670762;0.2768129852152051;120.78903110068319;296.1903617152556;0.7600000000000003;20568.019421979705;0.6485421373670762;0.2768129852152051;106.43019674827639;2698.5108037002765;0.09441031445763148;20568.019421979705;0.0;0.0;60.66458612542726;253.962352079507;0.09441031445763148;20568.019421979705;0.0;0.0;60.669214585655766;254.07236208410782;0.09441031445763148;128687.75182702062;0.0;0.0;"Zustand 3: Temperatur 430.392 K liegt außerhalb des Boryta-Prüfbereichs; Kristallisation wurde nicht bewertet.";"Zustand 4: Temperatur 428.604 K liegt außerhalb des Boryta-Prüfbereichs; Kristallisation wurde nicht bewertet.";"Zustand 5: Temperatur 393.972 K liegt außerhalb des Boryta-Prüfbereichs; Kristallisation wurde nicht bewertet.";"Zustand 6: Temperatur 393.939 K liegt außerhalb des Boryta-Prüfbereichs; Kristallisation wurde nicht bewertet.";"Zustand 20: Temperatur 446.566 K liegt außerhalb des Boryta-Prüfbereichs; Kristallisation wurde nicht bewertet.";5
parallel;Parallel (T13 = T15);parallel;130.0;130.0;30.0;130.0;4.0;4.0;4.0;130.0;0.7700000000000004;Abwärmetemperatur [°C];hot_temperature_C;130.0;10.0;10.0;25.0;15.0;11.0;nan;nan;2.1578328488947924e-18;`gtol` termination condition is satisfied.;4;9.846104761013503e-08;2.0774180363589764e-09;1;True;;True;0;zulässig;feasible;True;True;True;106.80288383785114;129.75308447640805;155.46930592696145;60.679768596814256;0.10977290820641335;0.26898803516647685;0.22075487228141216;0.2764357648138361;233.27394110322336;230.9048557157617;234.40924640045418;229.7120387049696;49.90805215880869;0.5026141842433188;8.152243666280928;18.9517907358387;0.01038534969390709;0.04712636518976715;23.32739410084492;23.09048557073081;9.3763698562273;15.314135912755685;4.537095651688224;106.5251651051023;0.01824570713556887;2698.6916853051703;287.1853113438015;242.36794779912015;0.015772547606672682;0.8486799775533461;0.5880267088749555;0.22843855888728654;1.3224052963778377e-09;-9.761777164385421e-09;1.8092862319463165e-08;-1.8293557779713865e-09;-5.228315558269969e-09;8.453611144432216e-09;1.3634320339406258e-08;9.477417961534229e-08;1.3224052963778376e-11;-9.761777164385421e-11;1.8092862319463165e-10;-1.8293557779713865e-09;-5.228315558269969e-11;8.453611144432216e-11;1.3634320339406257e-10;9.477417961534228e-10;148.9517907358387;130.0;115.9803082296379;130.0;116.26124170424822;43.81009902606229;24.351468911616905;22.33244074451801;62.715066079040014;30.679768596814256;9.298035328152253;9.455143124535596;23.19711616214886;55.57684600577676;1.8631348175565563;9.01792517041298;4.0;0.7700000000000004;128645.36896433856;20582.409947361382;6.250257831485404;1.8631348175565563;deltaT_shex_1_K;shex;True;True;True;True;True;True;True;True;106.80288383785114;2686.1728917727055;0.09445252516001845;128645.36896433856;0.0;0.0;135.0;4.0;148.9517907358387;4.0;130.0;4.0;115.9803082296379;4.0;130.0;4.0;116.26124170424822;4.0;30.0;4.0;43.81009902606229;4.0;106.80288383785114;2686.1728917727055;0.010368328374254653;128645.36896433856;0.0;0.0;106.5251651051023;287.18531134380197;0.8644525251600188;20582.409947361382;0.5772977457569306;0.22075487228141216;173.3032596474556;391.57838636040145;0.780368328374255;128645.36896433856;0.6395012172749077;0.26898803516647685;106.80288383785114;2686.1728917727055;0.0840841967857638;128645.36896433856;0.0;0.0;129.75308447640805;287.18531134380197;0.8644525251600188;128645.36896433856;0.5772977457569306;0.22075487228141216;157.332440744518;344.91902222580813;0.8644525251600188;128645.36896433856;0.5772977457569306;0.22075487228141216;155.46930592696145;360.68084181522954;0.7700000000000004;128645.36896433856;0.648112329985409;0.2764357648138361;120.73515930599507;295.86518966265;0.7700000000000004;128645.36896433856;0.648112329985409;0.2764357648138361;120.70196467184775;295.80398659097494;0.7700000000000004;20582.409947361382;0.648112329985409;0.2764357648138361;106.5251651051023;2698.6916853051703;0.09445252516001845;20582.409947361382;0.0;0.0;60.679768596814256;254.02590930214575;0.09445252516001845;20582.409947361382;0.0;0.0;60.68439569847146;254.13586242067078;0.09445252516001845;128645.36896433856;0.0;0.0;"Zustand 3: Temperatur 430.482 K liegt außerhalb des Boryta-Prüfbereichs; Kristallisation wurde nicht bewertet.";"Zustand 4: Temperatur 428.619 K liegt außerhalb des Boryta-Prüfbereichs; Kristallisation wurde nicht bewertet.";"Zustand 5: Temperatur 393.885 K liegt außerhalb des Boryta-Prüfbereichs; Kristallisation wurde nicht bewertet.";"Zustand 6: Temperatur 393.852 K liegt außerhalb des Boryta-Prüfbereichs; Kristallisation wurde nicht bewertet.";"Zustand 20: Temperatur 446.453 K liegt außerhalb des Boryta-Prüfbereichs; Kristallisation wurde nicht bewertet.";5
parallel;Parallel (T13 = T15);parallel;130.0;130.0;30.0;130.0;4.0;4.0;4.0;130.0;0.7800000000000004;Abwärmetemperatur [°C];hot_temperature_C;130.0;10.0;10.0;25.0;15.0;11.0;nan;nan;1.759275299632507e-18;`gtol` termination condition is satisfied.;4;8.577119467165734e-08;1.8757799975650168e-09;1;True;;True;0;zulässig;feasible;True;True;True;106.7933884589603;129.69035349981755;155.48162589356247;60.694731251210044;0.1104742668580823;0.2686777070526395;0.22104163817155384;0.27606657912570226;233.20528116437328;231.01746900083828;234.35855883788486;229.80606775603493;50.73419890701185;0.5024193309939489;8.254476008079335;18.947684280165845;0.010384627065551542;0.047738945551487874;23.320528108193315;23.10174689935987;9.374342353714361;15.32040451626722;4.612199901428294;106.61786506231488;0.01810715812035984;2698.8682327291804;287.13861596828934;242.66373271051194;0.015834604520453488;0.858659582540791;0.5883577884168919;0.22867956032978318;1.3252545727482357e-09;-8.699380771304277e-09;1.607207877896144e-08;-1.6682802916889727e-09;-4.9741686325432966e-09;7.239577826112509e-09;1.2026617923766025e-08;8.244012406066759e-08;1.3252545727482357e-11;-8.699380771304278e-11;1.607207877896144e-10;-1.6682802916889727e-09;-4.974168632543297e-11;7.239577826112508e-11;1.2026617923766025e-10;8.244012406066759e-10;148.94768428016584;130.0;115.98333978242317;130.0;116.25561795717493;43.81683427038507;24.24478495270955;22.4200647786966;62.801030791929804;30.694731251210044;9.383215583058359;9.365474720108296;23.206611541039706;55.556260946927125;1.9384388851341328;9.040397360748102;4.0;0.7800000000000004;128603.54740400166;20596.600504801474;6.243921047748711;1.9384388851341328;deltaT_shex_1_K;shex;True;True;True;True;True;True;True;True;106.7933884589603;2686.158280349153;0.09449418706124413;128603.54740400166;0.0;0.0;135.0;4.0;148.94768428016584;4.0;130.0;4.0;115.98333978242317;4.0;130.0;4.0;116.25561795717493;4.0;30.0;4.0;43.81683427038507;4.0;106.7933884589603;2686.158280349153;0.010439176037941431;128603.54740400166;0.0;0.0;106.61786506231488;287.13861596829076;0.8744941870612445;20596.600504801474;0.577704300910682;0.22104163817155384;173.1924692328754;391.245115513437;0.7904391760379418;128603.54740400166;0.6391371657301329;0.2686777070526395;106.7933884589603;2686.158280349153;0.08405501102330269;128603.54740400166;0.0;0.0;129.69035349981755;287.13861596829076;0.8744941870612445;128603.54740400166;0.577704300910682;0.22104163817155384;157.4200647786966;345.1540946960627;0.8744941870612445;128603.54740400166;0.577704300910682;0.22104163817155384;155.48162589356247;360.5310097397995;0.7800000000000004;128603.54740400166;0.6476910935726554;0.27606657912570226;120.64995613906945;295.4871649889193;0.7800000000000004;128603.54740400166;0.6476910935726554;0.27606657912570226;120.61678441694164;295.4259612125712;0.7800000000000004;20596.600504801474;0.6476910935726554;0.27606657912570226;106.61786506231488;2698.8682327291804;0.09449418706124413;20596.600504801474;0.0;0.0;60.694731251210044;254.08854642837224;0.09449418706124413;20596.600504801474;0.0;0.0;60.69935701024781;254.1984434219177;0.09449418706124413;128603.54740400166;0.0;0.0;"Zustand 3: Temperatur 430.570 K liegt außerhalb des Boryta-Prüfbereichs; Kristallisation wurde nicht bewertet.";"Zustand 4: Temperatur 428.632 K liegt außerhalb des Boryta-Prüfbereichs; Kristallisation wurde nicht bewertet.";"Zustand 5: Temperatur 393.800 K liegt außerhalb des Boryta-Prüfbereichs; Kristallisation wurde nicht bewertet.";"Zustand 6: Temperatur 393.767 K liegt außerhalb des Boryta-Prüfbereichs; Kristallisation wurde nicht bewertet.";"Zustand 20: Temperatur 446.342 K liegt außerhalb des Boryta-Prüfbereichs; Kristallisation wurde nicht bewertet.";5
parallel;Parallel (T13 = T15);parallel;130.0;130.0;30.0;130.0;4.0;4.0;4.0;130.0;0.7900000000000004;Abwärmetemperatur [°C];hot_temperature_C;130.0;10.0;10.0;25.0;15.0;11.0;nan;nan;1.437197335662956e-18;`gtol` termination condition is satisfied.;4;7.477027674301601e-08;1.6954039846968369e-09;1;True;;True;0;zulässig;feasible;True;True;True;106.78400413571768;129.63015450002183;155.49093619597227;60.70949474810385;0.11118602259897947;0.2683728867366373;0.22132096082617359;0.2757051655156016;233.13181789771647;231.1285833688023;234.30266898196504;229.89899706621281;51.55717537035305;0.5022209848629035;8.356661430784403;18.943290544121794;0.010383910427534886;0.04835130927286184;23.313181782588295;23.112858336259418;9.372106759439104;15.326599803709128;4.687015943457855;106.70839156857306;0.017972973552952694;2699.040626128965;287.0958002451125;242.95259501823574;0.01589773063890565;0.8686376297491303;0.5886801726904386;0.2289144601064484;1.359580892312806e-09;-7.683354397158837e-09;1.4172087503538933e-08;-1.521698655970738e-09;-4.012548515675007e-09;6.208125569173717e-09;1.0575888609309914e-08;7.183354000517284e-08;1.3595808923128061e-11;-7.683354397158837e-11;1.4172087503538932e-10;-1.521698655970738e-09;-4.012548515675007e-11;6.208125569173717e-11;1.0575888609309913e-10;7.183354000517284e-10;148.9432905441218;130.0;115.98668247715523;130.0;116.25005998407818;43.82347986655515;24.140262789765416;22.505211379864875;62.88491170201792;30.70949474810385;9.466552890774324;9.278290908582164;23.21599586428232;55.5359408055275;2.0142751838926074;9.063558248199968;4.0;0.7900000000000004;128562.22598835547;20610.610341895095;6.237671949337066;2.0142751838926074;deltaT_shex_1_K;shex;True;True;True;True;True;True;True;True;106.78400413571768;2686.1438392847876;0.09453536038803556;128562.22598835547;0.0;0.0;135.0;4.0;148.9432905441218;4.0;130.0;4.0;115.98668247715523;4.0;130.0;4.0;116.25005998407818;4.0;30.0;4.0;43.82347986655515;4.0;106.78400413571768;2686.1438392847876;0.01051101071650679;128562.22598835547;0.0;0.0;106.70839156857306;287.0958002451128;0.8845353603880359;20610.610341895095;0.5780998395155257;0.22132096082617359;173.0835533338872;390.9176600699305;0.8005110107165072;128562.22598835547;0.6387791605141571;0.2683728867366373;106.78400413571768;2686.1438392847876;0.08402434967152878;128562.22598835547;0.0;0.0;129.63015450002183;287.0958002451128;0.8845353603880359;128562.22598835547;0.5780998395155257;0.22132096082617359;157.50521137986487;345.3830973722005;0.8845353603880359;128562.22598835547;0.5780998395155257;0.22132096082617359;155.49093619597227;360.3794993707378;0.7900000000000004;128562.22598835547;0.647278164412824;0.2757051655156016;120.56659625182186;295.11725206821444;0.7900000000000004;128562.22598835547;0.647278164412824;0.2757051655156016;120.53344710922568;295.0560478792614;0.7900000000000004;20610.610341895095;0.647278164412824;0.2757051655156016;106.70839156857306;2699.040626128965;0.09453536038803556;20610.610341895095;0.0;0.0;60.70949474810385;254.15034993920975;0.09453536038803556;20610.610341895095;0.0;0.0;60.714119178550675;254.26019148828632;0.09453536038803556;128562.22598835547;0.0;0.0;"Zustand 3: Temperatur 430.655 K liegt außerhalb des Boryta-Prüfbereichs; Kristallisation wurde nicht bewertet.";"Zustand 4: Temperatur 428.641 K liegt außerhalb des Boryta-Prüfbereichs; Kristallisation wurde nicht bewertet.";"Zustand 5: Temperatur 393.717 K liegt außerhalb des Boryta-Prüfbereichs; Kristallisation wurde nicht bewertet.";"Zustand 6: Temperatur 393.683 K liegt außerhalb des Boryta-Prüfbereichs; Kristallisation wurde nicht bewertet.";"Zustand 20: Temperatur 446.234 K liegt außerhalb des Boryta-Prüfbereichs; Kristallisation wurde nicht bewertet.";5
parallel;Parallel (T13 = T15);parallel;130.0;130.0;30.0;130.0;4.0;4.0;4.0;130.0;0.8000000000000004;Abwärmetemperatur [°C];hot_temperature_C;130.0;10.0;10.0;25.0;15.0;11.0;nan;nan;1.1759348145296891e-18;`gtol` termination condition is satisfied.;4;6.507429933062237e-08;1.5335806561962687e-09;1;True;;True;0;zulässig;feasible;True;True;True;106.77471803351233;129.57242539186154;155.4973602662452;60.72407835848429;0.11190811530512186;0.26807341316295397;0.22159308747521547;0.27535127187819763;233.05373698982294;231.23834385849534;234.24178048799877;229.99095373158647;52.37693968307344;0.5020191809214103;8.458796564568106;18.938620633362632;0.010383199004863597;0.048963431074227654;23.30537369273584;23.12383438534365;9.369671219671577;15.332730248163118;4.761539971816624;106.79683461234981;0.017843000093173585;2699.209036286979;287.05674084301654;243.23479217652172;0.015961921457229522;0.8786141797521333;0.5889941715006424;0.22914346638958935;1.3459313663588546e-09;-6.909424143941578e-09;1.2564726148411864e-08;-1.388739012675444e-09;-3.790660230151843e-09;5.05883690493647e-09;9.139711210082169e-09;6.246452244340617e-08;1.3459313663588546e-11;-6.909424143941578e-11;1.2564726148411864e-10;-1.388739012675444e-09;-3.7906602301518434e-11;5.05883690493647e-11;9.139711210082169e-11;6.246452244340617e-10;148.93862063336263;130.0;115.99032413349289;130.0;116.24456018351754;43.830044489144484;24.037825472780867;22.587954148733218;62.96679012320533;30.72407835848429;9.548089534710982;9.193489521143078;23.22528196648767;55.5158587109475;2.090593882488008;9.087388058232136;4.0;0.8000000000000004;128521.3478350759;20624.45743729136;6.2315020031845645;2.090593882488008;deltaT_shex_1_K;shex;True;True;True;True;True;True;True;True;106.77471803351233;2686.1295488468522;0.09457610120936244;128521.3478350759;0.0;0.0;135.0;4.0;148.93862063336263;4.0;130.0;4.0;115.99032413349289;4.0;130.0;4.0;116.24456018351754;4.0;30.0;4.0;43.830044489144484;4.0;106.77471803351233;2686.1295488468522;0.010583833239246207;128521.3478350759;0.0;0.0;106.79683461234981;287.05674084301523;0.8945761012093628;20624.45743729136;0.5784847484436777;0.22159308747521547;172.9764461061435;390.59582841063377;0.8105838332392465;128521.3478350759;0.6384270337499092;0.26807341316295397;106.77471803351233;2686.1295488468522;0.08399226797011623;128521.3478350759;0.0;0.0;129.57242539186154;287.05674084301523;0.8945761012093628;128521.3478350759;0.5784847484436777;0.22159308747521547;157.58795414873322;345.60619193193423;0.8945761012093628;128521.3478350759;0.5784847484436777;0.22159308747521547;155.4973602662452;360.2263958111355;0.8000000000000004;128521.3478350759;0.64687328858978;0.27535127187819763;120.4850373336294;294.75522120897614;0.8000000000000004;128521.3478350759;0.64687328858978;0.27535127187819763;120.45191046528902;294.6940169201334;0.8000000000000004;20624.45743729136;0.64687328858978;0.27535127187819763;106.79683461234981;2699.209036286979;0.09457610120936244;20624.45743729136;0.0;0.0;60.72407835848429;254.2114005036568;0.09457610120936244;20624.45743729136;0.0;0.0;60.72870147257004;254.32118721374624;0.09457610120936244;128521.3478350759;0.0;0.0;"Zustand 3: Temperatur 430.738 K liegt außerhalb des Boryta-Prüfbereichs; Kristallisation wurde nicht bewertet.";"Zustand 4: Temperatur 428.647 K liegt außerhalb des Boryta-Prüfbereichs; Kristallisation wurde nicht bewertet.";"Zustand 5: Temperatur 393.635 K liegt außerhalb des Boryta-Prüfbereichs; Kristallisation wurde nicht bewertet.";"Zustand 6: Temperatur 393.602 K liegt außerhalb des Boryta-Prüfbereichs; Kristallisation wurde nicht bewertet.";"Zustand 20: Temperatur 446.126 K liegt außerhalb des Boryta-Prüfbereichs; Kristallisation wurde nicht bewertet.";5
parallel;Parallel (T13 = T15);parallel;130.0;130.0;30.0;130.0;4.0;4.0;4.0;130.0;0.8100000000000004;Abwärmetemperatur [°C];hot_temperature_C;130.0;10.0;10.0;25.0;15.0;11.0;nan;nan;9.657414030771268e-19;`gtol` termination condition is satisfied.;4;5.693155060650027e-08;1.3897779700924366e-09;1;True;;True;0;zulässig;feasible;True;True;True;106.76551820453903;129.5171047580837;155.50101635861347;60.73850006312108;0.112640478245565;0.26777913121592534;0.22185825471230847;0.27500465615578257;232.97121429037048;231.3468857988826;234.17608624515253;230.08205606690896;53.19345385825961;0.5018139544740039;8.560878151096901;18.933685065213524;0.0103824920608085;0.049575286471301425;23.297121423581384;23.134688579445363;9.367043449939946;15.33880373724975;4.835768533129254;106.88327953028795;0.017717090586604648;2699.373625192551;287.0213174900711;243.51056925981507;0.016027171798690176;0.8885892899361634;0.5893000798147471;0.22936677777774336;1.3405667687038658e-09;-6.1621889813068265e-09;1.1222994089621352e-08;-1.267881466482379e-09;-3.346116272950894e-09;4.4289549805398565e-09;8.162714948412031e-09;5.455663654174714e-08;1.3405667687038659e-11;-6.162188981306827e-11;1.1222994089621351e-10;-1.267881466482379e-09;-3.346116272950894e-11;4.4289549805398563e-11;8.162714948412031e-11;5.455663654174714e-10;148.93368506521352;130.0;115.99425321500286;130.0;116.23911147925185;43.83653623199058;23.93739955853215;22.66836382534501;63.04674329829737;30.73850006312108;9.627866849300972;9.110973684714907;23.234481795460965;55.495989607884496;2.1673474667315418;9.111866733465718;4.0;0.8100000000000004;128480.8600274086;20638.158588973758;6.225403272947588;2.1673474667315418;deltaT_shex_1_K;shex;True;True;True;True;True;True;True;True;106.76551820453903;2686.115390664312;0.09461646173485316;128480.8600274086;0.0;0.0;135.0;4.0;148.93368506521352;4.0;130.0;4.0;115.99425321500286;4.0;130.0;4.0;116.23911147925185;4.0;30.0;4.0;43.83653623199058;4.0;106.76551820453903;2686.115390664312;0.01065764349971706;128480.8600274086;0.0;0.0;106.88327953028795;287.02131749007157;0.9046164617348535;20638.158588973758;0.5788593969179758;0.22185825471230847;172.87108462374567;390.2794368654111;0.8206576434997175;128480.8600274086;0.6380806233847893;0.26777913121592534;106.76551820453903;2686.115390664312;0.0839588182351361;128480.8600274086;0.0;0.0;129.5171047580837;287.02131749007157;0.9046164617348535;128480.8600274086;0.5788593969179758;0.22185825471230847;157.668363825345;345.82353490301404;0.9046164617348535;128480.8600274086;0.5788593969179758;0.22185825471230847;155.50101635861347;360.0717811639314;0.8100000000000004;128480.8600274086;0.6464762215826052;0.27500465615578257;120.40523802461797;294.40085047637706;0.8100000000000004;128480.8600274086;0.6464762215826052;0.27500465615578257;120.37213315069903;294.3396464190051;0.8100000000000004;20638.158588973758;0.6464762215826052;0.27500465615578257;106.88327953028795;2699.373625192551;0.09461646173485316;20638.158588973758;0.0;0.0;60.73850006312108;254.2717733901279;0.09461646173485316;20638.158588973758;0.0;0.0;60.74312187136735;254.38150579684063;0.09461646173485316;128480.8600274086;0.0;0.0;"Zustand 3: Temperatur 430.818 K liegt außerhalb des Boryta-Prüfbereichs; Kristallisation wurde nicht bewertet.";"Zustand 4: Temperatur 428.651 K liegt außerhalb des Boryta-Prüfbereichs; Kristallisation wurde nicht bewertet.";"Zustand 5: Temperatur 393.555 K liegt außerhalb des Boryta-Prüfbereichs; Kristallisation wurde nicht bewertet.";"Zustand 6: Temperatur 393.522 K liegt außerhalb des Boryta-Prüfbereichs; Kristallisation wurde nicht bewertet.";"Zustand 20: Temperatur 446.021 K liegt außerhalb des Boryta-Prüfbereichs; Kristallisation wurde nicht bewertet.";5
parallel;Parallel (T13 = T15);parallel;130.0;130.0;30.0;130.0;4.0;4.0;4.0;130.0;0.8200000000000004;Abwärmetemperatur [°C];hot_temperature_C;130.0;10.0;10.0;25.0;15.0;11.0;nan;nan;7.930002169379473e-19;`gtol` termination condition is satisfied.;4;4.9498799141826996e-08;1.25936509157428e-09;1;True;;True;0;zulässig;feasible;True;True;True;106.75639352441169;129.46413196530943;155.502017744762;60.75277664343133;0.1133830388155558;0.2674898914566987;0.22211668904605064;0.2746650858781395;232.88441642742112;231.45433549120273;234.1057690470853;230.17241423222865;54.00668347964318;0.5016053409671326;8.662903039112388;18.92849380546778;0.010381788894906088;0.05018685174322289;23.288441638000993;23.14543354876833;9.364230762007194;15.344827615018628;4.909698498652439;106.96780729349922;0.017595103798938548;2699.5345465814726;286.9894130228506;243.78015968063164;0.01609347589229615;0.8985630146972629;0.5895981786394551;0.22958458383947744;1.3281962196742825e-09;-5.5336499826807994e-09;9.916107046592515e-09;-1.1580679748490752e-09;-3.0945557227823883e-09;3.519431857057498e-09;6.9492216425715014e-09;4.741119141726813e-08;1.3281962196742825e-11;-5.5336499826807995e-11;9.916107046592515e-11;-1.1580679748490752e-09;-3.094555722782388e-11;3.519431857057498e-11;6.949221642571501e-11;4.741119141726813e-10;148.92849380546778;130.0;115.99845878904995;130.0;116.23370728276143;43.84296264899535;23.838914915190855;22.74650842119928;63.12484464450387;30.752776643431332;9.705925218720552;9.030651495550728;23.243606475588308;55.476310127973875;2.2444906764372945;9.136974048491084;4.0;0.8200000000000004;128440.7133287944;20651.729496062733;6.219368375577537;2.2444906764372945;deltaT_shex_1_K;shex;True;True;True;True;True;True;True;True;106.75639352441169;2686.1013476306184;0.0946564905895586;128440.7133287944;0.0;0.0;135.0;4.0;148.92849380546778;4.0;130.0;4.0;115.99845878904995;4.0;130.0;4.0;116.23370728276143;4.0;30.0;4.0;43.84296264899535;4.0;106.75639352441169;2686.1013476306184;0.010732440546660215;128440.7133287944;0.0;0.0;106.96780729349922;286.989413022849;0.914656490589559;20651.729496062733;0.5792241374866287;0.22211668904605064;172.76740872065864;389.968309311426;0.8307324405466606;128440.7133287944;0.6377397729499101;0.2674898914566987;106.75639352441169;2686.1013476306184;0.0839240500428984;128440.7133287944;0.0;0.0;129.46413196530943;286.989413022849;0.914656490589559;128440.7133287944;0.5792241374866287;0.22211668904605064;157.74650842119928;346.035277820498;0.914656490589559;128440.7133287944;0.5792241374866287;0.22211668904605064;155.502017744762;359.91573454183225;0.8200000000000004;128440.7133287944;0.6460867278759559;0.2746650858781395;120.32715791681835;294.05392542193596;0.8200000000000004;128440.7133287944;0.6460867278759559;0.2746650858781395;120.29407478127945;293.9927219442003;0.8200000000000004;20651.729496062733;0.6460867278759559;0.2746650858781395;106.96780729349922;2699.5345465814726;0.0946564905895586;20651.729496062733;0.0;0.0;60.75277664343133;254.3315388467439;0.0946564905895586;20651.729496062733;0.0;0.0;60.757397154787554;254.44121742060867;0.0946564905895586;128440.7133287944;0.0;0.0;"Zustand 3: Temperatur 430.897 K liegt außerhalb des Boryta-Prüfbereichs; Kristallisation wurde nicht bewertet.";"Zustand 4: Temperatur 428.652 K liegt außerhalb des Boryta-Prüfbereichs; Kristallisation wurde nicht bewertet.";"Zustand 5: Temperatur 393.477 K liegt außerhalb des Boryta-Prüfbereichs; Kristallisation wurde nicht bewertet.";"Zustand 6: Temperatur 393.444 K liegt außerhalb des Boryta-Prüfbereichs; Kristallisation wurde nicht bewertet.";"Zustand 20: Temperatur 445.917 K liegt außerhalb des Boryta-Prüfbereichs; Kristallisation wurde nicht bewertet.";5
parallel;Parallel (T13 = T15);parallel;130.0;130.0;30.0;130.0;4.0;4.0;4.0;130.0;0.8300000000000004;Abwärmetemperatur [°C];hot_temperature_C;130.0;10.0;10.0;25.0;15.0;11.0;nan;nan;6.545775315818692e-19;`gtol` termination condition is satisfied.;4;4.3520215801002365e-08;1.144183142317583e-09;1;True;;True;0;zulässig;feasible;True;True;True;106.74733363368063;129.4134472609867;155.5004729071989;60.76692376523488;0.11413571919930433;0.26720554987368217;0.22236860741863196;0.2743323377261122;232.7935013819785;231.56081084150838;234.0310022184634;230.2621308136057;54.816597418717784;0.5013933759082739;8.764868180121825;18.9230563027499;0.010381088841154728;0.05079810390192235;23.279350134036395;23.15608108384401;9.361240088847834;15.350808720491834;4.983327038520316;107.05049477356539;0.017476904160666554;2699.6919464374314;286.96091341419316;244.04378585945477;0.01616082744306857;0.9085354056254894;0.5898887358375244;0.22979706562116317;1.3253327324491693e-09;-5.005688308301615e-09;8.86757334228605e-09;-1.0582372755862934e-09;-2.732434722929611e-09;3.0682656415592646e-09;6.228191296031582e-09;4.16145553572278e-08;1.3253327324491693e-11;-5.0056883083016147e-11;8.86757334228605e-11;-1.0582372755862934e-09;-2.7324347229296108e-11;3.0682656415592645e-11;6.228191296031582e-11;4.16145553572278e-10;148.9230563027499;130.0;116.00293048932633;130.0;116.22834145851641;43.84933079195622;23.74230453956079;22.82245334465921;63.20116398160917;30.76692376523488;9.78230407903959;8.952435715760942;23.252666366319374;55.45679847128929;2.3219804374602973;9.162689709085043;4.0;0.8300000000000004;128400.86191980258;20665.18483436178;6.2133904414103975;2.3219804374602973;deltaT_shex_1_K;shex;True;True;True;True;True;True;True;True;106.74733363368063;2686.0874038139796;0.09469623306855757;128400.86191980258;0.0;0.0;135.0;4.0;148.9230563027499;4.0;130.0;4.0;116.00293048932633;4.0;130.0;4.0;116.22834145851641;4.0;30.0;4.0;43.84933079195622;4.0;106.74733363368063;2686.0874038139796;0.010808222666744765;128400.86191980258;0.0;0.0;107.05049477356539;286.9609134141937;0.924696233068558;20665.18483436178;0.5795793069358353;0.22236860741863196;172.6653608423107;389.66227679528487;0.8408082226667452;128400.86191980258;0.637404331330746;0.26720554987368217;106.74733363368063;2686.0874038139796;0.0838880104018128;128400.86191980258;0.0;0.0;129.4134472609867;286.9609134141937;0.924696233068558;128400.86191980258;0.5795793069358353;0.22236860741863196;157.8224533446592;346.2415673829156;0.924696233068558;128400.86191980258;0.5795793069358353;0.22236860741863196;155.5004729071989;359.75833209473296;0.8300000000000004;128400.86191980258;0.6457045805880146;0.2743323377261122;120.25075755190164;293.7142388207662;0.8300000000000004;128400.86191980258;0.6457045805880146;0.2743323377261122;120.21769592096041;293.6530362859446;0.8300000000000004;20665.18483436178;0.6457045805880146;0.2743323377261122;107.05049477356539;2699.6919464374314;0.09469623306855757;20665.18483436178;0.0;0.0;60.76692376523488;254.39076245195582;0.09469623306855757;20665.18483436178;0.0;0.0;60.77154298722712;254.5003876028701;0.09469623306855757;128400.86191980258;0.0;0.0;"Zustand 3: Temperatur 430.972 K liegt außerhalb des Boryta-Prüfbereichs; Kristallisation wurde nicht bewertet.";"Zustand 4: Temperatur 428.650 K liegt außerhalb des Boryta-Prüfbereichs; Kristallisation wurde nicht bewertet.";"Zustand 5: Temperatur 393.401 K liegt außerhalb des Boryta-Prüfbereichs; Kristallisation wurde nicht bewertet.";"Zustand 6: Temperatur 393.368 K liegt außerhalb des Boryta-Prüfbereichs; Kristallisation wurde nicht bewertet.";"Zustand 20: Temperatur 445.815 K liegt außerhalb des Boryta-Prüfbereichs; Kristallisation wurde nicht bewertet.";5
parallel;Parallel (T13 = T15);parallel;130.0;130.0;30.0;130.0;4.0;4.0;4.0;130.0;0.8400000000000004;Abwärmetemperatur [°C];hot_temperature_C;130.0;10.0;10.0;25.0;15.0;11.0;nan;nan;5.400262250847572e-19;`gtol` termination condition is satisfied.;4;3.800452392804549e-08;1.0392557193345218e-09;1;True;;True;0;zulässig;feasible;True;True;True;106.7383288838401;129.36499185365182;155.49648572970136;60.7809560562788;0.1148984369672945;0.2669259676463554;0.22261421769385603;0.27400619711610474;232.69861901914362;231.66642194206239;233.9519501944431;230.35130135610328;55.623167574829424;0.5011780947948216;8.86677062440391;18.917381520283698;0.010380391266122599;0.05140902066275263;23.26986189828506;23.166642193955234;9.358078007880808;15.356753423377421;5.0566515981161;107.13141499011249;0.01736236152180785;2699.8459634587757;286.9357077827623;244.301659850703;0.016229219695411246;0.9185065116753859;0.5901720068882472;0.23000439612126047;1.2693561757259886e-09;-4.447677781627135e-09;7.891458153608255e-09;-9.673218892558566e-10;-2.577110080892453e-09;2.51006326834613e-09;5.441961548058316e-09;3.6293016592026106e-08;1.2693561757259886e-11;-4.447677781627135e-11;7.891458153608255e-11;-9.673218892558566e-10;-2.577110080892453e-11;2.51006326834613e-11;5.441961548058316e-11;3.6293016592026104e-10;148.9173815202837;130.0;116.00765848119357;130.0;116.22300829209911;43.85564724533867;23.647504386553805;22.896261519962252;63.275767744773816;30.780956056278796;9.85704192339955;8.876243491081084;23.261671116159903;55.43743429707837;2.3997757902608896;9.188993437755698;4.0;0.8400000000000004;128361.26315546269;20678.53832642378;6.207463077379993;2.3997757902608896;deltaT_shex_1_K;shex;True;True;True;True;True;True;True;True;106.7383288838401;2686.0735443745107;0.09473573137079672;128361.26315546269;0.0;0.0;135.0;4.0;148.9173815202837;4.0;130.0;4.0;116.00765848119357;4.0;130.0;4.0;116.22300829209911;4.0;30.0;4.0;43.85564724533867;4.0;106.7383288838401;2686.0735443745107;0.010884987459458031;128361.26315546269;0.0;0.0;107.13141499011249;286.9357077827633;0.9347357313707971;20678.53832642378;0.5799252271446026;0.22261421769385603;172.5648859068375;389.3611771781512;0.8508849874594584;128361.26315546269;0.6370741525493604;0.2669259676463554;106.7383288838401;2686.0735443745107;0.08385074391133869;128361.26315546269;0.0;0.0;129.36499185365182;286.9357077827633;0.9347357313707971;128361.26315546269;0.5799252271446026;0.22261421769385603;157.89626151996225;346.44254560660215;0.9347357313707971;128361.26315546269;0.5799252271446026;0.22261421769385603;155.49648572970136;359.5996470507428;0.8400000000000004;128361.26315546269;0.6453295611135541;0.27400619711610474;120.17599841589612;293.3815904155523;0.8400000000000004;128361.26315546269;0.6453295611135541;0.27400619711610474;120.14295807660045;293.32038920047756;0.8400000000000004;20678.53832642378;0.6453295611135541;0.27400619711610474;107.13141499011249;2699.8459634587757;0.09473573137079672;20678.53832642378;0.0;0.0;60.7809560562788;254.44950543896698;0.09473573137079672;20678.53832642378;0.0;0.0;60.78557399502074;254.55907752033397;0.09473573137079672;128361.26315546269;0.0;0.0;"Zustand 3: Temperatur 431.046 K liegt außerhalb des Boryta-Prüfbereichs; Kristallisation wurde nicht bewertet.";"Zustand 4: Temperatur 428.646 K liegt außerhalb des Boryta-Prüfbereichs; Kristallisation wurde nicht bewertet.";"Zustand 5: Temperatur 393.326 K liegt außerhalb des Boryta-Prüfbereichs; Kristallisation wurde nicht bewertet.";"Zustand 6: Temperatur 393.293 K liegt außerhalb des Boryta-Prüfbereichs; Kristallisation wurde nicht bewertet.";"Zustand 20: Temperatur 445.715 K liegt außerhalb des Boryta-Prüfbereichs; Kristallisation wurde nicht bewertet.";5
parallel;Parallel (T13 = T15);parallel;130.0;130.0;30.0;130.0;4.0;4.0;4.0;130.0;0.8500000000000004;Abwärmetemperatur [°C];hot_temperature_C;130.0;10.0;10.0;25.0;15.0;11.0;nan;nan;4.460384919659315e-19;`gtol` termination condition is satisfied.;4;3.3126182948125397e-08;9.444982710052268e-10;1;True;;True;0;zulässig;feasible;True;True;True;106.72937028744087;129.31870797832153;155.4901556837924;60.794887177845965;0.1156711056236846;0.26665101092125915;0.2228537191159494;0.27368645780514533;232.5999115854239;231.77127161177404;233.86876906344946;230.44001485903073;56.4263686365185;0.5009595330513028;8.96860751708836;18.911477965635413;0.010379695567263994;0.0520195804163599;23.25999115538263;23.17712716097607;9.354750762628752;15.362667656953212;5.129669876411253;107.21063734098021;0.017251350916655406;2699.996729492551;286.9136883863843;244.55398392687505;0.01629864549039839;0.9284763793259351;0.590448235595388;0.23020674073302463;1.2659029380301945e-09;-4.0052796634881815e-09;6.993388979026349e-09;-8.845455479189468e-10;-2.269331389470608e-09;2.013337052630959e-09;4.732555680675432e-09;3.159760808557621e-08;1.2659029380301944e-11;-4.005279663488182e-11;6.993388979026349e-11;-8.845455479189468e-10;-2.269331389470608e-11;2.013337052630959e-11;4.732555680675432e-11;3.159760808557621e-10;148.9114779656354;130.0;116.01263342921953;130.0;116.21770246058429;43.86191815859894;23.554453209484848;22.967993499945408;63.348719182381274;30.794887177845965;9.930176309834508;8.80199608823932;23.270629712559128;55.41819862236855;2.4778378161529986;9.215865047052773;4.0;0.8500000000000004;128321.87734122125;20691.802806384745;6.201580333136837;2.4778378161529986;deltaT_shex_1_K;shex;True;True;True;True;True;True;True;True;106.72937028744087;2686.059755487682;0.09477502481633304;128321.87734122125;0.0;0.0;135.0;4.0;148.9114779656354;4.0;130.0;4.0;116.01263342921953;4.0;130.0;4.0;116.21770246058429;4.0;30.0;4.0;43.86191815859894;4.0;106.72937028744087;2686.059755487682;0.010962731906017388;128321.87734122125;0.0;0.0;107.21063734098021;286.91368838638533;0.9447750248163335;20691.802806384745;0.5802622058850119;0.2228537191159494;172.46593117512026;389.0648548018251;0.8609627319060178;128321.87734122125;0.6367490955571131;0.26665101092125915;106.72937028744087;2686.059755487682;0.08381229291031565;128321.87734122125;0.0;0.0;129.31870797832153;286.91368838638533;0.9447750248163335;128321.87734122125;0.5802622058850119;0.2228537191159494;157.9679934999454;346.63834997710416;0.9447750248163335;128321.87734122125;0.5802622058850119;0.2228537191159494;155.4901556837924;359.43974976804316;0.8500000000000004;128321.87734122125;0.6449614587823438;0.27368645780514533;120.10284293126875;293.055786667746;0.8500000000000004;128321.87734122125;0.6449614587823438;0.27368645780514533;120.06982369016549;292.99458716137383;0.8500000000000004;20691.802806384745;0.6449614587823438;0.27368645780514533;107.21063734098021;2699.996729492551;0.09477502481633304;20691.802806384745;0.0;0.0;60.794887177845965;254.5078249955114;0.09477502481633304;20691.802806384745;0.0;0.0;60.79950383821574;254.61734430808747;0.09477502481633304;128321.87734122125;0.0;0.0;"Zustand 3: Temperatur 431.118 K liegt außerhalb des Boryta-Prüfbereichs; Kristallisation wurde nicht bewertet.";"Zustand 4: Temperatur 428.640 K liegt außerhalb des Boryta-Prüfbereichs; Kristallisation wurde nicht bewertet.";"Zustand 5: Temperatur 393.253 K liegt außerhalb des Boryta-Prüfbereichs; Kristallisation wurde nicht bewertet.";"Zustand 6: Temperatur 393.220 K liegt außerhalb des Boryta-Prüfbereichs; Kristallisation wurde nicht bewertet.";"Zustand 20: Temperatur 445.616 K liegt außerhalb des Boryta-Prüfbereichs; Kristallisation wurde nicht bewertet.";5
parallel;Parallel (T13 = T15);parallel;130.0;130.0;30.0;130.0;4.0;4.0;4.0;130.0;0.8600000000000004;Abwärmetemperatur [°C];hot_temperature_C;130.0;10.0;10.0;25.0;15.0;11.0;nan;nan;3.693722867074131e-19;`gtol` termination condition is satisfied.;4;2.8998517758549714e-08;8.595025150718445e-10;1;True;;True;0;zulässig;feasible;True;True;True;106.72044947203256;129.2745389491165;155.48157801129855;60.80872989098157;0.11645363509718319;0.2663805505993404;0.22308730274199307;0.2733729215154499;232.49751417004563;231.87545589397206;233.7816070703767;230.52835423148244;57.22617786234815;0.5007377259754575;9.07037609450106;18.905353718304184;0.010379001171228577;0.05262976220186943;23.249751414241917;23.187545589240262;9.351264282899365;15.368556948495721;5.202379805995752;107.28822781667742;0.017143752338239334;2700.144369938971;286.89475060252875;244.80095112505714;0.016369097317439518;0.9384450527288173;0.5907176547479236;0.23040425765890885;1.2146017525083153e-09;-3.6051162055628083e-09;6.267839580686996e-09;-8.091468606252761e-10;-2.1074129108455963e-09;1.5694467947469093e-09;4.046626145282062e-09;2.7626470000541303e-08;1.2146017525083153e-11;-3.605116205562808e-11;6.267839580686996e-11;-8.091468606252761e-10;-2.1074129108455964e-11;1.5694467947469094e-11;4.046626145282062e-11;2.7626470000541305e-10;148.90535371830418;130.0;116.01784646708273;130.0;116.21241900529412;43.86814927595526;23.463092410717593;23.03770757321513;63.42007854072216;30.808729890981567;10.001743871290898;8.729618650405314;23.279550527967444;55.3990737286295;2.5561295619165776;9.243284502300696;4.0;0.8600000000000004;128282.66752624518;20704.990280026654;6.195736669820839;2.5561295619165776;deltaT_shex_1_K;shex;True;True;True;True;True;True;True;True;106.72044947203256;2686.046024273622;0.09481415004625637;128282.66752624518;0.0;0.0;135.0;4.0;148.90535371830418;4.0;130.0;4.0;116.01784646708273;4.0;130.0;4.0;116.21241900529412;4.0;30.0;4.0;43.86814927595526;4.0;106.72044947203256;2686.046024273622;0.011041452431536314;128282.66752624518;0.0;0.0;107.28822781667742;286.8947506025298;0.9548141500462568;20704.990280026654;0.5805905375730996;0.22308730274199307;172.36844612902178;388.7731601744117;0.8710414524315367;128282.66752624518;0.6364290240371508;0.2663805505993404;106.72044947203256;2686.046024273622;0.08377269761472006;128282.66752624518;0.0;0.0;129.2745389491165;286.8947506025298;0.9548141500462568;128282.66752624518;0.5805905375730996;0.22308730274199307;158.03770757321513;346.829113598277;0.9548141500462568;128282.66752624518;0.5805905375730996;0.22308730274199307;155.48157801129855;359.27870779657127;0.8600000000000004;128282.66752624518;0.644600070532277;0.2733729215154499;120.03125444681581;292.73664051618346;0.8600000000000004;128282.66752624518;0.644600070532277;0.2733729215154499;119.9982561287091;292.6754431182743;0.8600000000000004;20704.990280026654;0.644600070532277;0.2733729215154499;107.28822781667742;2700.144369938971;0.09481415004625637;20704.990280026654;0.0;0.0;60.80872989098157;254.56577454104306;0.09481415004625637;20704.990280026654;0.0;0.0;60.81334527666462;254.67524133651784;0.09481415004625637;128282.66752624518;0.0;0.0;"Zustand 3: Temperatur 431.188 K liegt außerhalb des Boryta-Prüfbereichs; Kristallisation wurde nicht bewertet.";"Zustand 4: Temperatur 428.632 K liegt außerhalb des Boryta-Prüfbereichs; Kristallisation wurde nicht bewertet.";"Zustand 5: Temperatur 393.181 K liegt außerhalb des Boryta-Prüfbereichs; Kristallisation wurde nicht bewertet.";"Zustand 6: Temperatur 393.148 K liegt außerhalb des Boryta-Prüfbereichs; Kristallisation wurde nicht bewertet.";"Zustand 20: Temperatur 445.518 K liegt außerhalb des Boryta-Prüfbereichs; Kristallisation wurde nicht bewertet.";5
parallel;Parallel (T13 = T15);parallel;130.0;130.0;30.0;130.0;4.0;4.0;4.0;130.0;0.8700000000000004;Abwärmetemperatur [°C];hot_temperature_C;130.0;10.0;10.0;25.0;15.0;11.0;nan;nan;3.06767498331443e-19;`gtol` termination condition is satisfied.;4;2.5551238655836728e-08;7.832847481362611e-10;1;True;;True;0;zulässig;feasible;True;True;True;106.71155863756871;129.23242920035204;155.47084390187558;60.82249611779184;0.11724593218652059;0.26611446213440865;0.22331515184915043;0.27306539757752774;232.3915551356281;231.97906451800677;233.690605087155;230.61639671446392;58.02257487997229;0.5005127086903599;9.172073680644354;18.899016455480137;0.010378307532284657;0.05323954568121923;23.239155511132;23.197906451667254;9.347624203557796;15.374426447386645;5.2747795348353534;107.3642492001564;0.017039450522141553;2700.289004128263;286.8787928970504;245.042745757875;0.01644056736074595;0.9484125738472176;0.5909804867363593;0.23059709829812164;1.1976055702689337e-09;-3.216598543076543e-09;5.589527063420974e-09;-7.404750146378092e-10;-1.7898855730891228e-09;1.3342287275008857e-09;3.6642404666054063e-09;2.4308093315994483e-08;1.1976055702689337e-11;-3.216598543076543e-11;5.589527063420974e-11;-7.404750146378092e-10;-1.7898855730891227e-11;1.3342287275008857e-11;3.664240466605406e-11;2.430809331599448e-10;148.89901645548014;130.0;116.02328916942855;130.0;116.20715330655122;43.87434596399561;23.373365901816953;23.105459865809337;63.489903236160785;30.822496117791843;10.071780327476574;8.659039969272158;23.288441362431286;55.38004307517002;2.6346159639337543;9.271231974621912;4.0;0.8700000000000004;128243.59931239688;20718.111980461224;6.18992693124453;2.6346159639337543;deltaT_shex_1_K;shex;True;True;True;True;True;True;True;True;106.71155863756871;2686.0323387317458;0.09485314120796307;128243.59931239688;0.0;0.0;135.0;4.0;148.89901645548014;4.0;130.0;4.0;116.02328916942855;4.0;130.0;4.0;116.20715330655122;4.0;30.0;4.0;43.87434596399561;4.0;106.71155863756871;2686.0323387317458;0.0111211449617473;128243.59931239688;0.0;0.0;107.3642492001564;286.87879289705;0.9648531412079635;20718.111980461224;0.580910503973064;0.22331515184915043;172.2723823572971;388.4859496745344;0.8811211449617478;128243.59931239688;0.6361138062166466;0.26611446213440865;106.71155863756871;2686.0323387317458;0.08373199624621577;128243.59931239688;0.0;0.0;129.23242920035204;286.87879289705;0.9648531412079635;128243.59931239688;0.580910503973064;0.22331515184915043;158.10545986580934;347.0149653381015;0.9648531412079635;128243.59931239688;0.580910503973064;0.22331515184915043;155.47084390187558;359.1165859464255;0.8700000000000004;128243.59931239688;0.64424520059668;0.27306539757752774;119.96119722573013;292.42397114323626;0.8700000000000004;128243.59931239688;0.64424520059668;0.27306539757752774;119.92821967252343;292.3627762631429;0.8700000000000004;20718.111980461224;0.64424520059668;0.27306539757752774;107.3642492001564;2700.289004128263;0.09485314120796307;20718.111980461224;0.0;0.0;60.82249611779184;254.62340398331224;0.09485314120796307;20718.111980461224;0.0;0.0;60.8271102313812;254.73281846764155;0.09485314120796307;128243.59931239688;0.0;0.0;"Zustand 3: Temperatur 431.255 K liegt außerhalb des Boryta-Prüfbereichs; Kristallisation wurde nicht bewertet.";"Zustand 4: Temperatur 428.621 K liegt außerhalb des Boryta-Prüfbereichs; Kristallisation wurde nicht bewertet.";"Zustand 5: Temperatur 393.111 K liegt außerhalb des Boryta-Prüfbereichs; Kristallisation wurde nicht bewertet.";"Zustand 6: Temperatur 393.078 K liegt außerhalb des Boryta-Prüfbereichs; Kristallisation wurde nicht bewertet.";"Zustand 20: Temperatur 445.422 K liegt außerhalb des Boryta-Prüfbereichs; Kristallisation wurde nicht bewertet.";5
parallel;Parallel (T13 = T15);parallel;130.0;130.0;30.0;130.0;4.0;4.0;4.0;130.0;0.8800000000000004;Abwärmetemperatur [°C];hot_temperature_C;130.0;10.0;10.0;25.0;15.0;11.0;nan;nan;2.5410621942613175e-19;`gtol` termination condition is satisfied.;4;2.211248535258208e-08;7.128902011195437e-10;1;True;;True;0;zulässig;feasible;True;True;True;106.70269051700126;129.19232431789965;155.4580406656072;60.83619699817319;0.11804790096382103;0.2658526253413664;0.22353744231859135;0.2727637025908002;232.2821565192238;232.0821813257789;233.59589705041236;230.70421427050388;58.81554150136244;0.5002845161040127;9.273697683878547;18.892473476030148;0.010377614130777375;0.053848911114642996;23.22821564982442;23.208218132474155;9.343835882082526;15.3802809511525;5.346867409478802;107.43876125309191;0.016938334739615063;2700.430745672121;286.8657167838949;245.27954389177117;0.016513047541260706;0.9583789825849534;0.5912369441285074;0.23078540760967164;1.1589591508709418e-09;-2.9043789595561975e-09;4.943103704135865e-09;-6.777626238019252e-10;-1.6507897271367256e-09;1.0373355507908855e-09;3.2163711694011e-09;2.097959850289044e-08;1.1589591508709418e-11;-2.9043789595561976e-11;4.943103704135865e-11;-6.777626238019252e-10;-1.6507897271367257e-11;1.0373355507908855e-11;3.2163711694011e-11;2.097959850289044e-10;148.89247347603015;130.0;116.02895352569305;130.0;116.20190106037654;43.880513237187756;23.285219972389825;23.171304437752838;63.558248015904155;30.836196998173193;10.140320498312974;8.590192272601143;23.29730948299874;55.36109121919429;2.7132637721456376;9.299687885828462;4.0;0.8800000000000004;128204.64067762649;20731.178419739863;6.18414631729532;2.7132637721456376;deltaT_shex_1_K;shex;True;True;True;True;True;True;True;True;106.70269051700126;2686.018687680262;0.09489203012621361;128204.64067762649;0.0;0.0;135.0;4.0;148.89247347603015;4.0;130.0;4.0;116.02895352569305;4.0;130.0;4.0;116.20190106037654;4.0;30.0;4.0;43.880513237187756;4.0;106.70269051700126;2686.018687680262;0.011201804974595187;128204.64067762649;0.0;0.0;107.43876125309191;286.865716783895;0.9748920301262141;20731.178419739863;0.5812223748584316;0.22353744231859135;172.17769344841997;388.2030852721987;0.8912018049745957;128204.64067762649;0.6358033146874412;0.2658526253413664;106.70269051700126;2686.018687680262;0.08369022515161842;128204.64067762649;0.0;0.0;129.19232431789965;286.865716783895;0.9748920301262141;128204.64067762649;0.5812223748584316;0.22353744231859135;158.17130443775284;347.1960299712414;0.9748920301262141;128204.64067762649;0.5812223748584316;0.22353744231859135;155.4580406656072;358.95344636218283;0.8800000000000004;128204.64067762649;0.6438966602051313;0.2727637025908002;119.89263643207119;292.1176037483153;0.8800000000000004;128204.64067762649;0.6438966602051313;0.2727637025908002;119.85967950168703;292.0564118038668;0.8800000000000004;20731.178419739863;0.6438966602051313;0.2727637025908002;107.43876125309191;2700.430745672121;0.09489203012621361;20731.178419739863;0.0;0.0;60.83619699817319;254.68075995580807;0.09489203012621361;20731.178419739863;0.0;0.0;60.84080984118225;254.79012229231805;0.09489203012621361;128204.64067762649;0.0;0.0;"Zustand 3: Temperatur 431.321 K liegt außerhalb des Boryta-Prüfbereichs; Kristallisation wurde nicht bewertet.";"Zustand 4: Temperatur 428.608 K liegt außerhalb des Boryta-Prüfbereichs; Kristallisation wurde nicht bewertet.";"Zustand 5: Temperatur 393.043 K liegt außerhalb des Boryta-Prüfbereichs; Kristallisation wurde nicht bewertet.";"Zustand 6: Temperatur 393.010 K liegt außerhalb des Boryta-Prüfbereichs; Kristallisation wurde nicht bewertet.";"Zustand 20: Temperatur 445.328 K liegt außerhalb des Boryta-Prüfbereichs; Kristallisation wurde nicht bewertet.";5
parallel;Parallel (T13 = T15);parallel;130.0;130.0;30.0;130.0;4.0;4.0;4.0;130.0;0.8900000000000005;Abwärmetemperatur [°C];hot_temperature_C;130.0;10.0;10.0;25.0;15.0;11.0;nan;nan;2.1063167334152998e-19;`gtol` termination condition is satisfied.;4;1.9127435838270563e-08;6.490480311063735e-10;1;True;;True;0;zulässig;feasible;True;True;True;106.69383833980987;129.15417106170446;155.44325190001916;60.849842942402006;0.11885944313930646;0.26559492421413466;0.2237543429971471;0.272467660100746;232.16943440782387;232.18488466817402;233.49761037176222;230.79187394555805;59.60506155338662;0.5000531828740425;9.375245593706978;18.885731722955995;0.01037692047171964;0.05445783933724579;23.21694343897493;23.21848846673319;9.339904414929347;15.386124929510714;5.418641959634456;107.51182088958694;0.016840298599550628;2700.569702791485;286.85542677647106;245.51151379448967;0.01658652955432871;0.9683443169076996;0.591487230207028;0.230969324452116;1.1313403547319467e-09;-2.5924009605660103e-09;4.417586296767695e-09;-6.20254736460879e-10;-1.4714487406308763e-09;8.421068287134403e-10;2.897337481044815e-09;1.8074558738589985e-08;1.1313403547319467e-11;-2.5924009605660103e-11;4.417586296767695e-11;-6.20254736460879e-10;-1.4714487406308764e-11;8.421068287134404e-12;2.8973374810448148e-11;1.8074558738589986e-10;148.885731722956;130.0;116.03483191556444;130.0;116.19665825684461;43.886655781589354;23.198603167037618;23.235293374626735;63.62516510799759;30.849842942402006;10.207398318671721;8.523011025977496;23.306161660190128;55.34220374141387;2.792041474607572;9.328632945746222;4.0;0.8900000000000005;128165.76181261725;20744.199436768147;6.178390359352663;2.792041474607572;deltaT_shex_1_K;shex;True;True;True;True;True;True;True;True;106.69383833980987;2686.0050607001776;0.09493084646202787;128165.76181261725;0.0;0.0;135.0;4.0;148.885731722956;4.0;130.0;4.0;116.03483191556444;4.0;130.0;4.0;116.19665825684461;4.0;30.0;4.0;43.886655781589354;4.0;106.69383833980987;2686.0050607001776;0.011283427547219635;128165.76181261725;0.0;0.0;107.51182088958694;286.8554267764694;0.9849308464620283;20744.199436768147;0.5815264086325205;0.2237543429971471;172.0843348899936;387.9244342656759;0.9012834275472201;128165.76181261725;0.6354974262352098;0.26559492421413466;106.69383833980987;2686.0050607001776;0.08364741891480824;128165.76181261725;0.0;0.0;129.15417106170446;286.8554267764694;0.9849308464620283;128165.76181261725;0.5815264086325205;0.2237543429971471;158.23529337462674;347.3724283177391;0.9849308464620283;128165.76181261725;0.5815264086325205;0.2237543429971471;155.44325190001916;358.7893486009285;0.8900000000000005;128165.76181261725;0.6435542672971365;0.272467660100746;119.82553811595824;291.8173693287316;0.8900000000000005;128165.76181261725;0.6435542672971365;0.272467660100746;119.79260168132828;291.7561807452066;0.8900000000000005;20744.199436768147;0.6435542672971365;0.272467660100746;107.51182088958694;2700.569702791485;0.09493084646202787;20744.199436768147;0.0;0.0;60.849842942402006;254.73788603793395;0.09493084646202787;20744.199436768147;0.0;0.0;60.854454515430746;254.84719635021344;0.09493084646202787;128165.76181261725;0.0;0.0;"Zustand 3: Temperatur 431.385 K liegt außerhalb des Boryta-Prüfbereichs; Kristallisation wurde nicht bewertet.";"Zustand 4: Temperatur 428.593 K liegt außerhalb des Boryta-Prüfbereichs; Kristallisation wurde nicht bewertet.";"Zustand 5: Temperatur 392.976 K liegt außerhalb des Boryta-Prüfbereichs; Kristallisation wurde nicht bewertet.";"Zustand 6: Temperatur 392.943 K liegt außerhalb des Boryta-Prüfbereichs; Kristallisation wurde nicht bewertet.";"Zustand 20: Temperatur 445.234 K liegt außerhalb des Boryta-Prüfbereichs; Kristallisation wurde nicht bewertet.";5
parallel;Parallel (T13 = T15);parallel;130.0;130.0;30.0;130.0;4.0;4.0;4.0;130.0;0.9000000000000005;Abwärmetemperatur [°C];hot_temperature_C;130.0;10.0;10.0;25.0;15.0;11.0;nan;nan;1.7656205885179314e-19;`gtol` termination condition is satisfied.;4;1.7375284901570146e-08;5.942424738299899e-10;1;True;;True;0;zulässig;feasible;True;True;True;106.68499579820605;129.117917380908;155.4265576515719;60.86344367988437;0.11968045839259685;0.26534124675324533;0.22396601603857327;0.27217710029176573;232.05349928800717;232.2872477714566;233.39586631963908;230.87943820308075;60.39112072199173;0.4998187433780497;9.476714977755162;18.878797804306657;0.01037622608339473;0.0550663117365874;23.20534992715447;23.228724777080853;9.335834652839035;15.39196254670527;5.490101884032254;107.58348233837194;0.01674523985911255;2700.705978622667;286.8478303328683;245.73881635444198;0.016661004903585463;0.9783086129558298;0.591731539472291;0.23114898190220223;1.0761098678813141e-09;-2.3630590817447228e-09;3.9187852962641045e-09;-5.683012949120325e-10;-1.336786681349622e-09;6.480718184320722e-10;2.5016788640641607e-09;1.646247937969747e-08;1.0761098678813141e-11;-2.3630590817447228e-11;3.9187852962641044e-11;-5.683012949120325e-10;-1.336786681349622e-11;6.480718184320722e-12;2.501678864064161e-11;1.646247937969747e-10;148.87879780430666;130.0;116.04091708614601;130.0;116.19142116010283;43.89277797676175;23.113466170114805;23.297476874550227;63.69070436161019;30.86344367988437;10.273046854191762;8.457434747774073;23.315004201793954;55.32336717747063;2.87091922297833;9.35804818322265;4.0;0.9000000000000005;128126.93496949885;20757.184241782234;6.172654897555495;2.87091922297833;deltaT_shex_1_K;shex;True;True;True;True;True;True;True;True;106.68499579820605;2685.991448083426;0.09496961785941482;128126.93496949885;0.0;0.0;135.0;4.0;148.87879780430666;4.0;130.0;4.0;116.04091708614601;4.0;130.0;4.0;116.19142116010283;4.0;30.0;4.0;43.89277797676175;4.0;106.68499579820605;2685.991448083426;0.011366007398784518;128126.93496949885;0.0;0.0;107.58348233837194;286.8478303328687;0.9949696178594153;20757.184241782234;0.5818228529116255;0.22396601603857327;171.99226397442146;387.6498690338325;0.911366007398785;128126.93496949885;0.6351960216773254;0.26534124675324533;106.68499579820605;2685.991448083426;0.0836036104606303;128126.93496949885;0.0;0.0;129.117917380908;286.8478303328687;0.9949696178594153;128126.93496949885;0.5818228529116255;0.22396601603857327;158.29747687455023;347.54427737807356;0.9949696178594153;128126.93496949885;0.5818228529116255;0.22396601603857327;155.4265576515719;358.62434971328474;0.9000000000000005;128126.93496949885;0.6432178462481717;0.27217710029176573;119.75986919768536;291.523104467823;0.9000000000000005;128126.93496949885;0.6432178462481717;0.27217710029176573;119.72695314580824;291.4619196770045;0.9000000000000005;20757.184241782234;0.6432178462481717;0.27217710029176573;107.58348233837194;2700.705978622667;0.09496961785941482;20757.184241782234;0.0;0.0;60.86344367988437;254.79482295901627;0.09496961785941482;20757.184241782234;0.0;0.0;60.868053982632205;254.90408133361302;0.09496961785941482;128126.93496949885;0.0;0.0;"Zustand 3: Temperatur 431.447 K liegt außerhalb des Boryta-Prüfbereichs; Kristallisation wurde nicht bewertet.";"Zustand 4: Temperatur 428.577 K liegt außerhalb des Boryta-Prüfbereichs; Kristallisation wurde nicht bewertet.";"Zustand 5: Temperatur 392.910 K liegt außerhalb des Boryta-Prüfbereichs; Kristallisation wurde nicht bewertet.";"Zustand 6: Temperatur 392.877 K liegt außerhalb des Boryta-Prüfbereichs; Kristallisation wurde nicht bewertet.";"Zustand 20: Temperatur 445.142 K liegt außerhalb des Boryta-Prüfbereichs; Kristallisation wurde nicht bewertet.";5
parallel;Parallel (T13 = T15);parallel;130.0;130.0;30.0;130.0;4.0;4.0;4.0;130.0;0.9100000000000005;Abwärmetemperatur [°C];hot_temperature_C;130.0;10.0;10.0;25.0;15.0;11.0;nan;nan;1.4694419156386868e-19;`gtol` termination condition is satisfied.;4;1.5151414056261696e-08;5.421147324393033e-10;1;True;;True;0;zulässig;feasible;True;True;True;106.67615701602745;129.0835124225323;155.4080345720517;60.877008304130186;0.12051084466299365;0.26509148480002126;0.22417261722677082;0.2718918596963739;231.93445637159147;232.38933907602436;233.29078037537226;230.96696523253027;61.17370641010486;0.49958123168821833;9.57810347893924;18.871678012654968;0.010375530516089014;0.055674310231754044;23.193445635730924;23.238933907557023;9.331631215068066;15.397797682022249;5.56124603748027;107.65379729440696;0.016653060242643104;2700.8396715035433;286.84283779647126;245.96160547454718;0.01673646493131742;0.9882719051495606;0.5919700581145724;0.2313245075549703;1.0345146961299179e-09;-2.1781048076263687e-09;3.563684458640637e-09;-5.205371689243066e-10;-1.329397036897717e-09;4.5412207327899523e-10;2.1965433916193433e-09;1.4282221627581748e-08;1.0345146961299179e-11;-2.1781048076263686e-11;3.5636844586406366e-11;-5.205371689243066e-10;-1.329397036897717e-11;4.541220732789952e-12;2.1965433916193434e-11;1.4282221627581747e-10;148.87167801265497;130.0;116.04720213065957;130.0;116.18618628992044;43.89888391603017;23.029761697211597;23.357903331447062;63.754913378376784;30.877008304130186;10.337298317858767;8.393404836252614;23.323842983972554;55.30456895445866;2.949868759395372;9.387914971449845;4.0;0.9100000000000005;128088.13432266105;20770.14145742347;6.16693605988326;2.949868759395372;deltaT_shex_1_K;shex;True;True;True;True;True;True;True;True;106.67615701602745;2685.9778407850918;0.09500837008087759;128088.13432266105;0.0;0.0;135.0;4.0;148.87167801265497;4.0;130.0;4.0;116.04720213065957;4.0;130.0;4.0;116.18618628992044;4.0;30.0;4.0;43.89888391603017;4.0;106.67615701602745;2685.9778407850918;0.011449538928500853;128088.13432266105;0.0;0.0;107.65379729440696;286.8428377964705;1.005008370080878;20770.14145742347;0.5821119450749495;0.22417261722677082;171.90143970986657;387.3792668009001;0.9214495389285013;128088.13432266105;0.634898985705951;0.26509148480002126;106.67615701602745;2685.9778407850918;0.08355883115237674;128088.13432266105;0.0;0.0;129.0835124225323;286.8428377964705;1.005008370080878;128088.13432266105;0.5821119450749495;0.22417261722677082;158.35790333144706;347.7116904660079;1.005008370080878;128088.13432266105;0.5821119450749495;0.22417261722677082;155.4080345720517;358.4585043280816;0.9100000000000005;128088.13432266105;0.6428872276092135;0.2718918596963739;119.69559745108245;291.234651131301;0.9100000000000005;128088.13432266105;0.6428872276092135;0.2718918596963739;119.66270168214123;291.17347057060675;0.9100000000000005;20770.14145742347;0.6428872276092135;0.2718918596963739;107.65379729440696;2700.8396715035433;0.09500837008087759;20770.14145742347;0.0;0.0;60.877008304130186;254.8516087865561;0.09500837008087759;20770.14145742347;0.0;0.0;60.88161733546178;254.96081527549237;0.09500837008087759;128088.13432266105;0.0;0.0;"Zustand 3: Temperatur 431.508 K liegt außerhalb des Boryta-Prüfbereichs; Kristallisation wurde nicht bewertet.";"Zustand 4: Temperatur 428.558 K liegt außerhalb des Boryta-Prüfbereichs; Kristallisation wurde nicht bewertet.";"Zustand 5: Temperatur 392.846 K liegt außerhalb des Boryta-Prüfbereichs; Kristallisation wurde nicht bewertet.";"Zustand 6: Temperatur 392.813 K liegt außerhalb des Boryta-Prüfbereichs; Kristallisation wurde nicht bewertet.";"Zustand 20: Temperatur 445.051 K liegt außerhalb des Boryta-Prüfbereichs; Kristallisation wurde nicht bewertet.";5
parallel;Parallel (T13 = T15);parallel;130.0;130.0;30.0;130.0;4.0;4.0;4.0;130.0;0.9200000000000005;Abwärmetemperatur [°C];hot_temperature_C;130.0;10.0;10.0;25.0;15.0;11.0;nan;nan;1.2265190463622744e-19;`gtol` termination condition is satisfied.;4;1.332343428000282e-08;4.952815454592013e-10;1;True;;True;0;zulässig;feasible;True;True;True;106.66731651953512;129.05090653426072;155.38775606808338;60.89054531490001;0.12135049842450507;0.2648455338810786;0.22437429627865685;0.27161178091622024;231.81240590314695;232.49122255360854;233.18246256894503;231.0545092382086;61.95280760552618;0.4993406815505487;9.679408812640146;18.864378343489648;0.010374833340836876;0.056281817252534054;23.181240589060682;23.24912225532626;9.327298502802936;15.40363394908292;5.6320734188606325;107.7228150603342;0.016563665268705674;2700.970875240588;286.84036233111556;246.1800284400285;0.016812900845814105;0.9982342262884997;0.5922029644530418;0.23149602380309486;9.914487009154982e-10;-1.9407764284551376e-09;3.1667468647356145e-09;-4.770484007821096e-10;-1.1283702860964695e-09;3.459490471868776e-10;1.964792772923829e-09;1.2540141369754565e-08;9.914487009154981e-12;-1.9407764284551377e-11;3.1667468647356146e-11;-4.770484007821096e-10;-1.1283702860964695e-11;3.4594904718687758e-12;1.964792772923829e-11;1.2540141369754565e-10;148.86437834348965;130.0;116.05368046836452;130.0;116.18095040441335;43.90497742545506;22.94744439327178;23.41661941294774;63.81783763487914;30.89054531490001;10.400184087419575;8.33086540803032;23.33268348046488;55.28579733155192;3.0288633448643623;9.418215048219679;4.0;0.9200000000000005;128049.33583817753;20783.079157294556;6.161230242595409;3.0288633448643623;deltaT_shex_1_K;shex;True;True;True;True;True;True;True;True;106.66731651953512;2685.9642303785763;0.09504712713431329;128049.33583817753;0.0;0.0;135.0;4.0;148.86437834348965;4.0;130.0;4.0;116.05368046836452;4.0;130.0;4.0;116.18095040441335;4.0;30.0;4.0;43.90497742545506;4.0;106.66731651953512;2685.9642303785763;0.011534016251566219;128049.33583817753;0.0;0.0;107.7228150603342;286.84036233111607;1.0150471271343138;20783.079157294556;0.5823939127787063;0.22437429627865685;171.81182273676143;387.1125094156394;0.9315340162515667;128049.33583817753;0.6346062067409685;0.2648455338810786;106.66731651953512;2685.9642303785763;0.08351311088274707;128049.33583817753;0.0;0.0;129.05090653426072;286.84036233111607;1.0150471271343138;128049.33583817753;0.5823939127787063;0.22437429627865685;158.41661941294774;347.8747773345176;1.0150471271343138;128049.33583817753;0.5823939127787063;0.22437429627865685;155.38775606808338;358.2918647348125;0.9200000000000005;128049.33583817753;0.6425622478549323;0.27161178091622024;119.63269148604104;290.95185646901393;0.9200000000000005;128049.33583817753;0.6425622478549323;0.27161178091622024;119.59981591258042;290.89068058069597;0.9200000000000005;20783.079157294556;0.6425622478549323;0.27161178091622024;107.7228150603342;2700.970875240588;0.09504712713431329;20783.079157294556;0.0;0.0;60.89054531490001;254.90827910267615;0.09504712713431329;20783.079157294556;0.0;0.0;60.89515307286143;255.0174337257946;0.09504712713431329;128049.33583817753;0.0;0.0;"Zustand 3: Temperatur 431.567 K liegt außerhalb des Boryta-Prüfbereichs; Kristallisation wurde nicht bewertet.";"Zustand 4: Temperatur 428.538 K liegt außerhalb des Boryta-Prüfbereichs; Kristallisation wurde nicht bewertet.";"Zustand 5: Temperatur 392.783 K liegt außerhalb des Boryta-Prüfbereichs; Kristallisation wurde nicht bewertet.";"Zustand 6: Temperatur 392.750 K liegt außerhalb des Boryta-Prüfbereichs; Kristallisation wurde nicht bewertet.";"Zustand 20: Temperatur 444.962 K liegt außerhalb des Boryta-Prüfbereichs; Kristallisation wurde nicht bewertet.";5
parallel;Parallel (T13 = T15);parallel;130.0;130.0;30.0;130.0;4.0;4.0;4.0;130.0;0.9300000000000005;Abwärmetemperatur [°C];hot_temperature_C;130.0;10.0;10.0;25.0;15.0;11.0;nan;nan;1.0239856633255225e-19;`gtol` termination condition is satisfied.;4;1.1677809087381023e-08;4.5254517196088225e-10;1;True;;True;0;zulässig;feasible;True;True;True;106.65846921070215;129.0200512626675;155.36579244600176;60.904062656915016;0.122199314923716;0.2646032930582875;0.22457119713249782;0.27133671235889495;231.68744344409976;232.59295799840007;233.0710177897438;231.1421207038391;62.72841476110939;0.49909712636731524;9.78062876415687;18.85690451220694;0.01037413414826928;0.05688881572041553;23.168744343312632;23.259295799819924;9.322840711629553;15.409474713475184;5.702583160259001;107.79058267900064;0.0164769640847956;2701.099679359136;286.84031985447837;246.39422626509594;0.016890303745791035;1.008195607643483;0.5924304293502874;0.23166364810158616;9.51899892243091e-10;-1.7396217799614533e-09;2.805677468131762e-09;-4.372403550334525e-10;-9.950440471584443e-10;2.0082779883523472e-10;1.7113563899329165e-09;1.0973451480822405e-08;9.51899892243091e-12;-1.7396217799614534e-11;2.805677468131762e-11;-4.372403550334525e-10;-9.950440471584444e-12;2.008277988352347e-12;1.7113563899329165e-11;1.0973451480822405e-10;148.85690451220694;130.0;116.06034582597226;130.0;116.17571048422013;43.91106208124404;22.866470736793758;23.473670135638542;63.879520597756596;30.904062656915016;10.461734723184918;8.269763146971627;23.34153078929785;55.26704134533543;3.10787768963678;9.448930532006386;4.0;0.9300000000000005;128010.5171543965;20796.00490139571;6.155534092310449;3.10787768963678;deltaT_shex_1_K;shex;True;True;True;True;True;True;True;True;106.65846921070215;2685.950609014576;0.09508591138927358;128010.5171543965;0.0;0.0;135.0;4.0;148.85690451220694;4.0;130.0;4.0;116.06034582597226;4.0;130.0;4.0;116.17571048422013;4.0;30.0;4.0;43.91106208124404;4.0;106.65846921070215;2685.950609014576;0.011619433230666396;128010.5171543965;0.0;0.0;107.79058267900064;286.84031985447893;1.025085911389274;20796.00490139571;0.5826689744431427;0.22457119713249782;171.7233752490007;386.8494831414303;0.9416194332306669;128010.5171543965;0.6343175767871253;0.2646032930582875;106.65846921070215;2685.950609014576;0.08346647815860718;128010.5171543965;0.0;0.0;129.0200512626675;286.84031985447893;1.025085911389274;128010.5171543965;0.5826689744431427;0.22457119713249782;158.47367013563854;348.03364430091005;1.025085911389274;128010.5171543965;0.5826689744431427;0.22457119713249782;155.36579244600176;358.124480969573;0.9300000000000005;128010.5171543965;0.6422427491454863;0.27133671235889495;119.57112073066111;290.6745726253177;0.9300000000000005;128010.5171543965;0.6422427491454863;0.27133671235889495;119.53826527681508;290.61340185572584;0.9300000000000005;20796.00490139571;0.6422427491454863;0.27133671235889495;107.79058267900064;2701.099679359136;0.09508591138927358;20796.00490139571;0.0;0.0;60.904062656915016;254.96486716614555;0.09508591138927358;20796.00490139571;0.0;0.0;60.908669138884704;255.07396991330015;0.09508591138927358;128010.5171543965;0.0;0.0;"Zustand 3: Temperatur 431.624 K liegt außerhalb des Boryta-Prüfbereichs; Kristallisation wurde nicht bewertet.";"Zustand 4: Temperatur 428.516 K liegt außerhalb des Boryta-Prüfbereichs; Kristallisation wurde nicht bewertet.";"Zustand 5: Temperatur 392.721 K liegt außerhalb des Boryta-Prüfbereichs; Kristallisation wurde nicht bewertet.";"Zustand 6: Temperatur 392.688 K liegt außerhalb des Boryta-Prüfbereichs; Kristallisation wurde nicht bewertet.";"Zustand 20: Temperatur 444.873 K liegt außerhalb des Boryta-Prüfbereichs; Kristallisation wurde nicht bewertet.";5
parallel;Parallel (T13 = T15);parallel;130.0;130.0;30.0;130.0;4.0;4.0;4.0;130.0;0.9400000000000005;Abwärmetemperatur [°C];hot_temperature_C;130.0;10.0;10.0;25.0;15.0;11.0;nan;nan;8.569589918397461e-20;`gtol` termination condition is satisfied.;4;1.0386271129255406e-08;4.139949255340568e-10;1;True;;True;0;zulässig;feasible;True;True;True;106.6496103422262;128.99089934714806;155.34221105044185;60.91756775602141;0.12305718839888063;0.2643646647871571;0.22476345821916424;0.271066507986398;231.5596601409341;232.69460129953154;232.95654607959324;231.22984664014385;63.50051968382788;0.4988505991832109;9.881761186187722;18.849261970151588;0.010373432547519471;0.05749528902997721;23.155966013126527;23.269460129943674;9.318261843239869;15.41532310924403;5.772774516867046;107.85714505731227;0.016392869309568493;2701.226169337294;286.84262896837777;246.6043340175683;0.016968664642341258;1.0181560790434194;0.5926526165993528;0.2318274932153361;8.488854064125917e-10;-1.7096226656576619e-09;2.5307826945208944e-09;-4.0077474672273183e-10;-1.4034924333827803e-09;9.481482265982777e-11;1.4834142803010764e-09;9.668838174548e-09;8.488854064125917e-12;-1.7096226656576618e-11;2.5307826945208946e-11;-4.0077474672273183e-10;-1.4034924333827803e-11;9.481482265982777e-13;1.4834142803010762e-11;9.668838174548e-11;148.8492619701516;130.0;116.06719222012003;130.0;116.17046371769476;43.91714122604856;22.78679894970776;23.529098935943694;63.94000383126371;30.917567756021413;10.521979986265706;8.210047162807768;23.350389657773803;55.24829075902272;3.1868878855018465;9.480043934184152;4.0;0.9400000000000005;127971.65747030266;20808.925769274512;6.14984448929409;3.1868878855018465;deltaT_shex_1_K;shex;True;True;True;True;True;True;True;True;106.6496103422262;2685.9369693827093;0.09512474368576018;127971.65747030266;0.0;0.0;135.0;4.0;148.8492619701516;4.0;130.0;4.0;116.06719222012003;4.0;130.0;4.0;116.17046371769476;4.0;30.0;4.0;43.91714122604856;4.0;106.6496103422262;2685.9369693827093;0.011705783505133821;127971.65747030266;0.0;0.0;107.85714505731227;286.8426289683771;1.0351247436857607;20808.925769274512;0.5829373397094658;0.22476345821916424;171.63606091985935;386.59007845850607;0.9517057835051344;127971.65747030266;0.6340329912990798;0.2643646647871571;106.6496103422262;2685.9369693827093;0.08341896018062636;127971.65747030266;0.0;0.0;128.99089934714806;286.8426289683771;1.0351247436857607;127971.65747030266;0.5829373397094658;0.22476345821916424;158.5290989359437;348.18839436639286;1.0351247436857607;127971.65747030266;0.5829373397094658;0.22476345821916424;155.34221105044185;357.95640089911194;0.9400000000000005;127971.65747030266;0.6419285790974677;0.271066507986398;119.5108554129639;290.4026565555173;0.9400000000000005;127971.65747030266;0.6419285790974677;0.271066507986398;119.4780200137343;290.3414913544216;0.9400000000000005;20808.925769274512;0.6419285790974677;0.271066507986398;107.85714505731227;2701.226169337294;0.09512474368576018;20808.925769274512;0.0;0.0;60.91756775602141;255.02140406374446;0.09512474368576018;20808.925769274512;0.0;0.0;60.922172958672036;255.13045489684617;0.09512474368576018;127971.65747030266;0.0;0.0;"Zustand 3: Temperatur 431.679 K liegt außerhalb des Boryta-Prüfbereichs; Kristallisation wurde nicht bewertet.";"Zustand 4: Temperatur 428.492 K liegt außerhalb des Boryta-Prüfbereichs; Kristallisation wurde nicht bewertet.";"Zustand 5: Temperatur 392.661 K liegt außerhalb des Boryta-Prüfbereichs; Kristallisation wurde nicht bewertet.";"Zustand 6: Temperatur 392.628 K liegt außerhalb des Boryta-Prüfbereichs; Kristallisation wurde nicht bewertet.";"Zustand 20: Temperatur 444.786 K liegt außerhalb des Boryta-Prüfbereichs; Kristallisation wurde nicht bewertet.";5
parallel;Parallel (T13 = T15);parallel;130.0;130.0;30.0;130.0;4.0;4.0;4.0;130.0;0.9500000000000005;Abwärmetemperatur [°C];hot_temperature_C;130.0;10.0;10.0;25.0;15.0;11.0;nan;nan;7.161457613251292e-20;`gtol` termination condition is satisfied.;4;9.085431912930051e-09;3.784562752353643e-10;1;True;;True;0;zulässig;feasible;True;True;True;106.64073549439684;128.96340471026622;155.31707639747304;60.931067552744935;0.12392401227532333;0.264129554781481;0.224951212719083;0.27080102707625386;231.42914297535634;232.79620469340958;232.8391429066379;231.31773081380592;64.26911543335686;0.49860113267382816;9.98280399646755;18.84145591957872;0.010372728165180232;0.0581012210312668;23.142914296687124;23.279620469339175;9.313565716300209;15.42118205416763;5.842646857709002;107.92254508233816;0.016311296882056972;2701.350426825256;286.84721088751553;246.8104811243196;0.017047974478398453;1.0281156689564688;0.5928696832875414;0.23198766745238444;8.743228363528033e-10;-1.442160169062845e-09;2.2690187506668735e-09;-3.6740732678453014e-10;-8.673168849782087e-10;1.7820411812863313e-11;1.2914540548081277e-09;8.485102398481104e-09;8.743228363528033e-12;-1.442160169062845e-11;2.2690187506668736e-11;-3.6740732678453014e-10;-8.673168849782088e-12;1.7820411812863311e-13;1.2914540548081277e-11;8.485102398481103e-11;148.84145591957872;130.0;116.07421394099055;130.0;116.16520748721257;43.92321798405561;22.708388912515773;23.582947737778056;63.99932709828255;30.931067552744935;10.580948856991824;8.151668858652386;23.359264505603164;55.22953601509835;3.2658713403050115;9.511538167838069;4.0;0.9500000000000005;127932.73744220345;20821.8483908128;6.144158531989459;3.2658713403050115;deltaT_shex_1_K;shex;True;True;True;True;True;True;True;True;106.64073549439684;2685.923304675994;0.09516364343486672;127932.73744220345;0.0;0.0;135.0;4.0;148.84145591957872;4.0;130.0;4.0;116.07421394099055;4.0;130.0;4.0;116.16520748721257;4.0;30.0;4.0;43.92321798405561;4.0;106.64073549439684;2685.923304675994;0.011793060517186916;127932.73744220345;0.0;0.0;107.92254508233816;286.8472108875156;1.0451636434348672;20821.8483908128;0.5831992098710672;0.224951212719083;171.5498448320945;386.33418987650424;0.9617930605171874;127932.73744220345;0.6337523490519043;0.264129554781481;106.64073549439684;2685.923304675994;0.0833705829176798;127932.73744220345;0.0;0.0;128.96340471026622;286.8472108875156;1.0451636434348672;127932.73744220345;0.5831992098710672;0.224951212719083;158.58294773777806;348.3391273324278;1.0451636434348672;127932.73744220345;0.5831992098710672;0.224951212719083;155.31707639747304;357.78767030468777;0.9500000000000005;127932.73744220345;0.6416195905654527;0.27080102707625386;119.45186654242815;290.13596984944303;0.9500000000000005;127932.73744220345;0.6416195905654527;0.27080102707625386;119.41905114300818;290.0748106694101;0.9500000000000005;20821.8483908128;0.6416195905654527;0.27080102707625386;107.92254508233816;2701.350426825256;0.09516364343486672;20821.8483908128;0.0;0.0;60.931067552744935;255.07791885068133;0.09516364343486672;20821.8483908128;0.0;0.0;60.93567147211422;255.18691770560937;0.09516364343486672;127932.73744220345;0.0;0.0;"Zustand 3: Temperatur 431.733 K liegt außerhalb des Boryta-Prüfbereichs; Kristallisation wurde nicht bewertet.";"Zustand 4: Temperatur 428.467 K liegt außerhalb des Boryta-Prüfbereichs; Kristallisation wurde nicht bewertet.";"Zustand 5: Temperatur 392.602 K liegt außerhalb des Boryta-Prüfbereichs; Kristallisation wurde nicht bewertet.";"Zustand 6: Temperatur 392.569 K liegt außerhalb des Boryta-Prüfbereichs; Kristallisation wurde nicht bewertet.";"Zustand 20: Temperatur 444.700 K liegt außerhalb des Boryta-Prüfbereichs; Kristallisation wurde nicht bewertet.";5
parallel;Parallel (T13 = T15);parallel;130.0;130.0;30.0;130.0;4.0;4.0;4.0;130.0;0.9600000000000005;Abwärmetemperatur [°C];hot_temperature_C;130.0;10.0;10.0;25.0;15.0;11.0;nan;nan;5.995165186230921e-20;`gtol` termination condition is satisfied.;4;7.993583286677624e-09;3.4627056433462317e-10;1;True;;True;0;zulässig;feasible;True;True;True;106.63184055364042;128.93752244532521;155.29045030213962;60.94456853342706;0.12479967934232594;0.26389787188381014;0.22513458880489182;0.2705401339936297;231.29597499844124;232.89781699808555;232.71889942073994;231.40581395994587;65.03419622823898;0.4983487591377771;10.083755175523727;18.833491327657953;0.010372020644329315;0.05870659601313407;23.129597499100836;23.28978169981701;9.308755976862608;15.427054263921034;5.912199657233567;107.9868237299084;0.016232165918087054;2701.472529850474;286.8539893675204;247.01279165791425;0.01712822414645787;1.0380744045657317;0.5930817801376967;0.23214427488318667;8.166551879185135e-10;-1.3302638990353444e-09;2.033175405813381e-09;-3.369345913384336e-10;-8.252527550212108e-10;-8.455458555545192e-11;1.1303598057565978e-09;7.4328738719486864e-09;8.166551879185135e-12;-1.3302638990353444e-11;2.033175405813381e-11;-3.369345913384336e-10;-8.252527550212108e-12;-8.455458555545192e-13;1.1303598057565977e-11;7.432873871948687e-11;148.83349132765795;130.0;116.08140553703709;130.0;116.15993935646259;43.92929527500513;22.631202084219808;23.635257016803735;64.05752845490326;30.94456853342706;10.638669553697298;8.09458180712869;23.368159446359584;55.21076819147106;3.3448067146641165;9.543396554163735;4.0;0.9600000000000005;127893.73908794156;20834.778974819772;6.13847352268578;3.3448067146641165;deltaT_shex_1_K;shex;True;True;True;True;True;True;True;True;106.63184055364042;2685.9096085578853;0.0952026287121891;127893.73908794156;0.0;0.0;135.0;4.0;148.83349132765795;4.0;130.0;4.0;116.08140553703709;4.0;130.0;4.0;116.15993935646259;4.0;30.0;4.0;43.92929527500513;4.0;106.63184055364042;2685.9096085578853;0.011881257535827713;127893.73908794156;0.0;0.0;107.9868237299084;286.85398936752046;1.0552026287121896;20834.778974819772;0.5834547782795072;0.22513458880489182;171.46469341187776;386.08171575650886;0.9718812575358282;127893.73908794156;0.633475552016664;0.26389787188381014;106.63184055364042;2685.9096085578853;0.08332137117636139;127893.73908794156;0.0;0.0;128.93752244532521;286.85398936752046;1.0552026287121896;127893.73908794156;0.5834547782795072;0.22513458880489182;158.63525701680373;348.48593991298986;1.0552026287121896;127893.73908794156;0.5834547782795072;0.22513458880489182;155.29045030213962;357.6183329644047;0.9600000000000005;127893.73908794156;0.6413156414325244;0.2705401339936297;119.39412589116148;289.87437856083983;0.9600000000000005;127893.73908794156;0.6413156414325244;0.2705401339936297;119.3613304463027;289.81322585665947;0.9600000000000005;20834.778974819772;0.6413156414325244;0.2705401339936297;107.9868237299084;2701.472529850474;0.0952026287121891;20834.778974819772;0.0;0.0;60.94456853342706;255.13443868107643;0.0952026287121891;20834.778974819772;0.0;0.0;60.949171164991526;255.24338546946487;0.0952026287121891;127893.73908794156;0.0;0.0;"Zustand 3: Temperatur 431.785 K liegt außerhalb des Boryta-Prüfbereichs; Kristallisation wurde nicht bewertet.";"Zustand 4: Temperatur 428.440 K liegt außerhalb des Boryta-Prüfbereichs; Kristallisation wurde nicht bewertet.";"Zustand 5: Temperatur 392.544 K liegt außerhalb des Boryta-Prüfbereichs; Kristallisation wurde nicht bewertet.";"Zustand 6: Temperatur 392.511 K liegt außerhalb des Boryta-Prüfbereichs; Kristallisation wurde nicht bewertet.";"Zustand 20: Temperatur 444.615 K liegt außerhalb des Boryta-Prüfbereichs; Kristallisation wurde nicht bewertet.";5
parallel;Parallel (T13 = T15);parallel;130.0;130.0;30.0;130.0;4.0;4.0;4.0;130.0;0.9700000000000005;Abwärmetemperatur [°C];hot_temperature_C;130.0;10.0;10.0;25.0;15.0;11.0;nan;nan;5.0173460064569993e-20;`gtol` termination condition is satisfied.;4;7.015903454948425e-09;3.1677581998811084e-10;1;True;;True;0;zulässig;feasible;True;True;True;106.62292169253345;128.91320880111033;155.26239200062827;60.95807675924101;0.1256840819107535;0.2636695279425595;0.22531370987156793;0.2702836979752182;231.16023555062043;232.9994838317796;232.5959026948035;231.49413398004577;65.79575736044009;0.4980935104895947;10.184612764515997;18.825372939630427;0.010371309643605539;0.05931139868711745;23.11602355441169;23.299948383189825;9.303836107821743;15.432942265270464;5.981432487422335;108.05002016660984;0.016155398572847143;2701.5925530103978;286.8628906319885;247.21138460673706;0.017209404503974568;1.0480323118408592;0.5932890518293609;0.23229741554744146;7.799911827532924e-10;-1.2055920706188772e-09;1.7973320609598886e-09;-3.0892421953865323e-10;-7.4007289185829e-10;-1.1866063687193673e-10;9.888196927931858e-10;6.503512395283906e-09;7.799911827532924e-12;-1.2055920706188772e-11;1.7973320609598886e-11;-3.0892421953865323e-10;-7.400728918582899e-12;-1.1866063687193673e-12;9.888196927931859e-12;6.503512395283905e-11;148.82537293963043;130.0;116.08876180055;130.0;116.1546570586097;43.93537582725952;22.555201426944052;23.686065861686416;64.11464433935032;30.95807675924101;10.695169551275171;8.038741633940163;23.377078307466547;55.191978960740016;3.4236738610581483;9.575602825803173;4.0;0.9700000000000005;127854.6456976997;20847.723335704184;6.132786954186673;3.4236738610581483;deltaT_shex_1_K;shex;True;True;True;True;True;True;True;True;106.62292169253345;2685.8958751315836;0.09524171634483325;127854.6456976997;0.0;0.0;135.0;4.0;148.82537293963043;4.0;130.0;4.0;116.08876180055;4.0;130.0;4.0;116.1546570586097;4.0;30.0;4.0;43.93537582725952;4.0;106.62292169253345;2685.8958751315836;0.011970367678404772;127854.6456976997;0.0;0.0;108.05002016660984;286.8628906319884;1.0652417163448338;20847.723335704184;0.5837042307281509;0.22531370987156793;171.38057436657448;385.83255814293614;0.9819703676784053;127854.6456976997;0.6332025052421493;0.2636695279425595;106.62292169253345;2685.8958751315836;0.08327134866642848;127854.6456976997;0.0;0.0;128.91320880111033;286.8628906319884;1.0652417163448338;127854.6456976997;0.5837042307281509;0.22531370987156793;158.68606586168642;348.6289258434193;1.0652417163448338;127854.6456976997;0.5837042307281509;0.22531370987156793;155.26239200062827;357.4484307345155;0.9700000000000005;127854.6456976997;0.6410165944109237;0.2702836979752182;119.33760597530716;289.6177530441443;0.9700000000000005;127854.6456976997;0.6410165944109237;0.2702836979752182;119.30483044872483;289.5566072723019;0.9700000000000005;20847.723335704184;0.6410165944109237;0.2702836979752182;108.05002016660984;2701.5925530103978;0.09524171634483325;20847.723335704184;0.0;0.0;60.95807675924101;255.1909889291813;0.09524171634483325;20847.723335704184;0.0;0.0;60.962678097869684;255.29988354008955;0.09524171634483325;127854.6456976997;0.0;0.0;"Zustand 3: Temperatur 431.836 K liegt außerhalb des Boryta-Prüfbereichs; Kristallisation wurde nicht bewertet.";"Zustand 4: Temperatur 428.412 K liegt außerhalb des Boryta-Prüfbereichs; Kristallisation wurde nicht bewertet.";"Zustand 5: Temperatur 392.488 K liegt außerhalb des Boryta-Prüfbereichs; Kristallisation wurde nicht bewertet.";"Zustand 6: Temperatur 392.455 K liegt außerhalb des Boryta-Prüfbereichs; Kristallisation wurde nicht bewertet.";"Zustand 20: Temperatur 444.531 K liegt außerhalb des Boryta-Prüfbereichs; Kristallisation wurde nicht bewertet.";5
parallel;Parallel (T13 = T15);parallel;130.0;130.0;30.0;130.0;4.0;4.0;4.0;130.0;0.9800000000000005;Abwärmetemperatur [°C];hot_temperature_C;130.0;10.0;10.0;25.0;15.0;11.0;nan;nan;4.2648530253190633e-20;`gtol` termination condition is satisfied.;4;6.2829542711417085e-09;2.92056604969621e-10;1;True;;True;0;zulässig;feasible;True;True;True;106.61397535122143;128.8904211647283;155.23295826691862;60.97159789324081;0.12657711196355317;0.26344443769554543;0.22548869475340255;0.27003159292235773;231.02200046798805;233.1012478162303;232.47023594997518;231.5827261259825;66.55379511582693;0.4978354182559309;10.285374863172075;18.81710529114764;0.010370594836337718;0.05991561417213846;23.102200046218343;23.310124781638518;9.298809438025193;15.438848408339025;6.0503450106303625;108.1121718452793;0.01608091991010515;2701.7105676529322;286.87384329957234;247.4063741284703;0.01729150638742305;1.0579894156049299;0.5934916372997043;0.23244718564819986;7.479172836610815e-10;-1.1070540040236665e-09;1.6303829397656955e-09;-2.852326153046647e-10;-6.546656550199259e-10;-1.5486989468627144e-10;8.971312581707025e-10;5.804622560390271e-09;7.479172836610814e-12;-1.1070540040236665e-11;1.6303829397656954e-11;-2.852326153046647e-10;-6.546656550199259e-12;-1.5486989468627144e-12;8.971312581707024e-12;5.804622560390271e-11;148.81710529114764;130.0;116.09627775418807;130.0;116.14935848528813;43.94146218996593;22.48035133507699;23.735412032094416;64.17070965531337;30.971597893240812;10.750475599970969;7.984105908908759;23.386024648778573;55.17316055191952;3.502453765175801;9.608141128516309;4.0;0.9800000000000005;127815.44175110478;20860.686918361484;6.127096497412182;3.502453765175801;deltaT_shex_1_K;shex;True;True;True;True;True;True;True;True;106.61397535122143;2685.882098911493;0.09528092199235239;127815.44175110478;0.0;0.0;135.0;4.0;148.81710529114764;4.0;130.0;4.0;116.09627775418807;4.0;130.0;4.0;116.14935848528813;4.0;30.0;4.0;43.94146218996593;4.0;106.61397535122143;2685.882098911493;0.012060383931016563;127815.44175110478;0.0;0.0;108.1121718452793;286.8738432995731;1.075280921992353;20860.686918361484;0.5839477458129707;0.22548869475340255;171.29745662622463;385.5866226049338;0.9920603839310171;127815.44175110478;0.6329331167426412;0.26344443769554543;106.61397535122143;2685.882098911493;0.08322053806133582;127815.44175110478;0.0;0.0;128.8904211647283;286.8738432995731;1.075280921992353;127815.44175110478;0.5839477458129707;0.22548869475340255;158.73541203209442;348.7681759847579;1.075280921992353;127815.44175110478;0.5839477458129707;0.22548869475340255;155.23295826691862;357.2780036279875;0.9800000000000005;127815.44175110478;0.6407223168501295;0.27003159292235773;119.282280036212;289.3659677962743;0.9800000000000005;127815.44175110478;0.6407223168501295;0.27003159292235773;119.24952440002903;289.304829414466;0.9800000000000005;20860.686918361484;0.6407223168501295;0.27003159292235773;108.1121718452793;2701.7105676529322;0.09528092199235239;20860.686918361484;0.0;0.0;60.97159789324081;255.2475933028317;0.09528092199235239;20860.686918361484;0.0;0.0;60.97619793336861;255.356435604307;0.09528092199235239;127815.44175110478;0.0;0.0;"Zustand 3: Temperatur 431.885 K liegt außerhalb des Boryta-Prüfbereichs; Kristallisation wurde nicht bewertet.";"Zustand 4: Temperatur 428.383 K liegt außerhalb des Boryta-Prüfbereichs; Kristallisation wurde nicht bewertet.";"Zustand 5: Temperatur 392.432 K liegt außerhalb des Boryta-Prüfbereichs; Kristallisation wurde nicht bewertet.";"Zustand 6: Temperatur 392.400 K liegt außerhalb des Boryta-Prüfbereichs; Kristallisation wurde nicht bewertet.";"Zustand 20: Temperatur 444.447 K liegt außerhalb des Boryta-Prüfbereichs; Kristallisation wurde nicht bewertet.";5
parallel;Parallel (T13 = T15);parallel;130.0;130.0;30.0;130.0;4.0;4.0;4.0;130.0;0.9900000000000005;Abwärmetemperatur [°C];hot_temperature_C;130.0;10.0;10.0;25.0;15.0;11.0;nan;nan;3.650346819190858e-20;`gtol` termination condition is satisfied.;4;5.688872396515555e-09;2.7019795777136653e-10;1;True;;True;0;zulässig;feasible;True;True;True;106.6049982202922;128.8691180427934;155.20220352497216;60.98513722527366;0.1274786612657031;0.2632225186549303;0.2256596579311593;0.26978369720586015;230.8813422741061;233.20314876437706;232.34197876576184;231.67162316955162;67.30830670220945;0.49757451357275617;10.386039627899297;18.808692719743192;0.010369875909732634;0.06051922798026707;23.08813422688726;23.320314876455484;9.293679150654603;15.444774877916128;6.118936973019202;108.17331459483341;0.016008657777256317;2701.8266420462637;286.8867783120904;247.59786978994305;0.017374520624605427;1.067945739596686;0.5936896700288965;0.23259367773652656;7.204050689324504e-10;-1.0017657814387348e-09;1.52658685692586e-09;-2.641544760706438e-10;-6.032223609508947e-10;-1.7777779248717707e-10;8.097060799627798e-10;5.233488309386303e-09;7.204050689324504e-12;-1.0017657814387348e-11;1.52658685692586e-11;-2.641544760706438e-10;-6.032223609508947e-12;-1.7777779248717706e-12;8.097060799627797e-12;5.2334883093863024e-11;148.8086927197432;130.0;116.1039486384114;130.0;116.14404167646222;43.94755674428092;22.40661756742429;23.78333201466529;64.2257578505525;30.98513722527366;10.804613743897903;7.930634043577982;23.395001779707798;55.154305715626094;3.5811284896931284;9.640996020914884;4.0;0.9900000000000005;127776.11284083294;20873.674821102995;6.121399989984182;3.5811284896931284;deltaT_shex_1_K;shex;True;True;True;True;True;True;True;True;106.6049982202922;2685.868274796906;0.09532026022129092;127776.11284083294;0.0;0.0;135.0;4.0;148.8086927197432;4.0;130.0;4.0;116.1039486384114;4.0;130.0;4.0;116.14404167646222;4.0;30.0;4.0;43.94755674428092;4.0;106.6049982202922;2685.868274796906;0.012151299164508618;127776.11284083294;0.0;0.0;108.17331459483341;286.88677831209066;1.0853202602212915;20873.674821102995;0.5841854952755117;0.2256596579311593;171.21531028716748;385.3438180823948;1.0021512991645092;127776.11284083294;0.6326672973857985;0.2632225186549303;106.6049982202922;2685.868274796906;0.0831689610567823;127776.11284083294;0.0;0.0;128.8691180427934;286.88677831209066;1.0853202602212915;127776.11284083294;0.5841854952755117;0.2256596579311593;158.7833320146653;348.9037784264031;1.0853202602212915;127776.11284083294;0.5841854952755117;0.2256596579311593;155.20220352497216;357.10708989322296;0.9900000000000005;127776.11284083294;0.6404326805554769;0.26978369720586015;119.2281220218785;289.11890130586033;0.9900000000000005;127776.11284083294;0.6404326805554769;0.26978369720586015;119.1953862561021;289.0577707725469;0.9900000000000005;20873.674821102995;0.6404326805554769;0.26978369720586015;108.17331459483341;2701.8266420462637;0.09532026022129092;20873.674821102995;0.0;0.0;60.98513722527366;255.30427394756262;0.09532026022129092;20873.674821102995;0.0;0.0;60.98973596083613;255.4130637881029;0.09532026022129092;127776.11284083294;0.0;0.0;"Zustand 3: Temperatur 431.933 K liegt außerhalb des Boryta-Prüfbereichs; Kristallisation wurde nicht bewertet.";"Zustand 4: Temperatur 428.352 K liegt außerhalb des Boryta-Prüfbereichs; Kristallisation wurde nicht bewertet.";"Zustand 5: Temperatur 392.378 K liegt außerhalb des Boryta-Prüfbereichs; Kristallisation wurde nicht bewertet.";"Zustand 6: Temperatur 392.345 K liegt außerhalb des Boryta-Prüfbereichs; Kristallisation wurde nicht bewertet.";"Zustand 20: Temperatur 444.365 K liegt außerhalb des Boryta-Prüfbereichs; Kristallisation wurde nicht bewertet.";5
parallel;Parallel (T13 = T15);parallel;130.0;130.0;30.0;130.0;4.0;4.0;4.0;130.0;1.0;Abwärmetemperatur [°C];hot_temperature_C;130.0;10.0;10.0;25.0;15.0;11.0;nan;nan;2.8470629893933117e-19;`gtol` termination condition is satisfied.;7;3.876134748881846e-08;7.545943266939279e-10;1;True;;True;0;zulässig;feasible;True;True;True;106.59598721523548;128.84925902935345;155.1701799217152;60.99869970801831;0.12838862272824306;0.2630036911999531;0.22582670965455903;0.26953989340567863;230.73833046007923;233.30522395363099;232.21120737845405;231.76085565830513;68.0592901397092;0.49731082718615854;10.486605265250258;18.800139381583676;0.01036915256358561;0.061122225978876;23.073833042344738;23.330522395092796;9.288448295249157;15.450723710198332;6.187208194832822;108.23348269585233;0.01593854268775114;2701.9408415201233;286.9016288141735;247.78597673951558;0.017458438048032043;1.0779013065695828;0.5938832782055671;0.23273698080929212;1.591374143572466e-09;-3.451830821177282e-09;1.011272843243205e-08;-6.474645264376022e-10;-2.7748967568186345e-09;2.7030182536691427e-09;5.330150543159107e-09;3.663183179014595e-08;1.591374143572466e-11;-3.451830821177282e-11;1.011272843243205e-10;-6.474645264376022e-10;-2.7748967568186346e-11;2.7030182536691426e-11;5.330150543159107e-11;3.6631831790145953e-10;148.80013938158368;130.0;116.11176989363315;130.0;116.13870480512531;43.95366171971477;22.333967231117867;23.829861040029016;64.27982097613756;30.998699708018307;10.857609345283947;7.878287197780821;23.404012784764518;55.13540767264357;3.659681118313813;9.674152466685769;4.0;1.0;127736.64555948325;20886.69182934971;6.115695419989362;3.659681118313813;deltaT_shex_1_K;shex;True;True;True;True;True;True;True;True;106.59598721523548;2685.854398032743;0.09535974461761487;127736.64555948325;0.0;0.0;135.0;4.0;148.80013938158368;4.0;130.0;4.0;116.11176989363315;4.0;130.0;4.0;116.13870480512531;4.0;30.0;4.0;43.95366171971477;4.0;106.59598721523548;2685.854398032743;0.012243106275172562;127736.64555948325;0.0;0.0;108.23348269585233;286.9016288141745;1.0953597446176149;20886.69182934971;0.5844176442243461;0.22582670965455903;171.13410661270154;385.10405692032634;1.0122431062751727;127736.64555948325;0.6324049610282569;0.2630036911999531;106.59598721523548;2685.854398032743;0.08311663834244232;127736.64555948325;0.0;0.0;128.84925902935345;286.9016288141745;1.0953597446176149;127736.64555948325;0.5844176442243461;0.22582670965455903;158.82986104002902;349.0358184939937;1.0953597446176149;127736.64555948325;0.5844176442243461;0.22582670965455903;155.1701799217152;356.9357259915603;1.0;127736.64555948325;0.6401475615276078;0.26953989340567863;119.17510656266768;288.87643585344244;1.0;127736.64555948325;0.6401475615276078;0.26953989340567863;119.14239065471605;288.8153136274636;1.0;20886.69182934971;0.6401475615276078;0.26953989340567863;108.23348269585233;2701.9408415201233;0.09535974461761487;20886.69182934971;0.0;0.0;60.99869970801831;255.36105159758623;0.09535974461761487;20886.69182934971;0.0;0.0;61.00329713248175;255.4697888074557;0.09535974461761487;127736.64555948325;0.0;0.0;"Zustand 3: Temperatur 431.980 K liegt außerhalb des Boryta-Prüfbereichs; Kristallisation wurde nicht bewertet.";"Zustand 4: Temperatur 428.320 K liegt außerhalb des Boryta-Prüfbereichs; Kristallisation wurde nicht bewertet.";"Zustand 5: Temperatur 392.325 K liegt außerhalb des Boryta-Prüfbereichs; Kristallisation wurde nicht bewertet.";"Zustand 6: Temperatur 392.292 K liegt außerhalb des Boryta-Prüfbereichs; Kristallisation wurde nicht bewertet.";"Zustand 20: Temperatur 444.284 K liegt außerhalb des Boryta-Prüfbereichs; Kristallisation wurde nicht bewertet.";5
parallel;Parallel (T13 = T15);parallel;130.0;130.0;30.0;130.0;4.0;4.0;4.0;130.0;1.0000000000000004;Abwärmetemperatur [°C];hot_temperature_C;130.0;10.0;10.0;25.0;15.0;11.0;nan;nan;2.8470626867546615e-19;`gtol` termination condition is satisfied.;1;3.876133968107445e-08;7.545942865877877e-10;1;True;;True;0;zulässig;feasible;True;True;True;106.59598721523548;128.84925902935345;155.1701799217152;60.99869970801831;0.12838862272824306;0.2630036911999531;0.22582670965455903;0.26953989340567863;230.73833046007928;233.30522395363099;232.21120737845405;231.76085565830513;68.05929013970923;0.4973108271861587;10.486605265250262;18.800139381583676;0.01036915256358561;0.061122225978876024;23.073833042344738;23.330522395092796;9.288448295249125;15.450723710198332;6.187208194832822;108.23348269585239;0.015938542687751744;2701.9408415201233;286.9016288141748;247.78597673951546;0.01745843804803271;1.0779013065695826;0.5938832782055674;0.23273698080929228;1.591374143572466e-09;-3.4518023994678515e-09;1.011272843243205e-08;-6.474645264376022e-10;-2.7740725272451527e-09;2.7030182536691427e-09;5.330150543159107e-09;3.663188863356481e-08;1.591374143572466e-11;-3.451802399467851e-11;1.011272843243205e-10;-6.474645264376019e-10;-2.7740725272451526e-11;2.7030182536691426e-11;5.330150543159107e-11;3.6631888633564815e-10;148.80013938158368;130.0;116.11176989363315;130.0;116.13870480512531;43.95366171971477;22.333967231117867;23.829861040029016;64.27982097613761;30.998699708018307;10.857609345283947;7.8782871977807645;23.404012784764518;55.13540767264357;3.659681118313813;9.674152466685769;4.0;1.0000000000000004;127736.64555948325;20886.69182934971;6.115695419989362;3.659681118313813;deltaT_shex_1_K;shex;True;True;True;True;True;True;True;True;106.59598721523548;2685.854398032743;0.09535974461761487;127736.64555948325;0.0;0.0;135.0;4.0;148.80013938158368;4.0;130.0;4.0;116.11176989363315;4.0;130.0;4.0;116.13870480512531;4.0;30.0;4.0;43.95366171971477;4.0;106.59598721523548;2685.854398032743;0.012243106275172562;127736.64555948325;0.0;0.0;108.23348269585239;286.9016288141745;1.0953597446176153;20886.69182934971;0.5844176442243461;0.22582670965455903;171.13410661270154;385.10405692032634;1.012243106275173;127736.64555948325;0.6324049610282569;0.2630036911999531;106.59598721523548;2685.854398032743;0.08311663834244232;127736.64555948325;0.0;0.0;128.84925902935345;286.9016288141745;1.0953597446176153;127736.64555948325;0.5844176442243461;0.22582670965455903;158.82986104002902;349.0358184939937;1.0953597446176153;127736.64555948325;0.5844176442243461;0.22582670965455903;155.1701799217152;356.9357259915603;1.0000000000000004;127736.64555948325;0.6401475615276078;0.26953989340567863;119.17510656266768;288.87643585344244;1.0000000000000004;127736.64555948325;0.6401475615276078;0.26953989340567863;119.14239065471605;288.8153136274636;1.0000000000000004;20886.69182934971;0.6401475615276078;0.26953989340567863;108.23348269585239;2701.9408415201233;0.09535974461761487;20886.69182934971;0.0;0.0;60.99869970801831;255.36105159758623;0.09535974461761487;20886.69182934971;0.0;0.0;61.00329713248175;255.4697888074557;0.09535974461761487;127736.64555948325;0.0;0.0;"Zustand 3: Temperatur 431.980 K liegt außerhalb des Boryta-Prüfbereichs; Kristallisation wurde nicht bewertet.";"Zustand 4: Temperatur 428.320 K liegt außerhalb des Boryta-Prüfbereichs; Kristallisation wurde nicht bewertet.";"Zustand 5: Temperatur 392.325 K liegt außerhalb des Boryta-Prüfbereichs; Kristallisation wurde nicht bewertet.";"Zustand 6: Temperatur 392.292 K liegt außerhalb des Boryta-Prüfbereichs; Kristallisation wurde nicht bewertet.";"Zustand 20: Temperatur 444.284 K liegt außerhalb des Boryta-Prüfbereichs; Kristallisation wurde nicht bewertet.";5
parallel;Parallel (T13 = T15);parallel;130.0;130.0;30.0;130.0;4.0;4.0;4.0;130.0;1.0100000000000007;Abwärmetemperatur [°C];hot_temperature_C;130.0;10.0;10.0;25.0;15.0;11.0;nan;nan;6.203008455553045e-22;`gtol` termination condition is satisfied.;4;1.965216329120622e-09;3.522217612684669e-11;1;True;;True;0;zulässig;feasible;True;True;True;106.58693951284027;128.83080484791242;155.136937611156;61.01228991040989;0.12930688373832555;0.26278787738842707;0.2259899565200255;0.269300068528919;230.59303112119625;233.40750776495625;232.07799432666098;231.85045154054256;68.80674443012173;0.4970443894427676;10.58707005540561;18.7914492297366;0.010368424512413807;0.06172459450732944;23.059303111934618;23.340750776491387;9.283119773074509;15.456696769362239;6.255158584597318;108.29270900644264;0.015870507699241542;2702.053228712584;286.91833034423223;247.9707962045399;0.017543249491996482;1.0878561381302962;0.5940725855279015;0.23287718087935452;7.09263758835732e-11;-4.487645810513641e-10;4.214371074340306e-10;-2.95238278269494e-11;-2.0173729353700764e-10;4.2376768760732375e-11;1.0896883395616896e-10;1.8500827536627185e-09;7.09263758835732e-13;-4.487645810513641e-12;4.214371074340306e-12;-2.923151269994988e-11;-2.0173729353700766e-12;4.2376768760732375e-13;1.0896883395616897e-12;1.8500827536627186e-11;148.7914492297366;130.0;116.1197371814198;130.0;116.1333461997283;43.95977917254521;22.262368463962787;23.875033326363507;64.33292983389742;31.01228991040989;10.909487071559568;7.827028174977158;23.413060487159726;55.116460182875926;3.738095715207521;9.70759586363647;4.0;1.0100000000000007;127697.02765780025;20899.742370087206;6.109980946012371;3.738095715207521;deltaT_shex_1_K;shex;True;True;True;True;True;True;True;True;106.58693951284027;2685.8404642656574;0.09539938762229205;127697.02765780025;0.0;0.0;135.0;4.0;148.7914492297366;4.0;130.0;4.0;116.1197371814198;4.0;130.0;4.0;116.1333461997283;4.0;30.0;4.0;43.95977917254521;4.0;106.58693951284027;2685.8404642656574;0.012335797523983172;127697.02765780025;0.0;0.0;108.29270900644264;286.918330344232;1.1053993876222927;20899.742370087206;0.5846443519853727;0.2259899565200255;171.0538176936994;384.86725376412005;1.0223357975239837;127697.02765780025;0.6321460231131404;0.26278787738842707;106.58693951284027;2685.8404642656574;0.08306359009830888;127697.02765780025;0.0;0.0;128.83080484791242;286.918330344232;1.1053993876222927;127697.02765780025;0.5846443519853727;0.2259899565200255;158.8750333263635;349.16437932940886;1.1053993876222927;127697.02765780025;0.5846443519853727;0.2259899565200255;155.136937611156;356.76394719735265;1.0100000000000007;127697.02765780025;0.639866840258874;0.269300068528919;119.12320898427595;288.63845766264893;1.0100000000000007;127697.02765780025;0.639866840258874;0.269300068528919;119.09051292844043;288.5773442027407;1.0100000000000007;20899.742370087206;0.639866840258874;0.269300068528919;108.29270900644264;2702.053228712584;0.09539938762229205;20899.742370087206;0.0;0.0;61.01228991040989;255.41794538068396;0.09539938762229205;20899.742370087206;0.0;0.0;61.01688601685237;255.52662977343357;0.09539938762229205;127697.02765780025;0.0;0.0;"Zustand 3: Temperatur 432.025 K liegt außerhalb des Boryta-Prüfbereichs; Kristallisation wurde nicht bewertet.";"Zustand 4: Temperatur 428.287 K liegt außerhalb des Boryta-Prüfbereichs; Kristallisation wurde nicht bewertet.";"Zustand 5: Temperatur 392.273 K liegt außerhalb des Boryta-Prüfbereichs; Kristallisation wurde nicht bewertet.";"Zustand 6: Temperatur 392.241 K liegt außerhalb des Boryta-Prüfbereichs; Kristallisation wurde nicht bewertet.";"Zustand 20: Temperatur 444.204 K liegt außerhalb des Boryta-Prüfbereichs; Kristallisation wurde nicht bewertet.";5
parallel;Parallel (T13 = T15);parallel;130.0;130.0;30.0;130.0;4.0;4.0;4.0;130.0;1.0200000000000005;Abwärmetemperatur [°C];hot_temperature_C;130.0;10.0;10.0;25.0;15.0;11.0;nan;nan;4.528305565239656e-22;`gtol` termination condition is satisfied.;4;1.713609441111084e-09;3.009420397764213e-11;1;True;;True;0;zulässig;feasible;True;True;True;106.5778524256001;128.8137171908116;155.10252445544944;61.02591218671171;0.1302333410200455;0.26257500323406985;0.2261495007922286;0.269064112978576;230.4455082754901;233.51003297581215;231.94240980095913;231.9404374388427;69.55066899815796;0.496775230312326;10.687432295603585;18.782626093031695;0.010367691478464643;0.062326320081610036;23.04455082738814;23.351003297574756;9.27769639204461;15.4626958292486;6.322788090778611;108.35102493519236;0.015804488322875704;2702.1638634997853;286.93682019439075;248.15242507154824;0.017628945828510822;1.097810255261876;0.5942577102461787;0.23301436024526606;5.968558980384842e-11;-4.0677150536794215e-10;3.7056224755360745e-10;-2.523503628282242e-11;-1.5614887161063962e-10;6.460254553530831e-11;1.1368683772161603e-10;1.6087255971797276e-09;5.968558980384842e-13;-4.067715053679422e-12;3.705622475536074e-12;-2.474023164982589e-11;-1.5614887161063961e-12;6.460254553530831e-13;1.1368683772161603e-12;1.6087255971797276e-11;148.7826260930317;130.0;116.12784630377041;130.0;116.1279642680118;43.96591106314668;22.1917909425037;23.918881707020944;64.38511387204568;31.025912186711707;10.960270981164797;7.776821368578055;23.4221475743999;55.09745730017721;3.816357251571503;9.741311969117987;4.0;1.0200000000000005;127657.24749359259;20912.83067342989;6.104254822652168;3.816357251571503;deltaT_shex_1_K;shex;True;True;True;True;True;True;True;True;106.5778524256001;2685.826469350663;0.0954392010903864;127657.24749359259;0.0;0.0;135.0;4.0;148.7826260930317;4.0;130.0;4.0;116.12784630377041;4.0;130.0;4.0;116.1279642680118;4.0;30.0;4.0;43.96591106314668;4.0;106.5778524256001;2685.826469350663;0.012429366022284989;127657.24749359259;0.0;0.0;108.35102493519236;286.9368201943909;1.1154392010903869;20912.83067342989;0.5848657712038141;0.2261495007922286;170.9744170355354;384.6333275485439;1.0324293660222854;127657.24749359259;0.6318904034233451;0.26257500323406985;106.5778524256001;2685.826469350663;0.0830098350681014;127657.24749359259;0.0;0.0;128.8137171908116;286.9368201943909;1.1154392010903869;127657.24749359259;0.5848657712038141;0.2261495007922286;158.91888170702094;349.28954092553374;1.1154392010903869;127657.24749359259;0.5848657712038141;0.2261495007922286;155.10252445544944;356.5917865220145;1.0200000000000005;127657.24749359259;0.6395904005653873;0.269064112978576;119.0724052216936;288.4048561317221;1.0200000000000005;127657.24749359259;0.6395904005653873;0.269064112978576;119.0397290188352;288.343751896348;1.0200000000000005;20912.83067342989;0.6395904005653873;0.269064112978576;108.35102493519236;2702.1638634997853;0.0954392010903864;20912.83067342989;0.0;0.0;61.02591218671171;255.47497352610705;0.0954392010903864;20912.83067342989;0.0;0.0;61.03050696783458;255.5836048993794;0.0954392010903864;127657.24749359259;0.0;0.0;"Zustand 3: Temperatur 432.069 K liegt außerhalb des Boryta-Prüfbereichs; Kristallisation wurde nicht bewertet.";"Zustand 4: Temperatur 428.253 K liegt außerhalb des Boryta-Prüfbereichs; Kristallisation wurde nicht bewertet.";"Zustand 5: Temperatur 392.222 K liegt außerhalb des Boryta-Prüfbereichs; Kristallisation wurde nicht bewertet.";"Zustand 6: Temperatur 392.190 K liegt außerhalb des Boryta-Prüfbereichs; Kristallisation wurde nicht bewertet.";"Zustand 20: Temperatur 444.124 K liegt außerhalb des Boryta-Prüfbereichs; Kristallisation wurde nicht bewertet.";5
parallel;Parallel (T13 = T15);parallel;130.0;130.0;30.0;130.0;4.0;4.0;4.0;130.0;1.0300000000000007;Abwärmetemperatur [°C];hot_temperature_C;130.0;10.0;10.0;25.0;15.0;11.0;nan;nan;3.245359355336856e-22;`gtol` termination condition is satisfied.;4;1.463013505003527e-09;2.547688895974882e-11;1;True;;True;0;zulässig;feasible;True;True;True;106.56872350981013;128.79795884609933;155.06698654689927;61.039570534170196;0.13116788468206636;0.262364996026766;0.2263054414955617;0.2688319213253659;230.29582275932364;233.61282966863922;231.80452053612038;232.03083754900956;70.29106418300377;0.4965033793673322;10.787690357932725;18.773673610007393;0.010366953197991335;0.0629273896888341;23.029582275795875;23.361282966860518;9.272180821452016;15.468722503262484;6.390096743942581;108.40846062095403;0.015740422400999085;2702.272803356695;286.95703795965784;248.33095674652606;0.01771551794555304;1.1077636778623428;0.5944387666808487;0.23314859859545167;5.4001247917767614e-11;-3.64622110282653e-10;3.199147613486275e-10;-2.1484258816428792e-11;-1.8002310753217898e-10;3.4049207897624e-11;7.23048287909478e-11;1.3648957519762916e-09;5.400124791776761e-13;-3.64622110282653e-12;3.199147613486275e-12;-2.0858503705270658e-11;-1.80023107532179e-12;3.4049207897624e-13;7.23048287909478e-13;1.3648957519762917e-11;148.7736736100074;130.0;116.1360932693708;130.0;116.12255756285828;43.97205919070808;22.12220521241403;23.96143813158369;64.43640143024595;31.039570534170196;11.009984468024754;7.7276326484167726;23.431276490189873;55.07839358056526;3.8944515846844183;9.775286971171056;4.0;1.0300000000000007;127617.29450412272;20925.960635256826;6.0985154626119495;3.8944515846844183;deltaT_shex_1_K;shex;True;True;True;True;True;True;True;True;106.56872350981013;2685.8124095176668;0.0954791958078951;127617.29450412272;0.0;0.0;135.0;4.0;148.7736736100074;4.0;130.0;4.0;116.1360932693708;4.0;130.0;4.0;116.12255756285828;4.0;30.0;4.0;43.97205919070808;4.0;106.56872350981013;2685.8124095176668;0.012523804145266418;127617.29450412272;0.0;0.0;108.40846062095403;286.9570379596575;1.1254791958078958;20925.960635256826;0.5850820494017632;0.2263054414955617;170.89587882242142;384.4021990662681;1.0425238041452671;127617.29450412272;0.6316380228878304;0.262364996026766;106.56872350981013;2685.8124095176668;0.08295539166262868;127617.29450412272;0.0;0.0;128.79795884609933;286.9570379596575;1.1254791958078958;127617.29450412272;0.5850820494017632;0.2263054414955617;158.9614381315837;349.4113813582906;1.1254791958078958;127617.29450412272;0.5850820494017632;0.2263054414955617;155.06698654689927;356.41927602423925;1.0300000000000007;127617.29450412272;0.6393181305265356;0.2688319213253659;119.02267187492828;288.1755243903075;1.0300000000000007;127617.29450412272;0.6393181305265356;0.2688319213253659;118.99001553197525;288.11442983721156;1.0300000000000007;20925.960635256826;0.6393181305265356;0.2688319213253659;108.40846062095403;2702.272803356695;0.0954791958078951;20925.960635256826;0.0;0.0;61.039570534170196;255.53215276858072;0.0954791958078951;20925.960635256826;0.0;0.0;61.044163982293014;255.64073090552742;0.0954791958078951;127617.29450412272;0.0;0.0;"Zustand 3: Temperatur 432.111 K liegt außerhalb des Boryta-Prüfbereichs; Kristallisation wurde nicht bewertet.";"Zustand 4: Temperatur 428.217 K liegt außerhalb des Boryta-Prüfbereichs; Kristallisation wurde nicht bewertet.";"Zustand 5: Temperatur 392.173 K liegt außerhalb des Boryta-Prüfbereichs; Kristallisation wurde nicht bewertet.";"Zustand 6: Temperatur 392.140 K liegt außerhalb des Boryta-Prüfbereichs; Kristallisation wurde nicht bewertet.";"Zustand 20: Temperatur 444.046 K liegt außerhalb des Boryta-Prüfbereichs; Kristallisation wurde nicht bewertet.";5
parallel;Parallel (T13 = T15);parallel;130.0;130.0;30.0;130.0;4.0;4.0;4.0;130.0;1.0400000000000005;Abwärmetemperatur [°C];hot_temperature_C;130.0;10.0;10.0;25.0;15.0;11.0;nan;nan;2.3016085736543016e-22;`gtol` termination condition is satisfied.;4;1.247013657250106e-09;2.1455109291981253e-11;1;True;;True;0;zulässig;feasible;True;True;True;106.55955048810506;128.78349359303576;155.03036806469527;61.05326869781413;0.13211040696179052;0.26215778564579;0.22645787407266638;0.26860339164949615;230.14403304525126;233.7159260296523;231.6643906519878;232.12167442293256;71.02793089673656;0.49622886579844444;10.88784265575234;18.76459527782606;0.010366209416879412;0.06352779061027716;23.01440330440926;23.37159260296465;9.266575626086212;15.474778294860526;6.457084627005727;108.465044939498;0.015678250018737464;2702.3801033585287;286.978925136979;248.50648097079917;0.01780295676953969;1.1177164250659928;0.5946158647347968;0.23327997262859945;4.3939962779404595e-11;-3.2643754366290523e-10;2.73871592071373e-10;-1.815836370155921e-11;-1.6751755538280122e-10;5.7980287238024175e-12;2.467004378559068e-11;1.1586678283492802e-09;4.39399627794046e-13;-3.2643754366290524e-12;2.73871592071373e-12;-1.7459965097653078e-11;-1.6751755538280121e-12;5.798028723802418e-14;2.467004378559068e-13;1.1586678283492802e-11;148.76459527782606;130.0;116.14447424330217;130.0;116.11712473547055;43.97822524100792;22.053582972384845;24.00273346351503;64.48681969849008;31.053268697814133;11.058650318572859;7.67942930380417;23.44044951189494;55.05926393051726;3.972365398819761;9.809507441200537;4.0;1.0400000000000005;127577.15886596918;20939.13591718396;6.092761390467474;3.972365398819761;deltaT_shex_1_K;shex;True;True;True;True;True;True;True;True;106.55955048810506;2685.7982812522037;0.09551938183553199;127577.15886596918;0.0;0.0;135.0;4.0;148.76459527782606;4.0;130.0;4.0;116.14447424330217;4.0;130.0;4.0;116.11712473547055;4.0;30.0;4.0;43.97822524100792;4.0;106.55955048810506;2685.7982812522037;0.012619104407030794;127577.15886596918;0.0;0.0;108.465044939498;286.978925136979;1.1355193818355325;20939.13591718396;0.5852933285423769;0.22645787407266638;170.8181782502109;384.1737921031612;1.0526191044070312;127577.15886596918;0.6313888051760692;0.26215778564579;106.55955048810506;2685.7982812522037;0.0829002774285012;127577.15886596918;0.0;0.0;128.78349359303576;286.978925136979;1.1355193818355325;127577.15886596918;0.5852933285423769;0.22645787407266638;159.00273346351503;349.52997625327265;1.1355193818355325;127577.15886596918;0.5852933285423769;0.22645787407266638;155.03036806469527;356.24644620501044;1.0400000000000005;127577.15886596918;0.639049921748943;0.26860339164949615;118.97398615183522;287.9503588043445;1.0400000000000005;127577.15886596918;0.639049921748943;0.26860339164949615;118.94134968142714;287.8892743902961;1.0400000000000005;20939.13591718396;0.639049921748943;0.26860339164949615;108.465044939498;2702.3801033585287;0.09551938183553199;20939.13591718396;0.0;0.0;61.05326869781413;255.5894987870804;0.09551938183553199;20939.13591718396;0.0;0.0;61.05786080495329;255.69802345733768;0.09551938183553199;127577.15886596918;0.0;0.0;"Zustand 3: Temperatur 432.153 K liegt außerhalb des Boryta-Prüfbereichs; Kristallisation wurde nicht bewertet.";"Zustand 4: Temperatur 428.180 K liegt außerhalb des Boryta-Prüfbereichs; Kristallisation wurde nicht bewertet.";"Zustand 5: Temperatur 392.124 K liegt außerhalb des Boryta-Prüfbereichs; Kristallisation wurde nicht bewertet.";"Zustand 6: Temperatur 392.091 K liegt außerhalb des Boryta-Prüfbereichs; Kristallisation wurde nicht bewertet.";"Zustand 20: Temperatur 443.968 K liegt außerhalb des Boryta-Prüfbereichs; Kristallisation wurde nicht bewertet.";5
parallel;Parallel (T13 = T15);parallel;130.0;130.0;30.0;130.0;4.0;4.0;4.0;130.0;1.0500000000000007;Abwärmetemperatur [°C];hot_temperature_C;130.0;10.0;10.0;25.0;15.0;11.0;nan;nan;1.6157800956686435e-22;`gtol` termination condition is satisfied.;4;1.055789404523112e-09;1.7976540799990658e-11;1;True;;True;0;zulässig;feasible;True;True;True;106.55033125227851;128.77028619566903;154.99271140912828;61.0670101681867;0.13306080042250182;0.2619533041710694;0.22660689064181488;0.2683784255021632;229.9901952288975;233.81934832971282;231.52208165092173;232.21296893738804;71.76127064309466;0.4959517184157727;10.987887649113578;18.75539445148911;0.010365459890895318;0.06412751044606518;22.999019522791624;23.38193483297074;9.260883266042198;15.480864595824926;6.5237518766710485;108.52080557826952;0.015617913407810022;2702.485816324603;287.0024251312284;248.67908406733312;0.017891253267828144;1.1276685152273216;0.5947891102430398;0.23340855629536664;3.652189661806915e-11;-2.8687452413578285e-10;2.2356516637955792e-10;-1.527777904186678e-11;-1.3321255210030358e-10;5.4285465012071654e-12;1.4154011296341196e-11;9.812595180846984e-10;3.652189661806915e-13;-2.8687452413578286e-12;2.235651663795579e-12;-1.4550265754158827e-11;-1.3321255210030358e-12;5.428546501207165e-14;1.4154011296341197e-13;9.812595180846984e-12;148.7553944514891;130.0;116.15298554719368;130.0;116.11166453723757;43.984410785269915;21.985896953657914;24.042797574594204;64.5363947929996;31.067010168186698;11.10629072044037;7.632179968924163;23.44966874772149;55.04006361119093;4.0500861654659275;9.84396033623733;4.0;1.0500000000000007;127536.83150653345;20952.359943795447;6.086991243404087;4.0500861654659275;deltaT_shex_1_K;shex;True;True;True;True;True;True;True;True;106.55033125227851;2685.7840812998384;0.09555976849514902;127536.83150653345;0.0;0.0;135.0;4.0;148.7553944514891;4.0;130.0;4.0;116.15298554719368;4.0;130.0;4.0;116.11166453723757;4.0;30.0;4.0;43.984410785269915;4.0;106.55033125227851;2685.7840812998384;0.0127152592841535;127536.83150653345;0.0;0.0;108.52080557826952;287.0024251312258;1.1455597684951497;20952.359943795447;0.5854997454233557;0.22660689064181488;170.74129140514702;383.9480330559101;1.0627152592841542;127536.83150653345;0.6311426762501058;0.2619533041710694;106.55033125227851;2685.7840812998384;0.08284450921099552;127536.83150653345;0.0;0.0;128.77028619566903;287.0024251312258;1.1455597684951497;127536.83150653345;0.5854997454233557;0.22660689064181488;159.0427975745942;349.6453990001169;1.1455597684951497;127536.83150653345;0.5854997454233557;0.22660689064181488;154.99271140912828;356.0733262151394;1.0500000000000007;127536.83150653345;0.6387856693534743;0.2683784255021632;118.9263258594317;287.72925893603644;1.0500000000000007;127536.83150653345;0.6387856693534743;0.2683784255021632;118.89370927955963;287.668185116564;1.0500000000000007;20952.359943795447;0.6387856693534743;0.2683784255021632;108.52080557826952;2702.485816324603;0.09555976849514902;20952.359943795447;0.0;0.0;61.0670101681867;255.6470261952365;0.09555976849514902;20952.359943795447;0.0;0.0;61.07160092604664;255.75549715591512;0.09555976849514902;127536.83150653345;0.0;0.0;"Zustand 3: Temperatur 432.193 K liegt außerhalb des Boryta-Prüfbereichs; Kristallisation wurde nicht bewertet.";"Zustand 4: Temperatur 428.143 K liegt außerhalb des Boryta-Prüfbereichs; Kristallisation wurde nicht bewertet.";"Zustand 5: Temperatur 392.076 K liegt außerhalb des Boryta-Prüfbereichs; Kristallisation wurde nicht bewertet.";"Zustand 6: Temperatur 392.044 K liegt außerhalb des Boryta-Prüfbereichs; Kristallisation wurde nicht bewertet.";"Zustand 20: Temperatur 443.891 K liegt außerhalb des Boryta-Prüfbereichs; Kristallisation wurde nicht bewertet.";5
parallel;Parallel (T13 = T15);parallel;130.0;130.0;30.0;130.0;4.0;4.0;4.0;130.0;1.0600000000000005;Abwärmetemperatur [°C];hot_temperature_C;130.0;10.0;10.0;25.0;15.0;11.0;nan;nan;1.1349933142501276e-22;`gtol` termination condition is satisfied.;4;9.08506144230145e-10;1.5066474798373556e-11;1;True;;True;0;zulässig;feasible;True;True;True;106.54106385277441;128.7583023788203;154.95405728197625;61.0807981967485;0.13401895801145722;0.26175148580126245;0.22675258013929242;0.26815692776541095;229.834363153629;233.92312104024177;231.37765255435727;232.30474039805398;72.49108547651579;0.49567196565347565;11.087823843356441;18.7460743512936;0.010364704385151488;0.06472653710473505;22.983436315278695;23.392312104023148;9.255106102178738;15.486982693202938;6.59009867970669;108.57576909482947;0.015559356856862768;2702.589992928928;287.02748319102596;248.84884909982227;0.01798039845386179;1.1376199659616617;0.5949586051610088;0.23353442092175125;3.0453861654677894e-11;-2.5779911538847955e-10;1.9031176634598523e-10;-1.2741030452900759e-11;-1.1118572729174048e-10;1.028865881380625e-11;9.919176591210999e-12;8.420499852945795e-10;3.0453861654677894e-13;-2.5779911538847954e-12;1.903117663459852e-12;-1.2019840049906371e-11;-1.1118572729174047e-12;1.0288658813806251e-13;9.919176591210999e-14;8.420499852945795e-12;148.7460743512936;130.0;116.16162365105521;130.0;116.10617581351352;43.9906172870958;21.919120874487078;24.0816593845081;64.58515180773367;31.080798196748503;11.152927279293579;7.5858545562257405;23.458936147225586;55.02078821675144;4.127602102531853;9.878632991781672;4.0;1.0600000000000005;127496.3040572434;20965.635916885825;6.081203764230078;4.127602102531853;deltaT_shex_1_K;shex;True;True;True;True;True;True;True;True;106.54106385277441;2685.769806649999;0.095600364415523;127496.3040572434;0.0;0.0;135.0;4.0;148.7460743512936;4.0;130.0;4.0;116.16162365105521;4.0;130.0;4.0;116.10617581351352;4.0;30.0;4.0;43.9906172870958;4.0;106.54106385277441;2685.769806649999;0.012812261224483985;127496.3040572434;0.0;0.0;108.57576909482947;287.0274831910262;1.1556003644155235;20965.635916885825;0.5857014319082474;0.22675258013929242;170.66519522578068;383.7248508258032;1.0728122612244846;127496.3040572434;0.6308995642835764;0.26175148580126245;106.54106385277441;2685.769806649999;0.08278810319103902;127496.3040572434;0.0;0.0;128.7583023788203;287.0274831910262;1.1556003644155235;127496.3040572434;0.5857014319082474;0.22675258013929242;159.0816593845081;349.75772083090453;1.1556003644155235;127496.3040572434;0.5857014319082474;0.22675258013929242;154.95405728197625;355.8999439160532;1.0600000000000005;127496.3040572434;0.6385252718413814;0.26815692776541095;118.87966938703863;287.5121274288029;1.0600000000000005;127496.3040572434;0.6385252718413814;0.26815692776541095;118.84707272070642;287.45106465794936;1.0600000000000005;20965.635916885825;0.6385252718413814;0.26815692776541095;108.57576909482947;2702.589992928928;0.095600364415523;20965.635916885825;0.0;0.0;61.0807981967485;255.70474860596025;0.095600364415523;20965.635916885825;0.0;0.0;61.085387596762075;255.81316560257443;0.095600364415523;127496.3040572434;0.0;0.0;"Zustand 3: Temperatur 432.232 K liegt außerhalb des Boryta-Prüfbereichs; Kristallisation wurde nicht bewertet.";"Zustand 4: Temperatur 428.104 K liegt außerhalb des Boryta-Prüfbereichs; Kristallisation wurde nicht bewertet.";"Zustand 5: Temperatur 392.030 K liegt außerhalb des Boryta-Prüfbereichs; Kristallisation wurde nicht bewertet.";"Zustand 6: Temperatur 391.997 K liegt außerhalb des Boryta-Prüfbereichs; Kristallisation wurde nicht bewertet.";"Zustand 20: Temperatur 443.815 K liegt außerhalb des Boryta-Prüfbereichs; Kristallisation wurde nicht bewertet.";5
parallel;Parallel (T13 = T15);parallel;130.0;130.0;30.0;130.0;4.0;4.0;4.0;130.0;1.0700000000000007;Abwärmetemperatur [°C];hot_temperature_C;130.0;10.0;10.0;25.0;15.0;11.0;nan;nan;7.63842413740935e-23;`gtol` termination condition is satisfied.;4;7.464654601263244e-10;1.2359954803646614e-11;1;True;;True;0;zulässig;feasible;True;True;True;106.53174648887574;128.74750880397744;154.91444476306674;61.09463581027944;0.13498477311251336;0.26155226677559335;0.2268950284545873;0.2679388065183819;229.6765885279467;234.0272669416478;231.2311600314374;232.39700663671908;73.2173779643438;0.49538963557479143;11.18764978776417;18.736638069853257;0.010363942673605842;0.06532485879326234;22.9676588527258;23.402726694165;9.249246401261061;15.493133775781917;6.656125269506259;108.62996097193036;0.015502526625953564;2702.6926818044535;287.0540463461868;249.01585602302498;0.018070383391666445;1.1475707941834716;0.5951244477423986;0.2336576353258212;2.8990143619012088e-11;-2.2505730612465413e-10;1.525677362224087e-10;-1.0541456596513399e-11;-8.913048077374697e-11;-2.1884716261411086e-12;-9.663381206337363e-12;6.886864412081195e-10;2.8990143619012086e-13;-2.2505730612465414e-12;1.5256773622240871e-12;-9.85182859487233e-12;-8.913048077374697e-13;-2.1884716261411086e-14;-9.663381206337362e-14;6.886864412081195e-12;148.73663806985326;130.0;116.17038516558387;130.0;116.10065749780387;43.99684610895025;21.85322939704315;24.11934689859254;64.63311486298011;31.094635810279442;11.198581035330278;7.540424193653507;23.46825351112426;55.001433654199275;4.204902135525799;9.913513114213401;4.0;1.0700000000000007;127455.56880986819;20978.966828782897;6.075397794852349;4.204902135525799;deltaT_shex_1_K;shex;True;True;True;True;True;True;True;True;106.53174648887574;2685.7554545209177;0.09564117757513735;127455.56880986819;0.0;0.0;135.0;4.0;148.73663806985326;4.0;130.0;4.0;116.17038516558387;4.0;130.0;4.0;116.10065749780387;4.0;30.0;4.0;43.99684610895025;4.0;106.53174648887574;2685.7554545209177;0.012910102655193515;127455.56880986819;0.0;0.0;108.62996097193036;287.0540463461867;1.165641177575138;20978.966828782897;0.5858985151455162;0.2268950284545873;170.5898674668964;383.5041767178266;1.0829101026551942;127455.56880986819;0.6306593995842893;0.26155226677559335;106.53174648887574;2685.7554545209177;0.08273107491994383;127455.56880986819;0.0;0.0;128.74750880397744;287.0540463461867;1.165641177575138;127455.56880986819;0.5858985151455162;0.2268950284545873;159.11934689859254;349.86701089558306;1.165641177575138;127455.56880986819;0.5858985151455162;0.2268950284545873;154.91444476306674;355.72632593807356;1.0700000000000007;127455.56880986819;0.6382686309661157;0.2679388065183819;118.83399568976404;287.2988698966579;1.0700000000000007;127455.56880986819;0.6382686309661157;0.2679388065183819;118.80141896466972;287.23781862675764;1.0700000000000007;20978.966828782897;0.6382686309661157;0.2679388065183819;108.62996097193036;2702.6926818044535;0.09564117757513735;20978.966828782897;0.0;0.0;61.09463581027944;255.76267869160003;0.09564117757513735;20978.966828782897;0.0;0.0;61.09922384360459;255.87104145893906;0.09564117757513735;127455.56880986819;0.0;0.0;"Zustand 3: Temperatur 432.269 K liegt außerhalb des Boryta-Prüfbereichs; Kristallisation wurde nicht bewertet.";"Zustand 4: Temperatur 428.064 K liegt außerhalb des Boryta-Prüfbereichs; Kristallisation wurde nicht bewertet.";"Zustand 5: Temperatur 391.984 K liegt außerhalb des Boryta-Prüfbereichs; Kristallisation wurde nicht bewertet.";"Zustand 6: Temperatur 391.951 K liegt außerhalb des Boryta-Prüfbereichs; Kristallisation wurde nicht bewertet.";"Zustand 20: Temperatur 443.740 K liegt außerhalb des Boryta-Prüfbereichs; Kristallisation wurde nicht bewertet.";5
parallel;Parallel (T13 = T15);parallel;130.0;130.0;30.0;130.0;4.0;4.0;4.0;130.0;1.0800000000000005;Abwärmetemperatur [°C];hot_temperature_C;130.0;10.0;10.0;25.0;15.0;11.0;nan;nan;5.12003829710074e-23;`gtol` termination condition is satisfied.;4;6.169634015214961e-10;1.0119326358113707e-11;1;True;;True;0;zulässig;feasible;True;True;True;106.52237749954492;128.73787304524262;154.87391138321635;61.108525824334606;0.13595813959251946;0.2613555852988153;0.22703431855888867;0.26772397290973016;229.51692103594308;234.13180722463684;231.08265852005133;232.48978410200888;73.94015115191725;0.495104755877525;11.28736407427815;18.727088578704752;0.010363174538591272;0.06592246400754613;22.95169210353784;23.413180722464187;9.243306340805132;15.499318940135291;6.721831922919743;108.68340566945704;0.01544737086496922;2702.7939296413892;287.08206334685855;249.18018182495092;0.018161199199738354;1.157521016142383;0.5952867327073649;0.23377826592830192;2.6474822334421333e-11;-1.99932514988177e-10;1.2107648217352107e-10;-8.663181283452559e-12;-7.696598913753405e-11;-5.030642569181509e-12;-2.049205249932129e-11;5.646825229632668e-10;2.647482233442133e-13;-1.99932514988177e-12;1.2107648217352108e-12;-8.021464151344959e-12;-7.696598913753405e-13;-5.0306425691815094e-14;-2.049205249932129e-13;5.646825229632668e-12;148.72708857870475;130.0;116.17926683492516;130.0;116.09510860633918;44.00309851821993;21.788198086484954;24.15588724385327;64.68030715123712;31.108525824334606;11.243272479413065;7.4958611654681135;23.477622500455084;54.98199612446177;4.281975860636919;9.948588772891299;4.0;1.0800000000000005;127414.61867574023;20992.35547480056;6.069572270186167;4.281975860636919;deltaT_shex_1_K;shex;True;True;True;True;True;True;True;True;106.52237749954492;2685.7410223455536;0.09568221534212085;127414.61867574023;0.0;0.0;135.0;4.0;148.72708857870475;4.0;130.0;4.0;116.17926683492516;4.0;130.0;4.0;116.09510860633918;4.0;30.0;4.0;44.00309851821993;4.0;106.52237749954492;2685.7410223455536;0.013008775990005573;127414.61867574023;0.0;0.0;108.68340566945704;287.082063346858;1.1756822153421214;20992.35547480056;0.5860911177762383;0.22703431855888867;170.5152866651897;383.28594434434603;1.093008775990006;127414.61867574023;0.6304221145196658;0.2613555852988153;106.52237749954492;2685.7410223455536;0.08267343935211527;127414.61867574023;0.0;0.0;128.73787304524262;287.082063346858;1.1756822153421214;127414.61867574023;0.5860911177762383;0.22703431855888867;159.15588724385327;349.9733363346022;1.1756822153421214;127414.61867574023;0.5860911177762383;0.22703431855888867;154.87391138321635;355.55249773633915;1.0800000000000005;127414.61867574023;0.6380156516106553;0.26772397290973016;118.78928427235132;287.0893948179218;1.0800000000000005;127414.61867574023;0.6380156516106553;0.26772397290973016;118.75672752058694;287.0283554993963;1.0800000000000005;20992.35547480056;0.6380156516106553;0.26772397290973016;108.68340566945704;2702.7939296413892;0.09568221534212085;20992.35547480056;0.0;0.0;61.108525824334606;255.82082824029456;0.09568221534212085;20992.35547480056;0.0;0.0;61.11311248187741;255.9291365032412;0.09568221534212085;127414.61867574023;0.0;0.0;"Zustand 3: Temperatur 432.306 K liegt außerhalb des Boryta-Prüfbereichs; Kristallisation wurde nicht bewertet.";"Zustand 4: Temperatur 428.024 K liegt außerhalb des Boryta-Prüfbereichs; Kristallisation wurde nicht bewertet.";"Zustand 5: Temperatur 391.939 K liegt außerhalb des Boryta-Prüfbereichs; Kristallisation wurde nicht bewertet.";"Zustand 6: Temperatur 391.907 K liegt außerhalb des Boryta-Prüfbereichs; Kristallisation wurde nicht bewertet.";"Zustand 20: Temperatur 443.665 K liegt außerhalb des Boryta-Prüfbereichs; Kristallisation wurde nicht bewertet.";5
parallel;Parallel (T13 = T15);parallel;130.0;130.0;30.0;130.0;4.0;4.0;4.0;130.0;1.0900000000000007;Abwärmetemperatur [°C];hot_temperature_C;130.0;10.0;10.0;25.0;15.0;11.0;nan;nan;3.399840355572185e-23;`gtol` termination condition is satisfied.;4;5.152193842000292e-10;8.246017651657296e-12;1;True;;True;0;zulässig;feasible;True;True;True;106.51295535486895;128.72936356540293;154.8324931937159;61.12247085583016;0.13693895184220828;0.2611613814694124;0.22717053062727305;0.26751234103587856;229.3554084412175;234.23676158486873;230.9322003407641;232.5830879440502;74.65940853035544;0.494817353899849;11.386965336273013;18.71742873452257;0.01036239977037006;0.06651934152332402;22.935540844075238;23.4236761584883;9.237288013633274;15.505539196272345;6.787218957320872;108.73612667344622;0.01539383953580028;2702.8937812800214;287.11148460444286;249.34190066143938;0.018252837054400395;1.1674706474571253;0.595445551401688;0.23389637685740344;2.1714186004828662e-11;-1.7415402453480056e-10;1.106741365219932e-10;-7.0181638278654646e-12;-6.772893357265275e-11;-1.4239276424632408e-11;-3.498712430882733e-11;4.651212748285616e-10;2.171418600482866e-13;-1.7415402453480055e-12;1.106741365219932e-12;-6.438682410885743e-12;-6.772893357265274e-13;-1.4239276424632407e-13;-3.4987124308827335e-13;4.651212748285616e-12;148.71742873452257;130.0;116.1882655298586;130.0;116.08952823301138;44.009375692874926;21.724003372153845;24.19130670335744;64.7267509805713;31.12247085583016;11.287021568825025;7.452138856412375;23.48704464513105;54.96247210473217;4.35881350964155;9.983848391997014;4.0;1.0900000000000007;127373.44714767352;21005.80446489104;6.063726212464971;4.35881350964155;deltaT_shex_1_K;shex;True;True;True;True;True;True;True;True;106.51295535486895;2685.7265077584407;0.0957234845115249;127373.44714767352;0.0;0.0;135.0;4.0;148.71742873452257;4.0;130.0;4.0;116.1882655298586;4.0;130.0;4.0;116.08952823301138;4.0;30.0;4.0;44.009375692874926;4.0;106.51295535486895;2685.7265077584407;0.013108273635692079;127373.44714767352;0.0;0.0;108.73612667344622;287.1114846044424;1.1857234845115256;21005.80446489104;0.5862793581311042;0.22717053062727305;170.44143210667642;383.0700895333839;1.1031082736356927;127373.44714767352;0.6301876434452287;0.2611613814694124;106.51295535486895;2685.7265077584407;0.08261521087583282;127373.44714767352;0.0;0.0;128.72936356540293;287.1114846044424;1.1857234845115256;127373.44714767352;0.5862793581311042;0.22717053062727305;159.19130670335744;350.07676234886725;1.1857234845115256;127373.44714767352;0.5862793581311042;0.22717053062727305;154.8324931937159;355.37848364442425;1.0900000000000007;127373.44714767352;0.6377662416700854;0.26751234103587856;118.74551517340592;286.88361343310896;1.0900000000000007;127373.44714767352;0.6377662416700854;0.26751234103587856;118.71297843117497;286.8225865142802;1.0900000000000007;21005.80446489104;0.6377662416700854;0.26751234103587856;108.73612667344622;2702.8937812800214;0.0957234845115249;21005.80446489104;0.0;0.0;61.12247085583016;255.87920820869627;0.0957234845115249;21005.80446489104;0.0;0.0;61.12705612827921;255.9874616829952;0.0957234845115249;127373.44714767352;0.0;0.0;"Zustand 3: Temperatur 432.341 K liegt außerhalb des Boryta-Prüfbereichs; Kristallisation wurde nicht bewertet.";"Zustand 4: Temperatur 427.982 K liegt außerhalb des Boryta-Prüfbereichs; Kristallisation wurde nicht bewertet.";"Zustand 5: Temperatur 391.896 K liegt außerhalb des Boryta-Prüfbereichs; Kristallisation wurde nicht bewertet.";"Zustand 6: Temperatur 391.863 K liegt außerhalb des Boryta-Prüfbereichs; Kristallisation wurde nicht bewertet.";"Zustand 20: Temperatur 443.591 K liegt außerhalb des Boryta-Prüfbereichs; Kristallisation wurde nicht bewertet.";5
