config_case_key;config_case_label;config_routing_mode;input_fixed_T13_C;input_fixed_T15_C;input_fixed_T17_C;input_fixed_hot_C;input_fixed_m13_kg_s;input_fixed_m15_kg_s;input_fixed_m17_kg_s;input_hot_variation_C;input_m6_kg_s;input_outer_variation_label;input_outer_variation_mode;input_outer_variation_value;input_scaled_UA_abs;input_scaled_UA_cond;input_scaled_UA_des;input_scaled_UA_evap;input_scaled_UA_shex;input_ua_scale_factor;input_ua_scale_percent;solve_cost;solve_message;solve_nfev;solve_raw_residual_norm;solve_scaled_residual_norm;solve_status;solve_success;status_final_evaluation_error;status_final_point_evaluable;failure_code;failure_label;failure_reason;feasible_margin;feasible_numeric;feasible_physical;primary_T10_C;primary_T2_C;primary_T4_C;primary_T8_C;primary_beta;primary_x20;primary_x3;primary_x6;heat_Q_abs_kW;heat_Q_cond_kW;heat_Q_des_kW;heat_Q_evap_kW;heat_Q_shex_kW;kpi_COP;kpi_FR;kpi_GTL_K;pump_W_ref_pump_kW;pump_W_sol_pump_kW;lmtd_LMTD_abs_K;lmtd_LMTD_cond_K;lmtd_LMTD_des_K;lmtd_LMTD_evap_K;lmtd_LMTD_shex_K;flash_T1_C;flash_flash_fraction;flash_h1_flash_kJ_kg;flash_h1_mix_kJ_kg;flash_h1_sol_kJ_kg;flash_m1_flash_kg_s;flash_m1_sol_kg_s;flash_w1_LiBr;flash_x1_LiBr_mol;residual_raw_R1_SHEX_energy;residual_raw_R2_SHEX_UA;residual_raw_R3_preabs_energy;residual_raw_R4_preabs_LiBr;residual_raw_R5_desorber_UA;residual_raw_R6_condenser_UA;residual_raw_R7_evaporator_UA;residual_raw_R8_absorber_UA;residual_scaled_R1_SHEX_energy;residual_scaled_R2_SHEX_UA;residual_scaled_R3_preabs_energy;residual_scaled_R4_preabs_LiBr;residual_scaled_R5_desorber_UA;residual_scaled_R6_condenser_UA;residual_scaled_R7_evaporator_UA;residual_scaled_R8_absorber_UA;diagnostic_T12_C;diagnostic_T13_C;diagnostic_T14_C;diagnostic_T15_C;diagnostic_T16_C;diagnostic_T18_C;diagnostic_deltaT_abs_1_K;diagnostic_deltaT_abs_2_K;diagnostic_deltaT_cond_1_K;diagnostic_deltaT_cond_2_K;diagnostic_deltaT_des_1_K;diagnostic_deltaT_des_2_K;diagnostic_deltaT_evap_1_K;diagnostic_deltaT_evap_2_K;diagnostic_deltaT_shex_1_K;diagnostic_deltaT_shex_2_K;diagnostic_m11_kg_s;diagnostic_m6_kg_s;diagnostic_p_high_Pa;diagnostic_p_low_Pa;diagnostic_pressure_ratio_high_over_low;pinch_deltaT_min_global_K;pinch_limiting_key;pinch_limiting_unit;check_beta_in_0_1;check_crystallization_safe_all_checked_states;check_desorber_evaporator_temperature_coupling_ok;check_m21_nonnegative;check_m7_positive;check_p_high_gt_p_low;check_w6_gt_w20_gt_w3;check_w6_gt_w3;state_10_T_C;state_10_h_kJ_kg;state_10_m_kg_s;state_10_p_Pa;state_10_w_LiBr;state_10_x_LiBr_mol;state_11_T_C;state_11_m_kg_s;state_12_T_C;state_12_m_kg_s;state_13_T_C;state_13_m_kg_s;state_14_T_C;state_14_m_kg_s;state_15_T_C;state_15_m_kg_s;state_16_T_C;state_16_m_kg_s;state_17_T_C;state_17_m_kg_s;state_18_T_C;state_18_m_kg_s;state_19_T_C;state_19_h_kJ_kg;state_19_m_kg_s;state_19_p_Pa;state_19_w_LiBr;state_19_x_LiBr_mol;state_1_T_C;state_1_h_kJ_kg;state_1_m_kg_s;state_1_p_Pa;state_1_w_LiBr;state_1_x_LiBr_mol;state_20_T_C;state_20_h_kJ_kg;state_20_m_kg_s;state_20_p_Pa;state_20_w_LiBr;state_20_x_LiBr_mol;state_21_T_C;state_21_h_kJ_kg;state_21_m_kg_s;state_21_p_Pa;state_21_w_LiBr;state_21_x_LiBr_mol;state_2_T_C;state_2_h_kJ_kg;state_2_m_kg_s;state_2_p_Pa;state_2_w_LiBr;state_2_x_LiBr_mol;state_3_T_C;state_3_h_kJ_kg;state_3_m_kg_s;state_3_p_Pa;state_3_w_LiBr;state_3_x_LiBr_mol;state_4_T_C;state_4_h_kJ_kg;state_4_m_kg_s;state_4_p_Pa;state_4_w_LiBr;state_4_x_LiBr_mol;state_5_T_C;state_5_h_kJ_kg;state_5_m_kg_s;state_5_p_Pa;state_5_w_LiBr;state_5_x_LiBr_mol;state_6_T_C;state_6_h_kJ_kg;state_6_m_kg_s;state_6_p_Pa;state_6_w_LiBr;state_6_x_LiBr_mol;state_7_T_C;state_7_h_kJ_kg;state_7_m_kg_s;state_7_p_Pa;state_7_w_LiBr;state_7_x_LiBr_mol;state_8_T_C;state_8_h_kJ_kg;state_8_m_kg_s;state_8_p_Pa;state_8_w_LiBr;state_8_x_LiBr_mol;state_9_T_C;state_9_h_kJ_kg;state_9_m_kg_s;state_9_p_Pa;state_9_w_LiBr;state_9_x_LiBr_mol;validity_message_1;validity_message_2;validity_message_3;validity_message_4;validity_message_5;validity_message_count
series_evaporator_to_desorber;Serie Verdampfer → Desorber;series_evaporator_to_desorber;nan;100.0;30.0;100.0;8.0;8.0;4.0;100.0;0.4;Abwärmetemperatur [°C];hot_temperature_C;100.0;10.0;10.0;25.0;15.0;11.0;nan;nan;1.3547120334017434e-24;`gtol` termination condition is satisfied.;5;1.5464654015293334e-10;1.6460328267697113e-12;1;True;;True;0;zulässig;feasible;True;True;True;92.29935824650329;104.20213145732401;140.85860465693213;42.353155631566835;0.10245303103659295;0.26088428725657364;0.22370921266226526;0.265928583998713;94.12742416217799;92.97343979840751;94.00439944577771;93.07832284017373;33.69465656746738;0.5031326410693687;10.682721166350031;40.62963063170923;0.0025752368315079053;0.015566437803028908;9.412742416217442;9.29734397984078;3.760175977831802;6.205221522678288;3.063150597056455;85.6674499735492;0.013997987900825957;2660.392887134824;235.58313545093753;201.15880654555002;0.006123330825124063;0.4313203123975389;0.5897180369210485;0.229672212823302;4.689582056016661e-13;-1.5362644489869126e-10;4.263256414560601e-13;-5.638267630558857e-13;-1.7337242752546445e-11;-2.984279490192421e-13;-5.968558980384842e-13;3.566924533515703e-12;4.6895820560166614e-15;-1.5362644489869127e-12;4.263256414560601e-15;-5.638267630558857e-13;-1.7337242752546444e-13;-2.9842794901924207e-15;-5.968558980384841e-15;3.5669245335157026e-14;140.62963063170923;97.21655733133451;94.40542098427176;100.0;97.21655733133451;35.56061242813445;12.956110666179484;6.583094197855303;50.10683754541475;12.353155631566835;1.166627425534557;8.73797101072256;7.700641753496711;54.86130810557711;0.7244895409231731;8.131162881664864;4.0;0.4;76538.03695128617;8363.130493638562;9.151840570884913;0.7244895409231731;deltaT_shex_1_K;shex;True;True;True;True;True;True;True;True;92.29935824650329;2663.2627542030123;0.037443643222662915;76538.03695128617;0.0;0.0;135.0;4.0;140.62963063170923;4.0;97.21655733133451;8.0;94.40542098427176;8.0;100.0;8.0;97.21655733133451;8.0;30.0;4.0;35.56061242813445;4.0;92.29935824650329;2663.2627542030123;0.0038362147412145968;76538.03695128617;0.0;0.0;85.6674499735492;235.58313545093537;0.43744364322266294;8363.130493638562;0.5814631709753288;0.22370921266226526;153.58574129788872;350.07017222199954;0.4038362147412146;76538.03695128617;0.6298527933528957;0.26088428725657364;92.29935824650329;2663.2627542030123;0.03360742848144832;76538.03695128617;0.0;0.0;104.20213145732401;235.58313545093537;0.43744364322266294;76538.03695128617;0.5814631709753288;0.22370921266226526;141.5830941978553;312.6094154975207;0.43744364322266294;76538.03695128617;0.5814631709753288;0.22370921266226526;140.85860465693213;327.8854135163411;0.4;76538.03695128617;0.6358934197781251;0.265928583998713;96.07096857565915;243.6487720976738;0.4;76538.03695128617;0.6358934197781251;0.265928583998713;96.04992990579996;243.60985600316621;0.4;8363.130493638562;0.6358934197781251;0.265928583998713;85.6674499735492;2660.392887134824;0.037443643222662915;8363.130493638562;0.0;0.0;42.353155631566835;177.36955402777804;0.037443643222662915;8363.130493638562;0.0;0.0;42.355249225757404;177.43833037029881;0.037443643222662915;76538.03695128617;0.0;0.0;"Zustand 3: Temperatur 414.733 K liegt außerhalb des Boryta-Prüfbereichs; Kristallisation wurde nicht bewertet.";"Zustand 4: Temperatur 414.009 K liegt außerhalb des Boryta-Prüfbereichs; Kristallisation wurde nicht bewertet.";Zustand 5: Kristallisationsprüfung bestanden (w_LiBr=0.6359 <= w_crit=0.6929, T=369.22 K >= T_crit=308.85 K).;Zustand 6: Kristallisationsprüfung bestanden (w_LiBr=0.6359 <= w_crit=0.6929, T=369.20 K >= T_crit=308.85 K).;"Zustand 20: Temperatur 426.736 K liegt außerhalb des Boryta-Prüfbereichs; Kristallisation wurde nicht bewertet.";5
series_evaporator_to_desorber;Serie Verdampfer → Desorber;series_evaporator_to_desorber;nan;100.0;30.0;100.0;8.0;8.0;4.0;100.0;0.41000000000000003;Abwärmetemperatur [°C];hot_temperature_C;100.0;10.0;10.0;25.0;15.0;11.0;nan;nan;4.960777582456717e-25;`gtol` termination condition is satisfied.;5;9.55453609638343e-11;9.960700359369031e-13;1;True;;True;0;zulässig;feasible;True;True;True;92.27616100914162;104.09875343210734;140.90765025961696;42.392039512940585;0.1033323549995081;0.26056181284639685;0.22416142577540002;0.26553076478365983;94.33962935498832;93.2660911914484;94.22848538989378;93.35870985430415;34.65121916869564;0.5029108155926024;10.916025061408392;40.64232232984381;0.0025800788958714794;0.015945223343100556;9.433962935498702;9.326609119144923;3.7691394155962943;6.223913990286986;3.150110833526382;85.82533729112578;0.013780519136220278;2660.690609917458;235.56515894342436;201.6786982383366;0.006167601694727631;0.4413918576958046;0.5902299667915735;0.23004683943601345;2.4158453015843406e-13;-9.455902727495413e-11;5.684341886080802e-14;-2.815525590449397e-13;-1.3585577107733116e-11;-8.242295734817162e-13;-6.394884621840902e-13;1.3073986337985843e-12;2.415845301584341e-15;-9.455902727495414e-13;5.684341886080802e-16;-2.815525590449397e-13;-1.3585577107733116e-13;-8.242295734817162e-15;-6.394884621840902e-15;1.3073986337985844e-14;140.6423223298438;97.20817255220385;94.39033507044866;100.0;97.20817255220385;35.57811550188086;12.815235345226881;6.707233594390573;50.24722178924492;12.392039512940585;1.2202036890249701;8.56499777932288;7.723838990858383;54.81404022126446;0.7995833347736152;8.089776571927814;4.0;0.41000000000000003;76471.5979629842;8380.189222217106;9.125282966194465;0.7995833347736152;deltaT_shex_1_K;shex;True;True;True;True;True;True;True;True;92.27616100914162;2663.225224187642;0.03755945939053218;76471.5979629842;0.0;0.0;135.0;4.0;140.6423223298438;4.0;97.20817255220385;8.0;94.39033507044866;8.0;100.0;8.0;97.20817255220385;8.0;30.0;4.0;35.57811550188086;4.0;92.27616100914162;2663.225224187642;0.0038811073913320795;76471.5979629842;0.0;0.0;85.82533729112578;235.5651589434223;0.4475594593905322;8380.189222217106;0.5820962914394315;0.22416142577540002;153.4575576750707;349.68309636193305;0.4138811073913321;76471.5979629842;0.6294626569263001;0.26056181284639685;92.27616100914162;2663.225224187642;0.0336783519992001;76471.5979629842;0.0;0.0;104.09875343210734;235.5651589434223;0.4475594593905322;76471.5979629842;0.5820962914394315;0.22416142577540002;141.70723359439057;312.98776378766405;0.4475594593905322;76471.5979629842;0.5820962914394315;0.22416142577540002;140.90765025961696;327.7828391608051;0.41000000000000003;76471.5979629842;0.6354212231947943;0.26553076478365983;96.00897686017953;243.26767045667;0.41000000000000003;76471.5979629842;0.6354212231947943;0.26553076478365983;95.98796886317888;243.2287796680283;0.41000000000000003;8380.189222217106;0.6354212231947943;0.26553076478365983;85.82533729112578;2660.690609917458;0.03755945939053218;8380.189222217106;0.0;0.0;42.392039512940585;177.53210058708976;0.03755945939053218;8380.189222217106;0.0;0.0;42.394132330939385;177.60079377218182;0.03755945939053218;76471.5979629842;0.0;0.0;"Zustand 3: Temperatur 414.857 K liegt außerhalb des Boryta-Prüfbereichs; Kristallisation wurde nicht bewertet.";"Zustand 4: Temperatur 414.058 K liegt außerhalb des Boryta-Prüfbereichs; Kristallisation wurde nicht bewertet.";Zustand 5: Kristallisationsprüfung bestanden (w_LiBr=0.6354 <= w_crit=0.6929, T=369.16 K >= T_crit=308.64 K).;Zustand 6: Kristallisationsprüfung bestanden (w_LiBr=0.6354 <= w_crit=0.6929, T=369.14 K >= T_crit=308.64 K).;"Zustand 20: Temperatur 426.608 K liegt außerhalb des Boryta-Prüfbereichs; Kristallisation wurde nicht bewertet.";5
series_evaporator_to_desorber;Serie Verdampfer → Desorber;series_evaporator_to_desorber;nan;100.0;30.0;100.0;8.0;8.0;4.0;100.0;0.42000000000000004;Abwärmetemperatur [°C];hot_temperature_C;100.0;10.0;10.0;25.0;15.0;11.0;nan;nan;1.8906306143771025e-25;`gtol` termination condition is satisfied.;5;5.975553814374299e-11;6.149196068393173e-13;1;True;;True;0;zulässig;feasible;True;True;True;92.25420640284551;104.00183353592058;140.9493727022296;42.428866022004115;0.10424806604089511;0.2602481661936937;0.2245955053856741;0.2651465995136537;94.53110161753301;93.54325820249572;94.43137385506624;93.62407707927943;35.60575259884989;0.5026767432045132;11.149725045940183;40.65377402018737;0.0025846452965170223;0.016324240386599773;9.45311016175323;9.354325820249642;3.777254954203048;6.241605138618697;3.2368865999007994;85.9764506528121;0.013574431275114604;2660.9755918213723;235.55447230763374;202.17768915854123;0.006212597613538151;0.4514564927245173;0.5907216266605023;0.2304071707391422;4.973799150320701e-14;-5.89039927945123e-11;1.7053025658242404e-13;-1.4510614931850796e-13;-9.947598300641403e-12;-6.963318810448982e-13;-1.0231815394945443e-12;7.105427357601002e-13;4.973799150320702e-16;-5.890399279451231e-13;1.7053025658242404e-15;-1.4510614931850796e-13;-9.947598300641403e-14;-6.963318810448982e-15;-1.0231815394945442e-14;7.105427357601002e-15;140.65377402018737;97.20023692944739;94.37633220890115;100.0;97.20023692944739;35.594692476225816;12.679788580895888;6.8266314020503955;50.38175817658629;12.428866022004115;1.2731011840880342;8.399881556089042;7.7457935971544885;54.769278826979985;0.8772586998207998;8.053718892829067;4.0;0.42000000000000004;76408.76220981797;8396.373008620625;9.100210547026492;0.8772586998207998;deltaT_shex_1_K;shex;True;True;True;True;True;True;True;True;92.25420640284551;2663.189702152462;0.03766909033805543;76408.76220981797;0.0;0.0;135.0;4.0;140.65377402018737;4.0;97.20023692944739;8.0;94.37633220890115;8.0;100.0;8.0;97.20023692944739;8.0;30.0;4.0;35.594692476225816;4.0;92.25420640284551;2663.189702152462;0.003926929817262046;76408.76220981797;0.0;0.0;85.9764506528121;235.55447230763158;0.4576690903380555;8396.373008620625;0.5827029165366754;0.2245955053856741;153.33356260108326;349.30803032248195;0.4239269298172621;76408.76220981797;0.6290827380647284;0.2602481661936937;92.25420640284551;2663.189702152462;0.03374216052079339;76408.76220981797;0.0;0.0;104.00183353592058;235.55447230763158;0.4576690903380555;76408.76220981797;0.5827029165366754;0.2245955053856741;141.8266314020504;313.352500076013;0.4576690903380555;76408.76220981797;0.5827029165366754;0.2245955053856741;140.9493727022296;327.67362334456493;0.42000000000000004;76408.76220981797;0.6349645565444573;0.2651465995136537;95.94811464309151;242.89802191873198;0.42000000000000004;76408.76220981797;0.6349645565444573;0.2651465995136537;95.92713574535935;242.85915467971628;0.42000000000000004;8396.373008620625;0.6349645565444573;0.2651465995136537;85.9764506528121;2660.9755918213723;0.03766909033805543;8396.373008620625;0.0;0.0;42.428866022004115;177.68604691847733;0.03766909033805543;8396.373008620625;0.0;0.0;42.4309581024674;177.7546614051379;0.03766909033805543;76408.76220981797;0.0;0.0;"Zustand 3: Temperatur 414.977 K liegt außerhalb des Boryta-Prüfbereichs; Kristallisation wurde nicht bewertet.";"Zustand 4: Temperatur 414.099 K liegt außerhalb des Boryta-Prüfbereichs; Kristallisation wurde nicht bewertet.";Zustand 5: Kristallisationsprüfung bestanden (w_LiBr=0.6350 <= w_crit=0.6928, T=369.10 K >= T_crit=308.45 K).;Zustand 6: Kristallisationsprüfung bestanden (w_LiBr=0.6350 <= w_crit=0.6928, T=369.08 K >= T_crit=308.45 K).;"Zustand 20: Temperatur 426.484 K liegt außerhalb des Boryta-Prüfbereichs; Kristallisation wurde nicht bewertet.";5
series_evaporator_to_desorber;Serie Verdampfer → Desorber;series_evaporator_to_desorber;nan;100.0;30.0;100.0;8.0;8.0;4.0;100.0;0.43000000000000005;Abwärmetemperatur [°C];hot_temperature_C;100.0;10.0;10.0;25.0;15.0;11.0;nan;nan;8.652642399471283e-26;`gtol` termination condition is satisfied.;5;4.088201487095564e-11;4.159962115085012e-13;1;True;;True;0;zulässig;feasible;True;True;True;92.23339036518024;103.91111275415449;140.98417897184476;42.46380544011794;0.10520014855548843;0.2599428964265681;0.22501231812183314;0.2647753476440683;94.70318974500955;93.80622241856237;94.61443740705899;93.87568232674958;36.558066791072896;0.5024305246277749;11.383776766719286;40.66406637230921;0.002588960254888951;0.016703469508440708;9.470318974500888;9.380622241856223;3.7845774962826715;6.258378821783309;3.323460617373911;86.12120273363342;0.01337910158379656;2661.248605613526;235.55067421774876;202.65692638831774;0.006258383190548167;0.4615146695327901;0.5911940380072981;0.2307538928410333;-2.842170943040401e-14;-4.012434828837286e-11;1.1368683772161603e-13;-7.693845560652335e-14;-7.8017592386459e-12;1.4210854715202004e-13;-5.684341886080802e-14;6.821210263296962e-13;-2.842170943040401e-16;-4.0124348288372857e-13;1.1368683772161603e-15;-7.693845560652335e-14;-7.8017592386459e-14;1.4210854715202005e-15;-5.684341886080802e-16;6.8212102632969615e-15;140.6640663723092;97.19271284908046;94.36333374001771;100.0;97.19271284908046;35.610420001110185;12.549428289943592;6.941471098236605;50.51078273252324;12.463805440117937;1.3252670285957606;8.242131006384284;7.766609634819758;54.72681603044356;0.9572921263918488;8.022715689578206;4.0;0.43000000000000005;76349.2248276809;8411.752391133914;9.076494561127818;0.9572921263918488;deltaT_shex_1_K;shex;True;True;True;True;True;True;True;True;92.23339036518024;2663.156020112687;0.037773052723338196;76349.2248276809;0.0;0.0;135.0;4.0;140.6640663723092;4.0;97.19271284908046;8.0;94.36333374001771;8.0;100.0;8.0;97.19271284908046;8.0;30.0;4.0;35.610420001110185;4.0;92.23339036518024;2663.156020112687;0.003973730757889475;76349.2248276809;0.0;0.0;86.12120273363342;235.55067421774638;0.46777305272333825;8411.752391133914;0.5832843929170636;0.22501231812183314;153.2134946622528;348.9442700909226;0.43397373075788953;76349.2248276809;0.6287125273787337;0.2599428964265681;92.23339036518024;2663.156020112687;0.03379932196544872;76349.2248276809;0.0;0.0;103.91111275415449;235.55067421774638;0.46777305272333825;76349.2248276809;0.5832843929170636;0.22501231812183314;141.9414710982366;313.70410049622626;0.46777305272333825;76349.2248276809;0.5832843929170636;0.22501231812183314;140.98417897184476;327.55809704131656;0.43000000000000005;76349.2248276809;0.6345226071644043;0.2647753476440683;95.88839706457628;242.5393370620772;0.43000000000000005;76349.2248276809;0.6345226071644043;0.2647753476440683;95.8674458204847;242.5004917841506;0.43000000000000005;8411.752391133914;0.6345226071644043;0.2647753476440683;86.12120273363342;2661.248605613526;0.037773052723338196;8411.752391133914;0.0;0.0;42.46380544011794;177.83210481786944;0.037773052723338196;8411.752391133914;0.0;0.0;42.46589681863691;177.9006446913568;0.037773052723338196;76349.2248276809;0.0;0.0;"Zustand 3: Temperatur 415.091 K liegt außerhalb des Boryta-Prüfbereichs; Kristallisation wurde nicht bewertet.";"Zustand 4: Temperatur 414.134 K liegt außerhalb des Boryta-Prüfbereichs; Kristallisation wurde nicht bewertet.";Zustand 5: Kristallisationsprüfung bestanden (w_LiBr=0.6345 <= w_crit=0.6928, T=369.04 K >= T_crit=308.26 K).;Zustand 6: Kristallisationsprüfung bestanden (w_LiBr=0.6345 <= w_crit=0.6928, T=369.02 K >= T_crit=308.26 K).;"Zustand 20: Temperatur 426.363 K liegt außerhalb des Boryta-Prüfbereichs; Kristallisation wurde nicht bewertet.";5
series_evaporator_to_desorber;Serie Verdampfer → Desorber;series_evaporator_to_desorber;nan;100.0;30.0;100.0;8.0;8.0;4.0;100.0;0.44000000000000006;Abwärmetemperatur [°C];hot_temperature_C;100.0;10.0;10.0;25.0;15.0;11.0;nan;nan;3.898374709174813e-26;`gtol` termination condition is satisfied.;5;2.7608888913398342e-11;2.792266000643496e-13;1;True;;True;0;zulässig;feasible;True;True;True;92.21361809804023;103.82633432470999;141.0124611974814;42.4970130249107;0.10618848234726273;0.25964558824462886;0.22541268415010018;0.2644163213273304;94.85713581141789;94.05615235368641;94.77894079843325;94.11467142961263;37.507994926482866;0.5021722793722615;11.618137977740002;40.673273672931714;0.00259304566368032;0.01708289139478208;9.485713581141798;9.405615235368685;3.791157631937608;6.274311428640882;3.4098177205917795;86.25997618340728;0.013193942139637347;2661.510368056134;235.55337430818523;203.1174807971948;0.006305013108915125;0.4715668042892796;0.5916481598780147;0.23108765241087012;8.526512829121202e-14;-2.6709301437222166e-11;8.526512829121202e-14;-4.1744385725905886e-14;-6.94910795573378e-12;-4.405364961712621e-13;-5.968558980384842e-13;-8.526512829121202e-14;8.526512829121202e-16;-2.670930143722217e-13;8.526512829121202e-16;-4.1744385725905886e-14;-6.949107955733779e-14;-4.405364961712621e-15;-5.968558980384841e-15;-8.526512829121202e-16;140.6732736729317;97.1855660457652;94.3512675769125;100.0;97.1855660457652;35.62536796373723;12.423840675905183;7.051929919483371;50.63460821967004;12.4970130249107;1.3766567558226939;8.09129139350523;7.786381901959771;54.68646231149029;1.0394687220019705;7.9965001152849595;4.0;0.44000000000000006;76292.70857356836;8426.3919671473;9.054018478017321;1.0394687220019705;deltaT_shex_1_K;shex;True;True;True;True;True;True;True;True;92.21361809804023;2663.12402501237;0.037871817398194674;76292.70857356836;0.0;0.0;135.0;4.0;140.6732736729317;4.0;97.1855660457652;8.0;94.3512675769125;8.0;100.0;8.0;97.1855660457652;8.0;30.0;4.0;35.62536796373723;4.0;92.21361809804023;2663.12402501237;0.004021550813246953;76292.70857356836;0.0;0.0;86.25997618340728;235.5533743081831;0.47787181739819473;8426.3919671473;0.5838419882895612;0.22541268415010018;153.0971143488369;348.5911693562867;0.444021550813247;76292.70857356836;0.6283515552484894;0.25964558824462886;92.21361809804023;2663.12402501237;0.03385026658494772;76292.70857356836;0.0;0.0;103.82633432470999;235.5533743081831;0.47787181739819473;76292.70857356836;0.5838419882895612;0.22541268415010018;142.05192991948337;314.0430310757608;0.47787181739819473;76292.70857356836;0.5838419882895612;0.22541268415010018;141.0124611974814;327.43659779276294;0.44000000000000006;76292.70857356836;0.6340946182211549;0.2644163213273304;95.82983420942503;242.19115477802936;0.44000000000000006;76292.70857356836;0.6340946182211549;0.2644163213273304;95.8089092899425;242.1523300248594;0.44000000000000006;8426.3919671473;0.6340946182211549;0.2644163213273304;86.25997618340728;2661.510368056134;0.037871817398194674;8426.3919671473;0.0;0.0;42.4970130249107;177.97092328235337;0.037871817398194674;8426.3919671473;0.0;0.0;42.49910373427491;178.03939228758796;0.037871817398194674;76292.70857356836;0.0;0.0;"Zustand 3: Temperatur 415.202 K liegt außerhalb des Boryta-Prüfbereichs; Kristallisation wurde nicht bewertet.";"Zustand 4: Temperatur 414.162 K liegt außerhalb des Boryta-Prüfbereichs; Kristallisation wurde nicht bewertet.";Zustand 5: Kristallisationsprüfung bestanden (w_LiBr=0.6341 <= w_crit=0.6927, T=368.98 K >= T_crit=308.09 K).;Zustand 6: Kristallisationsprüfung bestanden (w_LiBr=0.6341 <= w_crit=0.6927, T=368.96 K >= T_crit=308.09 K).;"Zustand 20: Temperatur 426.247 K liegt außerhalb des Boryta-Prüfbereichs; Kristallisation wurde nicht bewertet.";5
series_evaporator_to_desorber;Serie Verdampfer → Desorber;series_evaporator_to_desorber;nan;100.0;30.0;100.0;8.0;8.0;4.0;100.0;0.45000000000000007;Abwärmetemperatur [°C];hot_temperature_C;100.0;10.0;10.0;25.0;15.0;11.0;nan;nan;1.755592164630634e-26;`gtol` termination condition is satisfied.;5;1.8593947197902084e-11;1.8738154469587627e-13;1;True;;True;0;zulässig;feasible;True;True;True;92.19480316317663;103.74724568828213;141.03459515651798;42.52863046344487;0.10721286057478506;0.259355857622461;0.22579737935286603;0.26406888046236904;94.9940845229136;94.294114385884;94.92605032606161;94.34208917445919;38.45539068799442;0.5019021414465386;11.852768433332164;40.68146438534171;0.002596921337886949;0.01746248693891869;9.499408452291345;9.42941143858841;3.797042013042617;6.28947261163063;3.4959446080011465;86.39312607608969;0.013018398498333625;2661.7615444552666;235.56219537323668;203.5603526694908;0.006352533418321149;0.48161328043614665;0.5920848929975728;0.23140905903414147;7.105427357601002e-15;-1.8196999462816166e-11;-5.684341886080802e-14;-2.3203661214665772e-14;-3.808509063674137e-12;-9.947598300641403e-14;-2.5579538487363607e-13;1.4210854715202004e-13;7.105427357601002e-17;-1.8196999462816165e-13;-5.684341886080802e-16;-2.3203661214665772e-14;-3.808509063674137e-14;-9.947598300641404e-16;-2.5579538487363606e-15;1.4210854715202005e-15;140.6814643853417;97.17876527588339;94.34006759866861;100.0;97.17876527588339;35.639600142696395;12.30273727066026;7.158178681976892;50.75352593339329;12.52863046344487;1.427233423424866;7.946941522578925;7.80519683682337;54.64804474205232;1.123583525458912;7.974814018273605;4.0;0.45000000000000007;76238.96106228116;8440.350929646715;9.032676685810772;1.123583525458912;deltaT_shex_1_K;shex;True;True;True;True;True;True;True;True;92.19480316317663;2663.0935772705498;0.037965813854467734;76238.96106228116;0.0;0.0;135.0;4.0;140.6814643853417;4.0;97.17876527588339;8.0;94.34006759866861;8.0;100.0;8.0;97.17876527588339;8.0;30.0;4.0;35.639600142696395;4.0;92.19480316317663;2663.0935772705498;0.004070423507387292;76238.96106228116;0.0;0.0;86.39312607608969;235.5621953732381;0.4879658138544678;8440.350929646715;0.5843768959156872;0.22579737935286603;152.98420165600197;348.24813304448713;0.45407042350738736;76238.96106228116;0.6279993869907492;0.259355857622461;92.19480316317663;2663.0935772705498;0.033895390347080445;76238.96106228116;0.0;0.0;103.74724568828213;235.5621953732381;0.4879658138544678;76238.96106228116;0.5843768959156872;0.22579737935286603;142.1581786819769;314.36974622241183;0.4879658138544678;76238.96106228116;0.5843768959156872;0.22579737935286603;141.03459515651798;327.30946346193997;0.45000000000000007;76238.96106228116;0.6336798835849908;0.26406888046236904;95.77243167000853;241.8530397108413;0.45000000000000007;76238.96106228116;0.6336798835849908;0.26406888046236904;95.75153185245853;241.81423418431038;0.45000000000000007;8440.350929646715;0.6336798835849908;0.26406888046236904;86.39312607608969;2661.7615444552666;0.037965813854467734;8440.350929646715;0.0;0.0;42.52863046344487;178.10309458411587;0.037965813854467734;8440.350929646715;0.0;0.0;42.53072053383107;178.1714961557993;0.037965813854467734;76238.96106228116;0.0;0.0;"Zustand 3: Temperatur 415.308 K liegt außerhalb des Boryta-Prüfbereichs; Kristallisation wurde nicht bewertet.";"Zustand 4: Temperatur 414.185 K liegt außerhalb des Boryta-Prüfbereichs; Kristallisation wurde nicht bewertet.";Zustand 5: Kristallisationsprüfung bestanden (w_LiBr=0.6337 <= w_crit=0.6927, T=368.92 K >= T_crit=307.92 K).;Zustand 6: Kristallisationsprüfung bestanden (w_LiBr=0.6337 <= w_crit=0.6927, T=368.90 K >= T_crit=307.92 K).;"Zustand 20: Temperatur 426.134 K liegt außerhalb des Boryta-Prüfbereichs; Kristallisation wurde nicht bewertet.";5
series_evaporator_to_desorber;Serie Verdampfer → Desorber;series_evaporator_to_desorber;nan;100.0;30.0;100.0;8.0;8.0;4.0;100.0;0.4600000000000001;Abwärmetemperatur [°C];hot_temperature_C;100.0;10.0;10.0;25.0;15.0;11.0;nan;nan;7.753687962779633e-27;`gtol` termination condition is satisfied.;5;1.2381397324718607e-11;1.2452861488653628e-13;1;True;;True;0;zulässig;feasible;True;True;True;92.17686667230481;103.67360000118384;141.05093934156002;42.55878717515844;0.10827300535490628;0.25907334817395933;0.22616713750921713;0.26373242834600313;95.11509165755339;94.52108256346149;95.05684228765432;94.5588890908082;39.40012579617443;0.5016202556933894;12.087629784226213;40.6887016541599;0.002600605235976067;0.017842237316411373;9.511509165755237;9.452108256346044;3.802273691506265;6.303925939387177;3.581829617835136;86.52098215250157;0.012851948266768023;2662.0027528281976;235.57677493651542;203.9864769196652;0.006400982674440614;0.4916544515348598;0.5925050836399386;0.23171868746163926;4.263256414560601e-14;-1.2065015653206501e-11;-5.684341886080802e-14;-1.3322676295501878e-14;-2.3021584638627246e-12;1.0516032489249483e-12;5.258016244624741e-13;1.0231815394945443e-12;4.263256414560601e-16;-1.2065015653206501e-13;-5.684341886080802e-16;-1.3322676295501878e-14;-2.3021584638627248e-14;1.0516032489249483e-14;5.258016244624741e-15;1.0231815394945442e-14;140.6887016541599;97.1722820247964;94.32967310471105;100.0;97.1722820247964;35.65317479446543;12.185852347293064;7.260381699599975;50.867807358036146;12.558787175158443;1.4769667960446782;7.808690952209474;7.823133327695189;54.61140539040349;1.2094423580399507;7.9574089312549745;4.0;0.4600000000000001;76187.75230239161;8453.683553982106;9.012373341855621;1.2094423580399507;deltaT_shex_1_K;shex;True;True;True;True;True;True;True;True;92.17686667230481;2663.064549478853;0.038055434209300354;76187.75230239161;0.0;0.0;135.0;4.0;140.6887016541599;4.0;97.1722820247964;8.0;94.32967310471105;8.0;100.0;8.0;97.1722820247964;8.0;30.0;4.0;35.65317479446543;4.0;92.17686667230481;2663.064549478853;0.004120376231926861;76187.75230239161;0.0;0.0;86.52098215250157;235.5767749365142;0.49805543420930043;8453.683553982106;0.584890238957201;0.22616713750921713;152.87455400145296;347.9146117463639;0.4641203762319269;76187.75230239161;0.6276556187721725;0.25907334817395933;92.17686667230481;2663.064549478853;0.03393505797737349;76187.75230239161;0.0;0.0;103.67360000118384;235.5767749365142;0.49805543420930043;76187.75230239161;0.584890238957201;0.22616713750921713;142.26038169959998;314.68468761038156;0.49805543420930043;76187.75230239161;0.584890238957201;0.22616713750921713;141.05093934156002;327.1770274490161;0.4600000000000001;76187.75230239161;0.6332777433230656;0.26373242834600313;95.71619106992887;241.52458006602834;0.4600000000000001;76187.75230239161;0.6332777433230656;0.26373242834600313;95.69531522875172;241.48579259360136;0.4600000000000001;8453.683553982106;0.6332777433230656;0.26373242834600313;86.52098215250157;2662.0027528281976;0.038055434209300354;8453.683553982106;0.0;0.0;42.55878717515844;178.22915971645452;0.038055434209300354;8453.683553982106;0.0;0.0;42.56087663439291;178.29749700625322;0.038055434209300354;76187.75230239161;0.0;0.0;"Zustand 3: Temperatur 415.410 K liegt außerhalb des Boryta-Prüfbereichs; Kristallisation wurde nicht bewertet.";"Zustand 4: Temperatur 414.201 K liegt außerhalb des Boryta-Prüfbereichs; Kristallisation wurde nicht bewertet.";Zustand 5: Kristallisationsprüfung bestanden (w_LiBr=0.6333 <= w_crit=0.6926, T=368.87 K >= T_crit=307.76 K).;Zustand 6: Kristallisationsprüfung bestanden (w_LiBr=0.6333 <= w_crit=0.6926, T=368.85 K >= T_crit=307.76 K).;"Zustand 20: Temperatur 426.025 K liegt außerhalb des Boryta-Prüfbereichs; Kristallisation wurde nicht bewertet.";5
series_evaporator_to_desorber;Serie Verdampfer → Desorber;series_evaporator_to_desorber;nan;100.0;30.0;100.0;8.0;8.0;4.0;100.0;0.4700000000000001;Abwärmetemperatur [°C];hot_temperature_C;100.0;10.0;10.0;25.0;15.0;11.0;nan;nan;6.543402314191126e-17;`gtol` termination condition is satisfied.;4;1.1207481372001362e-06;1.14397572650744e-08;1;True;;True;0;zulässig;feasible;True;True;True;92.15973647660388;103.60515720803545;141.06183406961406;42.5876016164313;0.10936859983111487;0.258797730454605;0.226522651461512;0.26340640705690344;95.22113276983276;94.73794846197355;95.17231170189594;94.76594328736259;40.34208755172336;0.5013267747206467;12.322685335100251;40.695043825946925;0.002604113673566668;0.01822212398267014;9.522113165930987;9.473794840939778;3.806892468723547;6.317729549153675;3.667462506344941;86.643850731758;0.012694099712406213;2662.234567442208;235.59676571100724;204.39672708863384;0.006450392994419296;0.5016906442242494;0.5929095259270616;0.23201707876311098;-4.891560934083827e-09;-1.807099181405647e-08;1.301052918734058e-07;-2.2936725296851534e-09;-1.619274314634822e-08;5.2575771292140416e-08;5.005746572805947e-08;1.110522887870502e-06;-4.8915609340838275e-11;-1.807099181405647e-10;1.3010529187340581e-09;-2.2936725296851534e-09;-1.619274314634822e-10;5.257577129214042e-10;5.005746572805947e-10;1.110522887870502e-08;140.69504382594693;97.16609021269846;94.32002825989059;100.0;97.16609021269846;35.66614524294101;12.07294123588855;7.35869635269961;50.97770548881698;12.5876016164313;1.5258326202890657;7.676177528132598;7.840263523396118;54.5763997226025;1.2968622830855452;7.944046714139745;4.0;0.4700000000000001;76138.87225498394;8466.43969943506;8.99302126489656;1.2968622830855452;deltaT_shex_1_K;shex;True;True;True;True;True;True;True;True;92.15973647660388;2663.036825096796;0.03814103721866857;76138.87225498394;0.0;0.0;135.0;4.0;140.69504382594693;4.0;97.16609021269846;8.0;94.32002825989059;8.0;100.0;8.0;97.16609021269846;8.0;30.0;4.0;35.66614524294101;4.0;92.15973647660388;2663.036825096796;0.004171431836712222;76138.87225498394;0.0;0.0;86.643850731758;235.59676571100607;0.5081410372186687;8466.43969943506;0.585383073284508;0.226522651461512;152.76798506183547;347.59009917705515;0.4741714318367123;76138.87225498394;0.6273198770548201;0.258797730454605;92.15973647660388;2663.036825096796;0.03396960538195635;76138.87225498394;0.0;0.0;103.60515720803545;235.59676571100607;0.5081410372186687;76138.87225498394;0.585383073284508;0.226522651461512;142.3586963526996;314.9882822327526;0.5081410372186687;76138.87225498394;0.585383073284508;0.226522651461512;141.06183406961406;327.0396139459756;0.4700000000000001;76138.87225498394;0.6328875787851952;0.26340640705690344;95.6611104938957;241.20538510211406;0.4700000000000001;76138.87225498394;0.6328875787851952;0.26340640705690344;95.6402575924094;241.16661462555518;0.4700000000000001;8466.43969943506;0.6328875787851952;0.26340640705690344;86.643850731758;2662.234567442208;0.03814103721866857;8466.43969943506;0.0;0.0;42.5876016164313;178.34961384679383;0.03814103721866857;8466.43969943506;0.0;0.0;42.58969049009596;178.41788974759424;0.03814103721866857;76138.87225498394;0.0;0.0;"Zustand 3: Temperatur 415.509 K liegt außerhalb des Boryta-Prüfbereichs; Kristallisation wurde nicht bewertet.";"Zustand 4: Temperatur 414.212 K liegt außerhalb des Boryta-Prüfbereichs; Kristallisation wurde nicht bewertet.";Zustand 5: Kristallisationsprüfung bestanden (w_LiBr=0.6329 <= w_crit=0.6926, T=368.81 K >= T_crit=307.61 K).;Zustand 6: Kristallisationsprüfung bestanden (w_LiBr=0.6329 <= w_crit=0.6926, T=368.79 K >= T_crit=307.61 K).;"Zustand 20: Temperatur 425.918 K liegt außerhalb des Boryta-Prüfbereichs; Kristallisation wurde nicht bewertet.";5
series_evaporator_to_desorber;Serie Verdampfer → Desorber;series_evaporator_to_desorber;nan;100.0;30.0;100.0;8.0;8.0;4.0;100.0;0.4800000000000001;Abwärmetemperatur [°C];hot_temperature_C;100.0;10.0;10.0;25.0;15.0;11.0;nan;nan;3.563053609360011e-17;`gtol` termination condition is satisfied.;4;8.218856785746884e-07;8.441627342355278e-09;1;True;;True;0;zulässig;feasible;True;True;True;92.1433468706922;103.5416851506049;141.06760307115172;42.61518176262342;0.11049922207154197;0.25852868938367346;0.2268645793725961;0.2630902973279676;95.31310563188876;94.94552464866442;95.27337482560294;94.96404586111775;41.281177979398336;0.5010218562038251;12.557900539891381;40.70054459520867;0.0026074614183580957;0.018602128967154092;9.531310481792724;9.494552460960929;3.8109349935368297;6.330936388270771;3.752834363157747;86.76201715784572;0.012544389843087764;2662.457523426487;235.62183862968263;204.79192323695892;0.006500790705998516;0.5117221589403405;0.593298970799786;0.23230474646310312;-3.4469564980099676e-09;-1.5336880210270465e-08;9.823003210840398e-08;-1.926612702707331e-09;-1.2817807260034897e-08;3.905512357960106e-08;3.70561821227966e-08;8.13961520407247e-07;-3.4469564980099675e-11;-1.5336880210270466e-10;9.823003210840398e-10;-1.926612702707331e-09;-1.2817807260034896e-10;3.9055123579601057e-10;3.70561821227966e-10;8.13961520407247e-09;140.70054459520867;97.1601660926699;94.3110819172631;100.0;97.1601660926699;35.67856008664262;11.963775894740252;7.453274932624822;51.0834570712031;12.615181762623422;1.57381185575872;7.5490647594173765;7.8566531293078015;54.542896018353986;1.3856718614730994;7.93449999622419;4.0;0.4800000000000001;76092.12988055722;8478.66495827518;8.974541423091765;1.3856718614730994;deltaT_shex_1_K;shex;True;True;True;True;True;True;True;True;92.1433468706922;2663.0102979786134;0.03822294964633888;76092.12988055722;0.0;0.0;135.0;4.0;140.70054459520867;4.0;97.1601660926699;8.0;94.3110819172631;8.0;100.0;8.0;97.1601660926699;8.0;30.0;4.0;35.67856008664262;4.0;92.1433468706922;2663.0102979786134;0.004223606201200166;76092.12988055722;0.0;0.0;86.76201715784572;235.62183862968303;0.518222949646339;8478.66495827518;0.5858563972165707;0.2268645793725961;152.66432048994892;347.2741185196109;0.48422360620120025;76092.12988055722;0.6269918035247755;0.25852868938367346;92.1433468706922;2663.0102979786134;0.03399934344513871;76092.12988055722;0.0;0.0;103.5416851506049;235.62183862968303;0.518222949646339;76092.12988055722;0.5858563972165707;0.2268645793725961;142.45327493262482;315.2809467559647;0.518222949646339;76092.12988055722;0.5858563972165707;0.2268645793725961;141.06760307115172;326.8975402077847;0.4800000000000001;76092.12988055722;0.6325088129890591;0.2630902973279676;95.60718515438072;240.895086076857;0.4800000000000001;76092.12988055722;0.6325088129890591;0.2630902973279676;95.58635423691118;240.85633164150877;0.4800000000000001;8478.66495827518;0.6325088129890591;0.2630902973279676;86.76201715784572;2662.457523426487;0.03822294964633888;8478.66495827518;0.0;0.0;42.61518176262342;178.4649083312098;0.03822294964633888;8478.66495827518;0.0;0.0;42.61727007431591;178.53312550027928;0.03822294964633888;76092.12988055722;0.0;0.0;"Zustand 3: Temperatur 415.603 K liegt außerhalb des Boryta-Prüfbereichs; Kristallisation wurde nicht bewertet.";"Zustand 4: Temperatur 414.218 K liegt außerhalb des Boryta-Prüfbereichs; Kristallisation wurde nicht bewertet.";Zustand 5: Kristallisationsprüfung bestanden (w_LiBr=0.6325 <= w_crit=0.6926, T=368.76 K >= T_crit=307.47 K).;Zustand 6: Kristallisationsprüfung bestanden (w_LiBr=0.6325 <= w_crit=0.6926, T=368.74 K >= T_crit=307.47 K).;"Zustand 20: Temperatur 425.814 K liegt außerhalb des Boryta-Prüfbereichs; Kristallisation wurde nicht bewertet.";5
series_evaporator_to_desorber;Serie Verdampfer → Desorber;series_evaporator_to_desorber;nan;100.0;30.0;100.0;8.0;8.0;4.0;100.0;0.4900000000000001;Abwärmetemperatur [°C];hot_temperature_C;100.0;10.0;10.0;25.0;15.0;11.0;nan;nan;1.9891596760161457e-17;`gtol` termination condition is satisfied.;4;6.092158761242928e-07;6.307391974526628e-09;1;True;;True;0;zulässig;feasible;True;True;True;92.12763744919255;103.48295969197352;141.06855093498382;42.641626945740484;0.11166447659105824;0.2582659376406359;0.22719354022799398;0.26278361036770204;95.39184358611737;95.14455877614185;95.36088247330855;95.15392699010185;42.217310393089306;0.5007056609131375;12.793241977715219;40.70525380299745;0.0026106619654056745;0.018982234511211334;9.539184298311659;9.5144558746812;3.8144352993245283;6.343595130813985;3.8379373096153406;86.8757465990268;0.012402383520767918;2662.672118163725;235.65167927096508;205.17283060464342;0.006552197470913179;0.5217492745760896;0.5936741203729055;0.23258217194240474;-2.3722179776086705e-09;-1.2679443273100333e-08;7.503754773097171e-08;-1.6337264319155054e-09;-9.804651313061186e-09;2.9329839890124276e-08;2.789207087516843e-08;6.030007853041752e-07;-2.3722179776086704e-11;-1.2679443273100332e-10;7.503754773097171e-10;-1.6337264319155054e-09;-9.804651313061185e-11;2.932983989012428e-10;2.789207087516843e-10;6.0300078530417525e-09;140.70525380299745;97.15448782924335;94.30278679834299;100.0;97.15448782924335;35.690464041635266;11.858146971313488;7.544261921962345;51.18528255739153;12.641626945740484;1.6208902021767244;7.427040199316195;7.872362550807452;54.51077311209798;1.4757109869785268;7.9285522503166135;4.0;0.4900000000000001;76047.34978514606;8490.401414974214;8.956861527303538;1.4757109869785268;deltaT_shex_1_K;shex;True;True;True;True;True;True;True;True;92.12763744919255;2662.984870527673;0.03830147204700263;76047.34978514606;0.0;0.0;135.0;4.0;140.70525380299745;4.0;97.15448782924335;8.0;94.30278679834299;8.0;100.0;8.0;97.15448782924335;8.0;30.0;4.0;35.690464041635266;4.0;92.12763744919255;2662.984870527673;0.004276913828795597;76047.34978514606;0.0;0.0;86.8757465990268;235.65167927096311;0.5283014720470027;8490.401414974214;0.5863111462456861;0.22719354022799398;152.56340077431094;346.96623369161824;0.4942769138287957;76047.34978514606;0.6266710716336971;0.2582659376406359;92.12763744919255;2662.984870527673;0.03402455821820703;76047.34978514606;0.0;0.0;103.48295969197352;235.65167927096311;0.5283014720470027;76047.34978514606;0.5863111462456861;0.22719354022799398;142.54426192196235;315.56307953549475;0.5283014720470027;76047.34978514606;0.5863111462456861;0.22719354022799398;141.06855093498382;326.75110703734293;0.4900000000000001;76047.34978514606;0.6321409013044111;0.26278361036770204;95.5544074416569;240.59333072007453;0.4900000000000001;76047.34978514606;0.6321409013044111;0.26278361036770204;95.53359762706663;240.55459146597002;0.4900000000000001;8490.401414974214;0.6321409013044111;0.26278361036770204;86.8757465990268;2662.672118163725;0.03830147204700263;8490.401414974214;0.0;0.0;42.641626945740484;178.57545839611097;0.03830147204700263;8490.401414974214;0.0;0.0;42.64371471714537;178.64361927416292;0.03830147204700263;76047.34978514606;0.0;0.0;"Zustand 3: Temperatur 415.694 K liegt außerhalb des Boryta-Prüfbereichs; Kristallisation wurde nicht bewertet.";"Zustand 4: Temperatur 414.219 K liegt außerhalb des Boryta-Prüfbereichs; Kristallisation wurde nicht bewertet.";Zustand 5: Kristallisationsprüfung bestanden (w_LiBr=0.6321 <= w_crit=0.6925, T=368.70 K >= T_crit=307.33 K).;Zustand 6: Kristallisationsprüfung bestanden (w_LiBr=0.6321 <= w_crit=0.6925, T=368.68 K >= T_crit=307.33 K).;"Zustand 20: Temperatur 425.713 K liegt außerhalb des Boryta-Prüfbereichs; Kristallisation wurde nicht bewertet.";5
series_evaporator_to_desorber;Serie Verdampfer → Desorber;series_evaporator_to_desorber;nan;100.0;30.0;100.0;8.0;8.0;4.0;100.0;0.5000000000000001;Abwärmetemperatur [°C];hot_temperature_C;100.0;10.0;10.0;25.0;15.0;11.0;nan;nan;1.1368346029050138e-17;`gtol` termination condition is satisfied.;4;4.559117599069945e-07;4.7683007516410155e-09;1;True;;True;0;zulässig;feasible;True;True;True;92.11255297722488;103.4287653824561;141.0649653822535;42.667028070207266;0.11286391725454724;0.25800920277018213;0.2275101204398061;0.262485888800317;95.45811626432513;95.3357350166586;95.4356208265214;95.33625430193175;43.15040909321471;0.5003783508446932;13.028677919072413;40.70921747992378;0.00261372758581683;0.019362423366202038;9.545811581329012;9.53357349944493;3.817424833331361;6.355750285388293;3.922764463956998;86.9852862517132;0.012267671495503825;2662.878815460175;235.685990523546;205.54016723390063;0.006604630696084524;0.5317722486086116;0.5940356371059236;0.23284981081593845;-1.5785843743287842e-09;-1.0312270148915559e-08;5.768589517174405e-08;-1.3969015388859418e-09;-6.762633120160899e-09;2.2209306393961015e-08;2.1107354086780106e-08;4.5103500667664775e-07;-1.578584374328784e-11;-1.0312270148915559e-10;5.768589517174405e-10;-1.3969015388859418e-09;-6.762633120160899e-11;2.2209306393961014e-10;2.1107354086780105e-10;4.510350066766477e-09;140.70921747992378;97.14903545747813;94.29509942797688;100.0;97.14903545747813;35.7018980273121;11.7558595721394;7.631796128093811;51.28338822440111;12.667028070207266;1.667057445294006;7.309813176263674;7.88744702277512;54.479920136162775;1.5668307458403206;7.925997845650386;4.0;0.5000000000000001;76004.3717738426;8501.687695701241;8.9399157548769;1.5668307458403206;deltaT_shex_1_K;shex;True;True;True;True;True;True;True;True;92.11255297722488;2662.960453491086;0.03837687930469602;76004.3717738426;0.0;0.0;135.0;4.0;140.70921747992378;4.0;97.14903545747813;8.0;94.29509942797688;8.0;100.0;8.0;97.14903545747813;8.0;30.0;4.0;35.7018980273121;4.0;92.11255297722488;2662.960453491086;0.004331364930332958;76004.3717738426;0.0;0.0;86.9852862517132;235.68599052354605;0.5383768793046961;8501.687695701241;0.5867482030532857;0.2275101204398061;152.46507705206318;346.6660357327109;0.504331364930333;76004.3717738426;0.6263573710867737;0.25800920277018213;92.11255297722488;2662.960453491086;0.03404551437436306;76004.3717738426;0.0;0.0;103.4287653824561;235.68599052354605;0.5383768793046961;76004.3717738426;0.5867482030532857;0.2275101204398061;142.6317961280938;315.83506592392854;0.5383768793046961;76004.3717738426;0.5867482030532857;0.2275101204398061;141.0649653822535;326.6006030292735;0.5000000000000001;76004.3717738426;0.6317833329949322;0.262485888800317;95.50276753680572;240.2997848396869;0.5000000000000001;76004.3717738426;0.6317833329949322;0.262485888800317;95.48197801218413;240.2610599929545;0.5000000000000001;8501.687695701241;0.6317833329949322;0.262485888800317;86.9852862517132;2662.878815460175;0.03837687930469602;8501.687695701241;0.0;0.0;42.667028070207266;178.68164404001786;0.03837687930469602;8501.687695701241;0.0;0.0;42.66911532131536;178.74975086978546;0.03837687930469602;76004.3717738426;0.0;0.0;"Zustand 3: Temperatur 415.782 K liegt außerhalb des Boryta-Prüfbereichs; Kristallisation wurde nicht bewertet.";"Zustand 4: Temperatur 414.215 K liegt außerhalb des Boryta-Prüfbereichs; Kristallisation wurde nicht bewertet.";Zustand 5: Kristallisationsprüfung bestanden (w_LiBr=0.6318 <= w_crit=0.6925, T=368.65 K >= T_crit=307.20 K).;Zustand 6: Kristallisationsprüfung bestanden (w_LiBr=0.6318 <= w_crit=0.6925, T=368.63 K >= T_crit=307.20 K).;"Zustand 20: Temperatur 425.615 K liegt außerhalb des Boryta-Prüfbereichs; Kristallisation wurde nicht bewertet.";5
series_evaporator_to_desorber;Serie Verdampfer → Desorber;series_evaporator_to_desorber;nan;100.0;30.0;100.0;8.0;8.0;4.0;100.0;0.5100000000000001;Abwärmetemperatur [°C];hot_temperature_C;100.0;10.0;10.0;25.0;15.0;11.0;nan;nan;6.659399882846016e-18;`gtol` termination condition is satisfied.;4;3.445103948666299e-07;3.64949308338734e-09;1;True;;True;0;zulässig;feasible;True;True;True;92.09804281398937;103.37889556016239;141.0571172711809;42.69146854353653;0.11409707682432055;0.2577582284391493;0.2278148745084258;0.26219670327614764;95.51263611969335;95.51968111881932;95.49831799336141;95.51163989586902;44.08040772034895;0.500040087831874;13.26417806746844;40.712478236823756;0.0026166694701451544;0.01974267873425572;9.551263577912247;9.551968110191856;3.819932720037327;6.367442658650234;4.007309793564977;87.09086659295178;0.012139869045189976;2663.0780478603756;235.72449162069125;205.89460642161546;0.006658104179295576;0.5417913193285825;0.5943841448781956;0.23310809338010988;-1.0778293813018536e-09;-8.865789880019292e-09;4.488862259677262e-08;-1.204243982311226e-09;-7.57177076593507e-09;1.6900756349969015e-08;1.6115507150971098e-08;3.405708923764905e-07;-1.0778293813018536e-11;-8.865789880019292e-11;4.488862259677262e-10;-1.204243982311226e-09;-7.57177076593507e-11;1.6900756349969016e-10;1.61155071509711e-10;3.405708923764905e-09;140.71247823682376;97.1437906729704;94.28797972819285;100.0;97.1437906729704;35.712899588446135;11.656732593117681;7.716010316203892;51.37796700450565;12.69146854353653;1.7123069842164682;7.197113135241068;7.901957186010634;54.45023538025936;1.6588930450229782;7.926641886466655;4.0;0.5100000000000001;75963.04914081344;8512.559341170221;8.9236440060306;1.6588930450229782;deltaT_shex_1_K;shex;True;True;True;True;True;True;True;True;92.09804281398937;2662.936965030381;0.038449423507877944;75963.04914081344;0.0;0.0;135.0;4.0;140.71247823682376;4.0;97.1437906729704;8.0;94.28797972819285;8.0;100.0;8.0;97.1437906729704;8.0;30.0;4.0;35.712899588446135;4.0;92.09804281398937;2662.936965030381;0.004386966827829186;75963.04914081344;0.0;0.0;87.09086659295178;235.72449162069174;0.5484494235078781;8512.559341170221;0.587168399196837;0.2278148745084258;152.36921082994144;346.37314280514636;0.5143869668278294;75963.04914081344;0.6260504095423172;0.2577582284391493;92.09804281398937;2662.936965030381;0.03406245668004876;75963.04914081344;0.0;0.0;103.37889556016239;235.72449162069174;0.5484494235078781;75963.04914081344;0.587168399196837;0.2278148745084258;142.7160103162039;316.09727684199987;0.5484494235078781;75963.04914081344;0.587168399196837;0.2278148745084258;141.0571172711809;326.44630241737644;0.5100000000000001;75963.04914081344;0.6314356275324486;0.26219670327614764;95.45225367369574;240.01413041457886;0.5100000000000001;75963.04914081344;0.6314356275324486;0.26219670327614764;95.43148368875393;239.9754192798058;0.5100000000000001;8512.559341170221;0.6314356275324486;0.26219670327614764;87.09086659295178;2663.0780478603756;0.038449423507877944;8512.559341170221;0.0;0.0;42.69146854353653;178.78381392346918;0.038449423507877944;8512.559341170221;0.0;0.0;42.69355529271104;178.85186876620588;0.038449423507877944;75963.04914081344;0.0;0.0;"Zustand 3: Temperatur 415.866 K liegt außerhalb des Boryta-Prüfbereichs; Kristallisation wurde nicht bewertet.";"Zustand 4: Temperatur 414.207 K liegt außerhalb des Boryta-Prüfbereichs; Kristallisation wurde nicht bewertet.";Zustand 5: Kristallisationsprüfung bestanden (w_LiBr=0.6314 <= w_crit=0.6925, T=368.60 K >= T_crit=307.07 K).;Zustand 6: Kristallisationsprüfung bestanden (w_LiBr=0.6314 <= w_crit=0.6924, T=368.58 K >= T_crit=307.07 K).;"Zustand 20: Temperatur 425.519 K liegt außerhalb des Boryta-Prüfbereichs; Kristallisation wurde nicht bewertet.";5
series_evaporator_to_desorber;Serie Verdampfer → Desorber;series_evaporator_to_desorber;nan;100.0;30.0;100.0;8.0;8.0;4.0;100.0;0.5200000000000001;Abwärmetemperatur [°C];hot_temperature_C;100.0;10.0;10.0;25.0;15.0;11.0;nan;nan;3.990444782585446e-18;`gtol` termination condition is satisfied.;4;2.6244606958944044e-07;2.8250468253058907e-09;1;True;;True;0;zulässig;feasible;True;True;True;92.08406048940486;103.33315239804415;141.04526122521236;42.71502496179761;0.1153634726720801;0.2575127730004731;0.22810832684274135;0.26191565030174757;95.5560631580542;95.69697356649908;95.54964878248174;95.68064545933498;45.00724809687703;0.49969103241153073;13.499713479851032;40.71507554773052;0.002619497835179967;0.020122984275878948;9.555606289875277;9.56969735536506;3.8219859515032497;6.378709696467377;4.091568009459996;87.19270268311652;0.012018614533902674;2663.2702190742452;235.76691773208694;206.23677993010426;0.006712628609619076;0.5518067074322996;0.594720231542593;0.2333574261865271;-6.254907702896162e-10;-7.182926253790356e-09;3.527961212057562e-08;-1.0455644128271047e-09;-5.099508371131378e-09;1.2848488495365018e-08;1.2324335330049507e-08;2.5930143010555184e-07;-6.254907702896162e-12;-7.182926253790356e-11;3.527961212057562e-10;-1.0455644128271047e-09;-5.099508371131378e-11;1.2848488495365018e-10;1.2324335330049507e-10;2.5930143010555185e-09;140.71507554773052;97.13873667884764;94.28139072243368;100.0;97.13873667884764;35.723503203738005;11.56059749344945;7.797031396795433;51.46919947937852;12.71502496179761;1.75663538275694;7.088688039317162;7.915939510595138;54.421625452920864;1.7517701715830754;7.930299963936534;4.0;0.5200000000000001;75923.24740610638;8523.049076856265;8.907991344584719;1.7517701715830754;deltaT_shex_1_K;shex;True;True;True;True;True;True;True;True;92.08406048940486;2662.914330039346;0.038519336041918595;75923.24740610638;0.0;0.0;135.0;4.0;140.71507554773052;4.0;97.13873667884764;8.0;94.28139072243368;8.0;100.0;8.0;97.13873667884764;8.0;30.0;4.0;35.723503203738005;4.0;92.08406048940486;2662.914330039346;0.004443724370818546;75923.24740610638;0.0;0.0;87.19270268311652;235.76691773209;0.5585193360419187;8523.049076856265;0.5875725183241692;0.22810832684274135;152.27567304117997;346.087197755968;0.5244437243708187;75923.24740610638;0.6257499110131743;0.2575127730004731;92.08406048940486;2662.914330039346;0.03407561167110005;75923.24740610638;0.0;0.0;103.33315239804415;235.76691773209;0.5585193360419187;75923.24740610638;0.5875725183241692;0.22810832684274135;142.79703139679543;316.35006891863924;0.5585193360419187;75923.24740610638;0.5875725183241692;0.22810832684274135;141.04526122521236;326.28846476477247;0.5200000000000001;75923.24740610638;0.6310973323286404;0.26191565030174757;95.40285243410761;239.73606457726765;0.5200000000000001;75923.24740610638;0.6310973323286404;0.26191565030174757;95.3821012960907;239.69736653058328;0.5200000000000001;8523.049076856265;0.6310973323286404;0.26191565030174757;87.19270268311652;2663.2702190742452;0.038519336041918595;8523.049076856265;0.0;0.0;42.71502496179761;178.8822882346007;0.038519336041918595;8523.049076856265;0.0;0.0;42.71711122592677;178.9502929850546;0.038519336041918595;75923.24740610638;0.0;0.0;"Zustand 3: Temperatur 415.947 K liegt außerhalb des Boryta-Prüfbereichs; Kristallisation wurde nicht bewertet.";"Zustand 4: Temperatur 414.195 K liegt außerhalb des Boryta-Prüfbereichs; Kristallisation wurde nicht bewertet.";Zustand 5: Kristallisationsprüfung bestanden (w_LiBr=0.6311 <= w_crit=0.6924, T=368.55 K >= T_crit=306.95 K).;Zustand 6: Kristallisationsprüfung bestanden (w_LiBr=0.6311 <= w_crit=0.6924, T=368.53 K >= T_crit=306.95 K).;"Zustand 20: Temperatur 425.426 K liegt außerhalb des Boryta-Prüfbereichs; Kristallisation wurde nicht bewertet.";5
series_evaporator_to_desorber;Serie Verdampfer → Desorber;series_evaporator_to_desorber;nan;100.0;30.0;100.0;8.0;8.0;4.0;100.0;0.5300000000000001;Abwärmetemperatur [°C];hot_temperature_C;100.0;10.0;10.0;25.0;15.0;11.0;nan;nan;2.4493889404187004e-18;`gtol` termination condition is satisfied.;4;2.015949808554356e-07;2.2133182963228313e-09;1;True;;True;0;zulässig;feasible;True;True;True;92.07056332327136;103.29134684358155;141.02963633398423;42.73776772688251;0.11666261156866221;0.2572726082459691;0.22839097349094398;0.2616423502786341;95.58900924946082;95.8681422246431;95.59023905621598;95.84378687138692;45.93087921464499;0.4993313429327917;13.73525649140862;40.71704600774285;0.002622222019021556;0.020503324112612863;9.558900905042965;9.586814221480541;3.8236095624483735;6.389585790794598;4.175534474626128;87.29099535548056;0.011903568021980617;2663.4557061941928;235.8130194339211;206.56728094150893;0.006768212001032503;0.5618186174718293;0.595044451294472;0.23359819351175207;-3.693756411848881e-10;-6.242416361601499e-09;2.7853758410856244e-08;-9.136781331520183e-10;-4.993353286408819e-09;9.83769155027403e-09;9.467953532293905e-09;1.990311773170106e-07;-3.693756411848881e-12;-6.2424163616015e-11;2.7853758410856244e-10;-9.136781331520183e-10;-4.9933532864088196e-11;9.83769155027403e-11;9.467953532293904e-11;1.9903117731701057e-09;140.71704600774285;97.13385804810446;94.27529826771524;100.0;97.13385804810446;35.733740563674814;11.46729720352505;7.874980625692615;51.55725479180575;12.73776772688251;1.8000419688551688;6.984302912234682;7.929436676728642;54.394004526607944;1.8453442917083862;7.936797833395076;4.0;0.5300000000000001;75884.84318217354;8533.187057969039;8.892907499467695;1.8000419688551688;deltaT_des_1_K;desorber;True;True;True;True;True;True;True;True;92.07056332327136;2662.8924795302237;0.03858682947286163;75884.84318217354;0.0;0.0;135.0;4.0;140.71704600774285;4.0;97.13385804810446;8.0;94.27529826771524;8.0;100.0;8.0;97.13385804810446;8.0;30.0;4.0;35.733740563674814;4.0;92.07056332327136;2662.8924795302237;0.004501640298458663;75884.84318217354;0.0;0.0;87.29099535548056;235.81301943391884;0.5685868294728618;8533.187057969039;0.5879612991923862;0.22839097349094398;152.1843432112679;345.8078659693435;0.5345016402984588;75884.84318217354;0.6254556144814615;0.2572726082459691;92.07056332327136;2662.8924795302237;0.034085189174402966;75884.84318217354;0.0;0.0;103.29134684358155;235.81301943391884;0.5685868294728618;75884.84318217354;0.5879612991923862;0.22839097349094398;142.87498062569261;316.5937847169058;0.5685868294728618;75884.84318217354;0.5879612991923862;0.22839097349094398;141.02963633398423;326.1273349438899;0.5300000000000001;75884.84318217354;0.6307680206802706;0.2616423502786341;95.35454901018647;239.4652986891458;0.5300000000000001;75884.84318217354;0.6307680206802706;0.2616423502786341;95.33381607924929;239.4266131719522;0.5300000000000001;8533.187057969039;0.6307680206802706;0.2616423502786341;87.29099535548056;2663.4557061941928;0.03858682947286163;8533.187057969039;0.0;0.0;42.73776772688251;178.97736126907287;0.03858682947286163;8533.187057969039;0.0;0.0;42.739853521496514;179.04531766908926;0.03858682947286163;75884.84318217354;0.0;0.0;"Zustand 3: Temperatur 416.025 K liegt außerhalb des Boryta-Prüfbereichs; Kristallisation wurde nicht bewertet.";"Zustand 4: Temperatur 414.180 K liegt außerhalb des Boryta-Prüfbereichs; Kristallisation wurde nicht bewertet.";Zustand 5: Kristallisationsprüfung bestanden (w_LiBr=0.6308 <= w_crit=0.6924, T=368.50 K >= T_crit=306.83 K).;Zustand 6: Kristallisationsprüfung bestanden (w_LiBr=0.6308 <= w_crit=0.6924, T=368.48 K >= T_crit=306.83 K).;"Zustand 20: Temperatur 425.334 K liegt außerhalb des Boryta-Prüfbereichs; Kristallisation wurde nicht bewertet.";5
series_evaporator_to_desorber;Serie Verdampfer → Desorber;series_evaporator_to_desorber;nan;100.0;30.0;100.0;8.0;8.0;4.0;100.0;0.5400000000000001;Abwärmetemperatur [°C];hot_temperature_C;100.0;10.0;10.0;25.0;15.0;11.0;nan;nan;1.5382089369871505e-18;`gtol` termination condition is satisfied.;4;1.559481158014303e-07;1.753972027705773e-09;1;True;;True;0;zulässig;feasible;True;True;True;92.05751208220812;103.25329847599403;141.0104669008722;42.75976160303901;0.1179939936037434;0.257037518315717;0.22866328378771295;0.2613764457332137;95.61204206232983;96.03367452764908;95.62066970723612;96.00153834922588;46.85125635233201;0.4989611748663155;13.970780644416838;40.71842356832116;0.0026248505658575923;0.020883682825307233;9.56120419084702;9.60336745199925;3.8248267884294997;6.40010255611745;4.259205123412262;87.38593230500231;0.011794409932775784;2663.6348617251438;235.86256209674977;206.88666678400708;0.0068248600669583714;0.571827239178176;0.5953573268764462;0.23383075873471315;-1.2577316965689533e-10;-5.202878128329758e-09;2.2196900317794643e-08;-8.0280809777733e-10;-3.501369860714476e-09;7.656595357730112e-09;7.464123541467416e-09;1.53859630813713e-07;-1.2577316965689533e-12;-5.2028781283297573e-11;2.2196900317794644e-10;-8.0280809777733e-10;-3.501369860714476e-11;7.656595357730112e-11;7.464123541467415e-11;1.53859630813713e-09;140.71842356832116;97.12914059960451;94.26967081170869;100.0;97.12914059960451;35.74364082103165;11.376685148605304;7.949973813599286;51.642291483970666;12.75976160303901;1.8425284750923083;6.883738506706379;7.94248791779188;54.36729365723761;1.9395069127270972;7.9459710364841385;4.0;0.5400000000000001;75847.72315523222;8543.001091721233;8.878346419589478;1.8425284750923083;deltaT_des_1_K;desorber;True;True;True;True;True;True;True;True;92.05751208220812;2662.8713500806616;0.03865209924513424;75847.72315523222;0.0;0.0;135.0;4.0;140.71842356832116;4.0;97.12914059960451;8.0;94.26967081170869;8.0;100.0;8.0;97.12914059960451;8.0;30.0;4.0;35.74364082103165;4.0;92.05751208220812;2662.8713500806616;0.004560715551101624;75847.72315523222;0.0;0.0;87.38593230500231;235.8625620967505;0.5786520992451344;8543.001091721233;0.5883354385067838;0.22866328378771295;152.09510871692646;345.53483346519806;0.5445607155511017;75847.72315523222;0.6251672726897577;0.257037518315717;92.05751208220812;2662.8713500806616;0.03409138369403262;75847.72315523222;0.0;0.0;103.25329847599403;235.8625620967505;0.5786520992451344;75847.72315523222;0.5883354385067838;0.22866328378771295;142.94997381359929;316.82875303159824;0.5786520992451344;75847.72315523222;0.5883354385067838;0.22866328378771295;141.0104669008722;325.9631433424815;0.5400000000000001;75847.72315523222;0.630447289911587;0.2613764457332137;95.30732743950989;239.20155750459674;0.5400000000000001;75847.72315523222;0.630447289911587;0.2613764457332137;95.2866121245122;239.16288401788321;0.5400000000000001;8543.001091721233;0.630447289911587;0.2613764457332137;87.38593230500231;2663.6348617251438;0.03865209924513424;8543.001091721233;0.0;0.0;42.75976160303901;179.06930375642935;0.03865209924513424;8543.001091721233;0.0;0.0;42.7618469423669;179.13721340731817;0.03865209924513424;75847.72315523222;0.0;0.0;"Zustand 3: Temperatur 416.100 K liegt außerhalb des Boryta-Prüfbereichs; Kristallisation wurde nicht bewertet.";"Zustand 4: Temperatur 414.160 K liegt außerhalb des Boryta-Prüfbereichs; Kristallisation wurde nicht bewertet.";Zustand 5: Kristallisationsprüfung bestanden (w_LiBr=0.6304 <= w_crit=0.6923, T=368.46 K >= T_crit=306.72 K).;Zustand 6: Kristallisationsprüfung bestanden (w_LiBr=0.6304 <= w_crit=0.6923, T=368.44 K >= T_crit=306.72 K).;"Zustand 20: Temperatur 425.245 K liegt außerhalb des Boryta-Prüfbereichs; Kristallisation wurde nicht bewertet.";5
series_evaporator_to_desorber;Serie Verdampfer → Desorber;series_evaporator_to_desorber;nan;100.0;30.0;100.0;8.0;8.0;4.0;100.0;0.5500000000000002;Abwärmetemperatur [°C];hot_temperature_C;100.0;10.0;10.0;25.0;15.0;11.0;nan;nan;9.908257164759338e-19;`gtol` termination condition is satisfied.;4;1.2159015118677313e-07;1.4077114167867886e-09;1;True;;True;0;zulässig;feasible;True;True;True;92.04487067059068;103.2188353012449;140.98796321287807;42.781066218604565;0.1193571154018226;0.2568072987390358;0.2289257019130701;0.2611175997080698;95.62568865154714;96.19401925548361;95.64148028689578;96.15433618344191;47.76834030543205;0.49858068028473496;14.206260621426756;40.71923975188679;0.0026273913016160466;0.02126404544934142;9.562568853168205;9.619401924949694;3.82565921159392;6.410289078504214;4.342576391795549;87.47768908368232;0.011690839782087431;2663.808015441001;235.91532521790825;207.19546144244651;0.006882576544308905;0.5818327486673417;0.5956593516245455;0.23405546562274837;5.788791668237536e-11;-4.318991386753623e-09;1.7839539623309975e-08;-7.09426017930781e-10;-2.952219801954925e-09;5.986677820146724e-09;5.878703746020619e-09;1.198650920741784e-07;5.788791668237536e-13;-4.318991386753623e-11;1.7839539623309973e-10;-7.09426017930781e-10;-2.952219801954925e-11;5.986677820146724e-11;5.87870374602062e-11;1.1986509207417839e-09;140.7192397518868;97.12457128638033;94.26447917253773;100.0;97.12457128638033;35.75323081671553;11.288624374176322;8.022121539882107;51.72445826696679;12.781066218604565;1.884098719109204;6.786790088855412;7.955129329409317;54.3414201706297;2.034158327004036;7.957664488649755;4.0;0.5500000000000002;75811.7831695747;8552.516838872387;8.864265876098546;1.884098719109204;deltaT_des_1_K;desorber;True;True;True;True;True;True;True;True;92.04487067059068;2662.8508833353685;0.03871532521165044;75811.7831695747;0.0;0.0;135.0;4.0;140.7192397518868;4.0;97.12457128638033;8.0;94.26447917253773;8.0;100.0;8.0;97.12457128638033;8.0;30.0;4.0;35.75323081671553;4.0;92.04487067059068;2662.8508833353685;0.004620949539106054;75811.7831695747;0.0;0.0;87.47768908368232;235.91532521790884;0.5887153252116506;8552.516838872387;0.5886955935800009;0.2289257019130701;152.0078641260631;345.2678052099227;0.5546209495391062;75811.7831695747;0.6248846510802512;0.2568072987390358;92.04487067059068;2662.8508833353685;0.03409437567254439;75811.7831695747;0.0;0.0;103.2188353012449;235.91532521790884;0.5887153252116506;75811.7831695747;0.5886955935800009;0.2289257019130701;143.0221215398821;317.0552892374606;0.5887153252116506;75811.7831695747;0.5886955935800009;0.2289257019130701;140.98796321287807;325.7961062301695;0.5500000000000002;75811.7831695747;0.6301347596820288;0.2611175997080698;95.26117081259514;238.94457840221654;0.5500000000000002;75811.7831695747;0.6301347596820288;0.2611175997080698;95.24047256727113;238.90591650139956;0.5500000000000002;8552.516838872387;0.6301347596820288;0.2611175997080698;87.47768908368232;2663.808015441001;0.03871532521165044;8552.516838872387;0.0;0.0;42.781066218604565;179.15836495746728;0.03871532521165044;8552.516838872387;0.0;0.0;42.78315111575063;179.2262293312586;0.03871532521165044;75811.7831695747;0.0;0.0;"Zustand 3: Temperatur 416.172 K liegt außerhalb des Boryta-Prüfbereichs; Kristallisation wurde nicht bewertet.";"Zustand 4: Temperatur 414.138 K liegt außerhalb des Boryta-Prüfbereichs; Kristallisation wurde nicht bewertet.";Zustand 5: Kristallisationsprüfung bestanden (w_LiBr=0.6301 <= w_crit=0.6923, T=368.41 K >= T_crit=306.62 K).;Zustand 6: Kristallisationsprüfung bestanden (w_LiBr=0.6301 <= w_crit=0.6923, T=368.39 K >= T_crit=306.62 K).;"Zustand 20: Temperatur 425.158 K liegt außerhalb des Boryta-Prüfbereichs; Kristallisation wurde nicht bewertet.";5
series_evaporator_to_desorber;Serie Verdampfer → Desorber;series_evaporator_to_desorber;nan;100.0;30.0;100.0;8.0;8.0;4.0;100.0;0.5600000000000002;Abwärmetemperatur [°C];hot_temperature_C;100.0;10.0;10.0;25.0;15.0;11.0;nan;nan;6.527343475084468e-19;`gtol` termination condition is satisfied.;4;9.534376845707478e-08;1.1425710896994084e-09;1;True;;True;0;zulässig;feasible;True;True;True;92.03260585186877;103.18779350141494;140.96232231729022;42.801736518884695;0.1207514727129339;0.25658175558481083;0.22917864836885693;0.26086549430174855;95.63043873486234;96.3495899423637;95.65317232151344;96.30258210700656;48.68209671595156;0.49819000748150516;14.441672182398621;40.71952384777887;0.0026298514016023945;0.021644397467271672;9.563043864094267;9.634958993770345;3.826126892958356;6.420172140160258;4.425645156324334;87.56643001242071;0.011592574971386539;2663.9754760859482;235.97110172337514;207.49415787621842;0.00694136347303842;0.5918353095414983;0.5959509913723946;0.23427263953580388;1.6282797332678456e-10;-3.6161154071123747e-09;1.4392639968718868e-08;-6.296546062323216e-10;-2.4454607228108216e-09;4.660250851884484e-09;4.602696890287916e-09;9.391966671046248e-08;1.6282797332678456e-12;-3.6161154071123744e-11;1.4392639968718868e-10;-6.296546062323216e-10;-2.4454607228108215e-11;4.6602508518844845e-11;4.6026968902879164e-11;9.391966671046247e-10;140.71952384777887;97.12013809488616;94.25969633886007;100.0;97.12013809488616;35.76253528363418;11.202986759728105;8.091529368914394;51.80389472878653;12.801736518884695;1.9247583181743266;6.693266326439357;7.967394148131234;54.316317109014506;2.129207051624178;7.971732044170949;4.0;0.5600000000000002;75776.9274035756;8561.757996638058;8.85062710641096;1.9247583181743266;deltaT_des_1_K;desorber;True;True;True;True;True;True;True;True;92.03260585186877;2662.8310255566594;0.03877667301453658;75776.9274035756;0.0;0.0;135.0;4.0;140.71952384777887;4.0;97.12013809488616;8.0;94.25969633886007;8.0;100.0;8.0;97.12013809488616;8.0;30.0;4.0;35.76253528363418;4.0;92.03260585186877;2662.8310255566594;0.004682340373413174;75776.9274035756;0.0;0.0;87.56643001242071;235.971101723376;0.5987766730145367;8561.757996638058;0.589042384825638;0.22917864836885693;151.92251060750698;345.0065036081288;0.5646823403734134;75776.9274035756;0.6246075268563592;0.25658175558481083;92.03260585186877;2662.8310255566594;0.0340943326411234;75776.9274035756;0.0;0.0;103.18779350141494;235.971101723376;0.5987766730145367;75776.9274035756;0.589042384825638;0.22917864836885693;143.0915293689144;317.27369567858455;0.5987766730145367;75776.9274035756;0.589042384825638;0.22917864836885693;140.96232231729022;325.62642624524653;0.5600000000000002;75776.9274035756;0.6298300704472212;0.26086549430174855;95.216061457244;238.69411068133812;0.5600000000000002;75776.9274035756;0.6298300704472212;0.26086549430174855;95.19537977671183;238.65545997157514;0.5600000000000002;8561.757996638058;0.6298300704472212;0.26086549430174855;87.56643001242071;2663.9754760859482;0.03877667301453658;8561.757996638058;0.0;0.0;42.801736518884695;179.24477455711346;0.03877667301453658;8561.757996638058;0.0;0.0;42.80382098587165;179.31259500681054;0.03877667301453658;75776.9274035756;0.0;0.0;"Zustand 3: Temperatur 416.242 K liegt außerhalb des Boryta-Prüfbereichs; Kristallisation wurde nicht bewertet.";"Zustand 4: Temperatur 414.112 K liegt außerhalb des Boryta-Prüfbereichs; Kristallisation wurde nicht bewertet.";Zustand 5: Kristallisationsprüfung bestanden (w_LiBr=0.6298 <= w_crit=0.6923, T=368.37 K >= T_crit=306.51 K).;Zustand 6: Kristallisationsprüfung bestanden (w_LiBr=0.6298 <= w_crit=0.6923, T=368.35 K >= T_crit=306.51 K).;"Zustand 20: Temperatur 425.073 K liegt außerhalb des Boryta-Prüfbereichs; Kristallisation wurde nicht bewertet.";5
series_evaporator_to_desorber;Serie Verdampfer → Desorber;series_evaporator_to_desorber;nan;100.0;30.0;100.0;8.0;8.0;4.0;100.0;0.5700000000000002;Abwärmetemperatur [°C];hot_temperature_C;100.0;10.0;10.0;25.0;15.0;11.0;nan;nan;4.401586114430599e-19;`gtol` termination condition is satisfied.;4;7.519795632161346e-08;9.382522170962986e-10;1;True;;True;0;zulässig;feasible;True;True;True;92.02068699693024;103.16001715154334;140.93372879028607;42.82182317533483;0.12217656252906105;0.2563607047091657;0.22942252137079208;0.26061982933555317;95.62674768588664;96.50076795639602;95.65621234360623;96.44664633667776;49.592495488170705;0.4977893007049825;14.67699210557434;40.71930309126117;0.0026322374510413075;0.02202472479949556;9.562674761189857;9.650076795271127;3.826248493828784;6.4297764222002005;4.5084086810290325;87.65230901591764;0.011499349646600503;2664.137532932677;236.02969725461787;207.7832201560645;0.007001221437565541;0.6018350738946038;0.5962326862185369;0.2344825885500747;2.519016106816707e-10;-3.1486493412558048e-09;1.1775284747272963e-08;-5.611376363567899e-10;-2.113381469825981e-09;3.6847467299594427e-09;3.6747564990946557e-09;7.398807611025404e-08;2.519016106816707e-12;-3.148649341255805e-11;1.1775284747272964e-10;-5.611376363567899e-10;-2.1133814698259813e-11;3.6847467299594425e-11;3.674756499094656e-11;7.398807611025405e-10;140.71930309126117;97.11582995404672;94.25529728826899;100.0;97.11582995404672;35.77157703088494;11.119652311603318;8.158298064954465;51.880731985032696;12.821823175334828;1.9645144357909317;6.602988272351354;7.9793130030697625;54.29192273086113;2.224569274668397;7.988036050864082;4.0;0.5700000000000002;75743.06762710598;8570.74646479345;8.8373944951283;1.9645144357909317;deltaT_des_1_K;desorber;True;True;True;True;True;True;True;True;92.02068699693024;2662.8117272185423;0.038836295332169146;75743.06762710598;0.0;0.0;135.0;4.0;140.71930309126117;4.0;97.11582995404672;8.0;94.25529728826899;8.0;100.0;8.0;97.11582995404672;8.0;30.0;4.0;35.77157703088494;4.0;92.02068699693024;2662.8117272185423;0.0047448850650478455;75743.06762710598;0.0;0.0;87.65230901591764;236.0296972546181;0.6088362953321693;8570.74646479345;0.5893763980889781;0.22942252137079208;151.83895540286449;344.75066715560706;0.5747448850650481;75743.06762710598;0.6243356881536006;0.2563607047091657;92.02068699693024;2662.8117272185423;0.0340914102671213;75743.06762710598;0.0;0.0;103.16001715154334;236.0296972546181;0.6088362953321693;75743.06762710598;0.5893763980889781;0.22942252137079208;143.15829806495447;317.48426208327044;0.6088362953321693;75743.06762710598;0.5893763980889781;0.22942252137079208;140.93372879028607;325.4542929591399;0.5700000000000002;75743.06762710598;0.6295328820503705;0.26061982933555317;95.17198110067926;238.44991491015955;0.5700000000000002;75743.06762710598;0.6295328820503705;0.26061982933555317;95.15131551825579;238.41127504209027;0.5700000000000002;8570.74646479345;0.6295328820503705;0.26061982933555317;87.65230901591764;2664.137532932677;0.038836295332169146;8570.74646479345;0.0;0.0;42.82182317533483;179.32874437498364;0.038836295332169146;8570.74646479345;0.0;0.0;42.823907223185586;179.3965221439116;0.038836295332169146;75743.06762710598;0.0;0.0;"Zustand 3: Temperatur 416.308 K liegt außerhalb des Boryta-Prüfbereichs; Kristallisation wurde nicht bewertet.";"Zustand 4: Temperatur 414.084 K liegt außerhalb des Boryta-Prüfbereichs; Kristallisation wurde nicht bewertet.";Zustand 5: Kristallisationsprüfung bestanden (w_LiBr=0.6295 <= w_crit=0.6923, T=368.32 K >= T_crit=306.41 K).;Zustand 6: Kristallisationsprüfung bestanden (w_LiBr=0.6295 <= w_crit=0.6922, T=368.30 K >= T_crit=306.41 K).;"Zustand 20: Temperatur 424.989 K liegt außerhalb des Boryta-Prüfbereichs; Kristallisation wurde nicht bewertet.";5
series_evaporator_to_desorber;Serie Verdampfer → Desorber;series_evaporator_to_desorber;nan;100.0;30.0;100.0;8.0;8.0;4.0;100.0;0.5800000000000002;Abwärmetemperatur [°C];hot_temperature_C;100.0;10.0;10.0;25.0;15.0;11.0;nan;nan;3.040349513071641e-19;`gtol` termination condition is satisfied.;4;5.966310899044341e-08;7.797883704020778e-10;1;True;;True;0;zulässig;feasible;True;True;True;92.00908585683948;103.13535791537157;140.90235548914666;42.841372955412;0.12363188474396267;0.2561439710812869;0.22965769816204273;0.2603803211365926;95.61503926838009;96.64790528289957;95.65103466266208;96.58687031963287;50.499510279692124;0.4973786999873215;14.912198132134296;40.7186028270562;0.0026345554993179223;0.022405013793481917;9.561503920972692;9.66479052800533;3.826041386578323;6.439124687781849;4.590864571127159;87.7354703883293;0.011410913622013763;2664.294457211827;236.0909294569874;208.06308543799585;0.007062149775083237;0.6118321832307371;0.5965048521710724;0.23468560450937928;3.0802738137936103e-10;-2.7066207053394464e-09;9.594401717549772e-09;-5.021219551260003e-10;-1.7959962406166596e-09;2.846277880053094e-09;2.905139240283461e-09;5.865317120878899e-08;3.0802738137936103e-12;-2.7066207053394464e-11;9.594401717549772e-11;-5.021219551260003e-10;-1.7959962406166595e-11;2.8462778800530943e-11;2.9051392402834607e-11;5.865317120878899e-10;140.7186028270562;97.11163665312102;94.2512588222998;100.0;97.11163665312102;35.78037711022125;11.038508524293718;8.222523804892887;51.95509327810805;12.841372955411998;2.003375556490653;6.515788433970499;7.9909141431605235;54.2681800589333;2.32016831574623;8.006446903033122;4.0;0.5800000000000002;75710.12253207837;8579.502496520732;8.824535287772372;2.003375556490653;deltaT_des_1_K;desorber;True;True;True;True;True;True;True;True;92.00908585683948;2662.79294264006;0.038894333005820125;75710.12253207837;0.0;0.0;135.0;4.0;140.7186028270562;4.0;97.11163665312102;8.0;94.2512588222998;8.0;100.0;8.0;97.11163665312102;8.0;30.0;4.0;35.78037711022125;4.0;92.00908585683948;2662.79294264006;0.004808579695368857;75710.12253207837;0.0;0.0;87.7354703883293;236.09092945698777;0.6188943330058203;8579.502496520732;0.5896981868278363;0.22965769816204273;151.75711135134992;344.50004922771507;0.584808579695369;75710.12253207837;0.6240689332974356;0.2561439710812869;92.00908585683948;2662.79294264006;0.03408575331045127;75710.12253207837;0.0;0.0;103.13535791537157;236.09092945698777;0.6188943330058203;75710.12253207837;0.5896981868278363;0.22965769816204273;143.2225238048929;317.68726599868495;0.6188943330058203;75710.12253207837;0.5896981868278363;0.22965769816204273;140.90235548914666;325.2798834939459;0.5800000000000002;75710.12253207837;0.6292428724337159;0.2603803211365926;95.12891101233845;238.211762322594;0.5800000000000002;75710.12253207837;0.6292428724337159;0.2603803211365926;95.10826109663037;238.17313298846733;0.5800000000000002;8579.502496520732;0.6292428724337159;0.2603803211365926;87.7354703883293;2664.294457211827;0.038894333005820125;8579.502496520732;0.0;0.0;42.841372955412;179.41046991122886;0.038894333005820125;8579.502496520732;0.0;0.0;42.84345659418773;179.4782061415667;0.038894333005820125;75710.12253207837;0.0;0.0;"Zustand 3: Temperatur 416.373 K liegt außerhalb des Boryta-Prüfbereichs; Kristallisation wurde nicht bewertet.";"Zustand 4: Temperatur 414.052 K liegt außerhalb des Boryta-Prüfbereichs; Kristallisation wurde nicht bewertet.";Zustand 5: Kristallisationsprüfung bestanden (w_LiBr=0.6292 <= w_crit=0.6922, T=368.28 K >= T_crit=306.32 K).;Zustand 6: Kristallisationsprüfung bestanden (w_LiBr=0.6292 <= w_crit=0.6922, T=368.26 K >= T_crit=306.32 K).;"Zustand 20: Temperatur 424.907 K liegt außerhalb des Boryta-Prüfbereichs; Kristallisation wurde nicht bewertet.";5
series_evaporator_to_desorber;Serie Verdampfer → Desorber;series_evaporator_to_desorber;nan;100.0;30.0;100.0;8.0;8.0;4.0;100.0;0.5900000000000002;Abwärmetemperatur [°C];hot_temperature_C;100.0;10.0;10.0;25.0;15.0;11.0;nan;nan;2.148834939519245e-19;`gtol` termination condition is satisfied.;4;4.760736016570323e-08;6.555661582966658e-10;1;True;;True;0;zulässig;feasible;True;True;True;91.99777635741219;103.1136747281169;140.86836428037373;42.860429057138845;0.12511694347258082;0.25593138817755345;0.2298845362501266;0.2601467014236646;95.59570813585782;96.79132704281466;95.63804389986728;96.72356921683867;51.40311805819162;0.4969583410483246;15.147268914308059;40.71744665884319;0.002636811108659724;0.022785251211991087;9.559570808911735;9.679132704057858;3.825521756054455;6.44823794763242;4.673010732770675;87.81604949557652;0.011327031368195403;2664.446503423579;236.15462727864755;208.33416578641967;0.007124146755252303;0.6218267693034631;0.596767882677019;0.2348819640077802;3.5417002663962194e-10;-2.285801770085527e-09;7.966804105308256e-09;-4.507119122365566e-10;-1.4941008430469083e-09;2.2360779894370353e-09;2.3523654135715333e-09;4.6740467496420024e-08;3.5417002663962193e-12;-2.285801770085527e-11;7.966804105308257e-11;-4.507119122365566e-10;-1.4941008430469084e-11;2.2360779894370353e-11;2.3523654135715332e-11;4.674046749642002e-10;140.7174466588432;97.10754876743903;94.24755941636641;100.0;97.10754876743903;35.78895496667553;10.959449802691665;8.284298386952912;52.02709452890099;12.860429057138845;2.0413512862045877;6.4315099207898925;8.002223642587808;54.24503647136845;2.4159341065791864;8.026842599126041;4.0;0.5900000000000002;75678.01712833463;8588.044835466588;8.81201933364418;2.0413512862045877;deltaT_des_1_K;desorber;True;True;True;True;True;True;True;True;91.99777635741219;2662.774629653803;0.03895091605871526;75678.01712833463;0.0;0.0;135.0;4.0;140.7174466588432;4.0;97.10754876743903;8.0;94.24755941636641;8.0;100.0;8.0;97.10754876743903;8.0;30.0;4.0;35.78895496667553;4.0;91.99777635741219;2662.774629653803;0.0048734195627235175;75678.01712833463;0.0;0.0;87.81604949557652;236.15462727864875;0.6289509160587154;8588.044835466588;0.5900082741504048;0.2298845362501266;151.67689646153485;344.2544169873725;0.5948734195627237;75678.01712833463;0.62380707013705;0.25593138817755345;91.99777635741219;2662.774629653803;0.03407749649599174;75678.01712833463;0.0;0.0;103.1136747281169;236.15462727864875;0.6289509160587154;75678.01712833463;0.5900082741504048;0.2298845362501266;143.2842983869529;317.88297323655956;0.6289509160587154;75678.01712833463;0.5900082741504048;0.2298845362501266;140.86836428037373;325.10336316870865;0.5900000000000002;75678.01712833463;0.6289597364561333;0.2601467014236646;95.08683212899086;237.97943425711978;0.5900000000000002;75678.01712833463;0.6289597364561333;0.2601467014236646;95.06619748123444;237.94081518726895;0.5900000000000002;8588.044835466588;0.6289597364561333;0.2601467014236646;87.81604949557652;2664.446503423579;0.03895091605871526;8588.044835466588;0.0;0.0;42.860429057138845;179.49013174518782;0.03895091605871526;8588.044835466588;0.0;0.0;42.86251229607058;179.55782748576257;0.03895091605871526;75678.01712833463;0.0;0.0;"Zustand 3: Temperatur 416.434 K liegt außerhalb des Boryta-Prüfbereichs; Kristallisation wurde nicht bewertet.";"Zustand 4: Temperatur 414.018 K liegt außerhalb des Boryta-Prüfbereichs; Kristallisation wurde nicht bewertet.";Zustand 5: Kristallisationsprüfung bestanden (w_LiBr=0.6290 <= w_crit=0.6922, T=368.24 K >= T_crit=306.23 K).;Zustand 6: Kristallisationsprüfung bestanden (w_LiBr=0.6290 <= w_crit=0.6922, T=368.22 K >= T_crit=306.23 K).;"Zustand 20: Temperatur 424.827 K liegt außerhalb des Boryta-Prüfbereichs; Kristallisation wurde nicht bewertet.";5
series_evaporator_to_desorber;Serie Verdampfer → Desorber;series_evaporator_to_desorber;nan;100.0;30.0;100.0;8.0;8.0;4.0;100.0;0.6000000000000002;Abwärmetemperatur [°C];hot_temperature_C;100.0;10.0;10.0;25.0;15.0;11.0;nan;nan;1.5525740249327753e-19;`gtol` termination condition is satisfied.;4;3.818367855637906e-08;5.572385530332185e-10;1;True;;True;0;zulässig;feasible;True;True;True;91.98673441323825;103.09483347323288;140.8319067387107;42.87903141220886;0.12663124807032505;0.2557227974364148;0.23010337456978938;0.2599187162845826;95.56912211817951;96.93133377360927;95.61761730794692;96.85703415059774;52.303298714672245;0.4965283552611771;15.38218396670603;40.71585658601555;0.002639009397874262;0.02316542422046994;9.556912208074012;9.693133377184289;3.8247046923741355;6.457135609916609;4.754845337877851;87.89417342006692;0.01124748106231008;2664.59391054205;236.22063028779664;208.5968498586711;0.00718720973524789;0.6318189548834222;0.5970221500440517;0.2350719293073653;3.7417891007862636e-10;-1.984112429909146e-09;6.597588253498543e-09;-4.0587183613993716e-10;-1.4064767128729727e-09;1.7663808193901787e-09;1.8486048247723375e-09;3.7439392031046737e-08;3.741789100786264e-12;-1.984112429909146e-11;6.597588253498544e-11;-4.0587183613993716e-10;-1.4064767128729728e-11;1.7663808193901787e-11;1.8486048247723373e-11;3.743939203104674e-10;140.71585658601555;97.10355759119028;94.24417908317753;100.0;97.10355759119028;35.79732857497663;10.88237693883326;8.34370943384323;52.09684484509029;12.87903141220886;2.07845217550107;6.350005663110608;8.013265586761747;54.222443331453746;2.5118026951325305;8.049108309171515;4.0;0.6000000000000002;75646.68219760388;8596.390840433885;8.79981885441888;2.07845217550107;deltaT_des_1_K;desorber;True;True;True;True;True;True;True;True;91.98673441323825;2662.7567493057627;0.0390061646186699;75646.68219760388;0.0;0.0;135.0;4.0;140.71585658601555;4.0;97.10355759119028;8.0;94.24417908317753;8.0;100.0;8.0;97.10355759119028;8.0;30.0;4.0;35.79732857497663;4.0;91.98673441323825;2662.7567493057627;0.004939399308098724;75646.68219760388;0.0;0.0;87.89417342006692;236.2206302877985;0.6390061646186701;8596.390840433885;0.5903071547176516;0.23010337456978938;151.5982335248488;344.01355039951056;0.6049393993080989;75646.68219760388;0.623549915446726;0.2557227974364148;91.98673441323825;2662.7567493057627;0.03406676531057118;75646.68219760388;0.0;0.0;103.09483347323288;236.2206302877985;0.6390061646186701;75646.68219760388;0.5903071547176516;0.23010337456978938;143.34370943384323;318.0716383228845;0.6390061646186701;75646.68219760388;0.5903071547176516;0.23010337456978938;140.8319067387107;324.92488615661296;0.6000000000000002;75646.68219760388;0.628683184805144;0.2599187162845826;95.04572516406137;237.75272163278288;0.6000000000000002;75646.68219760388;0.628683184805144;0.2599187162845826;95.02510541568921;237.71411259241543;0.6000000000000002;8596.390840433885;0.628683184805144;0.2599187162845826;87.89417342006692;2664.59391054205;0.0390061646186699;8596.390840433885;0.0;0.0;42.87903141220886;179.567896802312;0.0390061646186699;8596.390840433885;0.0;0.0;42.881114259736535;179.63555301572526;0.0390061646186699;75646.68219760388;0.0;0.0;"Zustand 3: Temperatur 416.494 K liegt außerhalb des Boryta-Prüfbereichs; Kristallisation wurde nicht bewertet.";"Zustand 4: Temperatur 413.982 K liegt außerhalb des Boryta-Prüfbereichs; Kristallisation wurde nicht bewertet.";Zustand 5: Kristallisationsprüfung bestanden (w_LiBr=0.6287 <= w_crit=0.6922, T=368.20 K >= T_crit=306.14 K).;Zustand 6: Kristallisationsprüfung bestanden (w_LiBr=0.6287 <= w_crit=0.6922, T=368.18 K >= T_crit=306.14 K).;"Zustand 20: Temperatur 424.748 K liegt außerhalb des Boryta-Prüfbereichs; Kristallisation wurde nicht bewertet.";5
series_evaporator_to_desorber;Serie Verdampfer → Desorber;series_evaporator_to_desorber;nan;100.0;30.0;100.0;8.0;8.0;4.0;100.0;0.6100000000000002;Abwärmetemperatur [°C];hot_temperature_C;100.0;10.0;10.0;25.0;15.0;11.0;nan;nan;1.1468876671204838e-19;`gtol` termination condition is satisfied.;4;3.079609174877373e-08;4.789337463826252e-10;1;True;;True;0;zulässig;feasible;True;True;True;91.97593775934081;103.07870665840477;140.79312481436887;42.89721696058058;0.12817431391034517;0.25551804776235204;0.23031453457664078;0.25969612523695096;95.535624313359;97.0682034961217;95.59010689470401;96.98753423972221;53.20003472644158;0.49608886966619165;15.616923620811653;40.713853128789424;0.002641155081696891;0.02354552037406138;9.553562428320575;9.706820349472034;3.823604275835797;6.465835615879137;4.836366793469495;87.96996155306164;0.011172053698445459;2664.7369031222165;236.2887880142728;208.8515044632264;0.0072513352934530095;0.6418088544603789;0.5972680067642707;0.23525574919678477;4.012790100205166e-10;-1.7228671822522301e-09;5.4934901072556386e-09;-3.6681202519872613e-10;-1.1909122576980735e-09;1.4013608051755e-09;1.5351560023191269e-09;3.015324523403251e-08;4.012790100205166e-12;-1.72286718225223e-11;5.493490107255638e-11;-3.6681202519872613e-10;-1.1909122576980735e-11;1.4013608051755e-11;1.5351560023191268e-11;3.015324523403251e-10;140.71385312878942;97.09965507656335;94.24109924837245;100.0;97.09965507656335;35.80551456316516;10.807196636261551;8.400840590191308;52.164446989896476;12.897216960580579;2.1146895632631413;6.271137695310813;8.024062240659191;54.20035565221474;2.6077157758224416;8.07313595551443;4.0;0.6100000000000002;75616.05379997178;8604.556598780842;8.787908235816081;2.1146895632631413;deltaT_des_1_K;desorber;True;True;True;True;True;True;True;True;91.97593775934081;2662.7392655835984;0.03906018975383174;75616.05379997178;0.0;0.0;135.0;4.0;140.71385312878942;4.0;97.09965507656335;8.0;94.24109924837245;8.0;100.0;8.0;97.09965507656335;8.0;30.0;4.0;35.80551456316516;4.0;91.97593775934081;2662.7392655835984;0.005006513022905278;75616.05379997178;0.0;0.0;87.96996155306164;236.2887880142716;0.649060189753832;8604.556598780842;0.5905952965203368;0.23031453457664078;151.52104976505098;343.7772413358985;0.6150065130229054;75616.05379997178;0.6232972943812476;0.25551804776235204;91.97593775934081;2662.7392655835984;0.03405367673092646;75616.05379997178;0.0;0.0;103.07870665840477;236.2887880142716;0.649060189753832;75616.05379997178;0.5905952965203368;0.23031453457664078;143.4008405901913;318.25350494848794;0.649060189753832;75616.05379997178;0.5905952965203368;0.23031453457664078;140.79312481436887;324.7445961415945;0.6100000000000002;75616.05379997178;0.6284129429954267;0.25969612523695096;95.00557070289034;237.53142445956126;0.6100000000000002;75616.05379997178;0.6284129429954267;0.25969612523695096;94.98496551330021;237.4928252458333;0.6100000000000002;8604.556598780842;0.6284129429954267;0.25969612523695096;87.96996155306164;2664.7369031222165;0.03906018975383174;8604.556598780842;0.0;0.0;42.89721696058058;179.64391950199584;0.03906018975383174;8604.556598780842;0.0;0.0;42.89929942434861;179.71153707114595;0.03906018975383174;75616.05379997178;0.0;0.0;"Zustand 3: Temperatur 416.551 K liegt außerhalb des Boryta-Prüfbereichs; Kristallisation wurde nicht bewertet.";"Zustand 4: Temperatur 413.943 K liegt außerhalb des Boryta-Prüfbereichs; Kristallisation wurde nicht bewertet.";Zustand 5: Kristallisationsprüfung bestanden (w_LiBr=0.6284 <= w_crit=0.6921, T=368.16 K >= T_crit=306.05 K).;Zustand 6: Kristallisationsprüfung bestanden (w_LiBr=0.6284 <= w_crit=0.6921, T=368.13 K >= T_crit=306.05 K).;"Zustand 20: Temperatur 424.671 K liegt außerhalb des Boryta-Prüfbereichs; Kristallisation wurde nicht bewertet.";5
series_evaporator_to_desorber;Serie Verdampfer → Desorber;series_evaporator_to_desorber;nan;100.0;30.0;100.0;8.0;8.0;4.0;100.0;0.6200000000000002;Abwärmetemperatur [°C];hot_temperature_C;100.0;10.0;10.0;25.0;15.0;11.0;nan;nan;8.620010993582135e-20;`gtol` termination condition is satisfied.;4;2.4891231055043273e-08;4.152110546115586e-10;1;True;;True;0;zulässig;feasible;True;True;True;91.96536579853688;103.06517309493137;140.7521514662539;42.915019899540425;0.12974566294877682;0.2553169950742021;0.230518321274368;0.2594787003634153;95.49553500208853;97.20219358901768;95.555841367401;97.1153184439956;54.09331086275048;0.49564000702319916;15.851468982444546;40.711455442708655;0.0026432525062169525;0.02392552760431337;9.549553497775973;9.720219358794706;3.822233654741148;6.474354562851412;4.917573714933182;88.04352613928006;0.011100552255534813;2664.87569231788;236.35895931915664;209.09847600148467;0.0073165193448113675;0.65179657488555;0.5975057867464255;0.23543365979391545;4.0094505493470933e-10;-1.5145218412726535e-09;4.604430614563171e-09;-3.323460950888091e-10;-1.127702375924855e-09;1.0706173725338886e-09;1.224435663971235e-09;2.4328798531314533e-08;4.009450549347093e-12;-1.5145218412726535e-11;4.604430614563171e-11;-3.323460950888091e-10;-1.127702375924855e-11;1.0706173725338885e-11;1.224435663971235e-11;2.432879853131453e-10;140.71145544270865;97.09583377858866;94.23830263721902;100.0;97.09583377858866;35.81352832470202;10.733821077216646;8.45577171327136;52.22999781457804;12.915019899540425;2.1500754387271286;6.19477649793896;8.03463420146312;54.17873179203161;2.7036202470174544;8.098823809581233;4.0;0.6200000000000002;75586.07282701615;8612.55702965257;8.776263839737418;2.1500754387271286;deltaT_des_1_K;desorber;True;True;True;True;True;True;True;True;91.96536579853688;2662.7221451702226;0.039113094230361134;75586.07282701615;0.0;0.0;135.0;4.0;140.71145544270865;4.0;97.09583377858866;8.0;94.23830263721902;8.0;100.0;8.0;97.09583377858866;8.0;30.0;4.0;35.81352832470202;4.0;91.96536579853688;2662.7221451702226;0.005074754340896183;75586.07282701615;0.0;0.0;88.04352613928006;236.3589593191573;0.6591130942303614;8612.55702965257;0.5908731425376624;0.230518321274368;151.4452765199253;343.54529276114357;0.6250747543408964;75586.07282701615;0.6230490399802115;0.2553169950742021;91.96536579853688;2662.7221451702226;0.034038339889464954;75586.07282701615;0.0;0.0;103.06517309493137;236.3589593191573;0.6591130942303614;75586.07282701615;0.5908731425376624;0.230518321274368;143.45577171327136;318.42880641560225;0.6591130942303614;75586.07282701615;0.5908731425376624;0.230518321274368;140.7521514662539;324.56262696362023;0.6200000000000002;75586.07282701615;0.6281487504445418;0.2594787003634153;94.96634928535013;237.31535137918553;0.6200000000000002;75586.07282701615;0.6281487504445418;0.2594787003634153;94.94575833986153;237.2767618185334;0.6200000000000002;8612.55702965257;0.6281487504445418;0.2594787003634153;88.04352613928006;2664.87569231788;0.039113094230361134;8612.55702965257;0.0;0.0;42.915019899540425;179.71834279871348;0.039113094230361134;8612.55702965257;0.0;0.0;42.91710198655704;179.78592253277003;0.039113094230361134;75586.07282701615;0.0;0.0;"Zustand 3: Temperatur 416.606 K liegt außerhalb des Boryta-Prüfbereichs; Kristallisation wurde nicht bewertet.";"Zustand 4: Temperatur 413.902 K liegt außerhalb des Boryta-Prüfbereichs; Kristallisation wurde nicht bewertet.";Zustand 5: Kristallisationsprüfung bestanden (w_LiBr=0.6281 <= w_crit=0.6921, T=368.12 K >= T_crit=305.97 K).;Zustand 6: Kristallisationsprüfung bestanden (w_LiBr=0.6281 <= w_crit=0.6921, T=368.10 K >= T_crit=305.97 K).;"Zustand 20: Temperatur 424.595 K liegt außerhalb des Boryta-Prüfbereichs; Kristallisation wurde nicht bewertet.";5
series_evaporator_to_desorber;Serie Verdampfer → Desorber;series_evaporator_to_desorber;nan;100.0;30.0;100.0;8.0;8.0;4.0;100.0;0.6300000000000002;Abwärmetemperatur [°C];hot_temperature_C;100.0;10.0;10.0;25.0;15.0;11.0;nan;nan;6.598225755516931e-20;`gtol` termination condition is satisfied.;4;2.023019440721151e-08;3.6326920473711864e-10;1;True;;True;0;zulässig;feasible;True;True;True;91.95499946295877;103.05411758335441;140.70911126018115;42.93247190991184;0.13134482413902573;0.25511950189309873;0.23071502417852932;0.2592662255139732;95.44915340194262;97.33354249139283;95.51512791542618;97.24061723842487;54.983113927630214;0.4951818858927311;16.085801891816104;40.70868142356119;0.002645305680846921;0.024305434205798917;9.544915338220102;9.733354249060508;3.8206051166573403;6.482707815830437;4.998464902631339;88.11497277792546;0.011032790920028016;2665.0104768184165;236.4310117941626;209.33809180219205;0.007382757240326221;0.6617822159600789;0.5977358064625978;0.2356058852958554;4.022169264317199e-10;-1.314511166583543e-09;3.86989995604381e-09;-3.0174085452472355e-10;-1.0073222256323788e-09;7.877503094277927e-10;9.683134294391493e-10;1.9741605683520902e-08;4.0221692643171995e-12;-1.314511166583543e-11;3.8698999560438094e-11;-3.0174085452472355e-10;-1.0073222256323789e-11;7.877503094277927e-12;9.683134294391493e-12;1.9741605683520902e-10;140.7086814235612;97.092086805071;94.23577317123647;100.0;97.092086805071;35.8213841202986;10.662167528345435;8.508579056517021;52.293588657626856;12.93247190991184;2.1846223198110124;6.120800393311015;8.045000537041233;54.15753317854063;2.7994677963358754;8.126076106071594;4.0;0.6300000000000002;75556.68459693705;8620.405978066136;8.764863834625004;2.1846223198110124;deltaT_des_1_K;desorber;True;True;True;True;True;True;True;True;91.95499946295877;2662.7053572202194;0.03916497320040491;75556.68459693705;0.0;0.0;135.0;4.0;140.7086814235612;4.0;97.092086805071;8.0;94.23577317123647;8.0;100.0;8.0;97.092086805071;8.0;30.0;4.0;35.8213841202986;4.0;91.95499946295877;2662.7053572202194;0.005144116517416838;75556.68459693705;0.0;0.0;88.11497277792546;236.4310117941624;0.6691649732004051;8620.405978066136;0.5911411122844816;0.23071502417852932;151.37084895190662;343.31751799151726;0.6351441165174171;75556.68459693705;0.6228049927160054;0.25511950189309873;91.95499946295877;2662.7053572202194;0.03402085668298807;75556.68459693705;0.0;0.0;103.05411758335441;236.4310117941624;0.6691649732004051;75556.68459693705;0.5911411122844816;0.23071502417852932;143.50857905651702;318.59776607698643;0.6691649732004051;75556.68459693705;0.5911411122844816;0.23071502417852932;140.70911126018115;324.3791032451646;0.6300000000000002;75556.68459693705;0.6278903596182582;0.2592662255139732;94.92804147728282;237.1043192336916;0.6300000000000002;75556.68459693705;0.6278903596182582;0.2592662255139732;94.90746448526;237.06573917939667;0.6300000000000002;8620.405978066136;0.6278903596182582;0.2592662255139732;88.11497277792546;2665.0104768184165;0.03916497320040491;8620.405978066136;0.0;0.0;42.93247190991184;179.79129912760783;0.03916497320040491;8620.405978066136;0.0;0.0;42.93455362653037;179.85884176748942;0.03916497320040491;75556.68459693705;0.0;0.0;"Zustand 3: Temperatur 416.659 K liegt außerhalb des Boryta-Prüfbereichs; Kristallisation wurde nicht bewertet.";"Zustand 4: Temperatur 413.859 K liegt außerhalb des Boryta-Prüfbereichs; Kristallisation wurde nicht bewertet.";Zustand 5: Kristallisationsprüfung bestanden (w_LiBr=0.6279 <= w_crit=0.6921, T=368.08 K >= T_crit=305.88 K).;Zustand 6: Kristallisationsprüfung bestanden (w_LiBr=0.6279 <= w_crit=0.6921, T=368.06 K >= T_crit=305.88 K).;"Zustand 20: Temperatur 424.521 K liegt außerhalb des Boryta-Prüfbereichs; Kristallisation wurde nicht bewertet.";5
series_evaporator_to_desorber;Serie Verdampfer → Desorber;series_evaporator_to_desorber;nan;100.0;30.0;100.0;8.0;8.0;4.0;100.0;0.6400000000000002;Abwärmetemperatur [°C];hot_temperature_C;100.0;10.0;10.0;25.0;15.0;11.0;nan;nan;5.1366633715321635e-20;`gtol` termination condition is satisfied.;4;1.654631065172637e-08;3.2052030736077126e-10;1;True;;True;0;zulässig;feasible;True;True;True;91.94482108832005;103.04543060782999;140.66412093238034;42.949602361512916;0.13297133370311695;0.25492543696333275;0.23090491822137724;0.25905849556961835;95.39675927397789;97.46247124909671;95.46825384353974;97.36364413280542;55.86943253498462;0.49471462074018635;16.31990488627863;40.705547803467596;0.0026473183071679786;0.024685228822797427;9.539675925787057;9.746247124845857;3.818730153777987;6.490909608799438;5.079039321467649;88.18440088404321;0.010968594360447392;2665.1414437116155;236.50482119296439;209.57066135796072;0.0074500438528941615;0.671765870973797;0.5979583660169604;0.2357726386807979;4.005329401479685e-10;-1.1595204796321923e-09;3.294957195976167e-09;-2.745227933864669e-10;-9.099352382690995e-10;6.38138430986146e-10;8.138556495396188e-10;1.610732169865514e-08;4.005329401479685e-12;-1.1595204796321924e-11;3.294957195976167e-11;-2.745227933864669e-10;-9.099352382690994e-12;6.38138430986146e-12;8.138556495396188e-12;1.6107321698655142e-10;140.7055478034676;97.08840777114818;94.23349587391317;100.0;97.08840777114818;35.829095170400535;10.592157980410889;8.559335445912325;52.35530571364268;12.949602361512916;2.218343146066502;6.049094989869957;8.055178911679945;54.13672405766471;2.8952145135319824;8.154802675875942;4.0;0.6400000000000002;75527.83848740699;8628.116300638725;8.753688042176227;2.218343146066502;deltaT_des_1_K;desorber;True;True;True;True;True;True;True;True;91.94482108832005;2662.688873156799;0.039215914826690956;75527.83848740699;0.0;0.0;135.0;4.0;140.7055478034676;4.0;97.08840777114818;8.0;94.23349587391317;8.0;100.0;8.0;97.08840777114818;8.0;30.0;4.0;35.829095170400535;4.0;91.94482108832005;2662.688873156799;0.005214592496892935;75527.83848740699;0.0;0.0;88.18440088404321;236.50482119296572;0.6792159148266912;8628.116300638725;0.5913996032556844;0.23090491822137724;151.29770578387848;343.093740016529;0.6452145924968932;75527.83848740699;0.6225650000777205;0.25492543696333275;91.94482108832005;2662.688873156799;0.03400132232979802;75527.83848740699;0.0;0.0;103.04543060782999;236.50482119296572;0.6792159148266912;75527.83848740699;0.5913996032556844;0.23090491822137724;143.55933544591232;318.76059776622265;0.6792159148266912;75527.83848740699;0.5913996032556844;0.23090491822137724;140.66412093238034;324.1941409949545;0.6400000000000002;75527.83848740699;0.6276375352397684;0.25905849556961835;94.89062793195404;236.89815265966692;0.6400000000000002;75527.83848740699;0.6276375352397684;0.25905849556961835;94.87006462508168;236.8595819896313;0.6400000000000002;8628.116300638725;0.6276375352397684;0.25905849556961835;88.18440088404321;2665.1414437116155;0.039215914826690956;8628.116300638725;0.0;0.0;42.949602361512916;179.8629112632982;0.039215914826690956;8628.116300638725;0.0;0.0;42.951683713483476;179.93041748669927;0.039215914826690956;75527.83848740699;0.0;0.0;"Zustand 3: Temperatur 416.709 K liegt außerhalb des Boryta-Prüfbereichs; Kristallisation wurde nicht bewertet.";"Zustand 4: Temperatur 413.814 K liegt außerhalb des Boryta-Prüfbereichs; Kristallisation wurde nicht bewertet.";Zustand 5: Kristallisationsprüfung bestanden (w_LiBr=0.6276 <= w_crit=0.6921, T=368.04 K >= T_crit=305.81 K).;Zustand 6: Kristallisationsprüfung bestanden (w_LiBr=0.6276 <= w_crit=0.6920, T=368.02 K >= T_crit=305.81 K).;"Zustand 20: Temperatur 424.448 K liegt außerhalb des Boryta-Prüfbereichs; Kristallisation wurde nicht bewertet.";5
series_evaporator_to_desorber;Serie Verdampfer → Desorber;series_evaporator_to_desorber;nan;100.0;30.0;100.0;8.0;8.0;4.0;100.0;0.6500000000000002;Abwärmetemperatur [°C];hot_temperature_C;100.0;10.0;10.0;25.0;15.0;11.0;nan;nan;4.0423485551077895e-20;`gtol` termination condition is satisfied.;4;1.3517850924896414e-08;2.843360179473501e-10;1;True;;True;0;zulässig;feasible;True;True;True;91.93481429964294;103.03900804068508;140.61728991853488;42.96643850004364;0.1346247352904967;0.25473467490289986;0.23108826460056292;0.25885531576133547;95.3386143955826;97.58918492108262;95.41548806997588;97.484597052851;56.752256911743736;0.4942383220560885;16.553761165460646;40.70207023897024;0.0026492938050054903;0.025064900436125477;9.5338614382451;9.758918492060339;3.8166195228266147;6.498973136810901;5.159296082978651;88.25190411365224;0.010907797050852475;2665.268769278964;236.58027089444175;209.79647747141337;0.00751837365132868;0.6817476271990537;0.5981737501416081;0.2359341223645006;4.028137823297584e-10;-1.0214264989372168e-09;2.8013573682983406e-09;-2.5015994831179e-10;-6.894822490721708e-10;4.792326535607572e-10;6.874927294120425e-10;1.3131597143001272e-08;4.028137823297584e-12;-1.0214264989372168e-11;2.8013573682983406e-11;-2.5015994831179e-10;-6.894822490721708e-12;4.792326535607572e-12;6.874927294120425e-12;1.3131597143001274e-10;140.70207023897024;97.08479075798891;94.23145678460446;100.0;97.08479075798891;35.836673739299215;10.523718818652412;8.608110448949901;52.41523037435303;12.966438500043637;2.2512511845816334;5.979552670952216;8.065185700357063;54.11627126541356;2.9908205304150215;8.184918597975923;4.0;0.6500000000000002;75499.48760228316;8635.699943806412;8.742717798622907;2.2512511845816334;deltaT_des_1_K;desorber;True;True;True;True;True;True;True;True;91.93481429964294;2662.6726664872626;0.03926600085038212;75499.48760228316;0.0;0.0;135.0;4.0;140.70207023897024;4.0;97.08479075798891;8.0;94.23145678460446;8.0;100.0;8.0;97.08479075798891;8.0;30.0;4.0;35.836673739299215;4.0;91.93481429964294;2662.6726664872626;0.005286174970399112;75499.48760228316;0.0;0.0;88.25190411365224;236.580270894442;0.6892660008503824;8635.699943806412;0.5916489922739161;0.23108826460056292;151.22578905762265;342.87379087703044;0.6552861749703993;75499.48760228316;0.6223289161874691;0.25473467490289986;91.93481429964294;2662.6726664872626;0.03397982587998301;75499.48760228316;0.0;0.0;103.03900804068508;236.580270894442;0.6892660008503824;75499.48760228316;0.5916489922739161;0.23108826460056292;143.6081104489499;318.91750621683656;0.6892660008503824;75499.48760228316;0.5916489922739161;0.23108826460056292;140.61728991853488;324.00784818501586;0.6500000000000002;75499.48760228316;0.6273900535566166;0.25885531576133547;94.85408944270915;236.69668370602986;0.6500000000000002;75499.48760228316;0.6273900535566166;0.25885531576133547;94.83353957340728;236.6581223207435;0.6500000000000002;8635.699943806412;0.6273900535566166;0.25885531576133547;88.25190411365224;2665.268769278964;0.03926600085038212;8635.699943806412;0.0;0.0;42.96643850004364;179.9332931011571;0.03926600085038212;8635.699943806412;0.0;0.0;42.96851949257535;180.00076352716508;0.03926600085038212;75499.48760228316;0.0;0.0;"Zustand 3: Temperatur 416.758 K liegt außerhalb des Boryta-Prüfbereichs; Kristallisation wurde nicht bewertet.";"Zustand 4: Temperatur 413.767 K liegt außerhalb des Boryta-Prüfbereichs; Kristallisation wurde nicht bewertet.";Zustand 5: Kristallisationsprüfung bestanden (w_LiBr=0.6274 <= w_crit=0.6920, T=368.00 K >= T_crit=305.73 K).;Zustand 6: Kristallisationsprüfung bestanden (w_LiBr=0.6274 <= w_crit=0.6920, T=367.98 K >= T_crit=305.73 K).;"Zustand 20: Temperatur 424.376 K liegt außerhalb des Boryta-Prüfbereichs; Kristallisation wurde nicht bewertet.";5
series_evaporator_to_desorber;Serie Verdampfer → Desorber;series_evaporator_to_desorber;nan;100.0;30.0;100.0;8.0;8.0;4.0;100.0;0.6600000000000003;Abwärmetemperatur [°C];hot_temperature_C;100.0;10.0;10.0;25.0;15.0;11.0;nan;nan;3.227742760207243e-20;`gtol` termination condition is satisfied.;4;1.1141397761234005e-08;2.540764751096505e-10;1;True;;True;0;zulässig;feasible;True;True;True;91.92496390730207;103.0347508583144;140.56872084923793;42.98300561716752;0.1363045800557162;0.2545470958808904;0.231265311574898;0.25865650103937565;95.2749639116482;97.71387385980043;95.35708250130963;97.60365959684736;57.63157872526784;0.4937530964883151;16.787354558593535;40.69826339184499;0.002651235336033802;0.025444438350202884;9.52749639008541;9.771387385943607;3.814283300079203;6.506910639753052;5.239234429649544;88.31757075568788;0.010850242640372248;2665.3926197290316;236.65725139766363;210.0158173179622;0.007587740764246953;0.6917275663436349;0.5983822291246872;0.23609052881433873;3.9462833001380204e-10;-8.771436910137709e-10;2.398849119344959e-09;-2.2835716650959625e-10;-6.704397037538001e-10;3.643663148977794e-10;5.515801149158506e-10;1.079409628346184e-08;3.94628330013802e-12;-8.771436910137709e-12;2.398849119344959e-11;-2.2835716650959625e-10;-6.704397037538001e-12;3.6436631489777934e-12;5.5158011491585055e-12;1.079409628346184e-10;140.698263391845;97.0812302752139;94.22964287983979;100.0;97.0812302752139;35.84413121171053;10.456780520847076;8.65497053608999;52.47343954397735;12.983005617167521;2.283359947500628;5.912072124151905;8.075036092697928;54.09614402026875;3.0862496868520566;8.216343870565936;4.0;0.6600000000000003;75471.58846874745;8643.168015213238;8.731935829074066;2.283359947500628;deltaT_des_1_K;desorber;True;True;True;True;True;True;True;True;91.92496390730207;2662.656712635088;0.03931530710788156;75471.58846874745;0.0;0.0;135.0;4.0;140.698263391845;4.0;97.0812302752139;8.0;94.22964287983979;8.0;100.0;8.0;97.0812302752139;8.0;30.0;4.0;35.84413121171053;4.0;91.92496390730207;2662.656712635088;0.00535885642510131;75471.58846874745;0.0;0.0;88.31757075568788;236.657251397663;0.6993153071078818;8643.168015213238;0.5918896367469975;0.231265311574898;151.15504391269207;342.65751109435854;0.6653588564251015;75471.58846874745;0.6220966014460054;0.2545470958808904;91.92496390730207;2662.656712635088;0.03395645068278025;75471.58846874745;0.0;0.0;103.0347508583144;236.657251397663;0.6993153071078818;75471.58846874745;0.5918896367469975;0.231265311574898;143.65497053609;319.0686874687701;0.6993153071078818;75471.58846874745;0.5918896367469975;0.231265311574898;140.56872084923793;323.8203252988925;0.6600000000000003;75471.58846874745;0.62714770166015;0.25865650103937565;94.81840698774846;236.49975147332705;0.6600000000000003;75471.58846874745;0.62714770166015;0.25865650103937565;94.79787032771327;236.46119929400857;0.6600000000000003;8643.168015213238;0.62714770166015;0.25865650103937565;88.31757075568788;2665.3926197290316;0.03931530710788156;8643.168015213238;0.0;0.0;42.98300561716752;180.00255036819257;0.03931530710788156;8643.168015213238;0.0;0.0;42.985086254945145;180.06998556153238;0.03931530710788156;75471.58846874745;0.0;0.0;"Zustand 3: Temperatur 416.805 K liegt außerhalb des Boryta-Prüfbereichs; Kristallisation wurde nicht bewertet.";"Zustand 4: Temperatur 413.719 K liegt außerhalb des Boryta-Prüfbereichs; Kristallisation wurde nicht bewertet.";Zustand 5: Kristallisationsprüfung bestanden (w_LiBr=0.6271 <= w_crit=0.6920, T=367.97 K >= T_crit=305.66 K).;Zustand 6: Kristallisationsprüfung bestanden (w_LiBr=0.6271 <= w_crit=0.6920, T=367.95 K >= T_crit=305.66 K).;"Zustand 20: Temperatur 424.305 K liegt außerhalb des Boryta-Prüfbereichs; Kristallisation wurde nicht bewertet.";5
series_evaporator_to_desorber;Serie Verdampfer → Desorber;series_evaporator_to_desorber;nan;100.0;30.0;100.0;8.0;8.0;4.0;100.0;0.6700000000000003;Abwärmetemperatur [°C];hot_temperature_C;100.0;10.0;10.0;25.0;15.0;11.0;nan;nan;2.6035058248450042e-20;`gtol` termination condition is satisfied.;4;9.212674229058772e-09;2.2818877381874e-10;1;True;;True;0;zulässig;feasible;True;True;True;91.91525581240086;103.03256486915194;140.51851001320898;42.99932720547616;0.13801042665881633;0.2543625853181084;0.23143629521076917;0.2584618754886558;95.20603757410319;97.8367148773056;95.29327329435918;97.72100217942784;58.507390931939256;0.49325904698190565;17.020669493991374;40.69414100323581;0.002653145825154899;0.02582383218043385;9.520603756520112;9.78367148770349;3.8117309317978862;6.514733478597182;5.318853721156333;88.38148409377834;0.010795783365851927;2665.513151874582;236.73565984835227;210.2289434324134;0.007658139035153444;0.7017057649661861;0.5985840596762877;0.2362420411242172;3.838422912849637e-10;-7.804032975400332e-10;2.0460788618947845e-09;-2.087753303570139e-10;-5.879741138414829e-10;2.7070257146988297e-10;4.701092848335975e-10;8.90207729753456e-09;3.8384229128496375e-12;-7.804032975400332e-12;2.0460788618947844e-11;-2.087753303570139e-10;-5.879741138414829e-12;2.70702571469883e-12;4.701092848335975e-12;8.90207729753456e-11;140.6941410032358;97.07772122669178;94.228042001382;100.0;97.07772122669178;35.851478162518276;10.391277380182203;8.699979234961404;52.530005931260064;12.999327205476163;2.314683119762435;5.846557907603653;8.084744187599142;54.07631373397868;3.1814692217524225;8.249003101082224;4.0;0.6700000000000003;75444.1007619243;8650.530848932382;8.721326133555763;2.314683119762435;deltaT_des_1_K;desorber;True;True;True;True;True;True;True;True;91.91525581240086;2662.640988787081;0.03936390400133927;75444.1007619243;0.0;0.0;135.0;4.0;140.6941410032358;4.0;97.07772122669178;8.0;94.228042001382;8.0;100.0;8.0;97.07772122669178;8.0;30.0;4.0;35.851478162518276;4.0;91.91525581240086;2662.640988787081;0.0054326291861815194;75444.1007619243;0.0;0.0;88.38148409377834;236.73565984835258;0.7093639040013395;8650.530848932382;0.5921218758417703;0.23143629521076917;151.08541838341802;342.4447491445696;0.6754326291861817;75444.1007619243;0.6218679222035475;0.2543625853181084;91.91525581240086;2662.640988787081;0.033931274815157744;75444.1007619243;0.0;0.0;103.03256486915194;236.73565984835258;0.7093639040013395;75444.1007619243;0.5921218758417703;0.23143629521076917;143.6999792349614;319.21432926177226;0.7093639040013395;75444.1007619243;0.5921218758417703;0.23143629521076917;140.51851001320898;323.63166585038385;0.6700000000000003;75444.1007619243;0.6269102768533052;0.2584618754886558;94.78356176806972;236.3072017734355;0.6700000000000003;75444.1007619243;0.6269102768533052;0.2584618754886558;94.76303810692934;236.26865874033038;0.6700000000000003;8650.530848932382;0.6269102768533052;0.2584618754886558;88.38148409377834;2665.513151874582;0.03936390400133927;8650.530848932382;0.0;0.0;42.99932720547616;180.07078127087084;0.03936390400133927;8650.530848932382;0.0;0.0;43.0014074927131;180.13818174581013;0.03936390400133927;75444.1007619243;0.0;0.0;"Zustand 3: Temperatur 416.850 K liegt außerhalb des Boryta-Prüfbereichs; Kristallisation wurde nicht bewertet.";"Zustand 4: Temperatur 413.669 K liegt außerhalb des Boryta-Prüfbereichs; Kristallisation wurde nicht bewertet.";Zustand 5: Kristallisationsprüfung bestanden (w_LiBr=0.6269 <= w_crit=0.6920, T=367.93 K >= T_crit=305.58 K).;Zustand 6: Kristallisationsprüfung bestanden (w_LiBr=0.6269 <= w_crit=0.6920, T=367.91 K >= T_crit=305.58 K).;"Zustand 20: Temperatur 424.235 K liegt außerhalb des Boryta-Prüfbereichs; Kristallisation wurde nicht bewertet.";5
series_evaporator_to_desorber;Serie Verdampfer → Desorber;series_evaporator_to_desorber;nan;100.0;30.0;100.0;8.0;8.0;4.0;100.0;0.6800000000000003;Abwärmetemperatur [°C];hot_temperature_C;100.0;10.0;10.0;25.0;15.0;11.0;nan;nan;2.1198480579117683e-20;`gtol` termination condition is satisfied.;4;7.648411617073043e-09;2.0590522372741144e-10;1;True;;True;0;zulässig;feasible;True;True;True;91.90567692051917;103.03236045398188;140.46674778951729;43.0154250997665;0.13974184121498612;0.25418103360894295;0.23160144008175454;0.25827127178587683;95.13205088011648;97.95787230861777;95.22428201534348;97.83678307394608;59.3796876440955;0.4927562729238984;17.253690970464046;40.68971596172946;0.0026550279798890518;0.026203071840915956;9.513205087275095;9.795787230843185;3.8089712806345135;6.5224522049030735;5.3981534222531895;88.44372274024971;0.010744279504893352;2665.630513757857;236.81539959539347;210.43610462481664;0.007729562069963891;0.7116822948575812;0.59877948573602;0.23638883355253665;3.7613290260196663e-10;-6.895888304825348e-10;1.7689956166577758e-09;-1.911826252865012e-10;-5.193641072764876e-10;1.859064013842726e-10;3.999787168140756e-10;7.365528631453344e-09;3.7613290260196664e-12;-6.895888304825348e-12;1.7689956166577757e-11;-1.911826252865012e-10;-5.193641072764877e-12;1.859064013842726e-12;3.999787168140756e-12;7.365528631453344e-11;140.68971596172946;97.07425887936762;94.22664279039202;100.0;97.07425887936762;35.85872442037186;10.32714725058014;8.743197277203024;52.584998319877855;13.015425099766503;2.3452344960630285;5.782920050142309;8.09432307948083;54.056753839137684;3.2764494876857384;8.28282521475262;4.0;0.6800000000000003;75416.98705411419;8657.798065078678;8.710873883546606;2.3452344960630285;deltaT_des_1_K;desorber;True;True;True;True;True;True;True;True;91.90567692051917;2662.625473754045;0.039411856927544786;75416.98705411419;0.0;0.0;135.0;4.0;140.68971596172946;4.0;97.07425887936762;8.0;94.22664279039202;8.0;100.0;8.0;97.07425887936762;8.0;30.0;4.0;35.85872442037186;4.0;91.90567692051917;2662.625473754045;0.005507485452756714;75416.98705411419;0.0;0.0;88.44372274024971;236.8153995953937;0.7194118569275451;8657.798065078678;0.592346031579476;0.23160144008175454;151.0168632123096;342.2353609735765;0.685507485452757;75416.98705411419;0.6216427504536768;0.25418103360894295;91.90567692051917;2662.625473754045;0.03390437147478807;75416.98705411419;0.0;0.0;103.03236045398188;236.8153995953937;0.7194118569275451;75416.98705411419;0.592346031579476;0.23160144008175454;143.74319727720302;319.354611414467;0.7194118569275451;75416.98705411419;0.592346031579476;0.23160144008175454;140.46674778951729;323.4419568719737;0.6800000000000003;75416.98705411419;0.6266775860621365;0.25827127178587683;94.74953523922926;236.11888680768052;0.6800000000000003;75416.98705411419;0.6266775860621365;0.25827127178587683;94.72902438330459;236.0803528785027;0.6800000000000003;8657.798065078678;0.6266775860621365;0.25827127178587683;88.44372274024971;2665.630513757857;0.039411856927544786;8657.798065078678;0.0;0.0;43.0154250997665;180.13807708569897;0.039411856927544786;8657.798065078678;0.0;0.0;43.017505040229935;180.20544330964447;0.039411856927544786;75416.98705411419;0.0;0.0;"Zustand 3: Temperatur 416.893 K liegt außerhalb des Boryta-Prüfbereichs; Kristallisation wurde nicht bewertet.";"Zustand 4: Temperatur 413.617 K liegt außerhalb des Boryta-Prüfbereichs; Kristallisation wurde nicht bewertet.";Zustand 5: Kristallisationsprüfung bestanden (w_LiBr=0.6267 <= w_crit=0.6920, T=367.90 K >= T_crit=305.51 K).;Zustand 6: Kristallisationsprüfung bestanden (w_LiBr=0.6267 <= w_crit=0.6920, T=367.88 K >= T_crit=305.51 K).;"Zustand 20: Temperatur 424.167 K liegt außerhalb des Boryta-Prüfbereichs; Kristallisation wurde nicht bewertet.";5
series_evaporator_to_desorber;Serie Verdampfer → Desorber;series_evaporator_to_desorber;nan;100.0;30.0;100.0;8.0;8.0;4.0;100.0;0.6900000000000003;Abwärmetemperatur [°C];hot_temperature_C;100.0;10.0;10.0;25.0;15.0;11.0;nan;nan;1.7381958003409518e-20;`gtol` termination condition is satisfied.;4;6.349324891014104e-09;1.8645084072435563e-10;1;True;;True;0;zulässig;feasible;True;True;True;91.89621506307071;103.0340523188512;140.41351905044075;43.03131960597307;0.1414983971966737;0.25400233586212606;0.23176095992467596;0.2580845306951473;95.05320611764179;98.0774989821021;95.15031670512607;97.95114936314306;60.248464012930306;0.4922448702902994;17.486404530553916;40.685000365887674;0.002656884307983337;0.02658214753255049;9.505320611155724;9.807749898199155;3.806012668224591;6.53007662418806;5.477133092141336;88.50436094483808;0.010695598866603663;2665.7448452286408;236.89637977664293;210.6375368315608;0.0078020032779964055;0.721657223391178;0.5989687392269422;0.23653107202605164;3.6573055695043877e-10;-6.24389429049188e-10;1.5436967260029633e-09;-1.753157063966171e-10;-4.887112936557969e-10;1.1054623882955639e-10;3.221600763936294e-10;6.08454797657032e-09;3.657305569504388e-12;-6.24389429049188e-12;1.5436967260029632e-11;-1.753157063966171e-10;-4.887112936557969e-12;1.105462388295564e-12;3.221600763936294e-12;6.08454797657032e-11;140.68500036588767;97.07083883483426;94.22543462714509;100.0;97.07083883483426;35.865879125723836;10.26433131232369;8.784682738287415;52.63848181911425;13.031319605973067;2.3750279258934484;5.721073682307008;8.103784936929287;54.037439631842574;3.3711636878466607;8.317743181070853;4.0;0.6900000000000003;75390.21258636523;8664.97862434416;8.70056532794637;2.3750279258934484;deltaT_des_1_K;desorber;True;True;True;True;True;True;True;True;91.89621506307071;2662.6101478437145;0.03945922666917412;75390.21258636523;0.0;0.0;135.0;4.0;140.68500036588767;4.0;97.07083883483426;8.0;94.22543462714509;8.0;100.0;8.0;97.07083883483426;8.0;30.0;4.0;35.865879125723836;4.0;91.89621506307071;2662.6101478437145;0.005583417328308379;75390.21258636523;0.0;0.0;88.50436094483808;236.89637977664293;0.7294592266691744;8664.97862434416;0.5925624098585355;0.23176095992467596;150.94933167821137;342.02920954903425;0.6955834173283086;75390.21258636523;0.6214209635476797;0.25400233586212606;91.89621506307071;2662.6101478437145;0.03387580934086574;75390.21258636523;0.0;0.0;103.0340523188512;236.89637977664293;0.7294592266691744;75390.21258636523;0.5925624098585355;0.23176095992467596;143.78468273828742;319.48970618918867;0.7294592266691744;75390.21258636523;0.5925624098585355;0.23176095992467596;140.41351905044075;323.2512793735662;0.6900000000000003;75390.21258636523;0.6264494452878688;0.2580845306951473;94.71630913778034;235.93466486260309;0.6900000000000003;75390.21258636523;0.6264494452878688;0.2580845306951473;94.69581090894081;235.89614001110664;0.6900000000000003;8664.97862434416;0.6264494452878688;0.2580845306951473;88.50436094483808;2665.7448452286408;0.03945922666917412;8664.97862434416;0.0;0.0;43.03131960597307;180.204522698167;0.03945922666917412;8664.97862434416;0.0;0.0;43.03339920299169;180.271855094979;0.03945922666917412;75390.21258636523;0.0;0.0;"Zustand 3: Temperatur 416.935 K liegt außerhalb des Boryta-Prüfbereichs; Kristallisation wurde nicht bewertet.";"Zustand 4: Temperatur 413.564 K liegt außerhalb des Boryta-Prüfbereichs; Kristallisation wurde nicht bewertet.";Zustand 5: Kristallisationsprüfung bestanden (w_LiBr=0.6264 <= w_crit=0.6919, T=367.87 K >= T_crit=305.44 K).;Zustand 6: Kristallisationsprüfung bestanden (w_LiBr=0.6264 <= w_crit=0.6919, T=367.85 K >= T_crit=305.44 K).;"Zustand 20: Temperatur 424.099 K liegt außerhalb des Boryta-Prüfbereichs; Kristallisation wurde nicht bewertet.";5
series_evaporator_to_desorber;Serie Verdampfer → Desorber;series_evaporator_to_desorber;nan;100.0;30.0;100.0;8.0;8.0;4.0;100.0;0.7000000000000003;Abwärmetemperatur [°C];hot_temperature_C;100.0;10.0;10.0;25.0;15.0;11.0;nan;nan;1.4367318420974207e-20;`gtol` termination condition is satisfied.;4;5.319901293478031e-09;1.695129400427838e-10;1;True;;True;0;zulässig;feasible;True;True;True;91.88685892550689;103.03755926040031;140.3589035364878;43.047029618932584;0.14327967530524713;0.25382639165873677;0.2319150582546172;0.25790150059866657;94.96969332645818;98.19573710580626;95.07157285877582;98.06423780697655;61.11371612533911;0.49172493179328647;17.71879623546189;40.68000558172599;0.0026587171334172626;0.026961049731550543;9.496969332138423;9.819573710574247;3.802862914368572;6.537615853780021;5.55579237508093;88.56346888016367;0.010649616317480933;2665.8562784789433;236.9785149323688;210.83346390651022;0.007875455907307316;0.7316306138447137;0.5991520407594149;0.23666891461170872;3.5287683886053856e-10;-5.511253675649641e-10;1.3525891517929267e-09;-1.6095680344108132e-10;-4.384759222375578e-10;6.37925268165418e-11;2.7624480480881175e-10;5.073957254353445e-09;3.5287683886053855e-12;-5.511253675649641e-12;1.3525891517929266e-11;-1.6095680344108132e-10;-4.3847592223755784e-12;6.37925268165418e-13;2.7624480480881173e-12;5.073957254353445e-11;140.680005581726;97.0674570033799;94.22440757578494;100.0;97.0674570033799;35.87295078384011;10.202773856085912;8.824491170418014;52.69051809632356;13.047029618932584;2.4040772658062792;5.660938695621269;8.113141074493115;54.018348127912475;3.4655876339302267;8.3536937574342;4.0;0.7000000000000003;75363.74506011879;8672.08087792433;8.690387707518378;2.4040772658062792;deltaT_des_1_K;desorber;True;True;True;True;True;True;True;True;91.88685892550689;2662.59499274475;0.039506069752020756;75363.74506011879;0.0;0.0;135.0;4.0;140.680005581726;4.0;97.0674570033799;8.0;94.22440757578494;8.0;100.0;8.0;97.0674570033799;8.0;30.0;4.0;35.87295078384011;4.0;91.88685892550689;2662.59499274475;0.0056604168466559785;75363.74506011879;0.0;0.0;88.56346888016367;236.97851493236672;0.739506069752021;8672.08087792433;0.5927713014094914;0.2319150582546172;150.8827794378119;341.82616444556174;0.7056604168466563;75363.74506011879;0.6212024439275555;0.25382639165873677;91.88685892550689;2662.59499274475;0.03384565290536478;75363.74506011879;0.0;0.0;103.03755926040031;236.97851493236672;0.739506069752021;75363.74506011879;0.5927713014094914;0.2319150582546172;143.824491170418;319.61977864211883;0.739506069752021;75363.74506011879;0.5927713014094914;0.2319150582546172;140.3589035364878;323.05970877192436;0.7000000000000003;75363.74506011879;0.6262256790958907;0.25790150059866657;94.68386550296611;235.75440002194406;0.7000000000000003;75363.74506011879;0.6262256790958907;0.25790150059866657;94.66337973757362;235.71588423661328;0.7000000000000003;8672.08087792433;0.6262256790958907;0.25790150059866657;88.56346888016367;2665.8562784789433;0.039506069752020756;8672.08087792433;0.0;0.0;43.047029618932584;180.27019709499334;0.039506069752020756;8672.08087792433;0.0;0.0;43.049108875467425;180.337496048043;0.039506069752020756;75363.74506011879;0.0;0.0;"Zustand 3: Temperatur 416.974 K liegt außerhalb des Boryta-Prüfbereichs; Kristallisation wurde nicht bewertet.";"Zustand 4: Temperatur 413.509 K liegt außerhalb des Boryta-Prüfbereichs; Kristallisation wurde nicht bewertet.";Zustand 5: Kristallisationsprüfung bestanden (w_LiBr=0.6262 <= w_crit=0.6919, T=367.83 K >= T_crit=305.38 K).;Zustand 6: Kristallisationsprüfung bestanden (w_LiBr=0.6262 <= w_crit=0.6919, T=367.81 K >= T_crit=305.38 K).;"Zustand 20: Temperatur 424.033 K liegt außerhalb des Boryta-Prüfbereichs; Kristallisation wurde nicht bewertet.";5
series_evaporator_to_desorber;Serie Verdampfer → Desorber;series_evaporator_to_desorber;nan;100.0;30.0;100.0;8.0;8.0;4.0;100.0;0.7100000000000003;Abwärmetemperatur [°C];hot_temperature_C;100.0;10.0;10.0;25.0;15.0;11.0;nan;nan;1.1947359795318421e-20;`gtol` termination condition is satisfied.;4;4.473043264667824e-09;1.5457916932962489e-10;1;True;;True;0;zulässig;feasible;True;True;True;91.87759798172442;103.04280394348518;140.30297620523584;43.06257273002484;0.14508526331698;0.2536531048258141;0.23206392894166494;0.2577220370597175;94.88169118184942;98.31271907755848;94.98823432660609;98.17617563535005;61.97544091288008;0.49119654702714866;17.95085264157595;40.67474229556518;0.0026605286109638187;0.027339769178371165;9.488169117760572;9.831271907752527;3.79952937307972;6.545078375673992;5.634130992124642;88.62111290593793;0.010606213340033546;2665.964938537951;237.06172464511118;211.02409835699075;0.007949913075151693;0.7416025256962288;0.5993296002887014;0.2368025119587902;3.375646429049084e-10;-4.909779249828716e-10;1.1889937923115212e-09;-1.4797330027960243e-10;-3.8691894133080496e-10;3.3224978324142285e-11;2.4017765554162906e-10;4.243702278472483e-09;3.375646429049084e-12;-4.909779249828716e-12;1.1889937923115212e-11;-1.4797330027960243e-10;-3.869189413308049e-12;3.3224978324142283e-13;2.4017765554162905e-12;4.243702278472483e-11;140.67474229556518;97.0641095802826;94.22355233367358;100.0;97.0641095802826;35.87994731325108;10.142422083676138;8.862675728791203;52.741165592686855;13.06257273002484;2.4323963380834925;5.602439427735646;8.12240201827558;53.99945793162982;3.5596995235553663;8.390617249218508;4.0;0.7100000000000003;75337.55444701939;8679.11261325121;8.680329176970755;2.4323963380834925;deltaT_des_1_K;desorber;True;True;True;True;True;True;True;True;91.87759798172442;2662.5799914207496;0.03955243877138015;75337.55444701939;0.0;0.0;135.0;4.0;140.67474229556518;4.0;97.0641095802826;8.0;94.22355233367358;8.0;100.0;8.0;97.0641095802826;8.0;30.0;4.0;35.87994731325108;4.0;91.87759798172442;2662.5799914207496;0.005738475993974417;75337.55444701939;0.0;0.0;88.62111290593793;237.06172464511044;0.7495524387713804;8679.11261325121;0.5929729826870425;0.23206392894166494;150.81716437924132;341.62610146017136;0.7157384759939747;75337.55444701939;0.6209870788758982;0.2536531048258141;91.87759798172442;2662.5799914207496;0.03381396277740573;75337.55444701939;0.0;0.0;103.04280394348518;237.06172464511044;0.7495524387713804;75337.55444701939;0.5929729826870425;0.23206392894166494;143.8626757287912;319.74498695890713;0.7495524387713804;75337.55444701939;0.5929729826870425;0.23206392894166494;140.30297620523584;322.8673152919019;0.7100000000000003;75337.55444701939;0.6260061201388902;0.2577220370597175;94.65218669426667;235.57796189395472;0.7100000000000003;75337.55444701939;0.6260061201388902;0.2577220370597175;94.63171324219911;235.53945517680208;0.7100000000000003;8679.11261325121;0.6260061201388902;0.2577220370597175;88.62111290593793;2665.964938537951;0.03955243877138015;8679.11261325121;0.0;0.0;43.06257273002484;180.3351738141427;0.03955243877138015;8679.11261325121;0.0;0.0;43.064651648652784;180.4024396691344;0.03955243877138015;75337.55444701939;0.0;0.0;"Zustand 3: Temperatur 417.013 K liegt außerhalb des Boryta-Prüfbereichs; Kristallisation wurde nicht bewertet.";"Zustand 4: Temperatur 413.453 K liegt außerhalb des Boryta-Prüfbereichs; Kristallisation wurde nicht bewertet.";Zustand 5: Kristallisationsprüfung bestanden (w_LiBr=0.6260 <= w_crit=0.6919, T=367.80 K >= T_crit=305.31 K).;Zustand 6: Kristallisationsprüfung bestanden (w_LiBr=0.6260 <= w_crit=0.6919, T=367.78 K >= T_crit=305.31 K).;"Zustand 20: Temperatur 423.967 K liegt außerhalb des Boryta-Prüfbereichs; Kristallisation wurde nicht bewertet.";5
series_evaporator_to_desorber;Serie Verdampfer → Desorber;series_evaporator_to_desorber;nan;100.0;30.0;100.0;8.0;8.0;4.0;100.0;0.7200000000000003;Abwärmetemperatur [°C];hot_temperature_C;100.0;10.0;10.0;25.0;15.0;11.0;nan;nan;9.981699737220384e-21;`gtol` termination condition is satisfied.;4;3.759272478898598e-09;1.4129189458153912e-10;1;True;;True;0;zulässig;feasible;True;True;True;91.8684224340941;103.04971269073724;140.2458075555889;43.07796532565658;0.14691475590940403;0.25348238322403266;0.2322077567517236;0.2575460024152918;94.78936780782485;98.42856822619974;94.90047414369644;98.28708127304897;62.833636071337345;0.4906598026117398;18.182560778456136;40.669220562668954;0.0026623207394555985;0.02771829686707487;9.478936780428288;9.84285682262061;3.796018965761297;6.552472084856197;5.712148733798781;88.67735581364417;0.010565277621847103;2666.0709437305027;237.14593320438817;211.2096420287805;0.008025367794232019;0.7515730148963463;0.5995016177294828;0.23693200771326675;3.2730440580053255e-10;-4.4924064468432334e-10;1.0505800673854537e-09;-1.362058799081467e-10;-3.3597302717680577e-10;-6.352252057695296e-12;2.0601476080628345e-10;3.5419702726358082e-09;3.2730440580053254e-12;-4.4924064468432334e-12;1.0505800673854537e-11;-1.362058799081467e-10;-3.3597302717680575e-12;-6.352252057695295e-14;2.0601476080628345e-12;3.541970272635808e-11;140.66922056266895;97.06079302413133;94.22286018490598;100.0;97.06079302413133;35.88687609008372;10.083225923920793;8.899287291436735;52.79047972356045;13.077965325656578;2.459998895068111;5.5455043712618135;8.1315775659059;53.980749115480194;3.6534797358478386;8.428457285420961;4.0;0.7200000000000003;75311.61281516294;8686.081095922;8.670378733917271;2.459998895068111;deltaT_des_1_K;desorber;True;True;True;True;True;True;True;True;91.8684224340941;2662.565128013328;0.03959838269057803;75311.61281516294;0.0;0.0;135.0;4.0;140.66922056266895;4.0;97.06079302413133;8.0;94.22286018490598;8.0;100.0;8.0;97.06079302413133;8.0;30.0;4.0;35.88687609008372;4.0;91.8684224340941;2662.565128013328;0.00581758672739344;75311.61281516294;0.0;0.0;88.67735581364417;237.14593320438883;0.7595983826905783;8686.081095922;0.5931677167034244;0.2322077567517236;150.75244648658975;341.42890225499633;0.7258175867273937;75311.61281516294;0.6207747602809427;0.25348238322403266;91.8684224340941;2662.565128013328;0.03378079596318459;75311.61281516294;0.0;0.0;103.04971269073724;237.14593320438883;0.7595983826905783;75311.61281516294;0.5931677167034244;0.2322077567517236;143.89928729143674;319.8654827758004;0.7595983826905783;75311.61281516294;0.5931677167034244;0.2322077567517236;140.2458075555889;322.67416434056133;0.7200000000000003;75311.61281516294;0.6257906087113668;0.2575460024152918;94.62125540531628;235.40522535304743;0.7200000000000003;75311.61281516294;0.6257906087113668;0.2575460024152918;94.60079412906322;235.36672771850982;0.7200000000000003;8686.081095922;0.6257906087113668;0.2575460024152918;88.67735581364417;2666.0709437305027;0.03959838269057803;8686.081095922;0.0;0.0;43.07796532565658;180.39952135648528;0.03959838269057803;8686.081095922;0.0;0.0;43.080043908651135;180.4667544240643;0.03959838269057803;75311.61281516294;0.0;0.0;"Zustand 3: Temperatur 417.049 K liegt außerhalb des Boryta-Prüfbereichs; Kristallisation wurde nicht bewertet.";"Zustand 4: Temperatur 413.396 K liegt außerhalb des Boryta-Prüfbereichs; Kristallisation wurde nicht bewertet.";Zustand 5: Kristallisationsprüfung bestanden (w_LiBr=0.6258 <= w_crit=0.6919, T=367.77 K >= T_crit=305.25 K).;Zustand 6: Kristallisationsprüfung bestanden (w_LiBr=0.6258 <= w_crit=0.6919, T=367.75 K >= T_crit=305.25 K).;"Zustand 20: Temperatur 423.902 K liegt außerhalb des Boryta-Prüfbereichs; Kristallisation wurde nicht bewertet.";5
series_evaporator_to_desorber;Serie Verdampfer → Desorber;series_evaporator_to_desorber;nan;100.0;30.0;100.0;8.0;8.0;4.0;100.0;0.7300000000000003;Abwärmetemperatur [°C];hot_temperature_C;100.0;10.0;10.0;25.0;15.0;11.0;nan;nan;8.383882217946198e-21;`gtol` termination condition is satisfied.;4;3.183664748988579e-09;1.294904028717665e-10;1;True;;True;0;zulässig;feasible;True;True;True;91.85932315857212;103.0582152836937;140.18746392901994;43.09322267743613;0.14876775447598084;0.25331413854854434;0.23234671785373803;0.25737326539599864;94.69288152587413;98.5433994903126;94.8084552939105;98.39706500318344;63.688299989509645;0.4901147823326373;18.413908128185952;40.66344985202596;0.0026640953738809115;0.028096624035122426;9.469288152289375;9.854339949034163;3.7923382117679734;6.5598043335336405;5.7898454536275645;88.73225705329617;0.010526702672941052;2666.174406102074;237.23106929476742;211.39028674402783;0.008101812995300217;0.761542134118925;0.5996682835303837;0.23705753890624637;3.161986228406022e-10;-3.935625159101619e-10;9.306688752985792e-10;-1.255219816975739e-10;-2.888356220864807e-10;-2.9032776183157694e-11;1.7882939573610201e-10;2.9803857160004554e-09;3.1619862284060218e-12;-3.935625159101619e-12;9.306688752985792e-12;-1.255219816975739e-10;-2.8883562208648073e-12;-2.9032776183157693e-13;1.7882939573610202e-12;2.980385716000456e-11;140.66344985202596;97.05750403698613;94.2223229576228;100.0;97.05750403698613;35.89374398865505;10.025137862411668;8.934374572889055;52.83851306464112;13.093222677436131;2.4868985885239;5.490065904326627;8.140676841427876;53.96220311026542;3.746910643869114;8.467160609058396;4.0;0.7300000000000003;75285.89417019184;8692.99310816485;8.66052615404468;2.4868985885239;deltaT_des_1_K;desorber;True;True;True;True;True;True;True;True;91.85932315857212;2662.550387753414;0.03964394711422492;75285.89417019184;0.0;0.0;135.0;4.0;140.66344985202596;4.0;97.05750403698613;8.0;94.2223229576228;8.0;100.0;8.0;97.05750403698613;8.0;30.0;4.0;35.89374398865505;4.0;91.85932315857212;2662.550387753414;0.005897740990747782;75285.89417019184;0.0;0.0;88.73225705329617;237.2310692947681;0.7696439471142252;8692.99310816485;0.5933557538072665;0.23234671785373803;150.68858771443763;341.2344540251729;0.7358977409907481;75285.89417019184;0.6205653844158552;0.25331413854854434;91.85932315857212;2662.550387753414;0.03374620612347714;75285.89417019184;0.0;0.0;103.0582152836937;237.2310692947681;0.7696439471142252;75285.89417019184;0.5933557538072665;0.23234671785373803;143.93437457288906;319.981411486516;0.7696439471142252;75285.89417019184;0.5933557538072665;0.23234671785373803;140.18746392901994;322.48031685545465;0.7300000000000003;75285.89417019184;0.6255789923330971;0.25737326539599864;94.5910546746353;235.23607029491572;0.7300000000000003;75285.89417019184;0.6255789923330971;0.25737326539599864;94.57060544846223;235.19758176884022;0.7300000000000003;8692.99310816485;0.6255789923330971;0.25737326539599864;88.73225705329617;2666.174406102074;0.03964394711422492;8692.99310816485;0.0;0.0;43.09322267743613;180.46330356270184;0.03964394711422492;8692.99310816485;0.0;0.0;43.09530092672071;180.53050412086534;0.03964394711422492;75285.89417019184;0.0;0.0;"Zustand 3: Temperatur 417.084 K liegt außerhalb des Boryta-Prüfbereichs; Kristallisation wurde nicht bewertet.";"Zustand 4: Temperatur 413.337 K liegt außerhalb des Boryta-Prüfbereichs; Kristallisation wurde nicht bewertet.";Zustand 5: Kristallisationsprüfung bestanden (w_LiBr=0.6256 <= w_crit=0.6919, T=367.74 K >= T_crit=305.19 K).;Zustand 6: Kristallisationsprüfung bestanden (w_LiBr=0.6256 <= w_crit=0.6918, T=367.72 K >= T_crit=305.19 K).;"Zustand 20: Temperatur 423.839 K liegt außerhalb des Boryta-Prüfbereichs; Kristallisation wurde nicht bewertet.";5
series_evaporator_to_desorber;Serie Verdampfer → Desorber;series_evaporator_to_desorber;nan;100.0;30.0;100.0;8.0;8.0;4.0;100.0;0.7400000000000003;Abwärmetemperatur [°C];hot_temperature_C;100.0;10.0;10.0;25.0;15.0;11.0;nan;nan;7.079049393680073e-21;`gtol` termination condition is satisfied.;4;2.718982691963104e-09;1.1898780940651082e-10;1;True;;True;0;zulässig;feasible;True;True;True;91.85029165443143;103.06824477504671;140.1280077893074;43.108359024815286;0.15064386693293214;0.2531482861417165;0.2324809802955127;0.2572037007711052;94.59238154462616;98.65732004013536;94.71233141391014;98.50622957476553;64.53943168609209;0.48956156727701805;18.644882606012235;40.657439087597254;0.0026658542364228744;0.028474742153599165;9.459238154210302;9.86573200401898;3.788493256568881;6.567081971641427;5.867221062404464;88.78587294374222;0.010490387469401077;2666.275431813002;237.31706570586186;211.56621489568917;0.00817924154660643;0.7715099329919013;0.5998297792113627;0.23717923631827567;3.041265017600381e-10;-3.5701930301001994e-10;8.199094736482948e-10;-1.1584538883724349e-10;-3.118998392892536e-10;-5.4441784413938876e-11;1.4412648852157872e-10;2.5231372546841158e-09;3.0412650176003807e-12;-3.5701930301001992e-12;8.199094736482949e-12;-1.1584538883724349e-10;-3.1189983928925356e-12;-5.444178441393888e-13;1.4412648852157872e-12;2.5231372546841158e-11;140.65743908759725;97.05423954620915;94.2219329847884;100.0;97.05423954620915;35.90055741866837;9.968112783865422;8.9679842319631;52.88531552507385;13.108359024815286;2.51310894343942;5.436060041046176;8.14970834556857;53.94380260418586;3.8399764426557113;8.50667688144955;4.0;0.7400000000000003;75260.37430986989;8699.854984156556;8.650761931885963;2.51310894343942;deltaT_des_1_K;desorber;True;True;True;True;True;True;True;True;91.85029165443143;2662.535756879995;0.0396891745385074;75260.37430986989;0.0;0.0;135.0;4.0;140.65743908759725;4.0;97.05423954620915;8.0;94.2219329847884;8.0;100.0;8.0;97.05423954620915;8.0;30.0;4.0;35.90055741866837;4.0;91.85029165443143;2662.535756879995;0.005978930727856827;75260.37430986989;0.0;0.0;88.78587294374222;237.31706570586283;0.7796891745385077;8699.854984156556;0.5935373324117502;0.2324809802955127;150.62555187146268;341.04264918953317;0.7459789307278571;75260.37430986989;0.6203588517308635;0.2531482861417165;91.85029165443143;2662.535756879995;0.033710243810650575;75260.37430986989;0.0;0.0;103.06824477504671;237.31706570586283;0.7796891745385077;75260.37430986989;0.5935373324117502;0.2324809802955127;143.9679842319631;320.0929125352003;0.7796891745385077;75260.37430986989;0.5935373324117502;0.2324809802955127;140.1280077893074;322.28582962837316;0.7400000000000003;75260.37430986989;0.6253711253593314;0.2572037007711052;94.56156789359716;235.07038140433542;0.7400000000000003;75260.37430986989;0.6253711253593314;0.2572037007711052;94.54113060276973;235.03190202304677;0.7400000000000003;8699.854984156556;0.6253711253593314;0.2572037007711052;88.78587294374222;2666.275431813002;0.0396891745385074;8699.854984156556;0.0;0.0;43.108359024815286;180.52657995881114;0.0396891745385074;8699.854984156556;0.0;0.0;43.110436942023284;180.5937482551393;0.0396891745385074;75260.37430986989;0.0;0.0;"Zustand 3: Temperatur 417.118 K liegt außerhalb des Boryta-Prüfbereichs; Kristallisation wurde nicht bewertet.";"Zustand 4: Temperatur 413.278 K liegt außerhalb des Boryta-Prüfbereichs; Kristallisation wurde nicht bewertet.";Zustand 5: Kristallisationsprüfung bestanden (w_LiBr=0.6254 <= w_crit=0.6918, T=367.71 K >= T_crit=305.13 K).;Zustand 6: Kristallisationsprüfung bestanden (w_LiBr=0.6254 <= w_crit=0.6918, T=367.69 K >= T_crit=305.13 K).;"Zustand 20: Temperatur 423.776 K liegt außerhalb des Boryta-Prüfbereichs; Kristallisation wurde nicht bewertet.";5
series_evaporator_to_desorber;Serie Verdampfer → Desorber;series_evaporator_to_desorber;nan;100.0;30.0;100.0;8.0;8.0;4.0;100.0;0.7500000000000003;Abwärmetemperatur [°C];hot_temperature_C;100.0;10.0;10.0;25.0;15.0;11.0;nan;nan;5.997197606688241e-21;`gtol` termination condition is satisfied.;4;2.3294878026296888e-09;1.0951892627932618e-10;1;True;;True;0;zulässig;feasible;True;True;True;91.84131999818283;103.07973731154328;140.06749798229134;43.123387650876396;0.15254270752008436;0.2529847448168031;0.2326107044502075;0.25703718901685196;94.48800859566495;98.77042984802395;94.61224744241028;98.6146707597249;65.38703075365285;0.4890002359651609;18.875472542158665;40.65119668634361;0.002667598926547196;0.02885264291786555;9.448800859351769;9.87704298480827;3.7844898977062047;6.574311383972284;5.944275523088766;88.83825686784155;0.010456236121403135;2666.3741215044274;237.4038590628483;211.73760000179718;0.008257646270620533;0.7814764583100658;0.5999862778666414;0.2372972248211499;2.906688223447418e-10;-3.235811618651496e-10;7.293579074030276e-10;-1.0701817210190256e-10;-2.448388158882153e-10;-5.874767339264508e-11;1.4064482911635423e-10;2.1472601474670228e-09;2.9066882234474177e-12;-3.235811618651496e-12;7.293579074030277e-12;-1.0701817210190256e-10;-2.448388158882153e-12;-5.874767339264509e-13;1.4064482911635423e-12;2.1472601474670228e-11;140.6511966863436;97.05099668780724;94.22168306811795;100.0;97.05099668780724;35.9073223593316;9.912107825972953;9.000160973911079;52.93093450850995;13.123387650876396;2.538643335753136;5.3834262002764035;8.158680001817174;53.92553145042672;3.932662991619736;8.546958499554478;4.0;0.7500000000000003;75235.03069086932;8706.672642467294;8.641077226667068;2.538643335753136;deltaT_des_1_K;desorber;True;True;True;True;True;True;True;True;91.84131999818283;2662.521222565642;0.03973410458068605;75235.03069086932;0.0;0.0;135.0;4.0;140.6511966863436;4.0;97.05099668780724;8.0;94.22168306811795;8.0;100.0;8.0;97.05099668780724;8.0;30.0;4.0;35.9073223593316;4.0;91.84131999818283;2662.521222565642;0.006061147893624036;75235.03069086932;0.0;0.0;88.83825686784155;237.40385906284789;0.7897341045806864;8706.672642467294;0.593712679675666;0.2326107044502075;150.56330451231656;340.8533851021377;0.7560611478936243;75235.03069086932;0.6201550666571872;0.2529847448168031;91.84131999818283;2662.521222565642;0.03367295668706201;75235.03069086932;0.0;0.0;103.07973731154328;237.40385906284789;0.7897341045806864;75235.03069086932;0.593712679675666;0.2326107044502075;144.00016097391108;320.20011969587506;0.7897341045806864;75235.03069086932;0.593712679675666;0.2326107044502075;140.06749798229134;322.0907556061281;0.7500000000000003;75235.03069086932;0.6251668686158156;0.25703718901685196;94.5327788119888;234.90804793497855;0.7500000000000003;75235.03069086932;0.6251668686158156;0.25703718901685196;94.5123533520541;234.8695777444214;0.7500000000000003;8706.672642467294;0.6251668686158156;0.25703718901685196;88.83825686784155;2666.3741215044274;0.03973410458068605;8706.672642467294;0.0;0.0;43.123387650876396;180.58940607298194;0.03973410458068605;8706.672642467294;0.0;0.0;43.125465237380524;180.656542326704;0.03973410458068605;75235.03069086932;0.0;0.0;"Zustand 3: Temperatur 417.150 K liegt außerhalb des Boryta-Prüfbereichs; Kristallisation wurde nicht bewertet.";"Zustand 4: Temperatur 413.217 K liegt außerhalb des Boryta-Prüfbereichs; Kristallisation wurde nicht bewertet.";Zustand 5: Kristallisationsprüfung bestanden (w_LiBr=0.6252 <= w_crit=0.6918, T=367.68 K >= T_crit=305.07 K).;Zustand 6: Kristallisationsprüfung bestanden (w_LiBr=0.6252 <= w_crit=0.6918, T=367.66 K >= T_crit=305.07 K).;"Zustand 20: Temperatur 423.713 K liegt außerhalb des Boryta-Prüfbereichs; Kristallisation wurde nicht bewertet.";5
series_evaporator_to_desorber;Serie Verdampfer → Desorber;series_evaporator_to_desorber;nan;100.0;30.0;100.0;8.0;8.0;4.0;100.0;0.7600000000000003;Abwärmetemperatur [°C];hot_temperature_C;100.0;10.0;10.0;25.0;15.0;11.0;nan;nan;5.0957092345113255e-21;`gtol` termination condition is satisfied.;4;1.9877847801669115e-09;1.0095255553487813e-10;1;True;;True;0;zulässig;feasible;True;True;True;91.83240080129298;103.09263196701733;140.00598997693345;43.13832095190679;0.15446389660217305;0.2528234366919441;0.23273604343527254;0.25687361600606284;94.37989551984435;98.88282221202265;94.5083402191099;98.72247786387042;66.23109730878618;0.48843086447687767;19.10566666475425;40.64473059329214;0.002669330930225146;0.029230318238617777;9.43798955180313;9.888282221208874;3.7803336087734207;6.581498524249579;6.021008846280397;88.88945945370057;0.010424157563871559;2666.4705706381624;237.49138957599112;211.9046072224293;0.008337019958392977;0.7914417542312583;0.6001379446353905;0.2374116236985834;2.82170731225051e-10;-2.9818636448908364e-10;6.437517185986508e-10;-9.89811566043386e-11;-2.2562574031326221e-10;-6.609468528040452e-11;1.2674661320488667e-10;1.8130634771296172e-09;2.82170731225051e-12;-2.9818636448908366e-12;6.437517185986508e-12;-9.89811566043386e-11;-2.2562574031326223e-12;-6.609468528040452e-13;1.2674661320488667e-12;1.813063477129617e-11;140.64473059329214;97.04777279115223;94.221566444887;100.0;97.04777279115223;35.91404439067122;9.85708224383393;9.03094764715729;52.975415063029345;13.138320951906792;2.563514973580368;5.332106991186436;8.167599198707023;53.90737458237464;4.024957670223841;8.587960425564006;4.0;0.7600000000000003;75209.84230661426;8713.451615895352;8.631463812734566;2.563514973580368;deltaT_des_1_K;desorber;True;True;True;True;True;True;True;True;91.83240080129298;2662.506772848158;0.03977877418965092;75209.84230661426;0.0;0.0;135.0;4.0;140.64473059329214;4.0;97.04777279115223;8.0;94.221566444887;8.0;100.0;8.0;97.04777279115223;8.0;30.0;4.0;35.91404439067122;4.0;91.83240080129298;2662.506772848158;0.00614438446339143;75209.84230661426;0.0;0.0;88.88945945370057;237.49138957599055;0.7997787741896513;8713.451615895352;0.5938820121404531;0.23273604343527254;150.50181283712607;340.6665637831353;0.7661443844633917;75209.84230661426;0.6199539374221593;0.2528234366919441;91.83240080129298;2662.506772848158;0.03363438972625949;75209.84230661426;0.0;0.0;103.09263196701733;237.49138957599055;0.7997787741896513;75209.84230661426;0.5938820121404531;0.23273604343527254;144.0309476471573;320.3031613386165;0.7997787741896513;75209.84230661426;0.5938820121404531;0.23273604343527254;140.00598997693345;321.89514416943416;0.7600000000000003;75209.84230661426;0.6249660890565459;0.25687361600606284;94.50467154145332;234.74896350035;0.7600000000000003;75209.84230661426;0.6249660890565459;0.25687361600606284;94.48425781757186;234.71050255529917;0.7600000000000003;8713.451615895352;0.6249660890565459;0.25687361600606284;88.88945945370057;2666.4705706381624;0.03977877418965092;8713.451615895352;0.0;0.0;43.13832095190679;180.6518337262394;0.03977877418965092;8713.451615895352;0.0;0.0;43.14039820877758;180.71893813014836;0.03977877418965092;75209.84230661426;0.0;0.0;"Zustand 3: Temperatur 417.181 K liegt außerhalb des Boryta-Prüfbereichs; Kristallisation wurde nicht bewertet.";"Zustand 4: Temperatur 413.156 K liegt außerhalb des Boryta-Prüfbereichs; Kristallisation wurde nicht bewertet.";Zustand 5: Kristallisationsprüfung bestanden (w_LiBr=0.6250 <= w_crit=0.6918, T=367.65 K >= T_crit=305.01 K).;Zustand 6: Kristallisationsprüfung bestanden (w_LiBr=0.6250 <= w_crit=0.6918, T=367.63 K >= T_crit=305.01 K).;"Zustand 20: Temperatur 423.652 K liegt außerhalb des Boryta-Prüfbereichs; Kristallisation wurde nicht bewertet.";5
series_evaporator_to_desorber;Serie Verdampfer → Desorber;series_evaporator_to_desorber;nan;100.0;30.0;100.0;8.0;8.0;4.0;100.0;0.7700000000000004;Abwärmetemperatur [°C];hot_temperature_C;100.0;10.0;10.0;25.0;15.0;11.0;nan;nan;4.349037185403244e-21;`gtol` termination condition is satisfied.;4;1.7209178727943854e-09;9.32634675036613e-11;1;True;;True;0;zulässig;feasible;True;True;True;91.823527171372;103.10687058511007;139.94353608912945;43.15317050130932;0.15640706046945202;0.25266428703344185;0.2328571435058163;0.2567128727177194;94.2681678085113;98.99458423691868;94.40073903771977;98.82973419611739;67.07163194770915;0.48785352657307324;19.33545408377028;40.638048313906154;0.0026710516283800505;0.029607760233361122;9.426816780696436;9.899458423700361;3.7760295615173742;6.588648946400683;6.097421086180474;88.93952874312066;0.010394065268145987;2666.564869812645;237.57960080809443;212.06739384235968;0.00841735538188182;0.8014058624574306;0.6002849371427009;0.23752254694735375;2.689404254851979e-10;-2.760600636975141e-10;5.889546628168318e-10;-9.166656322889821e-11;-2.1458390619955026e-10;-8.492406777804717e-11;1.071356336979079e-10;1.5469368008780293e-09;2.6894042548519792e-12;-2.760600636975141e-12;5.889546628168318e-12;-9.166656322889821e-11;-2.1458390619955026e-12;-8.492406777804717e-13;1.071356336979079e-12;1.5469368008780292e-11;140.63804831390615;97.04456536494865;94.22157675736133;100.0;97.04456536494865;35.92072872230375;9.802997284002288;9.060385334961154;53.01880002081691;13.153170501309319;2.587736881470903;5.282048014240672;8.176472828627993;53.88931793550711;4.116849245831702;8.629640027958771;4.0;0.7700000000000004;75184.78957521686;8720.1970789162;8.621914034144888;2.587736881470903;deltaT_des_1_K;desorber;True;True;True;True;True;True;True;True;91.823527171372;2662.492396567833;0.039823217839312086;75184.78957521686;0.0;0.0;135.0;4.0;140.63804831390615;4.0;97.04456536494865;8.0;94.22157675736133;8.0;100.0;8.0;97.04456536494865;8.0;30.0;4.0;35.92072872230375;4.0;91.823527171372;2662.492396567833;0.006228632440681446;75184.78957521686;0.0;0.0;88.93952874312066;237.5796008080954;0.8098232178393124;8720.1970789162;0.5940455363265548;0.2328571435058163;150.44104559790844;340.4820916671309;0.7762286324406817;75184.78957521686;0.6197553758743628;0.25266428703344185;91.823527171372;2662.492396567833;0.03359458539863064;75184.78957521686;0.0;0.0;103.10687058511007;237.5796008080954;0.8098232178393124;75184.78957521686;0.5940455363265548;0.2328571435058163;144.06038533496115;320.4021606831541;0.8098232178393124;75184.78957521686;0.5940455363265548;0.2328571435058163;139.94353608912945;321.69904139166044;0.7700000000000004;75184.78957521686;0.6247686594429228;0.2567128727177194;94.4772305571513;234.59302587550437;0.7700000000000004;75184.78957521686;0.6247686594429228;0.2567128727177194;94.45682848347775;234.55457423883766;0.7700000000000004;8720.1970789162;0.6247686594429228;0.2567128727177194;88.93952874312066;2666.564869812645;0.039823217839312086;8720.1970789162;0.0;0.0;43.15317050130932;180.71391129982766;0.039823217839312086;8720.1970789162;0.0;0.0;43.155247429441545;180.78098402205612;0.039823217839312086;75184.78957521686;0.0;0.0;"Zustand 3: Temperatur 417.210 K liegt außerhalb des Boryta-Prüfbereichs; Kristallisation wurde nicht bewertet.";"Zustand 4: Temperatur 413.094 K liegt außerhalb des Boryta-Prüfbereichs; Kristallisation wurde nicht bewertet.";Zustand 5: Kristallisationsprüfung bestanden (w_LiBr=0.6248 <= w_crit=0.6918, T=367.63 K >= T_crit=304.95 K).;Zustand 6: Kristallisationsprüfung bestanden (w_LiBr=0.6248 <= w_crit=0.6918, T=367.61 K >= T_crit=304.95 K).;"Zustand 20: Temperatur 423.591 K liegt außerhalb des Boryta-Prüfbereichs; Kristallisation wurde nicht bewertet.";5
series_evaporator_to_desorber;Serie Verdampfer → Desorber;series_evaporator_to_desorber;nan;100.0;30.0;100.0;8.0;8.0;4.0;100.0;0.7800000000000004;Abwärmetemperatur [°C];hot_temperature_C;100.0;10.0;10.0;25.0;15.0;11.0;nan;nan;3.722494427131907e-21;`gtol` termination condition is satisfied.;4;1.4929806897386625e-09;8.628434883722432e-11;1;True;;True;0;zulässig;feasible;True;True;True;91.81469267650539;103.12239763110131;139.88018568942056;43.1679471083533;0.15837183114043207;0.2525072241078608;0.23297414442396536;0.25655485496483554;94.15294410314334;99.10579727642674;94.28956615672527;98.93651749958019;67.90863570667919;0.4872682938117961;19.56482427593143;40.63115694396788;0.0026727623046238036;0.02998496121827632;9.415294410181732;9.91057972765257;3.771582646276912;6.595767833299322;6.1735123369936;88.98851034822889;0.010365876973107493;2666.6571050567736;237.6684394584111;212.22610972178686;0.008498645304496621;0.8113688224017971;0.6004274059127365;0.23763010356008962;2.58324917012942e-10;-2.504094709365745e-10;5.263132152322214e-10;-8.498712844584588e-11;-1.9753088054130785e-10;-9.895018138195155e-11;9.035261427925434e-11;1.3260290643302142e-09;2.5832491701294203e-12;-2.504094709365745e-12;5.263132152322214e-12;-8.498712844584588e-11;-1.9753088054130785e-12;-9.895018138195155e-13;9.035261427925434e-13;1.3260290643302142e-11;140.63115694396788;97.0413720843427;94.221708024632;100.0;97.0413720843427;35.92738021988197;9.749816067410677;9.088513442204487;53.06113012834692;13.167947108353303;2.6113218873944106;5.233197676403108;8.185307323494612;53.871348375970626;4.20832775278393;8.671956933259366;4.0;0.7800000000000004;75159.85423655243;8726.913872953139;8.61242076302499;2.6113218873944106;deltaT_des_1_K;desorber;True;True;True;True;True;True;True;True;91.81469267650539;2662.4780833097857;0.03986746770629335;75159.85423655243;0.0;0.0;135.0;4.0;140.63115694396788;4.0;97.0413720843427;8.0;94.221708024632;8.0;100.0;8.0;97.0413720843427;8.0;30.0;4.0;35.92738021988197;4.0;91.81469267650539;2662.4780833097857;0.006313883863577719;75159.85423655243;0.0;0.0;88.98851034822889;237.66843945841075;0.8198674677062937;8726.913872953139;0.5942034492917629;0.23297414442396536;150.38097301137856;340.2998793678513;0.786313883863578;75159.85423655243;0.6195592973183358;0.2525072241078608;91.81469267650539;2662.4780833097857;0.03355358384271563;75159.85423655243;0.0;0.0;103.12239763110131;237.66843945841075;0.8198674677062937;75159.85423655243;0.5942034492917629;0.23297414442396536;144.0885134422045;320.49723604020966;0.8198674677062937;75159.85423655243;0.5942034492917629;0.23297414442396536;139.88018568942056;321.50249027849935;0.7800000000000004;75159.85423655243;0.6245744580425417;0.25655485496483554;94.45044069784194;234.44013680872905;0.7800000000000004;75159.85423655243;0.6245744580425417;0.25655485496483554;94.43005019694829;234.4016945507569;0.7800000000000004;8726.913872953139;0.6245744580425417;0.25655485496483554;88.98851034822889;2666.6571050567736;0.03986746770629335;8726.913872953139;0.0;0.0;43.1679471083533;180.77568398065566;0.03986746770629335;8726.913872953139;0.0;0.0;43.17002370837207;180.842725166324;0.03986746770629335;75159.85423655243;0.0;0.0;"Zustand 3: Temperatur 417.239 K liegt außerhalb des Boryta-Prüfbereichs; Kristallisation wurde nicht bewertet.";"Zustand 4: Temperatur 413.030 K liegt außerhalb des Boryta-Prüfbereichs; Kristallisation wurde nicht bewertet.";Zustand 5: Kristallisationsprüfung bestanden (w_LiBr=0.6246 <= w_crit=0.6918, T=367.60 K >= T_crit=304.90 K).;Zustand 6: Kristallisationsprüfung bestanden (w_LiBr=0.6246 <= w_crit=0.6918, T=367.58 K >= T_crit=304.90 K).;"Zustand 20: Temperatur 423.531 K liegt außerhalb des Boryta-Prüfbereichs; Kristallisation wurde nicht bewertet.";5
series_evaporator_to_desorber;Serie Verdampfer → Desorber;series_evaporator_to_desorber;nan;100.0;30.0;100.0;8.0;8.0;4.0;100.0;0.7900000000000004;Abwärmetemperatur [°C];hot_temperature_C;100.0;10.0;10.0;25.0;15.0;11.0;nan;nan;3.1967036709381087e-21;`gtol` termination condition is satisfied.;4;1.2996791160791738e-09;7.995878527013912e-11;1;True;;True;0;zulässig;feasible;True;True;True;91.80589131245097;103.13916005241907;139.8159853958124;43.18266087224072;0.16035784617087792;0.25235217904226326;0.23308717980577406;0.25639946313932466;94.03433665707018;99.21653734008193;94.17493727149;99.04290034805929;68.74211002656946;0.48667523565927756;19.79376707050556;40.62406319719321;0.002674464152353281;0.030361913700463504;9.403433665593113;9.921653734018221;3.766997490866849;6.602860023198321;6.249282729708525;89.03644759723068;0.010339514434382108;2666.7473581033887;237.75785516192917;212.38089771750603;0.00858088249012079;0.8213306713432663;0.6005654947559959;0.23773439779091712;2.4998314529511845e-10;-2.2430413082474843e-10;4.718572199635673e-10;-7.889938702376753e-11;-1.8123103018297115e-10;-1.0028600172518054e-10;8.446932042716071e-11;1.1390568488423014e-09;2.4998314529511844e-12;-2.2430413082474843e-12;4.718572199635674e-12;-7.889938702376753e-11;-1.8123103018297116e-12;-1.0028600172518053e-12;8.446932042716071e-13;1.1390568488423014e-11;140.6240631971932;97.03819077906519;94.22195461664023;100.0;97.03819077906519;35.93400342943073;9.697503480417822;9.115369777549745;53.102444167799945;13.182660872240717;2.6342826120989002;5.185507019409556;8.194108687549033;53.85345363451074;4.2993843817373545;8.71487288779258;4.0;0.7900000000000004;75135.01925765495;8733.606529666125;8.602977361349854;2.6342826120989002;deltaT_des_1_K;desorber;True;True;True;True;True;True;True;True;91.80589131245097;2662.463823350921;0.03991155383338674;75135.01925765495;0.0;0.0;135.0;4.0;140.6240631971932;4.0;97.03819077906519;8.0;94.22195461664023;8.0;100.0;8.0;97.03819077906519;8.0;30.0;4.0;35.93400342943073;4.0;91.80589131245097;2662.463823350921;0.006400130810054944;75135.01925765495;0.0;0.0;89.03644759723068;237.7578551619284;0.8299115538333871;8733.606529666125;0.5943559391541744;0.23308717980577406;150.32156667761103;340.1198414577748;0.7964001308100553;75135.01925765495;0.6193656203581005;0.25235217904226326;91.80589131245097;2662.463823350921;0.03351142302333179;75135.01925765495;0.0;0.0;103.13916005241907;237.7578551619284;0.8299115538333871;75135.01925765495;0.5943559391541744;0.23308717980577406;144.11536977754974;320.58850104105557;0.8299115538333871;75135.01925765495;0.5943559391541744;0.23308717980577406;139.8159853958124;321.3055309899417;0.7900000000000004;75135.01925765495;0.6243833683462566;0.25639946313932466;94.42428716462649;234.2902018427019;0.7900000000000004;75135.01925765495;0.6243833683462566;0.25639946313932466;94.40390816696629;234.2517690405494;0.7900000000000004;8733.606529666125;0.6243833683462566;0.25639946313932466;89.03644759723068;2666.7473581033887;0.03991155383338674;8733.606529666125;0.0;0.0;43.18266087224072;180.8371939873148;0.03991155383338674;8733.606529666125;0.0;0.0;43.18473714455445;180.90420376006176;0.03991155383338674;75135.01925765495;0.0;0.0;"Zustand 3: Temperatur 417.265 K liegt außerhalb des Boryta-Prüfbereichs; Kristallisation wurde nicht bewertet.";"Zustand 4: Temperatur 412.966 K liegt außerhalb des Boryta-Prüfbereichs; Kristallisation wurde nicht bewertet.";Zustand 5: Kristallisationsprüfung bestanden (w_LiBr=0.6244 <= w_crit=0.6918, T=367.57 K >= T_crit=304.84 K).;Zustand 6: Kristallisationsprüfung bestanden (w_LiBr=0.6244 <= w_crit=0.6917, T=367.55 K >= T_crit=304.84 K).;"Zustand 20: Temperatur 423.472 K liegt außerhalb des Boryta-Prüfbereichs; Kristallisation wurde nicht bewertet.";5
series_evaporator_to_desorber;Serie Verdampfer → Desorber;series_evaporator_to_desorber;nan;100.0;30.0;100.0;8.0;8.0;4.0;100.0;0.8000000000000004;Abwärmetemperatur [°C];hot_temperature_C;100.0;10.0;10.0;25.0;15.0;11.0;nan;nan;2.752322944848408e-21;`gtol` termination condition is satisfied.;4;1.1275114560679929e-09;7.419330084109222e-11;1;True;;True;0;zulässig;feasible;True;True;True;91.79711747245085;103.15710714731114;139.75097925279357;43.19732123188413;0.16236474846540588;0.25219908569200583;0.23319637744722;0.25624660197268345;93.91245176230433;99.32687546787353;94.05696195085511;99.14895051091246;69.57205672117841;0.48607441959566394;20.022272635927447;40.61677343075985;0.0026761582812640673;0.03073861037055553;9.391245176133568;9.93268754679764;3.76227847804054;6.609930034055733;6.324732429217242;89.08338167013193;0.01031490319029629;2666.8357066439844;237.84780030293896;212.53189407673267;0.008664059710804639;0.8312914445691895;0.6006993411325534;0.23783552940516128;2.4148505417542765e-10;-2.1124435534147779e-10;4.2797410060302354e-10;-7.33352267801024e-11;-1.5837997580092633e-10;-1.028581664286321e-10;7.646860922250198e-11;9.686544899523142e-10;2.4148505417542766e-12;-2.112443553414778e-12;4.279741006030236e-12;-7.33352267801024e-11;-1.5837997580092634e-12;-1.028581664286321e-12;7.646860922250199e-13;9.686544899523142e-12;140.61677343075985;97.03501942252058;94.22231123021032;100.0;97.03501942252058;35.94060259975322;9.646026073322275;9.140990631235809;53.14277907037871;13.197321231884132;2.656631460563176;5.138929560078395;8.20288252754915;53.83562224579305;4.390011378442239;8.758351628763023;4.0;0.8000000000000004;75110.26874569959;8740.27929242221;8.593577645833346;2.656631460563176;deltaT_des_1_K;desorber;True;True;True;True;True;True;True;True;91.79711747245085;2662.449607611127;0.039955504279993725;75110.26874569959;0.0;0.0;135.0;4.0;140.61677343075985;4.0;97.03501942252058;8.0;94.22231123021032;8.0;100.0;8.0;97.03501942252058;8.0;30.0;4.0;35.94060259975322;4.0;91.79711747245085;2662.449607611127;0.006487365402229629;75110.26874569959;0.0;0.0;89.08338167013193;237.8478003029377;0.8399555042799941;8740.27929242221;0.5945031855822963;0.23319637744722;150.26279950408212;339.9418962615535;0.80648736540223;75110.26874569959;0.6191742667488974;0.25219908569200583;91.79711747245085;2662.449607611127;0.0334681388777641;75110.26874569959;0.0;0.0;103.15710714731114;237.8478003029377;0.8399555042799941;75110.26874569959;0.5945031855822963;0.23319637744722;144.1409906312358;320.67606485585026;0.8399555042799941;75110.26874569959;0.5945031855822963;0.23319637744722;139.75097925279357;321.1082010458125;0.8000000000000004;75110.26874569959;0.6241952788023005;0.25624660197268345;94.39875551854811;234.1431301446414;0.8000000000000004;75110.26874569959;0.6241952788023005;0.25624660197268345;94.3783879619574;234.1047068816782;0.8000000000000004;8740.27929242221;0.6241952788023005;0.25624660197268345;89.08338167013193;2666.8357066439844;0.039955504279993725;8740.27929242221;0.0;0.0;43.19732123188413;180.8984807782635;0.039955504279993725;8740.27929242221;0.0;0.0;43.19939717672753;180.96545924166895;0.039955504279993725;75110.26874569959;0.0;0.0;"Zustand 3: Temperatur 417.291 K liegt außerhalb des Boryta-Prüfbereichs; Kristallisation wurde nicht bewertet.";"Zustand 4: Temperatur 412.901 K liegt außerhalb des Boryta-Prüfbereichs; Kristallisation wurde nicht bewertet.";Zustand 5: Kristallisationsprüfung bestanden (w_LiBr=0.6242 <= w_crit=0.6917, T=367.55 K >= T_crit=304.79 K).;Zustand 6: Kristallisationsprüfung bestanden (w_LiBr=0.6242 <= w_crit=0.6917, T=367.53 K >= T_crit=304.79 K).;"Zustand 20: Temperatur 423.413 K liegt außerhalb des Boryta-Prüfbereichs; Kristallisation wurde nicht bewertet.";5
series_evaporator_to_desorber;Serie Verdampfer → Desorber;series_evaporator_to_desorber;nan;100.0;30.0;100.0;8.0;8.0;4.0;100.0;0.8100000000000004;Abwärmetemperatur [°C];hot_temperature_C;100.0;10.0;10.0;25.0;15.0;11.0;nan;nan;2.4075162449781877e-21;`gtol` termination condition is satisfied.;4;1.0126578031559958e-09;6.939043514747818e-11;1;True;;True;0;zulässig;feasible;True;True;True;91.78836591941706;103.17619044120198;139.6852088975204;43.211937011793225;0.16439218609928072;0.25204788051591365;0.23330185963047717;0.25609618031121384;93.78739014453981;99.43687807562463;93.93574404130419;99.25473128927443;70.39847794877319;0.4854659112156288;20.250331467162393;40.6092936689318;0.002677845723337862;0.031115044095673675;9.378739014368879;9.943687807573392;3.7574297616586456;6.616982085947186;6.399861631724494;89.1293517251762;0.010291972343376098;2666.9222245660185;237.9382298416886;212.67922880539575;0.008748169753311608;0.8412511755074557;0.6008290764926928;0.23793359391397642;2.332001258764649e-10;-1.9623769276222447e-10;4.012576937384438e-10;-6.865097379460394e-11;-1.6194690033444203e-10;-1.0928147275990341e-10;6.66346977595822e-11;8.510312454745872e-10;2.3320012587646487e-12;-1.9623769276222447e-12;4.012576937384438e-12;-6.865097379460394e-11;-1.6194690033444203e-12;-1.0928147275990342e-12;6.66346977595822e-13;8.510312454745872e-12;140.6092936689318;97.03185612173223;94.22277286690854;100.0;97.03185612173223;35.94718170308761;9.595351965827547;9.165410848670831;53.1821700220886;13.211937011793225;2.6783806152968737;5.093421141732335;8.21163408058294;53.81784349255594;4.480201951150434;8.802358763999166;4.0;0.8100000000000004;75085.58786786832;8746.936136113214;8.584215855637119;2.6783806152968737;deltaT_des_1_K;desorber;True;True;True;True;True;True;True;True;91.78836591941706;2662.4354276082972;0.03999934526076687;75085.58786786832;0.0;0.0;135.0;4.0;140.6092936689318;4.0;97.03185612173223;8.0;94.22277286690854;8.0;100.0;8.0;97.03185612173223;8.0;30.0;4.0;35.94718170308761;4.0;91.78836591941706;2662.4354276082972;0.00657557980995737;75085.58786786832;0.0;0.0;89.1293517251762;237.93822984168827;0.8499993452607673;8746.936136113214;0.5946453602543338;0.23330185963047717;150.20464563475934;339.7659656625014;0.8165755798099578;75085.58786786832;0.6189851612569911;0.25204788051591365;91.78836591941706;2662.4354276082972;0.0334237654508095;75085.58786786832;0.0;0.0;103.17619044120198;237.93822984168827;0.8499993452607673;75085.58786786832;0.5946453602543338;0.23330185963047717;144.16541084867083;320.76003240104905;0.8499993452607673;75085.58786786832;0.5946453602543338;0.23330185963047717;139.6852088975204;320.91053551586674;0.8100000000000004;75085.58786786832;0.6240100825660945;0.25609618031121384;94.37383167720282;233.99883434482976;0.8100000000000004;75085.58786786832;0.6240100825660945;0.25609618031121384;94.35347550643536;233.96042071014375;0.8100000000000004;8746.936136113214;0.6240100825660945;0.25609618031121384;89.1293517251762;2666.9222245660185;0.03999934526076687;8746.936136113214;0.0;0.0;43.211937011793225;180.95958124353592;0.03999934526076687;8746.936136113214;0.0;0.0;43.214012629176295;181.02652848244398;0.03999934526076687;75085.58786786832;0.0;0.0;"Zustand 3: Temperatur 417.315 K liegt außerhalb des Boryta-Prüfbereichs; Kristallisation wurde nicht bewertet.";"Zustand 4: Temperatur 412.835 K liegt außerhalb des Boryta-Prüfbereichs; Kristallisation wurde nicht bewertet.";Zustand 5: Kristallisationsprüfung bestanden (w_LiBr=0.6240 <= w_crit=0.6917, T=367.52 K >= T_crit=304.74 K).;Zustand 6: Kristallisationsprüfung bestanden (w_LiBr=0.6240 <= w_crit=0.6917, T=367.50 K >= T_crit=304.74 K).;"Zustand 20: Temperatur 423.355 K liegt außerhalb des Boryta-Prüfbereichs; Kristallisation wurde nicht bewertet.";5
series_evaporator_to_desorber;Serie Verdampfer → Desorber;series_evaporator_to_desorber;nan;100.0;30.0;100.0;8.0;8.0;4.0;100.0;0.8200000000000004;Abwärmetemperatur [°C];hot_temperature_C;100.0;10.0;10.0;25.0;15.0;11.0;nan;nan;2.2146720993828637e-21;`gtol` termination condition is satisfied.;4;9.569105831647588e-10;6.655331846546593e-11;1;True;;True;0;zulässig;feasible;True;True;True;91.77963176029766;103.19636357032238;139.61871371419056;43.226516464384815;0.16643981214486397;0.25189850245798207;0.23340374341196374;0.25594811090494207;93.65924732870167;99.54660727342909;93.81138204111136;99.36030182589522;71.22137618652292;0.48484977432398163;20.47793437380189;40.60162962492234;0.00267952743834719;0.03149120791272532;9.365924732789777;9.95466072735398;3.752455281651099;6.624020121722042;6.474670562426872;89.1743950167421;0.010270654356269435;2667.0069821742527;238.02910115337284;212.82302601293807;0.00883320542467303;0.8512098958487182;0.6009548265967628;0.238028682795107;2.268905063829152e-10;-1.7267609564441955e-10;3.738591658475343e-10;-6.586509115891204e-11;-1.6612489162071142e-10;-1.1071676908613881e-10;6.458833468059311e-11;8.038938403842621e-10;2.268905063829152e-12;-1.7267609564441955e-12;3.738591658475343e-12;-6.586509115891204e-11;-1.6612489162071143e-12;-1.107167690861388e-12;6.458833468059311e-13;8.038938403842622e-12;140.60162962492234;97.02869910807732;94.22333481258954;100.0;97.02869910807732;35.95374445415246;9.545450758821346;9.18866390013136;53.22065056258964;13.226516464384815;2.699542031245585;5.048939795847446;8.220368239702339;53.80010735389567;4.569950185940797;8.846861659784338;4.0;0.8200000000000004;75060.96277753246;8753.580785450844;8.574886622659589;2.699542031245585;deltaT_des_1_K;desorber;True;True;True;True;True;True;True;True;91.77963176029766;2662.421275416881;0.040043101273390835;75060.96277753246;0.0;0.0;135.0;4.0;140.60162962492234;4.0;97.02869910807732;8.0;94.22333481258954;8.0;100.0;8.0;97.02869910807732;8.0;30.0;4.0;35.95374445415246;4.0;91.77963176029766;2662.421275416881;0.006664766253640934;75060.96277753246;0.0;0.0;89.1743950167421;238.02910115337153;0.8600431012733912;8753.580785450844;0.5947826272890556;0.23340374341196374;150.14708038374368;339.5919749208291;0.8266647662536414;75060.96277753246;0.6187982315265718;0.25189850245798207;91.77963176029766;2662.421275416881;0.033378335019749905;75060.96277753246;0.0;0.0;103.19636357032238;238.02910115337153;0.8600431012733912;75060.96277753246;0.5947826272890556;0.23340374341196374;144.18866390013136;320.8405045366108;0.8600431012733912;75060.96277753246;0.5947826272890556;0.23340374341196374;139.61871371419056;320.7125671957796;0.8200000000000004;75060.96277753246;0.623827677264896;0.25594811090494207;94.34950191053804;233.85723038322354;0.8200000000000004;75060.96277753246;0.623827677264896;0.25594811090494207;94.32915707683173;233.81882647113486;0.8200000000000004;8753.580785450844;0.623827677264896;0.25594811090494207;89.1743950167421;2667.0069821742527;0.040043101273390835;8753.580785450844;0.0;0.0;43.226516464384815;181.0205298816802;0.040043101273390835;8753.580785450844;0.0;0.0;43.22859175418165;181.08744596343055;0.040043101273390835;75060.96277753246;0.0;0.0;"Zustand 3: Temperatur 417.339 K liegt außerhalb des Boryta-Prüfbereichs; Kristallisation wurde nicht bewertet.";"Zustand 4: Temperatur 412.769 K liegt außerhalb des Boryta-Prüfbereichs; Kristallisation wurde nicht bewertet.";Zustand 5: Kristallisationsprüfung bestanden (w_LiBr=0.6238 <= w_crit=0.6917, T=367.50 K >= T_crit=304.68 K).;Zustand 6: Kristallisationsprüfung bestanden (w_LiBr=0.6238 <= w_crit=0.6917, T=367.48 K >= T_crit=304.68 K).;"Zustand 20: Temperatur 423.297 K liegt außerhalb des Boryta-Prüfbereichs; Kristallisation wurde nicht bewertet.";5
series_evaporator_to_desorber;Serie Verdampfer → Desorber;series_evaporator_to_desorber;nan;100.0;30.0;100.0;8.0;8.0;4.0;100.0;0.8300000000000004;Abwärmetemperatur [°C];hot_temperature_C;100.0;10.0;10.0;25.0;15.0;11.0;nan;nan;2.041562333996109e-21;`gtol` termination condition is satisfied.;4;8.913791680858631e-10;6.389933229692011e-11;1;True;;True;0;zulässig;feasible;True;True;True;91.77091042250532;103.21758217223879;139.55153097777776;43.241067308910544;0.1685072844806187;0.2517508928331106;0.2335021408940615;0.25580231020988886;93.52811397654625;99.65612115861116;93.68396944601673;99.46571739002728;72.0407542078173;0.48422607102613646;20.70507246902625;40.59378672108528;0.0026812043189067295;0.031867095022120054;9.352811397581666;9.965612115872826;3.747358777846619;6.63104782599762;6.549159473453939;89.21854700542923;0.010250884860997936;2667.090046397453;238.12037387898823;212.96340423588248;0.008919159556834755;0.861167635659248;0.6010767118166008;0.2381208837013969;2.276578925375361e-10;-1.7602985735720722e-10;3.6828851079917513e-10;-6.327771640002311e-11;-1.4874501630401937e-10;-1.171116537079797e-10;6.298250809777528e-11;7.295852810784709e-10;2.276578925375361e-12;-1.7602985735720723e-12;3.682885107991752e-12;-6.327771640002311e-11;-1.4874501630401938e-12;-1.171116537079797e-12;6.298250809777528e-13;7.295852810784708e-12;140.59378672108528;97.02554672876715;94.2239926185394;100.0;97.02554672876715;35.96029432766812;9.496293451457007;9.210781947093267;53.25825267776111;13.241067308910544;2.7201274320839275;5.005445613110169;8.229089577494676;53.782404457970244;4.659250969315508;8.891829336228227;4.0;0.8300000000000004;75036.38054640035;8760.216731815883;8.565584944249006;2.7201274320839275;deltaT_des_1_K;desorber;True;True;True;True;True;True;True;True;91.77091042250532;2662.4071436297695;0.04008679521608238;75036.38054640035;0.0;0.0;135.0;4.0;140.59378672108528;4.0;97.02554672876715;8.0;94.2239926185394;8.0;100.0;8.0;97.02554672876715;8.0;30.0;4.0;35.96029432766812;4.0;91.77091042250532;2662.4071436297695;0.0067549170053926985;75036.38054640035;0.0;0.0;89.21854700542923;238.12037387898604;0.8700867952160828;8760.216731815883;0.5949151436511416;0.2335021408940615;150.0900801725423;339.4198525007884;0.8367549170053931;75036.38054640035;0.6186134079507044;0.2517508928331106;91.77091042250532;2662.4071436297695;0.03333187821068968;75036.38054640035;0.0;0.0;103.21758217223879;238.12037387898604;0.8700867952160828;75036.38054640035;0.5949151436511416;0.2335021408940615;144.21078194709327;320.9175782543567;0.8700867952160828;75036.38054640035;0.5949151436511416;0.2335021408940615;139.55153097777776;320.51432677092095;0.8300000000000004;75036.38054640035;0.6236479647770327;0.25580231020988886;94.32575283601057;233.71823736418648;0.8300000000000004;75036.38054640035;0.6236479647770327;0.25580231020988886;94.30541929668323;233.67984327379838;0.8300000000000004;8760.216731815883;0.6236479647770327;0.25580231020988886;89.21854700542923;2667.090046397453;0.04008679521608238;8760.216731815883;0.0;0.0;43.241067308910544;181.08135896238963;0.04008679521608238;8760.216731815883;0.0;0.0;43.24314227079691;181.1482439379646;0.04008679521608238;75036.38054640035;0.0;0.0;"Zustand 3: Temperatur 417.361 K liegt außerhalb des Boryta-Prüfbereichs; Kristallisation wurde nicht bewertet.";"Zustand 4: Temperatur 412.702 K liegt außerhalb des Boryta-Prüfbereichs; Kristallisation wurde nicht bewertet.";Zustand 5: Kristallisationsprüfung bestanden (w_LiBr=0.6236 <= w_crit=0.6917, T=367.48 K >= T_crit=304.63 K).;Zustand 6: Kristallisationsprüfung bestanden (w_LiBr=0.6236 <= w_crit=0.6917, T=367.46 K >= T_crit=304.63 K).;"Zustand 20: Temperatur 423.240 K liegt außerhalb des Boryta-Prüfbereichs; Kristallisation wurde nicht bewertet.";5
series_evaporator_to_desorber;Serie Verdampfer → Desorber;series_evaporator_to_desorber;nan;100.0;30.0;100.0;8.0;8.0;4.0;100.0;0.8400000000000004;Abwärmetemperatur [°C];hot_temperature_C;100.0;10.0;10.0;25.0;15.0;11.0;nan;nan;1.8878221469584313e-21;`gtol` termination condition is satisfied.;4;8.330735550427741e-10;6.144627160305873e-11;1;True;;True;0;zulässig;feasible;True;True;True;91.76219763199754;103.23980378260546;139.48369598692858;43.25559676766511;0.17059426565977714;0.2516049952233772;0.23359715947902215;0.25565869820056936;93.39407620159506;99.7654740882613;93.55359507171954;99.57102964238372;72.85661506114175;0.4835948618145057;20.931737158758963;40.585770107750875;0.0026828771951586104;0.032242698781591514;9.339407620092993;9.976547408838773;3.7421438028747143;6.638068642822144;6.623328641937849;89.2618414606028;0.010232602480724957;2667.1714809809528;238.212009785416;213.10047673954014;0.009006025010650842;0.8711244234862389;0.6011948474163975;0.2382102806552873;2.2362200979841873e-10;-1.7459456103097182e-10;3.560671757441014e-10;-6.088196613518448e-11;-1.483186906625633e-10;-1.2641976354643703e-10;5.157119176146807e-11;6.651248440903146e-10;2.2362200979841875e-12;-1.7459456103097182e-12;3.560671757441014e-12;-6.088196613518448e-11;-1.4831869066256332e-12;-1.2641976354643702e-12;5.157119176146807e-13;6.651248440903146e-12;140.58577010775088;97.02239743892392;94.22474208390838;100.0;97.02239743892392;35.96683457465679;9.447852364801577;9.231795904267187;53.29500688594601;13.25559676766511;2.740148307809477;4.962900623305586;8.237802368002463;53.76472603775295;4.748099917338607;8.937232369563162;4.0;0.8400000000000004;75011.82910145578;8766.847248953287;8.556306157884954;2.740148307809477;deltaT_des_1_K;desorber;True;True;True;True;True;True;True;True;91.76219763199754;2662.3930253228436;0.04013044849688929;75011.82910145578;0.0;0.0;135.0;4.0;140.58577010775088;4.0;97.02239743892392;8.0;94.22474208390838;8.0;100.0;8.0;97.02239743892392;8.0;30.0;4.0;35.96683457465679;4.0;91.76219763199754;2662.3930253228436;0.006846024391924337;75011.82910145578;0.0;0.0;89.2618414606028;238.21200978541472;0.8801304484968897;8766.847248953287;0.5950430595293255;0.23359715947902215;150.03362247255245;339.2495299124848;0.8468460243919248;75011.82910145578;0.6184306235545487;0.2516049952233772;91.76219763199754;2662.3930253228436;0.03328442410496495;75011.82910145578;0.0;0.0;103.23980378260546;238.21200978541472;0.8801304484968897;75011.82910145578;0.5950430595293255;0.23359715947902215;144.2317959042672;320.9913468547869;0.8801304484968897;75011.82910145578;0.5950430595293255;0.23359715947902215;139.48369598692858;320.31584296586146;0.8400000000000004;75011.82910145578;0.6234708510220314;0.25565869820056936;94.3025714130423;233.58177741714945;0.8400000000000004;75011.82910145578;0.6234708510220314;0.25565869820056936;94.28224913111444;233.54339325193328;0.8400000000000004;8766.847248953287;0.6234708510220314;0.25565869820056936;89.2618414606028;2667.1714809809528;0.04013044849688929;8766.847248953287;0.0;0.0;43.25559676766511;181.1420986780211;0.04013044849688929;8766.847248953287;0.0;0.0;43.25767140117097;181.20895258311432;0.04013044849688929;75011.82910145578;0.0;0.0;"Zustand 3: Temperatur 417.382 K liegt außerhalb des Boryta-Prüfbereichs; Kristallisation wurde nicht bewertet.";"Zustand 4: Temperatur 412.634 K liegt außerhalb des Boryta-Prüfbereichs; Kristallisation wurde nicht bewertet.";Zustand 5: Kristallisationsprüfung bestanden (w_LiBr=0.6235 <= w_crit=0.6917, T=367.45 K >= T_crit=304.58 K).;Zustand 6: Kristallisationsprüfung bestanden (w_LiBr=0.6235 <= w_crit=0.6917, T=367.43 K >= T_crit=304.58 K).;"Zustand 20: Temperatur 423.184 K liegt außerhalb des Boryta-Prüfbereichs; Kristallisation wurde nicht bewertet.";5
series_evaporator_to_desorber;Serie Verdampfer → Desorber;series_evaporator_to_desorber;nan;100.0;30.0;100.0;8.0;8.0;4.0;100.0;0.8500000000000004;Abwärmetemperatur [°C];hot_temperature_C;100.0;10.0;10.0;25.0;15.0;11.0;nan;nan;1.750150929529449e-21;`gtol` termination condition is satisfied.;4;7.779067585672971e-10;5.91633489506713e-11;1;True;;True;0;zulässig;feasible;True;True;True;91.75348939315512;103.26298773808958;139.41524218802607;43.270111599251265;0.17270042274548988;0.25146075537607554;0.2336889021093551;0.2555171981947536;93.25721585953545;99.87471692959907;93.42034335143327;99.67628687838146;73.66896205151885;0.482956205649705;21.157920131741136;40.577584680594214;0.0026845468390674235;0.03261801270047855;9.325721585891518;9.987471692972338;3.7368137340628573;6.645085791888269;6.697178368334587;89.30431055635722;0.010215748662971789;2667.2513466668943;238.30397263624394;213.2343518020433;0.009093794679157163;0.8810802864548782;0.6013093438185457;0.2382969542333665;2.198135007347446e-10;-1.6160583982127719e-10;3.235527401557192e-10;-5.865263830173717e-11;-1.3815792954119388e-10;-1.2430234619387193e-10;5.74260639041313e-11;6.202753866091371e-10;2.198135007347446e-12;-1.6160583982127718e-12;3.2355274015571923e-12;-5.865263830173717e-11;-1.3815792954119388e-12;-1.2430234619387192e-12;5.742606390413129e-13;6.202753866091371e-12;140.5775846805942;97.0192497943068;94.22557923953906;100.0;97.0192497943068;35.973368237416196;9.400101069560776;9.251735498942082;53.33094231894103;13.270111599251265;2.759615913352661;4.921268683181836;8.246510606844879;53.747063890511924;4.836493310916012;8.983042800977273;4.0;0.8500000000000004;74987.29716708604;8773.475407402057;8.547045917951776;2.759615913352661;deltaT_des_1_K;desorber;True;True;True;True;True;True;True;True;91.75348939315512;2662.378914022437;0.04017408113403498;74987.29716708604;0.0;0.0;135.0;4.0;140.5775846805942;4.0;97.0192497943068;8.0;94.22557923953906;8.0;100.0;8.0;97.0192497943068;8.0;30.0;4.0;35.973368237416196;4.0;91.75348939315512;2662.378914022437;0.00693808079525945;74987.29716708604;0.0;0.0;89.30431055635722;238.30397263624042;0.8901740811340354;8773.475407402057;0.595166518693399;0.2336889021093551;149.977685750155;339.0809415596636;0.8569380807952599;74987.29716708604;0.6182498138799276;0.25146075537607554;91.75348939315512;2662.378914022437;0.03323600033877553;74987.29716708604;0.0;0.0;103.26298773808958;238.30397263624042;0.8901740811340354;74987.29716708604;0.595166518693399;0.2336889021093551;144.25173549894208;321.061900116749;0.8901740811340354;74987.29716708604;0.595166518693399;0.2336889021093551;139.41524218802607;320.11714268426874;0.8500000000000004;74987.29716708604;0.623296245764281;0.2555171981947536;94.2799449371123;233.44777556509345;0.8500000000000004;74987.29716708604;0.623296245764281;0.2555171981947536;94.25963388095414;233.40940143250467;0.8500000000000004;8773.475407402057;0.623296245764281;0.2555171981947536;89.30431055635722;2667.2513466668943;0.04017408113403498;8773.475407402057;0.0;0.0;43.270111599251265;181.20277728252913;0.04017408113403498;8773.475407402057;0.0;0.0;43.27218590379488;181.26960013854196;0.04017408113403498;74987.29716708604;0.0;0.0;"Zustand 3: Temperatur 417.402 K liegt außerhalb des Boryta-Prüfbereichs; Kristallisation wurde nicht bewertet.";"Zustand 4: Temperatur 412.565 K liegt außerhalb des Boryta-Prüfbereichs; Kristallisation wurde nicht bewertet.";Zustand 5: Kristallisationsprüfung bestanden (w_LiBr=0.6233 <= w_crit=0.6917, T=367.43 K >= T_crit=304.53 K).;Zustand 6: Kristallisationsprüfung bestanden (w_LiBr=0.6233 <= w_crit=0.6916, T=367.41 K >= T_crit=304.53 K).;"Zustand 20: Temperatur 423.128 K liegt außerhalb des Boryta-Prüfbereichs; Kristallisation wurde nicht bewertet.";5
series_evaporator_to_desorber;Serie Verdampfer → Desorber;series_evaporator_to_desorber;nan;100.0;30.0;100.0;8.0;8.0;4.0;100.0;0.8600000000000004;Abwärmetemperatur [°C];hot_temperature_C;100.0;10.0;10.0;25.0;15.0;11.0;nan;nan;1.6280337539752258e-21;`gtol` termination condition is satisfied.;4;7.503417319397772e-10;5.706196200579202e-11;1;True;;True;0;zulässig;feasible;True;True;True;91.74478197013843;103.28709508491335;139.3462012904331;43.28461812940412;0.1748254271645998;0.25131812110793994;0.23377746749376604;0.255377736688079;93.1176108181067;99.98389729193896;93.284294612444;99.78153425341814;74.47779872356776;0.4823101600377079;21.3836133500547;40.56923509677671;0.002686213968388822;0.032993030434233364;9.311761081751184;9.998389729205806;3.731371784502817;6.65210228355736;6.770708974884075;89.34598496115439;0.010200267523562694;2667.32970136262;238.39622807125372;213.36513298041112;0.00918246149030788;0.8910352503585556;0.6014203068530879;0.23838098173980113;2.191171688536997e-10;-1.5705836631241255e-10;3.1587887860951014e-10;-5.6569304796028064e-11;-1.2643397440115223e-10;-1.19101173368108e-10;5.773870270786574e-11;5.948521675236407e-10;2.191171688536997e-12;-1.5705836631241254e-12;3.1587887860951014e-12;-5.6569304796028064e-11;-1.2643397440115223e-12;-1.19101173368108e-12;5.773870270786574e-13;5.948521675236406e-12;140.5692350967767;97.01610244457481;94.22650033295866;100.0;97.01610244457481;35.9798981633935;9.353014318666453;9.270629327012102;53.366086797760886;13.284618129404123;2.778541268143613;4.880515371804279;8.255218029861567;53.72941034036495;4.924428036579002;9.029234051484423;4.0;0.8600000000000004;74962.7742114831;8780.10408788081;8.53780017425469;2.778541268143613;deltaT_des_1_K;desorber;True;True;True;True;True;True;True;True;91.74478197013843;2662.3648036751833;0.040217711848863025;74962.7742114831;0.0;0.0;135.0;4.0;140.5692350967767;4.0;97.01610244457481;8.0;94.22650033295866;8.0;100.0;8.0;97.01610244457481;8.0;30.0;4.0;35.9798981633935;4.0;91.74478197013843;2662.3648036751833;0.0070310786535602654;74962.7742114831;0.0;0.0;89.34598496115439;238.3962280712501;0.9002177118488635;8780.10408788081;0.5952856588290832;0.23377746749376604;149.92224941544316;338.9140245972887;0.8670310786535607;74962.7742114831;0.6180709168768492;0.25131812110793994;91.74478197013843;2662.3648036751833;0.03318663319530276;74962.7742114831;0.0;0.0;103.28709508491335;238.3962280712501;0.9002177118488635;74962.7742114831;0.5952856588290832;0.23377746749376604;144.2706293270121;321.1293244581292;0.9002177118488635;74962.7742114831;0.5952856588290832;0.23377746749376604;139.3462012904331;319.91825113792044;0.8600000000000004;74962.7742114831;0.6231240624273956;0.255377736688079;94.25786103342892;233.316159599143;0.8600000000000004;74962.7742114831;0.6231240624273956;0.255377736688079;94.2375611764312;233.27779561026597;0.8600000000000004;8780.10408788081;0.6231240624273956;0.255377736688079;89.34598496115439;2667.32970136262;0.040217711848863025;8780.10408788081;0.0;0.0;43.28461812940412;181.26342122029166;0.040217711848863025;8780.10408788081;0.0;0.0;43.28669210420986;181.33021303526323;0.040217711848863025;74962.7742114831;0.0;0.0;"Zustand 3: Temperatur 417.421 K liegt außerhalb des Boryta-Prüfbereichs; Kristallisation wurde nicht bewertet.";"Zustand 4: Temperatur 412.496 K liegt außerhalb des Boryta-Prüfbereichs; Kristallisation wurde nicht bewertet.";Zustand 5: Kristallisationsprüfung bestanden (w_LiBr=0.6231 <= w_crit=0.6916, T=367.41 K >= T_crit=304.49 K).;Zustand 6: Kristallisationsprüfung bestanden (w_LiBr=0.6231 <= w_crit=0.6916, T=367.39 K >= T_crit=304.49 K).;"Zustand 20: Temperatur 423.072 K liegt außerhalb des Boryta-Prüfbereichs; Kristallisation wurde nicht bewertet.";5
series_evaporator_to_desorber;Serie Verdampfer → Desorber;series_evaporator_to_desorber;nan;100.0;30.0;100.0;8.0;8.0;4.0;100.0;0.8700000000000004;Abwärmetemperatur [°C];hot_temperature_C;100.0;10.0;10.0;25.0;15.0;11.0;nan;nan;1.529330871403691e-21;`gtol` termination condition is satisfied.;4;7.210063907739308e-10;5.530516922320537e-11;1;True;;True;0;zulässig;feasible;True;True;True;91.73607186964438;103.31208849268819;139.2766033736837;43.29912227952451;0.1769689545686759;0.25117704221437703;0.23386295031995177;0.2552402431982058;92.97533520774687;100.09305974145418;93.14552533303527;99.88681399135055;75.28312884612477;0.48165678110290233;21.6088090401337;40.56072578993701;0.0026878792503368244;0.03336774577920434;9.297533520718343;10.009305974158027;3.725821013326898;6.65912093275326;6.843920804206678;89.38689392164969;0.010186105700520849;2667.406600298156;238.48874349421516;213.49291936022723;0.009272018409234528;0.9009893397426272;0.6015278379923525;0.23846243736974296;2.1428547825053101e-10;-1.4868817288515856e-10;3.065565579163376e-10;-5.483591358768081e-11;-1.3719159142056014e-10;-1.2607870303327218e-10;5.164224603504408e-11;5.63431967748329e-10;2.14285478250531e-12;-1.4868817288515856e-12;3.0655655791633762e-12;-5.483591358768081e-11;-1.3719159142056015e-12;-1.2607870303327218e-12;5.164224603504409e-13;5.634319677483291e-12;140.560725789937;97.01295412705292;94.22750181446213;100.0;97.01295412705292;35.98642701802953;9.306567984192554;9.288504906013202;53.400466903620156;13.29912227952451;2.7969351564883027;4.840607892812443;8.263928130355623;53.711758203334796;5.011901532329489;9.075780842389634;4.0;0.8700000000000004;74938.25039708946;8786.735993690167;8.528565152168369;2.7969351564883027;deltaT_des_1_K;desorber;True;True;True;True;True;True;True;True;91.73607186964438;2662.350688620127;0.04026135815186127;74938.25039708946;0.0;0.0;135.0;4.0;140.560725789937;4.0;97.01295412705292;8.0;94.22750181446213;8.0;100.0;8.0;97.01295412705292;8.0;30.0;4.0;35.98642701802953;4.0;91.73607186964438;2662.350688620127;0.007125010461649926;74938.25039708946;0.0;0.0;89.38689392164969;238.48874349421305;0.9102613581518617;8786.735993690167;0.5954006118527566;0.23386295031995177;149.86729377412956;338.7487187975234;0.8771250104616504;74938.25039708946;0.617893872800554;0.25117704221437703;91.73607186964438;2662.350688620127;0.03313634769021134;74938.25039708946;0.0;0.0;103.31208849268819;238.48874349421305;0.9102613581518617;74938.25039708946;0.5954006118527566;0.23386295031995177;144.2885049060132;321.1937030884278;0.9102613581518617;74938.25039708946;0.5954006118527566;0.23386295031995177;139.2766033736837;319.71919196604074;0.8700000000000004;74938.25039708946;0.6229542179190108;0.2552402431982058;94.23630765029856;233.18685995924713;0.8700000000000004;74938.25039708946;0.6229542179190108;0.2552402431982058;94.21601897056462;233.14850622846643;0.8700000000000004;8786.735993690167;0.6229542179190108;0.2552402431982058;89.38689392164969;2667.406600298156;0.04026135815186127;8786.735993690167;0.0;0.0;43.29912227952451;181.32405524553903;0.04026135815186127;8786.735993690167;0.0;0.0;43.301195923718126;181.39081601501428;0.04026135815186127;74938.25039708946;0.0;0.0;"Zustand 3: Temperatur 417.439 K liegt außerhalb des Boryta-Prüfbereichs; Kristallisation wurde nicht bewertet.";"Zustand 4: Temperatur 412.427 K liegt außerhalb des Boryta-Prüfbereichs; Kristallisation wurde nicht bewertet.";Zustand 5: Kristallisationsprüfung bestanden (w_LiBr=0.6230 <= w_crit=0.6916, T=367.39 K >= T_crit=304.44 K).;Zustand 6: Kristallisationsprüfung bestanden (w_LiBr=0.6230 <= w_crit=0.6916, T=367.37 K >= T_crit=304.44 K).;"Zustand 20: Temperatur 423.017 K liegt außerhalb des Boryta-Prüfbereichs; Kristallisation wurde nicht bewertet.";5
series_evaporator_to_desorber;Serie Verdampfer → Desorber;series_evaporator_to_desorber;nan;100.0;30.0;100.0;8.0;8.0;4.0;100.0;0.8800000000000004;Abwärmetemperatur [°C];hot_temperature_C;100.0;10.0;10.0;25.0;15.0;11.0;nan;nan;1.442302942740797e-21;`gtol` termination condition is satisfied.;4;7.160292613021973e-10;5.370852712076169e-11;1;True;;True;0;zulässig;feasible;True;True;True;91.72735582495221;103.33793217324882;139.20647698731068;43.31362959308149;0.17913068469807406;0.25103747038271734;0.2339454414552947;0.2551046501180532;92.83045965420598;100.20224599992184;93.0041083810307;99.99216557732952;76.08495639835873;0.4809961236569497;21.83349968428692;40.55206098410321;0.0026895433049695236;0.03374215266768399;9.283045965362767;10.020224600004168;3.720164335245798;6.6661443718180795;6.916814218043207;89.42706534115439;0.010173212217194413;2667.482096173652;238.58148796848582;213.61780579022002;0.009362458440076216;0.9109425779821574;0.601632034572018;0.23854139236355026;2.050200009762193e-10;-1.1654321951937163e-10;2.9831426218152046e-10;-5.323175233939992e-11;-1.1424106105550891e-10;-1.198401378132985e-10;5.832134775118902e-11;5.783107326351455e-10;2.0502000097621932e-12;-1.1654321951937164e-12;2.9831426218152044e-12;-5.323175233939992e-11;-1.142410610555089e-12;-1.198401378132985e-12;5.832134775118902e-13;5.783107326351455e-12;140.5520609841032;97.00980366096502;94.22858032421169;100.0;97.00980366096502;35.99295729664607;9.260738998082672;9.305388725445425;53.43410804450832;13.313629593081487;2.814808128634752;4.801514983057302;8.272644175047787;53.694100755300894;5.0989117381347455;9.122659120975243;4.0;0.8800000000000004;74913.716534763;8793.373662198535;8.519337334293713;2.814808128634752;deltaT_des_1_K;desorber;True;True;True;True;True;True;True;True;91.72735582495221;2662.3365635629198;0.040305036422233154;74913.716534763;0.0;0.0;135.0;4.0;140.5520609841032;4.0;97.00980366096502;8.0;94.22858032421169;8.0;100.0;8.0;97.00980366096502;8.0;30.0;4.0;35.99295729664607;4.0;91.72735582495221;2662.3365635629198;0.0072198687710954374;74913.716534763;0.0;0.0;89.42706534115439;238.58148796848138;0.9203050364222336;8793.373662198535;0.5955115042076544;0.2339454414552947;149.81279998218588;338.5849664228392;0.8872198687710959;74913.716534763;0.6177186241129081;0.25103747038271734;91.72735582495221;2662.3365635629198;0.03308516765113772;74913.716534763;0.0;0.0;103.33793217324882;238.58148796848138;0.9203050364222336;74913.716534763;0.5955115042076544;0.2339454414552947;144.30538872544543;321.2551161539205;0.9203050364222336;74913.716534763;0.5955115042076544;0.2339454414552947;139.20647698731068;319.5199873459341;0.8800000000000004;74913.716534763;0.6227866324655502;0.2551046501180532;94.21527305227357;233.0598096207595;0.8800000000000004;74913.716534763;0.6227866324655502;0.2551046501180532;94.19499553233027;233.0214662654553;0.8800000000000004;8793.373662198535;0.6227866324655502;0.2551046501180532;89.42706534115439;2667.482096173652;0.040305036422233154;8793.373662198535;0.0;0.0;43.31362959308149;181.38470253259194;0.040305036422233154;8793.373662198535;0.0;0.0;43.315702905664125;181.45143224043278;0.040305036422233154;74913.716534763;0.0;0.0;"Zustand 3: Temperatur 417.455 K liegt außerhalb des Boryta-Prüfbereichs; Kristallisation wurde nicht bewertet.";"Zustand 4: Temperatur 412.356 K liegt außerhalb des Boryta-Prüfbereichs; Kristallisation wurde nicht bewertet.";Zustand 5: Kristallisationsprüfung bestanden (w_LiBr=0.6228 <= w_crit=0.6916, T=367.37 K >= T_crit=304.39 K).;Zustand 6: Kristallisationsprüfung bestanden (w_LiBr=0.6228 <= w_crit=0.6916, T=367.34 K >= T_crit=304.39 K).;"Zustand 20: Temperatur 422.963 K liegt außerhalb des Boryta-Prüfbereichs; Kristallisation wurde nicht bewertet.";5
series_evaporator_to_desorber;Serie Verdampfer → Desorber;series_evaporator_to_desorber;nan;100.0;30.0;100.0;8.0;8.0;4.0;100.0;0.8900000000000005;Abwärmetemperatur [°C];hot_temperature_C;100.0;10.0;10.0;25.0;15.0;11.0;nan;nan;1.3838041591888374e-21;`gtol` termination condition is satisfied.;4;6.625410038918876e-10;5.260806324488362e-11;1;True;;True;0;zulässig;feasible;True;True;True;91.7186307811175;103.36459180411669;139.13584924365404;43.32814526013101;0.1813103012639965;0.2508993591107777;0.23402502813573028;0.25497089257706135;92.68305149502169;100.31149512919704;92.86011323584489;100.09762593671759;76.88328555700059;0.48032824126393325;22.057678012596018;40.54324470664005;0.0026912067083244523;0.03411624516316577;9.268305149451933;10.031149512931842;3.7144045294385193;6.673175062443955;6.989389596104013;89.46652585306026;0.010161538353984657;2667.5562392973684;238.6744321194725;213.73988310236209;0.009453774627459555;0.9208949873542766;0.6017329899988328;0.23861791515190403;2.1523760551644955e-10;-1.4355805433297064e-10;2.913225216616411e-10;-5.2191806432233534e-11;-1.1809220268332865e-10;-1.2137491012254031e-10;5.826450433232822e-11;5.023537141823908e-10;2.1523760551644956e-12;-1.4355805433297064e-12;2.9132252166164108e-12;-5.2191806432233534e-11;-1.1809220268332864e-12;-1.213749101225403e-12;5.826450433232822e-13;5.023537141823908e-12;140.54324470664005;97.00664994208381;94.22973268024634;100.0;97.00664994208381;35.9994913354783;9.215505296826223;9.3213062943056;53.467034517581965;13.32814526013101;2.8321705024619632;4.763206827186082;8.281369218882503;53.67643170206691;5.185457050651564;9.16984599102301;4.0;0.8900000000000005;74889.16404125579;8800.01947551841;8.510113443452813;2.8321705024619632;deltaT_des_1_K;desorber;True;True;True;True;True;True;True;True;91.7186307811175;2662.322423551876;0.04034876198173565;74889.16404125579;0.0;0.0;135.0;4.0;140.54324470664005;4.0;97.00664994208381;8.0;94.22973268024634;8.0;100.0;8.0;97.00664994208381;8.0;30.0;4.0;35.9994913354783;4.0;91.7186307811175;2662.322423551876;0.0073156461905377786;74889.16404125579;0.0;0.0;89.46652585306026;238.67443211946838;0.9303487619817361;8800.01947551841;0.5956184571421018;0.23402502813573028;149.75875000346628;338.4227121072601;0.8973156461905383;74889.16404125579;0.61754511538981;0.2508993591107777;91.7186307811175;2662.322423551876;0.03303311579119787;74889.16404125579;0.0;0.0;103.36459180411669;238.67443211946838;0.9303487619817361;74889.16404125579;0.5956184571421018;0.23402502813573028;144.3213062943056;321.3136408751521;0.9303487619817361;74889.16404125579;0.5956184571421018;0.23402502813573028;139.13584924365404;319.3206580949789;0.8900000000000005;74889.16404125579;0.6226212294557595;0.25497089257706135;94.19474581309368;232.93494398623136;0.8900000000000005;74889.16404125579;0.6226212294557595;0.25497089257706135;94.17447943962185;232.89661112649748;0.8900000000000005;8800.01947551841;0.6226212294557595;0.25497089257706135;89.46652585306026;2667.5562392973684;0.04034876198173565;8800.01947551841;0.0;0.0;43.32814526013101;181.44538477835596;0.04034876198173565;8800.01947551841;0.0;0.0;43.330218240016904;181.51208339749928;0.04034876198173565;74889.16404125579;0.0;0.0;"Zustand 3: Temperatur 417.471 K liegt außerhalb des Boryta-Prüfbereichs; Kristallisation wurde nicht bewertet.";"Zustand 4: Temperatur 412.286 K liegt außerhalb des Boryta-Prüfbereichs; Kristallisation wurde nicht bewertet.";Zustand 5: Kristallisationsprüfung bestanden (w_LiBr=0.6226 <= w_crit=0.6916, T=367.34 K >= T_crit=304.35 K).;Zustand 6: Kristallisationsprüfung bestanden (w_LiBr=0.6226 <= w_crit=0.6916, T=367.32 K >= T_crit=304.35 K).;"Zustand 20: Temperatur 422.909 K liegt außerhalb des Boryta-Prüfbereichs; Kristallisation wurde nicht bewertet.";5
series_evaporator_to_desorber;Serie Verdampfer → Desorber;series_evaporator_to_desorber;nan;100.0;30.0;100.0;8.0;8.0;4.0;100.0;0.9000000000000005;Abwärmetemperatur [°C];hot_temperature_C;100.0;10.0;10.0;25.0;15.0;11.0;nan;nan;1.340424704436292e-21;`gtol` termination condition is satisfied.;4;6.439735919418037e-10;5.17769196541527e-11;1;True;;True;0;zulässig;feasible;True;True;True;91.70989388128436;103.39203445639833;139.06474590454093;43.342674139992766;0.18350749181915804;0.250762663628045;0.23410179414429308;0.2548389083106654;92.53317498055083;100.42084370192948;92.71360619466955;100.20322960057663;77.67812068486904;0.47965318630231757;22.2813369953103;40.5342808002722;0.0026928699953157795;0.03449001745588076;9.253317498006922;10.042084370206316;3.7085442477916124;6.680215306701835;7.061647335000621;89.50530088968259;0.010151037528062566;2667.629077715076;238.76754804405445;213.85923831911802;0.009545960057663838;0.9308465891053168;0.6018307939468777;0.2386920714931649;2.170850166294258e-10;-1.3778844731859863e-10;2.8131807994213887e-10;-5.137745784367098e-11;-1.2076384336978663e-10;-1.3368151030590525e-10;4.9112713895738125e-11;4.816058662981959e-10;2.170850166294258e-12;-1.3778844731859862e-12;2.8131807994213888e-12;-5.137745784367098e-11;-1.2076384336978663e-12;-1.3368151030590524e-12;4.911271389573813e-13;4.816058662981959e-12;140.5342808002722;97.0034919377818;94.23095586736702;100.0;97.0034919377818;36.00603132188576;9.170845769155221;9.336282186317476;53.49926956779683;13.342674139992766;2.8490323656554892;4.725654977684428;8.290106118715642;53.65874515182276;5.271536281776548;9.21731964785323;4.0;0.9000000000000005;74864.5848999143;8806.675670387096;8.500890426980337;2.8490323656554892;deltaT_des_1_K;desorber;True;True;True;True;True;True;True;True;91.70989388128436;2662.308263955827;0.040392549162980185;74864.5848999143;0.0;0.0;135.0;4.0;140.5342808002722;4.0;97.0034919377818;8.0;94.23095586736702;8.0;100.0;8.0;97.0034919377818;8.0;30.0;4.0;36.00603132188576;4.0;91.70989388128436;2662.308263955827;0.0074123353850805256;74864.5848999143;0.0;0.0;89.50530088968259;238.76754804404874;0.9403925491629807;8806.675670387096;0.5957215869719792;0.23410179414429308;149.70512656942742;338.26190274290866;0.907412335385081;74864.5848999143;0.617373293231279;0.250762663628045;91.70989388128436;2662.308263955827;0.032980213777899656;74864.5848999143;0.0;0.0;103.39203445639833;238.76754804404874;0.9403925491629807;74864.5848999143;0.5957215869719792;0.23410179414429308;144.33628218631748;321.3693516780826;0.9403925491629807;74864.5848999143;0.5957215869719792;0.23410179414429308;139.06474590454093;319.12122376568107;0.9000000000000005;74864.5848999143;0.6224579352933284;0.2548389083106654;94.1747148085451;232.8122007827345;0.9000000000000005;74864.5848999143;0.6224579352933284;0.2548389083106654;94.15445957212631;232.77387854111686;0.9000000000000005;8806.675670387096;0.6224579352933284;0.2548389083106654;89.50530088968259;2667.629077715076;0.040392549162980185;8806.675670387096;0.0;0.0;43.342674139992766;181.5061222972166;0.040392549162980185;8806.675670387096;0.0;0.0;43.344746785959046;181.57278979038347;0.040392549162980185;74864.5848999143;0.0;0.0;"Zustand 3: Temperatur 417.486 K liegt außerhalb des Boryta-Prüfbereichs; Kristallisation wurde nicht bewertet.";"Zustand 4: Temperatur 412.215 K liegt außerhalb des Boryta-Prüfbereichs; Kristallisation wurde nicht bewertet.";Zustand 5: Kristallisationsprüfung bestanden (w_LiBr=0.6225 <= w_crit=0.6916, T=367.32 K >= T_crit=304.30 K).;Zustand 6: Kristallisationsprüfung bestanden (w_LiBr=0.6225 <= w_crit=0.6916, T=367.30 K >= T_crit=304.30 K).;"Zustand 20: Temperatur 422.855 K liegt außerhalb des Boryta-Prüfbereichs; Kristallisation wurde nicht bewertet.";5
series_evaporator_to_desorber;Serie Verdampfer → Desorber;series_evaporator_to_desorber;nan;100.0;30.0;100.0;8.0;8.0;4.0;100.0;0.9100000000000005;Abwärmetemperatur [°C];hot_temperature_C;100.0;10.0;10.0;25.0;15.0;11.0;nan;nan;1.2990295758201219e-21;`gtol` termination condition is satisfied.;4;6.361936003303769e-10;5.097115999896651e-11;1;True;;True;0;zulässig;feasible;True;True;True;91.70114245395729;103.42022852673688;138.99319146183672;43.35722078234471;0.18572194765265282;0.2506273408220512;0.2341758199792073;0.2547086375367262;92.38089146122036;100.53032596033708;92.56465056472965;100.30900885952286;78.46946632026915;0.4789710100227616;22.50446983554696;40.52517293428349;0.002694533662422851;0.03486346385851176;9.238089146074325;10.05303259604678;3.702586022594162;6.687267257297893;7.133587847309522;89.54341474674351;0.010141665180518983;2667.700657331272;238.8608092257804;213.9759548480268;0.009639007859518323;0.9407974035134179;0.6019255325420474;0.23876392460265228;2.1599078081635525e-10;-1.3558576483774232e-10;2.7199575924896635e-10;-5.057509966377438e-11;-1.2440182217687834e-10;-1.3071144167042803e-10;5.447020612336928e-11;4.771152362081921e-10;2.1599078081635527e-12;-1.3558576483774231e-12;2.7199575924896636e-12;-5.057509966377438e-11;-1.2440182217687835e-12;-1.3071144167042804e-12;5.447020612336928e-13;4.771152362081921e-12;140.5251729342835;97.00032868243056;94.23224702678675;100.0;97.00032868243056;36.01257930384793;9.126740207293494;9.350340082647563;53.53083544289558;13.357220782344712;2.86540357834582;4.688832280043243;8.298857546042711;53.64103558937393;5.357148620810847;9.265059317531154;4.0;0.9100000000000005;74839.97162414691;8813.344347365966;8.491665442133128;2.86540357834582;deltaT_des_1_K;desorber;True;True;True;True;True;True;True;True;91.70114245395729;2662.2940804435384;0.04043641137293574;74839.97162414691;0.0;0.0;135.0;4.0;140.5251729342835;4.0;97.00032868243056;8.0;94.23224702678675;8.0;100.0;8.0;97.00032868243056;8.0;30.0;4.0;36.01257930384793;4.0;91.70114245395729;2662.2940804435384;0.007509929076265507;74839.97162414691;0.0;0.0;89.54341474674351;238.86080922577372;0.9504364113729362;8813.344347365966;0.5958210053274003;0.2341758199792073;149.65191314157698;338.1024873741259;0.9175099290762659;74839.97162414691;0.6172031061774952;0.2506273408220512;91.70114245395729;2662.2940804435384;0.03292648229667024;74839.97162414691;0.0;0.0;103.42022852673688;238.86080922577372;0.9504364113729362;74839.97162414691;0.5958210053274003;0.2341758199792073;144.35034008264756;321.4223203182596;0.9504364113729362;74839.97162414691;0.5958210053274003;0.2341758199792073;138.99319146183672;318.9217027331019;0.9100000000000005;74839.97162414691;0.622296679257131;0.2547086375367262;94.15516920920572;232.69151996381274;0.9100000000000005;74839.97162414691;0.622296679257131;0.2547086375367262;94.13492510408474;232.6532084650671;0.9100000000000005;8813.344347365966;0.622296679257131;0.2547086375367262;89.54341474674351;2667.700657331272;0.04043641137293574;8813.344347365966;0.0;0.0;43.35722078234471;181.5669341091751;0.04043641137293574;8813.344347365966;0.0;0.0;43.359293093056635;181.63357042953427;0.04043641137293574;74839.97162414691;0.0;0.0;"Zustand 3: Temperatur 417.500 K liegt außerhalb des Boryta-Prüfbereichs; Kristallisation wurde nicht bewertet.";"Zustand 4: Temperatur 412.143 K liegt außerhalb des Boryta-Prüfbereichs; Kristallisation wurde nicht bewertet.";Zustand 5: Kristallisationsprüfung bestanden (w_LiBr=0.6223 <= w_crit=0.6916, T=367.31 K >= T_crit=304.26 K).;Zustand 6: Kristallisationsprüfung bestanden (w_LiBr=0.6223 <= w_crit=0.6916, T=367.28 K >= T_crit=304.26 K).;"Zustand 20: Temperatur 422.802 K liegt außerhalb des Boryta-Prüfbereichs; Kristallisation wurde nicht bewertet.";5
series_evaporator_to_desorber;Serie Verdampfer → Desorber;series_evaporator_to_desorber;nan;100.0;30.0;100.0;8.0;8.0;4.0;100.0;0.9200000000000005;Abwärmetemperatur [°C];hot_temperature_C;100.0;10.0;10.0;25.0;15.0;11.0;nan;nan;1.25827911448047e-21;`gtol` termination condition is satisfied.;4;6.290355414366278e-10;5.0165309018892126e-11;1;True;;True;0;zulässig;feasible;True;True;True;91.6923740011892;103.44914367312623;138.92120921264046;43.37178944680818;0.18795336368416912;0.25049334916783683;0.23424718301260877;0.25458002283885683;92.22625956187704;100.63997396355695;92.41330684223274;100.41499390644616;79.25732716730886;0.4782817626032983;22.72706996237363;40.51592461494482;0.0026961981701800687;0.03523657880211744;9.2226259561413;10.063997396368455;3.6965322736938124;6.694332927092471;7.205211560676675;89.58089064386712;0.01013337867043979;2667.771022022917;238.95419045580593;214.0901126648516;0.009732911205072359;0.9507474499467673;0.6020172885360949;0.23883353527479043;2.1715607090300182e-10;-1.3456258329824777e-10;2.831370693456847e-10;-4.977185330545808e-11;-1.1256418019911507e-10;-1.275992644877988e-10;5.908873390580993e-11;4.6404124987020623e-10;2.1715607090300182e-12;-1.3456258329824777e-12;2.8313706934568473e-12;-4.977185330545808e-11;-1.1256418019911506e-12;-1.275992644877988e-12;5.908873390580993e-13;4.6404124987020626e-12;140.51592461494482;96.99715927313258;94.23360344651081;100.0;96.99715927313258;36.019137198777344;9.08316926099144;9.363502812430966;53.56175344508978;13.37178944680818;2.8812937761071;4.652712802643691;8.307625998810806;53.623297852264045;5.442293599790503;9.313045199963199;4.0;0.9200000000000005;74815.31722353018;8820.027479387427;8.482435842561149;2.8812937761071;deltaT_des_1_K;desorber;True;True;True;True;True;True;True;True;91.6923740011892;2662.279868964602;0.04048036115183917;74815.31722353018;0.0;0.0;135.0;4.0;140.51592461494482;4.0;96.99715927313258;8.0;94.23360344651081;8.0;100.0;8.0;96.99715927313258;8.0;30.0;4.0;36.019137198777344;4.0;91.6923740011892;2662.279868964602;0.007608420041638139;74815.31722353018;0.0;0.0;89.58089064386712;238.95419045579965;0.9604803611518397;8820.027479387427;0.5959168193852072;0.23424718301260877;149.59909387593626;337.9444170969094;0.9276084200416386;74815.31722353018;0.617034504628191;0.25049334916783683;91.6923740011892;2662.279868964602;0.03287194111020103;74815.31722353018;0.0;0.0;103.44914367312623;238.95419045579965;0.9604803611518397;74815.31722353018;0.5959168193852072;0.23424718301260877;144.36350281243097;321.47261599889026;0.9604803611518397;74815.31722353018;0.5959168193852072;0.23424718301260877;138.92120921264046;318.722112276043;0.9200000000000005;74815.31722353018;0.622137393369086;0.25458002283885683;94.13609847316303;232.57284361616075;0.9200000000000005;74815.31722353018;0.622137393369086;0.25458002283885683;94.11586549702548;232.534542987028;0.9200000000000005;8820.027479387427;0.622137393369086;0.25458002283885683;89.58089064386712;2667.771022022917;0.04048036115183917;8820.027479387427;0.0;0.0;43.37178944680818;181.62783802159268;0.04048036115183917;8820.027479387427;0.0;0.0;43.373861420868536;181.69444311338194;0.04048036115183917;74815.31722353018;0.0;0.0;"Zustand 3: Temperatur 417.514 K liegt außerhalb des Boryta-Prüfbereichs; Kristallisation wurde nicht bewertet.";"Zustand 4: Temperatur 412.071 K liegt außerhalb des Boryta-Prüfbereichs; Kristallisation wurde nicht bewertet.";Zustand 5: Kristallisationsprüfung bestanden (w_LiBr=0.6221 <= w_crit=0.6916, T=367.29 K >= T_crit=304.21 K).;Zustand 6: Kristallisationsprüfung bestanden (w_LiBr=0.6221 <= w_crit=0.6916, T=367.27 K >= T_crit=304.21 K).;"Zustand 20: Temperatur 422.749 K liegt außerhalb des Boryta-Prüfbereichs; Kristallisation wurde nicht bewertet.";5
series_evaporator_to_desorber;Serie Verdampfer → Desorber;series_evaporator_to_desorber;nan;100.0;30.0;100.0;8.0;8.0;4.0;100.0;0.9300000000000005;Abwärmetemperatur [°C];hot_temperature_C;100.0;10.0;10.0;25.0;15.0;11.0;nan;nan;1.2195511455262003e-21;`gtol` termination condition is satisfied.;4;6.195428489561683e-10;4.9387268511757164e-11;1;True;;True;0;zulässig;feasible;True;True;True;91.68358618761994;103.47875075434786;138.8488213294334;43.38638412113204;0.1902014383622822;0.2503606486607407;0.23431595764046823;0.25445300905621376;92.06933534413412;100.74981772453519;92.25963287906961;100.52121296903914;80.04170808705098;0.4775854932013068;22.949131024232003;40.506539195223354;0.0026978639454874093;0.03560935683226895;9.20693353436846;10.074981772467472;3.6903853151676156;6.701414197932437;7.276518917016587;89.6177507813519;0.010126137175428873;2667.840213746188;239.0476677591145;214.2017884860268;0.009827663310070012;0.960696746917839;0.6021061414708849;0.2389009619985539;2.1718449261243222e-10;-1.3147882782504894e-10;2.794422471197322e-10;-4.899958216952882e-11;-1.2077805422450183e-10;-1.3953638244856847e-10;5.2580162446247414e-11;4.495177563512698e-10;2.1718449261243224e-12;-1.3147882782504893e-12;2.794422471197322e-12;-4.899958216952882e-11;-1.2077805422450182e-12;-1.3953638244856847e-12;5.258016244624741e-13;4.495177563512698e-12;140.50653919522335;96.99398286575843;94.23502255238913;100.0;96.99398286575843;36.02570680170663;9.040114394293084;9.375792391231016;53.59204397964527;13.38638412113204;2.89671237327002;4.617271771037224;8.316413812380063;53.60552710875288;5.52697106179761;9.36125841562324;4.0;0.9300000000000005;74790.61517236312;8826.726919695448;8.473199165760942;2.89671237327002;deltaT_des_1_K;desorber;True;True;True;True;True;True;True;True;91.68358618761994;2662.265625731703;0.040524410227908536;74790.61517236312;0.0;0.0;135.0;4.0;140.50653919522335;4.0;96.99398286575843;8.0;94.23502255238913;8.0;100.0;8.0;96.99398286575843;8.0;30.0;4.0;36.02570680170663;4.0;91.68358618761994;2662.265625731703;0.007707801114131384;74790.61517236312;0.0;0.0;89.6177507813519;239.04766775910915;0.970524410227909;8826.726919695448;0.5960091320881826;0.23431595764046823;149.54665358951644;337.7876449637612;0.9377078011141319;74790.61517236312;0.616867440765726;0.2503606486607407;91.68358618761994;2662.265625731703;0.03281660911377715;74790.61517236312;0.0;0.0;103.47875075434786;239.04766775910915;0.970524410227909;74790.61517236312;0.5960091320881826;0.23431595764046823;144.37579239123102;321.5203054831358;0.970524410227909;74790.61517236312;0.5960091320881826;0.23431595764046823;138.8488213294334;318.5224686523015;0.9300000000000005;74790.61517236312;0.6219800122691731;0.25445300905621376;94.11749233872462;232.45611587075982;0.9300000000000005;74790.61517236312;0.6219800122691731;0.25445300905621376;94.0972704924884;232.41782623975737;0.9300000000000005;8826.726919695448;0.6219800122691731;0.25445300905621376;89.6177507813519;2667.840213746188;0.040524410227908536;8826.726919695448;0.0;0.0;43.38638412113204;181.6888507054903;0.040524410227908536;8826.726919695448;0.0;0.0;43.388455757005545;181.7554245045984;0.040524410227908536;74790.61517236312;0.0;0.0;"Zustand 3: Temperatur 417.526 K liegt außerhalb des Boryta-Prüfbereichs; Kristallisation wurde nicht bewertet.";"Zustand 4: Temperatur 411.999 K liegt außerhalb des Boryta-Prüfbereichs; Kristallisation wurde nicht bewertet.";Zustand 5: Kristallisationsprüfung bestanden (w_LiBr=0.6220 <= w_crit=0.6916, T=367.27 K >= T_crit=304.17 K).;Zustand 6: Kristallisationsprüfung bestanden (w_LiBr=0.6220 <= w_crit=0.6915, T=367.25 K >= T_crit=304.17 K).;"Zustand 20: Temperatur 422.697 K liegt außerhalb des Boryta-Prüfbereichs; Kristallisation wurde nicht bewertet.";5
series_evaporator_to_desorber;Serie Verdampfer → Desorber;series_evaporator_to_desorber;nan;100.0;30.0;100.0;8.0;8.0;4.0;100.0;0.9400000000000005;Abwärmetemperatur [°C];hot_temperature_C;100.0;10.0;10.0;25.0;15.0;11.0;nan;nan;1.1814417783305276e-21;`gtol` termination condition is satisfied.;4;6.000923595683195e-10;4.8609500683107776e-11;1;True;;True;0;zulässig;feasible;True;True;True;91.67477683028568;103.50902177279255;138.7760489255433;43.401008538102474;0.19246587357035924;0.25022920075245514;0.234382215424218;0.25432754317929734;91.91017245767733;100.85988533732674;92.10368403824316;100.6276924329886;80.82261408939536;0.47688225000248674;23.170646882678007;40.497019883832365;0.002699531383754654;0.03598179260536754;9.19101724572437;10.085988533746388;3.6841473615342033;6.708512828862326;7.347510371775205;89.65401639348136;0.010119901598131397;2667.908272636732;239.14121832558826;214.31105593107796;0.009923257434250599;0.9706453121339448;0.6021921678334121;0.23896626106657032;2.1677237782569136e-10;-1.318909426117898e-10;2.667093212949112e-10;-4.824007859838275e-11;-1.1192469173693098e-10;-1.3713474800169934e-10;5.370281996874837e-11;4.3364423163438914e-10;2.1677237782569135e-12;-1.318909426117898e-12;2.667093212949112e-12;-4.824007859838275e-11;-1.1192469173693099e-12;-1.3713474800169934e-12;5.370281996874837e-13;4.336442316343891e-12;140.49701988383237;96.99079867126233;94.23650189978378;100.0;96.99079867126233;36.032289792902304;8.997557844866321;9.387230057520014;53.62172660057905;13.401008538102474;2.9116685664847637;4.582485506302419;8.32522316971432;53.58771883704185;5.611181131976707;9.409680955633348;4.0;0.9400000000000005;74765.85938043974;8833.444409234302;8.463953121421248;2.9116685664847637;deltaT_des_1_K;desorber;True;True;True;True;True;True;True;True;91.67477683028568;2662.251347204135;0.04056856956819488;74765.85938043974;0.0;0.0;135.0;4.0;140.49701988383237;4.0;96.99079867126233;8.0;94.23650189978378;8.0;100.0;8.0;96.99079867126233;8.0;30.0;4.0;36.032289792902304;4.0;91.67477683028568;2662.251347204135;0.007808065181442519;74765.85938043974;0.0;0.0;89.65401639348136;239.14121832558212;0.9805685695681954;8833.444409234302;0.5960980423517726;0.234382215424218;149.4945777286987;337.6321258936936;0.947808065181443;74765.85938043974;0.6167018684818039;0.25022920075245514;91.67477683028568;2662.251347204135;0.03276050438675236;74765.85938043974;0.0;0.0;103.50902177279255;239.14121832558212;0.9805685695681954;74765.85938043974;0.5960980423517726;0.234382215424218;144.38723005752001;321.565453200851;0.9805685695681954;74765.85938043974;0.5960980423517726;0.234382215424218;138.7760489255433;318.3227871684177;0.9400000000000005;74765.85938043974;0.6218244730971052;0.25432754317929734;94.0993408171592;232.34128281822774;0.9400000000000005;74765.85938043974;0.6218244730971052;0.25432754317929734;94.07913010477756;232.30300431545606;0.9400000000000005;8833.444409234302;0.6218244730971052;0.25432754317929734;89.65401639348136;2667.908272636732;0.04056856956819488;8833.444409234302;0.0;0.0;43.401008538102474;181.74998776589158;0.04056856956819488;8833.444409234302;0.0;0.0;43.40307983422048;181.816530200404;0.04056856956819488;74765.85938043974;0.0;0.0;"Zustand 3: Temperatur 417.537 K liegt außerhalb des Boryta-Prüfbereichs; Kristallisation wurde nicht bewertet.";"Zustand 4: Temperatur 411.926 K liegt außerhalb des Boryta-Prüfbereichs; Kristallisation wurde nicht bewertet.";Zustand 5: Kristallisationsprüfung bestanden (w_LiBr=0.6218 <= w_crit=0.6915, T=367.25 K >= T_crit=304.13 K).;Zustand 6: Kristallisationsprüfung bestanden (w_LiBr=0.6218 <= w_crit=0.6915, T=367.23 K >= T_crit=304.13 K).;"Zustand 20: Temperatur 422.645 K liegt außerhalb des Boryta-Prüfbereichs; Kristallisation wurde nicht bewertet.";5
series_evaporator_to_desorber;Serie Verdampfer → Desorber;series_evaporator_to_desorber;nan;100.0;30.0;100.0;8.0;8.0;4.0;100.0;0.9500000000000005;Abwärmetemperatur [°C];hot_temperature_C;100.0;10.0;10.0;25.0;15.0;11.0;nan;nan;1.1467236685092356e-21;`gtol` termination condition is satisfied.;4;6.134615314579565e-10;4.7889950271622454e-11;1;True;;True;0;zulässig;feasible;True;True;True;91.66594388913694;103.53992982044764;138.70291211625175;43.41566619128804;0.1947463745379125;0.25009896829020345;0.23444602522450692;0.2542035742512925;91.74882228139836;100.97020309553217;91.94551333886182;100.73445695654102;81.6000503255901;0.47617208026727315;23.391611606410837;40.48736975367217;0.002701200850893162;0.03635388088513393;9.174882228093553;10.09702030956688;3.6778205335592085;6.715630463765928;7.418186393244765;89.68970779859751;0.010114634478354428;2667.97523710385;239.23482044551116;214.41798567559846;0.010019686881504009;0.9805931625443838;0.6022754412020489;0.23902948667818402;2.0827428670600057e-10;-1.0231815394945443e-10;2.6574298317427747e-10;-4.749778348411837e-11;-1.183906306323479e-10;-1.3662315723195206e-10;5.211120424064575e-11;4.6283332721941406e-10;2.0827428670600057e-12;-1.0231815394945443e-12;2.6574298317427747e-12;-4.749778348411837e-11;-1.183906306323479e-12;-1.3662315723195206e-12;5.211120424064575e-13;4.6283332721941406e-12;140.48736975367217;96.98760595225656;94.23803916580732;100.0;96.98760595225656;36.03888774494811;8.955482585729726;9.397836307261173;53.6508200536494;13.41566619128804;2.926171338505867;4.548331367209812;8.33405611086306;53.56986880626033;5.69492419100942;9.458295634974604;4.0;0.9500000000000005;74741.04416586063;8840.181583532663;8.454695580584787;2.926171338505867;deltaT_des_1_K;desorber;True;True;True;True;True;True;True;True;91.66594388913694;2662.2370300724633;0.040612849425887276;74741.04416586063;0.0;0.0;135.0;4.0;140.48736975367217;4.0;96.98760595225656;8.0;94.23803916580732;8.0;100.0;8.0;96.98760595225656;8.0;30.0;4.0;36.03888774494811;4.0;91.66594388913694;2662.2370300724633;0.007909205185345687;74741.04416586063;0.0;0.0;89.68970779859751;239.23482044550389;0.9906128494258878;8840.181583532663;0.5961836452590005;0.23444602522450692;149.4428523394019;337.4778165871137;0.9579092051853462;74741.04416586063;0.6165377433076823;0.25009896829020345;91.66594388913694;2662.2370300724633;0.03270364424054159;74741.04416586063;0.0;0.0;103.53992982044764;239.23482044550389;0.9906128494258878;74741.04416586063;0.5961836452590005;0.23444602522450692;144.39783630726117;321.6081213499709;0.9906128494258878;74741.04416586063;0.5961836452590005;0.23444602522450692;138.70291211625175;318.12308224425817;0.9500000000000005;74741.04416586063;0.6216707153801377;0.2542035742512925;94.08163418547304;232.22829242806682;0.9500000000000005;74741.04416586063;0.6216707153801377;0.2542035742512925;94.06143461375069;232.19002518502984;0.9500000000000005;8840.181583532663;0.6216707153801377;0.2542035742512925;89.68970779859751;2667.97523710385;0.040612849425887276;8840.181583532663;0.0;0.0;43.41566619128804;181.81126380794612;0.040612849425887276;8840.181583532663;0.0;0.0;43.41773714599623;181.87777479865665;0.040612849425887276;74741.04416586063;0.0;0.0;"Zustand 3: Temperatur 417.548 K liegt außerhalb des Boryta-Prüfbereichs; Kristallisation wurde nicht bewertet.";"Zustand 4: Temperatur 411.853 K liegt außerhalb des Boryta-Prüfbereichs; Kristallisation wurde nicht bewertet.";Zustand 5: Kristallisationsprüfung bestanden (w_LiBr=0.6217 <= w_crit=0.6915, T=367.23 K >= T_crit=304.08 K).;Zustand 6: Kristallisationsprüfung bestanden (w_LiBr=0.6217 <= w_crit=0.6915, T=367.21 K >= T_crit=304.08 K).;"Zustand 20: Temperatur 422.593 K liegt außerhalb des Boryta-Prüfbereichs; Kristallisation wurde nicht bewertet.";5
series_evaporator_to_desorber;Serie Verdampfer → Desorber;series_evaporator_to_desorber;nan;100.0;30.0;100.0;8.0;8.0;4.0;100.0;0.9600000000000005;Abwärmetemperatur [°C];hot_temperature_C;100.0;10.0;10.0;25.0;15.0;11.0;nan;nan;1.1094862514990983e-21;`gtol` termination condition is satisfied.;4;5.836980726168893e-10;4.710597099092849e-11;1;True;;True;0;zulässig;feasible;True;True;True;91.65708545822054;103.57144902788093;138.62943007587467;43.43036034968503;0.1970426497565898;0.24996991545880884;0.2345074533277219;0.2540810532747816;91.58533405501692;101.08079560256564;91.78517159145588;100.841529577121;82.3740220813434;0.4754550303743519;23.612019465581568;40.47759174970196;0.0027028726851677956;0.03672561653927254;9.158533405460672;10.108079560270701;3.671406863662627;6.722768638471252;7.488547461951778;89.72484444617834;0.01011029991041238;2668.0411439190466;239.32845344932278;214.5226455955274;0.010116944999906896;0.9905403143844237;0.6023560323847897;0.2390906910370117;2.1877610834053485e-10;-1.261639681615634e-10;2.6778934625326656e-10;-4.674527431802744e-11;-1.0979306352965068e-10;-1.4136958270682953e-10;5.221068022365216e-11;4.1019632135430584e-10;2.1877610834053483e-12;-1.261639681615634e-12;2.6778934625326655e-12;-4.674527431802744e-11;-1.0979306352965069e-12;-1.4136958270682954e-12;5.221068022365216e-13;4.101963213543058e-12;140.47759174970196;96.98440401982293;94.239632142088;100.0;96.98440401982293;36.045502129340036;8.91387228921161;9.407630926754337;53.6793423168383;13.430360349685031;2.9402294621357328;4.514787695909661;8.342914541779464;53.551973058570184;5.778200850879671;9.507086048613417;4.0;0.9600000000000005;74716.164229753;8846.939979110173;8.445424565575946;2.9402294621357328;deltaT_des_1_K;desorber;True;True;True;True;True;True;True;True;91.65708545822054;2662.2226712442593;0.04065725938433007;74716.164229753;0.0;0.0;135.0;4.0;140.47759174970196;4.0;96.98440401982293;8.0;94.239632142088;8.0;100.0;8.0;96.98440401982293;8.0;30.0;4.0;36.045502129340036;4.0;91.65708545822054;2662.2226712442593;0.008011214120929373;74716.164229753;0.0;0.0;89.72484444617834;239.3284534493163;1.0006572593843306;8846.939979110173;0.5962660322445335;0.2345074533277219;149.39146403891357;337.32467544522837;0.9680112141209299;74716.164229753;0.6163750223476138;0.24996991545880884;91.65708545822054;2662.2226712442593;0.032646045263400696;74716.164229753;0.0;0.0;103.57144902788093;239.3284534493163;1.0006572593843306;74716.164229753;0.5962660322445335;0.2345074533277219;144.40763092675434;321.64836999299405;1.0006572593843306;74716.164229753;0.5962660322445335;0.2345074533277219;138.62943007587467;317.923367472939;0.9600000000000005;74716.164229753;0.6215186809268577;0.2540810532747816;94.06436297926751;232.11709447176756;0.9600000000000005;74716.164229753;0.6215186809268577;0.2540810532747816;94.0441745576872;232.07883862120582;0.9600000000000005;8846.939979110173;0.6215186809268577;0.2540810532747816;89.72484444617834;2668.0411439190466;0.04065725938433007;8846.939979110173;0.0;0.0;43.43036034968503;181.8726924979524;0.04065725938433007;8846.939979110173;0.0;0.0;43.43243096125275;181.9391719588432;0.04065725938433007;74716.164229753;0.0;0.0;"Zustand 3: Temperatur 417.558 K liegt außerhalb des Boryta-Prüfbereichs; Kristallisation wurde nicht bewertet.";"Zustand 4: Temperatur 411.779 K liegt außerhalb des Boryta-Prüfbereichs; Kristallisation wurde nicht bewertet.";Zustand 5: Kristallisationsprüfung bestanden (w_LiBr=0.6215 <= w_crit=0.6915, T=367.21 K >= T_crit=304.04 K).;Zustand 6: Kristallisationsprüfung bestanden (w_LiBr=0.6215 <= w_crit=0.6915, T=367.19 K >= T_crit=304.04 K).;"Zustand 20: Temperatur 422.541 K liegt außerhalb des Boryta-Prüfbereichs; Kristallisation wurde nicht bewertet.";5
series_evaporator_to_desorber;Serie Verdampfer → Desorber;series_evaporator_to_desorber;nan;100.0;30.0;100.0;8.0;8.0;4.0;100.0;0.9700000000000005;Abwärmetemperatur [°C];hot_temperature_C;100.0;10.0;10.0;25.0;15.0;11.0;nan;nan;1.0762254332538368e-21;`gtol` termination condition is satisfied.;4;5.785887575536062e-10;4.639451332331953e-11;1;True;;True;0;zulässig;feasible;True;True;True;91.64819975745598;103.60355451600469;138.55562109113094;43.44509407138008;0.1993544109015898;0.24984200772549028;0.23456656356549888;0.253959933123272;91.41975500219485;101.1916858744826;91.6227075244432;100.94893181071745;83.1445347704259;0.4747311458624686;23.831864926330933;40.467688696303526;0.0027045471989211108;0.03709699453627707;9.141975500178948;10.119168587462449;3.664908300981708;6.729928787377373;7.558594070049969;89.75944496109202;0.010106863465351279;2668.106028299287;239.4220976511379;214.62510090310124;0.01021502518166284;1.000486783216399;0.6024340095496884;0.23914992444309657;2.184492586820852e-10;-1.2374812285997905e-10;2.6835778044187464e-10;-4.603462055996488e-11;-9.950440471584443e-11;-1.418811734765768e-10;5.685762971552322e-11;4.0537884160585236e-10;2.184492586820852e-12;-1.2374812285997905e-12;2.6835778044187464e-12;-4.603462055996488e-11;-9.950440471584442e-13;-1.418811734765768e-12;5.685762971552321e-13;4.0537884160585235e-12;140.46768869630353;96.98119223054073;94.24127872801552;100.0;96.98119223054073;36.052134322636505;8.872711292949646;9.416633023764234;53.70731063845551;13.445094071380083;2.953851504315594;4.481833766923501;8.351800242544016;53.53402789258058;5.861011932633289;9.5560365303391;4.0;0.9700000000000005;74691.21463270037;8853.721039457643;8.43613824061434;2.953851504315594;deltaT_des_1_K;desorber;True;True;True;True;True;True;True;True;91.64819975745598;2662.208267830795;0.04070180839806137;74691.21463270037;0.0;0.0;135.0;4.0;140.46768869630353;4.0;96.98119223054073;8.0;94.24127872801552;8.0;100.0;8.0;96.98119223054073;8.0;30.0;4.0;36.052134322636505;4.0;91.64819975745598;2662.208267830795;0.008114085035824906;74691.21463270037;0.0;0.0;89.75944496109202;239.422097651131;1.010701808398062;8853.721039457643;0.5963452912682856;0.23456656356549888;149.34039998925317;337.17266249365974;0.9781140850358254;74691.21463270037;0.6162136642153392;0.24984200772549028;91.64819975745598;2662.208267830795;0.03258772336223646;74691.21463270037;0.0;0.0;103.60355451600469;239.422097651131;1.010701808398062;74691.21463270037;0.5963452912682856;0.23456656356549888;144.41663302376423;321.6862571485875;1.010701808398062;74691.21463270037;0.5963452912682856;0.23456656356549888;138.55562109113094;317.72365567638366;0.9700000000000005;74691.21463270037;0.6213683137263143;0.253959933123272;94.04751798566559;232.0076404493657;0.9700000000000005;74691.21463270037;0.6213683137263143;0.253959933123272;94.02734072622513;231.9693961251015;0.9700000000000005;8853.721039457643;0.6213683137263143;0.253959933123272;89.75944496109202;2668.106028299287;0.04070180839806137;8853.721039457643;0.0;0.0;43.44509407138008;181.93428662054717;0.04070180839806137;8853.721039457643;0.0;0.0;43.447164337960146;182.0007344592395;0.04070180839806137;74691.21463270037;0.0;0.0;"Zustand 3: Temperatur 417.567 K liegt außerhalb des Boryta-Prüfbereichs; Kristallisation wurde nicht bewertet.";"Zustand 4: Temperatur 411.706 K liegt außerhalb des Boryta-Prüfbereichs; Kristallisation wurde nicht bewertet.";Zustand 5: Kristallisationsprüfung bestanden (w_LiBr=0.6214 <= w_crit=0.6915, T=367.20 K >= T_crit=304.00 K).;Zustand 6: Kristallisationsprüfung bestanden (w_LiBr=0.6214 <= w_crit=0.6915, T=367.18 K >= T_crit=304.00 K).;"Zustand 20: Temperatur 422.490 K liegt außerhalb des Boryta-Prüfbereichs; Kristallisation wurde nicht bewertet.";5
series_evaporator_to_desorber;Serie Verdampfer → Desorber;series_evaporator_to_desorber;nan;100.0;30.0;100.0;8.0;8.0;4.0;100.0;0.9800000000000005;Abwärmetemperatur [°C];hot_temperature_C;100.0;10.0;10.0;25.0;15.0;11.0;nan;nan;1.0419604803801568e-21;`gtol` termination condition is satisfied.;4;5.611977589423789e-10;4.564998314085465e-11;1;True;;True;0;zulässig;feasible;True;True;True;91.63928512498978;103.6362223504807;138.48150261102188;43.45987021626189;0.20168137275701584;0.2497152117871922;0.23462341742796686;0.2538401684575459;91.25213044516994;101.30289543563137;91.45816790211026;101.056683744288;83.91159392883262;0.47400047146896146;24.05114264561761;40.457663304136986;0.002706224680175154;0.03746800994240994;9.125213044478048;10.130289543577684;3.6583267160886157;6.737112249615597;7.628326720813656;89.79352718526229;0.010104292117699426;2668.1699239853947;239.51573429596064;214.72541427528384;0.010313920862932813;1.0104325839680375;0.6025094383483902;0.23920723538030236;2.1948665107629495e-10;-1.1760903362301178e-10;2.531237441871781e-10;-4.530598118890339e-11;-1.0513190318306442e-10;-1.454623088648077e-10;5.402966962719802e-11;3.894626843248261e-10;2.1948665107629493e-12;-1.176090336230118e-12;2.531237441871781e-12;-4.530598118890339e-11;-1.0513190318306443e-12;-1.454623088648077e-12;5.402966962719802e-13;3.894626843248261e-12;140.457663304137;96.97796998372343;94.2429769244498;100.0;96.97796998372343;36.058785612178895;8.831984567851748;9.424861057148576;53.7347415730834;13.45987021626189;2.9670458303061764;4.449449739187514;8.360714875010217;53.51602984772478;5.943358446126695;9.605132114122455;4.0;0.9800000000000005;74666.19077283137;8860.52612060319;8.426834903089071;2.9670458303061764;deltaT_des_1_K;desorber;True;True;True;True;True;True;True;True;91.63928512498978;2662.1938171346756;0.040746504830969754;74666.19077283137;0.0;0.0;135.0;4.0;140.457663304137;4.0;96.97796998372343;8.0;94.2429769244498;8.0;100.0;8.0;96.97796998372343;8.0;30.0;4.0;36.058785612178895;4.0;91.63928512498978;2662.1938171346756;0.008217811029360358;74666.19077283137;0.0;0.0;89.79352718526229;239.51573429595297;1.0207465048309703;8860.52612060319;0.596421506979647;0.23462341742796686;149.28964787198873;337.0217393100193;0.9882178110293609;74666.19077283137;0.6160536289734136;0.2497152117871922;91.63928512498978;2662.1938171346756;0.032528693801609394;74666.19077283137;0.0;0.0;103.6362223504807;239.51573429595297;1.0207465048309703;74666.19077283137;0.596421506979647;0.23462341742796686;144.42486105714858;321.7218388789198;1.0207465048309703;74666.19077283137;0.596421506979647;0.23462341742796686;138.48150261102188;317.52395895690194;0.9800000000000005;74666.19077283137;0.6212195598525454;0.2538401684575459;94.03109023635824;231.89988351954165;0.9800000000000005;74666.19077283137;0.6212195598525454;0.2538401684575459;94.01092415341725;231.8616508563351;0.9800000000000005;8860.52612060319;0.6212195598525454;0.2538401684575459;89.79352718526229;2668.1699239853947;0.040746504830969754;8860.52612060319;0.0;0.0;43.45987021626189;181.99605813187037;0.040746504830969754;8860.52612060319;0.0;0.0;43.461940135998645;182.0624742500479;0.040746504830969754;74666.19077283137;0.0;0.0;"Zustand 3: Temperatur 417.575 K liegt außerhalb des Boryta-Prüfbereichs; Kristallisation wurde nicht bewertet.";"Zustand 4: Temperatur 411.632 K liegt außerhalb des Boryta-Prüfbereichs; Kristallisation wurde nicht bewertet.";Zustand 5: Kristallisationsprüfung bestanden (w_LiBr=0.6212 <= w_crit=0.6915, T=367.18 K >= T_crit=303.96 K).;Zustand 6: Kristallisationsprüfung bestanden (w_LiBr=0.6212 <= w_crit=0.6915, T=367.16 K >= T_crit=303.96 K).;"Zustand 20: Temperatur 422.440 K liegt außerhalb des Boryta-Prüfbereichs; Kristallisation wurde nicht bewertet.";5
series_evaporator_to_desorber;Serie Verdampfer → Desorber;series_evaporator_to_desorber;nan;100.0;30.0;100.0;8.0;8.0;4.0;100.0;0.9900000000000005;Abwärmetemperatur [°C];hot_temperature_C;100.0;10.0;10.0;25.0;15.0;11.0;nan;nan;1.0112011272281389e-21;`gtol` termination condition is satisfied.;4;5.748558253065027e-10;4.497112689778051e-11;1;True;;True;0;zulässig;feasible;True;True;True;91.63034001005201;103.66942949858503;138.40709129349676;43.47469145790171;0.20402325314766417;0.24958949552050744;0.2346780741707526;0.25372171564622936;91.08250391224362;101.41444440808849;91.29159763509693;101.16480412213029;84.67520520926394;0.47326305116698064;24.26984746621859;40.44751817656959;0.0027079053941272938;0.037838657918800984;9.108250391182468;10.141444440823742;3.6516639054078928;6.744320274805132;7.697745928123861;89.82710821687226;0.010102554176489073;2668.232863315817;239.6093455101488;214.82364597486418;0.010413625523616687;1.0203777309683433;0.602582382032731;0.23926267059889111;2.0806112388527254e-10;-9.85380665952107e-11;2.546585164964199e-10;-4.460443125964275e-11;-1.0038547770818695e-10;-1.48929757415317e-10;5.331912689143792e-11;4.1895020785887027e-10;2.0806112388527253e-12;-9.85380665952107e-13;2.546585164964199e-12;-4.460443125964275e-11;-1.0038547770818696e-12;-1.48929757415317e-12;5.331912689143792e-13;4.189502078588703e-12;140.4475181765696;96.9747367188358;94.24472482783409;100.0;96.9747367188358;36.06545720144072;8.791677687867946;9.432332864918862;53.76165101543154;13.474691457901713;2.979820607949762;4.417616610961829;8.36965998994799;53.49797568997906;6.0252415714221;9.654358497834039;4.0;0.9900000000000005;74641.08836535263;8867.356496317343;8.417512975411718;2.979820607949762;deltaT_des_1_K;desorber;True;True;True;True;True;True;True;True;91.63034001005201;2662.1793166382818;0.04079135649195942;74641.08836535263;0.0;0.0;135.0;4.0;140.4475181765696;4.0;96.9747367188358;8.0;94.24472482783409;8.0;100.0;8.0;96.9747367188358;8.0;30.0;4.0;36.06545720144072;4.0;91.63034001005201;2662.1793166382818;0.00832238525179565;74641.08836535263;0.0;0.0;89.82710821687226;239.60934551014162;1.03079135649196;8867.356496317343;0.5964947608724475;0.2346780741707526;149.23919586443753;336.8718689553298;0.9983223852517962;74641.08836535263;0.6158948780754644;0.24958949552050744;91.63034001005201;2662.1793166382818;0.03246897124016377;74641.08836535263;0.0;0.0;103.66942949858503;239.60934551014162;1.03079135649196;74641.08836535263;0.5964947608724475;0.2346780741707526;144.43233286491886;321.7551693725329;1.03079135649196;74641.08836535263;0.5964947608724475;0.2346780741707526;138.40709129349676;317.32428874499385;0.9900000000000005;74641.08836535263;0.621072367373795;0.25372171564622936;94.01507100075099;231.79377843281625;0.9900000000000005;74641.08836535263;0.621072367373795;0.25372171564622936;93.99491611088604;231.7555575662316;0.9900000000000005;8867.356496317343;0.621072367373795;0.25372171564622936;89.82710821687226;2668.232863315817;0.04079135649195942;8867.356496317343;0.0;0.0;43.47469145790171;182.05801820913936;0.04079135649195942;8867.356496317343;0.0;0.0;43.47676102885674;182.12440250294586;0.04079135649195942;74641.08836535263;0.0;0.0;"Zustand 3: Temperatur 417.582 K liegt außerhalb des Boryta-Prüfbereichs; Kristallisation wurde nicht bewertet.";"Zustand 4: Temperatur 411.557 K liegt außerhalb des Boryta-Prüfbereichs; Kristallisation wurde nicht bewertet.";Zustand 5: Kristallisationsprüfung bestanden (w_LiBr=0.6211 <= w_crit=0.6915, T=367.17 K >= T_crit=303.92 K).;Zustand 6: Kristallisationsprüfung bestanden (w_LiBr=0.6211 <= w_crit=0.6915, T=367.14 K >= T_crit=303.92 K).;"Zustand 20: Temperatur 422.389 K liegt außerhalb des Boryta-Prüfbereichs; Kristallisation wurde nicht bewertet.";5
series_evaporator_to_desorber;Serie Verdampfer → Desorber;series_evaporator_to_desorber;nan;100.0;30.0;100.0;8.0;8.0;4.0;100.0;1.0;Abwärmetemperatur [°C];hot_temperature_C;100.0;10.0;10.0;25.0;15.0;11.0;nan;nan;1.4626332253260453e-21;`gtol` termination condition is satisfied.;10;2.4934660876930944e-09;5.408573241301342e-11;1;True;;True;0;zulässig;feasible;True;True;True;91.62136296620497;103.70315378826331;138.3324030487094;43.4895602947729;0.20637977290393986;0.2494648279354057;0.23473059091536613;0.2536045326896497;90.91091723929156;101.52635159617415;91.12303988486374;101.27331042750616;85.43537437560708;0.4725189282005135;24.487974411678653;40.43725581574711;0.0027095895845610975;0.03820893371855039;9.091091723696856;10.152635159621287;3.6449215954003606;6.751554028493052;7.76685221598295;89.86020444716752;0.01010161922027399;2668.294877295879;239.70291425425904;214.91985396402987;0.01051413268710677;1.0303222379815544;0.6026529015638122;0.23931627519279977;2.0726531602122122e-10;-2.0536106148938416e-10;8.359393177670427e-10;-4.7997494867502155e-11;-1.4527756775351008e-10;-3.871036824421026e-11;1.1037570857297396e-10;2.323005787729926e-09;2.072653160212212e-12;-2.0536106148938414e-12;8.359393177670427e-12;-4.7997494867502155e-11;-1.4527756775351009e-12;-3.8710368244210256e-13;1.1037570857297397e-12;2.323005787729926e-11;140.4372558157471;96.97149191305306;94.24652062463008;100.0;96.97149191305306;36.07215021508216;8.751776801763242;9.439065690496363;53.78805423208536;13.4895602947729;2.992183812029225;4.386316177462561;8.37863703379503;53.47986239809404;6.106662641786954;9.703702009108667;4.0;1.0;74615.90342321307;8874.213363033656;8.408170997333961;2.992183812029225;deltaT_des_1_K;desorber;True;True;True;True;True;True;True;True;91.62136296620497;2662.1647639928483;0.04083637066866119;74615.90342321307;0.0;0.0;135.0;4.0;140.4372558157471;4.0;96.97149191305306;8.0;94.24652062463008;8.0;100.0;8.0;96.97149191305306;8.0;30.0;4.0;36.07215021508216;4.0;91.62136296620497;2662.1647639928483;0.008427800904819408;74615.90342321307;0.0;0.0;89.86020444716752;239.702914254249;1.0408363706686612;8874.213363033656;0.5965651314302214;0.23473059091536613;149.18903261751035;336.7230159102907;1.0084278009048193;74615.90342321307;0.6157373743129363;0.2494648279354057;91.62136296620497;2662.1647639928483;0.03240856976384179;74615.90342321307;0.0;0.0;103.70315378826331;239.702914254249;1.0408363706686612;74615.90342321307;0.5965651314302214;0.23473059091536613;144.43906569049636;321.7863010220664;1.0408363706686612;74615.90342321307;0.5965651314302214;0.23473059091536613;138.3324030487094;317.1246558425316;1.0;74615.90342321307;0.6209266862653045;0.2536045326896497;93.99945177915464;231.68928146713176;1.0;74615.90342321307;0.6209266862653045;0.2536045326896497;93.97930810102383;231.6510725334132;1.0;8874.213363033656;0.6209266862653045;0.2536045326896497;89.86020444716752;2668.294877295879;0.04083637066866119;8874.213363033656;0.0;0.0;43.4895602947729;182.12017729767584;0.04083637066866119;8874.213363033656;0.0;0.0;43.491629514959016;182.18652965808872;0.04083637066866119;74615.90342321307;0.0;0.0;"Zustand 3: Temperatur 417.589 K liegt außerhalb des Boryta-Prüfbereichs; Kristallisation wurde nicht bewertet.";"Zustand 4: Temperatur 411.482 K liegt außerhalb des Boryta-Prüfbereichs; Kristallisation wurde nicht bewertet.";Zustand 5: Kristallisationsprüfung bestanden (w_LiBr=0.6209 <= w_crit=0.6915, T=367.15 K >= T_crit=303.88 K).;Zustand 6: Kristallisationsprüfung bestanden (w_LiBr=0.6209 <= w_crit=0.6915, T=367.13 K >= T_crit=303.88 K).;"Zustand 20: Temperatur 422.339 K liegt außerhalb des Boryta-Prüfbereichs; Kristallisation wurde nicht bewertet.";5
series_evaporator_to_desorber;Serie Verdampfer → Desorber;series_evaporator_to_desorber;nan;100.0;30.0;100.0;8.0;8.0;4.0;100.0;1.0000000000000004;Abwärmetemperatur [°C];hot_temperature_C;100.0;10.0;10.0;25.0;15.0;11.0;nan;nan;1.4624438467070806e-21;`gtol` termination condition is satisfied.;1;2.4927064725105978e-09;5.408223084724003e-11;1;True;;True;0;zulässig;feasible;True;True;True;91.62136296620497;103.70315378826331;138.3324030487094;43.4895602947729;0.20637977290393986;0.2494648279354057;0.23473059091536613;0.2536045326896497;90.910917239291;101.5263515961736;91.12303988486318;101.2733104275056;85.43537437560711;0.47251892820051333;24.4879744116788;40.43725581574705;0.002709589584561083;0.03820893371855041;9.09109172369688;10.152635159621287;3.644921595400387;6.751554028493052;7.76685221598295;89.86020444716752;0.010101619220273774;2668.294877295879;239.70291425425847;214.91985396402987;0.010514132687106548;1.0303222379815549;0.6026529015638122;0.23931627519279977;2.0725110516650602e-10;-2.0533263977995375e-10;8.357687875104602e-10;-4.7997494867502155e-11;-1.4649970125901746e-10;-3.9264591578103136e-11;1.0982148523908108e-10;2.3221957690111594e-09;2.0725110516650603e-12;-2.0533263977995376e-12;8.357687875104602e-12;-4.7997494867502136e-11;-1.4649970125901746e-12;-3.9264591578103135e-13;1.0982148523908109e-12;2.3221957690111593e-11;140.43725581574705;96.97149191305306;94.24652062463014;100.0;96.97149191305306;36.07215021508216;8.751776801763299;9.439065690496363;53.78805423208536;13.4895602947729;2.992183812029225;4.386316177462618;8.37863703379503;53.47986239809404;6.106662641786954;9.703702009108667;4.0;1.0000000000000004;74615.90342321307;8874.213363033656;8.408170997333961;2.992183812029225;deltaT_des_1_K;desorber;True;True;True;True;True;True;True;True;91.62136296620497;2662.1647639928483;0.04083637066866097;74615.90342321307;0.0;0.0;135.0;4.0;140.43725581574705;4.0;96.97149191305306;8.0;94.24652062463014;8.0;100.0;8.0;96.97149191305306;8.0;30.0;4.0;36.07215021508216;4.0;91.62136296620497;2662.1647639928483;0.008427800904819361;74615.90342321307;0.0;0.0;89.86020444716752;239.702914254249;1.0408363706686614;8874.213363033656;0.5965651314302214;0.23473059091536613;149.18903261751035;336.7230159102907;1.0084278009048198;74615.90342321307;0.6157373743129363;0.2494648279354057;91.62136296620497;2662.1647639928483;0.03240856976384161;74615.90342321307;0.0;0.0;103.70315378826331;239.702914254249;1.0408363706686614;74615.90342321307;0.5965651314302214;0.23473059091536613;144.43906569049636;321.7863010220664;1.0408363706686614;74615.90342321307;0.5965651314302214;0.23473059091536613;138.3324030487094;317.1246558425316;1.0000000000000004;74615.90342321307;0.6209266862653045;0.2536045326896497;93.99945177915464;231.68928146713176;1.0000000000000004;74615.90342321307;0.6209266862653045;0.2536045326896497;93.97930810102383;231.6510725334132;1.0000000000000004;8874.213363033656;0.6209266862653045;0.2536045326896497;89.86020444716752;2668.294877295879;0.04083637066866097;8874.213363033656;0.0;0.0;43.4895602947729;182.12017729767584;0.04083637066866097;8874.213363033656;0.0;0.0;43.491629514959016;182.18652965808872;0.04083637066866097;74615.90342321307;0.0;0.0;"Zustand 3: Temperatur 417.589 K liegt außerhalb des Boryta-Prüfbereichs; Kristallisation wurde nicht bewertet.";"Zustand 4: Temperatur 411.482 K liegt außerhalb des Boryta-Prüfbereichs; Kristallisation wurde nicht bewertet.";Zustand 5: Kristallisationsprüfung bestanden (w_LiBr=0.6209 <= w_crit=0.6915, T=367.15 K >= T_crit=303.88 K).;Zustand 6: Kristallisationsprüfung bestanden (w_LiBr=0.6209 <= w_crit=0.6915, T=367.13 K >= T_crit=303.88 K).;"Zustand 20: Temperatur 422.339 K liegt außerhalb des Boryta-Prüfbereichs; Kristallisation wurde nicht bewertet.";5
series_evaporator_to_desorber;Serie Verdampfer → Desorber;series_evaporator_to_desorber;nan;100.0;30.0;100.0;8.0;8.0;4.0;100.0;1.0100000000000007;Abwärmetemperatur [°C];hot_temperature_C;100.0;10.0;10.0;25.0;15.0;11.0;nan;nan;2.6705639110007316e-23;`gtol` termination condition is satisfied.;4;3.379758162403058e-10;7.308302006623333e-12;1;True;;True;0;zulässig;feasible;True;True;True;91.61235264647576;103.73737387122469;138.25745308576478;43.50447905843595;0.20875065530590625;0.24934117909801964;0.23478102275970164;0.2534885791614125;90.73741064670162;101.63863454780531;90.9525361430671;101.38221894124878;86.1921073048961;0.47176814511201615;24.70551868586965;40.426878627195094;0.0027112774748857043;0.03857883268613868;9.073741064638797;10.16386345477356;3.6381014457206704;6.758814596080393;7.835646118622998;89.89283159705656;0.010101458035275485;2668.3559956668423;239.79642429024443;215.0140940246226;0.010615435919307581;1.0402661182323034;0.6027210557357443;0.23936809268845516;-2.999911430379143e-11;4.311573320592288e-11;6.178879630169831e-11;6.544986774770223e-12;5.03490582559607e-11;6.970424237806583e-11;4.288835953047965e-11;3.136477744192234e-10;-2.999911430379143e-13;4.311573320592288e-13;6.178879630169831e-13;6.480184925515068e-12;5.03490582559607e-13;6.970424237806582e-13;4.2888359530479647e-13;3.1364777441922344e-12;140.4268786271951;96.96823507950813;94.24836258719154;100.0;96.96823507950813;36.07886570261991;8.712268598700234;9.445076214385438;53.81396589443665;13.504479058435948;3.004143227976897;4.35553099013498;8.387647353524244;53.461687153745345;6.1876231286206576;9.753149573905944;4.0;1.0100000000000007;74590.63224308091;8881.09784338771;8.398807620233152;3.004143227976897;deltaT_des_1_K;desorber;True;True;True;True;True;True;True;True;91.61235264647576;2662.1501570105925;0.04088155415161032;74590.63224308091;0.0;0.0;135.0;4.0;140.4268786271951;4.0;96.96823507950813;8.0;94.24836258719154;8.0;100.0;8.0;96.96823507950813;8.0;30.0;4.0;36.07886570261991;4.0;91.61235264647576;2662.1501570105925;0.008534051219072547;74590.63224308091;0.0;0.0;89.89283159705656;239.79642429023647;1.050881554151611;8881.09784338771;0.5966326942842527;0.23478102275970164;149.13914722589533;336.5751459841651;1.0185340512190733;74590.63224308091;0.6155810817224177;0.24934117909801964;91.61235264647576;2662.1501570105925;0.032347502932537776;74590.63224308091;0.0;0.0;103.73737387122469;239.79642429023647;1.050881554151611;74590.63224308091;0.5966326942842527;0.23478102275970164;144.44507621438544;321.8152845170486;1.050881554151611;74590.63224308091;0.5966326942842527;0.23478102275970164;138.25745308576478;316.92507048136025;1.0100000000000007;74590.63224308091;0.6207824683436614;0.2534885791614125;93.98422429731875;231.58635037747308;1.0100000000000007;74590.63224308091;0.6207824683436614;0.2534885791614125;93.96409185153124;231.5481535134274;1.0100000000000007;8881.09784338771;0.6207824683436614;0.2534885791614125;89.89283159705656;2668.3559956668423;0.04088155415161032;8881.09784338771;0.0;0.0;43.50447905843595;182.1825451449823;0.04088155415161032;8881.09784338771;0.0;0.0;43.50654792576279;182.2488654581688;0.04088155415161032;74590.63224308091;0.0;0.0;"Zustand 3: Temperatur 417.595 K liegt außerhalb des Boryta-Prüfbereichs; Kristallisation wurde nicht bewertet.";"Zustand 4: Temperatur 411.407 K liegt außerhalb des Boryta-Prüfbereichs; Kristallisation wurde nicht bewertet.";Zustand 5: Kristallisationsprüfung bestanden (w_LiBr=0.6208 <= w_crit=0.6915, T=367.13 K >= T_crit=303.84 K).;Zustand 6: Kristallisationsprüfung bestanden (w_LiBr=0.6208 <= w_crit=0.6915, T=367.11 K >= T_crit=303.84 K).;"Zustand 20: Temperatur 422.289 K liegt außerhalb des Boryta-Prüfbereichs; Kristallisation wurde nicht bewertet.";5
series_evaporator_to_desorber;Serie Verdampfer → Desorber;series_evaporator_to_desorber;nan;100.0;30.0;100.0;8.0;8.0;4.0;100.0;1.0200000000000005;Abwärmetemperatur [°C];hot_temperature_C;100.0;10.0;10.0;25.0;15.0;11.0;nan;nan;3.38371595779769e-23;`gtol` termination condition is satisfied.;4;3.587789187001322e-10;8.22644024812396e-12;1;True;;True;0;zulässig;feasible;True;True;True;91.60330779313671;103.77206918061626;138.18225593196416;43.51944993032879;0.21113562768435415;0.24921852019757057;0.23482942282150432;0.2533738160980468;90.56202288268156;101.75130968104382;90.78012637839637;101.49154486577264;86.94540996112629;0.4710107437911399;24.922475655162586;40.41638892839006;0.002712969270190644;0.0389483502482268;9.056202288234493;10.175130968096918;3.631205055134429;6.766102991048689;7.904128178279956;89.92500474407336;0.010102042559265693;2668.4162469560815;239.889860105314;215.10641982052587;0.010717528830280987;1.0502093844552667;0.6027869012113158;0.23941816506698424;-3.7914560380158946e-11;4.6767922867729794e-11;5.559286364587024e-11;7.551292924290465e-12;3.565503448044183e-11;7.464961981895613e-11;4.229150363244116e-11;3.3662672649370506e-10;-3.7914560380158946e-13;4.676792286772979e-13;5.559286364587023e-13;7.403228357147512e-12;3.5655034480441827e-13;7.464961981895613e-13;4.2291503632441165e-13;3.3662672649370506e-12;140.41638892839006;96.96496576358334;94.25024906566478;100.0;96.96496576358334;36.08560464599543;8.673140309406733;9.450380557604433;53.83940009807793;13.51944993032879;3.0157064582756448;4.325244321591413;8.396692206863293;53.443447320852044;6.268124625640269;9.80268868430835;4.0;1.0200000000000005;74565.27137633716;8888.010993744578;8.389421595992234;3.0157064582756448;deltaT_des_1_K;desorber;True;True;True;True;True;True;True;True;91.60330779313671;2662.1354936481657;0.040926913285547206;74565.27137633716;0.0;0.0;135.0;4.0;140.41638892839006;4.0;96.96496576358334;8.0;94.25024906566478;8.0;100.0;8.0;96.96496576358334;8.0;30.0;4.0;36.08560464599543;4.0;91.60330779313671;2662.1354936481657;0.008641129525727142;74565.27137633716;0.0;0.0;89.92500474407336;239.88986010530482;1.0609269132855477;8888.010993744578;0.5966975222811113;0.23482942282150432;149.0895292377968;336.4282263592427;1.0286411295257276;74565.27137633716;0.6154259656748918;0.24921852019757057;91.60330779313671;2662.1354936481657;0.032285783759820066;74565.27137633716;0.0;0.0;103.77206918061626;239.88986010530482;1.0609269132855477;74565.27137633716;0.5966975222811113;0.23482942282150432;144.45038055760443;321.84216885753364;1.0609269132855477;74565.27137633716;0.5966975222811113;0.23482942282150432;138.18225593196416;316.7255423048183;1.0200000000000005;74565.27137633716;0.6206396671361112;0.2533738160980468;93.9693804963079;231.48494430367697;1.0200000000000005;74565.27137633716;0.6206396671361112;0.2533738160980468;93.94925930530769;231.44675964657085;1.0200000000000005;8888.010993744578;0.6206396671361112;0.2533738160980468;89.92500474407336;2668.4162469560815;0.040926913285547206;8888.010993744578;0.0;0.0;43.51944993032879;182.24513087105913;0.040926913285547206;8888.010993744578;0.0;0.0;43.52151844273129;182.31141901869591;0.040926913285547206;74565.27137633716;0.0;0.0;"Zustand 3: Temperatur 417.600 K liegt außerhalb des Boryta-Prüfbereichs; Kristallisation wurde nicht bewertet.";"Zustand 4: Temperatur 411.332 K liegt außerhalb des Boryta-Prüfbereichs; Kristallisation wurde nicht bewertet.";Zustand 5: Kristallisationsprüfung bestanden (w_LiBr=0.6206 <= w_crit=0.6915, T=367.12 K >= T_crit=303.80 K).;Zustand 6: Kristallisationsprüfung bestanden (w_LiBr=0.6206 <= w_crit=0.6915, T=367.10 K >= T_crit=303.80 K).;"Zustand 20: Temperatur 422.240 K liegt außerhalb des Boryta-Prüfbereichs; Kristallisation wurde nicht bewertet.";5
series_evaporator_to_desorber;Serie Verdampfer → Desorber;series_evaporator_to_desorber;nan;100.0;30.0;100.0;8.0;8.0;4.0;100.0;1.0300000000000007;Abwärmetemperatur [°C];hot_temperature_C;100.0;10.0;10.0;25.0;15.0;11.0;nan;nan;4.143924476503493e-23;`gtol` termination condition is satisfied.;4;3.52941967289998e-10;9.103762383216615e-12;1;True;;True;0;zulässig;feasible;True;True;True;91.59422723841794;103.8072199043354;138.10682549522392;43.53447494086981;0.21353441903969864;0.2490968233470032;0.23487584239068443;0.25326020599396737;90.38479122869666;101.86439227747861;90.60584904310468;101.60130231595684;87.69528842133018;0.4702467654798605;25.138840862850227;40.40578894908475;0.002714665157211587;0.03931748192054599;9.038479122836577;10.18643922774067;3.6242339617229105;6.773420154394684;7.972298947390299;89.95673836144755;0.01010334582461143;2668.475658551446;239.98320692268942;215.19688304961514;0.010820405071046535;1.0601520488944876;0.6028504927036772;0.23946653289777048;-3.5981884138891473e-11;3.68913788406644e-11;6.94626578479074e-11;8.643974425126544e-12;3.19175796903437e-11;7.190692485892214e-11;3.657874003692996e-11;3.3088554118876345e-10;-3.5981884138891474e-13;3.6891378840664403e-13;6.94626578479074e-13;8.392208179734503e-12;3.19175796903437e-13;7.190692485892214e-13;3.6578740036929955e-13;3.3088554118876346e-12;140.40578894908475;96.96168354318309;94.2521784880663;100.0;96.96168354318309;36.09236795917934;8.634379643671991;9.454994333347656;53.86437040226821;13.534474940869814;3.026880923965223;4.295440126618757;8.405772761582057;53.42514044700846;6.34816883812374;9.852307373065173;4.0;1.0300000000000007;74539.81763075423;8894.953803579983;8.380011777099273;3.026880923965223;deltaT_des_1_K;desorber;True;True;True;True;True;True;True;True;91.59422723841794;2662.1207720078287;0.040972453965533395;74539.81763075423;0.0;0.0;135.0;4.0;140.40578894908475;4.0;96.96168354318309;8.0;94.2521784880663;8.0;100.0;8.0;96.96168354318309;8.0;30.0;4.0;36.09236795917934;4.0;91.59422723841794;2662.1207720078287;0.00874902915416097;74539.81763075423;0.0;0.0;89.95673836144755;239.9832069226809;1.070972453965534;8894.953803579983;0.5967596856953545;0.23487584239068443;149.04016859275674;336.28222538731313;1.0387490291541617;74539.81763075423;0.6152719926281244;0.2490968233470032;91.59422723841794;2662.1207720078287;0.03222342481137243;74539.81763075423;0.0;0.0;103.8072199043354;239.9832069226809;1.070972453965534;74539.81763075423;0.5967596856953545;0.23487584239068443;144.45499433334766;321.86700150266023;1.070972453965534;74539.81763075423;0.5967596856953545;0.23487584239068443;138.10682549522392;316.5260804822793;1.0300000000000007;74539.81763075423;0.620498237880441;0.25326020599396737;93.95491253127022;231.38502376250642;1.0300000000000007;74539.81763075423;0.620498237880441;0.25326020599396737;93.93480261921786;231.3468514499622;1.0300000000000007;8894.953803579983;0.620498237880441;0.25326020599396737;89.95673836144755;2668.475658551446;0.040972453965533395;8894.953803579983;0.0;0.0;43.53447494086981;182.30794296456955;0.040972453965533395;8894.953803579983;0.0;0.0;43.536543096174626;182.37419882416475;0.040972453965533395;74539.81763075423;0.0;0.0;"Zustand 3: Temperatur 417.605 K liegt außerhalb des Boryta-Prüfbereichs; Kristallisation wurde nicht bewertet.";"Zustand 4: Temperatur 411.257 K liegt außerhalb des Boryta-Prüfbereichs; Kristallisation wurde nicht bewertet.";Zustand 5: Kristallisationsprüfung bestanden (w_LiBr=0.6205 <= w_crit=0.6915, T=367.10 K >= T_crit=303.76 K).;Zustand 6: Kristallisationsprüfung bestanden (w_LiBr=0.6205 <= w_crit=0.6914, T=367.08 K >= T_crit=303.76 K).;"Zustand 20: Temperatur 422.190 K liegt außerhalb des Boryta-Prüfbereichs; Kristallisation wurde nicht bewertet.";5
series_evaporator_to_desorber;Serie Verdampfer → Desorber;series_evaporator_to_desorber;nan;100.0;30.0;100.0;8.0;8.0;4.0;100.0;1.0400000000000005;Abwärmetemperatur [°C];hot_temperature_C;100.0;10.0;10.0;25.0;15.0;11.0;nan;nan;5.436300354192279e-23;`gtol` termination condition is satisfied.;4;4.5222294691655303e-10;1.0427176371570857e-11;1;True;;True;0;zulässig;feasible;True;True;True;91.58510989550388;103.84280694703864;138.03117508080055;43.54955598428177;0.21594676148744774;0.24897606164605549;0.23492033096872733;0.2531477127023739;90.20575162584908;101.97789659360029;90.42974120253285;101.71150442825147;88.441748852441;0.46947625081595995;25.3546100132003;40.39508083886659;0.002716365306134452;0.03968622329967043;9.02057516254278;10.197789659351225;3.6171896480991976;6.780766961880342;8.040158986578712;89.98804634211689;0.010105341908232248;2668.534256745945;240.07645063406287;215.2855334997256;0.010924058334913056;1.070094123347178;0.6029118830087041;0.2395132353587907;-5.921663159824675e-11;7.51612105887034e-11;7.133849067031406e-11;9.77184999584324e-12;5.290701210469706e-11;8.805045581539162e-11;4.6341597226273734e-11;4.212665771774482e-10;-5.921663159824675e-13;7.51612105887034e-13;7.133849067031406e-13;9.396009611387727e-12;5.290701210469706e-13;8.805045581539162e-13;4.634159722627373e-13;4.212665771774482e-12;140.3950808388666;96.95838802547092;94.25414935314637;100.0;96.95838802547092;36.09915649483253;8.595974792679499;9.458932650362271;53.88888984728436;13.549555984281767;3.037673870784431;4.266103011029486;8.414890104496124;53.406764245187276;6.42775756956172;9.90199418501851;4.0;1.0400000000000005;74514.26804494551;8901.927202129666;8.370577106844793;3.037673870784431;deltaT_des_1_K;desorber;True;True;True;True;True;True;True;True;91.58510989550388;2662.105990322868;0.04101818168209048;74514.26804494551;0.0;0.0;135.0;4.0;140.3950808388666;4.0;96.95838802547092;8.0;94.25414935314637;8.0;100.0;8.0;96.95838802547092;8.0;30.0;4.0;36.09915649483253;4.0;91.58510989550388;2662.105990322868;0.00885774349635119;74514.26804494551;0.0;0.0;89.98804634211689;240.0764506340518;1.081018181682091;8901.927202129666;0.596819252290365;0.23492033096872733;148.9910556315461;336.1371126330376;1.0488577434963517;74514.26804494551;0.6151191302105;0.24897606164605549;91.58510989550388;2662.105990322868;0.03216043818573929;74514.26804494551;0.0;0.0;103.84280694703864;240.0764506340518;1.081018181682091;74514.26804494551;0.596819252290365;0.23492033096872733;144.45893265036227;321.8898283839278;1.081018181682091;74514.26804494551;0.596819252290365;0.23492033096872733;138.03117508080055;316.3266936916905;1.0400000000000005;74514.26804494551;0.6203581374074953;0.2531477127023739;93.94081276202013;231.28655056428647;1.0400000000000005;74514.26804494551;0.6203581374074953;0.2531477127023739;93.9207141546865;231.24839073419062;1.0400000000000005;8901.927202129666;0.6203581374074953;0.2531477127023739;89.98804634211689;2668.534256745945;0.04101818168209048;8901.927202129666;0.0;0.0;43.54955598428177;182.37098934479005;0.04101818168209048;8901.927202129666;0.0;0.0;43.55162378028365;182.43721278997316;0.04101818168209048;74514.26804494551;0.0;0.0;"Zustand 3: Temperatur 417.609 K liegt außerhalb des Boryta-Prüfbereichs; Kristallisation wurde nicht bewertet.";"Zustand 4: Temperatur 411.181 K liegt außerhalb des Boryta-Prüfbereichs; Kristallisation wurde nicht bewertet.";Zustand 5: Kristallisationsprüfung bestanden (w_LiBr=0.6204 <= w_crit=0.6914, T=367.09 K >= T_crit=303.72 K).;Zustand 6: Kristallisationsprüfung bestanden (w_LiBr=0.6204 <= w_crit=0.6914, T=367.07 K >= T_crit=303.72 K).;"Zustand 20: Temperatur 422.141 K liegt außerhalb des Boryta-Prüfbereichs; Kristallisation wurde nicht bewertet.";5
series_evaporator_to_desorber;Serie Verdampfer → Desorber;series_evaporator_to_desorber;nan;100.0;30.0;100.0;8.0;8.0;4.0;100.0;1.0500000000000007;Abwärmetemperatur [°C];hot_temperature_C;100.0;10.0;10.0;25.0;15.0;11.0;nan;nan;6.275504073735979e-23;`gtol` termination condition is satisfied.;4;3.899829095423069e-10;1.1203128200405437e-11;1;True;;True;0;zulässig;feasible;True;True;True;91.57595475475733;103.87881190022455;137.95531742703002;43.564694824931735;0.21837238984455515;0.24885620911799614;0.23496293635669635;0.2530363013865589;90.02493873490346;102.09183590851613;90.2518385972374;101.82216340620143;89.18479751247567;0.4686992398549164;25.569778970508274;40.38426667074782;0.0027180698713996226;0.040054570062291954;9.002493873453815;10.209183590843667;3.61007354388836;6.788144227077616;8.107708864766618;90.01894202758831;0.010108005882507693;2668.5920667922264;240.1695777734205;215.37241914390785;0.011028482356559177;1.0800356191834295;0.6029711231030417;0.23955831030717087;-4.708056167146424e-11;4.2874148675764445e-11;7.719336281297728e-11;1.1028178370509067e-11;2.8393287720973603e-11;7.94670995674096e-11;3.7189806789683644e-11;3.653042313089827e-10;-4.708056167146424e-13;4.287414867576445e-13;7.719336281297728e-13;1.0503027019532437e-11;2.8393287720973604e-13;7.946709956740961e-13;3.7189806789683646e-13;3.653042313089827e-12;140.38426667074782;96.95507884550835;94.25616022716991;100.0;96.95507884550835;36.10597104716004;8.557914401230619;9.4622101382285;53.91297098042827;13.564694824931735;3.0480923730231666;4.237218199581605;8.424045245242667;53.38831658612634;6.506892711198475;9.951738152404175;4.0;1.0500000000000007;74488.61987749835;8908.932061137693;8.361116614911749;3.0480923730231666;deltaT_des_1_K;desorber;True;True;True;True;True;True;True;True;91.57595475475733;2662.0911469514904;0.04106410153998796;74488.61987749835;0.0;0.0;135.0;4.0;140.38426667074782;4.0;96.95507884550835;8.0;94.25616022716991;8.0;100.0;8.0;96.95507884550835;8.0;30.0;4.0;36.10597104716004;4.0;91.57595475475733;2662.0911469514904;0.008967265990106648;74488.61987749835;0.0;0.0;90.01894202758831;240.16957777341085;1.0910641015399887;8908.932061137693;0.5968762874437339;0.23496293635669635;148.94218107197844;335.99285879976753;1.0589672659901073;74488.61987749835;0.6149673471449656;0.24885620911799614;91.57595475475733;2662.0911469514904;0.03209683554988131;74488.61987749835;0.0;0.0;103.87881190022455;240.16957777341085;1.0910641015399887;74488.61987749835;0.5968762874437339;0.23496293635669635;144.4622101382285;321.91069397968624;1.0910641015399887;74488.61987749835;0.5968762874437339;0.23496293635669635;137.95531742703002;316.1273901627094;1.0500000000000007;74488.61987749835;0.6202193240860201;0.2530363013865589;93.92707374782037;231.18948776983063;1.0500000000000007;74488.61987749835;0.6202193240860201;0.2530363013865589;93.90698647248519;231.1513405602475;1.0500000000000007;8908.932061137693;0.6202193240860201;0.2530363013865589;90.01894202758831;2668.5920667922264;0.04106410153998796;8908.932061137693;0.0;0.0;43.564694824931735;182.43427738826875;0.04106410153998796;8908.932061137693;0.0;0.0;43.56676225938202;182.50046828906693;0.04106410153998796;74488.61987749835;0.0;0.0;"Zustand 3: Temperatur 417.612 K liegt außerhalb des Boryta-Prüfbereichs; Kristallisation wurde nicht bewertet.";"Zustand 4: Temperatur 411.105 K liegt außerhalb des Boryta-Prüfbereichs; Kristallisation wurde nicht bewertet.";Zustand 5: Kristallisationsprüfung bestanden (w_LiBr=0.6202 <= w_crit=0.6914, T=367.08 K >= T_crit=303.68 K).;Zustand 6: Kristallisationsprüfung bestanden (w_LiBr=0.6202 <= w_crit=0.6914, T=367.06 K >= T_crit=303.68 K).;"Zustand 20: Temperatur 422.092 K liegt außerhalb des Boryta-Prüfbereichs; Kristallisation wurde nicht bewertet.";5
series_evaporator_to_desorber;Serie Verdampfer → Desorber;series_evaporator_to_desorber;nan;100.0;30.0;100.0;8.0;8.0;4.0;100.0;1.0600000000000005;Abwärmetemperatur [°C];hot_temperature_C;100.0;10.0;10.0;25.0;15.0;11.0;nan;nan;7.483580119179597e-23;`gtol` termination condition is satisfied.;4;3.816244698012775e-10;1.2234034591400825e-11;1;True;;True;0;zulässig;feasible;True;True;True;91.56676087926496;103.915217012673;137.8792647350204;43.57989310475671;0.22081104158410803;0.2487372406735922;0.23500370472870039;0.2529259384646245;89.84238600453898;102.20622257995657;90.07217571310855;101.93329057438856;89.92444074703397;0.46791577209585555;25.78434375529183;40.37334844524753;0.0027197789926323764;0.040422517963108445;8.98423860041856;10.220622257986197;3.6028870285223715;6.795552704956111;8.174949158818508;90.04943823397491;0.01011131376927037;2668.6491129516066;240.26257548512456;215.4575862222486;0.011133670911584126;1.089976547368936;0.6030282622237363;0.23960179433600648;-4.276046183804283e-11;3.0382807381101884e-11;6.548361852765083e-11;1.2321699216499837e-11;4.9254822442890145e-11;9.461587069381494e-11;4.689582056016661e-11;3.53367113348213e-10;-4.276046183804283e-13;3.0382807381101883e-13;6.548361852765083e-13;1.1624244543867766e-11;4.925482244289014e-13;9.461587069381494e-13;4.689582056016661e-13;3.53367113348213e-12;140.37334844524753;96.9517556646415;94.25820974020644;100.0;96.9517556646415;36.11281235526059;8.520187547323644;9.46484096702568;53.936625878714324;13.579893104756707;3.058143337775789;4.208771506231528;8.433239120735038;53.369795489269904;6.58557623200528;10.001528771162839;4.0;1.0600000000000005;74462.87059422198;8915.96919811759;8.351629412306986;3.058143337775789;deltaT_des_1_K;desorber;True;True;True;True;True;True;True;True;91.56676087926496;2662.0762403696235;0.04111021828051964;74462.87059422198;0.0;0.0;135.0;4.0;140.37334844524753;4.0;96.9517556646415;8.0;94.25820974020644;8.0;100.0;8.0;96.9517556646415;8.0;30.0;4.0;36.11281235526059;4.0;91.56676087926496;2662.0762403696235;0.00907759011827158;74462.87059422198;0.0;0.0;90.04943823397491;240.26257548511293;1.1011102182805201;8915.96919811759;0.5969308542526542;0.23500370472870039;148.89353599257117;335.84943568176664;1.069077590118272;74462.87059422198;0.6148166132071669;0.2487372406735922;91.56676087926496;2662.0762403696235;0.032032628162248056;74462.87059422198;0.0;0.0;103.915217012673;240.26257548511293;1.1011102182805201;74462.87059422198;0.5969308542526542;0.23500370472870039;144.46484096702568;321.929641373811;1.1011102182805201;74462.87059422198;0.5969308542526542;0.23500370472870039;137.8792647350204;315.92817770532565;1.0600000000000005;74462.87059422198;0.6200817577589784;0.2529259384646245;93.91368824151016;231.09379964204575;1.0600000000000005;74462.87059422198;0.6200817577589784;0.2529259384646245;93.8936123268657;231.05566519113717;1.0600000000000005;8915.96919811759;0.6200817577589784;0.2529259384646245;90.04943823397491;2668.6491129516066;0.04111021828051964;8915.96919811759;0.0;0.0;43.57989310475671;182.4978139596552;0.04111021828051964;8915.96919811759;0.0;0.0;43.58196017537159;182.56397218275373;0.04111021828051964;74462.87059422198;0.0;0.0;"Zustand 3: Temperatur 417.615 K liegt außerhalb des Boryta-Prüfbereichs; Kristallisation wurde nicht bewertet.";"Zustand 4: Temperatur 411.029 K liegt außerhalb des Boryta-Prüfbereichs; Kristallisation wurde nicht bewertet.";Zustand 5: Kristallisationsprüfung bestanden (w_LiBr=0.6201 <= w_crit=0.6914, T=367.06 K >= T_crit=303.65 K).;Zustand 6: Kristallisationsprüfung bestanden (w_LiBr=0.6201 <= w_crit=0.6914, T=367.04 K >= T_crit=303.65 K).;"Zustand 20: Temperatur 422.044 K liegt außerhalb des Boryta-Prüfbereichs; Kristallisation wurde nicht bewertet.";5
series_evaporator_to_desorber;Serie Verdampfer → Desorber;series_evaporator_to_desorber;nan;100.0;30.0;100.0;8.0;8.0;4.0;100.0;1.0700000000000007;Abwärmetemperatur [°C];hot_temperature_C;100.0;10.0;10.0;25.0;15.0;11.0;nan;nan;9.106939086111599e-23;`gtol` termination condition is satisfied.;4;4.18553813744804e-10;1.349588017589931e-11;1;True;;True;0;zulässig;feasible;True;True;True;91.5575274006917;103.95200516238856;137.8030286965191;43.595152350183525;0.22326245679251666;0.2486191320764016;0.23504268070189807;0.25281659155711084;89.65812573458527;102.32106809622294;89.89078584669505;102.0448964284262;90.66068498623109;0.46712588650436043;25.998300540755096;40.36232809417373;0.0027214927955038185;0.040790062832848625;8.965812573419363;10.232106809613217;3.5956314338664255;6.8029930952257605;8.241880453289648;90.07954727663218;0.010115242496248334;2668.705418540462;240.35543149394863;215.5410793195806;0.011239617815987701;1.099916918486171;0.6030833479441003;0.23964372282856344;-5.860556484549306e-11;4.496314431889914e-11;7.179323802120052e-11;1.3729350989422073e-11;3.441869012021925e-11;9.07789399207104e-11;3.979039320256561e-11;3.91636945096252e-10;-5.860556484549307e-13;4.496314431889914e-13;7.179323802120053e-13;1.2831169148992583e-11;3.441869012021925e-13;9.07789399207104e-13;3.979039320256561e-13;3.91636945096252e-12;140.36232809417373;96.9484181690064;94.2602965826818;100.0;96.9484181690064;36.11968110623343;8.482783722797535;9.466838866181263;53.959866170398755;13.595152350183525;3.0678335091491817;4.18074930604962;8.442472599308303;53.351199114364135;6.663810169662156;10.051355978592142;4.0;1.0700000000000007;74437.01785627933;8923.039379391237;8.342114686639173;3.0678335091491817;deltaT_des_1_K;desorber;True;True;True;True;True;True;True;True;91.5575274006917;2662.061269164196;0.04115653630215799;74437.01785627933;0.0;0.0;135.0;4.0;140.36232809417373;4.0;96.9484181690064;8.0;94.2602965826818;8.0;100.0;8.0;96.9484181690064;8.0;30.0;4.0;36.11968110623343;4.0;91.5575274006917;2662.061269164196;0.00918870940789019;74437.01785627933;0.0;0.0;90.07954727663218;240.3554314939367;1.1111565363021587;8923.039379391237;0.5969830136341965;0.23504268070189807;148.84511181697127;335.7068161185241;1.079188709407891;74437.01785627933;0.6146668991850542;0.2486191320764016;91.5575274006917;2662.061269164196;0.031967826894267797;74437.01785627933;0.0;0.0;103.95200516238856;240.3554314939367;1.1111565363021587;74437.01785627933;0.5969830136341965;0.23504268070189807;144.46683886618126;321.9467123119776;1.1111565363021587;74437.01785627933;0.5969830136341965;0.23504268070189807;137.8030286965191;315.7290637365464;1.0700000000000007;74437.01785627933;0.6199453996831755;0.25281659155711084;93.90064918379642;230.9994515998271;1.0700000000000007;74437.01785627933;0.6199453996831755;0.25281659155711084;93.88058465985722;230.96133004577771;1.0700000000000007;8923.039379391237;0.6199453996831755;0.25281659155711084;90.07954727663218;2668.705418540462;0.04115653630215799;8923.039379391237;0.0;0.0;43.595152350183525;182.5616054407701;0.04115653630215799;8923.039379391237;0.0;0.0;43.59721905464227;182.62773084975797;0.04115653630215799;74437.01785627933;0.0;0.0;"Zustand 3: Temperatur 417.617 K liegt außerhalb des Boryta-Prüfbereichs; Kristallisation wurde nicht bewertet.";"Zustand 4: Temperatur 410.953 K liegt außerhalb des Boryta-Prüfbereichs; Kristallisation wurde nicht bewertet.";Zustand 5: Kristallisationsprüfung bestanden (w_LiBr=0.6199 <= w_crit=0.6914, T=367.05 K >= T_crit=303.61 K).;Zustand 6: Kristallisationsprüfung bestanden (w_LiBr=0.6199 <= w_crit=0.6914, T=367.03 K >= T_crit=303.61 K).;"Zustand 20: Temperatur 421.995 K liegt außerhalb des Boryta-Prüfbereichs; Kristallisation wurde nicht bewertet.";5
series_evaporator_to_desorber;Serie Verdampfer → Desorber;series_evaporator_to_desorber;nan;100.0;30.0;100.0;8.0;8.0;4.0;100.0;1.0800000000000005;Abwärmetemperatur [°C];hot_temperature_C;100.0;10.0;10.0;25.0;15.0;11.0;nan;nan;1.0912375334697014e-22;`gtol` termination condition is satisfied.;4;4.5473130311131646e-10;1.4773202316828274e-11;1;True;;True;0;zulässig;feasible;True;True;True;91.54825351537937;103.9891598299563;137.72662052007803;43.61047397863871;0.22572637813058816;0.24850185990993756;0.23507990740280543;0.2527082294370602;89.4721891359386;102.43638312529995;89.707701166981;102.15699068222098;91.39353674167694;0.4663296215348481;26.211645649273805;40.35120748420684;0.002723211392545951;0.041157200576353865;8.947218913551367;10.243638312520295;3.5883080466774677;6.810466045478573;8.308503340147157;90.10928099343101;0.010119769855886774;2668.761005974077;240.44813407679806;215.62294143898743;0.011346316925678446;1.1098567427543968;0.6031364262454963;0.23968413000960206;-6.768630100850714e-11;5.822187176818261e-11;6.957634468562901e-11;1.5181300661026853e-11;4.430944500199985e-11;9.700329428596888e-11;4.239097961544758e-11;4.249329776939703e-10;-6.768630100850715e-13;5.822187176818261e-13;6.957634468562901e-13;1.4056759871321154e-11;4.4309445001999847e-13;9.700329428596888e-13;4.2390979615447575e-13;4.249329776939703e-12;140.35120748420684;96.94506606811541;94.26241950211715;100.0;96.94506606811541;36.12657793811604;8.445692815040445;9.46821714232965;53.98270305531497;13.610473978638709;3.077169472404364;4.1531385086861405;8.451746484620628;53.332525753546975;6.74159662225162;10.101210132262167;4.0;1.0800000000000005;74411.05950901961;8930.143322948741;8.332571697678981;3.077169472404364;deltaT_des_1_K;desorber;True;True;True;True;True;True;True;True;91.54825351537937;2662.046232026835;0.04120305968007476;74411.05950901961;0.0;0.0;135.0;4.0;140.35120748420684;4.0;96.94506606811541;8.0;94.26241950211715;8.0;100.0;8.0;96.94506606811541;8.0;30.0;4.0;36.12657793811604;4.0;91.54825351537937;2662.046232026835;0.009300617429481746;74411.05950901961;0.0;0.0;90.10928099343101;240.4481340767874;1.1212030596800753;8930.143322948741;0.5970328244201899;0.23507990740280543;148.79690029924728;335.5649739515762;1.0893006174294824;74411.05950901961;0.6145181768406618;0.24850185990993756;91.54825351537937;2662.046232026835;0.031902442250593015;74411.05950901961;0.0;0.0;103.9891598299563;240.4481340767874;1.1212030596800753;74411.05950901961;0.5970328244201899;0.23507990740280543;144.46821714232965;321.96194725506683;1.1212030596800753;74411.05950901961;0.5970328244201899;0.23507990740280543;137.72662052007803;315.5300553051431;1.0800000000000005;74411.05950901961;0.6198102124716238;0.2527082294370602;93.88794969769413;230.9064101738981;1.0800000000000005;74411.05950901961;0.6198102124716238;0.2527082294370602;93.86789659571104;230.86830165484594;1.0800000000000005;8930.143322948741;0.6198102124716238;0.2527082294370602;90.10928099343101;2668.761005974077;0.04120305968007476;8930.143322948741;0.0;0.0;43.61047397863871;182.62565775776983;0.04120305968007476;8930.143322948741;0.0;0.0;43.612540314568434;182.6917502133712;0.04120305968007476;74411.05950901961;0.0;0.0;"Zustand 3: Temperatur 417.618 K liegt außerhalb des Boryta-Prüfbereichs; Kristallisation wurde nicht bewertet.";"Zustand 4: Temperatur 410.877 K liegt außerhalb des Boryta-Prüfbereichs; Kristallisation wurde nicht bewertet.";Zustand 5: Kristallisationsprüfung bestanden (w_LiBr=0.6198 <= w_crit=0.6914, T=367.04 K >= T_crit=303.57 K).;Zustand 6: Kristallisationsprüfung bestanden (w_LiBr=0.6198 <= w_crit=0.6914, T=367.02 K >= T_crit=303.57 K).;"Zustand 20: Temperatur 421.947 K liegt außerhalb des Boryta-Prüfbereichs; Kristallisation wurde nicht bewertet.";5
series_evaporator_to_desorber;Serie Verdampfer → Desorber;series_evaporator_to_desorber;nan;100.0;30.0;100.0;8.0;8.0;4.0;100.0;1.0900000000000007;Abwärmetemperatur [°C];hot_temperature_C;100.0;10.0;10.0;25.0;15.0;11.0;nan;nan;1.2830487151581847e-22;`gtol` termination condition is satisfied.;4;4.648859473653339e-10;1.6019043137205072e-11;1;True;;True;0;zulässig;feasible;True;True;True;91.53893848069526;104.02666507325353;137.65005095570837;43.625859304645815;0.2282025507946409;0.24838540154595543;0.23511542653035314;0.252600821982526;89.28460638660863;102.55217756066124;89.52295277311316;102.26958231202686;92.1230026036672;0.4655270151519383;26.424375549067918;40.3399884202517;0.002724934883909644;0.04152392717075361;8.928460638617157;10.255217756056572;3.5809181109234807;6.817972154132476;8.374818418509719;90.13865076678144;0.010124874466369413;2668.8158968081175;240.54067203611655;215.70321407155012;0.011453762135972934;1.1197960300483676;0.6031875415855732;0.23972304899421473;-7.52180540075642e-11;6.02966565566021e-11;6.428990673157386e-11;1.671029981054062e-11;2.6147972675971687e-11;9.551115454087267e-11;3.97193389289896e-11;4.3706904762075283e-10;-7.521805400756421e-13;6.02966565566021e-13;6.428990673157387e-13;1.5330550284899638e-11;2.6147972675971685e-13;9.551115454087266e-13;3.97193389289896e-13;4.370690476207528e-12;140.3399884202517;96.94169909353985;94.26457730008553;100.0;96.94169909353985;36.133503442623294;8.408905089562495;9.468988696368001;54.005147324158145;13.625859304645815;3.0861576580456926;4.125926533304096;8.461061519304735;53.31377382390383;6.818937740659635;10.15108199013838;4.0;1.0900000000000007;74384.99357152655;8937.281701127364;8.322999773202124;3.0861576580456926;deltaT_des_1_K;desorber;True;True;True;True;True;True;True;True;91.53893848069526;2662.0311277479545;0.04124979218433977;74384.99357152655;0.0;0.0;135.0;4.0;140.3399884202517;4.0;96.94169909353985;8.0;94.26457730008553;8.0;100.0;8.0;96.94169909353985;8.0;30.0;4.0;36.133503442623294;4.0;91.53893848069526;2662.0311277479545;0.009413307796215178;74384.99357152655;0.0;0.0;90.13865076678144;240.54067203610524;1.1312497921843405;8937.281701127364;0.5970803434473413;0.23511542653035314;148.7488935098142;335.423883983076;1.0994133077962158;74384.99357152655;0.6143704188731252;0.24838540154595543;91.53893848069526;2662.0311277479545;0.03183648438812459;74384.99357152655;0.0;0.0;104.02666507325353;240.54067203610524;1.1312497921843405;74384.99357152655;0.5970803434473413;0.23511542653035314;144.468988696368;321.97538543020545;1.1312497921843405;74384.99357152655;0.5970803434473413;0.23511542653035314;137.65005095570837;315.33115911482065;1.0900000000000007;74384.99357152655;0.619676160038678;0.252600821982526;93.87558308311515;230.8146429645983;1.0900000000000007;74384.99357152655;0.619676160038678;0.252600821982526;93.85554143549416;230.7765476185701;1.0900000000000007;8937.281701127364;0.619676160038678;0.252600821982526;90.13865076678144;2668.8158968081175;0.04124979218433977;8937.281701127364;0.0;0.0;43.625859304645815;182.6899764066437;0.04124979218433977;8937.281701127364;0.0;0.0;43.62792526963602;182.75603576693652;0.04124979218433977;74384.99357152655;0.0;0.0;"Zustand 3: Temperatur 417.619 K liegt außerhalb des Boryta-Prüfbereichs; Kristallisation wurde nicht bewertet.";"Zustand 4: Temperatur 410.800 K liegt außerhalb des Boryta-Prüfbereichs; Kristallisation wurde nicht bewertet.";Zustand 5: Kristallisationsprüfung bestanden (w_LiBr=0.6197 <= w_crit=0.6914, T=367.03 K >= T_crit=303.53 K).;Zustand 6: Kristallisationsprüfung bestanden (w_LiBr=0.6197 <= w_crit=0.6914, T=367.01 K >= T_crit=303.53 K).;"Zustand 20: Temperatur 421.899 K liegt außerhalb des Boryta-Prüfbereichs; Kristallisation wurde nicht bewertet.";5
