config_case_key;config_case_label;config_routing_mode;input_fixed_T13_C;input_fixed_T15_C;input_fixed_T17_C;input_fixed_hot_C;input_fixed_m13_kg_s;input_fixed_m15_kg_s;input_fixed_m17_kg_s;input_hot_variation_C;input_m6_kg_s;input_outer_variation_label;input_outer_variation_mode;input_outer_variation_value;input_scaled_UA_abs;input_scaled_UA_cond;input_scaled_UA_des;input_scaled_UA_evap;input_scaled_UA_shex;input_ua_scale_factor;input_ua_scale_percent;solve_cost;solve_message;solve_nfev;solve_raw_residual_norm;solve_scaled_residual_norm;solve_status;solve_success;status_final_evaluation_error;status_final_point_evaluable;failure_code;failure_label;failure_reason;feasible_margin;feasible_numeric;feasible_physical;primary_T10_C;primary_T2_C;primary_T4_C;primary_T8_C;primary_beta;primary_x20;primary_x3;primary_x6;heat_Q_abs_kW;heat_Q_cond_kW;heat_Q_des_kW;heat_Q_evap_kW;heat_Q_shex_kW;kpi_COP;kpi_FR;kpi_GTL_K;pump_W_ref_pump_kW;pump_W_sol_pump_kW;lmtd_LMTD_abs_K;lmtd_LMTD_cond_K;lmtd_LMTD_des_K;lmtd_LMTD_evap_K;lmtd_LMTD_shex_K;flash_T1_C;flash_flash_fraction;flash_h1_flash_kJ_kg;flash_h1_mix_kJ_kg;flash_h1_sol_kJ_kg;flash_m1_flash_kg_s;flash_m1_sol_kg_s;flash_w1_LiBr;flash_x1_LiBr_mol;residual_raw_R1_SHEX_energy;residual_raw_R2_SHEX_UA;residual_raw_R3_preabs_energy;residual_raw_R4_preabs_LiBr;residual_raw_R5_desorber_UA;residual_raw_R6_condenser_UA;residual_raw_R7_evaporator_UA;residual_raw_R8_absorber_UA;residual_scaled_R1_SHEX_energy;residual_scaled_R2_SHEX_UA;residual_scaled_R3_preabs_energy;residual_scaled_R4_preabs_LiBr;residual_scaled_R5_desorber_UA;residual_scaled_R6_condenser_UA;residual_scaled_R7_evaporator_UA;residual_scaled_R8_absorber_UA;diagnostic_T12_C;diagnostic_T13_C;diagnostic_T14_C;diagnostic_T15_C;diagnostic_T16_C;diagnostic_T18_C;diagnostic_deltaT_abs_1_K;diagnostic_deltaT_abs_2_K;diagnostic_deltaT_cond_1_K;diagnostic_deltaT_cond_2_K;diagnostic_deltaT_des_1_K;diagnostic_deltaT_des_2_K;diagnostic_deltaT_evap_1_K;diagnostic_deltaT_evap_2_K;diagnostic_deltaT_shex_1_K;diagnostic_deltaT_shex_2_K;diagnostic_m11_kg_s;diagnostic_m6_kg_s;diagnostic_p_high_Pa;diagnostic_p_low_Pa;diagnostic_pressure_ratio_high_over_low;pinch_deltaT_min_global_K;pinch_limiting_key;pinch_limiting_unit;check_beta_in_0_1;check_crystallization_safe_all_checked_states;check_desorber_evaporator_temperature_coupling_ok;check_m21_nonnegative;check_m7_positive;check_p_high_gt_p_low;check_w6_gt_w20_gt_w3;check_w6_gt_w3;state_10_T_C;state_10_h_kJ_kg;state_10_m_kg_s;state_10_p_Pa;state_10_w_LiBr;state_10_x_LiBr_mol;state_11_T_C;state_11_m_kg_s;state_12_T_C;state_12_m_kg_s;state_13_T_C;state_13_m_kg_s;state_14_T_C;state_14_m_kg_s;state_15_T_C;state_15_m_kg_s;state_16_T_C;state_16_m_kg_s;state_17_T_C;state_17_m_kg_s;state_18_T_C;state_18_m_kg_s;state_19_T_C;state_19_h_kJ_kg;state_19_m_kg_s;state_19_p_Pa;state_19_w_LiBr;state_19_x_LiBr_mol;state_1_T_C;state_1_h_kJ_kg;state_1_m_kg_s;state_1_p_Pa;state_1_w_LiBr;state_1_x_LiBr_mol;state_20_T_C;state_20_h_kJ_kg;state_20_m_kg_s;state_20_p_Pa;state_20_w_LiBr;state_20_x_LiBr_mol;state_21_T_C;state_21_h_kJ_kg;state_21_m_kg_s;state_21_p_Pa;state_21_w_LiBr;state_21_x_LiBr_mol;state_2_T_C;state_2_h_kJ_kg;state_2_m_kg_s;state_2_p_Pa;state_2_w_LiBr;state_2_x_LiBr_mol;state_3_T_C;state_3_h_kJ_kg;state_3_m_kg_s;state_3_p_Pa;state_3_w_LiBr;state_3_x_LiBr_mol;state_4_T_C;state_4_h_kJ_kg;state_4_m_kg_s;state_4_p_Pa;state_4_w_LiBr;state_4_x_LiBr_mol;state_5_T_C;state_5_h_kJ_kg;state_5_m_kg_s;state_5_p_Pa;state_5_w_LiBr;state_5_x_LiBr_mol;state_6_T_C;state_6_h_kJ_kg;state_6_m_kg_s;state_6_p_Pa;state_6_w_LiBr;state_6_x_LiBr_mol;state_7_T_C;state_7_h_kJ_kg;state_7_m_kg_s;state_7_p_Pa;state_7_w_LiBr;state_7_x_LiBr_mol;state_8_T_C;state_8_h_kJ_kg;state_8_m_kg_s;state_8_p_Pa;state_8_w_LiBr;state_8_x_LiBr_mol;state_9_T_C;state_9_h_kJ_kg;state_9_m_kg_s;state_9_p_Pa;state_9_w_LiBr;state_9_x_LiBr_mol;validity_message_1;validity_message_2;validity_message_3;validity_message_4;validity_message_5;validity_message_count
series_desorber_to_evaporator;Serie Desorber → Verdampfer;series_desorber_to_evaporator;140.0;nan;30.0;140.0;8.0;8.0;4.0;140.0;0.4;Abwärmetemperatur [°C];hot_temperature_C;140.0;10.0;10.0;25.0;15.0;11.0;nan;nan;4.314411988541639e-21;`gtol` termination condition is satisfied.;6;9.289145874788893e-09;9.289146342416659e-11;1;True;;True;0;zulässig;feasible_but_near_limit_shex;False;True;True;110.36801530163257;143.37574671735365;154.00162896152898;64.64354833313655;0.08865761850763734;0.30250817048799467;0.19959333777736937;0.31848363701381865;270.5502454303087;260.73741410036644;271.060864557479;260.18780331201646;11.816474387112564;0.5092723272423735;3.7217332934135725;19.2871218725507;0.013207349201720618;0.02578431197779698;27.055024543030875;26.0737414100365;10.842434582299251;17.345853554134383;1.0742249451274282;105.68723526044101;0.031907329266357226;2696.6108595217;312.6888694460927;234.11727585577202;0.016192229482697273;0.49128457459348096;0.5638939771224971;0.21148755944153327;-1.8474111129762605e-13;-9.289145452839875e-09;-2.5579538487363607e-13;-2.9476421303797906e-14;-2.2737367544323206e-12;1.4210854715202004e-12;7.389644451905042e-13;-5.684341886080802e-14;-1.8474111129762605e-15;-9.289145452839875e-11;-2.5579538487363606e-15;-2.9476421303797906e-14;-2.2737367544323207e-14;1.4210854715202004e-14;7.389644451905042e-15;-5.684341886080802e-16;151.18123477453997;140.0;131.89411290198927;131.89411290198927;124.11337715701268;45.59434294858653;37.08934022955333;19.017746981562823;60.092892311854484;34.64354833313655;3.1151050937476725;26.20687764154826;21.526097600356707;59.46435625146978;0.01611802003384355;6.4533159003352125;4.0;0.4;145160.21755893013;24645.044887260385;5.890036647243719;0.01611802003384355;deltaT_shex_1_K;shex;True;True;True;True;True;True;True;True;110.36801530163257;2691.619983176251;0.10747680407617821;145160.21755893013;0.0;0.0;135.0;4.0;151.18123477453997;4.0;140.0;8.0;131.89411290198927;8.0;131.89411290198927;8.0;124.11337715701268;8.0;30.0;4.0;45.59434294858653;4.0;110.36801530163257;2691.619983176251;0.00952863749420589;145160.21755893013;0.0;0.0;105.68723526044101;312.6888694460945;0.5074768040761782;24645.044887260385;0.5459016263231339;0.19959333777736937;188.2705750040933;433.20493177748995;0.4095286374942059;145160.21755893013;0.6764665210266304;0.30250817048799467;110.36801530163257;2691.619983176251;0.09794816658197232;145160.21755893013;0.0;0.0;143.37574671735365;312.6888694460945;0.5074768040761782;145160.21755893013;0.5459016263231339;0.19959333777736937;154.01774698156282;335.97362707875817;0.5074768040761782;145160.21755893013;0.5459016263231339;0.19959333777736937;154.00162896152898;379.4058859368965;0.4;145160.21755893013;0.6925810316661302;0.31848363701381865;136.92243081701844;349.8646999691146;0.4;145160.21755893013;0.6925810316661302;0.31848363701381865;136.88489490625233;349.8002391891701;0.4;24645.044887260385;0.6925810316661302;0.31848363701381865;105.68723526044101;2696.6108595217;0.10747680407617821;24645.044887260385;0.0;0.0;64.64354833313655;270.6230722819619;0.10747680407617821;24645.044887260385;0.0;0.0;64.6490209055429;270.74595786006637;0.10747680407617821;145160.21755893013;0.0;0.0;"Zustand 3: Temperatur 427.168 K liegt außerhalb des Boryta-Prüfbereichs; Kristallisation wurde nicht bewertet.";"Zustand 4: Temperatur 427.152 K liegt außerhalb des Boryta-Prüfbereichs; Kristallisation wurde nicht bewertet.";"Zustand 5: Temperatur 410.072 K liegt außerhalb des Boryta-Prüfbereichs; Kristallisation wurde nicht bewertet.";"Zustand 6: Temperatur 410.035 K liegt außerhalb des Boryta-Prüfbereichs; Kristallisation wurde nicht bewertet.";"Zustand 20: Temperatur 461.421 K liegt außerhalb des Boryta-Prüfbereichs; Kristallisation wurde nicht bewertet.";5
series_desorber_to_evaporator;Serie Desorber → Verdampfer;series_desorber_to_evaporator;140.0;nan;30.0;140.0;8.0;8.0;4.0;140.0;0.41000000000000003;Abwärmetemperatur [°C];hot_temperature_C;140.0;10.0;10.0;25.0;15.0;11.0;nan;nan;3.383972659852138e-17;`xtol` termination condition is satisfied.;5;8.209981647604165e-07;8.226752287327166e-09;3;True;;True;0;zulässig;feasible_but_near_limit_shex;False;True;True;110.2948678239606;143.3178943191781;154.32617574622572;64.73625328079305;0.08917885215318871;0.30186005251053455;0.2007556342923528;0.31751665920819355;271.2516761498342;261.43513848132636;271.86652972656293;260.7807307432133;12.466181027915347;0.5092519877237325;3.805318928230955;19.35316632853562;0.01319051495567537;0.026363646999320294;27.1251676147397;26.143513848177033;10.874661189067194;17.38538204954689;1.1332892589916463;106.13394246736027;0.031365317515424554;2697.460321833617;312.61026300967103;235.38653700202508;0.016239202622349902;0.501504723112307;0.5654356987033172;0.21253534002634195;5.706617400846881e-10;-8.20992763550521e-07;-1.45482204061409e-09;-5.250543888557502e-10;-1.1692691259668209e-10;-4.439471013029106e-10;9.947598300641403e-12;2.4372184270760044e-09;5.7066174008468806e-12;-8.20992763550521e-09;-1.45482204061409e-11;-5.250543888557502e-10;-1.1692691259668209e-12;-4.439471013029106e-12;9.947598300641403e-14;2.4372184270760044e-11;151.22318637259775;140.0;131.87002004406213;131.87002004406213;124.07155321561675;45.63607287567743;36.752058656443126;19.34697906099325;60.49786959168284;34.73625328079305;3.256912873419992;25.73607757670186;21.57515222010153;59.3298408903193;0.02080331476753372;6.537428246512377;4.0;0.41000000000000003;144804.68055889333;24747.662919628387;5.851246682531901;0.02080331476753372;deltaT_shex_1_K;shex;True;True;True;True;True;True;True;True;110.2948678239606;2691.5090144277915;0.10774392573465685;144804.68055889333;0.0;0.0;135.0;4.0;151.22318637259775;4.0;140.0;8.0;131.87002004406213;8.0;131.87002004406213;8.0;124.07155321561675;8.0;30.0;4.0;45.63607287567743;4.0;110.2948678239606;2691.5090144277915;0.009608479623495108;144804.68055889333;0.0;0.0;106.13394246736027;312.61026300967137;0.5177439257346569;24747.662919628387;0.5477006284789318;0.2007556342923528;187.97524502904088;432.3970866711041;0.4196084796234951;144804.68055889333;0.6757934784719195;0.30186005251053455;110.2948678239606;2691.5090144277915;0.09813544611116175;144804.68055889333;0.0;0.0;143.3178943191781;312.61026300967137;0.5177439257346569;144804.68055889333;0.5477006284789318;0.2007556342923528;154.34697906099325;336.6881524995893;0.5177439257346569;144804.68055889333;0.5477006284789318;0.2007556342923528;154.32617574622572;379.45408441134873;0.41000000000000003;144804.68055889333;0.6916309110146852;0.31751665920819355;136.78046607266572;349.04876483245926;0.41000000000000003;144804.68055889333;0.6916309110146852;0.31751665920819355;136.74308712658;348.9844632544121;0.41000000000000003;24747.662919628387;0.6916309110146852;0.31751665920819355;106.13394246736027;2697.460321833617;0.10774392573465685;24747.662919628387;0.0;0.0;64.73625328079305;271.011343863685;0.10774392573465685;24747.662919628387;0.0;0.0;64.74171232529744;271.1337685374263;0.10774392573465685;144804.68055889333;0.0;0.0;"Zustand 3: Temperatur 427.497 K liegt außerhalb des Boryta-Prüfbereichs; Kristallisation wurde nicht bewertet.";"Zustand 4: Temperatur 427.476 K liegt außerhalb des Boryta-Prüfbereichs; Kristallisation wurde nicht bewertet.";"Zustand 5: Temperatur 409.930 K liegt außerhalb des Boryta-Prüfbereichs; Kristallisation wurde nicht bewertet.";"Zustand 6: Temperatur 409.893 K liegt außerhalb des Boryta-Prüfbereichs; Kristallisation wurde nicht bewertet.";"Zustand 20: Temperatur 461.125 K liegt außerhalb des Boryta-Prüfbereichs; Kristallisation wurde nicht bewertet.";5
series_desorber_to_evaporator;Serie Desorber → Verdampfer;series_desorber_to_evaporator;140.0;nan;30.0;140.0;8.0;8.0;4.0;140.0;0.42000000000000004;Abwärmetemperatur [°C];hot_temperature_C;140.0;10.0;10.0;25.0;15.0;11.0;nan;nan;5.2400330481394855e-18;`xtol` termination condition is satisfied.;5;3.2333163149737575e-07;3.2372930198360126e-09;3;True;;True;0;zulässig;feasible_but_near_limit_shex;False;True;True;110.22580410474478;143.25499021901663;154.6395513979851;64.82406821849548;0.08968559529426029;0.3012281631612394;0.20187740106573776;0.31657769295137245;271.9111532661022;262.09605922662263;272.6261548509923;261.3409388801671;13.124933936730342;0.5092282960099475;3.8890167708569123;19.415324802129078;0.013174431688748852;0.026944330076435537;27.191115326537716;26.209605922674566;10.905046194041159;17.422729258678366;1.1931758418237042;106.56190413772418;0.030842214571315245;2698.2743055592687;312.53290950429306;236.60972222241037;0.016284579762212537;0.5117118688896293;0.566913203023181;0.2135438408638776;1.9979573551154317e-10;-3.2333040422827253e-07;-4.3098680180264637e-10;-1.6041906691910413e-10;-3.666400516522117e-11;-1.2300915841478854e-10;-8.412825991399586e-12;7.250378075696062e-10;1.9979573551154317e-12;-3.2333040422827255e-09;-4.309868018026463e-12;-1.6041906691910413e-10;-3.666400516522117e-13;-1.2300915841478855e-12;-8.412825991399586e-14;7.250378075696062e-12;151.2626287838578;140.0;131.84730398172871;131.84730398172871;124.0320845176089;45.67560162838652;36.42748718450349;19.665991206610556;60.88630250933767;34.82406821849548;3.397758043327542;25.28539984400453;21.621499876983933;59.2025700551992;0.026439808625468686;6.6155178369153305;4.0;0.42000000000000004;144469.65030388738;24845.20225413837;5.8147906717009565;0.026439808625468686;deltaT_shex_1_K;shex;True;True;True;True;True;True;True;True;110.22580410474478;2691.404210069753;0.10799644865184177;144469.65030388738;0.0;0.0;135.0;4.0;151.2626287838578;4.0;140.0;8.0;131.84730398172871;8.0;131.84730398172871;8.0;124.0320845176089;8.0;30.0;4.0;45.67560162838652;4.0;110.22580410474478;2691.404210069753;0.009685725787006444;144469.65030388738;0.0;0.0;106.56190413772418;312.5329095042922;0.5279964486518418;24845.20225413837;0.5494283443722285;0.20187740106573776;187.69011596836128;431.61419838942885;0.4296857257870065;144469.65030388738;0.6751357966250349;0.3012281631612394;110.22580410474478;2691.404210069753;0.09831072286483533;144469.65030388738;0.0;0.0;143.25499021901663;312.5329095042922;0.5279964486518418;144469.65030388738;0.5494283443722285;0.20187740106573776;154.66599120661056;337.39090612575217;0.5279964486518418;144469.65030388738;0.5494283443722285;0.20187740106573776;154.6395513979851;379.50061174708907;0.42000000000000004;144469.65030388738;0.69070527289809;0.31657769295137245;136.6394723821013;348.25076904106396;0.42000000000000004;144469.65030388738;0.69070527289809;0.31657769295137245;136.60224195667246;348.1866158742153;0.42000000000000004;24845.20225413837;0.69070527289809;0.31657769295137245;106.56190413772418;2698.2743055592687;0.10799644865184177;24845.20225413837;0.0;0.0;64.82406821849548;271.3791391120264;0.10799644865184177;24845.20225413837;0.0;0.0;64.82951446240969;271.5011286019884;0.10799644865184177;144469.65030388738;0.0;0.0;"Zustand 3: Temperatur 427.816 K liegt außerhalb des Boryta-Prüfbereichs; Kristallisation wurde nicht bewertet.";"Zustand 4: Temperatur 427.790 K liegt außerhalb des Boryta-Prüfbereichs; Kristallisation wurde nicht bewertet.";"Zustand 5: Temperatur 409.789 K liegt außerhalb des Boryta-Prüfbereichs; Kristallisation wurde nicht bewertet.";"Zustand 6: Temperatur 409.752 K liegt außerhalb des Boryta-Prüfbereichs; Kristallisation wurde nicht bewertet.";"Zustand 20: Temperatur 460.840 K liegt außerhalb des Boryta-Prüfbereichs; Kristallisation wurde nicht bewertet.";5
series_desorber_to_evaporator;Serie Desorber → Verdampfer;series_desorber_to_evaporator;140.0;nan;30.0;140.0;8.0;8.0;4.0;140.0;0.43000000000000005;Abwärmetemperatur [°C];hot_temperature_C;140.0;10.0;10.0;25.0;15.0;11.0;nan;nan;8.562879257999711e-19;`gtol` termination condition is satisfied.;5;1.307663053154137e-07;1.3086542139159381e-09;1;True;;True;0;zulässig;feasible_but_near_limit_shex;False;True;True;110.16054764627478;143.18762806836213;154.94203584175511;64.90732245843782;0.0901790942137609;0.3006118833840352;0.2029605253025421;0.31566560666739774;272.53140658874815;262.72265483480976;273.3426626785803;261.87071333010425;13.792169449598482;0.5092014116334902;3.9728229068403005;19.47384796220325;0.013159068662756243;0.027526346282605606;27.253140658852804;26.272265483484965;10.93370650714373;17.458047555340976;1.2538335982149544;106.97216088713742;0.03033714948024259;2699.054769820265;312.45671844778224;237.7889287155743;0.01632852720156519;0.5219068535549336;0.5683301450217313;0.21451504092998774;7.199396634405275e-11;-1.3076601668160492e-07;-1.31905153466505e-10;-5.092593013955593e-11;-1.2960299500264227e-11;-3.9904080040287226e-11;-1.0402345651527867e-11;2.2009771782904863e-10;7.199396634405275e-13;-1.3076601668160492e-09;-1.3190515346650499e-12;-5.092593013955593e-11;-1.2960299500264226e-13;-3.9904080040287224e-13;-1.0402345651527867e-13;2.2009771782904863e-12;151.29972527444664;140.0;131.8258773122434;131.8258773122434;123.99481531074508;45.71307744227329;36.11491843928138;19.97516547371191;61.25908344486413;34.90732245843782;3.5374980872417723;24.853716425105972;21.665329665968613;59.08205872804598;0.03312963195679686;6.688036378562572;4.0;0.43000000000000005;144153.67506133943;24937.976921511166;5.780487948763573;0.03312963195679686;deltaT_shex_1_K;shex;True;True;True;True;True;True;True;True;110.16054764627478;2691.3051556905766;0.10823538075649874;144153.67506133943;0.0;0.0;135.0;4.0;151.29972527444664;4.0;140.0;8.0;131.8258773122434;8.0;131.8258773122434;8.0;123.99481531074508;8.0;30.0;4.0;45.71307744227329;4.0;110.16054764627478;2691.3051556905766;0.009760568598502583;144153.67506133943;0.0;0.0;106.97216088713742;312.4567184477826;0.5382353807564988;24937.976921511166;0.551088628458079;0.2029605253025421;187.41464371372803;430.8550623342903;0.43976056859850265;144153.67506133943;0.6744929377477769;0.3006118833840352;110.16054764627478;2691.3051556905766;0.09847481215799617;144153.67506133943;0.0;0.0;143.18762806836213;312.4567184477826;0.5382353807564988;144153.67506133943;0.551088628458079;0.2029605253025421;154.9751654737119;338.0815100217095;0.5382353807564988;144153.67506133943;0.551088628458079;0.2029605253025421;154.94203584175511;379.5451130323659;0.43000000000000005;144153.67506133943;0.689803250624909;0.31566560666739774;136.49959168979956;347.4703003590485;0.43000000000000005;144153.67506133943;0.689803250624909;0.31566560666739774;136.46250191275823;347.40628560025175;0.43000000000000005;24937.976921511166;0.689803250624909;0.31566560666739774;106.97216088713742;2699.054769820265;0.10823538075649874;24937.976921511166;0.0;0.0;64.90732245843782;271.72783662577723;0.10823538075649874;24937.976921511166;0.0;0.0;64.9127565826991;271.8494148802332;0.10823538075649874;144153.67506133943;0.0;0.0;"Zustand 3: Temperatur 428.125 K liegt außerhalb des Boryta-Prüfbereichs; Kristallisation wurde nicht bewertet.";"Zustand 4: Temperatur 428.092 K liegt außerhalb des Boryta-Prüfbereichs; Kristallisation wurde nicht bewertet.";"Zustand 5: Temperatur 409.650 K liegt außerhalb des Boryta-Prüfbereichs; Kristallisation wurde nicht bewertet.";"Zustand 6: Temperatur 409.613 K liegt außerhalb des Boryta-Prüfbereichs; Kristallisation wurde nicht bewertet.";"Zustand 20: Temperatur 460.565 K liegt außerhalb des Boryta-Prüfbereichs; Kristallisation wurde nicht bewertet.";5
series_desorber_to_evaporator;Serie Desorber → Verdampfer;series_desorber_to_evaporator;140.0;nan;30.0;140.0;8.0;8.0;4.0;140.0;0.44000000000000006;Abwärmetemperatur [°C];hot_temperature_C;140.0;10.0;10.0;25.0;15.0;11.0;nan;nan;1.5734387662457495e-19;`gtol` termination condition is satisfied.;5;5.607038798398054e-08;5.609703675321451e-10;1;True;;True;0;zulässig;feasible_but_near_limit_shex;False;True;True;110.09884341856412;143.116365829588;155.2338985954554;64.98632075988809;0.09066055351316679;0.3000106204270427;0.2040067847345326;0.31477932873079933;273.1149445832451;263.31721901285215;274.0187462917026;262.3721632319107;14.467336377089719;0.5091714638225462;4.05673329224028;19.528966371357456;0.013144395666501375;0.02810967684500208;27.311494458317483;26.331721901286436;10.960749851668206;17.491477548794407;1.3152124030145487;107.36568742548974;0.029849312315614766;2699.8035504152294;312.3816572060917;238.92615939097345;0.01637120318342067;0.532090450147754;0.5696899234179995;0.21545079960360256;2.759747985692229e-11;-5.6070316389877917e-08;-4.297362465877086e-11;-1.7289947251697413e-11;-2.5579538487363607e-12;-1.2221335055073723e-11;-5.4001247917767614e-12;7.02584657119587e-11;2.7597479856922294e-13;-5.607031638987792e-10;-4.2973624658770857e-13;-1.7289947251697413e-11;-2.5579538487363607e-14;-1.2221335055073723e-13;-5.400124791776761e-14;7.02584657119587e-13;151.33462587220367;140.0;131.80565950084622;131.80565950084622;123.95960198793023;45.748637500768666;35.81369409762988;20.274870333715285;61.61704992472107;34.98632075988809;3.6760077245567686;24.43997207535648;21.706816082282103;58.96785858545701;0.040971738259884205;6.755417080344216;4.0;0.44000000000000006;143855.422819961;25026.280614425395;5.748174290711074;0.040971738259884205;deltaT_shex_1_K;shex;True;True;True;True;True;True;True;True;110.09884341856412;2691.2114687287235;0.10846165333117463;143855.422819961;0.0;0.0;135.0;4.0;151.33462587220367;4.0;140.0;8.0;131.80565950084622;8.0;131.80565950084622;8.0;123.95960198793023;8.0;30.0;4.0;45.748637500768666;4.0;110.09884341856412;2691.2114687287235;0.009833193525957504;143855.422819961;0.0;0.0;107.36568742548974;312.38165720609226;0.5484616533311747;25026.280614425395;0.552685070970837;0.2040067847345326;187.14831996983355;430.1185456202852;0.4498331935259576;143855.422819961;0.673864383900609;0.3000106204270427;110.09884341856412;2691.2114687287235;0.09862845980521713;143855.422819961;0.0;0.0;143.116365829588;312.38165720609226;0.5484616533311747;143855.422819961;0.552685070970837;0.2040067847345326;155.27487033371528;338.75968434658586;0.5484616533311747;143855.422819961;0.552685070970837;0.2040067847345326;155.2338985954554;379.58726313587334;0.44000000000000006;143855.422819961;0.6889240177184609;0.31477932873079933;136.3609487492438;346.7069531880049;0.44000000000000006;143855.422819961;0.6889240177184609;0.31477932873079933;136.32399227544323;346.6430675588117;0.44000000000000006;25026.280614425395;0.6889240177184609;0.31477932873079933;107.36568742548974;2699.8035504152294;0.10846165333117463;25026.280614425395;0.0;0.0;64.98632075988809;272.0587122571327;0.10846165333117463;25026.280614425395;0.0;0.0;64.99174340247322;272.17990159237513;0.10846165333117463;143855.422819961;0.0;0.0;"Zustand 3: Temperatur 428.425 K liegt außerhalb des Boryta-Prüfbereichs; Kristallisation wurde nicht bewertet.";"Zustand 4: Temperatur 428.384 K liegt außerhalb des Boryta-Prüfbereichs; Kristallisation wurde nicht bewertet.";"Zustand 5: Temperatur 409.511 K liegt außerhalb des Boryta-Prüfbereichs; Kristallisation wurde nicht bewertet.";"Zustand 6: Temperatur 409.474 K liegt außerhalb des Boryta-Prüfbereichs; Kristallisation wurde nicht bewertet.";"Zustand 20: Temperatur 460.298 K liegt außerhalb des Boryta-Prüfbereichs; Kristallisation wurde nicht bewertet.";5
series_desorber_to_evaporator;Serie Desorber → Verdampfer;series_desorber_to_evaporator;140.0;nan;30.0;140.0;8.0;8.0;4.0;140.0;0.45000000000000007;Abwärmetemperatur [°C];hot_temperature_C;140.0;10.0;10.0;25.0;15.0;11.0;nan;nan;5.0934708171368373e-20;`gtol` termination condition is satisfied.;5;3.190666670598408e-08;3.1916988633443594e-10;1;True;;True;0;zulässig;feasible_but_near_limit_shex;False;True;True;110.04045590081074;143.04172640688336;155.51539996666054;65.06134550436587;0.09113113991556451;0.29942380798272605;0.20501785453937724;0.3139178420195404;273.6640747301117;263.8818770461672;274.65688955526235;262.8472375381668;15.149896754270683;0.5091385552887918;4.140743771812833;19.580892315056417;0.013130383176865502;0.028694299687056182;27.366407473008117;26.388187704617284;10.986275582210665;17.523149169211507;1.3772633441979385;107.74339694309509;0.02937794822822814;2700.5223679284527;312.3077383187584;240.0233248145534;0.016412758363590574;0.5422633695975918;0.5709957009806976;0.21635286428783612;1.4122036873231991e-11;-3.1906640884926674e-08;-1.9127810446661897e-11;-8.116951555336982e-12;-4.263256414560601e-12;-5.6843418860808015e-12;-5.8548721426632255e-12;3.0524915928253904e-11;1.412203687323199e-13;-3.1906640884926676e-10;-1.9127810446661898e-13;-8.116951555336982e-12;-4.263256414560601e-14;-5.684341886080802e-14;-5.854872142663226e-14;3.0524915928253905e-13;151.36746858433685;140.0;131.78657626928043;131.78657626928043;123.92631198883288;45.782408914244456;35.52320117108218;20.56546033367141;61.960988028850636;35.061345504365875;3.813177459299709;24.04317932618534;21.74612036846969;58.85955472557856;0.05006036701087169;6.818073837104237;4.0;0.45000000000000007;143573.66958487008;25110.38818484692;5.717700121876684;0.05006036701087169;deltaT_shex_1_K;shex;True;True;True;True;True;True;True;True;110.04045590081074;2691.1227956029793;0.10867612796118231;143573.66958487008;0.0;0.0;135.0;4.0;151.36746858433685;4.0;140.0;8.0;131.78657626928043;8.0;131.78657626928043;8.0;123.92631198883288;8.0;30.0;4.0;45.782408914244456;4.0;110.04045590081074;2691.1227956029793;0.009903779422712297;143573.66958487008;0.0;0.0;107.74339694309509;312.3077383187579;0.5586761279611824;25110.38818484692;0.5542210188387459;0.20501785453937724;186.89066975541903;429.4035830308016;0.4599037794227124;143573.66958487008;0.6732496376444388;0.29942380798272605;110.04045590081074;2691.1227956029793;0.09877234853847001;143573.66958487008;0.0;0.0;143.04172640688336;312.3077383187579;0.5586761279611824;143573.66958487008;0.5542210188387459;0.20501785453937724;155.5654603336714;339.4252326880955;0.5586761279611824;143573.66958487008;0.5542210188387459;0.20501785453937724;155.51539996666054;379.6267648142582;0.45000000000000007;143573.66958487008;0.6880667840878488;0.3139178420195404;136.22365256977912;345.96032758257695;0.45000000000000007;143573.66958487008;0.6880667840878488;0.3139178420195404;136.1868225407003;345.8965624721613;0.45000000000000007;25110.38818484692;0.6880667840878488;0.3139178420195404;107.74339694309509;2700.5223679284527;0.10867612796118231;25110.38818484692;0.0;0.0;65.06134550436587;272.3729482102388;0.10867612796118231;25110.38818484692;0.0;0.0;65.06675726325432;272.49376943770795;0.10867612796118231;143573.66958487008;0.0;0.0;"Zustand 3: Temperatur 428.715 K liegt außerhalb des Boryta-Prüfbereichs; Kristallisation wurde nicht bewertet.";"Zustand 4: Temperatur 428.665 K liegt außerhalb des Boryta-Prüfbereichs; Kristallisation wurde nicht bewertet.";"Zustand 5: Temperatur 409.374 K liegt außerhalb des Boryta-Prüfbereichs; Kristallisation wurde nicht bewertet.";"Zustand 6: Temperatur 409.337 K liegt außerhalb des Boryta-Prüfbereichs; Kristallisation wurde nicht bewertet.";"Zustand 20: Temperatur 460.041 K liegt außerhalb des Boryta-Prüfbereichs; Kristallisation wurde nicht bewertet.";5
series_desorber_to_evaporator;Serie Desorber → Verdampfer;series_desorber_to_evaporator;140.0;nan;30.0;140.0;8.0;8.0;4.0;140.0;0.4600000000000001;Abwärmetemperatur [°C];hot_temperature_C;140.0;10.0;10.0;25.0;15.0;11.0;nan;nan;2.421846164610023e-20;`gtol` termination condition is satisfied.;5;2.200300081897432e-08;2.2008390057475914e-10;1;True;;True;0;zulässig;feasible_but_near_limit_shex;False;True;True;109.98516738861952;142.96419845372117;155.7867924759239;65.13265856663531;0.09159198108923357;0.29885090442088713;0.20599531420270756;0.31308017968313534;274.18092142927594;264.4185998803572;275.25938516489293;263.2977389522838;15.839326765446918;0.5091027657998651;4.224850105072765;19.629821412184356;0.013117002487324711;0.029280189977887155;27.418092142925833;26.441859988036096;11.010375406595815;17.553182596819326;1.4399387988590824;108.10614524803015;0.028922352060220688;2701.2128354058736;312.2350088042281;241.08224577685945;0.016453336142956188;0.5524262663422728;0.572250423542947;0.21722287791328254;8.842704346534447e-12;-2.2002987876135194e-08;-1.000444171950221e-11;-4.870437386728099e-12;-2.4442670110147446e-12;-3.751665644813329e-12;-6.0822458181064576e-12;1.7621459846850485e-11;8.842704346534447e-14;-2.2002987876135193e-10;-1.0004441719502211e-13;-4.870437386728099e-12;-2.4442670110147446e-14;-3.751665644813329e-14;-6.082245818106458e-14;1.7621459846850485e-13;151.39838046825815;140.0;131.7685590560738;131.7685590560738;123.8948228433859;45.81450956222233;35.24286817254011;20.847276168671442;62.29163568580782;35.132658566635314;3.9489121968810537;23.662413808043652;21.783391667454282;58.75676284072574;0.06048369274753895;6.876400657426984;4.0;0.4600000000000001;143307.28928648125;25190.55692918867;5.688928978002426;0.06048369274753895;deltaT_shex_1_K;shex;True;True;True;True;True;True;True;True;109.98516738861952;2691.038809231078;0.10887960248522888;143307.28928648125;0.0;0.0;135.0;4.0;151.39838046825815;4.0;140.0;8.0;131.7685590560738;8.0;131.7685590560738;8.0;123.8948228433859;8.0;30.0;4.0;45.81450956222233;4.0;109.98516738861952;2691.038809231078;0.009972498491830352;143307.28928648125;0.0;0.0;108.10614524803015;312.2350088042284;0.568879602485229;25190.55692918867;0.5556995953266274;0.20599531420270756;186.64124864079827;428.7091716577689;0.4699724984918304;143307.28928648125;0.6726482207149406;0.29885090442088713;109.98516738861952;2691.038809231078;0.09890710399339853;143307.28928648125;0.0;0.0;142.96419845372117;312.2350088042284;0.568879602485229;143307.28928648125;0.5556995953266274;0.20599531420270756;155.84727616867144;340.0780298868101;0.568879602485229;143307.28928648125;0.5556995953266274;0.20599531420270756;155.7867924759239;379.6633479648712;0.4600000000000001;143307.28928648125;0.687230793240466;0.31308017968313534;136.08779779629418;345.23002890957105;0.4600000000000001;143307.28928648125;0.687230793240466;0.31308017968313534;136.05108780311895;345.1663763226626;0.4600000000000001;25190.55692918867;0.687230793240466;0.31308017968313534;108.10614524803015;2701.2128354058736;0.10887960248522888;25190.55692918867;0.0;0.0;65.13265856663531;272.6716408673516;0.10887960248522888;25190.55692918867;0.0;0.0;65.13806000266015;272.79211340938815;0.10887960248522888;143307.28928648125;0.0;0.0;"Zustand 3: Temperatur 428.997 K liegt außerhalb des Boryta-Prüfbereichs; Kristallisation wurde nicht bewertet.";"Zustand 4: Temperatur 428.937 K liegt außerhalb des Boryta-Prüfbereichs; Kristallisation wurde nicht bewertet.";"Zustand 5: Temperatur 409.238 K liegt außerhalb des Boryta-Prüfbereichs; Kristallisation wurde nicht bewertet.";"Zustand 6: Temperatur 409.201 K liegt außerhalb des Boryta-Prüfbereichs; Kristallisation wurde nicht bewertet.";"Zustand 20: Temperatur 459.791 K liegt außerhalb des Boryta-Prüfbereichs; Kristallisation wurde nicht bewertet.";5
series_desorber_to_evaporator;Serie Desorber → Verdampfer;series_desorber_to_evaporator;140.0;nan;30.0;140.0;8.0;8.0;4.0;140.0;0.4700000000000001;Abwärmetemperatur [°C];hot_temperature_C;140.0;10.0;10.0;25.0;15.0;11.0;nan;nan;1.083133269189193e-20;`gtol` termination condition is satisfied.;5;1.4715398961935687e-08;1.4718242212908396e-10;1;True;;True;0;zulässig;feasible_but_near_limit_shex;False;True;True;109.93277646140297;142.88423726403693;156.0483221554743;65.2005030066403;0.09204416447895922;0.2982913914309389;0.20694065386313965;0.3122654214585123;274.66744235619876;264.92921685520827;275.82835119226775;263.72533647274213;16.535117624383442;0.5090641554964781;4.309047988904249;19.67593408805817;0.013104225797627956;0.029867320605001125;27.46674423561873;26.492921685521253;11.03313404769071;17.58168909818331;1.5031925126453485;108.45473461700061;0.028481863505694417;2701.876465508786;312.16354103698916;242.10465610643644;0.016493072915554574;0.562579743449045;0.5734568372051784;0.21806238585164714;5.481837206389173e-12;-1.4715389795583178e-08;-4.916955731459893e-12;-2.893019157568233e-12;0.0;-4.263256414560601e-12;-7.560174708487466e-12;1.1482370609883219e-11;5.481837206389173e-14;-1.4715389795583178e-10;-4.916955731459893e-14;-2.893019157568233e-12;0.0;-4.263256414560601e-14;-7.560174708487466e-14;1.148237060988322e-13;151.42747860982053;140.0;131.75154452176236;131.75154452176236;123.8650213018837;45.845048854976596;34.9721617182679;21.120644858100206;62.609685762024014;35.200503006640304;4.083129950121759;23.296809904761744;21.81876806035939;58.65912665587558;0.072322702625911;6.930771264059672;4.0;0.4700000000000001;143055.24474012037;25267.027781871453;5.661736155716717;0.072322702625911;deltaT_shex_1_K;shex;True;True;True;True;True;True;True;True;109.93277646140297;2690.959206778727;0.10907281636459953;143055.24474012037;0.0;0.0;135.0;4.0;151.42747860982053;4.0;140.0;8.0;131.75154452176236;8.0;131.75154452176236;8.0;123.8650213018837;8.0;30.0;4.0;45.845048854976596;4.0;109.93277646140297;2690.959206778727;0.010039516249646514;143055.24474012037;0.0;0.0;108.45473461700061;312.1635410369883;0.5790728163645996;25267.027781871453;0.5571237178414933;0.20694065386313965;186.39964032808842;428.0343662923602;0.4800395162496466;143055.24474012037;0.6720596730813837;0.2982913914309389;109.93277646140297;2690.959206778727;0.09903330011495302;143055.24474012037;0.0;0.0;142.88423726403693;312.1635410369883;0.5790728163645996;143055.24474012037;0.5571237178414933;0.20694065386313965;156.1206448581002;340.7180114888917;0.5790728163645996;143055.24474012037;0.5571237178414933;0.20694065386313965;156.0483221554743;379.6967690417292;0.4700000000000001;143055.24474012037;0.6864153199021064;0.3122654214585123;135.95346599997725;344.5156677132655;0.4700000000000001;143055.24474012037;0.6864153199021064;0.3122654214585123;135.91687004987824;344.45212022261654;0.4700000000000001;25267.027781871453;0.6864153199021064;0.3122654214585123;108.45473461700061;2701.876465508786;0.10907281636459953;25267.027781871453;0.0;0.0;65.2005030066403;272.9558078664184;0.10907281636459953;25267.027781871453;0.0;0.0;65.20589464600812;273.0759498617789;0.10907281636459953;143055.24474012037;0.0;0.0;"Zustand 3: Temperatur 429.271 K liegt außerhalb des Boryta-Prüfbereichs; Kristallisation wurde nicht bewertet.";"Zustand 4: Temperatur 429.198 K liegt außerhalb des Boryta-Prüfbereichs; Kristallisation wurde nicht bewertet.";"Zustand 5: Temperatur 409.103 K liegt außerhalb des Boryta-Prüfbereichs; Kristallisation wurde nicht bewertet.";"Zustand 6: Temperatur 409.067 K liegt außerhalb des Boryta-Prüfbereichs; Kristallisation wurde nicht bewertet.";"Zustand 20: Temperatur 459.550 K liegt außerhalb des Boryta-Prüfbereichs; Kristallisation wurde nicht bewertet.";5
series_desorber_to_evaporator;Serie Desorber → Verdampfer;series_desorber_to_evaporator;140.0;nan;30.0;140.0;8.0;8.0;4.0;140.0;0.4800000000000001;Abwärmetemperatur [°C];hot_temperature_C;140.0;10.0;10.0;25.0;15.0;11.0;nan;nan;4.76682330413907e-21;`gtol` termination condition is satisfied.;5;9.762494821622315e-09;9.764039434720723e-11;1;True;;True;0;zulässig;feasible_but_near_limit_shex;False;True;True;109.88309659638327;142.8022657531028;156.30022969875228;65.2651045987937;0.09248873609820961;0.2977447728909697;0.2078552802010609;0.31147269045451503;275.1254433621448;265.41542721458006;276.365746208547;264.131576679324;17.236776385218235;0.5090227679429618;4.3933330776091175;19.71939691784803;0.013092026273170536;0.030455662584023154;27.51254433621379;26.54154272145795;11.054629848341865;17.60877177862168;1.566979672270975;108.78991738202353;0.028055862778245545;2702.514677185281;312.09342504613244;243.09220567161142;0.01653209825740276;0.5727243572675264;0.5746175039641193;0.21887284232042664;3.325340003357269e-12;-9.76249125983486e-09;-2.5011104298755527e-12;-1.7367773885723636e-12;3.979039320256561e-13;5.684341886080801e-13;-1.1937117960769683e-12;6.87805368215777e-12;3.3253400033572687e-14;-9.76249125983486e-11;-2.5011104298755527e-14;-1.7367773885723636e-12;3.9790393202565614e-15;5.684341886080802e-15;-1.1937117960769683e-14;6.87805368215777e-14;151.45487101448236;140.0;131.73547409663433;131.73547409663433;123.83680254521914;45.87412842192464;34.71058348273374;21.385880011323366;62.915788960098894;35.2651045987937;4.215760634468779;22.945556714610802;21.852377500251066;58.566315609676394;0.08565031257109013;6.98153887290249;4.0;0.4800000000000001;142816.57954872734;25340.026420304264;5.636007523429114;0.08565031257109013;deltaT_shex_1_K;shex;True;True;True;True;True;True;True;True;109.88309659638327;2690.883707620348;0.10925645552492902;142816.57954872734;0.0;0.0;135.0;4.0;151.45487101448236;4.0;140.0;8.0;131.73547409663433;8.0;131.73547409663433;8.0;123.83680254521914;8.0;30.0;4.0;45.87412842192464;4.0;109.88309659638327;2690.883707620348;0.010104991482070936;142816.57954872734;0.0;0.0;108.78991738202353;312.09342504613335;0.5892564555249291;25340.026420304264;0.558496114122924;0.2078552802010609;186.1654544972161;427.3782753561613;0.49010499148207104;142816.57954872734;0.6714835522059691;0.2977447728909697;109.88309659638327;2690.883707620348;0.09915146404285809;142816.57954872734;0.0;0.0;142.8022657531028;312.09342504613335;0.5892564555249291;142816.57954872734;0.558496114122924;0.2078552802010609;156.38588001132337;341.34516463015393;0.5892564555249291;142816.57954872734;0.558496114122924;0.2078552802010609;156.30022969875228;379.7268105381334;0.4800000000000001;142816.57954872734;0.6856196679844175;0.31147269045451503;135.8207268802003;343.81685973560235;0.4800000000000001;142816.57954872734;0.6856196679844175;0.31147269045451503;135.78423936553122;343.7534104385523;0.4800000000000001;25340.026420304264;0.6856196679844175;0.31147269045451503;108.78991738202353;2702.514677185281;0.10925645552492902;25340.026420304264;0.0;0.0;65.2651045987937;273.22639449867773;0.10925645552492902;25340.026420304264;0.0;0.0;65.27048693554275;273.346222898842;0.10925645552492902;142816.57954872734;0.0;0.0;"Zustand 3: Temperatur 429.536 K liegt außerhalb des Boryta-Prüfbereichs; Kristallisation wurde nicht bewertet.";"Zustand 4: Temperatur 429.450 K liegt außerhalb des Boryta-Prüfbereichs; Kristallisation wurde nicht bewertet.";"Zustand 5: Temperatur 408.971 K liegt außerhalb des Boryta-Prüfbereichs; Kristallisation wurde nicht bewertet.";"Zustand 6: Temperatur 408.934 K liegt außerhalb des Boryta-Prüfbereichs; Kristallisation wurde nicht bewertet.";"Zustand 20: Temperatur 459.315 K liegt außerhalb des Boryta-Prüfbereichs; Kristallisation wurde nicht bewertet.";5
series_desorber_to_evaporator;Serie Desorber → Verdampfer;series_desorber_to_evaporator;140.0;nan;30.0;140.0;8.0;8.0;4.0;140.0;0.4900000000000001;Abwärmetemperatur [°C];hot_temperature_C;140.0;10.0;10.0;25.0;15.0;11.0;nan;nan;2.1122302475046205e-21;`gtol` termination condition is satisfied.;5;6.4987155954477806e-09;6.499584982911787e-11;1;True;;True;0;zulässig;feasible_but_near_limit_shex;False;True;True;109.83595491418811;142.7186755263096;156.54275144014548;65.32667321655072;0.09292669939319147;0.2972105738939509;0.2087405219073314;0.3107011503235259;275.5565920308999;265.87881052708775;276.8733830891247;264.5178939053705;17.943826658374014;0.5089786329041679;4.4777010007363955;19.760363850207114;0.013080378080517877;0.03104518541415923;27.55565920308962;26.587881052708973;11.074935323565018;17.63452626035826;1.6312569695338843;109.11239927158579;0.027643766746807574;2703.1288018923697;312.0247620865616;244.04646351321412;0.016570535077402915;0.582860621652226;0.575734815945063;0.21965561632924227;2.1316282072803006e-12;-6.498712679103846e-09;-1.5347723092418164e-12;-1.0630940572298186e-12;-7.958078640513122e-13;-1.9895196601282805e-12;-3.410605131648481e-12;3.694822225952521e-12;2.1316282072803006e-14;-6.498712679103846e-11;-1.5347723092418165e-14;-1.0630940572298186e-12;-7.958078640513123e-15;-1.9895196601282804e-14;-3.410605131648481e-14;3.694822225952521e-14;151.48065741811604;140.0;131.72029356790893;131.72029356790893;123.81006946786795;45.901842734873696;34.45766745717151;21.643282161764603;63.21055653671209;35.32667321655072;4.346744951114999;22.60789429632314;21.884338653720818;58.47802275317957;0.10053072161912269;7.029036147525517;4.0;0.4900000000000001;142590.41084074404;25409.7642882644;5.611638471853121;0.10053072161912269;deltaT_shex_1_K;shex;True;True;True;True;True;True;True;True;109.83595491418811;2690.812051490408;0.10943115672962878;142590.41084074404;0.0;0.0;135.0;4.0;151.48065741811604;4.0;140.0;8.0;131.72029356790893;8.0;131.72029356790893;8.0;123.81006946786795;8.0;30.0;4.0;45.901842734873696;4.0;109.83595491418811;2690.812051490408;0.010169076205663435;142590.41084074404;0.0;0.0;109.11239927158579;312.0247620865606;0.5994311567296289;25409.7642882644;0.5598193369850616;0.2087405219073314;185.93832487528755;426.7400572710489;0.5001690762056635;142590.41084074404;0.6709194324353807;0.2972105738939509;109.83595491418811;2690.812051490408;0.09926208052396535;142590.41084074404;0.0;0.0;142.7186755263096;312.0247620865606;0.5994311567296289;142590.41084074404;0.5598193369850616;0.2087405219073314;156.6432821617646;341.9595201599844;0.5994311567296289;142590.41084074404;0.5598193369850616;0.2087405219073314;156.54275144014548;379.7532804458926;0.4900000000000001;142590.41084074404;0.6848431688338149;0.3107011503235259;135.68963937878408;343.133226041052;0.4900000000000001;142590.41084074404;0.6848431688338149;0.3107011503235259;135.653255048885;343.0698685197986;0.4900000000000001;25409.7642882644;0.6848431688338149;0.3107011503235259;109.11239927158579;2703.1288018923697;0.10943115672962878;25409.7642882644;0.0;0.0;65.32667321655072;273.484279501057;0.10943115672962878;25409.7642882644;0.0;0.0;65.33204671468837;273.60381015824305;0.10943115672962878;142590.41084074404;0.0;0.0;"Zustand 3: Temperatur 429.793 K liegt außerhalb des Boryta-Prüfbereichs; Kristallisation wurde nicht bewertet.";"Zustand 4: Temperatur 429.693 K liegt außerhalb des Boryta-Prüfbereichs; Kristallisation wurde nicht bewertet.";"Zustand 5: Temperatur 408.840 K liegt außerhalb des Boryta-Prüfbereichs; Kristallisation wurde nicht bewertet.";"Zustand 6: Temperatur 408.803 K liegt außerhalb des Boryta-Prüfbereichs; Kristallisation wurde nicht bewertet.";"Zustand 20: Temperatur 459.088 K liegt außerhalb des Boryta-Prüfbereichs; Kristallisation wurde nicht bewertet.";5
series_desorber_to_evaporator;Serie Desorber → Verdampfer;series_desorber_to_evaporator;140.0;nan;30.0;140.0;8.0;8.0;4.0;140.0;0.5000000000000001;Abwärmetemperatur [°C];hot_temperature_C;140.0;10.0;10.0;25.0;15.0;11.0;nan;nan;9.51330891556677e-22;`gtol` termination condition is satisfied.;5;4.3614026966554e-09;4.361951149558365e-11;1;True;;True;0;zulässig;feasible_but_near_limit_shex;False;True;True;109.79119104257359;142.63382803015799;156.77612015664852;65.38540408818852;0.09335901426852099;0.2966883398811516;0.20959763476338458;0.30995000275325313;275.96242999767856;266.320836137497;277.3529415979727;264.88561942341295;18.6558092121479;0.5089317688470236;4.562147378950544;19.79897732037466;0.01306925640431277;0.03163585738675979;27.596242999767536;26.632083613749945;11.094117663919077;17.659041294894465;1.6959826560462998;109.4228425234993;0.027245025501385533;2703.7200893992926;311.9576593425228;244.9689210595449;0.016608499747418515;0.5929890117900142;0.5768110083884576;0.2204119972100863;1.1475265182525618e-12;-4.361396577223786e-09;-1.2221335055073723e-12;-6.917244554927038e-13;-4.206412995699793e-12;-2.4442670110147446e-12;-4.035882739117369e-12;3.183231456205249e-12;1.1475265182525618e-14;-4.361396577223786e-11;-1.2221335055073723e-14;-6.917244554927038e-13;-4.206412995699793e-14;-2.4442670110147446e-14;-4.035882739117369e-14;3.183231456205249e-14;151.5049300237846;140.0;131.70595270340993;131.70595270340993;123.78473202687246;45.928279673295265;34.21297747155734;21.893139151519733;63.494562850204034;35.38540408818852;4.476033355395543;22.283110179910636;21.914761660836348;58.39396284312812;0.11701899487121636;7.073575320920895;4.0;0.5000000000000001;142375.922748329;25476.43954435169;5.588532985563705;0.11701899487121636;deltaT_shex_1_K;shex;True;True;True;True;True;True;True;True;109.79119104257359;2690.7439968062226;0.10959751153743258;142375.922748329;0.0;0.0;135.0;4.0;151.5049300237846;4.0;140.0;8.0;131.70595270340993;8.0;131.70595270340993;8.0;123.78473202687246;8.0;30.0;4.0;45.928279673295265;4.0;109.79119104257359;2690.7439968062226;0.010231915643417562;142375.922748329;0.0;0.0;109.4228425234993;311.9576593425223;0.6095975115374327;25476.43954435169;0.5610957777554342;0.20959763476338458;185.71790749534193;426.11891718887284;0.5102319156434176;142375.922748329;0.6703669044756616;0.2966883398811516;109.79119104257359;2690.7439968062226;0.09936559589401502;142375.922748329;0.0;0.0;142.63382803015799;311.9576593425223;0.6095975115374327;142375.922748329;0.5610957777554342;0.20959763476338458;156.89313915151973;342.5611458382219;0.6095975115374327;142375.922748329;0.5610957777554342;0.20959763476338458;156.77612015664852;379.77601163164536;0.5000000000000001;142375.922748329;0.684085179707746;0.30995000275325313;135.5602527092371;342.46439320735186;0.5000000000000001;142375.922748329;0.684085179707746;0.30995000275325313;135.52396664460446;342.40112149257834;0.5000000000000001;25476.43954435169;0.684085179707746;0.30995000275325313;109.4228425234993;2703.7200893992926;0.10959751153743258;25476.43954435169;0.0;0.0;65.38540408818852;273.73028031009426;0.10959751153743258;25476.43954435169;0.0;0.0;65.39076918374434;273.8495280577938;0.10959751153743258;142375.922748329;0.0;0.0;"Zustand 3: Temperatur 430.043 K liegt außerhalb des Boryta-Prüfbereichs; Kristallisation wurde nicht bewertet.";"Zustand 4: Temperatur 429.926 K liegt außerhalb des Boryta-Prüfbereichs; Kristallisation wurde nicht bewertet.";"Zustand 5: Temperatur 408.710 K liegt außerhalb des Boryta-Prüfbereichs; Kristallisation wurde nicht bewertet.";"Zustand 6: Temperatur 408.674 K liegt außerhalb des Boryta-Prüfbereichs; Kristallisation wurde nicht bewertet.";"Zustand 20: Temperatur 458.868 K liegt außerhalb des Boryta-Prüfbereichs; Kristallisation wurde nicht bewertet.";5
series_desorber_to_evaporator;Serie Desorber → Verdampfer;series_desorber_to_evaporator;140.0;nan;30.0;140.0;8.0;8.0;4.0;140.0;0.5100000000000001;Abwärmetemperatur [°C];hot_temperature_C;140.0;10.0;10.0;25.0;15.0;11.0;nan;nan;4.589429849918099e-22;`gtol` termination condition is satisfied.;5;3.0292483570131647e-09;3.0296632980970345e-11;1;True;;True;0;zulässig;feasible_but_near_limit_shex;False;True;True;109.7486560863743;142.54805577631657;157.00056569425016;65.44147893766444;0.09378659632825528;0.29617763584296847;0.21042780636193315;0.3092184852250553;276.34438412855036;266.74287175312844;277.8059798438414;265.2359897545354;19.37228244802807;0.5088821851705666;4.646667838169779;19.835369261391804;0.013058637449807746;0.03222764585347668;27.634438412854937;26.674287175313015;11.112239193753599;17.68239931696918;1.761116586459756;109.72186878544488;0.026859119310422678;2704.289713200517;311.89222563116715;245.86099538314076;0.016646102224523895;0.6031099676650937;0.5778481715220708;0.22114319976832697;1.2185807918285718e-12;-3.0292461872249987e-09;-3.410605131648481e-13;-5.01432229071952e-13;1.4210854715202004e-12;-1.7053025658242404e-12;-2.3305801732931286e-12;9.663381206337363e-13;1.2185807918285719e-14;-3.0292461872249986e-11;-3.4106051316484808e-15;-5.01432229071952e-13;1.4210854715202004e-14;-1.7053025658242404e-14;-2.3305801732931285e-14;9.663381206337363e-15;151.52777417036782;140.0;131.69240490897602;131.69240490897602;123.76070665076622;45.95352103786655;33.976104945508894;22.135726552176834;63.76834774757833;35.44147893766444;4.603585106860919;21.970536123531133;21.94374882260172;58.31387061016312;0.1351608579266781;7.11544847177106;4.0;0.5100000000000001;142172.36054328096;25540.237941532727;5.566602819783631;0.1351608579266781;deltaT_shex_1_K;shex;True;True;True;True;True;True;True;True;109.7486560863743;2690.679319145358;0.1097560698896175;142172.36054328096;0.0;0.0;135.0;4.0;151.52777417036782;4.0;140.0;8.0;131.69240490897602;8.0;131.69240490897602;8.0;123.76070665076622;8.0;30.0;4.0;45.95352103786655;4.0;109.7486560863743;2690.679319145358;0.010293648221313331;142172.36054328096;0.0;0.0;109.72186878544488;311.89222563117374;0.6197560698896176;25540.237941532727;0.5623276785398499;0.21042780636193315;185.5038791158767;425.51410401552266;0.5202936482213134;142172.36054328096;0.6698255749112465;0.29617763584296847;109.7486560863743;2690.679319145358;0.09946242166830417;142172.36054328096;0.0;0.0;142.54805577631657;311.89222563117374;0.6197560698896176;142172.36054328096;0.5623276785398499;0.21042780636193315;157.13572655217683;343.1501404612429;0.6197560698896176;142172.36054328096;0.5623276785398499;0.21042780636193315;157.00056569425016;379.7948610984591;0.5100000000000001;142172.36054328096;0.6833450824353129;0.3092184852250553;135.4326073045455;341.8099935533084;0.5100000000000001;142172.36054328096;0.6833450824353129;0.3092184852250553;135.39641489313908;341.7468020908506;0.5100000000000001;25540.237941532727;0.6833450824353129;0.3092184852250553;109.72186878544488;2704.289713200517;0.1097560698896175;25540.237941532727;0.0;0.0;65.44147893766444;273.9651578352077;0.1097560698896175;25540.237941532727;0.0;0.0;65.4468360406031;274.08413656196916;0.1097560698896175;142172.36054328096;0.0;0.0;"Zustand 3: Temperatur 430.286 K liegt außerhalb des Boryta-Prüfbereichs; Kristallisation wurde nicht bewertet.";"Zustand 4: Temperatur 430.151 K liegt außerhalb des Boryta-Prüfbereichs; Kristallisation wurde nicht bewertet.";"Zustand 5: Temperatur 408.583 K liegt außerhalb des Boryta-Prüfbereichs; Kristallisation wurde nicht bewertet.";"Zustand 6: Temperatur 408.546 K liegt außerhalb des Boryta-Prüfbereichs; Kristallisation wurde nicht bewertet.";"Zustand 20: Temperatur 458.654 K liegt außerhalb des Boryta-Prüfbereichs; Kristallisation wurde nicht bewertet.";5
series_desorber_to_evaporator;Serie Desorber → Verdampfer;series_desorber_to_evaporator;140.0;nan;30.0;140.0;8.0;8.0;4.0;140.0;0.5200000000000001;Abwärmetemperatur [°C];hot_temperature_C;140.0;10.0;10.0;25.0;15.0;11.0;nan;nan;2.266365904917357e-22;`gtol` termination condition is satisfied.;5;2.1287048539942358e-09;2.1290213267684085e-11;1;True;;True;0;zulässig;feasible_but_near_limit_shex;False;True;True;109.70821169285813;142.4616636269762;157.21631542857153;65.49506702297856;0.09421031637566614;0.29567804556349797;0.21123216049374077;0.30850586899414634;276.70377665494675;267.1461912588862;278.2339446979572;265.57015419998254;20.09282274331663;0.508829884172826;4.731258022132526;19.869662021765862;0.01304849843440972;0.032820517459340844;27.670377665495;26.71461912588872;11.129357787918332;17.704676946665618;1.8266202495859392;110.0100618178326;0.02648555593240974;2704.8387755645117;311.828567981456;246.7240324648078;0.016683446175002503;0.61322389719276;0.5788482614306698;0.22185036908496392;5.790923296444817e-13;-2.128700771208969e-09;-1.1368683772161603e-12;-3.67095243092308e-13;-1.0800249583553523e-12;-1.0231815394945443e-12;-1.7053025658242404e-12;-3.240074875066057e-12;5.790923296444816e-15;-2.128700771208969e-11;-1.1368683772161604e-14;-3.67095243092308e-13;-1.0800249583553523e-14;-1.0231815394945442e-14;-1.7053025658242404e-14;-3.2400748750660566e-14;151.549268938693;140.0;131.67960691692713;131.67960691692713;123.73791570281281;45.97764301787595;33.746666840483215;22.37130810949452;64.03241879995664;35.49506702297856;4.7293673968763414;21.669545099094535;21.971395224069;58.237499183928946;0.15499268092298735;7.154927939338904;4.0;0.5200000000000001;141979.02535717183;25601.333643556936;5.545766768791108;0.15499268092298735;deltaT_shex_1_K;shex;True;True;True;True;True;True;True;True;109.70821169285813;2690.617809862163;0.10990734336776242;141979.02535717183;0.0;0.0;135.0;4.0;151.549268938693;4.0;140.0;8.0;131.67960691692713;8.0;131.67960691692713;8.0;123.73791570281281;8.0;30.0;4.0;45.97764301787595;4.0;109.70821169285813;2690.617809862163;0.010354405590685869;141979.02535717183;0.0;0.0;110.0100618178326;311.82856798144616;0.6299073433677626;25601.333643556936;0.5635171434261697;0.21123216049374077;185.2959357791762;424.9249076823109;0.530354405590686;141979.02535717183;0.6692950657453157;0.29567804556349797;109.70821169285813;2690.617809862163;0.09955293777707655;141979.02535717183;0.0;0.0;142.4616636269762;311.82856798144616;0.6299073433677626;141979.02535717183;0.5635171434261697;0.21123216049374077;157.37130810949452;343.72662879129723;0.6299073433677626;141979.02535717183;0.5635171434261697;0.21123216049374077;157.21631542857153;379.80970911863886;0.5200000000000001;141979.02535717183;0.6826222822264786;0.30850586899414634;135.30673568763729;341.1696653814926;0.5200000000000001;141979.02535717183;0.6826222822264786;0.30850586899414634;135.27063260312366;341.10654900176314;0.5200000000000001;25601.333643556936;0.6826222822264786;0.30850586899414634;110.0100618178326;2704.8387755645117;0.10990734336776242;25601.333643556936;0.0;0.0;65.49506702297856;274.189620803444;0.10990734336776242;25601.333643556936;0.0;0.0;65.50041651888387;274.30834352054893;0.10990734336776242;141979.02535717183;0.0;0.0;"Zustand 3: Temperatur 430.521 K liegt außerhalb des Boryta-Prüfbereichs; Kristallisation wurde nicht bewertet.";"Zustand 4: Temperatur 430.366 K liegt außerhalb des Boryta-Prüfbereichs; Kristallisation wurde nicht bewertet.";"Zustand 5: Temperatur 408.457 K liegt außerhalb des Boryta-Prüfbereichs; Kristallisation wurde nicht bewertet.";"Zustand 6: Temperatur 408.421 K liegt außerhalb des Boryta-Prüfbereichs; Kristallisation wurde nicht bewertet.";"Zustand 20: Temperatur 458.446 K liegt außerhalb des Boryta-Prüfbereichs; Kristallisation wurde nicht bewertet.";5
series_desorber_to_evaporator;Serie Desorber → Verdampfer;series_desorber_to_evaporator;140.0;nan;30.0;140.0;8.0;8.0;4.0;140.0;0.5300000000000001;Abwärmetemperatur [°C];hot_temperature_C;140.0;10.0;10.0;25.0;15.0;11.0;nan;nan;1.1455279065880277e-22;`gtol` termination condition is satisfied.;5;1.5133837731369936e-09;1.5136234053343834e-11;1;True;;True;0;zulässig;feasible_but_near_limit_shex;False;True;True;109.66972920280915;142.37493012812024;157.42359457452773;65.5463260829739;0.09463100019483703;0.29518917089290336;0.21201176122397594;0.30781145725548203;277.0418343521919;267.53198184314977;278.6381812582232;265.88918168120284;20.817024659988817;0.5087748627666494;4.8159136035246615;19.90196919744642;0.013038817570939247;0.03341443834530274;27.704183435218585;26.75319818431505;11.145527250328904;17.725945445413554;1.8924567874092897;110.28797001250359;0.026123868245538567;2705.368312242542;311.7667889721027;247.55931043621558;0.016720629106635077;0.6233311790512408;0.5798131100207454;0.22253458499666479;5.400124791776761e-13;-1.5133707620407222e-09;9.379164112033322e-13;-2.69340105774063e-13;6.252776074688882e-13;-7.389644451905042e-13;-4.547473508864641e-13;6.0822458181064576e-12;5.4001247917767615e-15;-1.5133707620407223e-11;9.379164112033323e-15;-2.69340105774063e-13;6.252776074688882e-15;-7.389644451905042e-15;-4.547473508864641e-15;6.082245818106458e-14;151.56948770048996;140.0;131.66751850304354;131.66751850304354;123.71628699343819;46.000716617413275;33.52430378999492;22.600136201920918;64.28725339509032;35.546326082973906;4.853354549229891;21.379548490539946;21.997789300234388;58.16461865872941;0.1765416273931919;7.192266859100926;4.0;0.5300000000000001;141795.26942100172;25659.889983527086;5.525950014284169;0.1765416273931919;deltaT_shex_1_K;shex;True;True;True;True;True;True;True;True;109.66972920280915;2690.559274829563;0.11005180815787574;141795.26942100172;0.0;0.0;135.0;4.0;151.56948770048996;4.0;140.0;8.0;131.66751850304354;8.0;131.66751850304354;8.0;123.71628699343819;8.0;30.0;4.0;46.000716617413275;4.0;109.66972920280915;2690.559274829563;0.010414312679230106;141795.26942100172;0.0;0.0;110.28797001250359;311.76678897210036;0.6400518081578759;25659.889983527086;0.5646661487275275;0.21201176122397594;185.09379149048488;424.3506566277933;0.5404143126792302;141795.26942100172;0.6687750139463648;0.29518917089290336;109.66972920280915;2690.559274829563;0.09963749547864563;141795.26942100172;0.0;0.0;142.37493012812024;311.76678897210036;0.6400518081578759;141795.26942100172;0.5646661487275275;0.21201176122397594;157.60013620192092;344.2907571800834;0.6400518081578759;141795.26942100172;0.5646661487275275;0.21201176122397594;157.42359457452773;379.8204582385135;0.5300000000000001;141795.26942100172;0.6819162066011282;0.30781145725548203;135.18266326901932;340.5430532196677;0.5300000000000001;141795.26942100172;0.6819162066011282;0.30781145725548203;135.1466454507701;340.48000710958223;0.5300000000000001;25659.889983527086;0.6819162066011282;0.30781145725548203;110.28797001250359;2705.368312242542;0.11005180815787574;25659.889983527086;0.0;0.0;65.5463260829739;274.40432972115053;0.11005180815787574;25659.889983527086;0.0;0.0;65.55166833470878;274.5228086247614;0.11005180815787574;141795.26942100172;0.0;0.0;"Zustand 3: Temperatur 430.750 K liegt außerhalb des Boryta-Prüfbereichs; Kristallisation wurde nicht bewertet.";"Zustand 4: Temperatur 430.574 K liegt außerhalb des Boryta-Prüfbereichs; Kristallisation wurde nicht bewertet.";"Zustand 5: Temperatur 408.333 K liegt außerhalb des Boryta-Prüfbereichs; Kristallisation wurde nicht bewertet.";"Zustand 6: Temperatur 408.297 K liegt außerhalb des Boryta-Prüfbereichs; Kristallisation wurde nicht bewertet.";"Zustand 20: Temperatur 458.244 K liegt außerhalb des Boryta-Prüfbereichs; Kristallisation wurde nicht bewertet.";5
series_desorber_to_evaporator;Serie Desorber → Verdampfer;series_desorber_to_evaporator;140.0;nan;30.0;140.0;8.0;8.0;4.0;140.0;0.5400000000000001;Abwärmetemperatur [°C];hot_temperature_C;140.0;10.0;10.0;25.0;15.0;11.0;nan;nan;5.94487678001613e-23;`gtol` termination condition is satisfied.;5;1.0902174260237266e-09;1.0904014655177359e-11;1;True;;True;0;zulässig;feasible_but_near_limit_shex;False;True;True;109.6330888787125;142.28810887647734;157.62262636317854;65.59540320214751;0.09504942861874033;0.2947106310370405;0.2127676166801229;0.3071345834661536;277.3596968455999;267.9013505065949;279.01994144026855;266.19406696355765;21.544501023292042;0.5087171139597106;4.90063029378401;19.9323963855104;0.013029574044764548;0.0340093743241591;27.735969684559993;26.79013505065961;11.160797657610791;17.746271130903974;1.958591002216569;110.55610873980584;0.025773612161036463;2705.8792968600483;311.70698472164474;248.36804277753984;0.016757742513426876;0.6334321652388352;0.5807444341660392;0.22319686627711754;3.019806626980426e-13;-1.0902141411861521e-09;-2.8421709430404007e-13;-2.003397447936095e-13;-1.2505552149377763e-12;-1.1937117960769683e-12;-1.9895196601282805e-12;-5.684341886080802e-14;3.0198066269804257e-15;-1.090214141186152e-11;-2.842170943040401e-15;-2.003397447936095e-13;-1.2505552149377763e-14;-1.1937117960769683e-14;-1.9895196601282804e-14;-5.684341886080802e-16;151.58849861516745;140.0;131.65610222965705;131.65610222965705;123.69575333720616;46.022808044652834;33.308678388077965;22.82245230498569;64.533300695153;35.59540320214751;4.975527289082208;21.099993489851215;22.023013350944552;58.09501478590488;0.1998259418071484;7.22769980024475;4.0;0.5400000000000001;141620.49176750728;25716.06016937485;5.5070835436978225;0.1998259418071484;deltaT_shex_1_K;shex;True;True;True;True;True;True;True;True;109.6330888787125;2690.5035332937364;0.1101899077522619;141620.49176750728;0.0;0.0;135.0;4.0;151.58849861516745;4.0;140.0;8.0;131.65610222965705;8.0;131.65610222965705;8.0;123.69575333720616;8.0;30.0;4.0;46.022808044652834;4.0;109.6330888787125;2690.5035332937364;0.0104734877714042;141620.49176750728;0.0;0.0;110.55610873980584;311.7069847216445;0.650189907752262;25716.06016937485;0.5657765523551631;0.2127676166801229;184.89717700324542;423.7907154608888;0.5504734877714044;141620.49176750728;0.6682650709913194;0.2947106310370405;109.6330888787125;2690.5035332937364;0.0997164199808577;141620.49176750728;0.0;0.0;142.28810887647734;311.7069847216445;0.650189907752262;141620.49176750728;0.5657765523551631;0.2127676166801229;157.8224523049857;344.84268979244825;0.650189907752262;141620.49176750728;0.5657765523551631;0.2127676166801229;157.62262636317854;379.8270321667078;0.5400000000000001;141620.49176750728;0.6812263044151783;0.3071345834661536;135.0604090762326;339.9298080495009;0.5400000000000001;141620.49176750728;0.6812263044151783;0.3071345834661536;135.0244727109178;339.86682772667837;0.5400000000000001;25716.06016937485;0.6812263044151783;0.3071345834661536;110.55610873980584;2705.8792968600483;0.1101899077522619;25716.06016937485;0.0;0.0;65.59540320214751;274.60990049288716;0.1101899077522619;25716.06016937485;0.0;0.0;65.60073855130128;274.72814702118137;0.1101899077522619;141620.49176750728;0.0;0.0;"Zustand 3: Temperatur 430.972 K liegt außerhalb des Boryta-Prüfbereichs; Kristallisation wurde nicht bewertet.";"Zustand 4: Temperatur 430.773 K liegt außerhalb des Boryta-Prüfbereichs; Kristallisation wurde nicht bewertet.";"Zustand 5: Temperatur 408.210 K liegt außerhalb des Boryta-Prüfbereichs; Kristallisation wurde nicht bewertet.";"Zustand 6: Temperatur 408.174 K liegt außerhalb des Boryta-Prüfbereichs; Kristallisation wurde nicht bewertet.";"Zustand 20: Temperatur 458.047 K liegt außerhalb des Boryta-Prüfbereichs; Kristallisation wurde nicht bewertet.";5
series_desorber_to_evaporator;Serie Desorber → Verdampfer;series_desorber_to_evaporator;140.0;nan;30.0;140.0;8.0;8.0;4.0;140.0;0.5500000000000002;Abwärmetemperatur [°C];hot_temperature_C;140.0;10.0;10.0;25.0;15.0;11.0;nan;nan;3.152831942023638e-23;`gtol` termination condition is satisfied.;5;7.939406592435365e-10;7.940821043221712e-12;1;True;;True;0;zulässig;feasible_but_near_limit_shex;False;True;True;109.5981792022958;142.20142990579228;157.81363210541252;65.64243560192614;0.09546633787746035;0.29424206185898116;0.21350068257181412;0.30647460980057656;277.6584241226757;268.25533001756475;279.38039177138086;266.4857363298405;22.274882877017355;0.5086566281159485;4.985403851680392;19.961041866529058;0.01302074798651257;0.034605291033177436;27.765842412267567;26.82553300175658;11.175215670855264;17.76571575532275;2.0249893525282996;110.81496253561374;0.025434364787523943;2706.372645011458;311.64924343190563;249.1513814508445;0.016794872034717412;0.6435271833820402;0.5816438441090774;0.22383817454038013;4.654054919228656e-13;-7.939391366562631e-10;-1.9895196601282805e-13;-1.4988010832439613e-13;-7.389644451905042e-13;-1.0231815394945443e-12;-7.389644451905042e-13;0.0;4.6540549192286564e-15;-7.93939136656263e-12;-1.9895196601282807e-15;-1.4988010832439613e-13;-7.389644451905042e-15;-1.0231815394945442e-14;-7.389644451905042e-15;0.0;151.60636507910738;140.0;131.64532321257832;131.64532321257832;123.67625215008309;46.04397906803615;33.09947361928414;23.038487455174675;64.7709834675776;35.64243560192614;5.095872075551426;20.830360676964574;22.047144010282523;58.02848777989999;0.2248553497621515;7.2614434859737;4.0;0.5500000000000002;141454.13434581712;25769.98794058038;5.489103629849481;0.2248553497621515;deltaT_shex_1_K;shex;True;True;True;True;True;True;True;True;109.5981792022958;2690.450416830501;0.11032205541675744;141454.13434581712;0.0;0.0;135.0;4.0;151.60636507910738;4.0;140.0;8.0;131.64532321257832;8.0;131.64532321257832;8.0;123.67625215008309;8.0;30.0;4.0;46.04397906803615;4.0;109.5981792022958;2690.450416830501;0.01053204261775207;141454.13434581712;0.0;0.0;110.81496253561374;311.6492434319065;0.6603220554167576;25769.98794058038;0.5668501024015895;0.21350068257181412;184.70583869839152;423.2444827831305;0.5605320426177522;141454.13434581712;0.6677649024008045;0.29424206185898116;109.5981792022958;2690.450416830501;0.09979001279900537;141454.13434581712;0.0;0.0;142.20142990579228;311.6492434319065;0.6603220554167576;141454.13434581712;0.5668501024015895;0.21350068257181412;158.03848745517467;345.3826053487044;0.6603220554167576;141454.13434581712;0.5668501024015895;0.21350068257181412;157.81363210541252;379.82937456384417;0.5500000000000002;141454.13434581712;0.6805520449654854;0.30647460980057656;134.93998641981858;339.32958751472256;0.5500000000000002;141454.13434581712;0.6805520449654854;0.30647460980057656;134.90412792444857;339.26666880375313;0.5500000000000002;25769.98794058038;0.6805520449654854;0.30647460980057656;110.81496253561374;2706.372645011458;0.11032205541675744;25769.98794058038;0.0;0.0;65.64243560192614;274.8069077326188;0.11032205541675744;25769.98794058038;0.0;0.0;65.6477643701831;274.92493261837103;0.11032205541675744;141454.13434581712;0.0;0.0;"Zustand 3: Temperatur 431.188 K liegt außerhalb des Boryta-Prüfbereichs; Kristallisation wurde nicht bewertet.";"Zustand 4: Temperatur 430.964 K liegt außerhalb des Boryta-Prüfbereichs; Kristallisation wurde nicht bewertet.";"Zustand 5: Temperatur 408.090 K liegt außerhalb des Boryta-Prüfbereichs; Kristallisation wurde nicht bewertet.";"Zustand 6: Temperatur 408.054 K liegt außerhalb des Boryta-Prüfbereichs; Kristallisation wurde nicht bewertet.";"Zustand 20: Temperatur 457.856 K liegt außerhalb des Boryta-Prüfbereichs; Kristallisation wurde nicht bewertet.";5
series_desorber_to_evaporator;Serie Desorber → Verdampfer;series_desorber_to_evaporator;140.0;nan;30.0;140.0;8.0;8.0;4.0;140.0;0.5600000000000002;Abwärmetemperatur [°C];hot_temperature_C;140.0;10.0;10.0;25.0;15.0;11.0;nan;nan;1.7006071846862785e-23;`gtol` termination condition is satisfied.;5;5.83091085566054e-10;5.831993115027278e-12;1;True;;True;0;zulässig;feasible_but_near_limit_shex;False;True;True;109.56489623452245;142.11510107851052;157.99683116251106;65.68755136581308;0.09588242020916718;0.29378311518981864;0.21421186546174523;0.30583092571940046;277.9390033245873;268.59488436973254;279.7206204584943;266.7650527613176;23.00781932506132;0.5085933940171062;5.070230090763454;19.987997222119304;0.01301232044170313;0.035202154066293984;27.793900332458687;26.859488436973326;11.188824818339791;17.78433685075458;2.0916199386949463;111.0649871390687;0.025105722816359918;2706.849218078001;311.5936443963708;249.9104199539068;0.01683209762925786;0.6536165388182605;0.5825128511857236;0.22445941788509166;7.460698725481052e-14;-5.830891325331322e-10;8.526512829121202e-14;-1.1235457009206584e-13;-4.547473508864641e-13;-7.389644451905042e-13;-1.1368683772161603e-12;4.547473508864641e-13;7.460698725481052e-16;-5.830891325331322e-12;8.526512829121202e-16;-1.1235457009206584e-13;-4.547473508864641e-15;-7.389644451905042e-15;-1.1368683772161604e-14;4.547473508864641e-15;151.62314613185333;140.0;131.63514890973403;131.63514890973403;123.65772508313961;46.06428734268735;32.89639141593858;23.248462708363434;65.00069979638135;35.68755136581308;5.214380493321414;20.570161770665322;22.070252675211577;57.96485122677251;0.25163154585237635;7.293697578119577;4.0;0.5600000000000002;141295.6785041466;25821.808180015516;5.4719513644865785;0.25163154585237635;deltaT_shex_1_K;shex;True;True;True;True;True;True;True;True;109.56489623452245;2690.3997683934267;0.11044863644751823;141295.6785041466;0.0;0.0;135.0;4.0;151.62314613185333;4.0;140.0;8.0;131.63514890973403;8.0;131.63514890973403;8.0;123.65772508313961;8.0;30.0;4.0;46.06428734268735;4.0;109.56489623452245;2690.3997683934267;0.01059008257139048;141295.6785041466;0.0;0.0;111.0649871390687;311.59364439637113;0.6704486364475184;25821.808180015516;0.5678884450068873;0.21421186546174523;184.5195375477919;422.7113891526396;0.5705900825713907;141295.6785041466;0.6672741872649782;0.29378311518981864;109.56489623452245;2690.3997683934267;0.09985855387612776;141295.6785041466;0.0;0.0;142.11510107851052;311.59364439637113;0.6704486364475184;141295.6785041466;0.5678884450068873;0.21421186546174523;158.24846270836343;345.91069431532094;0.6704486364475184;141295.6785041466;0.5678884450068873;0.21421186546174523;157.99683116251106;379.8274477555994;0.5600000000000002;141295.6785041466;0.6798929171592304;0.30583092571940046;134.82140350039094;338.74205610370433;0.5600000000000002;141295.6785041466;0.6798929171592304;0.30583092571940046;134.7856195066786;338.6791951143002;0.5600000000000002;25821.808180015516;0.6798929171592304;0.30583092571940046;111.0649871390687;2706.849218078001;0.11044863644751823;25821.808180015516;0.0;0.0;65.68755136581308;274.99588779845027;0.11044863644751823;25821.808180015516;0.0;0.0;65.6928738563671;275.1137011174756;0.11044863644751823;141295.6785041466;0.0;0.0;"Zustand 3: Temperatur 431.398 K liegt außerhalb des Boryta-Prüfbereichs; Kristallisation wurde nicht bewertet.";"Zustand 4: Temperatur 431.147 K liegt außerhalb des Boryta-Prüfbereichs; Kristallisation wurde nicht bewertet.";"Zustand 5: Temperatur 407.971 K liegt außerhalb des Boryta-Prüfbereichs; Kristallisation wurde nicht bewertet.";"Zustand 6: Temperatur 407.936 K liegt außerhalb des Boryta-Prüfbereichs; Kristallisation wurde nicht bewertet.";"Zustand 20: Temperatur 457.670 K liegt außerhalb des Boryta-Prüfbereichs; Kristallisation wurde nicht bewertet.";5
series_desorber_to_evaporator;Serie Desorber → Verdampfer;series_desorber_to_evaporator;140.0;nan;30.0;140.0;8.0;8.0;4.0;140.0;0.5700000000000002;Abwärmetemperatur [°C];hot_temperature_C;140.0;10.0;10.0;25.0;15.0;11.0;nan;nan;9.404456837382281e-24;`gtol` termination condition is satisfied.;5;4.336098246820525e-10;4.336924448819066e-12;1;True;;True;0;zulässig;feasible_but_near_limit_shex;False;True;True;109.53314303185823;142.0293094698808;158.17244084297647;65.73087010493407;0.0962983247097778;0.29333345814830764;0.21490202580561102;0.3052029466367206;278.2023548849254;268.9209137911958;280.04164379672466;267.03282067697;23.742977270667435;0.5085273997435908;5.155104885763559;20.01334789373726;0.013004273338358217;0.03579992908835338;27.820235488492585;26.89209137911968;11.201665751868983;17.802188045131444;2.158452479191004;111.30661139104734;0.02478730110018847;2707.309826786678;311.54025739365943;250.64619628246945;0.016869493763542853;0.6637005164750702;0.5833528749323582;0.22506145429662722;2.5224267119483557e-13;-4.3360515178392234e-10;-8.526512829121202e-14;-8.465450562766819e-14;5.684341886080802e-14;-1.0231815394945443e-12;-1.6484591469634324e-12;-4.547473508864641e-13;2.5224267119483555e-15;-4.3360515178392234e-12;-8.526512829121202e-16;-8.465450562766819e-14;5.684341886080802e-16;-1.0231815394945442e-14;-1.6484591469634323e-14;-4.547473508864641e-15;151.63889682326106;140.0;131.6255489295238;131.6255489295238;123.6401176891838;46.08378670999974;32.699151330244774;23.452589589042248;65.2228246810476;35.73087010493407;5.331048698798099;20.31893753847646;22.09240589766557;57.90393108573113;0.2801487460657768;7.32464550860459;4.0;0.5700000000000002;141144.64180136487;25871.647484415564;5.455572239316684;0.2801487460657768;deltaT_shex_1_K;shex;True;True;True;True;True;True;True;True;109.53314303185823;2690.351441444749;0.1105700102386129;141144.64180136487;0.0;0.0;135.0;4.0;151.63889682326106;4.0;140.0;8.0;131.6255489295238;8.0;131.6255489295238;8.0;123.6401176891838;8.0;30.0;4.0;46.08378670999974;4.0;109.53314303185823;2690.351441444749;0.0106477067491214;141144.64180136487;0.0;0.0;111.30661139104734;311.54025739365966;0.6805700102386131;25871.647484415564;0.5688931315737492;0.21490202580561102;184.33804815350584;422.19089517599934;0.5806477067491216;141144.64180136487;0.6667926177605515;0.29333345814830764;109.53314303185823;2690.351441444749;0.0999223034894915;141144.64180136487;0.0;0.0;142.0293094698808;311.54025739365966;0.6805700102386131;141144.64180136487;0.5688931315737492;0.21490202580561102;158.45258958904225;346.427156483355;0.6805700102386131;141144.64180136487;0.5688931315737492;0.21490202580561102;158.17244084297647;379.8212313924963;0.5700000000000002;141144.64180136487;0.6792484287365317;0.3052029466367206;134.7046639612762;338.16688530360653;0.5700000000000002;141144.64180136487;0.6792484287365317;0.3052029466367206;134.6689513012019;338.10407841046907;0.5700000000000002;25871.647484415564;0.6792484287365317;0.3052029466367206;111.30661139104734;2707.309826786678;0.1105700102386129;25871.647484415564;0.0;0.0;65.73087010493407;275.17734157791676;0.1105700102386129;25871.647484415564;0.0;0.0;65.73618660345267;275.2949527937455;0.1105700102386129;141144.64180136487;0.0;0.0;"Zustand 3: Temperatur 431.603 K liegt außerhalb des Boryta-Prüfbereichs; Kristallisation wurde nicht bewertet.";"Zustand 4: Temperatur 431.322 K liegt außerhalb des Boryta-Prüfbereichs; Kristallisation wurde nicht bewertet.";"Zustand 5: Temperatur 407.855 K liegt außerhalb des Boryta-Prüfbereichs; Kristallisation wurde nicht bewertet.";"Zustand 6: Temperatur 407.819 K liegt außerhalb des Boryta-Prüfbereichs; Kristallisation wurde nicht bewertet.";"Zustand 20: Temperatur 457.488 K liegt außerhalb des Boryta-Prüfbereichs; Kristallisation wurde nicht bewertet.";5
series_desorber_to_evaporator;Serie Desorber → Verdampfer;series_desorber_to_evaporator;140.0;nan;30.0;140.0;8.0;8.0;4.0;140.0;0.5800000000000002;Abwärmetemperatur [°C];hot_temperature_C;140.0;10.0;10.0;25.0;15.0;11.0;nan;nan;5.310382506692313e-24;`gtol` termination condition is satisfied.;5;3.258319739059672e-10;3.2589515205637266e-12;1;True;;True;0;zulässig;feasible_but_near_limit_shex;False;True;True;109.50282911328884;141.9442227327158;158.34067624368782;65.77250356973065;0.09671465839286443;0.2928927724703505;0.2155719807778839;0.30459011267315467;278.44933807864174;269.2342593482596;280.3444119801664;267.28979027534814;24.480041065787162;0.5084586333939807;5.240024178026724;20.037173688320877;0.012996589453405955;0.03639858193352904;27.844933807864077;26.923425934825993;11.213776479206663;17.819319351689902;2.2254582787375448;111.54023900269135;0.02447873139955078;2707.755234527441;311.4891423956063;251.35969579184274;0.016907129612925065;0.6737793825661879;0.5841652496291831;0.22564509482296985;9.592326932761353e-14;-3.2583002962383034e-10;-2.2737367544323206e-13;-6.417089082333405e-14;-1.7053025658242404e-13;-2.8421709430404007e-13;-3.979039320256561e-13;9.663381206337363e-13;9.592326932761353e-16;-3.2583002962383034e-12;-2.2737367544323206e-15;-6.417089082333405e-14;-1.7053025658242404e-15;-2.842170943040401e-15;-3.9790393202565614e-15;9.663381206337363e-15;151.6536685453733;140.0;131.61649485705243;131.61649485705243;123.62337911915324;46.10252747298205;32.50748931054818;23.651070527536433;65.4377115297093;35.772503569730645;5.445876916541636;20.07625585436108;22.11366574376359;57.845564773496335;0.3103942838486091;7.354455341733001;4.0;0.5800000000000002;141000.5751128133;25919.624696629424;5.43991576896362;0.3103942838486091;deltaT_shex_1_K;shex;True;True;True;True;True;True;True;True;109.50282911328884;2690.3052991610384;0.11068651217911274;141000.5751128133;0.0;0.0;135.0;4.0;151.6536685453733;4.0;140.0;8.0;131.61649485705243;8.0;131.61649485705243;8.0;123.62337911915324;8.0;30.0;4.0;46.10252747298205;4.0;109.50282911328884;2690.3052991610384;0.010705008214100517;141000.5751128133;0.0;0.0;111.54023900269135;311.4891423956073;0.6906865121791129;25919.624696629424;0.5698656253905588;0.2155719807778839;184.1611578559215;421.6824897172176;0.5907050082141007;141000.5751128133;0.6663198986611244;0.2928927724703505;109.50282911328884;2690.3052991610384;0.09998150396501222;141000.5751128133;0.0;0.0;141.9442227327158;311.4891423956073;0.6906865121791129;141000.5751128133;0.5698656253905588;0.2155719807778839;158.65107052753643;346.9321988823378;0.6906865121791129;141000.5751128133;0.5698656253905588;0.2155719807778839;158.34067624368782;379.81072107964496;0.5800000000000002;141000.5751128133;0.6786181055375412;0.30459011267315467;134.5897673909828;337.6037537248397;0.5800000000000002;141000.5751128133;0.6786181055375412;0.30459011267315467;134.55412308345836;337.54099754909225;0.5800000000000002;25919.624696629424;0.6786181055375412;0.30459011267315467;111.54023900269135;2707.755234527441;0.11068651217911274;25919.624696629424;0.0;0.0;65.77250356973065;275.35173704813525;0.11068651217911274;25919.624696629424;0.0;0.0;65.7778143456569;275.46915505325205;0.11068651217911274;141000.5751128133;0.0;0.0;"Zustand 3: Temperatur 431.801 K liegt außerhalb des Boryta-Prüfbereichs; Kristallisation wurde nicht bewertet.";"Zustand 4: Temperatur 431.491 K liegt außerhalb des Boryta-Prüfbereichs; Kristallisation wurde nicht bewertet.";"Zustand 5: Temperatur 407.740 K liegt außerhalb des Boryta-Prüfbereichs; Kristallisation wurde nicht bewertet.";"Zustand 6: Temperatur 407.704 K liegt außerhalb des Boryta-Prüfbereichs; Kristallisation wurde nicht bewertet.";"Zustand 20: Temperatur 457.311 K liegt außerhalb des Boryta-Prüfbereichs; Kristallisation wurde nicht bewertet.";5
series_desorber_to_evaporator;Serie Desorber → Verdampfer;series_desorber_to_evaporator;140.0;nan;30.0;140.0;8.0;8.0;4.0;140.0;0.5900000000000002;Abwärmetemperatur [°C];hot_temperature_C;140.0;10.0;10.0;25.0;15.0;11.0;nan;nan;3.069091309347815e-24;`gtol` termination condition is satisfied.;5;2.477058375431312e-10;2.477535593830214e-12;1;True;;True;0;zulässig;feasible_but_near_limit_shex;False;True;True;109.47386997315061;141.85999043248984;158.50175005168086;65.81255621288238;0.09713198742909207;0.2924607538500909;0.21622250689917208;0.30399188748468636;278.68075603899575;269.53570718214763;280.6298143719396;267.5366615181359;25.218712083442988;0.5083870836619349;5.324983980061577;20.05954923594294;0.012989252378510951;0.03699807868978288;27.86807560389956;26.953570718214994;11.225192574877601;17.83577743454256;2.2926101894264246;111.76625020271251;0.024179661274956573;2708.1861604445075;311.44034952809574;252.05185395128936;0.016945069273491375;0.6838533861226465;0.5849512303277847;0.22621110653889673;3.126388037344441e-13;-2.476809868312557e-10;0.0;-4.8627768478581856e-14;-4.547473508864641e-13;-2.3305801732931286e-12;-2.5579538487363607e-12;1.7053025658242404e-13;3.126388037344441e-15;-2.476809868312557e-12;0.0;-4.8627768478581856e-14;-4.547473508864641e-15;-2.3305801732931285e-14;-2.5579538487363607e-14;1.7053025658242404e-15;151.66750933247584;140.0;131.6079600965329;131.6079600965329;123.60746184539249;46.120556649649984;32.321156572365055;23.84409928321338;65.64569355306253;35.812556212882384;5.558868981924036;19.841709893820394;22.134090123382293;57.78960032502175;0.3423492315325234;7.383280652949338;4.0;0.5900000000000002;140863.05999974196;25965.85140249515;5.424935151027088;0.3423492315325234;deltaT_shex_1_K;shex;True;True;True;True;True;True;True;True;109.47386997315061;2690.2612137064643;0.11079845539613764;140863.05999974196;0.0;0.0;135.0;4.0;151.66750933247584;4.0;140.0;8.0;131.6079600965329;8.0;131.6079600965329;8.0;123.60746184539249;8.0;30.0;4.0;46.120556649649984;4.0;109.47386997315061;2690.2612137064643;0.01076207417670046;140863.05999974196;0.0;0.0;111.76625020271251;311.4403495280962;0.7007984553961378;25965.85140249515;0.5708073077160898;0.21622250689917208;183.9886659048409;421.18568821495296;0.6007620741767007;140863.05999974196;0.665855746843725;0.2924607538500909;109.47386997315061;2690.2612137064643;0.10003638121943718;140863.05999974196;0.0;0.0;141.85999043248984;311.4403495280962;0.7007984553961378;140863.05999974196;0.5708073077160898;0.21622250689917208;158.84409928321338;347.42603398453195;0.7007984553961378;140863.05999974196;0.5708073077160898;0.21622250689917208;158.50175005168086;379.79592699821535;0.5900000000000002;140863.05999974196;0.6780014908072264;0.30399188748468636;134.4767097795405;337.05234719577015;0.5900000000000002;140863.05999974196;0.6780014908072264;0.30399188748468636;134.44113101807596;336.9896385878214;0.5900000000000002;25965.85140249515;0.6780014908072264;0.30399188748468636;111.76625020271251;2708.1861604445075;0.11079845539613764;25965.85140249515;0.0;0.0;65.81255621288238;275.5195116317893;0.11079845539613764;25965.85140249515;0.0;0.0;65.81786152037074;275.636744785736;0.11079845539613764;140863.05999974196;0.0;0.0;"Zustand 3: Temperatur 431.994 K liegt außerhalb des Boryta-Prüfbereichs; Kristallisation wurde nicht bewertet.";"Zustand 4: Temperatur 431.652 K liegt außerhalb des Boryta-Prüfbereichs; Kristallisation wurde nicht bewertet.";"Zustand 5: Temperatur 407.627 K liegt außerhalb des Boryta-Prüfbereichs; Kristallisation wurde nicht bewertet.";"Zustand 6: Temperatur 407.591 K liegt außerhalb des Boryta-Prüfbereichs; Kristallisation wurde nicht bewertet.";"Zustand 20: Temperatur 457.139 K liegt außerhalb des Boryta-Prüfbereichs; Kristallisation wurde nicht bewertet.";5
series_desorber_to_evaporator;Serie Desorber → Verdampfer;series_desorber_to_evaporator;140.0;nan;30.0;140.0;8.0;8.0;4.0;140.0;0.6000000000000002;Abwärmetemperatur [°C];hot_temperature_C;140.0;10.0;10.0;25.0;15.0;11.0;nan;nan;1.7971151102424995e-24;`gtol` termination condition is satisfied.;5;1.8954817869316066e-10;1.895845515986205e-12;1;True;;True;0;zulässig;feasible_but_near_limit_shex;False;True;True;109.44618663535988;141.77674534400091;158.65587232085386;65.85112570795042;0.09755083853379498;0.29203711129478094;0.21685434247987365;0.30340775715910223;278.89736029552216;269.8259924124747;280.8986842858819;267.7740877898582;25.958708225897915;0.5083127402885276;5.409980379272715;20.080544404214322;0.012982246485817757;0.03759838577098904;27.8897360295522;26.982599241247573;11.235947371435236;17.851605852657265;2.3598825660079505;111.98500327161781;0.023889753104321326;2708.6032823167584;311.3939192310377;252.7235589867755;0.016983371982390305;0.6939227603760161;0.5857119984064886;0.2267602153121243;1.0658141036401503e-14;-1.8954082747768553e-10;1.7053025658242404e-13;-3.7136960173711486e-14;1.0231815394945443e-12;-1.0231815394945443e-12;-7.958078640513122e-13;1.7053025658242404e-13;1.0658141036401502e-16;-1.8954082747768552e-12;1.7053025658242404e-15;-3.7136960173711486e-14;1.0231815394945442e-14;-1.0231815394945442e-14;-7.958078640513123e-15;1.7053025658242404e-15;151.68046413250732;140.0;131.599919728293;131.599919728293;123.5923214092183;46.13791820648771;32.1399185558962;24.03186135231033;65.8470850651301;35.851125707950416;5.67003192620632;19.61491645667519;22.153733092933123;57.735895622404655;0.37598903145647;7.411261411497151;4.0;0.6000000000000002;140731.7063152408;26010.432394907893;5.410586959053863;0.37598903145647;deltaT_shex_1_K;shex;True;True;True;True;True;True;True;True;109.44618663535988;2690.2190655672134;0.11090613235840618;140731.7063152408;0.0;0.0;135.0;4.0;151.68046413250732;4.0;140.0;8.0;131.599919728293;8.0;131.599919728293;8.0;123.5923214092183;8.0;30.0;4.0;46.13791820648771;4.0;109.44618663535988;2690.2190655672134;0.010818986210102577;140731.7063152408;0.0;0.0;111.98500327161781;311.3939192310381;0.7109061323584064;26010.432394907893;0.5717194833743189;0.21685434247987365;183.82038268840353;420.7000311007271;0.6108189862101028;140731.7063152408;0.6653998907948451;0.29203711129478094;109.44618663535988;2690.2190655672134;0.10008714614830361;140731.7063152408;0.0;0.0;141.77674534400091;311.3939192310381;0.7109061323584064;140731.7063152408;0.5717194833743189;0.21685434247987365;159.03186135231033;347.9088781606802;0.7109061323584064;140731.7063152408;0.5717194833743189;0.21685434247987365;158.65587232085386;379.77687253829697;0.6000000000000002;140731.7063152408;0.6773981445326385;0.30340775715910223;134.36548393250376;336.51235882846714;0.6000000000000002;140731.7063152408;0.6773981445326385;0.30340775715910223;134.32996807379368;336.4496948521822;0.6000000000000002;26010.432394907893;0.6773981445326385;0.30340775715910223;111.98500327161781;2708.6032823167584;0.11090613235840618;26010.432394907893;0.0;0.0;65.85112570795042;275.6810743679649;0.11090613235840618;26010.432394907893;0.0;0.0;65.85642578681365;275.79813053257686;0.11090613235840618;140731.7063152408;0.0;0.0;"Zustand 3: Temperatur 432.182 K liegt außerhalb des Boryta-Prüfbereichs; Kristallisation wurde nicht bewertet.";"Zustand 4: Temperatur 431.806 K liegt außerhalb des Boryta-Prüfbereichs; Kristallisation wurde nicht bewertet.";"Zustand 5: Temperatur 407.515 K liegt außerhalb des Boryta-Prüfbereichs; Kristallisation wurde nicht bewertet.";"Zustand 6: Temperatur 407.480 K liegt außerhalb des Boryta-Prüfbereichs; Kristallisation wurde nicht bewertet.";"Zustand 20: Temperatur 456.970 K liegt außerhalb des Boryta-Prüfbereichs; Kristallisation wurde nicht bewertet.";5
series_desorber_to_evaporator;Serie Desorber → Verdampfer;series_desorber_to_evaporator;140.0;nan;30.0;140.0;8.0;8.0;4.0;140.0;0.6100000000000002;Abwärmetemperatur [°C];hot_temperature_C;140.0;10.0;10.0;25.0;15.0;11.0;nan;nan;1.0904681144501671e-24;`gtol` termination condition is satisfied.;5;1.4765236853948102e-10;1.4767993191020689e-12;1;True;;True;0;zulässig;feasible_but_near_limit_shex;False;True;True;109.41970524509185;141.69460470238516;158.80325023581247;65.88830342773446;0.09797170047196957;0.2916215664956147;0.217468189893854;0.3028372291733268;279.09985488126085;270.10580273748604;281.1518033277483;268.00267926412647;26.69976338100405;0.5082355944068376;5.495009540953462;20.10022467375211;0.012975556893973247;0.03819946997814681;27.90998548812606;27.010580273748687;11.246072133109944;17.86684528427515;2.427251216468336;112.19683597048464;0.023608683208061098;2709.007239241266;311.34988257152816;253.3756544095266;0.017022092344183615;0.7039877240089574;0.5864486666929907;0.22729310838420413;1.4566126083082054e-13;-1.4764722777727002e-10;5.684341886080802e-14;-2.853273173286652e-14;-2.8421709430404007e-13;-8.526512829121202e-13;-7.958078640513122e-13;2.2737367544323206e-13;1.4566126083082053e-15;-1.4764722777727e-12;5.684341886080802e-16;-2.853273173286652e-14;-2.842170943040401e-15;-8.526512829121202e-15;-7.958078640513123e-15;2.2737367544323206e-15;151.692575052707;140.0;131.5923503789549;131.5923503789549;123.5779161904344;46.15465327377308;31.963553962665117;24.21453435953157;66.04218269671156;35.888303427734456;5.779375600475305;19.395514408470262;22.172645133863057;57.6843176860682;0.41128412371909917;7.438524856210449;4.0;0.6100000000000002;140606.15002262456;26053.46610741366;5.3968308647659855;0.41128412371909917;deltaT_shex_1_K;shex;True;True;True;True;True;True;True;True;109.41970524509185;2690.1787429412943;0.11100981635314078;140606.15002262456;0.0;0.0;135.0;4.0;151.692575052707;4.0;140.0;8.0;131.5923503789549;8.0;131.5923503789549;8.0;123.5779161904344;8.0;30.0;4.0;46.15465327377308;4.0;109.41970524509185;2690.1787429412943;0.010875820477198258;140606.15002262456;0.0;0.0;112.19683597048464;311.3498825715281;0.721009816353141;26053.46610741366;0.572603385903246;0.217468189893854;183.65612901537213;420.2250823119053;0.6208758204771985;140606.15002262456;0.664952070119272;0.2916215664956147;109.41970524509185;2690.1787429412943;0.10013399587594252;140606.15002262456;0.0;0.0;141.69460470238516;311.3498825715281;0.721009816353141;140606.15002262456;0.572603385903246;0.217468189893854;159.21453435953157;348.38095035372714;0.721009816353141;140606.15002262456;0.572603385903246;0.217468189893854;158.80325023581247;379.7535929601607;0.6100000000000002;140606.15002262456;0.6768076428086655;0.3028372291733268;134.2560798461747;335.9834890568756;0.6100000000000002;140606.15002262456;0.6768076428086655;0.3028372291733268;134.2206243995247;335.9208669749442;0.6100000000000002;26053.46610741366;0.6768076428086655;0.3028372291733268;112.19683597048464;2709.007239241266;0.11100981635314078;26053.46610741366;0.0;0.0;65.88830342773446;275.8368079144146;0.11100981635314078;26053.46610741366;0.0;0.0;65.8935985043662;275.95369448643356;0.11100981635314078;140606.15002262456;0.0;0.0;"Zustand 3: Temperatur 432.365 K liegt außerhalb des Boryta-Prüfbereichs; Kristallisation wurde nicht bewertet.";"Zustand 4: Temperatur 431.953 K liegt außerhalb des Boryta-Prüfbereichs; Kristallisation wurde nicht bewertet.";"Zustand 5: Temperatur 407.406 K liegt außerhalb des Boryta-Prüfbereichs; Kristallisation wurde nicht bewertet.";"Zustand 6: Temperatur 407.371 K liegt außerhalb des Boryta-Prüfbereichs; Kristallisation wurde nicht bewertet.";"Zustand 20: Temperatur 456.806 K liegt außerhalb des Boryta-Prüfbereichs; Kristallisation wurde nicht bewertet.";5
series_desorber_to_evaporator;Serie Desorber → Verdampfer;series_desorber_to_evaporator;140.0;nan;30.0;140.0;8.0;8.0;4.0;140.0;0.6200000000000002;Abwärmetemperatur [°C];hot_temperature_C;140.0;10.0;10.0;25.0;15.0;11.0;nan;nan;6.661717527298808e-25;`gtol` termination condition is satisfied.;5;1.1540656915126907e-10;1.1542718507612327e-12;1;True;;True;0;zulässig;feasible_but_near_limit_shex;False;True;True;109.39435669437472;141.61367140280083;158.94408787300904;65.92417488589291;0.09839502565151939;0.291213853216639;0.2180647176949241;0.3022798314061773;279.2889000531445;270.3757817578296;281.3899053395775;268.2230060034111;27.44162683835399;0.5081556387943967;5.5800677106067536;20.118651478644324;0.012969169434705963;0.03880129855093875;27.92889000531451;27.037578175783185;11.255596213583098;17.881533733560904;2.494693348951759;112.402066871425;0.023336141066365713;2709.3986341330956;311.30826167118056;254.00894142934547;0.017061280560812686;0.7140484822869548;0.5871622841901704;0.22781043677819207;2.0961010704922955e-13;-1.1535661315065227e-10;1.1368683772161603e-13;-2.1815882433884326e-14;5.684341886080802e-14;-2.2737367544323206e-12;-2.4442670110147446e-12;-5.684341886080801e-13;2.0961010704922954e-15;-1.1535661315065226e-12;1.1368683772161603e-15;-2.1815882433884326e-14;5.684341886080802e-16;-2.2737367544323207e-14;-2.4442670110147446e-14;-5.684341886080802e-15;151.70388158212586;140.0;131.58523010348154;131.58523010348154;123.56420719668097;46.17080034436782;31.791853864702148;24.392288432965586;66.23126652705719;35.92417488589291;5.886912335128045;19.18316323205653;22.190873409106814;57.63474202260727;0.44820055995654684;7.465186355455103;4.0;0.6200000000000002;140486.05120494135;26095.045019446858;5.383629386354639;0.44820055995654684;deltaT_shex_1_K;shex;True;True;True;True;True;True;True;True;109.39435669437472;2690.140141178561;0.1111097628477673;140486.05120494135;0.0;0.0;135.0;4.0;151.70388158212586;4.0;140.0;8.0;131.58523010348154;8.0;131.58523010348154;8.0;123.56420719668097;8.0;30.0;4.0;46.17080034436782;4.0;109.39435669437472;2690.140141178561;0.0109326479655403;140486.05120494135;0.0;0.0;112.402066871425;311.308261671181;0.7311097628477675;26095.045019446858;0.573460182297459;0.2180647176949241;183.495735446828;419.760427894034;0.6309326479655405;140486.05120494135;0.6645120350548943;0.291213853216639;109.39435669437472;2690.140141178561;0.100177114882227;140486.05120494135;0.0;0.0;141.61367140280083;311.308261671181;0.7311097628477675;140486.05120494135;0.573460182297459;0.2180647176949241;159.3922884329656;348.84247094157195;0.7311097628477675;140486.05120494135;0.573460182297459;0.2180647176949241;158.94408787300904;379.7261340981567;0.6200000000000002;140486.05120494135;0.6762295772292461;0.3022798314061773;134.14848504734573;335.465445649199;0.6200000000000002;140486.05120494135;0.6762295772292461;0.3022798314061773;134.11308766487195;335.40286290960074;0.6200000000000002;26095.045019446858;0.6762295772292461;0.3022798314061773;112.402066871425;2709.3986341330956;0.1111097628477673;26095.045019446858;0.0;0.0;65.92417488589291;275.98707039612333;0.1111097628477673;26095.045019446858;0.0;0.0;65.9294651740737;276.1037943374072;0.1111097628477673;140486.05120494135;0.0;0.0;"Zustand 3: Temperatur 432.542 K liegt außerhalb des Boryta-Prüfbereichs; Kristallisation wurde nicht bewertet.";"Zustand 4: Temperatur 432.094 K liegt außerhalb des Boryta-Prüfbereichs; Kristallisation wurde nicht bewertet.";"Zustand 5: Temperatur 407.298 K liegt außerhalb des Boryta-Prüfbereichs; Kristallisation wurde nicht bewertet.";"Zustand 6: Temperatur 407.263 K liegt außerhalb des Boryta-Prüfbereichs; Kristallisation wurde nicht bewertet.";"Zustand 20: Temperatur 456.646 K liegt außerhalb des Boryta-Prüfbereichs; Kristallisation wurde nicht bewertet.";5
series_desorber_to_evaporator;Serie Desorber → Verdampfer;series_desorber_to_evaporator;140.0;nan;30.0;140.0;8.0;8.0;4.0;140.0;0.6300000000000002;Abwärmetemperatur [°C];hot_temperature_C;140.0;10.0;10.0;25.0;15.0;11.0;nan;nan;4.04787275599239e-25;`gtol` termination condition is satisfied.;5;8.996022193653524e-11;8.997636085097452e-13;1;True;;True;0;zulässig;feasible_but_near_limit_shex;False;True;True;109.37007627843337;141.53403514452287;159.07858596737952;65.95882014500046;0.09882123177780464;0.29081371670354944;0.21864456258798798;0.3017351112019725;279.46511566516;270.6365320477163;281.61367998676843;268.43560081627703;28.184062675952287;0.5080728680476673;5.6651512156612895;20.13588251546321;0.012963070620163553;0.03940383921074423;27.94651156651595;27.06365320477176;11.264547199470778;17.895706721085208;2.5621875160038385;112.60099659643379;0.023071828615238675;2709.778036053779;311.26907021496396;254.6241812529568;0.01710098266289528;0.7241052280836721;0.5878538404378186;0.2283128175444278;4.973799150320701e-14;-8.993694677883468e-11;0.0;-1.7041923427996153e-14;-1.0231815394945443e-12;-1.3073986337985843e-12;-1.0800249583553523e-12;5.115907697472721e-13;4.973799150320702e-16;-8.993694677883468e-13;0.0;-1.7041923427996153e-14;-1.0231815394945442e-14;-1.3073986337985844e-14;-1.0800249583553523e-14;5.115907697472721e-15;151.71442079337083;140.0;131.57853827790763;131.57853827790763;123.5511578707223;46.18639545739927;31.624620880342775;24.56528656219058;66.41460113903452;35.95882014500046;5.992656631835985;18.977541681473838;22.208461999474252;57.58705202405724;0.48670059481105454;7.491350243895965;4.0;0.6300000000000002;140371.0922466557;26135.256035151902;5.37094766004422;0.48670059481105454;deltaT_shex_1_K;shex;True;True;True;True;True;True;True;True;109.37007627843337;2690.1031622663304;0.11120621074656711;140371.0922466557;0.0;0.0;135.0;4.0;151.71442079337083;4.0;140.0;8.0;131.57853827790763;8.0;131.57853827790763;8.0;123.5511578707223;8.0;30.0;4.0;46.18639545739927;4.0;109.37007627843337;2690.1031622663304;0.010989534727317897;140371.0922466557;0.0;0.0;112.60099659643379;311.2690702149635;0.7412062107465673;26135.256035151902;0.5742909773804274;0.21864456258798798;183.3390416737136;419.3056746876328;0.6409895347273181;140371.0922466557;0.6640795459963145;0.29081371670354944;109.37007627843337;2690.1031622663304;0.10021667601924922;140371.0922466557;0.0;0.0;141.53403514452287;311.2690702149635;0.7412062107465673;140371.0922466557;0.5742909773804274;0.21864456258798798;159.56528656219058;349.2936607638802;0.7412062107465673;140371.0922466557;0.5742909773804274;0.21864456258798798;159.07858596737952;379.69455111866085;0.6300000000000002;140371.0922466557;0.6756635543017286;0.3017351112019725;134.0426849006269;334.95794369651446;0.6300000000000002;140371.0922466557;0.6756635543017286;0.3017351112019725;134.00734336816402;334.8953979199895;0.6300000000000002;26135.256035151902;0.6756635543017286;0.3017351112019725;112.60099659643379;2709.778036053779;0.11120621074656711;26135.256035151902;0.0;0.0;65.95882014500046;276.13219711334244;0.11120621074656711;26135.256035151902;0.0;0.0;65.96410584666506;276.24876497887027;0.11120621074656711;140371.0922466557;0.0;0.0;"Zustand 3: Temperatur 432.715 K liegt außerhalb des Boryta-Prüfbereichs; Kristallisation wurde nicht bewertet.";"Zustand 4: Temperatur 432.229 K liegt außerhalb des Boryta-Prüfbereichs; Kristallisation wurde nicht bewertet.";"Zustand 5: Temperatur 407.193 K liegt außerhalb des Boryta-Prüfbereichs; Kristallisation wurde nicht bewertet.";"Zustand 6: Temperatur 407.157 K liegt außerhalb des Boryta-Prüfbereichs; Kristallisation wurde nicht bewertet.";"Zustand 20: Temperatur 456.489 K liegt außerhalb des Boryta-Prüfbereichs; Kristallisation wurde nicht bewertet.";5
series_desorber_to_evaporator;Serie Desorber → Verdampfer;series_desorber_to_evaporator;140.0;nan;30.0;140.0;8.0;8.0;4.0;140.0;0.6400000000000002;Abwärmetemperatur [°C];hot_temperature_C;140.0;10.0;10.0;25.0;15.0;11.0;nan;nan;2.6229765488476157e-25;`gtol` termination condition is satisfied.;5;7.241680120664851e-11;7.242895206818356e-13;1;True;;True;0;zulässig;feasible;True;True;True;109.34680337994678;141.45577351650542;159.20694169089887;65.99231419388235;0.09925070354515297;0.2904209131138751;0.21920833126586833;0.3012026344811957;279.62908423004575;270.8886179948392;281.82377602366114;268.640961893417;28.92684912707709;0.5079872786913537;5.75025646664595;20.151972024035672;0.012957247611156712;0.04000706019609697;27.962908423004638;27.088861799483883;11.272951040946396;17.90939745956111;2.62971355701359;112.79390897089087;0.02281545960975282;2710.14598238006;311.23231401445514;255.22209726867894;0.017141240740248587;0.7341581428111263;0.5885242695401753;0.2288008358551109;3.694822225952521e-13;-7.240075206027541e-11;0.0;-1.326716514427062e-14;1.2505552149377763e-12;3.410605131648481e-13;3.410605131648481e-13;-6.252776074688882e-13;3.694822225952521e-15;-7.240075206027541e-13;0.0;-1.326716514427062e-14;1.2505552149377763e-14;3.4106051316484808e-15;3.4106051316484808e-15;-6.252776074688882e-15;151.72422752572044;140.0;131.57225550168477;131.57225550168477;123.53873391396297;46.20147236811238;31.461668411281266;24.733684939681893;66.59243660277849;35.99231419388235;6.096624885149538;18.778346530793897;22.225452121737987;57.54113841409276;0.5267432487830206;7.517110630314505;4.0;0.6400000000000002;140260.97617066314;26174.180837562322;5.35875323247465;0.5267432487830206;deltaT_shex_1_K;shex;True;True;True;True;True;True;True;True;109.34680337994678;2690.0677143564144;0.1112993835513747;140260.97617066314;0.0;0.0;135.0;4.0;151.72422752572044;4.0;140.0;8.0;131.57225550168477;8.0;131.57225550168477;8.0;123.53873391396297;8.0;30.0;4.0;46.20147236811238;4.0;109.34680337994678;2690.0677143564144;0.011046542121615766;140260.97617066314;0.0;0.0;112.79390897089087;311.23231401445594;0.7512993835513749;26174.180837562322;0.5750968178391223;0.21920833126586833;183.1858959370017;418.86044909493387;0.6510465421216161;140260.97617066314;0.6636543730297428;0.2904209131138751;109.34680337994678;2690.0677143564144;0.10025284142975893;140260.97617066314;0.0;0.0;141.45577351650542;311.23231401445594;0.7512993835513749;140260.97617066314;0.5750968178391223;0.21920833126586833;159.7336849396819;349.73474029136906;0.7512993835513749;140260.97617066314;0.5750968178391223;0.21920833126586833;159.20694169089887;379.6589073408235;0.6400000000000002;140260.97617066314;0.6751091948826402;0.3012026344811957;133.9386628861909;334.4607055797661;0.6400000000000002;140260.97617066314;0.6751091948826402;0.3012026344811957;133.90337511485046;334.3981945482097;0.6400000000000002;26174.180837562322;0.6751091948826402;0.3012026344811957;112.79390897089087;2710.14598238006;0.1112993835513747;26174.180837562322;0.0;0.0;65.99231419388235;276.27250212129775;0.1112993835513747;26174.180837562322;0.0;0.0;65.99759549987022;276.38892008515086;0.1112993835513747;140260.97617066314;0.0;0.0;"Zustand 3: Temperatur 432.884 K liegt außerhalb des Boryta-Prüfbereichs; Kristallisation wurde nicht bewertet.";"Zustand 4: Temperatur 432.357 K liegt außerhalb des Boryta-Prüfbereichs; Kristallisation wurde nicht bewertet.";"Zustand 5: Temperatur 407.089 K liegt außerhalb des Boryta-Prüfbereichs; Kristallisation wurde nicht bewertet.";"Zustand 6: Temperatur 407.053 K liegt außerhalb des Boryta-Prüfbereichs; Kristallisation wurde nicht bewertet.";"Zustand 20: Temperatur 456.336 K liegt außerhalb des Boryta-Prüfbereichs; Kristallisation wurde nicht bewertet.";5
series_desorber_to_evaporator;Serie Desorber → Verdampfer;series_desorber_to_evaporator;140.0;nan;30.0;140.0;8.0;8.0;4.0;140.0;0.6500000000000002;Abwärmetemperatur [°C];hot_temperature_C;140.0;10.0;10.0;25.0;15.0;11.0;nan;nan;1.641700910428564e-25;`gtol` termination condition is satisfied.;5;5.729147239059201e-11;5.730097574088183e-13;1;True;;True;0;zulässig;feasible;True;True;True;109.32448117867278;141.37895302263138;159.3293484478711;66.02472729678288;0.09968379434380469;0.2900352089696912;0.21975660212198417;0.30068198489496517;279.78135370165785;271.1325684283236;282.0208042698657;268.8395552416379;29.669777935910613;0.5078988692338736;5.835379957882496;20.16697104285828;0.012951688186410588;0.04061093029146194;27.978135370165752;27.113256842832122;11.28083217079459;17.92263701610905;2.697252539633437;112.98107209759263;0.02256675904466259;2710.5029808238146;311.19799160341466;255.80337711959277;0.017182093169772927;0.7442073972646888;0.5891744538865963;0.2292750469577459;1.2789769243681803e-13;-5.7191584801330464e-11;-5.684341886080802e-14;-1.0436096431476471e-14;9.663381206337363e-13;2.3874235921539366e-12;2.1600499167107046e-12;3.410605131648481e-13;1.2789769243681803e-15;-5.719158480133046e-13;-5.684341886080802e-16;-1.0436096431476471e-14;9.663381206337363e-15;2.3874235921539365e-14;2.1600499167107046e-14;3.4106051316484808e-15;151.73333455153454;140.0;131.56636350867626;131.56636350867626;123.52690312465597;46.21606270504327;31.30281993600289;24.897633285810173;66.76500939254936;36.024727296782885;6.198835131131773;18.58529141108363;22.241882330003477;57.49689873719825;0.5682848379390748;7.542552172091973;4.0;0.6500000000000002;140155.42511562683;26211.89621977648;5.3470158717430625;0.5682848379390748;deltaT_shex_1_K;shex;True;True;True;True;True;True;True;True;109.32448117867278;2690.033711329842;0.11138949043446145;140155.42511562683;0.0;0.0;135.0;4.0;151.73333455153454;4.0;140.0;8.0;131.56636350867626;8.0;131.56636350867626;8.0;123.52690312465597;8.0;30.0;4.0;46.21606270504327;4.0;109.32448117867278;2690.033711329842;0.011103727056530054;140155.42511562683;0.0;0.0;112.98107209759263;311.19799160341404;0.7613894904344617;26211.89621977648;0.5758786959504668;0.21975660212198417;183.03615448753743;418.42439592234075;0.6611037270565303;140155.42511562683;0.6632362954812169;0.2900352089696912;109.32448117867278;2690.033711329842;0.1002857633779314;140155.42511562683;0.0;0.0;141.37895302263138;311.19799160341404;0.7613894904344617;140155.42511562683;0.5758786959504668;0.21975660212198417;159.89763328581017;350.1659289188878;0.7613894904344617;140155.42511562683;0.5758786959504668;0.21975660212198417;159.3293484478711;379.61927312640836;0.6500000000000002;140155.42511562683;0.6745661336335201;0.30068198489496517;133.8364008505394;333.9734609173153;0.6500000000000002;140155.42511562683;0.6745661336335201;0.30068198489496517;133.80116486886823;333.91098256302075;0.6500000000000002;26211.89621977648;0.6745661336335201;0.30068198489496517;112.98107209759263;2710.5029808238146;0.11138949043446145;26211.89621977648;0.0;0.0;66.02472729678288;276.40827969174813;0.11138949043446145;26211.89621977648;0.0;0.0;66.03000438745772;276.5245535712308;0.11138949043446145;140155.42511562683;0.0;0.0;"Zustand 3: Temperatur 433.048 K liegt außerhalb des Boryta-Prüfbereichs; Kristallisation wurde nicht bewertet.";"Zustand 4: Temperatur 432.479 K liegt außerhalb des Boryta-Prüfbereichs; Kristallisation wurde nicht bewertet.";"Zustand 5: Temperatur 406.986 K liegt außerhalb des Boryta-Prüfbereichs; Kristallisation wurde nicht bewertet.";"Zustand 6: Temperatur 406.951 K liegt außerhalb des Boryta-Prüfbereichs; Kristallisation wurde nicht bewertet.";"Zustand 20: Temperatur 456.186 K liegt außerhalb des Boryta-Prüfbereichs; Kristallisation wurde nicht bewertet.";5
series_desorber_to_evaporator;Serie Desorber → Verdampfer;series_desorber_to_evaporator;140.0;nan;30.0;140.0;8.0;8.0;4.0;140.0;0.6600000000000003;Abwärmetemperatur [°C];hot_temperature_C;140.0;10.0;10.0;25.0;15.0;11.0;nan;nan;4.7839397931235537e-17;`gtol` termination condition is satisfied.;4;8.461670988985578e-07;9.781553857259647e-09;1;True;;True;0;zulässig;feasible;True;True;True;109.3030561917584;141.3036298482109;159.44599506288017;66.05612554249387;0.10012084201182794;0.28965638469274885;0.22028992565336306;0.3001727617774337;279.92244183109875;271.36888082353954;282.2053421578184;269.0318186871528;30.412653097724274;0.5078076401852443;5.92051822611009;20.180927805622446;0.012946380672245086;0.041215418499553756;27.992244102302802;27.13688807251021;11.288213688724147;17.935454571510615;2.7647866569743322;113.16273922381578;0.022325462663501102;2710.849511028999;311.16609414923306;256.3686738607545;0.017223574887059168;0.7542531531279538;0.5898052258770634;0.2297359767438037;-1.0495259772369536e-08;-1.2899338130978322e-07;1.407617560289509e-07;-4.907272976861776e-09;-6.028528787282994e-08;9.843745374382706e-08;1.1449355952208862e-07;8.080707516455732e-07;-1.0495259772369536e-10;-1.2899338130978323e-09;1.4076175602895091e-09;-4.907272976861776e-09;-6.028528787282994e-10;9.843745374382706e-10;1.144935595220886e-09;8.080707516455732e-09;151.7417728367882;140.0;131.56084503116574;131.56084503116574;123.51563514219583;46.23019622150355;31.147909307403097;25.057274522986404;66.93254300231223;36.056125542493874;6.299306884848022;18.398105807349964;22.25778883940734;57.45423655382541;0.6112794601062319;7.567750680132406;4.0;0.6600000000000003;140054.17803133174;26248.474657875966;5.335707307064713;0.6112794601062319;deltaT_shex_1_K;shex;True;True;True;True;True;True;True;True;109.3030561917584;2690.001072102791;0.11147672801501274;140054.17803133174;0.0;0.0;135.0;4.0;151.7417728367882;4.0;140.0;8.0;131.56084503116574;8.0;131.56084503116574;8.0;123.51563514219583;8.0;30.0;4.0;46.23019622150355;4.0;109.3030561917584;2690.001072102791;0.011161143873586604;140054.17803133174;0.0;0.0;113.16273922381578;311.1660941492317;0.771476728015013;26248.474657875966;0.5766375513280072;0.22028992565336306;182.88968214419128;417.9971809203965;0.6711611438735868;140054.17803133174;0.6628251058887028;0.28965638469274885;109.3030561917584;2690.001072102791;0.10031558414142613;140054.17803133174;0.0;0.0;141.3036298482109;311.1660941492317;0.771476728015013;140054.17803133174;0.5766375513280072;0.22028992565336306;160.0572745229864;350.58744283459663;0.771476728015013;140054.17803133174;0.5766375513280072;0.22028992565336306;159.44599506288017;379.5757230869517;0.6600000000000003;140054.17803133174;0.6740340171956363;0.3001727617774337;133.7358791680785;333.49594565025546;0.6600000000000003;140054.17803133174;0.6740340171956363;0.3001727617774337;133.70069311515198;333.4334980464683;0.6600000000000003;26248.474657875966;0.6740340171956363;0.3001727617774337;113.16273922381578;2710.849511028999;0.11147672801501274;26248.474657875966;0.0;0.0;66.05612554249387;276.53980661254104;0.11147672801501274;26248.474657875966;0.0;0.0;66.06139858837042;276.655941889408;0.11147672801501274;140054.17803133174;0.0;0.0;"Zustand 3: Temperatur 433.207 K liegt außerhalb des Boryta-Prüfbereichs; Kristallisation wurde nicht bewertet.";"Zustand 4: Temperatur 432.596 K liegt außerhalb des Boryta-Prüfbereichs; Kristallisation wurde nicht bewertet.";"Zustand 5: Temperatur 406.886 K liegt außerhalb des Boryta-Prüfbereichs; Kristallisation wurde nicht bewertet.";"Zustand 6: Temperatur 406.851 K liegt außerhalb des Boryta-Prüfbereichs; Kristallisation wurde nicht bewertet.";"Zustand 20: Temperatur 456.040 K liegt außerhalb des Boryta-Prüfbereichs; Kristallisation wurde nicht bewertet.";5
series_desorber_to_evaporator;Serie Desorber → Verdampfer;series_desorber_to_evaporator;140.0;nan;30.0;140.0;8.0;8.0;4.0;140.0;0.6700000000000003;Abwärmetemperatur [°C];hot_temperature_C;140.0;10.0;10.0;25.0;15.0;11.0;nan;nan;3.7550484103491087e-17;`gtol` termination condition is satisfied.;4;7.369574556900834e-07;8.66608147936437e-09;1;True;;True;0;zulässig;feasible;True;True;True;109.28247881348801;141.22985157099419;159.55706818354378;66.0865702213298;0.10056211329268093;0.2892842175237853;0.22080883083449054;0.29967458445891565;280.0528310191209;271.5980163160765;282.37792873164017;269.2181567850395;31.15529270661596;0.5077135940092751;6.005668020054084;20.193887283788342;0.012941314079762112;0.04182049548613089;28.005283031492308;27.159801623037126;11.295117151215932;17.947877112324456;2.8322993468589956;113.33915021645277;0.022091316307407596;2711.1860274867304;311.1366089132022;256.91861111517414;0.017265717407534686;0.7642955606655694;0.5904173781049559;0.23018412856785894;-8.951829499892483e-09;-1.0883299239594635e-07;1.245346084033372e-07;-4.559870425691059e-09;-4.8758124648884404e-08;8.57052100400324e-08;1.0017271279139095e-07;7.041978165034379e-07;-8.951829499892483e-11;-1.0883299239594635e-09;1.245346084033372e-09;-4.559870425691059e-09;-4.875812464888441e-10;8.57052100400324e-10;1.0017271279139095e-09;7.041978165034379e-09;151.74957123320104;140.0;131.5556839494127;131.5556839494127;123.50490174890314;46.24390049737298;30.996776256783903;25.21274766327059;67.09524971907979;36.086570221329794;6.3980606738281836;18.21653373295993;22.273205135924684;57.41306236516374;0.655679479726814;7.592774362278874;4.0;0.6700000000000003;139956.99311177334;26283.983525400345;5.324801431888037;0.655679479726814;deltaT_shex_1_K;shex;True;True;True;True;True;True;True;True;109.28247881348801;2689.969721454397;0.11156127807310379;139956.99311177334;0.0;0.0;135.0;4.0;151.74957123320104;4.0;140.0;8.0;131.5556839494127;8.0;131.5556839494127;8.0;123.50490174890314;8.0;30.0;4.0;46.24390049737298;4.0;109.28247881348801;2689.969721454397;0.011218837884663744;139956.99311177334;0.0;0.0;113.33915021645277;311.13660891320114;0.781561278073104;26283.983525400345;0.577374281051849;0.22080883083449054;182.74634748998494;417.57847495571536;0.681218837884664;139956.99311177334;0.6624205915774954;0.2892842175237853;109.28247881348801;2689.969721454397;0.10034244018844005;139956.99311177334;0.0;0.0;141.22985157099419;311.13660891320114;0.781561278073104;139956.99311177334;0.577374281051849;0.22080883083449054;160.2127476632706;350.999500769138;0.781561278073104;139956.99311177334;0.577374281051849;0.22080883083449054;159.55706818354378;379.5283422983078;0.6700000000000003;139956.99311177334;0.673512508993168;0.29967458445891565;133.6370772087153;333.02790540940066;0.6700000000000003;139956.99311177334;0.673512508993168;0.29967458445891565;133.60193932617182;332.96548675942137;0.6700000000000003;26283.983525400345;0.673512508993168;0.29967458445891565;113.33915021645277;2711.1860274867304;0.11156127807310379;26283.983525400345;0.0;0.0;66.0865702213298;276.6673395768989;0.11156127807310379;26283.983525400345;0.0;0.0;66.0918393837394;276.78334142183365;0.11156127807310379;139956.99311177334;0.0;0.0;"Zustand 3: Temperatur 433.363 K liegt außerhalb des Boryta-Prüfbereichs; Kristallisation wurde nicht bewertet.";"Zustand 4: Temperatur 432.707 K liegt außerhalb des Boryta-Prüfbereichs; Kristallisation wurde nicht bewertet.";"Zustand 5: Temperatur 406.787 K liegt außerhalb des Boryta-Prüfbereichs; Kristallisation wurde nicht bewertet.";"Zustand 6: Temperatur 406.752 K liegt außerhalb des Boryta-Prüfbereichs; Kristallisation wurde nicht bewertet.";"Zustand 20: Temperatur 455.896 K liegt außerhalb des Boryta-Prüfbereichs; Kristallisation wurde nicht bewertet.";5
series_desorber_to_evaporator;Serie Desorber → Verdampfer;series_desorber_to_evaporator;140.0;nan;30.0;140.0;8.0;8.0;4.0;140.0;0.6800000000000003;Abwärmetemperatur [°C];hot_temperature_C;140.0;10.0;10.0;25.0;15.0;11.0;nan;nan;2.968528224787334e-17;`gtol` termination condition is satisfied.;4;6.434297074228999e-07;7.705229684814508e-09;1;True;;True;0;zulässig;feasible;True;True;True;109.26270188300737;141.1576567652359;159.66274820699658;66.11611951722739;0.10100789296368134;0.2889185064642787;0.2213138190249965;0.299187083747761;280.17298185456934;271.82041289766715;282.53907839277304;269.3989537425082;31.897524504881137;0.5076167351082238;6.090826040571091;20.205892407353815;0.012936477823829895;0.04242613141326968;28.01729812396483;27.18204128229203;11.301563137433233;17.959930243670566;2.899774963385001;113.51053159425913;0.02186407571390075;2711.512959382614;311.1095154872586;257.4537797779899;0.017308549340741664;0.7743347639751388;0.5910116555553558;0.23061997698096046;-7.718327310612949e-09;-9.235387565809106e-08;1.1035683655791217e-07;-4.239361139912745e-09;-4.3057752918684855e-08;7.474687890862697e-08;8.744967772145174e-08;6.149210207695432e-07;-7.718327310612949e-11;-9.235387565809105e-10;1.1035683655791218e-09;-4.239361139912745e-09;-4.3057752918684856e-10;7.474687890862697e-10;8.744967772145173e-10;6.149210207695433e-09;151.75675728795272;140.0;131.5508648805989;131.5508648805989;123.49467607250955;46.25720172832939;30.849271792618538;25.364184108949928;67.25332986592974;36.11611951722739;6.495118255962382;18.040333286339774;22.28816299759154;57.37329112375613;0.7014359019533458;7.617683648146226;4.0;0.6800000000000003;139863.6409236404;26318.48701206589;5.314273607731287;0.7014359019533458;deltaT_shex_1_K;shex;True;True;True;True;True;True;True;True;109.26270188300737;2689.939587849645;0.11164331331588018;139863.6409236404;0.0;0.0;135.0;4.0;151.75675728795272;4.0;140.0;8.0;131.5508648805989;8.0;131.5508648805989;8.0;123.49467607250955;8.0;30.0;4.0;46.25720172832939;4.0;109.26270188300737;2689.939587849645;0.011276855841521166;139863.6409236404;0.0;0.0;113.51053159425913;311.109515487258;0.7916433133158804;26318.48701206589;0.5780897319704957;0.2213138190249965;182.60602908057126;417.1679757598175;0.6912768558415214;139863.6409236404;0.6620225618479119;0.2889185064642787;109.26270188300737;2689.939587849645;0.10036645747435902;139863.6409236404;0.0;0.0;141.1576567652359;311.109515487258;0.7916433133158804;139863.6409236404;0.5780897319704957;0.2213138190249965;160.36418410894993;351.402313984191;0.7916433133158804;139863.6409236404;0.5780897319704957;0.2213138190249965;159.66274820699658;379.47721440705016;0.6800000000000003;139863.6409236404;0.6730012806044299;0.299187083747761;133.5399731170897;332.56909012381567;0.6800000000000003;139863.6409236404;0.6730012806044299;0.299187083747761;133.50488174403762;332.5066987540903;0.6800000000000003;26318.48701206589;0.6730012806044299;0.299187083747761;113.51053159425913;2711.512959382614;0.11164331331588018;26318.48701206589;0.0;0.0;66.11611951722739;276.79112227100137;0.11164331331588018;26318.48701206589;0.0;0.0;66.12138494875342;276.90699555924056;0.11164331331588018;139863.6409236404;0.0;0.0;"Zustand 3: Temperatur 433.514 K liegt außerhalb des Boryta-Prüfbereichs; Kristallisation wurde nicht bewertet.";"Zustand 4: Temperatur 432.813 K liegt außerhalb des Boryta-Prüfbereichs; Kristallisation wurde nicht bewertet.";"Zustand 5: Temperatur 406.690 K liegt außerhalb des Boryta-Prüfbereichs; Kristallisation wurde nicht bewertet.";"Zustand 6: Temperatur 406.655 K liegt außerhalb des Boryta-Prüfbereichs; Kristallisation wurde nicht bewertet.";"Zustand 20: Temperatur 455.756 K liegt außerhalb des Boryta-Prüfbereichs; Kristallisation wurde nicht bewertet.";5
series_desorber_to_evaporator;Serie Desorber → Verdampfer;series_desorber_to_evaporator;140.0;nan;30.0;140.0;8.0;8.0;4.0;140.0;0.6900000000000003;Abwärmetemperatur [°C];hot_temperature_C;140.0;10.0;10.0;25.0;15.0;11.0;nan;nan;2.3644919714964324e-17;`gtol` termination condition is satisfied.;4;5.632947266196471e-07;6.876760823958373e-09;1;True;;True;0;zulässig;feasible;True;True;True;109.24368129681528;141.0870766316766;159.76321185132736;66.14482780054192;0.10145842597761526;0.28855905449111585;0.22180537037969753;0.29870990654954993;280.2833272387179;272.03647977543795;282.68927515414015;269.5745676939797;32.63918785201888;0.5075170697274848;6.175989116333072;20.216983541614127;0.012931861869424306;0.04303229742918489;28.028332670051622;27.203647970983585;11.30757100768475;17.9716378410986;2.967198902810629;113.67709790604312;0.021643505922317823;2711.8307133365884;311.084789346355;257.9747431225117;0.01735209638626123;0.7843708984252455;0.5915887656612039;0.23104397456544915;-6.7373377987678396e-09;-7.889804010119406e-08;9.79882202045701e-08;-3.944781445941459e-09;-3.7978622913215077e-08;6.560208021255676e-08;7.750065833533881e-08;5.382016752264462e-07;-6.737337798767839e-11;-7.889804010119405e-10;9.79882202045701e-10;-3.944781445941459e-09;-3.797862291321508e-10;6.560208021255676e-10;7.750065833533881e-10;5.3820167522644625e-09;151.76335689226784;140.0;131.5463733506537;131.5463733506537;123.484932929183;46.27012438848311;30.705253614208004;25.511710631016456;67.40697351756;36.14482780054192;6.59050217990881;17.869275444610594;22.302692053838427;57.33484328358935;0.7484987796891005;7.642532378303713;4.0;0.6900000000000003;139773.90720998528;26352.0452534464;5.304100910031082;0.7484987796891005;deltaT_shex_1_K;shex;True;True;True;True;True;True;True;True;109.24368129681528;2689.9106043767392;0.11172299481150649;139773.90720998528;0.0;0.0;135.0;4.0;151.76335689226784;4.0;140.0;8.0;131.5463733506537;8.0;131.5463733506537;8.0;123.484932929183;8.0;30.0;4.0;46.27012438848311;4.0;109.24368129681528;2689.9106043767392;0.011335239199080725;139773.90720998528;0.0;0.0;113.67709790604312;311.0847893463543;0.8017229948115068;26352.0452534464;0.5787847107080389;0.22180537037969753;182.46861050647584;416.7653915553496;0.701335239199081;139773.90720998528;0.6616308287811898;0.28855905449111585;109.24368129681528;2689.9106043767392;0.10038775561242577;139773.90720998528;0.0;0.0;141.0870766316766;311.0847893463543;0.8017229948115068;139773.90720998528;0.5787847107080389;0.22180537037969753;160.51171063101646;351.79609245634265;0.8017229948115068;139773.90720998528;0.5787847107080389;0.22180537037969753;159.76321185132736;379.42242833275907;0.6900000000000003;139773.90720998528;0.6725000168405223;0.29870990654954993;133.4445442533729;332.1192575229675;0.6900000000000003;139773.90720998528;0.6725000168405223;0.29870990654954993;133.4094978200912;332.05689187451935;0.6900000000000003;26352.0452534464;0.6725000168405223;0.29870990654954993;113.67709790604312;2711.8307133365884;0.11172299481150649;26352.0452534464;0.0;0.0;66.14482780054192;276.91138241098565;0.11172299481150649;26352.0452534464;0.0;0.0;66.15008964559365;277.0271317416516;0.11172299481150649;139773.90720998528;0.0;0.0;"Zustand 3: Temperatur 433.662 K liegt außerhalb des Boryta-Prüfbereichs; Kristallisation wurde nicht bewertet.";"Zustand 4: Temperatur 432.913 K liegt außerhalb des Boryta-Prüfbereichs; Kristallisation wurde nicht bewertet.";"Zustand 5: Temperatur 406.595 K liegt außerhalb des Boryta-Prüfbereichs; Kristallisation wurde nicht bewertet.";"Zustand 6: Temperatur 406.559 K liegt außerhalb des Boryta-Prüfbereichs; Kristallisation wurde nicht bewertet.";"Zustand 20: Temperatur 455.619 K liegt außerhalb des Boryta-Prüfbereichs; Kristallisation wurde nicht bewertet.";5
series_desorber_to_evaporator;Serie Desorber → Verdampfer;series_desorber_to_evaporator;140.0;nan;30.0;140.0;8.0;8.0;4.0;140.0;0.7000000000000003;Abwärmetemperatur [°C];hot_temperature_C;140.0;10.0;10.0;25.0;15.0;11.0;nan;nan;1.8935175695444098e-17;`gtol` termination condition is satisfied.;4;4.938451682826989e-07;6.153889127282697e-09;1;True;;True;0;zulässig;feasible;True;True;True;109.22537560469948;141.01813550821458;159.85863137703046;66.17274611363945;0.10191393418257289;0.28820567256094665;0.2222839437606726;0.2982427138442312;280.38427614121076;272.2466011083067;282.82897655089545;269.74533427090205;33.380132454513245;0.507414605873043;6.261154157929077;20.227198828747532;0.012927456662299828;0.04363896529650389;28.038427566938996;27.224660105108175;11.313159063378265;17.983022280211408;3.0345575020434477;113.83905233669441;0.021429380923558197;2712.1396745068964;311.06240164460036;258.4820374848574;0.01739638158222334;0.7944040919955638;0.5921493789473046;0.2314565519433174;-5.761080501542892e-09;-6.796467744152324e-08;8.725709221835132e-08;-3.671974224683794e-09;-3.3561207146703964e-08;5.722495188820176e-08;6.773092309231288e-08;4.7182078333207755e-07;-5.761080501542892e-11;-6.796467744152323e-10;8.725709221835132e-10;-3.671974224683794e-09;-3.356120714670396e-10;5.722495188820176e-10;6.773092309231288e-10;4.718207833320775e-09;151.7693945060533;140.0;131.54219567730576;131.54219567730576;123.47564859982663;46.2826914538461;30.56458666663292;25.655448925159078;67.55636088284831;36.17274611363945;6.684235706989284;17.703143340611348;22.316820072606276;57.29764409092269;0.7968175481286153;7.66736823766206;4.0;0.7000000000000003;139687.59089977338;26384.714855018876;5.2942619113885225;0.7968175481286153;deltaT_shex_1_K;shex;True;True;True;True;True;True;True;True;109.22537560469948;2689.8827081353625;0.11180047357778689;139687.59089977338;0.0;0.0;135.0;4.0;151.7693945060533;4.0;140.0;8.0;131.54219567730576;8.0;131.54219567730576;8.0;123.47564859982663;8.0;30.0;4.0;46.2826914538461;4.0;109.22537560469948;2689.8827081353625;0.01139402610578705;139687.59089977338;0.0;0.0;113.83905233669441;311.0624016446024;0.8118004735777872;26384.714855018876;0.5794599843421944;0.2222839437606726;182.3339811726862;416.37044417845334;0.7113940261057874;139687.59089977338;0.6612452116801911;0.28820567256094665;109.22537560469948;2689.8827081353625;0.10040644747199984;139687.59089977338;0.0;0.0;141.01813550821458;311.0624016446024;0.8118004735777872;139687.59089977338;0.5794599843421944;0.2222839437606726;160.65544892515908;352.181042912942;0.8118004735777872;139687.59089977338;0.5794599843421944;0.2222839437606726;159.85863137703046;379.36407560688923;0.7000000000000003;139687.59089977338;0.6720084138691005;0.2982427138442312;133.35076727055252;331.67817209221164;0.7000000000000003;139687.59089977338;0.6720084138691005;0.2982427138442312;133.31576429301072;331.6158307132166;0.7000000000000003;26384.714855018876;0.6720084138691005;0.2982427138442312;113.83905233669441;2712.1396745068964;0.11180047357778689;26384.714855018876;0.0;0.0;66.17274611363945;277.0283337764207;0.11180047357778689;26384.714855018876;0.0;0.0;66.17800450890394;277.14396348932445;0.11180047357778689;139687.59089977338;0.0;0.0;"Zustand 3: Temperatur 433.805 K liegt außerhalb des Boryta-Prüfbereichs; Kristallisation wurde nicht bewertet.";"Zustand 4: Temperatur 433.009 K liegt außerhalb des Boryta-Prüfbereichs; Kristallisation wurde nicht bewertet.";"Zustand 5: Temperatur 406.501 K liegt außerhalb des Boryta-Prüfbereichs; Kristallisation wurde nicht bewertet.";"Zustand 6: Temperatur 406.466 K liegt außerhalb des Boryta-Prüfbereichs; Kristallisation wurde nicht bewertet.";"Zustand 20: Temperatur 455.484 K liegt außerhalb des Boryta-Prüfbereichs; Kristallisation wurde nicht bewertet.";5
series_desorber_to_evaporator;Serie Desorber → Verdampfer;series_desorber_to_evaporator;140.0;nan;30.0;140.0;8.0;8.0;4.0;140.0;0.7100000000000003;Abwärmetemperatur [°C];hot_temperature_C;140.0;10.0;10.0;25.0;15.0;11.0;nan;nan;1.5241573154723847e-17;`gtol` termination condition is satisfied.;4;4.334587263307086e-07;5.5211544362975115e-09;1;True;;True;0;zulässig;feasible;True;True;True;109.20774583085444;140.95085154306452;159.9491745192483;66.19992239292094;0.10237461783730957;0.28785817920941503;0.22274997787693157;0.2977851800540113;280.47621521930853;272.4511376798311;282.95861539906866;269.9115681345821;34.12021777495447;0.50730935321318;6.346318156610609;20.236574337251398;0.012923253105171985;0.04424610739483168;28.047621480527056;27.24511376298455;11.318344617161952;17.99410453832022;3.101837984854295;113.99658740806046;0.021221483289126996;2712.440207910013;311.0423197419617;258.9761737403562;0.01744142549214278;0.8044344657693809;0.5926941313651293;0.23185811906186563;-4.988905288882961e-09;-5.8442779504730424e-08;7.769170906612999e-08;-3.4198931464501925e-09;-2.998012860189192e-08;4.998560143576469e-08;5.9778869854199e-08;4.140379701311758e-07;-4.988905288882961e-11;-5.844277950473042e-10;7.769170906612999e-10;-3.4198931464501925e-09;-2.998012860189192e-10;4.998560143576469e-10;5.9778869854199e-10;4.140379701311758e-09;151.77489325474335;140.0;131.53831891749195;131.53831891749195;123.46680073164919;46.29492450238223;30.427142692558903;25.79551584908404;67.70166290567823;36.19992239292094;6.776342677852085;17.541731509431486;22.330573086637514;57.26162326384923;0.8463413298357523;7.692233295664948;4.0;0.7100000000000003;139604.50319112913;26416.549113949444;5.28473657134156;0.8463413298357523;deltaT_shex_1_K;shex;True;True;True;True;True;True;True;True;109.20774583085444;2689.8558399675267;0.11187589126152342;139604.50319112913;0.0;0.0;135.0;4.0;151.77489325474335;4.0;140.0;8.0;131.53831891749195;8.0;131.53831891749195;8.0;123.46680073164919;8.0;30.0;4.0;46.29492450238223;4.0;109.20774583085444;2689.8558399675267;0.011453251613106862;139604.50319112913;0.0;0.0;113.99658740806046;311.0423197419612;0.8218758912615237;26416.549113949444;0.5801162827608005;0.22274997787693157;182.20203594730225;415.9828683012722;0.7214532516131071;139604.50319112913;0.6608655367249385;0.28785817920941503;109.20774583085444;2689.8558399675267;0.10042263964841655;139604.50319112913;0.0;0.0;140.95085154306452;311.0423197419612;0.8218758912615237;139604.50319112913;0.5801162827608005;0.22274997787693157;160.79551584908404;352.5573685926852;0.8218758912615237;139604.50319112913;0.5801162827608005;0.22274997787693157;159.9491745192483;379.3022497054343;0.7100000000000003;139604.50319112913;0.6715261787737392;0.2977851800540113;133.25861824739957;331.2456049449507;0.7100000000000003;139604.50319112913;0.6715261787737392;0.2977851800540113;133.22365732214791;331.1832864838312;0.7100000000000003;26416.549113949444;0.6715261787737392;0.2977851800540113;113.99658740806046;2712.440207910013;0.11187589126152342;26416.549113949444;0.0;0.0;66.19992239292094;277.14217713997306;0.11187589126152342;26416.549113949444;0.0;0.0;66.20517746779996;277.2576913312742;0.11187589126152342;139604.50319112913;0.0;0.0;"Zustand 3: Temperatur 433.946 K liegt außerhalb des Boryta-Prüfbereichs; Kristallisation wurde nicht bewertet.";"Zustand 4: Temperatur 433.099 K liegt außerhalb des Boryta-Prüfbereichs; Kristallisation wurde nicht bewertet.";"Zustand 5: Temperatur 406.409 K liegt außerhalb des Boryta-Prüfbereichs; Kristallisation wurde nicht bewertet.";"Zustand 6: Temperatur 406.374 K liegt außerhalb des Boryta-Prüfbereichs; Kristallisation wurde nicht bewertet.";"Zustand 20: Temperatur 455.352 K liegt außerhalb des Boryta-Prüfbereichs; Kristallisation wurde nicht bewertet.";5
series_desorber_to_evaporator;Serie Desorber → Verdampfer;series_desorber_to_evaporator;140.0;nan;30.0;140.0;8.0;8.0;4.0;140.0;0.7200000000000003;Abwärmetemperatur [°C];hot_temperature_C;140.0;10.0;10.0;25.0;15.0;11.0;nan;nan;1.235115370327077e-17;`gtol` termination condition is satisfied.;4;3.813723100429972e-07;4.970141588178504e-09;1;True;;True;0;zulässig;feasible;True;True;True;109.19075530818975;140.8852373154316;160.0350044424485;66.22640167449242;0.1028406570433576;0.28751640016437646;0.2232038923550955;0.297336992443285;280.5595102975395;272.65042844479035;283.0786014082579;270.07356439050346;34.85931246389539;0.5072013229712418;6.431478183030458;20.245144198664377;0.012919242534595504;0.044853696720320926;28.05595099334074;27.26504284009669;11.323144057394604;18.004904289194887;3.1690284104393713;114.14988563240638;0.02101960381995041;2712.73265965159;311.0245076988741;259.4576386970287;0.017487246381953425;0.8144621343840005;0.5932236264613654;0.23224906639660503;-4.313577051107131e-09;-5.093769317454644e-08;6.954246600798797e-08;-3.187293429185445e-09;-2.6607210656948155e-08;4.382343377073994e-08;5.2580162446247414e-08;3.64132063168654e-07;-4.313577051107131e-11;-5.093769317454643e-10;6.954246600798797e-10;-3.187293429185445e-09;-2.6607210656948155e-10;4.382343377073994e-10;5.258016244624741e-10;3.64132063168654e-09;151.7798750177954;140.0;131.53473081913103;131.53473081913103;123.45836824764467;46.306843806506606;30.292799813588033;25.93202364830813;67.84304182589977;36.22640167449242;6.866847392981526;17.384845186724647;22.343975510941277;57.22671469608076;0.8970192058596353;7.717164507814971;4.0;0.7200000000000003;139524.46670507302;26447.598225910882;5.275506135312506;0.8970192058596353;deltaT_shex_1_K;shex;True;True;True;True;True;True;True;True;109.19075530818975;2689.829944208147;0.11194938076595362;139524.46670507302;0.0;0.0;135.0;4.0;151.7798750177954;4.0;140.0;8.0;131.53473081913103;8.0;131.53473081913103;8.0;123.45836824764467;8.0;30.0;4.0;46.306843806506606;4.0;109.19075530818975;2689.829944208147;0.01151294787356769;139524.46670507302;0.0;0.0;114.14988563240638;311.0245076988732;0.8319493807659539;26447.598225910882;0.5807543008565133;0.2232038923550955;182.07267483138344;415.60241069602966;0.731512947873568;139524.46670507302;0.6604916366368151;0.28751640016437646;109.19075530818975;2689.829944208147;0.10043643289238594;139524.46670507302;0.0;0.0;140.8852373154316;311.0245076988732;0.8319493807659539;139524.46670507302;0.5807543008565133;0.2232038923550955;160.93202364830813;352.9252690550525;0.8319493807659539;139524.46670507302;0.5807543008565133;0.2232038923550955;160.0350044424485;379.23704545100884;0.7200000000000003;139524.46670507302;0.671053029131584;0.297336992443285;133.16807280761662;330.8213336896075;0.7200000000000003;139524.46670507302;0.671053029131584;0.297336992443285;133.13315260701847;330.75903688860706;0.7200000000000003;26447.598225910882;0.671053029131584;0.297336992443285;114.14988563240638;2712.73265965159;0.11194938076595362;26447.598225910882;0.0;0.0;66.22640167449242;277.25310112856863;0.11194938076595362;26447.598225910882;0.0;0.0;66.23165355156391;277.3685036653777;0.11194938076595362;139524.46670507302;0.0;0.0;"Zustand 3: Temperatur 434.082 K liegt außerhalb des Boryta-Prüfbereichs; Kristallisation wurde nicht bewertet.";"Zustand 4: Temperatur 433.185 K liegt außerhalb des Boryta-Prüfbereichs; Kristallisation wurde nicht bewertet.";"Zustand 5: Temperatur 406.318 K liegt außerhalb des Boryta-Prüfbereichs; Kristallisation wurde nicht bewertet.";"Zustand 6: Temperatur 406.283 K liegt außerhalb des Boryta-Prüfbereichs; Kristallisation wurde nicht bewertet.";"Zustand 20: Temperatur 455.223 K liegt außerhalb des Boryta-Prüfbereichs; Kristallisation wurde nicht bewertet.";5
series_desorber_to_evaporator;Serie Desorber → Verdampfer;series_desorber_to_evaporator;140.0;nan;30.0;140.0;8.0;8.0;4.0;140.0;0.7300000000000003;Abwärmetemperatur [°C];hot_temperature_C;140.0;10.0;10.0;25.0;15.0;11.0;nan;nan;1.0066746889650393e-17;`gtol` termination condition is satisfied.;4;3.3613204906283026e-07;4.487036190995208e-09;1;True;;True;0;zulässig;feasible;True;True;True;109.17436952535672;140.8213004069126;160.1162797163093;66.25222628535937;0.10331221310893086;0.28718016798343443;0.22364608874176017;0.2968978505454224;280.63450773146985;272.84479196830597;283.18932266977424;270.23159990272234;35.59729381419457;0.5070905278155752;6.516631385776425;20.252940733633807;0.012915416699256468;0.0454617068837235;28.06345074105741;27.284479192987504;11.327572907740848;18.015439990413288;3.2361176234750735;114.29912012128472;0.02082354121387502;2713.017358073578;311.0089267372855;259.9268964074165;0.017533860388173284;0.8244872064460415;0.5937384373879221;0.2326297660731349;-3.6963925253985508e-09;-4.403123909924034e-08;6.200133384481887e-08;-2.972524504318841e-09;-2.3746963506710017e-08;3.8430925997090526e-08;4.652304141927743e-08;3.2089576507132733e-07;-3.696392525398551e-11;-4.4031239099240337e-10;6.200133384481887e-10;-2.972524504318841e-09;-2.3746963506710015e-10;3.8430925997090527e-10;4.6523041419277434e-10;3.2089576507132734e-09;151.7843605102554;140.0;131.5314197766216;131.5314197766216;123.45033126278418;46.31846841915706;30.161442142366468;26.065080170224007;67.98065170212766;36.25222628535937;6.955774505969316;17.232299655336874;22.357050251264866;57.19285618210557;0.9488004539147141;7.742194180662409;4.0;0.7300000000000003;139447.31470653546;26477.90947865104;5.26655304184686;0.9488004539147141;deltaT_shex_1_K;shex;True;True;True;True;True;True;True;True;109.17436952535672;2689.8049684546445;0.11202106683421442;139447.31470653546;0.0;0.0;135.0;4.0;151.7843605102554;4.0;140.0;8.0;131.5314197766216;8.0;131.5314197766216;8.0;123.45033126278418;8.0;30.0;4.0;46.31846841915706;4.0;109.17436952535672;2689.8049684546445;0.011573144329466148;139447.31470653546;0.0;0.0;114.29912012128472;311.0089267372847;0.8420210668342147;26477.90947865104;0.5813747005667129;0.22364608874176017;181.94580265262186;415.2288295501338;0.7415731443294664;139447.31470653546;0.6601233503631866;0.28718016798343443;109.17436952535672;2689.8049684546445;0.10044792250474828;139447.31470653546;0.0;0.0;140.8213004069126;311.0089267372847;0.8420210668342147;139447.31470653546;0.5813747005667129;0.22364608874176017;161.065080170224;353.2849400299584;0.8420210668342147;139447.31470653546;0.5813747005667129;0.22364608874176017;160.1162797163093;379.1685584790373;0.7300000000000003;139447.31470653546;0.6705886926049391;0.2968978505454224;133.0791062262502;330.4051422901456;0.7300000000000003;139447.31470653546;0.6705886926049391;0.2968978505454224;133.04422549403068;330.34286597934596;0.7300000000000003;26477.90947865104;0.6705886926049391;0.2968978505454224;114.29912012128472;2713.017358073578;0.11202106683421442;26477.90947865104;0.0;0.0;66.25222628535937;277.36128302384964;0.11202106683421442;26477.90947865104;0.0;0.0;66.2574750806786;277.47657755785343;0.11202106683421442;139447.31470653546;0.0;0.0;"Zustand 3: Temperatur 434.215 K liegt außerhalb des Boryta-Prüfbereichs; Kristallisation wurde nicht bewertet.";"Zustand 4: Temperatur 433.266 K liegt außerhalb des Boryta-Prüfbereichs; Kristallisation wurde nicht bewertet.";"Zustand 5: Temperatur 406.229 K liegt außerhalb des Boryta-Prüfbereichs; Kristallisation wurde nicht bewertet.";"Zustand 6: Temperatur 406.194 K liegt außerhalb des Boryta-Prüfbereichs; Kristallisation wurde nicht bewertet.";"Zustand 20: Temperatur 455.096 K liegt außerhalb des Boryta-Prüfbereichs; Kristallisation wurde nicht bewertet.";5
series_desorber_to_evaporator;Serie Desorber → Verdampfer;series_desorber_to_evaporator;140.0;nan;30.0;140.0;8.0;8.0;4.0;140.0;0.7400000000000003;Abwärmetemperatur [°C];hot_temperature_C;140.0;10.0;10.0;25.0;15.0;11.0;nan;nan;8.240982659006534e-18;`gtol` termination condition is satisfied.;4;2.964811554421967e-07;4.059798679492995e-09;1;True;;True;0;zulässig;feasible;True;True;True;109.15855598471052;140.75904392646657;160.1931543101078;66.2774360209769;0.10378942986038105;0.2868493217118155;0.22407695144466272;0.2964674656174709;280.701535662627;273.0345277623619;283.2911470293378;270.3859345126489;36.3340472383492;0.5069769817469693;6.601774989808521;20.25999456802009;0.012911767739093591;0.04607011210581534;28.070153537971496;27.303452772879705;11.331645882024075;18.02572896477092;3.3030952070128023;114.44445515337082;0.020633101749478605;2713.2946148242613;310.9955356681659;260.3843894047486;0.017581281676789406;0.8345097849139951;0.5942391087688844;0.23300057291586768;-3.157403227760369e-09;-3.879162591147178e-08;5.543165570998099e-08;-2.7735585494959025e-09;-2.1264042970869923e-08;3.3564845125511056e-08;4.1085058910539374e-08;2.829120262504148e-07;-3.157403227760369e-11;-3.8791625911471784e-10;5.543165570998098e-10;-2.7735585494959025e-09;-2.1264042970869923e-10;3.3564845125511056e-10;4.1085058910539375e-10;2.829120262504148e-09;151.7883693578126;140.0;131.5283747897925;131.5283747897925;123.4426710065195;46.3298162537298;30.032959421534372;26.19478906695076;68.11463889964102;36.27743602097689;7.043148928052574;17.083919636421683;22.36981880508199;57.159989161968326;1.001634756842975;7.767350401608155;4.0;0.7400000000000003;139372.89038338128;26507.52743286497;5.257860837317548;1.001634756842975;deltaT_shex_1_K;shex;True;True;True;True;True;True;True;True;109.15855598471052;2689.780863352914;0.11209106659078416;139372.89038338128;0.0;0.0;135.0;4.0;151.7883693578126;4.0;140.0;8.0;131.5283747897925;8.0;131.5283747897925;8.0;123.4426710065195;8.0;30.0;4.0;46.3298162537298;4.0;109.15855598471052;2689.780863352914;0.011633867893899493;139372.89038338128;0.0;0.0;114.44445515337082;310.9955356681654;0.8520910665907845;26507.52743286497;0.5819781127741366;0.22407695144466272;181.82132877934697;414.8618938244801;0.7516338678938999;139372.89038338128;0.6597605227785787;0.2868493217118155;109.15855598471052;2689.780863352914;0.10045719869688467;139372.89038338128;0.0;0.0;140.75904392646657;310.9955356681654;0.8520910665907845;139372.89038338128;0.5819781127741366;0.22407695144466272;161.19478906695076;353.6365733024663;0.8520910665907845;139372.89038338128;0.5819781127741366;0.22407695144466272;160.1931543101078;379.0968847631448;0.7400000000000003;139372.89038338128;0.6701329065489267;0.2964674656174709;132.99169352485842;329.99682092327106;0.7400000000000003;139372.89038338128;0.6701329065489267;0.2964674656174709;132.95685107194743;329.93456401501993;0.7400000000000003;26507.52743286497;0.6701329065489267;0.2964674656174709;114.44445515337082;2713.2946148242613;0.11209106659078416;26507.52743286497;0.0;0.0;66.2774360209769;277.4668895056932;0.11209106659078416;26507.52743286497;0.0;0.0;66.28268184455118;277.5820794858745;0.11209106659078416;139372.89038338128;0.0;0.0;"Zustand 3: Temperatur 434.345 K liegt außerhalb des Boryta-Prüfbereichs; Kristallisation wurde nicht bewertet.";"Zustand 4: Temperatur 433.343 K liegt außerhalb des Boryta-Prüfbereichs; Kristallisation wurde nicht bewertet.";"Zustand 5: Temperatur 406.142 K liegt außerhalb des Boryta-Prüfbereichs; Kristallisation wurde nicht bewertet.";"Zustand 6: Temperatur 406.107 K liegt außerhalb des Boryta-Prüfbereichs; Kristallisation wurde nicht bewertet.";"Zustand 20: Temperatur 454.971 K liegt außerhalb des Boryta-Prüfbereichs; Kristallisation wurde nicht bewertet.";5
series_desorber_to_evaporator;Serie Desorber → Verdampfer;series_desorber_to_evaporator;140.0;nan;30.0;140.0;8.0;8.0;4.0;140.0;0.7500000000000003;Abwärmetemperatur [°C];hot_temperature_C;140.0;10.0;10.0;25.0;15.0;11.0;nan;nan;6.795419920056006e-18;`gtol` termination condition is satisfied.;4;2.624007564383025e-07;3.6865756251719578e-09;1;True;;True;0;zulässig;feasible;True;True;True;109.14328407071855;140.698466990879;160.26577760491847;66.30206831043154;0.10427243487528355;0.2865237065614388;0.22449684861521307;0.29604556011932504;280.7609051779656;273.21991752940266;283.38442335767496;270.5368121716692;37.069465770874366;0.5068606999868165;6.686906294770897;20.266334740239415;0.012908288165516884;0.04667888721127217;28.076090492768923;27.321991749982182;11.335376935066689;18.035787475677534;3.3699514367998105;114.58604670384227;0.020448098984335507;2713.5647258559634;310.9842912833168;260.830539865929;0.017629522592723768;0.8445299674522461;0.5947261584329679;0.2333618254267321;-2.6473045977581933e-09;-3.392354841480483e-08;4.982922519047861e-08;-2.589612857484269e-09;-1.899223889267887e-08;2.9580860427813604e-08;3.6506207834463567e-08;2.502763436496025e-07;-2.6473045977581933e-11;-3.392354841480483e-10;4.982922519047861e-10;-2.589612857484269e-09;-1.899223889267887e-10;2.9580860427813605e-10;3.6506207834463565e-10;2.502763436496025e-09;151.79192016614627;140.0;131.52558542590685;131.52558542590685;123.43536975091672;46.34090415845708;29.907246688325472;26.32124998741807;68.24514254538519;36.30206831043154;7.1289957431329185;16.939538722064583;22.382301355188304;57.12805848441997;1.0554723824996017;7.792657434657883;4.0;0.7500000000000003;139301.04618038208;26536.494091494023;5.249414097434728;1.0554723824996017;deltaT_shex_1_K;shex;True;True;True;True;True;True;True;True;109.14328407071855;2689.7575823989337;0.1121594900449695;139301.04618038208;0.0;0.0;135.0;4.0;151.79192016614627;4.0;140.0;8.0;131.52558542590685;8.0;131.52558542590685;8.0;123.43536975091672;8.0;30.0;4.0;46.34090415845708;4.0;109.14328407071855;2689.7575823989337;0.011695143121359096;139301.04618038208;0.0;0.0;114.58604670384227;310.9842912833153;0.8621594900449698;26536.494091494023;0.582565139076757;0.22449684861521307;181.69916685447174;414.50138265485634;0.7616951431213594;139301.04618038208;0.6594030044037997;0.2865237065614388;109.14328407071855;2689.7575823989337;0.1004643469236104;139301.04618038208;0.0;0.0;140.698466990879;310.9842912833153;0.8621594900449698;139301.04618038208;0.582565139076757;0.22449684861521307;161.32124998741807;353.98035662725863;0.8621594900449698;139301.04618038208;0.582565139076757;0.22449684861521307;160.26577760491847;379.02212019627325;0.7500000000000003;139301.04618038208;0.6696854176325248;0.29604556011932504;132.90580955622113;329.5961658315777;0.7500000000000003;139301.04618038208;0.6696854176325248;0.29604556011932504;132.87100425686708;329.533927315296;0.7500000000000003;26536.494091494023;0.6696854176325248;0.29604556011932504;114.58604670384227;2713.5647258559634;0.1121594900449695;26536.494091494023;0.0;0.0;66.30206831043154;277.5700773437671;0.1121594900449695;26536.494091494023;0.0;0.0;66.30731126649675;277.6851660282854;0.1121594900449695;139301.04618038208;0.0;0.0;"Zustand 3: Temperatur 434.471 K liegt außerhalb des Boryta-Prüfbereichs; Kristallisation wurde nicht bewertet.";"Zustand 4: Temperatur 433.416 K liegt außerhalb des Boryta-Prüfbereichs; Kristallisation wurde nicht bewertet.";"Zustand 5: Temperatur 406.056 K liegt außerhalb des Boryta-Prüfbereichs; Kristallisation wurde nicht bewertet.";"Zustand 6: Temperatur 406.021 K liegt außerhalb des Boryta-Prüfbereichs; Kristallisation wurde nicht bewertet.";"Zustand 20: Temperatur 454.849 K liegt außerhalb des Boryta-Prüfbereichs; Kristallisation wurde nicht bewertet.";5
series_desorber_to_evaporator;Serie Desorber → Verdampfer;series_desorber_to_evaporator;140.0;nan;30.0;140.0;8.0;8.0;4.0;140.0;0.7600000000000003;Abwärmetemperatur [°C];hot_temperature_C;140.0;10.0;10.0;25.0;15.0;11.0;nan;nan;5.627282009590676e-18;`gtol` termination condition is satisfied.;4;2.3242334602926692e-07;3.35478226106872e-09;1;True;;True;0;zulässig;feasible;True;True;True;109.12852492804603;140.63956516499746;160.33429442184223;66.32615836982916;0.10476134064434561;0.28620317360597525;0.22490613297904627;0.29563186721874224;280.81291137740055;273.40122631578674;283.4694827224506;270.6844619899737;37.80344959487136;0.5067416988669585;6.7720226733079745;20.271988800157033;0.012904970842556563;0.04728800762140027;28.081291115582218;27.3401226289704;11.338779309580545;18.045630797176425;3.436677238615849;114.72404293855709;0.02026835346699169;2713.8279723566075;310.9751487158909;261.2657507077208;0.017678593800475317;0.8545478467570192;0.5952000790259694;0.2337138467017167;-2.2989183889876585e-09;-2.990297787164309e-08;4.474139814192313e-08;-2.419315636714714e-09;-1.7063030099961907e-08;2.608277327453834e-08;3.2327363896911265e-08;2.2157837520353496e-07;-2.2989183889876586e-11;-2.9902977871643086e-10;4.4741398141923126e-10;-2.419315636714714e-09;-1.7063030099961908e-10;2.608277327453834e-10;3.2327363896911266e-10;2.2157837520353498e-09;151.79503058477275;140.0;131.5230417846157;131.5230417846157;123.4284107442457;46.351747985393956;29.78420396195986;26.444558760213795;68.37229495316313;36.32615836982916;7.213340132032897;16.798998846058623;22.39451685656968;57.09701218705351;1.1102643383715645;7.8181360851675095;4.0;0.7600000000000003;139231.64318384603;26564.849057795873;5.2411983550490495;1.1102643383715645;deltaT_shex_1_K;shex;True;True;True;True;True;True;True;True;109.12852492804603;2689.7350817549022;0.1122264405574942;139231.64318384603;0.0;0.0;135.0;4.0;151.79503058477275;4.0;140.0;8.0;131.5230417846157;8.0;131.5230417846157;8.0;123.4284107442457;8.0;30.0;4.0;46.351747985393956;4.0;109.12852492804603;2689.7350817549022;0.011756992368546054;139231.64318384603;0.0;0.0;114.72404293855709;310.9751487158906;0.8722264405574945;26564.849057795873;0.5831363534406896;0.22490613297904627;181.5792345467326;414.1470847896464;0.7717569923685464;139231.64318384603;0.6590506511377024;0.28620317360597525;109.12852492804603;2689.7350817549022;0.10046944818894815;139231.64318384603;0.0;0.0;140.63956516499746;310.9751487158906;0.8722264405574945;139231.64318384603;0.5831363534406896;0.22490613297904627;161.4445587602138;354.31647367126436;0.8722264405574945;139231.64318384603;0.5831363534406896;0.22490613297904627;160.33429442184223;378.94436022446996;0.7600000000000003;139231.64318384603;0.6692459814753283;0.29563186721874224;132.82142907982995;329.2029791755617;0.7600000000000003;139231.64318384603;0.6692459814753283;0.29563186721874224;132.7866598679671;329.140758112902;0.7600000000000003;26564.849057795873;0.6692459814753283;0.29563186721874224;114.72404293855709;2713.8279723566075;0.1122264405574942;26564.849057795873;0.0;0.0;66.32615836982916;277.67099403988135;0.1122264405574942;26564.849057795873;0.0;0.0;66.33139855719219;277.7859845071763;0.1122264405574942;139231.64318384603;0.0;0.0;"Zustand 3: Temperatur 434.595 K liegt außerhalb des Boryta-Prüfbereichs; Kristallisation wurde nicht bewertet.";"Zustand 4: Temperatur 433.484 K liegt außerhalb des Boryta-Prüfbereichs; Kristallisation wurde nicht bewertet.";"Zustand 5: Temperatur 405.971 K liegt außerhalb des Boryta-Prüfbereichs; Kristallisation wurde nicht bewertet.";"Zustand 6: Temperatur 405.937 K liegt außerhalb des Boryta-Prüfbereichs; Kristallisation wurde nicht bewertet.";"Zustand 20: Temperatur 454.729 K liegt außerhalb des Boryta-Prüfbereichs; Kristallisation wurde nicht bewertet.";5
series_desorber_to_evaporator;Serie Desorber → Verdampfer;series_desorber_to_evaporator;140.0;nan;30.0;140.0;8.0;8.0;4.0;140.0;0.7700000000000004;Abwärmetemperatur [°C];hot_temperature_C;140.0;10.0;10.0;25.0;15.0;11.0;nan;nan;4.683234883839162e-18;`gtol` termination condition is satisfied.;4;2.0620988220284394e-07;3.060468880364302e-09;1;True;;True;0;zulässig;feasible;True;True;True;109.11425134826015;140.58233086285622;160.3988450641478;66.34973934506041;0.10525624567523799;0.2858875794951637;0.22530514261577406;0.295226130318909;280.85783436420803;273.5787035870927;283.54663947784263;270.82909921326774;38.535905593756326;0.5066199957222473;6.857121569264859;20.27698290090484;0.012901808968978844;0.04789744934537654;28.085783416777424;27.357870356406174;11.341865579729205;18.05527327896376;3.503264147299109;114.85858467498065;0.020093692460913016;2714.08462161872;310.96806176664586;261.6904066174889;0.01772850441565965;0.864563510859571;0.5956613395087155;0.23405694528676516;-1.8760459852273925e-09;-2.6533875541190355e-08;4.0327449823962525e-08;-2.2615768147105086e-09;-1.538751348562073e-08;2.303096380273928e-08;2.8811314223275986e-08;1.9643380255729426e-07;-1.8760459852273927e-11;-2.6533875541190355e-10;4.032744982396252e-10;-2.2615768147105086e-09;-1.538751348562073e-10;2.303096380273928e-10;2.8811314223275985e-10;1.9643380255729426e-09;151.79771736628038;140.0;131.52073446537554;131.52073446537554;123.42177814918932;46.36236265473042;29.66373595265037;26.56480756651382;68.49622202025023;36.349739345060414;7.296207305315306;16.662149790394892;22.406483117115386;57.06680129184571;1.1659625023660283;7.843804034020366;4.0;0.7700000000000004;139164.55055133562;26592.6296832689;5.233200033575198;1.1659625023660283;deltaT_shex_1_K;shex;True;True;True;True;True;True;True;True;109.11425134826015;2689.713320078283;0.11229201527523025;139164.55055133562;0.0;0.0;135.0;4.0;151.79771736628038;4.0;140.0;8.0;131.52073446537554;8.0;131.52073446537554;8.0;123.42177814918932;8.0;30.0;4.0;46.36236265473042;4.0;109.11425134826015;2689.713320078283;0.011819435947177213;139164.55055133562;0.0;0.0;114.85858467498065;310.9680617666461;0.8822920152752306;26592.6296832689;0.5836923037417718;0.22530514261577406;181.46145331893075;413.7987980648453;0.7818194359471775;139164.55055133562;0.6587033240055458;0.2858875794951637;109.11425134826015;2689.713320078283;0.10047257932805304;139164.55055133562;0.0;0.0;140.58233086285622;310.9680617666461;0.8822920152752306;139164.55055133562;0.5836923037417718;0.22530514261577406;161.56480756651382;354.64510397781817;0.8822920152752306;139164.55055133562;0.5836923037417718;0.22530514261577406;160.3988450641478;378.8636995273636;0.7700000000000004;139164.55055133562;0.6688143622973632;0.295226130318909;132.73852682883586;328.81706888368524;0.7700000000000004;139164.55055133562;0.6688143622973632;0.295226130318909;132.7037926946847;328.7548644040159;0.7700000000000004;26592.6296832689;0.6688143622973632;0.295226130318909;114.85858467498065;2714.08462161872;0.11229201527523025;26592.6296832689;0.0;0.0;66.34973934506041;277.76977842577213;0.11229201527523025;26592.6296832689;0.0;0.0;66.35497685734362;277.8846735849458;0.11229201527523025;139164.55055133562;0.0;0.0;"Zustand 3: Temperatur 434.715 K liegt außerhalb des Boryta-Prüfbereichs; Kristallisation wurde nicht bewertet.";"Zustand 4: Temperatur 433.549 K liegt außerhalb des Boryta-Prüfbereichs; Kristallisation wurde nicht bewertet.";"Zustand 5: Temperatur 405.889 K liegt außerhalb des Boryta-Prüfbereichs; Kristallisation wurde nicht bewertet.";"Zustand 6: Temperatur 405.854 K liegt außerhalb des Boryta-Prüfbereichs; Kristallisation wurde nicht bewertet.";"Zustand 20: Temperatur 454.611 K liegt außerhalb des Boryta-Prüfbereichs; Kristallisation wurde nicht bewertet.";5
series_desorber_to_evaporator;Serie Desorber → Verdampfer;series_desorber_to_evaporator;140.0;nan;30.0;140.0;8.0;8.0;4.0;140.0;0.7800000000000004;Abwärmetemperatur [°C];hot_temperature_C;140.0;10.0;10.0;25.0;15.0;11.0;nan;nan;3.919024885410716e-18;`gtol` termination condition is satisfied.;4;1.8340824090344412e-07;2.7996517231294023e-09;1;True;;True;0;zulässig;feasible;True;True;True;109.10043766465304;140.52675371401148;160.45956537224242;66.3728424445734;0.10575723552032514;0.2855767861857977;0.22569420169310125;0.29482810260874304;280.8959401609135;273.7525842270406;283.616192272592;270.97092612877117;39.266746926206196;0.5064956087884191;6.9422004958935695;20.281341883804373;0.012898796061249305;0.048507188970558474;28.089593998626057;27.375258420679465;11.344647691454284;18.06472840686576;3.569704268149768;114.98980581270433;0.019923949680278455;2714.3349278512483;310.9629832011517;262.10487502415816;0.017779262128353235;0.8745770434063812;0.5961103865522189;0.2343914159793887;-1.5592576119161095e-09;-2.3441252494649234e-08;3.6253652524464997e-08;-2.1153342411039944e-09;-1.3765088624495547e-08;2.024592049565399e-08;2.5784743229451124e-08;1.74652882378723e-07;-1.5592576119161095e-11;-2.344125249464923e-10;3.6253652524465e-10;-2.1153342411039944e-09;-1.3765088624495547e-10;2.024592049565399e-10;2.5784743229451126e-10;1.74652882378723e-09;151.79999642110727;140.0;131.5186545373029;131.5186545373029;123.4154569856052;46.372762214535896;29.545751790594124;26.682085104420707;68.61704359816844;36.37284244457339;7.37762244370856;16.52884872459856;22.41821687264985;57.03737961500451;1.2225197321782844;7.869676144605876;4.0;0.7800000000000004;139099.64498360397;26619.8712059121;5.225406385614324;1.2225197321782844;deltaT_shex_1_K;shex;True;True;True;True;True;True;True;True;109.10043766465304;2689.692258363043;0.11235630553473408;139099.64498360397;0.0;0.0;135.0;4.0;151.79999642110727;4.0;140.0;8.0;131.5186545373029;8.0;131.5186545373029;8.0;123.4154569856052;8.0;30.0;4.0;46.372762214535896;4.0;109.10043766465304;2689.692258363043;0.011882492266630483;139099.64498360397;0.0;0.0;114.98980581270433;310.9629832011515;0.8923563055347344;26619.8712059121;0.5842335132066612;0.22569420169310125;181.3457482117014;413.45632891279126;0.7918824922666309;139099.64498360397;0.6583608889214709;0.2855767861857977;109.10043766465304;2689.692258363043;0.10047381326810359;139099.64498360397;0.0;0.0;140.52675371401148;310.9629832011515;0.8923563055347344;139099.64498360397;0.5842335132066612;0.22569420169310125;161.6820851044207;354.96642295123655;0.8923563055347344;139099.64498360397;0.5842335132066612;0.22569420169310125;160.45956537224242;378.7802317429639;0.7800000000000004;139099.64498360397;0.6683903325829159;0.29482810260874304;132.6570775694056;328.438248502239;0.7800000000000004;139099.64498360397;0.6683903325829159;0.29482810260874304;132.62237755629144;328.37605979843056;0.7800000000000004;26619.8712059121;0.6683903325829159;0.29482810260874304;114.98980581270433;2714.3349278512483;0.11235630553473408;26619.8712059121;0.0;0.0;66.3728424445734;277.8665612190601;0.11235630553473408;26619.8712059121;0.0;0.0;66.37807737060069;277.9813638195894;0.11235630553473408;139099.64498360397;0.0;0.0;"Zustand 3: Temperatur 434.832 K liegt außerhalb des Boryta-Prüfbereichs; Kristallisation wurde nicht bewertet.";"Zustand 4: Temperatur 433.610 K liegt außerhalb des Boryta-Prüfbereichs; Kristallisation wurde nicht bewertet.";"Zustand 5: Temperatur 405.807 K liegt außerhalb des Boryta-Prüfbereichs; Kristallisation wurde nicht bewertet.";"Zustand 6: Temperatur 405.772 K liegt außerhalb des Boryta-Prüfbereichs; Kristallisation wurde nicht bewertet.";"Zustand 20: Temperatur 454.496 K liegt außerhalb des Boryta-Prüfbereichs; Kristallisation wurde nicht bewertet.";5
series_desorber_to_evaporator;Serie Desorber → Verdampfer;series_desorber_to_evaporator;140.0;nan;30.0;140.0;8.0;8.0;4.0;140.0;0.7900000000000004;Abwärmetemperatur [°C];hot_temperature_C;140.0;10.0;10.0;25.0;15.0;11.0;nan;nan;3.2867881616051335e-18;`gtol` termination condition is satisfied.;4;1.629054549305313e-07;2.563898656969551e-09;1;True;;True;0;zulässig;feasible;True;True;True;109.08705965453794;140.4728208962468;160.5165867893253;66.39549706287363;0.1062643837498017;0.2852706606884183;0.22607362115787477;0.29443754663452865;280.92748155850325;273.92308946732015;283.6784249875073;271.11013290752913;39.99589262611012;0.5063685571028909;7.027257034034907;20.285089357192362;0.012895925937389162;0.04911720365205612;28.09274814034851;27.392308944945867;11.347136999993623;18.074008858974114;3.6359902406309463;115.11783373540851;0.019758965036043716;2714.579132937652;310.9598650164466;262.5095070118336;0.017830873317865703;0.8845885239197505;0.5965476458367186;0.23471754057888067;-1.1974989888585696e-09;-2.083029215782517e-08;3.274072923886706e-08;-1.9799367700912285e-09;-1.2333259746810654e-08;1.7861509604699677e-08;2.2917447495274246e-08;1.5501814232266042e-07;-1.1974989888585696e-11;-2.083029215782517e-10;3.2740729238867063e-10;-1.9799367700912285e-09;-1.2333259746810654e-10;1.7861509604699677e-10;2.2917447495274245e-10;1.5501814232266043e-09;151.80188286833152;140.0;131.51679351113916;131.51679351113916;123.40943307730157;46.382959896370835;29.430164773346235;26.796476744980225;68.73487383903768;36.39549706287363;7.457610645514251;16.398959775730646;22.429733856601217;57.00870359043995;1.2798899556549372;7.895764743134464;4.0;0.7900000000000004;139036.8102352565;26646.606879437415;5.217805436329233;1.2798899556549372;deltaT_shex_1_K;shex;True;True;True;True;True;True;True;True;109.08705965453794;2689.6718597921176;0.11241939723761585;139036.8102352565;0.0;0.0;135.0;4.0;151.80188286833152;4.0;140.0;8.0;131.51679351113916;8.0;131.51679351113916;8.0;123.40943307730157;8.0;30.0;4.0;46.382959896370835;4.0;109.08705965453794;2689.6718597921176;0.011946177968979408;139036.8102352565;0.0;0.0;115.11783373540851;310.9598650164466;0.9024193972376162;26646.606879437415;0.5847604817602967;0.22607362115787477;181.23204764167775;413.11949190229234;0.8019461779689798;139036.8102352565;0.658023216464352;0.2852706606884183;109.08705965453794;2689.6718597921176;0.10047321926863644;139036.8102352565;0.0;0.0;140.4728208962468;310.9598650164466;0.9024193972376162;139036.8102352565;0.5847604817602967;0.22607362115787477;161.79647674498023;355.2806018584748;0.9024193972376162;139036.8102352565;0.5847604817602967;0.22607362115787477;160.5165867893253;378.6940492316941;0.7900000000000004;139036.8102352565;0.667973672757601;0.29443754663452865;132.57705615311232;328.0663370452288;0.7900000000000004;139036.8102352565;0.667973672757601;0.29443754663452865;132.54238935448575;328.0041633697199;0.7900000000000004;26646.606879437415;0.667973672757601;0.29443754663452865;115.11783373540851;2714.579132937652;0.11241939723761585;26646.606879437415;0.0;0.0;66.39549706287363;277.9614655404397;0.11241939723761585;26646.606879437415;0.0;0.0;66.40072948686162;278.07617818126744;0.11241939723761585;139036.8102352565;0.0;0.0;"Zustand 3: Temperatur 434.946 K liegt außerhalb des Boryta-Prüfbereichs; Kristallisation wurde nicht bewertet.";"Zustand 4: Temperatur 433.667 K liegt außerhalb des Boryta-Prüfbereichs; Kristallisation wurde nicht bewertet.";"Zustand 5: Temperatur 405.727 K liegt außerhalb des Boryta-Prüfbereichs; Kristallisation wurde nicht bewertet.";"Zustand 6: Temperatur 405.692 K liegt außerhalb des Boryta-Prüfbereichs; Kristallisation wurde nicht bewertet.";"Zustand 20: Temperatur 454.382 K liegt außerhalb des Boryta-Prüfbereichs; Kristallisation wurde nicht bewertet.";5
series_desorber_to_evaporator;Serie Desorber → Verdampfer;series_desorber_to_evaporator;140.0;nan;30.0;140.0;8.0;8.0;4.0;140.0;0.8000000000000004;Abwärmetemperatur [°C];hot_temperature_C;140.0;10.0;10.0;25.0;15.0;11.0;nan;nan;2.771138506150977e-18;`gtol` termination condition is satisfied.;4;1.450581552133641e-07;2.354204114409359e-09;1;True;;True;0;zulässig;feasible;True;True;True;109.07409444840681;140.42051743825238;160.57003643663876;66.41773089566544;0.10677775285114956;0.28496907482775513;0.22644369938645062;0.2940542338911462;280.9526989058261;274.0904277535977;283.7336076067241;271.24689838795217;40.72326722449886;0.5062388604123712;7.112288830281262;20.28824776968827;0.012893192701650428;0.0497274711015935;28.095269876784407;27.409042773806867;11.34934430472357;18.08312655784468;3.702115203916135;115.24278968649736;0.019598584392397825;2714.8174671444526;310.9586586810332;262.904638179766;0.01788334315995277;0.8945980280399801;0.596973523261682;0.23503558858851464;-9.442331361242395e-10;-1.8578624860765558e-08;2.9523960165533936e-08;-1.8543014901339916e-09;-1.1365159480192233e-08;1.552899675516528e-08;2.0282016066630604e-08;1.3798199915981968e-07;-9.442331361242396e-12;-1.8578624860765558e-10;2.9523960165533935e-10;-1.8543014901339916e-09;-1.1365159480192233e-10;1.552899675516528e-10;2.0282016066630605e-10;1.3798199915981968e-09;151.80339108288433;140.0;131.51514331319606;131.51514331319606;123.40369300255156;46.39296816708122;29.31689212976562;26.908064680112204;68.84982151941614;36.41773089566544;7.536196880246905;16.272353626698703;22.441048864789252;56.980732105070445;1.3380282434734454;7.92207987514422;4.0;0.8000000000000004;138975.93666085842;26672.8680943071;5.2103859311072975;1.3380282434734454;deltaT_shex_1_K;shex;True;True;True;True;True;True;True;True;109.07409444840681;2689.6520896001794;0.11248137119993251;138975.93666085842;0.0;0.0;135.0;4.0;151.80339108288433;4.0;140.0;8.0;131.51514331319606;8.0;131.51514331319606;8.0;123.40369300255156;8.0;30.0;4.0;46.39296816708122;4.0;109.07409444840681;2689.6520896001794;0.012010508054344806;138975.93666085842;0.0;0.0;115.24278968649736;310.9586586810329;0.9124813711999329;26672.8680943071;0.5852736872860108;0.22644369938645062;181.12028321264995;412.7881093069121;0.8120105080543452;138975.93666085842;0.6576901816651604;0.28496907482775513;109.07409444840681;2689.6520896001794;0.1004708631455877;138975.93666085842;0.0;0.0;140.42051743825238;310.9586586810329;0.9124813711999329;138975.93666085842;0.5852736872860108;0.22644369938645062;161.9080646801122;355.5878078448639;0.9124813711999329;138975.93666085842;0.5852736872860108;0.22644369938645062;160.57003643663876;378.6052428763672;0.8000000000000004;138975.93666085842;0.6675641708774745;0.2940542338911462;132.49843756310815;327.70115884456334;0.8000000000000004;138975.93666085842;0.6675641708774745;0.2940542338911462;132.4638031197531;327.63899950568634;0.8000000000000004;26672.8680943071;0.6675641708774745;0.2940542338911462;115.24278968649736;2714.8174671444526;0.11248137119993251;26672.8680943071;0.0;0.0;66.41773089566544;278.05460739579684;0.11248137119993251;26672.8680943071;0.0;0.0;66.42296089748112;278.1692325338451;0.11248137119993251;138975.93666085842;0.0;0.0;"Zustand 3: Temperatur 435.058 K liegt außerhalb des Boryta-Prüfbereichs; Kristallisation wurde nicht bewertet.";"Zustand 4: Temperatur 433.720 K liegt außerhalb des Boryta-Prüfbereichs; Kristallisation wurde nicht bewertet.";"Zustand 5: Temperatur 405.648 K liegt außerhalb des Boryta-Prüfbereichs; Kristallisation wurde nicht bewertet.";"Zustand 6: Temperatur 405.614 K liegt außerhalb des Boryta-Prüfbereichs; Kristallisation wurde nicht bewertet.";"Zustand 20: Temperatur 454.270 K liegt außerhalb des Boryta-Prüfbereichs; Kristallisation wurde nicht bewertet.";5
series_desorber_to_evaporator;Serie Desorber → Verdampfer;series_desorber_to_evaporator;140.0;nan;30.0;140.0;8.0;8.0;4.0;140.0;0.8100000000000004;Abwärmetemperatur [°C];hot_temperature_C;140.0;10.0;10.0;25.0;15.0;11.0;nan;nan;2.3530985313211057e-18;`gtol` termination condition is satisfied.;4;1.2989819793575217e-07;2.1693771139758556e-09;1;True;;True;0;zulässig;feasible;True;True;True;109.06152044538612;140.36982649389284;160.62003719670895;66.43957004682358;0.10729739508075789;0.2846719050189943;0.22680472279853436;0.2936779444338473;280.9718208428572;274.25479555166345;283.7819970291886;271.38139080427953;41.44880039480557;0.5061065390845625;7.197293595153431;20.29083847831646;0.01289059072996814;0.05033796957581106;28.09718207193751;27.425479553781052;11.351279881577002;18.092092719071392;3.768072764679724;115.36478912017333;0.01944265933246302;2715.0501497835726;310.9593153488729;263.29058945224153;0.017936675726292206;0.9046056277508714;0.5973884060752339;0.23534581787434034;-7.468443641300837e-10;-1.6671393154865655e-08;2.675739096957841e-08;-1.737568644522014e-09;-1.0236476555292029e-08;1.3852911706635496e-08;1.820865236368263e-08;1.2348209565971047e-07;-7.468443641300836e-12;-1.6671393154865656e-10;2.675739096957841e-10;-1.737568644522014e-09;-1.0236476555292029e-10;1.3852911706635497e-10;1.8208652363682632e-10;1.2348209565971047e-09;151.8045347394053;140.0;131.51369626108885;131.51369626108885;123.39822404804221;46.402798777013345;29.205854800263694;27.01692806335518;68.96199034315998;36.439570046823576;7.613405947897661;16.148907140915526;22.45217581570273;56.95342634582585;1.3968908666462312;7.948629539206479;4.0;0.8100000000000004;138916.92079348385;26698.68449063679;5.203137287239823;1.3968908666462312;deltaT_shex_1_K;shex;True;True;True;True;True;True;True;True;109.06152044538612;2689.6329149458797;0.11254230347716321;138916.92079348385;0.0;0.0;135.0;4.0;151.8045347394053;4.0;140.0;8.0;131.51369626108885;8.0;131.51369626108885;8.0;123.39822404804221;8.0;30.0;4.0;46.402798777013345;4.0;109.06152044538612;2689.6329149458797;0.012075495999487732;138916.92079348385;0.0;0.0;115.36478912017333;310.959315348872;0.9225423034771636;26698.68449063679;0.5857735868067501;0.22680472279853436;181.010389539669;412.46201070231126;0.8220754959994881;138916.92079348385;0.6573616638084108;0.2846719050189943;109.06152044538612;2689.6329149458797;0.10046680747767547;138916.92079348385;0.0;0.0;140.36982649389284;310.959315348872;0.9225423034771636;138916.92079348385;0.5857735868067501;0.22680472279853436;162.01692806335518;355.888203963064;0.9225423034771636;138916.92079348385;0.5857735868067501;0.22680472279853436;160.62003719670895;378.51390191516845;0.8100000000000004;138916.92079348385;0.6671616223318262;0.2936779444338473;132.42119695468637;327.3425434021408;0.8100000000000004;138916.92079348385;0.6671616223318262;0.2936779444338473;132.38659405210234;327.2803977606892;0.8100000000000004;26698.68449063679;0.6671616223318262;0.2936779444338473;115.36478912017333;2715.0501497835726;0.11254230347716321;26698.68449063679;0.0;0.0;66.43957004682358;278.14609612419;0.11254230347716321;26698.68449063679;0.0;0.0;66.44479770221636;278.26063608233636;0.11254230347716321;138916.92079348385;0.0;0.0;"Zustand 3: Temperatur 435.167 K liegt außerhalb des Boryta-Prüfbereichs; Kristallisation wurde nicht bewertet.";"Zustand 4: Temperatur 433.770 K liegt außerhalb des Boryta-Prüfbereichs; Kristallisation wurde nicht bewertet.";"Zustand 5: Temperatur 405.571 K liegt außerhalb des Boryta-Prüfbereichs; Kristallisation wurde nicht bewertet.";"Zustand 6: Temperatur 405.537 K liegt außerhalb des Boryta-Prüfbereichs; Kristallisation wurde nicht bewertet.";"Zustand 20: Temperatur 454.160 K liegt außerhalb des Boryta-Prüfbereichs; Kristallisation wurde nicht bewertet.";5
series_desorber_to_evaporator;Serie Desorber → Verdampfer;series_desorber_to_evaporator;140.0;nan;30.0;140.0;8.0;8.0;4.0;140.0;0.8200000000000004;Abwärmetemperatur [°C];hot_temperature_C;140.0;10.0;10.0;25.0;15.0;11.0;nan;nan;1.9977800564378686e-18;`gtol` termination condition is satisfied.;4;1.1583455471166012e-07;1.998889720038536e-09;1;True;;True;0;zulässig;feasible;True;True;True;109.04931723462653;140.32072959073793;160.66670780329883;66.46103912825777;0.10782335325101361;0.2843790320558183;0.22715696643537328;0.29330846650715403;280.98506498229233;274.41637809745623;283.8238378232538;271.5137684634357;42.17242661915953;0.5059716140261452;7.282269101311745;20.292881811837276;0.012888114656137704;0.050948677864311294;28.098506487231383;27.441637808523488;11.352953513294484;18.10091789645714;3.8338569667375557;115.48394202977715;0.019291046933164753;2715.2773898318724;310.9617860496647;263.6676678409345;0.017990874076945995;0.9146113915894378;0.5977926639271746;0.23564847528215174;-5.385061285778647e-10;-1.4953585036892036e-08;2.426213541184552e-08;-1.6291289428593814e-09;-9.108248377742711e-09;1.2221335055073723e-08;1.65786104844301e-08;1.0997848676197464e-07;-5.385061285778647e-12;-1.4953585036892036e-10;2.426213541184552e-10;-1.6291289428593814e-09;-9.108248377742711e-11;1.2221335055073723e-10;1.65786104844301e-10;1.0997848676197463e-09;151.8053268530079;140.0;131.51244504117062;131.51244504117062;123.39301416606787;46.41246280487178;29.09697723132234;27.123143143422226;69.07147922490537;36.46103912825777;7.689262443374389;16.028503011393468;22.463127806544094;56.926749656948914;1.4564353401233916;7.975419900060729;4.0;0.8200000000000004;138859.66495367992;26724.08406405612;5.1960495491946945;1.4564353401233916;deltaT_shex_1_K;shex;True;True;True;True;True;True;True;True;109.04931723462653;2689.6143047930154;0.11260226566638343;138859.66495367992;0.0;0.0;135.0;4.0;151.8053268530079;4.0;140.0;8.0;131.51244504117062;8.0;131.51244504117062;8.0;123.39301416606787;8.0;30.0;4.0;46.41246280487178;4.0;109.04931723462653;2689.6143047930154;0.012141153867810941;138859.66495367992;0.0;0.0;115.48394202977715;310.96178604966445;0.9326022656663838;26724.08406405612;0.5862606175910539;0.22715696643537328;180.90230408433024;412.14103258784564;0.8321411538678113;138859.66495367992;0.6570375462434732;0.2843790320558183;109.04931723462653;2689.6143047930154;0.10046111179857249;138859.66495367992;0.0;0.0;140.32072959073793;310.96178604966445;0.9326022656663838;138859.66495367992;0.5862606175910539;0.22715696643537328;162.12314314342223;356.18194921217355;0.9326022656663838;138859.66495367992;0.5862606175910539;0.22715696643537328;160.66670780329883;378.4201138032021;0.8200000000000004;138859.66495367992;0.6667658295565732;0.29330846650715403;132.3453096906772;326.9903252425948;0.8200000000000004;138859.66495367992;0.6667658295565732;0.29330846650715403;132.3107375566256;326.92819270861395;0.8200000000000004;26724.08406405612;0.6667658295565732;0.29330846650715403;115.48394202977715;2715.2773898318724;0.11260226566638343;26724.08406405612;0.0;0.0;66.46103912825777;278.2360348160365;0.11260226566638343;26724.08406405612;0.0;0.0;66.46626450911896;278.35049179059087;0.11260226566638343;138859.66495367992;0.0;0.0;"Zustand 3: Temperatur 435.273 K liegt außerhalb des Boryta-Prüfbereichs; Kristallisation wurde nicht bewertet.";"Zustand 4: Temperatur 433.817 K liegt außerhalb des Boryta-Prüfbereichs; Kristallisation wurde nicht bewertet.";"Zustand 5: Temperatur 405.495 K liegt außerhalb des Boryta-Prüfbereichs; Kristallisation wurde nicht bewertet.";"Zustand 6: Temperatur 405.461 K liegt außerhalb des Boryta-Prüfbereichs; Kristallisation wurde nicht bewertet.";"Zustand 20: Temperatur 454.052 K liegt außerhalb des Boryta-Prüfbereichs; Kristallisation wurde nicht bewertet.";5
series_desorber_to_evaporator;Serie Desorber → Verdampfer;series_desorber_to_evaporator;140.0;nan;30.0;140.0;8.0;8.0;4.0;140.0;0.8300000000000004;Abwärmetemperatur [°C];hot_temperature_C;140.0;10.0;10.0;25.0;15.0;11.0;nan;nan;1.7060943980723876e-18;`gtol` termination condition is satisfied.;4;1.0373772698082344e-07;1.847211085973873e-09;1;True;;True;0;zulässig;feasible;True;True;True;109.03746552189847;140.2732068548126;160.71016293660347;66.48216135284514;0.10835566146640536;0.2840903409107943;0.2275006945053631;0.2929455961919471;280.99263854674155;274.57535009796965;283.8593629327988;271.64418037697874;42.894084874945115;0.505834106606311;7.367213181733573;20.294397129972538;0.012885759358710095;0.05155957527700218;28.099263844827423;27.457535008715293;11.35437451763969;18.109612024149193;3.89946226258116;115.60035325483364;0.01914360954882481;2715.4993865105916;310.966021857122;264.03616716261934;0.018045940346185674;0.9246153848422755;0.5981866498523415;0.23594379721628822;-2.980087288051436e-10;-1.3447646551867365e-08;2.193206682932214e-08;-1.5284864485209937e-09;-8.193467238015728e-09;1.0816734175023157e-08;1.4740862752660178e-08;9.846729653872899e-08;-2.9800872880514364e-12;-1.3447646551867366e-10;2.1932066829322138e-10;-1.5284864485209937e-09;-8.193467238015729e-11;1.0816734175023158e-10;1.4740862752660176e-10;9.846729653872898e-10;151.80577981738884;140.0;131.5113826874163;131.5113826874163;123.38805193451623;46.42197069963936;28.990187183127773;27.22678339089117;69.17838255519428;36.48216135284514;7.763790725513331;15.911029432582666;22.473917165517832;56.90066740711512;1.516620454287704;8.002455482526102;4.0;0.8300000000000004;138804.07688514807;26749.093264589806;5.1891133472137385;1.516620454287704;deltaT_shex_1_K;shex;True;True;True;True;True;True;True;True;109.03746552189847;2689.5962297995334;0.11266132518846073;138804.07688514807;0.0;0.0;135.0;4.0;151.80577981738884;4.0;140.0;8.0;131.5113826874163;8.0;131.5113826874163;8.0;123.38805193451623;8.0;30.0;4.0;46.42197069963936;4.0;109.03746552189847;2689.5962297995334;0.012207492412477459;138804.07688514807;0.0;0.0;115.60035325483364;310.96602185712294;0.9426613251884611;26749.093264589806;0.5867351981902487;0.2275006945053631;180.7959670005166;411.82501803143305;0.8422074924124778;138804.07688514807;0.6567177162066128;0.2840903409107943;109.03746552189847;2689.5962297995334;0.10045383277598327;138804.07688514807;0.0;0.0;140.2732068548126;310.96602185712294;0.9426613251884611;138804.07688514807;0.5867351981902487;0.2275006945053631;162.22678339089117;356.46919858538166;0.9426613251884611;138804.07688514807;0.5867351981902487;0.2275006945053631;160.71016293660347;378.3239641000034;0.8300000000000004;138804.07688514807;0.6663766017599204;0.2929455961919471;132.2707513722865;326.6443437683852;0.8300000000000004;138804.07688514807;0.6663766017599204;0.2929455961919471;132.23620927448667;326.582223798172;0.8300000000000004;26749.093264589806;0.6663766017599204;0.2929455961919471;115.60035325483364;2715.4993865105916;0.11266132518846073;26749.093264589806;0.0;0.0;66.48216135284514;278.32452070231267;0.11266132518846073;26749.093264589806;0.0;0.0;66.4873845274011;278.4388967700285;0.11266132518846073;138804.07688514807;0.0;0.0;"Zustand 3: Temperatur 435.377 K liegt außerhalb des Boryta-Prüfbereichs; Kristallisation wurde nicht bewertet.";"Zustand 4: Temperatur 433.860 K liegt außerhalb des Boryta-Prüfbereichs; Kristallisation wurde nicht bewertet.";"Zustand 5: Temperatur 405.421 K liegt außerhalb des Boryta-Prüfbereichs; Kristallisation wurde nicht bewertet.";"Zustand 6: Temperatur 405.386 K liegt außerhalb des Boryta-Prüfbereichs; Kristallisation wurde nicht bewertet.";"Zustand 20: Temperatur 453.946 K liegt außerhalb des Boryta-Prüfbereichs; Kristallisation wurde nicht bewertet.";5
series_desorber_to_evaporator;Serie Desorber → Verdampfer;series_desorber_to_evaporator;140.0;nan;30.0;140.0;8.0;8.0;4.0;140.0;0.8400000000000004;Abwärmetemperatur [°C];hot_temperature_C;140.0;10.0;10.0;25.0;15.0;11.0;nan;nan;1.4645070759066685e-18;`gtol` termination condition is satisfied.;4;9.324405754852328e-08;1.7114362833051474e-09;1;True;;True;0;zulässig;feasible;True;True;True;109.02594706154656;140.22723721372148;160.75051332341565;66.50295862107748;0.10889434580876221;0.2838057205473992;0.22783616089957953;0.2925891370693043;280.9947389609038;274.73187638263676;283.8887943342048;271.7727668475563;43.61371834172296;0.5056940385858153;7.452123727970843;20.295402878469304;0.012883519948659451;0.05217064163198128;28.099473887250305;27.47318763730445;11.355551773668246;18.11818445561408;3.9648834867122074;115.71412276858808;0.019000214603013408;2715.716329828082;310.97197403750636;264.39636871572105;0.01810187582193734;0.9346176697281644;0.5985707011900235;0.2362320101832848;-1.9876722490153043e-10;-1.2111321723295987e-08;2.0114669041504385e-08;-1.4351915211818778e-09;-7.50134176996653e-09;9.592270089342492e-09;1.3345072602533037e-08;8.840078180583077e-08;-1.9876722490153043e-12;-1.2111321723295986e-10;2.0114669041504386e-10;-1.4351915211818778e-09;-7.50134176996653e-11;9.592270089342492e-11;1.3345072602533037e-10;8.840078180583077e-10;151.80590544024545;140.0;131.51050256177615;131.51050256177615;123.38332651968415;46.43133231953567;28.88541555028621;27.327919619172178;69.28279044905241;36.50295862107748;7.837014890186197;15.796379793188066;22.48455550022959;56.875146865704835;1.577406295756532;8.029739347874965;4.0;0.8400000000000004;138750.0694176106;26773.737089195125;5.182319859023525;1.577406295756532;deltaT_shex_1_K;shex;True;True;True;True;True;True;True;True;109.02594706154656;2689.5786622145956;0.11271954555010133;138750.0694176106;0.0;0.0;135.0;4.0;151.80590544024545;4.0;140.0;8.0;131.51050256177615;8.0;131.51050256177615;8.0;123.38332651968415;8.0;30.0;4.0;46.43133231953567;4.0;109.02594706154656;2689.5786622145956;0.012274521172539259;138750.0694176106;0.0;0.0;115.71412276858808;310.971974037506;0.9527195455501017;26773.737089195125;0.5871977294123368;0.22783616089957953;180.69132099053166;411.5138163373825;0.8522745211725397;138750.0694176106;0.656402064653191;0.2838057205473992;109.02594706154656;2689.5786622145956;0.10044502437756207;138750.0694176106;0.0;0.0;140.22723721372148;310.971974037506;0.9527195455501017;138750.0694176106;0.5871977294123368;0.22783616089957953;162.32791961917218;356.7501031264189;0.9527195455501017;138750.0694176106;0.5871977294123368;0.22783616089957953;160.75051332341565;378.22553638140323;0.8400000000000004;138750.0694176106;0.6659937546592535;0.2925891370693043;132.19749786584651;326.3044431172107;0.8400000000000004;138750.0694176106;0.6659937546592535;0.2925891370693043;132.1629851098138;326.242335210506;0.8400000000000004;26773.737089195125;0.6659937546592535;0.2925891370693043;115.71412276858808;2715.716329828082;0.11271954555010133;26773.737089195125;0.0;0.0;66.50295862107748;278.4116455173691;0.11271954555010133;26773.737089195125;0.0;0.0;66.50817965397931;278.52594264202287;0.11271954555010133;138750.0694176106;0.0;0.0;"Zustand 3: Temperatur 435.478 K liegt außerhalb des Boryta-Prüfbereichs; Kristallisation wurde nicht bewertet.";"Zustand 4: Temperatur 433.901 K liegt außerhalb des Boryta-Prüfbereichs; Kristallisation wurde nicht bewertet.";"Zustand 5: Temperatur 405.347 K liegt außerhalb des Boryta-Prüfbereichs; Kristallisation wurde nicht bewertet.";"Zustand 6: Temperatur 405.313 K liegt außerhalb des Boryta-Prüfbereichs; Kristallisation wurde nicht bewertet.";"Zustand 20: Temperatur 453.841 K liegt außerhalb des Boryta-Prüfbereichs; Kristallisation wurde nicht bewertet.";5
series_desorber_to_evaporator;Serie Desorber → Verdampfer;series_desorber_to_evaporator;140.0;nan;30.0;140.0;8.0;8.0;4.0;140.0;0.8500000000000004;Abwärmetemperatur [°C];hot_temperature_C;140.0;10.0;10.0;25.0;15.0;11.0;nan;nan;1.258764614592416e-18;`gtol` termination condition is satisfied.;4;8.365840630888928e-08;1.5866723761334072e-09;1;True;;True;0;zulässig;feasible;True;True;True;109.01474459270008;140.18279857944162;160.78786584005485;66.52345160183;0.1094394249678336;0.2835250637426188;0.22816360967858204;0.29223889990014773;280.991554404943;274.88611251130556;283.91234365154503;271.89966001566273;44.33127412669665;0.5055514320507308;7.536998688421622;20.29591664059302;0.012881391757532704;0.05278185724253102;28.09915543256569;27.488611250291303;11.35649374633027;18.126644000248987;4.030115830690135;115.82534594712729;0.01886073438816504;2715.9284010878478;310.9795941787978;264.7485419173635;0.01815868101907947;0.9446183055691998;0.5989451404432448;0.23651333130210175;-4.090594529770897e-11;-1.0894837032537907e-08;1.8280502445122693e-08;-1.3482722716062767e-09;-6.7117298385710455e-09;8.392532890866278e-09;1.1927909326914232e-08;7.928605327833793e-08;-4.090594529770897e-13;-1.0894837032537908e-10;1.8280502445122693e-10;-1.3482722716062767e-09;-6.711729838571046e-11;8.392532890866278e-11;1.1927909326914233e-10;7.928605327833793e-10;151.8057149763722;140.0;131.50979833577918;131.50979833577918;123.3788276415309;46.4405569683795;28.78259619356345;27.42662009904427;69.38478897874779;36.523451601830004;7.908958747187114;15.684452388651891;22.495053743079097;56.850157086992795;1.6387542589894224;8.057273253642904;4.0;0.8500000000000004;138697.56015146797;26798.03916832208;5.175660774293596;1.6387542589894224;deltaT_shex_1_K;shex;True;True;True;True;True;True;True;True;109.01474459270008;2689.5615757820688;0.11277698658827884;138697.56015146797;0.0;0.0;135.0;4.0;151.8057149763722;4.0;140.0;8.0;131.50979833577918;8.0;131.50979833577918;8.0;123.3788276415309;8.0;30.0;4.0;46.4405569683795;4.0;109.01474459270008;2689.5615757820688;0.012342248561826318;138697.56015146797;0.0;0.0;115.82534594712729;310.9795941787974;0.9627769865882793;26798.03916832208;0.5876485952362626;0.22816360967858204;180.58831116993565;411.207282733706;0.8623422485618267;138697.56015146797;0.6560904860990499;0.2835250637426188;109.01474459270008;2689.5615757820688;0.10043473802645252;138697.56015146797;0.0;0.0;140.18279857944162;310.9795941787974;0.9627769865882793;138697.56015146797;0.5876485952362626;0.22816360967858204;162.42662009904427;357.02480999122565;0.9627769865882793;138697.56015146797;0.5876485952362626;0.22816360967858204;160.78786584005485;378.12491217085136;0.8500000000000004;138697.56015146797;0.6656171102287106;0.29223889990014773;132.12552532579872;325.9704720217484;0.8500000000000004;138697.56015146797;0.6656171102287106;0.29223889990014773;132.0910412528129;325.9083757191101;0.8500000000000004;26798.03916832208;0.6656171102287106;0.29223889990014773;115.82534594712729;2715.9284010878478;0.11277698658827884;26798.03916832208;0.0;0.0;66.52345160183;278.4974958372271;0.11277698658827884;26798.03916832208;0.0;0.0;66.52867055453811;278.61171587579366;0.11277698658827884;138697.56015146797;0.0;0.0;"Zustand 3: Temperatur 435.577 K liegt außerhalb des Boryta-Prüfbereichs; Kristallisation wurde nicht bewertet.";"Zustand 4: Temperatur 433.938 K liegt außerhalb des Boryta-Prüfbereichs; Kristallisation wurde nicht bewertet.";"Zustand 5: Temperatur 405.276 K liegt außerhalb des Boryta-Prüfbereichs; Kristallisation wurde nicht bewertet.";"Zustand 6: Temperatur 405.241 K liegt außerhalb des Boryta-Prüfbereichs; Kristallisation wurde nicht bewertet.";"Zustand 20: Temperatur 453.738 K liegt außerhalb des Boryta-Prüfbereichs; Kristallisation wurde nicht bewertet.";5
series_desorber_to_evaporator;Serie Desorber → Verdampfer;series_desorber_to_evaporator;140.0;nan;30.0;140.0;8.0;8.0;4.0;140.0;0.8600000000000004;Abwärmetemperatur [°C];hot_temperature_C;140.0;10.0;10.0;25.0;15.0;11.0;nan;nan;1.0843805977626995e-18;`gtol` termination condition is satisfied.;4;7.504448979063777e-08;1.4726714486012821e-09;1;True;;True;0;zulässig;feasible;True;True;True;109.00384178000252;140.13986801336648;160.82232361813521;66.54365980775134;0.10999091083869673;0.2832482669197812;0.2284832755320871;0.29189470231960035;280.983264332439;275.03820534200594;283.93021273154795;272.02498436974724;45.04670300728836;0.5054063093527368;7.621836066618032;20.295955185299817;0.012879370326366681;0.05339320290456768;28.098326426143093;27.503820533456317;11.357208509513313;18.134998957260116;4.0951548197422944;115.93411382147377;0.018725045873285735;2716.1357733645095;310.98883430388435;265.0929449035651;0.01821635574755509;0.9546173489507938;0.5993102760824032;0.236787968783261;8.134293238981627e-11;-9.876885087578557e-09;1.666870730332448e-08;-1.2671835802890996e-09;-6.284892606345238e-09;7.4427930485398974e-09;1.0845496944966726e-08;7.100805987647618e-08;8.134293238981627e-13;-9.876885087578557e-11;1.666870730332448e-10;-1.2671835802890996e-09;-6.284892606345239e-11;7.442793048539897e-11;1.0845496944966726e-10;7.100805987647619e-10;151.8052191586387;140.0;131.50926397333888;131.50926397333888;123.37454554122922;46.44965342954583;28.681665782629807;27.522950667708756;69.48446039192794;36.54365980775134;7.979645800520245;15.575150151865103;22.505422193336358;56.82566880271651;1.7006270495735407;8.085057799084666;4.0;0.8600000000000004;138646.47116528547;26822.021846985663;5.1691282617036185;1.7006270495735407;deltaT_shex_1_K;shex;True;True;True;True;True;True;True;True;109.00384178000252;2689.5449456508095;0.11283370469834841;138646.47116528547;0.0;0.0;135.0;4.0;151.8052191586387;4.0;140.0;8.0;131.50926397333888;8.0;131.50926397333888;8.0;123.37454554122922;8.0;30.0;4.0;46.44965342954583;4.0;109.00384178000252;2689.5449456508095;0.012410681953075877;138646.47116528547;0.0;0.0;115.93411382147377;310.9888343038847;0.9728337046983488;26822.021846985663;0.5880881636704286;0.2284832755320871;180.4868849412685;410.9052780792119;0.8724106819530764;138646.47116528547;0.6557828784708843;0.2832482669197812;109.00384178000252;2689.5449456508095;0.10042302274527254;138646.47116528547;0.0;0.0;140.13986801336648;310.9888343038847;0.9728337046983488;138646.47116528547;0.5880881636704286;0.2284832755320871;162.52295066770876;357.2934625149891;0.9728337046983488;138646.47116528547;0.5880881636704286;0.2284832755320871;160.82232361813521;378.02217088941546;0.8600000000000004;138646.47116528547;0.6652464964566881;0.29189470231960035;132.05481021428182;325.6422836717329;0.8600000000000004;138646.47116528547;0.6652464964566881;0.29189470231960035;132.02035419947975;325.5801985520764;0.8600000000000004;26822.021846985663;0.6652464964566881;0.29189470231960035;115.93411382147377;2716.1357733645095;0.11283370469834841;26822.021846985663;0.0;0.0;66.54365980775134;278.5821533952118;0.11283370469834841;26822.021846985663;0.0;0.0;66.54887673851272;278.6962981036639;0.11283370469834841;138646.47116528547;0.0;0.0;"Zustand 3: Temperatur 435.673 K liegt außerhalb des Boryta-Prüfbereichs; Kristallisation wurde nicht bewertet.";"Zustand 4: Temperatur 433.972 K liegt außerhalb des Boryta-Prüfbereichs; Kristallisation wurde nicht bewertet.";"Zustand 5: Temperatur 405.205 K liegt außerhalb des Boryta-Prüfbereichs; Kristallisation wurde nicht bewertet.";"Zustand 6: Temperatur 405.170 K liegt außerhalb des Boryta-Prüfbereichs; Kristallisation wurde nicht bewertet.";"Zustand 20: Temperatur 453.637 K liegt außerhalb des Boryta-Prüfbereichs; Kristallisation wurde nicht bewertet.";5
series_desorber_to_evaporator;Serie Desorber → Verdampfer;series_desorber_to_evaporator;140.0;nan;30.0;140.0;8.0;8.0;4.0;140.0;0.8700000000000004;Abwärmetemperatur [°C];hot_temperature_C;140.0;10.0;10.0;25.0;15.0;11.0;nan;nan;9.390775697330693e-19;`gtol` termination condition is satisfied.;4;6.769031202828913e-08;1.370458003539743e-09;1;True;;True;0;zulässig;feasible;True;True;True;108.99322315815056;140.0984218743689;160.85398615179298;66.56360166562587;0.11054880906574877;0.28297522999074276;0.22879538421398557;0.29155636854605116;280.9700399538308;275.1882935599116;283.9425941818577;272.14885722079634;45.7599591909979;0.5052586930533236;7.706633919575305;20.295534512246434;0.012877451395062765;0.05400465988372079;28.09700398898101;27.518829355339;11.357703767502112;18.143257147404864;4.159996290912182;116.04051331393936;0.018593030518696825;2716.3386119501283;310.9996469678093;265.4298250952748;0.018274899174906434;0.9646148538715115;0.5996664032979406;0.23705612237947202;1.9049650745728286e-10;-9.036106973780988e-09;1.518918679721537e-08;-1.1916791997634846e-09;-5.695085292245494e-09;6.521588602481643e-09;9.723407856654376e-09;6.402069629984908e-08;1.9049650745728288e-12;-9.036106973780989e-11;1.518918679721537e-10;-1.1916791997634846e-09;-5.695085292245494e-11;6.521588602481643e-11;9.723407856654375e-11;6.402069629984907e-10;151.80442822690378;140.0;131.50889371465735;131.50889371465735;123.37047095087757;46.45862999760237;28.58256364860688;27.616974832477695;69.58188331633698;36.56360166562587;8.049099231594141;15.46838040071799;22.51567055650679;56.80165432109476;1.762988680684714;8.113092556543734;4.0;0.8700000000000004;138596.72874260682;26845.70626067492;5.162714938352395;1.762988680684714;deltaT_shex_1_K;shex;True;True;True;True;True;True;True;True;108.99322315815056;2689.5287482907074;0.11288975304641746;138596.72874260682;0.0;0.0;135.0;4.0;151.80442822690378;4.0;140.0;8.0;131.50889371465735;8.0;131.50889371465735;8.0;123.37047095087757;8.0;30.0;4.0;46.45862999760237;4.0;108.99322315815056;2689.5287482907074;0.012479827755007934;138596.72874260682;0.0;0.0;116.04051331393936;310.99964696781086;0.9828897530464179;26845.70626067492;0.5885167875603848;0.22879538421398557;180.38699187551066;410.6076685879574;0.8824798277550083;138596.72874260682;0.6554791429647998;0.28297522999074276;108.99322315815056;2689.5287482907074;0.10040992529140953;138596.72874260682;0.0;0.0;140.0984218743689;310.99964696781086;0.9828897530464179;138596.72874260682;0.5885167875603848;0.22879538421398557;162.6169748324777;357.55620028334516;0.9828897530464179;138596.72874260682;0.5885167875603848;0.22879538421398557;160.85398615179298;377.9173898215691;0.8700000000000004;138596.72874260682;0.6648817471136754;0.29155636854605116;131.98532931782518;325.31973557926176;0.8700000000000004;138596.72874260682;0.6648817471136754;0.29155636854605116;131.95090076840586;325.2576612575563;0.8700000000000004;26845.70626067492;0.6648817471136754;0.29155636854605116;116.04051331393936;2716.3386119501283;0.11288975304641746;26845.70626067492;0.0;0.0;66.56360166562587;278.6656953767262;0.11288975304641746;26845.70626067492;0.0;0.0;66.56881662978282;278.77976641548355;0.11288975304641746;138596.72874260682;0.0;0.0;"Zustand 3: Temperatur 435.767 K liegt außerhalb des Boryta-Prüfbereichs; Kristallisation wurde nicht bewertet.";"Zustand 4: Temperatur 434.004 K liegt außerhalb des Boryta-Prüfbereichs; Kristallisation wurde nicht bewertet.";"Zustand 5: Temperatur 405.135 K liegt außerhalb des Boryta-Prüfbereichs; Kristallisation wurde nicht bewertet.";"Zustand 6: Temperatur 405.101 K liegt außerhalb des Boryta-Prüfbereichs; Kristallisation wurde nicht bewertet.";"Zustand 20: Temperatur 453.537 K liegt außerhalb des Boryta-Prüfbereichs; Kristallisation wurde nicht bewertet.";5
series_desorber_to_evaporator;Serie Desorber → Verdampfer;series_desorber_to_evaporator;140.0;nan;30.0;140.0;8.0;8.0;4.0;140.0;0.8800000000000004;Abwärmetemperatur [°C];hot_temperature_C;140.0;10.0;10.0;25.0;15.0;11.0;nan;nan;8.14404841065376e-19;`gtol` termination condition is satisfied.;4;6.097335122029067e-08;1.2762482838894444e-09;1;True;;True;0;zulässig;feasible;True;True;True;108.98287408031376;140.05843595192096;160.88294940626406;66.58329458189263;0.11111311955009352;0.2827058562063513;0.22910015295408662;0.2912237291041751;280.9520446889439;275.3365081710933;283.94967187464187;272.27138914487364;46.47100009124678;0.5051086058733156;7.791390356183649;20.29466989391534;0.012875630892444794;0.05461620990299492;28.095204463135317;27.533650816525686;11.357986875189624;18.151425942400333;4.224636372675569;116.14462745965523;0.01846457409815666;2716.5370747726124;311.01198534166593;265.75941973206307;0.018334309884151967;0.9746108718832576;0.6000138047058784;0.2373179838097788;2.738644866440154e-10;-8.184478872408363e-09;1.392925241816556e-08;-1.1212316630704322e-09;-5.098740984976757e-09;5.836454874952324e-09;8.868653367244406e-09;5.759073928857106e-08;2.738644866440154e-12;-8.184478872408362e-11;1.392925241816556e-10;-1.1212316630704322e-09;-5.0987409849767574e-11;5.836454874952324e-11;8.868653367244406e-11;5.759073928857105e-10;151.80335195508036;140.0;131.50868206116502;131.50868206116502;123.3665950652059;46.46749450784051;28.485231645922852;27.70875386974069;69.67713295181471;36.58329458189263;8.117341885240364;15.364054601509793;22.525807980851255;56.77808743329547;1.8258044634766293;8.141376190698793;4.0;0.8800000000000004;138548.26311827268;26869.112406235145;5.156413841423421;1.8258044634766293;deltaT_shex_1_K;shex;True;True;True;True;True;True;True;True;108.98287408031376;2689.51296141457;0.11294518176740909;138548.26311827268;0.0;0.0;135.0;4.0;151.80335195508036;4.0;140.0;8.0;131.50868206116502;8.0;131.50868206116502;8.0;123.3665950652059;8.0;30.0;4.0;46.46749450784051;4.0;108.98287408031376;2689.51296141457;0.012549691484329169;138548.26311827268;0.0;0.0;116.14462745965523;311.0119853416658;0.9929451817674095;26869.112406235145;0.5889348053489698;0.22910015295408662;180.2885836010032;410.3143255701865;0.8925496914843296;138548.26311827268;0.6551791839120089;0.2827058562063513;108.98287408031376;2689.51296141457;0.10039549028307992;138548.26311827268;0.0;0.0;140.05843595192096;311.0119853416658;0.9929451817674095;138548.26311827268;0.5889348053489698;0.22910015295408662;162.7087538697407;357.8131592076087;0.9929451817674095;138548.26311827268;0.5889348053489698;0.22910015295408662;160.88294940626406;377.8106440958437;0.8800000000000004;138548.26311827268;0.6645227015299846;0.2912237291041751;131.91705976122216;325.0026894470109;0.8800000000000004;138548.26311827268;0.6645227015299846;0.2912237291041751;131.88265811475964;324.9406255721211;0.8800000000000004;26869.112406235145;0.6645227015299846;0.2912237291041751;116.14462745965523;2716.5370747726124;0.11294518176740909;26869.112406235145;0.0;0.0;66.58329458189263;278.7481946935947;0.11294518176740909;26869.112406235145;0.0;0.0;66.58850763191043;278.86219363264604;0.11294518176740909;138548.26311827268;0.0;0.0;"Zustand 3: Temperatur 435.859 K liegt außerhalb des Boryta-Prüfbereichs; Kristallisation wurde nicht bewertet.";"Zustand 4: Temperatur 434.033 K liegt außerhalb des Boryta-Prüfbereichs; Kristallisation wurde nicht bewertet.";"Zustand 5: Temperatur 405.067 K liegt außerhalb des Boryta-Prüfbereichs; Kristallisation wurde nicht bewertet.";"Zustand 6: Temperatur 405.033 K liegt außerhalb des Boryta-Prüfbereichs; Kristallisation wurde nicht bewertet.";"Zustand 20: Temperatur 453.439 K liegt außerhalb des Boryta-Prüfbereichs; Kristallisation wurde nicht bewertet.";5
series_desorber_to_evaporator;Serie Desorber → Verdampfer;series_desorber_to_evaporator;140.0;nan;30.0;140.0;8.0;8.0;4.0;140.0;0.8900000000000005;Abwärmetemperatur [°C];hot_temperature_C;140.0;10.0;10.0;25.0;15.0;11.0;nan;nan;7.094343425811598e-19;`gtol` termination condition is satisfied.;4;5.521083554350738e-08;1.1911627450362605e-09;1;True;;True;0;zulässig;feasible;True;True;True;108.97278066973632;140.01988558530087;160.90930592626341;66.60275500404748;0.11168383691949643;0.2824400520153745;0.22939779084715545;0.2908966205601367;280.92943459139457;275.482972964073;283.9516214193759;272.3926843963393;47.179786117399026;0.504956070646745;7.876103535625445;20.293375915136494;0.01287390492672068;0.05522783512996388;28.09294345393046;27.548297295883962;11.35806485696507;18.159512292545557;4.289071465894653;116.24653561442108;0.01833956652782257;2716.73131278832;311.0258032835178;266.08195637521413;0.01839458592706278;0.9846054522230615;0.6003527510082269;0.23757373715797242;3.042188723156869e-10;-7.442160665505071e-09;1.2719965525320731e-08;-1.0555361029673804e-09;-4.750859261548612e-09;5.233346200839151e-09;8.155950581567595e-09;5.2090001645410666e-08;3.0421887231568688e-12;-7.442160665505071e-11;1.271996552532073e-10;-1.0555361029673804e-09;-4.750859261548612e-11;5.2333462008391505e-11;8.155950581567594e-11;5.209000164541067e-10;151.8019996765188;140.0;131.5086237613823;131.5086237613823;123.36290951508028;46.476254363879946;28.389614022516696;27.798346918678476;69.77028125054113;36.60275500404748;8.184396258107768;15.262088146961219;22.535843091645972;56.75494332530843;1.8890409924150617;8.169906566264103;4.0;0.8900000000000005;138501.00824083298;26892.259208511743;5.150218401769519;1.8890409924150617;deltaT_shex_1_K;shex;True;True;True;True;True;True;True;True;108.97278066973632;2689.4975639048143;0.11300003815012383;138501.00824083298;0.0;0.0;135.0;4.0;151.8019996765188;4.0;140.0;8.0;131.5086237613823;8.0;131.5086237613823;8.0;123.36290951508028;8.0;30.0;4.0;46.476254363879946;4.0;108.97278066973632;2689.4975639048143;0.012620277832655305;138501.00824083298;0.0;0.0;116.24653561442108;311.025803283518;1.0030000381501243;26892.259208511743;0.5893425417909502;0.22939779084715545;180.19161369903549;410.0251251884127;0.9026202778326557;138501.00824083298;0.654882908652027;0.2824400520153745;108.97278066973632;2689.4975639048143;0.10037976031746852;138501.00824083298;0.0;0.0;140.01988558530087;311.025803283518;1.0030000381501243;138501.00824083298;0.5893425417909502;0.22939779084715545;162.79834691867848;358.0644716014322;1.0030000381501243;138501.00824083298;0.5893425417909502;0.22939779084715545;160.90930592626341;377.7020066763213;0.8900000000000005;138501.00824083298;0.6641692043818135;0.2908966205601367;131.84997901903677;324.69101103913613;0.8900000000000005;138501.00824083298;0.6641692043818135;0.2908966205601367;131.81560374189223;324.6289572917991;0.8900000000000005;26892.259208511743;0.6641692043818135;0.2908966205601367;116.24653561442108;2716.73131278832;0.11300003815012383;26892.259208511743;0.0;0.0;66.60275500404748;278.8297202411929;0.11300003815012383;26892.259208511743;0.0;0.0;66.60796618977184;278.94364856491273;0.11300003815012383;138501.00824083298;0.0;0.0;"Zustand 3: Temperatur 435.948 K liegt außerhalb des Boryta-Prüfbereichs; Kristallisation wurde nicht bewertet.";"Zustand 4: Temperatur 434.059 K liegt außerhalb des Boryta-Prüfbereichs; Kristallisation wurde nicht bewertet.";"Zustand 5: Temperatur 405.000 K liegt außerhalb des Boryta-Prüfbereichs; Kristallisation wurde nicht bewertet.";"Zustand 6: Temperatur 404.966 K liegt außerhalb des Boryta-Prüfbereichs; Kristallisation wurde nicht bewertet.";"Zustand 20: Temperatur 453.342 K liegt außerhalb des Boryta-Prüfbereichs; Kristallisation wurde nicht bewertet.";5
series_desorber_to_evaporator;Serie Desorber → Verdampfer;series_desorber_to_evaporator;140.0;nan;30.0;140.0;8.0;8.0;4.0;140.0;0.9000000000000005;Abwärmetemperatur [°C];hot_temperature_C;140.0;10.0;10.0;25.0;15.0;11.0;nan;nan;6.156169119152073e-19;`gtol` termination condition is satisfied.;4;4.928043157562881e-08;1.109609761957065e-09;1;True;;True;0;zulässig;feasible;True;True;True;108.9629297746759;139.98274577030895;160.93314494467694;66.6219984777934;0.1122609509643241;0.28217772693118;0.22968849922217197;0.29057488527019215;280.9023587456171;275.6278049401261;283.94861060560993;272.51284129259557;47.886280479579334;0.5048011102788897;7.960771665863817;20.29166651007307;0.012872269776519531;0.05583951816453692;28.090235869920924;27.562780493569225;11.357944424402616;18.167522752360696;4.353298226038028;116.34631364981925;0.018217901701858705;2716.9214703506923;311.04105539847586;266.39765338289294;0.018455724873175927;0.9945986419364198;0.6006835016136491;0.23782355924861748;4.0331116224479047e-10;-6.838973831690964e-09;1.1653810361167416e-08;-9.94221593941802e-10;-4.455444013728993e-09;4.433843514561886e-09;7.185121830843855e-09;4.6407876652665436e-08;4.033111622447905e-12;-6.838973831690964e-11;1.1653810361167415e-10;-9.94221593941802e-10;-4.455444013728993e-11;4.433843514561886e-11;7.185121830843855e-11;4.6407876652665435e-10;151.80038030775222;140.0;131.50871379767915;131.50871379767915;123.35940634275704;46.48491656340468;28.29565729828977;27.885811070978946;69.86139708641457;36.6219984777934;8.250284489203466;15.162400147859898;22.54578402300325;56.732198496260594;1.952666126302006;8.198680845339652;4.0;0.9000000000000005;138454.90155165544;26915.1645825307;5.144122419430408;1.952666126302006;deltaT_shex_1_K;shex;True;True;True;True;True;True;True;True;108.9629297746759;2689.4825357451987;0.11305436680959524;138454.90155165544;0.0;0.0;135.0;4.0;151.80038030775222;4.0;140.0;8.0;131.50871379767915;8.0;131.50871379767915;8.0;123.35940634275704;8.0;30.0;4.0;46.48491656340468;4.0;108.9629297746759;2689.4825357451987;0.012691590728714681;138454.90155165544;0.0;0.0;116.34631364981925;311.0410553984769;1.0130543668095957;26915.1645825307;0.5897403086273234;0.22968849922217197;180.096037606042;409.73994822831344;0.9126915907287152;138454.90155165544;0.6545902274127019;0.28217772693118;108.9629297746759;2689.4825357451987;0.10036277608088057;138454.90155165544;0.0;0.0;139.98274577030895;311.0410553984769;1.0130543668095957;138454.90155165544;0.5897403086273234;0.22968849922217197;162.88581107097895;358.31026626066114;1.0130543668095957;138454.90155165544;0.5897403086273234;0.22968849922217197;160.93314494467694;377.5915483661674;0.9000000000000005;138454.90155165544;0.663821105487276;0.29057488527019215;131.7840649249693;324.38457005597184;0.9000000000000005;138454.90155165544;0.663821105487276;0.29057488527019215;131.74971551079653;324.32252614690015;0.9000000000000005;26915.1645825307;0.663821105487276;0.29057488527019215;116.34631364981925;2716.9214703506923;0.11305436680959524;26915.1645825307;0.0;0.0;66.6219984777934;278.91033713781076;0.11305436680959524;26915.1645825307;0.0;0.0;66.62720784649645;279.02419624949107;0.11305436680959524;138454.90155165544;0.0;0.0;"Zustand 3: Temperatur 436.036 K liegt außerhalb des Boryta-Prüfbereichs; Kristallisation wurde nicht bewertet.";"Zustand 4: Temperatur 434.083 K liegt außerhalb des Boryta-Prüfbereichs; Kristallisation wurde nicht bewertet.";"Zustand 5: Temperatur 404.934 K liegt außerhalb des Boryta-Prüfbereichs; Kristallisation wurde nicht bewertet.";"Zustand 6: Temperatur 404.900 K liegt außerhalb des Boryta-Prüfbereichs; Kristallisation wurde nicht bewertet.";"Zustand 20: Temperatur 453.246 K liegt außerhalb des Boryta-Prüfbereichs; Kristallisation wurde nicht bewertet.";5
series_desorber_to_evaporator;Serie Desorber → Verdampfer;series_desorber_to_evaporator;140.0;nan;30.0;140.0;8.0;8.0;4.0;140.0;0.9100000000000005;Abwärmetemperatur [°C];hot_temperature_C;140.0;10.0;10.0;25.0;15.0;11.0;nan;nan;5.384495718620306e-19;`gtol` termination condition is satisfied.;4;4.4638969377935864e-08;1.0377375119576537e-09;1;True;;True;0;zulässig;feasible;True;True;True;108.95330892616562;139.94699125460323;160.95455249017851;66.64103970060364;0.112844447038047;0.2819187934049717;0.22997247199108858;0.290258371139969;280.87095964123273;275.7711147170999;283.9407998199682;272.6319525749239;48.5904490056803;0.50464374770893;8.045393002122683;20.289554997082348;0.012870721882407387;0.05645124202663106;28.087095959924987;27.577111471312644;11.357631992957632;18.17546350455587;4.417313546540653;116.44403413629158;0.018099477334682017;2717.1076855561782;311.0576970883554;266.7067203578656;0.0185177238550851;1.0045904859936956;0.6010063052186564;0.23806762000026696;4.685745125243557e-10;-6.26688034799372e-09;1.07128244053456e-08;-9.36868804757296e-10;-3.972559170506429e-09;3.973468665208202e-09;6.585821665794356e-09;4.1982843868026976e-08;4.685745125243557e-12;-6.26688034799372e-11;1.07128244053456e-10;-9.36868804757296e-10;-3.972559170506429e-11;3.973468665208202e-11;6.585821665794355e-11;4.1982843868026975e-10;151.79850237088715;140.0;131.5089473738048;131.5089473738048;123.35607797862167;46.49348772231457;28.203310150514255;27.971201455790833;69.95054641397701;36.64103970060364;8.315028352476986;15.064913237513224;22.555638447639183;56.709830681425046;2.016648965612319;8.227695575417613;4.0;0.9100000000000005;138409.88377821303;26937.845491945714;5.138120040802703;2.016648965612319;deltaT_shex_1_K;shex;True;True;True;True;True;True;True;True;108.95330892616562;2689.4678579568085;0.11310820984878023;138409.88377821303;0.0;0.0;135.0;4.0;151.79850237088715;4.0;140.0;8.0;131.5089473738048;8.0;131.5089473738048;8.0;123.35607797862167;8.0;30.0;4.0;46.49348772231457;4.0;108.95330892616562;2689.4678579568085;0.012763633395848985;138409.88377821303;0.0;0.0;116.44403413629158;311.05769708835413;1.0231082098487807;26937.845491945714;0.5901284052193503;0.22997247199108858;180.0018125214014;409.45867988212996;0.9227636333958494;138409.88377821303;0.6543010531958724;0.2819187934049717;108.95330892616562;2689.4678579568085;0.10034457645293124;138409.88377821303;0.0;0.0;139.94699125460323;311.05769708835413;1.0231082098487807;138409.88377821303;0.5901284052193503;0.22997247199108858;162.97120145579083;358.55066854331113;1.0231082098487807;138409.88377821303;0.5901284052193503;0.22997247199108858;160.95455249017851;377.4793378190494;0.9100000000000005;138409.88377821303;0.6634782596097637;0.290258371139969;131.71929567918562;324.0832400111245;0.9100000000000005;138409.88377821303;0.6634782596097637;0.290258371139969;131.684971647523;324.0212056792271;0.9100000000000005;26937.845491945714;0.6634782596097637;0.290258371139969;116.44403413629158;2717.1076855561782;0.11310820984878023;26937.845491945714;0.0;0.0;66.64103970060364;278.9901069490064;0.11310820984878023;26937.845491945714;0.0;0.0;66.64624729719662;279.1038981751218;0.11310820984878023;138409.88377821303;0.0;0.0;"Zustand 3: Temperatur 436.121 K liegt außerhalb des Boryta-Prüfbereichs; Kristallisation wurde nicht bewertet.";"Zustand 4: Temperatur 434.105 K liegt außerhalb des Boryta-Prüfbereichs; Kristallisation wurde nicht bewertet.";"Zustand 5: Temperatur 404.869 K liegt außerhalb des Boryta-Prüfbereichs; Kristallisation wurde nicht bewertet.";"Zustand 6: Temperatur 404.835 K liegt außerhalb des Boryta-Prüfbereichs; Kristallisation wurde nicht bewertet.";"Zustand 20: Temperatur 453.152 K liegt außerhalb des Boryta-Prüfbereichs; Kristallisation wurde nicht bewertet.";5
series_desorber_to_evaporator;Serie Desorber → Verdampfer;series_desorber_to_evaporator;140.0;nan;30.0;140.0;8.0;8.0;4.0;140.0;0.9200000000000005;Abwärmetemperatur [°C];hot_temperature_C;140.0;10.0;10.0;25.0;15.0;11.0;nan;nan;4.775337397693071e-19;`gtol` termination condition is satisfied.;4;4.1816470059700635e-08;9.772755392102139e-10;1;True;;True;0;zulässig;feasible;True;True;True;108.94390629857031;139.91259662260086;160.97361149396068;66.65989257170577;0.11343430643063918;0.28166316670642316;0.23024989598025497;0.28994693139555416;280.83537352159146;275.9130069043633;283.9283424355759;272.7501057428869;49.29225997150822;0.5044840058754346;8.129965845489803;20.287054111206942;0.012869257838773341;0.057062990144199126;28.083537348213074;27.5913006900863;11.357133697571177;18.183340382459303;4.4811145433915;116.53976651528183;0.01798419480920166;2717.290090569554;311.0756845923909;267.00935857089377;0.018580579609829062;1.0145810273986906;0.6013214003545392;0.23830608275920834;4.910702955385204e-10;-5.798270308332576e-09;9.74131353359553e-09;-8.833367370897349e-10;-3.7035192690382246e-09;3.500247203191975e-09;5.9973217503284104e-09;3.9460701373172924e-08;4.9107029553852044e-12;-5.798270308332576e-11;9.74131353359553e-11;-8.833367370897349e-10;-3.7035192690382244e-11;3.500247203191975e-11;5.99732175032841e-11;3.9460701373172924e-10;151.79637401444927;140.0;131.50931990324233;131.50931990324233;123.35291721954354;46.501974097150935;28.112523306605965;28.05457132102731;70.03779241813089;36.65989257170577;8.378649251078173;14.969553387960502;22.565413604672017;56.687818780783914;2.0809598270666356;8.256946768623607;4.0;0.9200000000000005;138365.89874131666;26960.318003709173;5.132205737420472;2.0809598270666356;deltaT_shex_1_K;shex;True;True;True;True;True;True;True;True;108.94390629857031;2689.453512538275;0.11316160700851918;138365.89874131666;0.0;0.0;135.0;4.0;151.79637401444927;4.0;140.0;8.0;131.50931990324233;8.0;131.50931990324233;8.0;123.35291721954354;8.0;30.0;4.0;46.501974097150935;4.0;108.94390629857031;2689.453512538275;0.01283640840558793;138365.89874131666;0.0;0.0;116.53976651528183;311.0756845923917;1.0331616070085197;26960.318003709173;0.5905071191476212;0.23024989598025497;179.90889732105524;409.1812095453682;0.9328364084055885;138365.89874131666;0.6540153016697043;0.28166316670642316;108.94390629857031;2689.453512538275;0.10032519860293125;138365.89874131666;0.0;0.0;139.91259662260086;311.0756845923917;1.0331616070085197;138365.89874131666;0.5905071191476212;0.23024989598025497;163.0545713210273;358.7858004514509;1.0331616070085197;138365.89874131666;0.5905071191476212;0.23024989598025497;160.97361149396068;377.3654415590354;0.9200000000000005;138365.89874131666;0.6631405262701384;0.28994693139555416;131.65564985397725;323.78689811227764;0.9200000000000005;138365.89874131666;0.6631405262701384;0.28994693139555416;131.62135074892183;323.72487312299046;0.9200000000000005;26960.318003709173;0.6631405262701384;0.28994693139555416;116.53976651528183;2717.290090569554;0.11316160700851918;26960.318003709173;0.0;0.0;66.65989257170577;279.0690878968755;0.11316160700851918;26960.318003709173;0.0;0.0;66.66509843875963;279.1828124910994;0.11316160700851918;138365.89874131666;0.0;0.0;"Zustand 3: Temperatur 436.205 K liegt außerhalb des Boryta-Prüfbereichs; Kristallisation wurde nicht bewertet.";"Zustand 4: Temperatur 434.124 K liegt außerhalb des Boryta-Prüfbereichs; Kristallisation wurde nicht bewertet.";"Zustand 5: Temperatur 404.806 K liegt außerhalb des Boryta-Prüfbereichs; Kristallisation wurde nicht bewertet.";"Zustand 6: Temperatur 404.771 K liegt außerhalb des Boryta-Prüfbereichs; Kristallisation wurde nicht bewertet.";"Zustand 20: Temperatur 453.059 K liegt außerhalb des Boryta-Prüfbereichs; Kristallisation wurde nicht bewertet.";5
series_desorber_to_evaporator;Serie Desorber → Verdampfer;series_desorber_to_evaporator;140.0;nan;30.0;140.0;8.0;8.0;4.0;140.0;0.9300000000000005;Abwärmetemperatur [°C];hot_temperature_C;140.0;10.0;10.0;25.0;15.0;11.0;nan;nan;4.1501041690137923e-19;`gtol` termination condition is satisfied.;4;3.670277836220711e-08;9.110547918773922e-10;1;True;;True;0;zulässig;feasible;True;True;True;108.93471067277966;139.87953637120506;160.9904018953917;66.67857023868368;0.1140305067146482;0.28141076481098487;0.2305209512450536;0.28964042436597925;280.79573071239673;276.05358045440266;283.9113851789289;272.8673833676655;49.99168394253879;0.5043219076858498;8.214488541537946;20.28417603480034;0.012867874386261954;0.05767474634175229;28.07957306779659;27.605358045145955;11.356455407297725;18.191158890817604;4.5446985407150144;116.63357726101464;0.017871959031250308;2717.4688119297325;311.094975020469;267.30576136081805;0.018644288517083663;1.0245703072909575;0.6016290159019833;0.23853910461469033;5.230518240750825e-10;-5.326363350377505e-09;9.060215688805329e-09;-8.338950641118004e-10;-3.514173840812873e-09;2.9431248549371958e-09;5.401489033829421e-09;3.4430797768436605e-08;5.2305182407508255e-12;-5.326363350377505e-11;9.060215688805329e-11;-8.338950641118004e-10;-3.514173840812873e-11;2.943124854937196e-11;5.401489033829421e-11;3.4430797768436606e-10;151.7940030330381;140.0;131.50982699823777;131.50982699823777;123.34991720853486;46.510381606124554;28.023249443481575;28.135972111090666;70.12319565489008;36.678570238683676;8.441168213118317;14.876249737223134;22.57511632545811;56.66614279191856;2.1455702156989673;8.286429973279837;4.0;0.9300000000000005;138322.893175468;26982.59733915327;5.126374286242402;2.1455702156989673;deltaT_shex_1_K;shex;True;True;True;True;True;True;True;True;108.93471067277966;2689.439482409965;0.11321459580804072;138322.893175468;0.0;0.0;135.0;4.0;151.7940030330381;4.0;140.0;8.0;131.50982699823777;8.0;131.50982699823777;8.0;123.34991720853486;8.0;30.0;4.0;46.510381606124554;4.0;108.93471067277966;2689.439482409965;0.01290991772748497;138322.893175468;0.0;0.0;116.63357726101464;311.09497502046963;1.0432145958080412;26982.59733915327;0.5908767267777716;0.2305209512450536;179.81725247651968;408.9074306257668;0.9429099177274854;138322.893175468;0.6537328910670109;0.28141076481098487;108.93471067277966;2689.439482409965;0.10030467808055575;138322.893175468;0.0;0.0;139.87953637120506;311.09497502046963;1.0432145958080412;138322.893175468;0.5908767267777716;0.2305209512450536;163.13597211109067;359.0157807141599;1.0432145958080412;138322.893175468;0.5908767267777716;0.2305209512450536;160.9904018953917;377.24992400816865;0.9300000000000005;138322.893175468;0.6628077695675818;0.28964042436597925;131.59310639792523;323.49542514578616;0.9300000000000005;138322.893175468;0.6628077695675818;0.28964042436597925;131.55883178688168;323.4334092895047;0.9300000000000005;26982.59733915327;0.6628077695675818;0.28964042436597925;116.63357726101464;2717.4688119297325;0.11321459580804072;26982.59733915327;0.0;0.0;66.67857023868368;279.1473350553101;0.11321459580804072;26982.59733915327;0.0;0.0;66.6837744166163;279.2609942022993;0.11321459580804072;138322.893175468;0.0;0.0;"Zustand 3: Temperatur 436.286 K liegt außerhalb des Boryta-Prüfbereichs; Kristallisation wurde nicht bewertet.";"Zustand 4: Temperatur 434.140 K liegt außerhalb des Boryta-Prüfbereichs; Kristallisation wurde nicht bewertet.";"Zustand 5: Temperatur 404.743 K liegt außerhalb des Boryta-Prüfbereichs; Kristallisation wurde nicht bewertet.";"Zustand 6: Temperatur 404.709 K liegt außerhalb des Boryta-Prüfbereichs; Kristallisation wurde nicht bewertet.";"Zustand 20: Temperatur 452.967 K liegt außerhalb des Boryta-Prüfbereichs; Kristallisation wurde nicht bewertet.";5
series_desorber_to_evaporator;Serie Desorber → Verdampfer;series_desorber_to_evaporator;140.0;nan;30.0;140.0;8.0;8.0;4.0;140.0;0.9400000000000005;Abwärmetemperatur [°C];hot_temperature_C;140.0;10.0;10.0;25.0;15.0;11.0;nan;nan;3.651278659489825e-19;`gtol` termination condition is satisfied.;4;3.3451645090375726e-08;8.545500172008453e-10;1;True;;True;0;zulässig;feasible;True;True;True;108.92571140139017;139.84778497668503;161.00500074479373;66.6970851414892;0.1146330220505335;0.28116150828882436;0.23078581136619067;0.2893387132733466;280.7521559330838;276.1929289941667;283.89006847734714;272.98386338724794;50.68869362491379;0.504157475989286;8.298959478911517;20.280932426540517;0.012866568404479979;0.05828649482818848;28.07521559017164;27.619292899151443;11.355602739214872;18.198924225480596;4.60806305725027;116.72553003240904;0.017762678289853305;2717.643970836898;311.11552637772985;267.5961145110694;0.01870884663427641;1.0345583650431198;0.6019293715719907;0.23876683669409668;5.772378131041478e-10;-4.839179723603593e-09;8.31596480566077e-09;-7.863945050701204e-10;-3.0246383175835945e-09;2.652313924045302e-09;5.038998551754048e-09;3.136739223918994e-08;5.772378131041478e-12;-4.839179723603593e-11;8.31596480566077e-11;-7.863945050701204e-10;-3.0246383175835946e-11;2.652313924045302e-11;5.038998551754048e-11;3.136739223918994e-10;151.79139688595;140.0;131.5104644594095;131.5104644594095;123.34707141553247;46.518715848933425;27.935443090942726;28.215453539797522;70.20681418347561;36.6970851414892;8.50260588897902;14.78493442700045;22.584753058019317;56.64478374685825;2.210452795003789;8.316140338166292;4.0;0.9400000000000005;138280.81655922212;27004.697922382184;5.120620751125361;2.210452795003789;deltaT_shex_1_K;shex;True;True;True;True;True;True;True;True;108.92571140139017;2689.425751361189;0.11326721167739573;138280.81655922212;0.0;0.0;135.0;4.0;151.79139688595;4.0;140.0;8.0;131.5104644594095;8.0;131.5104644594095;8.0;123.34707141553247;8.0;30.0;4.0;46.518715848933425;4.0;108.92571140139017;2689.425751361189;0.01298416277381735;138280.81655922212;0.0;0.0;116.72553003240904;311.11552637772974;1.0532672116773962;27004.697922382184;0.5912374937915439;0.23078581136619067;179.72683997689273;408.6372403580309;0.9529841627738178;138280.81655922212;0.6534537420840071;0.28116150828882436;108.92571140139017;2689.425751361189;0.10028304890357838;138280.81655922212;0.0;0.0;139.84778497668503;311.11552637772974;1.0532672116773962;138280.81655922212;0.5912374937915439;0.23078581136619067;163.21545353979752;359.2407248676635;1.0532672116773962;138280.81655922212;0.5912374937915439;0.23078581136619067;161.00500074479373;377.13284751632705;0.9400000000000005;138280.81655922212;0.662479858005267;0.2893387132733466;131.53164463851874;323.20870536277755;0.9400000000000005;138280.81655922212;0.662479858005267;0.2893387132733466;131.49739411102098;323.14669845338585;0.9400000000000005;27004.697922382184;0.662479858005267;0.2893387132733466;116.72553003240904;2717.643970836898;0.11326721167739573;27004.697922382184;0.0;0.0;66.6970851414892;279.2249005342659;0.11326721167739573;27004.697922382184;0.0;0.0;66.70228766867422;279.33849535322486;0.11326721167739573;138280.81655922212;0.0;0.0;"Zustand 3: Temperatur 436.365 K liegt außerhalb des Boryta-Prüfbereichs; Kristallisation wurde nicht bewertet.";"Zustand 4: Temperatur 434.155 K liegt außerhalb des Boryta-Prüfbereichs; Kristallisation wurde nicht bewertet.";"Zustand 5: Temperatur 404.682 K liegt außerhalb des Boryta-Prüfbereichs; Kristallisation wurde nicht bewertet.";"Zustand 6: Temperatur 404.647 K liegt außerhalb des Boryta-Prüfbereichs; Kristallisation wurde nicht bewertet.";"Zustand 20: Temperatur 452.877 K liegt außerhalb des Boryta-Prüfbereichs; Kristallisation wurde nicht bewertet.";5
series_desorber_to_evaporator;Serie Desorber → Verdampfer;series_desorber_to_evaporator;140.0;nan;30.0;140.0;8.0;8.0;4.0;140.0;0.9500000000000005;Abwärmetemperatur [°C];hot_temperature_C;140.0;10.0;10.0;25.0;15.0;11.0;nan;nan;3.223380030257856e-19;`gtol` termination condition is satisfied.;4;3.053246853067141e-08;8.029171850518403e-10;1;True;;True;0;zulässig;feasible;True;True;True;108.91689837649784;139.8173169542224;161.01748230548844;66.7154490532098;0.11524182350173574;0.28091532020791604;0.23104464373322245;0.2890416660349133;280.7047685853723;276.3311411310948;283.864526781608;273.0996193783705;51.38326372821562;0.5039907335520742;8.38337708808967;20.277334448335864;0.012865336905160006;0.05889822018594206;28.070476855676386;27.63311411287942;11.354581071379156;18.206641291592817;4.671205793880497;116.8156858162584;0.017656264123047605;2717.815683423252;311.13729758434505;267.8805966071993;0.018774249728715997;1.0445452383508167;0.6022226783615908;0.23898942444404758;6.024762910783465e-10;-4.46984671498285e-09;7.700975857005687e-09;-7.426358417106371e-10;-2.8709337129839696e-09;2.3006236915534828e-09;4.478238224692177e-09;2.8608440061361762e-08;6.024762910783465e-12;-4.46984671498285e-11;7.700975857005687e-11;-7.426358417106371e-10;-2.8709337129839696e-11;2.300623691553483e-11;4.478238224692177e-11;2.8608440061361764e-10;151.78856271443613;140.0;131.51122826610026;131.51122826610026;123.3443736196179;46.5269821250655;27.849060544155748;28.293063661181918;70.2887036911929;36.715449053209795;8.562982549724438;14.695542449841867;22.59432988960242;56.62372365360727;2.2755813556934754;8.346072670545482;4.0;0.9500000000000005;138239.6209583976;27026.633425157775;5.1149404657154625;2.2755813556934754;deltaT_shex_1_K;shex;True;True;True;True;True;True;True;True;108.91689837649784;2689.4123040013455;0.11331948807953218;138239.6209583976;0.0;0.0;135.0;4.0;151.78856271443613;4.0;140.0;8.0;131.51122826610026;8.0;131.51122826610026;8.0;123.3443736196179;8.0;30.0;4.0;46.5269821250655;4.0;108.91689837649784;2689.4123040013455;0.013059144444568495;138239.6209583976;0.0;0.0;116.8156858162584;311.1372975843458;1.0633194880795327;27026.633425157775;0.5915896756915494;0.23104464373322245;179.63762325859187;408.370539638321;0.963059144444569;138239.6209583976;0.6531777777936018;0.28091532020791604;108.91689837649784;2689.4123040013455;0.1002603436349637;138239.6209583976;0.0;0.0;139.8173169542224;311.1372975843458;1.0633194880795327;138239.6209583976;0.5915896756915494;0.23104464373322245;163.29306366118192;359.4607453385285;1.0633194880795327;138239.6209583976;0.5915896756915494;0.23104464373322245;161.01748230548844;377.0142723991536;0.9500000000000005;138239.6209583976;0.6621566643257629;0.2890416660349133;131.47124428367692;322.92662637008715;0.9500000000000005;138239.6209583976;0.6621566643257629;0.2890416660349133;131.43701745027556;322.8646282435756;0.9500000000000005;27026.633425157775;0.6621566643257629;0.2890416660349133;116.8156858162584;2717.815683423252;0.11331948807953218;27026.633425157775;0.0;0.0;66.7154490532098;279.30183365052375;0.11331948807953218;27026.633425157775;0.0;0.0;66.72064996601063;279.4153651985672;0.11331948807953218;138239.6209583976;0.0;0.0;"Zustand 3: Temperatur 436.443 K liegt außerhalb des Boryta-Prüfbereichs; Kristallisation wurde nicht bewertet.";"Zustand 4: Temperatur 434.167 K liegt außerhalb des Boryta-Prüfbereichs; Kristallisation wurde nicht bewertet.";"Zustand 5: Temperatur 404.621 K liegt außerhalb des Boryta-Prüfbereichs; Kristallisation wurde nicht bewertet.";"Zustand 6: Temperatur 404.587 K liegt außerhalb des Boryta-Prüfbereichs; Kristallisation wurde nicht bewertet.";"Zustand 20: Temperatur 452.788 K liegt außerhalb des Boryta-Prüfbereichs; Kristallisation wurde nicht bewertet.";5
series_desorber_to_evaporator;Serie Desorber → Verdampfer;series_desorber_to_evaporator;140.0;nan;30.0;140.0;8.0;8.0;4.0;140.0;0.9600000000000005;Abwärmetemperatur [°C];hot_temperature_C;140.0;10.0;10.0;25.0;15.0;11.0;nan;nan;2.844434455581206e-19;`gtol` termination condition is satisfied.;4;2.7726034362835007e-08;7.542459089158132e-10;1;True;;True;0;zulässig;feasible;True;True;True;108.90826199939465;139.7881069103821;161.0279181532885;66.73367311834772;0.11585687928379555;0.2806721260322347;0.23129760981300584;0.2887491550738561;280.6536830273806;276.4683007420292;283.83488887242515;273.21472081320843;52.07537083712515;0.503821703036046;8.467739840117574;20.27339279088477;0.012864177025718569;0.059509907360051545;28.065368300147487;27.6468300740033;11.353395555005847;18.214314720606126;4.734124621934611;116.90410306190216;0.0175526311891551;2717.984061007678;311.1602484891967;268.15937937439844;0.018840493307113793;1.0545309633183977;0.6025091389818985;0.23920700789517912;6.096172455727356e-10;-4.155573662956158e-09;7.15243686499889e-09;-7.014718805820053e-10;-2.720980774029158e-09;1.996227183553856e-09;4.116543550480856e-09;2.5905762868205784e-08;6.096172455727356e-12;-4.155573662956158e-11;7.15243686499889e-11;-7.014718805820053e-10;-2.720980774029158e-11;1.996227183553856e-11;4.116543550480856e-11;2.5905762868205786e-10;151.78550735809694;140.0;131.51211456721217;131.51211456721217;123.34181789217604;46.53518545107829;27.764059777785633;28.3688489366246;70.36891761082387;36.733673118347724;8.6223180865735;14.608011505310003;22.603852567817512;56.60294544084445;2.3409307833360913;8.376221488167744;4.0;0.9600000000000005;138199.26087876462;27048.416809144164;5.109329017439722;2.3409307833360913;deltaT_shex_1_K;shex;True;True;True;True;True;True;True;True;108.90826199939465;2689.399125713958;0.11337145662551096;138199.26087876462;0.0;0.0;135.0;4.0;151.78550735809694;4.0;140.0;8.0;131.51211456721217;8.0;131.51211456721217;8.0;123.34181789217604;8.0;30.0;4.0;46.53518545107829;4.0;108.90826199939465;2689.399125713958;0.013134863164489887;138199.26087876462;0.0;0.0;116.90410306190216;311.16024848919676;1.0733714566255115;27048.416809144164;0.5919335182772538;0.23129760981300584;179.54956713588257;408.1072328578298;0.9731348631644904;138199.26087876462;0.6529049235519939;0.2806721260322347;108.90826199939465;2689.399125713958;0.10023659346102107;138199.26087876462;0.0;0.0;139.7881069103821;311.16024848919676;1.0733714566255115;138199.26087876462;0.5919335182772538;0.23129760981300584;163.3688489366246;359.6759515253487;1.0733714566255115;138199.26087876462;0.5919335182772538;0.23129760981300584;161.0279181532885;376.8942569788997;0.9600000000000005;138199.26087876462;0.6618380653528327;0.2887491550738561;131.41188542221437;322.64907902419606;0.9600000000000005;138199.26087876462;0.6618380653528327;0.2887491550738561;131.3776819134265;322.58708953736266;0.9600000000000005;27048.416809144164;0.6618380653528327;0.2887491550738561;116.90410306190216;2717.984061007678;0.11337145662551096;27048.416809144164;0.0;0.0;66.73367311834772;279.3781810880049;0.11337145662551096;27048.416809144164;0.0;0.0;66.73887245133159;279.49165036332886;0.11337145662551096;138199.26087876462;0.0;0.0;"Zustand 3: Temperatur 436.519 K liegt außerhalb des Boryta-Prüfbereichs; Kristallisation wurde nicht bewertet.";"Zustand 4: Temperatur 434.178 K liegt außerhalb des Boryta-Prüfbereichs; Kristallisation wurde nicht bewertet.";"Zustand 5: Temperatur 404.562 K liegt außerhalb des Boryta-Prüfbereichs; Kristallisation wurde nicht bewertet.";"Zustand 6: Temperatur 404.528 K liegt außerhalb des Boryta-Prüfbereichs; Kristallisation wurde nicht bewertet.";"Zustand 20: Temperatur 452.700 K liegt außerhalb des Boryta-Prüfbereichs; Kristallisation wurde nicht bewertet.";5
series_desorber_to_evaporator;Serie Desorber → Verdampfer;series_desorber_to_evaporator;140.0;nan;30.0;140.0;8.0;8.0;4.0;140.0;0.9700000000000005;Abwärmetemperatur [°C];hot_temperature_C;140.0;10.0;10.0;25.0;15.0;11.0;nan;nan;2.5151575478067753e-19;`gtol` termination condition is satisfied.;4;2.5240351703402718e-08;7.092471427939312e-10;1;True;;True;0;zulässig;feasible;True;True;True;108.89979315199918;139.7601295891676;161.03637727322;66.75176788880941;0.11647815502546403;0.28043185353175754;0.23154486540391894;0.28846105713764153;280.59900883152267;276.6044872436372;283.8012781487829;273.32923329934346;52.764993291215404;0.5036504069794585;8.552046245383993;20.26911769772215;0.01286308602304356;0.06012154164709198;28.05990088079299;27.66044872419625;11.35205112604948;18.221948886372964;4.79681757227423;116.9908378079677;0.017451697143279304;2718.149210335432;311.18433987807725;268.43262799622414;0.018907572642643977;1.0645155745396537;0.6027889482603233;0.23941972191159658;6.364970772665401e-10;-3.801119419222232e-09;6.502489213744411e-09;-6.628483317783207e-10;-2.4541009224776644e-09;1.6747208064771257e-09;3.748994004126871e-09;2.3592747311340645e-08;6.364970772665401e-12;-3.801119419222232e-11;6.502489213744412e-11;-6.628483317783207e-10;-2.4541009224776645e-11;1.6747208064771258e-11;3.748994004126871e-11;2.359274731134064e-10;151.7822373703064;140.0;131.51311967258425;131.51311967258425;123.3393985810967;46.543330576772576;27.680400367018308;28.442854298449106;70.44750723119512;36.75176788880941;8.680632011463786;14.52228186461656;22.613326520585076;56.58243290638421;2.406477025229094;8.40658106594941;4.0;0.9700000000000005;138159.6931273606;27070.060365717865;5.103782232503964;2.406477025229094;deltaT_shex_1_K;shex;True;True;True;True;True;True;True;True;108.89979315199918;2689.3862026133197;0.11342314718229718;138159.6931273606;0.0;0.0;135.0;4.0;151.7822373703064;4.0;140.0;8.0;131.51311967258425;8.0;131.51311967258425;8.0;123.3393985810967;8.0;30.0;4.0;46.543330576772576;4.0;108.89979315199918;2689.3862026133197;0.013211318920975636;138159.6931273606;0.0;0.0;116.9908378079677;311.1843398780779;1.0834231471822977;27070.060365717865;0.5922692580939682;0.23154486540391894;179.4626377373247;407.8472277518242;0.9832113189209761;138159.6931273606;0.6526351069173499;0.28043185353175754;108.89979315199918;2689.3862026133197;0.10021182826132155;138159.6931273606;0.0;0.0;139.7601295891676;311.1843398780779;1.0834231471822977;138159.6931273606;0.5922692580939682;0.23154486540391894;163.4428542984491;359.88644987862887;1.0834231471822977;138159.6931273606;0.5922692580939682;0.23154486540391894;161.03637727322;376.7728576270526;0.9700000000000005;138159.6931273606;0.6615239418386507;0.28846105713764153;131.3535485232182;322.37595732748673;0.9700000000000005;138159.6931273606;0.6615239418386507;0.28846105713764153;131.31936798853621;322.3139763567165;0.9700000000000005;27070.060365717865;0.6615239418386507;0.28846105713764153;116.9908378079677;2718.149210335432;0.11342314718229718;27070.060365717865;0.0;0.0;66.75176788880941;279.45398704851414;0.11342314718229718;27070.060365717865;0.0;0.0;66.75696567471249;279.5673949933878;0.11342314718229718;138159.6931273606;0.0;0.0;"Zustand 3: Temperatur 436.593 K liegt außerhalb des Boryta-Prüfbereichs; Kristallisation wurde nicht bewertet.";"Zustand 4: Temperatur 434.186 K liegt außerhalb des Boryta-Prüfbereichs; Kristallisation wurde nicht bewertet.";"Zustand 5: Temperatur 404.504 K liegt außerhalb des Boryta-Prüfbereichs; Kristallisation wurde nicht bewertet.";"Zustand 6: Temperatur 404.469 K liegt außerhalb des Boryta-Prüfbereichs; Kristallisation wurde nicht bewertet.";"Zustand 20: Temperatur 452.613 K liegt außerhalb des Boryta-Prüfbereichs; Kristallisation wurde nicht bewertet.";5
series_desorber_to_evaporator;Serie Desorber → Verdampfer;series_desorber_to_evaporator;140.0;nan;30.0;140.0;8.0;8.0;4.0;140.0;0.9800000000000005;Abwärmetemperatur [°C];hot_temperature_C;140.0;10.0;10.0;25.0;15.0;11.0;nan;nan;2.2287976628697555e-19;`gtol` termination condition is satisfied.;4;2.3012653534300334e-08;6.676522542266678e-10;1;True;;True;0;zulässig;feasible;True;True;True;108.8914831702794;139.73335991262053;161.04292615431655;66.76974335745155;0.11710561399836956;0.2801944326940392;0.23178656087822638;0.28817725312567904;280.54085102678516;276.7397758451681;283.7638128988881;273.4432188037651;53.4521110735308;0.5034768677802551;8.636294852464145;20.26451898781272;0.012862061267715653;0.06073310868496276;28.05408510053426;27.67397758436884;11.350552516048447;18.229547920020945;4.859282825185478;117.07594380185333;0.01735338251890335;2718.3112338041697;311.20953347829663;268.70050141676705;0.018975482799802323;1.0744991051735793;0.6030622935208484;0.23962769642763562;6.527685059154464e-10;-3.509455837047426e-09;6.09651351624052e-09;-6.267699692585893e-10;-2.323076842003502e-09;1.4796910363656934e-09;3.4509071156207938e-09;2.144258814951172e-08;6.527685059154465e-12;-3.509455837047426e-11;6.09651351624052e-11;-6.267699692585893e-10;-2.323076842003502e-11;1.4796910363656934e-11;3.450907115620794e-11;2.144258814951172e-10;151.77875903270245;140.0;131.51424004488973;131.51424004488973;123.33711029597333;46.55142200030912;27.598043412466893;28.515123211139326;70.52452180154421;36.769743357451546;8.737943458391953;14.438296243036405;22.62275687461033;56.56217066867282;2.472197056822779;8.437145477967533;4.0;0.9800000000000005;138120.87668359018;27091.575753131732;5.098296161958157;2.472197056822779;deltaT_shex_1_K;shex;True;True;True;True;True;True;True;True;108.8914831702794;2689.373521504165;0.11347458797338106;138120.87668359018;0.0;0.0;135.0;4.0;151.77875903270245;4.0;140.0;8.0;131.51424004488973;8.0;131.51424004488973;8.0;123.33711029597333;8.0;30.0;4.0;46.55142200030912;4.0;108.8914831702794;2689.373521504165;0.013288511297834791;138120.87668359018;0.0;0.0;117.07594380185333;311.2095334782969;1.0934745879733816;27091.575753131732;0.592597122858654;0.23178656087822638;179.37680244516935;407.59043525450926;0.9932885112978354;138120.87668359018;0.6523682575691744;0.2801944326940392;108.8914831702794;2689.373521504165;0.10018607667554627;138120.87668359018;0.0;0.0;139.73335991262053;311.2095334782969;1.0934745879733816;138120.87668359018;0.592597122858654;0.23178656087822638;163.51512321113933;360.09234398109754;1.0934745879733816;138120.87668359018;0.592597122858654;0.23178656087822638;161.04292615431655;376.6501288108966;0.9800000000000005;138120.87668359018;0.6612141783184466;0.28817725312567904;131.296214434653;322.10715832836803;0.9800000000000005;138120.87668359018;0.6612141783184466;0.28817725312567904;131.26205654160805;322.0451857684854;0.9800000000000005;27091.575753131732;0.6612141783184466;0.28817725312567904;117.07594380185333;2718.3112338041697;0.11347458797338106;27091.575753131732;0.0;0.0;66.76974335745155;279.52929339222595;0.11347458797338106;27091.575753131732;0.0;0.0;66.77493962730051;279.6426408958162;0.11347458797338106;138120.87668359018;0.0;0.0;"Zustand 3: Temperatur 436.665 K liegt außerhalb des Boryta-Prüfbereichs; Kristallisation wurde nicht bewertet.";"Zustand 4: Temperatur 434.193 K liegt außerhalb des Boryta-Prüfbereichs; Kristallisation wurde nicht bewertet.";"Zustand 5: Temperatur 404.446 K liegt außerhalb des Boryta-Prüfbereichs; Kristallisation wurde nicht bewertet.";"Zustand 6: Temperatur 404.412 K liegt außerhalb des Boryta-Prüfbereichs; Kristallisation wurde nicht bewertet.";"Zustand 20: Temperatur 452.527 K liegt außerhalb des Boryta-Prüfbereichs; Kristallisation wurde nicht bewertet.";5
series_desorber_to_evaporator;Serie Desorber → Verdampfer;series_desorber_to_evaporator;140.0;nan;30.0;140.0;8.0;8.0;4.0;140.0;0.9900000000000005;Abwärmetemperatur [°C];hot_temperature_C;140.0;10.0;10.0;25.0;15.0;11.0;nan;nan;1.97880806318989e-19;`gtol` termination condition is satisfied.;4;2.103476668583969e-08;6.290958691948135e-10;1;True;;True;0;zulässig;feasible;True;True;True;108.88332381919491;139.70777301614743;161.0476288815833;66.78760898964424;0.11773921732486436;0.2799597956404165;0.23202284141202967;0.2878976279243158;280.4793103274356;276.87423778565784;283.722606556225;273.55673586286827;54.13670570651845;0.5033011076812991;8.720484246992978;20.259606076886826;0.012861100238467768;0.061344594442604934;28.04793103078538;27.68742377843705;11.348904262331562;18.237115723980075;4.921518700886951;117.15947261234595;0.017257610614243444;2718.4702296769974;311.23579195901834;268.96315262644634;0.019044218657076728;1.0844815870160864;0.6033293549420374;0.23983105667136256;6.807638897043944e-10;-3.2380143011323526e-09;5.636309197143419e-09;-5.92917048791719e-10;-2.0640413822548e-09;1.2873329069407191e-09;3.16714476866764e-09;1.958176198968431e-08;6.807638897043944e-12;-3.238014301132353e-11;5.6363091971434185e-11;-5.92917048791719e-10;-2.0640413822548e-11;1.2873329069407191e-11;3.16714476866764e-11;1.958176198968431e-10;151.77507836886576;140.0;131.51547229197894;131.51547229197894;123.33494789416591;46.55946398239581;27.516951469244248;28.585697729483456;70.60000862995014;36.78760898964424;8.794271185488185;14.355999679632987;22.632148472784024;56.54214412125299;2.538068847900149;8.467908634912874;4.0;0.9900000000000005;138082.77257785114;27112.97403155713;5.092867068626808;2.538068847900149;deltaT_shex_1_K;shex;True;True;True;True;True;True;True;True;108.88332381919491;2689.361069843637;0.11352580567316262;138082.77257785114;0.0;0.0;135.0;4.0;151.77507836886576;4.0;140.0;8.0;131.51547229197894;8.0;131.51547229197894;8.0;123.33494789416591;8.0;30.0;4.0;46.55946398239581;4.0;108.88332381919491;2689.361069843637;0.013366439506132814;138082.77257785114;0.0;0.0;117.15947261234595;311.23579195901925;1.1035258056731632;27112.97403155713;0.5929173318623051;0.23202284141202967;179.29202983811;407.3367693617156;1.0033664395061335;138082.77257785114;0.6521043072318644;0.2799597956404165;108.88332381919491;2689.361069843637;0.1001593661670298;138082.77257785114;0.0;0.0;139.70777301614743;311.23579195901925;1.1035258056731632;138082.77257785114;0.5929173318623051;0.23202284141202967;163.58569772948346;360.2937346262453;1.1035258056731632;138082.77257785114;0.5929173318623051;0.23202284141202967;161.0476288815833;376.52612314123047;0.9900000000000005;138082.77257785114;0.6609086629706385;0.2878976279243158;131.23986438123455;321.84258202422274;0.9900000000000005;138082.77257785114;0.6609086629706385;0.2878976279243158;131.20572881451182;321.78061778741204;0.9900000000000005;27112.97403155713;0.6609086629706385;0.2878976279243158;117.15947261234595;2718.4702296769974;0.11352580567316262;27112.97403155713;0.0;0.0;66.78760898964424;279.60413976991094;0.11352580567316262;27112.97403155713;0.0;0.0;66.79280377291292;279.7174276709499;0.11352580567316262;138082.77257785114;0.0;0.0;"Zustand 3: Temperatur 436.736 K liegt außerhalb des Boryta-Prüfbereichs; Kristallisation wurde nicht bewertet.";"Zustand 4: Temperatur 434.198 K liegt außerhalb des Boryta-Prüfbereichs; Kristallisation wurde nicht bewertet.";"Zustand 5: Temperatur 404.390 K liegt außerhalb des Boryta-Prüfbereichs; Kristallisation wurde nicht bewertet.";"Zustand 6: Temperatur 404.356 K liegt außerhalb des Boryta-Prüfbereichs; Kristallisation wurde nicht bewertet.";"Zustand 20: Temperatur 452.442 K liegt außerhalb des Boryta-Prüfbereichs; Kristallisation wurde nicht bewertet.";5
series_desorber_to_evaporator;Serie Desorber → Verdampfer;series_desorber_to_evaporator;140.0;nan;30.0;140.0;8.0;8.0;4.0;140.0;1.0;Abwärmetemperatur [°C];hot_temperature_C;140.0;10.0;10.0;25.0;15.0;11.0;nan;nan;9.124641944473104e-19;`gtol` termination condition is satisfied.;9;1.0112541428516561e-07;1.3508991038914123e-09;1;True;;True;0;zulässig;feasible;True;True;True;108.87530725943333;139.6833442689661;161.0505471943431;66.80537376421233;0.11837892513119806;0.27972787671316796;0.23225384714101077;0.2876220701848478;280.41448344582346;277.0079406490125;283.67776803944446;273.66983987060627;54.818760112259184;0.5031231487604751;8.8046130474091;20.25438800631258;0.012860200514796787;0.06195598518287493;28.041448335100302;27.700794063879833;11.34711072191302;18.244655990440286;4.983523647357766;117.2414737288471;0.01716430738431789;2718.626292268586;311.2630788862804;269.22072888755;0.01911377492955757;1.0944630506067181;0.6035903058088771;0.24002992331056675;9.124789812631207e-10;-8.676245499827928e-09;2.806945076372358e-08;-8.957531383302353e-10;-8.381050520256395e-09;1.0214137091679731e-08;1.4001955150888534e-08;9.482045015829499e-08;9.124789812631207e-12;-8.676245499827928e-11;2.806945076372358e-10;-8.957531383302353e-10;-8.381050520256395e-11;1.0214137091679732e-10;1.4001955150888534e-10;9.4820450158295e-10;151.77120116302774;140.0;131.51681315671516;131.51681315671516;123.33290646201999;46.56746056513231;27.437088515923847;28.654618521477573;70.67401316371479;36.805373764212334;8.84963358205323;14.275339427868062;22.64150589728183;56.522339373201135;2.604071327134477;8.498864311640318;4.0;1.0;138045.34373224678;27134.265709602816;5.087491410662811;2.604071327134477;deltaT_shex_1_K;shex;True;True;True;True;True;True;True;True;108.87530725943333;2689.348835690709;0.11357682553627568;138045.34373224678;0.0;0.0;135.0;4.0;151.77120116302774;4.0;140.0;8.0;131.51681315671516;8.0;131.51681315671516;8.0;123.33290646201999;8.0;30.0;4.0;46.56746056513231;4.0;108.87530725943333;2689.348835690709;0.013445102526797923;138045.34373224678;0.0;0.0;117.2414737288471;311.2630788862821;1.1135768255362757;27134.265709602816;0.593230096265779;0.23225384714101077;179.2082896789516;407.08614714598593;1.0134451025267979;138045.34373224678;0.651843189789859;0.27972787671316796;108.87530725943333;2689.348835690709;0.10013172300947776;138045.34373224678;0.0;0.0;139.6833442689661;311.2630788862821;1.1135768255362757;138045.34373224678;0.593230096265779;0.23225384714101077;163.65461852147757;360.4907198133996;1.1135768255362757;138045.34373224678;0.593230096265779;0.23225384714101077;161.0505471943431;376.40089133348613;1.0;138045.34373224678;0.6606072874122255;0.2876220701848478;131.18447995732578;321.5821312221394;1.0;138045.34373224678;0.6606072874122255;0.2876220701848478;131.15036641794677;321.52017523695656;1.0;27134.265709602816;0.6606072874122255;0.2876220701848478;117.2414737288471;2718.626292268586;0.11357682553627568;27134.265709602816;0.0;0.0;66.80537376421233;279.67856379436506;0.11357682553627568;27134.265709602816;0.0;0.0;66.81056708881886;279.79179288360996;0.11357682553627568;138045.34373224678;0.0;0.0;"Zustand 3: Temperatur 436.805 K liegt außerhalb des Boryta-Prüfbereichs; Kristallisation wurde nicht bewertet.";"Zustand 4: Temperatur 434.201 K liegt außerhalb des Boryta-Prüfbereichs; Kristallisation wurde nicht bewertet.";"Zustand 5: Temperatur 404.334 K liegt außerhalb des Boryta-Prüfbereichs; Kristallisation wurde nicht bewertet.";"Zustand 6: Temperatur 404.300 K liegt außerhalb des Boryta-Prüfbereichs; Kristallisation wurde nicht bewertet.";"Zustand 20: Temperatur 452.358 K liegt außerhalb des Boryta-Prüfbereichs; Kristallisation wurde nicht bewertet.";5
series_desorber_to_evaporator;Serie Desorber → Verdampfer;series_desorber_to_evaporator;140.0;nan;30.0;140.0;8.0;8.0;4.0;140.0;1.0000000000000004;Abwärmetemperatur [°C];hot_temperature_C;140.0;10.0;10.0;25.0;15.0;11.0;nan;nan;9.124699235563282e-19;`gtol` termination condition is satisfied.;1;1.0112599065175697e-07;1.3509033448447215e-09;1;True;;True;0;zulässig;feasible;True;True;True;108.87530725943333;139.6833442689661;161.0505471943431;66.80537376421233;0.11837892513119806;0.27972787671316796;0.23225384714101077;0.2876220701848478;280.4144834458239;277.00794064901305;283.677768039445;273.6698398706068;54.81876011225922;0.503123148760475;8.804613047409088;20.25438800631258;0.012860200514796812;0.061955985182874956;28.041448335100302;27.700794063879794;11.34711072191302;18.244655990440286;4.983523647357766;117.2414737288471;0.01716430738431788;2718.626292268586;311.2630788862804;269.22072888755;0.01911377492955757;1.0944630506067188;0.6035903058088771;0.24002992331056675;9.124931921178359e-10;-8.67620997269114e-09;2.8069564450561302e-08;-8.957530273079328e-10;-8.380482086067786e-09;1.0215103429800365e-08;1.4002466741658282e-08;9.482090490564588e-08;9.124931921178359e-12;-8.67620997269114e-11;2.8069564450561303e-10;-8.957530273079324e-10;-8.380482086067786e-11;1.0215103429800365e-10;1.4002466741658282e-10;9.482090490564587e-10;151.77120116302774;140.0;131.51681315671516;131.51681315671516;123.33290646201999;46.567460565132365;27.437088515923847;28.654618521477573;70.67401316371473;36.805373764212334;8.84963358205323;14.275339427868062;22.64150589728183;56.522339373201135;2.604071327134477;8.498864311640318;4.0;1.0000000000000004;138045.34373224678;27134.265709602816;5.087491410662811;2.604071327134477;deltaT_shex_1_K;shex;True;True;True;True;True;True;True;True;108.87530725943333;2689.348835690709;0.1135768255362759;138045.34373224678;0.0;0.0;135.0;4.0;151.77120116302774;4.0;140.0;8.0;131.51681315671516;8.0;131.51681315671516;8.0;123.33290646201999;8.0;30.0;4.0;46.567460565132365;4.0;108.87530725943333;2689.348835690709;0.01344510252679795;138045.34373224678;0.0;0.0;117.2414737288471;311.2630788862821;1.1135768255362763;27134.265709602816;0.593230096265779;0.23225384714101077;179.2082896789516;407.08614714598593;1.0134451025267983;138045.34373224678;0.651843189789859;0.27972787671316796;108.87530725943333;2689.348835690709;0.10013172300947795;138045.34373224678;0.0;0.0;139.6833442689661;311.2630788862821;1.1135768255362763;138045.34373224678;0.593230096265779;0.23225384714101077;163.65461852147757;360.4907198133996;1.1135768255362763;138045.34373224678;0.593230096265779;0.23225384714101077;161.0505471943431;376.40089133348613;1.0000000000000004;138045.34373224678;0.6606072874122255;0.2876220701848478;131.18447995732578;321.5821312221394;1.0000000000000004;138045.34373224678;0.6606072874122255;0.2876220701848478;131.15036641794677;321.52017523695656;1.0000000000000004;27134.265709602816;0.6606072874122255;0.2876220701848478;117.2414737288471;2718.626292268586;0.1135768255362759;27134.265709602816;0.0;0.0;66.80537376421233;279.67856379436506;0.1135768255362759;27134.265709602816;0.0;0.0;66.81056708881886;279.79179288360996;0.1135768255362759;138045.34373224678;0.0;0.0;"Zustand 3: Temperatur 436.805 K liegt außerhalb des Boryta-Prüfbereichs; Kristallisation wurde nicht bewertet.";"Zustand 4: Temperatur 434.201 K liegt außerhalb des Boryta-Prüfbereichs; Kristallisation wurde nicht bewertet.";"Zustand 5: Temperatur 404.334 K liegt außerhalb des Boryta-Prüfbereichs; Kristallisation wurde nicht bewertet.";"Zustand 6: Temperatur 404.300 K liegt außerhalb des Boryta-Prüfbereichs; Kristallisation wurde nicht bewertet.";"Zustand 20: Temperatur 452.358 K liegt außerhalb des Boryta-Prüfbereichs; Kristallisation wurde nicht bewertet.";5
series_desorber_to_evaporator;Serie Desorber → Verdampfer;series_desorber_to_evaporator;140.0;nan;30.0;140.0;8.0;8.0;4.0;140.0;1.0100000000000007;Abwärmetemperatur [°C];hot_temperature_C;140.0;10.0;10.0;25.0;15.0;11.0;nan;nan;5.321938867131822e-19;`gtol` termination condition is satisfied.;4;2.6322132010634838e-08;1.0316917046416358e-09;1;True;;True;0;zulässig;feasible;True;True;True;108.86742606217382;139.6600493395859;161.0517406908878;66.82304615832385;0.11902469322988646;0.2794986118187905;0.2324797136073621;0.2873504724171476;280.34646292359855;277.1409482167667;283.6294016029418;273.7825829114247;55.49825868387232;0.5029430129096426;8.888679916039766;20.248873428532818;0.012859359779810122;0.06256726755502393;28.034646289921714;27.714094821601226;11.345176064238048;18.25217219379999;5.045296244334512;117.32199468832056;0.017073401332243655;2718.7795121915783;311.291358876571;269.47337216232296;0.019184146180521333;1.1044435251430287;0.6038453131582509;0.24022441290195787;1.336253774297802e-09;-3.80731535187806e-09;7.204221219581086e-09;-1.007575023415086e-09;-3.009404281328898e-09;7.54425855120644e-10;4.424862254381878e-09;2.4381392904615495e-08;1.336253774297802e-11;-3.80731535187806e-11;7.204221219581087e-11;-9.97599033084243e-10;-3.009404281328898e-11;7.54425855120644e-12;4.424862254381878e-11;2.4381392904615497e-10;151.76713294997597;140.0;131.51825952144316;131.51825952144316;123.33098132433116;46.57541556320376;27.358419771869592;28.721925045015723;70.7465791251168;36.82304615832385;8.904048655443376;14.196264833122598;22.650833459269336;56.50274327360853;2.6701843541279118;8.530006199507397;4.0;1.0100000000000007;138008.55502587653;27155.460723852804;5.082165846100067;2.6701843541279118;deltaT_shex_1_K;shex;True;True;True;True;True;True;True;True;108.86742606217382;2689.336807728895;0.11362767132354934;138008.55502587653;0.0;0.0;135.0;4.0;151.76713294997597;4.0;140.0;8.0;131.51825952144316;8.0;131.51825952144316;8.0;123.33098132433116;8.0;30.0;4.0;46.57541556320376;4.0;108.86742606217382;2689.336807728895;0.013524498721711827;138008.55502587653;0.0;0.0;117.32199468832056;311.2913588765717;1.12362767132355;27155.460723852804;0.5935356197841057;0.2324797136073621;179.12555272184557;406.83848813525094;1.0235244987217125;138008.55502587653;0.6515848405642293;0.2794986118187905;108.86742606217382;2689.336807728895;0.10010317260183751;138008.55502587653;0.0;0.0;139.6600493395859;311.2913588765717;1.12362767132355;138008.55502587653;0.5935356197841057;0.2324797136073621;163.72192504501572;360.68339513578866;1.12362767132355;138008.55502587653;0.5935356197841057;0.2324797136073621;161.0517406908878;376.27448259223166;1.0100000000000007;138008.55502587653;0.660309946837222;0.2873504724171476;131.1300431400785;321.3257116194237;1.0100000000000007;138008.55502587653;0.660309946837222;0.2873504724171476;131.09595134455662;321.26376382976525;1.0100000000000007;27155.460723852804;0.660309946837222;0.2873504724171476;117.32199468832056;2718.7795121915783;0.11362767132354934;27155.460723852804;0.0;0.0;66.82304615832385;279.75260097713345;0.11362767132354934;27155.460723852804;0.0;0.0;66.82823805072263;279.8657719999136;0.11362767132354934;138008.55502587653;0.0;0.0;"Zustand 3: Temperatur 436.872 K liegt außerhalb des Boryta-Prüfbereichs; Kristallisation wurde nicht bewertet.";"Zustand 4: Temperatur 434.202 K liegt außerhalb des Boryta-Prüfbereichs; Kristallisation wurde nicht bewertet.";"Zustand 5: Temperatur 404.280 K liegt außerhalb des Boryta-Prüfbereichs; Kristallisation wurde nicht bewertet.";"Zustand 6: Temperatur 404.246 K liegt außerhalb des Boryta-Prüfbereichs; Kristallisation wurde nicht bewertet.";"Zustand 20: Temperatur 452.276 K liegt außerhalb des Boryta-Prüfbereichs; Kristallisation wurde nicht bewertet.";5
series_desorber_to_evaporator;Serie Desorber → Verdampfer;series_desorber_to_evaporator;140.0;nan;30.0;140.0;8.0;8.0;4.0;140.0;1.0200000000000005;Abwärmetemperatur [°C];hot_temperature_C;140.0;10.0;10.0;25.0;15.0;11.0;nan;nan;4.448763591062753e-19;`gtol` termination condition is satisfied.;4;2.429739567305961e-08;9.43267045015647e-10;1;True;;True;0;zulässig;feasible;True;True;True;108.85967314035668;139.63786416808927;161.05126675582358;66.8406342289154;0.11967647761319235;0.2792719389829435;0.23270057164074334;0.2870827305248734;280.2753378274627;277.27332114812106;283.5776075609676;273.89501441160536;56.17518698763798;0.5027607218372994;8.972683541691126;20.24307067033169;0.012858575806379198;0.06317842845348012;28.02753378049561;27.727332114735407;11.34310430254397;18.259667627162454;5.106835181014809;117.401081132912;0.01698482341663897;2718.929976457596;311.3205973795601;269.7212191257937;0.01925532685085596;1.1144230387418483;0.6040945376481147;0.24041463775171126;1.2490772860473953e-09;-3.524917246977566e-09;6.639027105848072e-09;-9.297135283858893e-10;-2.6316797629988287e-09;7.669882506888825e-10;4.168555278738495e-09;2.2506583263748325e-08;1.2490772860473954e-11;-3.524917246977566e-11;6.639027105848072e-11;-9.114838513587146e-10;-2.6316797629988288e-11;7.669882506888826e-12;4.168555278738495e-11;2.2506583263748326e-10;151.7628790566664;140.0;131.51980838633472;131.51980838633472;123.32916800321254;46.58333260455271;27.2809117505559;28.7876554355002;70.81774852835929;36.840634228915405;8.957534057670387;14.118727253422719;22.66013524597804;56.48334328905179;2.7363886796766224;8.561327905392943;4.0;1.0200000000000005;137972.3729706108;27176.56853428974;5.07688720143331;2.7363886796766224;deltaT_shex_1_K;shex;True;True;True;True;True;True;True;True;108.85967314035668;2689.3249751615062;0.11367836559270383;137972.3729706108;0.0;0.0;135.0;4.0;151.7628790566664;4.0;140.0;8.0;131.51980838633472;8.0;131.51980838633472;8.0;123.32916800321254;8.0;30.0;4.0;46.58333260455271;4.0;108.85967314035668;2689.3249751615062;0.013604626374959516;137972.3729706108;0.0;0.0;117.401081132912;311.320597379559;1.1336783655927043;27176.56853428974;0.5938340985992053;0.23270057164074334;179.0437908072223;406.59371471556165;1.0336046263749599;137972.3729706108;0.6513291969521963;0.2792719389829435;108.85967314035668;2689.3249751615062;0.10007373921774432;137972.3729706108;0.0;0.0;139.63786416808927;311.320597379559;1.1336783655927043;137972.3729706108;0.5938340985992053;0.23270057164074334;163.7876554355002;360.8718534435033;1.1336783655927043;137972.3729706108;0.5938340985992053;0.23270057164074334;161.05126675582358;376.146944219318;1.0200000000000005;137972.3729706108;0.6600165395423172;0.2870827305248734;131.07653626269632;321.0732314875642;1.0200000000000005;137972.3729706108;0.6600165395423172;0.2870827305248734;131.0424659423296;321.0112918518255;1.0200000000000005;27176.56853428974;0.6600165395423172;0.2870827305248734;117.401081132912;2718.929976457596;0.11367836559270383;27176.56853428974;0.0;0.0;66.8406342289154;279.8262850695736;0.11367836559270383;27176.56853428974;0.0;0.0;66.84582471416076;279.9393987279143;0.11367836559270383;137972.3729706108;0.0;0.0;"Zustand 3: Temperatur 436.938 K liegt außerhalb des Boryta-Prüfbereichs; Kristallisation wurde nicht bewertet.";"Zustand 4: Temperatur 434.201 K liegt außerhalb des Boryta-Prüfbereichs; Kristallisation wurde nicht bewertet.";"Zustand 5: Temperatur 404.227 K liegt außerhalb des Boryta-Prüfbereichs; Kristallisation wurde nicht bewertet.";"Zustand 6: Temperatur 404.192 K liegt außerhalb des Boryta-Prüfbereichs; Kristallisation wurde nicht bewertet.";"Zustand 20: Temperatur 452.194 K liegt außerhalb des Boryta-Prüfbereichs; Kristallisation wurde nicht bewertet.";5
series_desorber_to_evaporator;Serie Desorber → Verdampfer;series_desorber_to_evaporator;140.0;nan;30.0;140.0;8.0;8.0;4.0;140.0;1.0300000000000007;Abwärmetemperatur [°C];hot_temperature_C;140.0;10.0;10.0;25.0;15.0;11.0;nan;nan;3.711166360993688e-19;`gtol` termination condition is satisfied.;4;2.2321567400965526e-08;8.61529611910547e-10;1;True;;True;0;zulässig;feasible;True;True;True;108.85204175012313;139.6167650075571;161.049180714261;66.85814561368574;0.12033423309084146;0.27904779821921327;0.23291654769358938;0.2868187438129417;280.20119368055964;277.40511691958346;283.52248224052977;274.0071810592639;56.84953178218011;0.5025762970568446;9.056622646821449;20.236987727322003;0.012857846455008915;0.06378945506463529;28.020119365993867;27.740511691895787;11.34089928972496;18.267145403701424;5.168139253225129;117.47877691859662;0.016898506949297;2719.077768686452;311.3507607613784;269.9644015064713;0.019327311266050806;1.1244016183986405;0.6043381340410497;0.24060070624669389;1.1702141478053818e-09;-3.296307227174111e-09;6.239361027837731e-09;-8.571193754747242e-10;-2.594276793388417e-09;6.25618667982053e-10;3.7425706977956e-09;2.0620973373297602e-08;1.1702141478053818e-11;-3.2963072271741114e-11;6.239361027837732e-11;-8.321547334706055e-10;-2.594276793388417e-11;6.25618667982053e-12;3.7425706977955996e-11;2.06209733732976e-10;151.75844459811958;140.0;131.52145687079758;131.52145687079758;123.32746222189616;46.59121512676933;27.204532223143985;28.85184662829846;70.8875617918273;36.858145613685735;9.010107077574162;14.042679952200956;22.669415120674444;56.464127506382056;2.8026659140374477;8.592822985293594;4.0;1.0300000000000007;137936.7657148256;27197.598123537155;5.07165247049714;2.8026659140374477;deltaT_shex_1_K;shex;True;True;True;True;True;True;True;True;108.85204175012313;2689.3133277140028;0.11372892966469061;137936.7657148256;0.0;0.0;135.0;4.0;151.75844459811958;4.0;140.0;8.0;131.52145687079758;8.0;131.52145687079758;8.0;123.32746222189616;8.0;30.0;4.0;46.59121512676933;4.0;108.85204175012313;2689.3133277140028;0.013685483531442794;137936.7657148256;0.0;0.0;117.47877691859662;311.35076076137744;1.1437289296646913;27197.598123537155;0.594125721883232;0.23291654769358938;178.96297682126357;406.35175200560275;1.0436854835314435;137936.7657148256;0.6510761982945777;0.27904779821921327;108.85204175012313;2689.3133277140028;0.10004344613324782;137936.7657148256;0.0;0.0;139.6167650075571;311.35076076137744;1.1437289296646913;137936.7657148256;0.594125721883232;0.23291654769358938;163.85184662829846;361.05618510423005;1.1437289296646913;137936.7657148256;0.594125721883232;0.23291654769358938;161.049180714261;376.01832186867597;1.0300000000000007;137936.7657148256;0.6597269669667676;0.2868187438129417;131.0239420222635;320.82460169293824;1.0300000000000007;137936.7657148256;0.6597269669667676;0.2868187438129417;130.98989292242584;320.76267018316673;1.0300000000000007;27197.598123537155;0.6597269669667676;0.2868187438129417;117.47877691859662;2719.077768686452;0.11372892966469061;27197.598123537155;0.0;0.0;66.85814561368574;279.8996480669861;0.11372892966469061;27197.598123537155;0.0;0.0;66.8633347155141;280.01270502173736;0.11372892966469061;137936.7657148256;0.0;0.0;"Zustand 3: Temperatur 437.002 K liegt außerhalb des Boryta-Prüfbereichs; Kristallisation wurde nicht bewertet.";"Zustand 4: Temperatur 434.199 K liegt außerhalb des Boryta-Prüfbereichs; Kristallisation wurde nicht bewertet.";"Zustand 5: Temperatur 404.174 K liegt außerhalb des Boryta-Prüfbereichs; Kristallisation wurde nicht bewertet.";"Zustand 6: Temperatur 404.140 K liegt außerhalb des Boryta-Prüfbereichs; Kristallisation wurde nicht bewertet.";"Zustand 20: Temperatur 452.113 K liegt außerhalb des Boryta-Prüfbereichs; Kristallisation wurde nicht bewertet.";5
series_desorber_to_evaporator;Serie Desorber → Verdampfer;series_desorber_to_evaporator;140.0;nan;30.0;140.0;8.0;8.0;4.0;140.0;1.0400000000000005;Abwärmetemperatur [°C];hot_temperature_C;140.0;10.0;10.0;25.0;15.0;11.0;nan;nan;3.0907691078755765e-19;`gtol` termination condition is satisfied.;4;2.0447458006271043e-08;7.862275889175571e-10;1;True;;True;0;zulässig;feasible;True;True;True;108.84452547640524;139.5967284448443;161.0455359184047;66.87558754878796;0.12099791270566229;0.27882613119453525;0.23312776403702504;0.28655841487751865;280.1241126245781;277.53638999273267;283.4641181615912;274.11912695226545;57.521280957335215;0.5023897598776981;9.140495986881906;20.23063227902952;0.01285716967208821;0.06440033487023554;28.012411260566605;27.753638999214555;11.338564726555212;18.27460846325148;5.229207360032338;117.55512419912776;0.01681438750584601;2719.2229692656992;311.38181630696585;270.20304631290037;0.01940009365360451;1.1343792900354834;0.6045762514978106;0.24078272304363293;1.0881890943892358e-09;-3.0205029588614707e-09;5.631420663121389e-09;-7.89582843552239e-10;-2.2890844775247388e-09;5.87135673413286e-10;3.4932554626720957e-09;1.891208967208513e-08;1.0881890943892358e-11;-3.0205029588614704e-11;5.6314206631213895e-11;-7.592142726463832e-10;-2.2890844775247387e-11;5.87135673413286e-12;3.4932554626720955e-11;1.8912089672085132e-10;151.7538344871159;140.0;131.5232022080864;131.5232022080864;123.32585989492054;46.59906638712516;27.129250084271575;28.914534415119647;70.9560578120026;36.87558754878796;9.061784645843375;13.968078008958628;22.67867673168115;56.44508460523639;2.868998496714937;8.624484970150775;4.0;1.0400000000000005;137901.70297334748;27218.558016227773;5.066458806933495;2.868998496714937;deltaT_shex_1_K;shex;True;True;True;True;True;True;True;True;108.84452547640524;2689.301855612122;0.11377938368908747;137901.70297334748;0.0;0.0;135.0;4.0;151.7538344871159;4.0;140.0;8.0;131.5232022080864;8.0;131.5232022080864;8.0;123.32585989492054;8.0;30.0;4.0;46.59906638712516;4.0;108.84452547640524;2689.301855612122;0.013767067935316261;137901.70297334748;0.0;0.0;117.55512419912776;311.38181630696647;1.153779383689088;27218.558016227773;0.5944106721282946;0.23312776403702504;178.88308457138749;406.1125274912356;1.0537670679353168;137901.70297334748;0.6508257855122879;0.27882613119453525;108.84452547640524;2689.301855612122;0.1000123157537712;137901.70297334748;0.0;0.0;139.5967284448443;311.38181630696647;1.153779383689088;137901.70297334748;0.5944106721282946;0.23312776403702504;163.91453441511965;361.2364780997756;1.153779383689088;137901.70297334748;0.5944106721282946;0.23312776403702504;161.0455359184047;375.8886596221992;1.0400000000000005;137901.70297334748;0.6594411336023076;0.28655841487751865;130.97224347469353;320.57973562580787;1.0400000000000005;137901.70297334748;0.6594411336023076;0.28655841487751865;130.93821535415663;320.5178122268942;1.0400000000000005;27218.558016227773;0.6594411336023076;0.28655841487751865;117.55512419912776;2719.2229692656992;0.11377938368908747;27218.558016227773;0.0;0.0;66.87558754878796;279.97272028275376;0.11377938368908747;27218.558016227773;0.0;0.0;66.88077528968415;280.08572115562913;0.11377938368908747;137901.70297334748;0.0;0.0;"Zustand 3: Temperatur 437.065 K liegt außerhalb des Boryta-Prüfbereichs; Kristallisation wurde nicht bewertet.";"Zustand 4: Temperatur 434.196 K liegt außerhalb des Boryta-Prüfbereichs; Kristallisation wurde nicht bewertet.";"Zustand 5: Temperatur 404.122 K liegt außerhalb des Boryta-Prüfbereichs; Kristallisation wurde nicht bewertet.";"Zustand 6: Temperatur 404.088 K liegt außerhalb des Boryta-Prüfbereichs; Kristallisation wurde nicht bewertet.";"Zustand 20: Temperatur 452.033 K liegt außerhalb des Boryta-Prüfbereichs; Kristallisation wurde nicht bewertet.";5
series_desorber_to_evaporator;Serie Desorber → Verdampfer;series_desorber_to_evaporator;140.0;nan;30.0;140.0;8.0;8.0;4.0;140.0;1.0500000000000007;Abwärmetemperatur [°C];hot_temperature_C;140.0;10.0;10.0;25.0;15.0;11.0;nan;nan;2.5709640902636267e-19;`gtol` termination condition is satisfied.;4;1.880572097127424e-08;7.170723938715848e-10;1;True;;True;0;zulässig;feasible;True;True;True;108.83711821189934;139.57773141027843;161.04038381244584;66.89296689498599;0.12166746832557203;0.2786068812829351;0.23333433890935215;0.28630164945653996;280.0441736109715;277.6671920035454;283.40260424897525;274.23089376746805;58.190423450615015;0.5022011314010293;9.224302348470474;20.22401170666626;0.012856543484607486;0.06501105562808383;28.00441735936003;27.766719200306742;11.33610417004526;18.28205958429044;5.290038495764997;117.63016350386158;0.016732402837212355;2719.365655497379;311.41373219063496;270.43727602583544;0.019473668156058777;1.1443560785644737;0.6048090338010514;0.24096078920728967;1.0390408533567097e-09;-2.7999504936815356e-09;5.281208359519951e-09;-7.266122148408272e-10;-2.1562414076470304e-09;4.779394657816738e-10;3.1114382181840483e-09;1.7371178273606347e-08;1.0390408533567097e-11;-2.7999504936815355e-11;5.281208359519951e-11;-6.920116331817397e-10;-2.1562414076470303e-11;4.779394657816738e-12;3.1114382181840483e-11;1.7371178273606346e-10;151.74905344563228;140.0;131.52504173896602;131.52504173896602;123.32435711673315;46.606889473896274;27.05503533242245;28.97575347624519;71.02327402996531;36.89296689498599;9.112583341132506;13.894878235104443;22.687923527066687;56.42620382050126;2.9353696637993494;8.656307381708416;4.0;1.0500000000000007;137867.15592676614;27239.456308679233;5.061303513713594;2.9353696637993494;deltaT_shex_1_K;shex;True;True;True;True;True;True;True;True;108.83711821189934;2689.2905495499176;0.11382974672053181;137867.15592676614;0.0;0.0;135.0;4.0;151.74905344563228;4.0;140.0;8.0;131.52504173896602;8.0;131.52504173896602;8.0;123.32435711673315;8.0;30.0;4.0;46.606889473896274;4.0;108.83711821189934;2689.2905495499176;0.01384937710362819;137867.15592676614;0.0;0.0;117.63016350386158;311.4137321906344;1.1638297467205325;27239.456308679233;0.5946891254079071;0.23333433890935215;178.80408877805473;405.8759710339333;1.0638493771036288;137867.15592676614;0.6505779011798332;0.2786068812829351;108.83711821189934;2689.2905495499176;0.09998036961690362;137867.15592676614;0.0;0.0;139.57773141027843;311.4137321906344;1.1638297467205325;137867.15592676614;0.5946891254079071;0.23333433890935215;163.9757534762452;361.41281806602586;1.1638297467205325;137867.15592676614;0.5946891254079071;0.23333433890935215;161.04038381244584;375.75800000868674;1.0500000000000007;137867.15592676614;0.6591589468580371;0.28630164945653996;130.92142402857002;320.3385491043287;1.0500000000000007;137867.15592676614;0.6591589468580371;0.28630164945653996;130.8874166588675;320.27663381325436;1.0500000000000007;27239.456308679233;0.6591589468580371;0.28630164945653996;117.63016350386158;2719.365655497379;0.11382974672053181;27239.456308679233;0.0;0.0;66.89296689498599;280.04553045785184;0.11382974672053181;27239.456308679233;0.0;0.0;66.8981532962319;280.1584758333359;0.11382974672053181;137867.15592676614;0.0;0.0;"Zustand 3: Temperatur 437.126 K liegt außerhalb des Boryta-Prüfbereichs; Kristallisation wurde nicht bewertet.";"Zustand 4: Temperatur 434.190 K liegt außerhalb des Boryta-Prüfbereichs; Kristallisation wurde nicht bewertet.";"Zustand 5: Temperatur 404.071 K liegt außerhalb des Boryta-Prüfbereichs; Kristallisation wurde nicht bewertet.";"Zustand 6: Temperatur 404.037 K liegt außerhalb des Boryta-Prüfbereichs; Kristallisation wurde nicht bewertet.";"Zustand 20: Temperatur 451.954 K liegt außerhalb des Boryta-Prüfbereichs; Kristallisation wurde nicht bewertet.";5
series_desorber_to_evaporator;Serie Desorber → Verdampfer;series_desorber_to_evaporator;140.0;nan;30.0;140.0;8.0;8.0;4.0;140.0;1.0600000000000005;Abwärmetemperatur [°C];hot_temperature_C;140.0;10.0;10.0;25.0;15.0;11.0;nan;nan;2.1347879734247475e-19;`gtol` termination condition is satisfied.;4;1.721325245886753e-08;6.534199221671692e-10;1;True;;True;0;zulässig;feasible;True;True;True;108.82981414086231;139.5597511890943;161.03377400585487;66.9102901579272;0.12234285076020411;0.27838999350605453;0.23353638667869417;0.28604835630988124;279.96145255482804;277.797571915533;283.33802600461837;274.3425208953344;58.85694918323785;0.5020104325156832;9.308040548442605;20.2171331074843;0.01285596599639695;0.06562160536379695;27.996145253892333;27.77975719150733;11.333521040261424;18.289501392827678;5.350631744168895;117.70393381313096;0.016652492785221663;2719.505901740762;311.4464774612946;270.667208794841;0.019548028843183296;1.1543320079361323;0.6050366195963159;0.2411350023639419;9.520704224996734e-10;-2.6199984404229326e-09;4.765411176776979e-09;-6.681974973332672e-10;-1.9172148313373327e-09;4.597495717462152e-10;2.9192506190156564e-09;1.5904731753835222e-08;9.520704224996735e-12;-2.6199984404229327e-11;4.765411176776979e-11;-6.30374997484214e-10;-1.9172148313373326e-11;4.597495717462152e-12;2.919250619015656e-11;1.590473175383522e-10;151.74410601404475;140.0;131.52697290656045;131.52697290656045;123.32295015251339;46.6146873155223;26.98185902211793;29.035537422756647;71.08924649760866;36.91029015792719;9.162519395236757;13.823039093429486;22.697158765698134;56.40747491288232;3.001763416901781;8.688283749155914;4.0;1.0600000000000005;137833.09714347858;27260.3006916482;5.056184034892425;3.001763416901781;deltaT_shex_1_K;shex;True;True;True;True;True;True;True;True;108.82981414086231;2689.279400665137;0.11388003677931513;137833.09714347858;0.0;0.0;135.0;4.0;151.74410601404475;4.0;140.0;8.0;131.52697290656045;8.0;131.52697290656045;8.0;123.32295015251339;8.0;30.0;4.0;46.6146873155223;4.0;108.82981414086231;2689.279400665137;0.013932408344258306;137833.09714347858;0.0;0.0;117.70393381313096;311.44647746129573;1.1738800367793156;27260.3006916482;0.5949612516536933;0.23353638667869417;178.72596503616268;405.64201477657366;1.0739324083442587;137833.09714347858;0.6503324894706223;0.27838999350605453;108.82981414086231;2689.279400665137;0.09994762843505682;137833.09714347858;0.0;0.0;139.5597511890943;311.44647746129573;1.1738800367793156;137833.09714347858;0.5949612516536933;0.23353638667869417;164.03553742275665;361.585288361189;1.1738800367793156;137833.09714347858;0.5949612516536933;0.23353638667869417;161.03377400585487;375.6263840542636;1.0600000000000005;137833.09714347858;0.6588803169561367;0.28604835630988124;130.87146743993839;320.10096029739026;1.0600000000000005;137833.09714347858;0.6588803169561367;0.28604835630988124;130.83748060476324;320.03905312251874;1.0600000000000005;27260.3006916482;0.6588803169561367;0.28604835630988124;117.70393381313096;2719.505901740762;0.11388003677931513;27260.3006916482;0.0;0.0;66.9102901579272;280.11810584577995;0.11388003677931513;27260.3006916482;0.0;0.0;66.91547523963106;280.23099627293453;0.11388003677931513;137833.09714347858;0.0;0.0;"Zustand 3: Temperatur 437.186 K liegt außerhalb des Boryta-Prüfbereichs; Kristallisation wurde nicht bewertet.";"Zustand 4: Temperatur 434.184 K liegt außerhalb des Boryta-Prüfbereichs; Kristallisation wurde nicht bewertet.";"Zustand 5: Temperatur 404.021 K liegt außerhalb des Boryta-Prüfbereichs; Kristallisation wurde nicht bewertet.";"Zustand 6: Temperatur 403.987 K liegt außerhalb des Boryta-Prüfbereichs; Kristallisation wurde nicht bewertet.";"Zustand 20: Temperatur 451.876 K liegt außerhalb des Boryta-Prüfbereichs; Kristallisation wurde nicht bewertet.";5
series_desorber_to_evaporator;Serie Desorber → Verdampfer;series_desorber_to_evaporator;140.0;nan;30.0;140.0;8.0;8.0;4.0;140.0;1.0700000000000007;Abwärmetemperatur [°C];hot_temperature_C;140.0;10.0;10.0;25.0;15.0;11.0;nan;nan;1.7694223495845777e-19;`gtol` termination condition is satisfied.;4;1.579956010652221e-08;5.948818957716864e-10;1;True;;True;0;zulässig;feasible;True;True;True;108.82260772386479;139.54276543058398;161.02575434403377;66.92756350713324;0.1230240098745676;0.2781754144744157;0.23373401799828608;0.28579844710481633;279.8760224785758;277.92757616221917;283.2704656690573;274.45404556486955;59.52084900088446;0.5018176838944545;9.391709433106588;20.210003308200044;0.01285543538450014;0.0662319723628881;27.987602246402282;27.792757616180896;11.33081862683589;18.296936370815896;5.410986273030452;117.77647262954656;0.01657459920163366;2719.643779547403;311.480022026523;270.89295862506384;0.019623169722976286;1.1643071011846995;0.6052591426205628;0.24130545684735158;8.790479455456079e-10;-2.450512681662076e-09;4.495063876674976e-09;-6.136984254112576e-10;-1.8399646251054946e-09;4.1018211049959064e-10;2.6311113288102206e-09;1.4552995253325207e-08;8.79047945545608e-12;-2.450512681662076e-11;4.495063876674976e-11;-5.735499302908946e-10;-1.8399646251054946e-11;4.101821104995906e-12;2.6311113288102206e-11;1.4552995253325207e-10;151.73899655972343;140.0;131.5289932515234;131.5289932515234;123.32163542960745;46.62246268912793;26.909693218122015;29.09391883701676;71.15400994041863;36.92756350713324;9.211608698562884;13.752520621976828;22.706385527658597;56.38888814129871;3.068164492982987;8.720407623780943;4.0;1.0700000000000007;137799.5005063988;27281.09847166829;5.051097947888903;3.068164492982987;deltaT_shex_1_K;shex;True;True;True;True;True;True;True;True;108.82260772386479;2689.2684005160518;0.11393027090767505;137799.5005063988;0.0;0.0;135.0;4.0;151.73899655972343;4.0;140.0;8.0;131.5289932515234;8.0;131.5289932515234;8.0;123.32163542960745;8.0;30.0;4.0;46.62246268912793;4.0;108.82260772386479;2689.2684005160518;0.014016158773157978;137799.5005063988;0.0;0.0;117.77647262954656;311.48002202652236;1.1839302709076758;27281.09847166829;0.5952272149185026;0.23373401799828608;178.64868977784545;405.41059305200304;1.0840161587731587;137799.5005063988;0.6500894961024744;0.2781754144744157;108.82260772386479;2689.2684005160518;0.09991411213451706;137799.5005063988;0.0;0.0;139.54276543058398;311.48002202652236;1.1839302709076758;137799.5005063988;0.5952272149185026;0.23373401799828608;164.09391883701676;361.7539701326486;1.1839302709076758;137799.5005063988;0.5952272149185026;0.23373401799828608;161.02575434403377;375.4938513321549;1.0700000000000007;137799.5005063988;0.6586051568318538;0.28579844710481633;130.82235780680304;319.8668896499069;1.0700000000000007;137799.5005063988;0.6586051568318538;0.28579844710481633;130.78839130143712;319.80499061031543;1.0700000000000007;27281.09847166829;0.6586051568318538;0.28579844710481633;117.77647262954656;2719.643779547403;0.11393027090767505;27281.09847166829;0.0;0.0;66.92756350713324;280.19047229211185;0.11393027090767505;27281.09847166829;0.0;0.0;66.93274728830875;280.3033082862869;0.11393027090767505;137799.5005063988;0.0;0.0;"Zustand 3: Temperatur 437.244 K liegt außerhalb des Boryta-Prüfbereichs; Kristallisation wurde nicht bewertet.";"Zustand 4: Temperatur 434.176 K liegt außerhalb des Boryta-Prüfbereichs; Kristallisation wurde nicht bewertet.";"Zustand 5: Temperatur 403.972 K liegt außerhalb des Boryta-Prüfbereichs; Kristallisation wurde nicht bewertet.";"Zustand 6: Temperatur 403.938 K liegt außerhalb des Boryta-Prüfbereichs; Kristallisation wurde nicht bewertet.";"Zustand 20: Temperatur 451.799 K liegt außerhalb des Boryta-Prüfbereichs; Kristallisation wurde nicht bewertet.";5
series_desorber_to_evaporator;Serie Desorber → Verdampfer;series_desorber_to_evaporator;140.0;nan;30.0;140.0;8.0;8.0;4.0;140.0;1.0800000000000005;Abwärmetemperatur [°C];hot_temperature_C;140.0;10.0;10.0;25.0;15.0;11.0;nan;nan;1.4630609911888137e-19;`gtol` termination condition is satisfied.;4;1.4376827112299151e-08;5.409364086819843e-10;1;True;;True;0;zulässig;feasible;True;True;True;108.81549368342417;139.52675215541865;161.01637097636092;66.9447927939525;0.12371089468958209;0.27796309233323;0.23392733995412243;0.28555183630621606;279.7879536495335;278.0572487824999;283.2000023754506;274.565502962335;60.18211461786689;0.5016229059918155;9.475307877402336;20.2026288778265;0.0128549498957816;0.06684214516304023;27.978795363627437;27.80572487822422;11.328000095088647;18.304366864003995;5.471101329100882;117.84781604546862;0.01649866587065577;2719.779357788964;311.5143366358384;271.1146355544287;0.019699084751808815;1.1742813804714582;0.6054767319181846;0.2414722438370429;8.11020584023936e-10;-2.242813934572041e-09;4.064929726155242e-09;-5.632327937377113e-10;-1.7656134332355577e-09;2.5772806111490354e-10;2.27510099648498e-09;1.3259125353215495e-08;8.11020584023936e-12;-2.242813934572041e-11;4.064929726155242e-11;-5.215118460534362e-10;-1.7656134332355578e-11;2.5772806111490356e-12;2.27510099648498e-11;1.3259125353215496e-10;151.7337292852592;140.0;131.5311004074327;131.5311004074327;123.32040952937245;46.630218228618446;26.838510952545107;29.150929311241327;71.21759781685017;36.9447927939525;9.259866805738739;13.68328436196407;22.715606724008524;56.37043423677022;3.13455833488041;8.752672591929525;4.0;1.0800000000000005;137766.34114395367;27301.85659125382;5.0460429562173905;3.13455833488041;deltaT_shex_1_K;shex;True;True;True;True;True;True;True;True;108.81549368342417;2689.257541059627;0.11398046522326655;137766.34114395367;0.0;0.0;135.0;4.0;151.7337292852592;4.0;140.0;8.0;131.5311004074327;8.0;131.5311004074327;8.0;123.32040952937245;8.0;30.0;4.0;46.630218228618446;4.0;108.81549368342417;2689.257541059627;0.014100625329905102;137766.34114395367;0.0;0.0;117.84781604546862;311.5143366358373;1.193980465223267;27301.85659125382;0.5954871736258099;0.23392733995412243;178.5722402378043;405.18164229801783;1.0941006253299057;137766.34114395367;0.649848868287665;0.27796309233323;108.81549368342417;2689.257541059627;0.09987983989336144;137766.34114395367;0.0;0.0;139.52675215541865;311.5143366358373;1.193980465223267;137766.34114395367;0.5954871736258099;0.23392733995412243;164.15092931124133;361.9189423817221;1.193980465223267;137766.34114395367;0.5954871736258099;0.23392733995412243;161.01637097636092;375.3604400115005;1.0800000000000005;137766.34114395367;0.6583333820372524;0.28555183630621606;130.77407956348912;319.63625981052286;1.0800000000000005;137766.34114395367;0.6583333820372524;0.28555183630621606;130.74013319426126;319.5743689353719;1.0800000000000005;27301.85659125382;0.6583333820372524;0.28555183630621606;117.84781604546862;2719.779357788964;0.11398046522326655;27301.85659125382;0.0;0.0;66.9447927939525;280.2626543096664;0.11398046522326655;27301.85659125382;0.0;0.0;66.94997529260223;280.3754363541211;0.11398046522326655;137766.34114395367;0.0;0.0;"Zustand 3: Temperatur 437.301 K liegt außerhalb des Boryta-Prüfbereichs; Kristallisation wurde nicht bewertet.";"Zustand 4: Temperatur 434.166 K liegt außerhalb des Boryta-Prüfbereichs; Kristallisation wurde nicht bewertet.";"Zustand 5: Temperatur 403.924 K liegt außerhalb des Boryta-Prüfbereichs; Kristallisation wurde nicht bewertet.";"Zustand 6: Temperatur 403.890 K liegt außerhalb des Boryta-Prüfbereichs; Kristallisation wurde nicht bewertet.";"Zustand 20: Temperatur 451.722 K liegt außerhalb des Boryta-Prüfbereichs; Kristallisation wurde nicht bewertet.";5
series_desorber_to_evaporator;Serie Desorber → Verdampfer;series_desorber_to_evaporator;140.0;nan;30.0;140.0;8.0;8.0;4.0;140.0;1.0900000000000007;Abwärmetemperatur [°C];hot_temperature_C;140.0;10.0;10.0;25.0;15.0;11.0;nan;nan;1.2091833110887519e-19;`gtol` termination condition is satisfied.;4;1.3242248688319308e-08;4.917689113981793e-10;1;True;;True;0;zulässig;feasible;True;True;True;108.80846699051125;139.51168976121443;161.00566842184992;66.96198356833435;0.12440345347741617;0.27775297670852217;0.23411645620623717;0.28530844107193315;279.6973137089878;278.1866315470826;283.12671229451246;274.6769263419187;60.840738565486575;0.5014261190420285;9.558834784143965;20.1950161397275;0.012854507843701206;0.06745211254679144;27.96973136967898;27.818663154684142;11.325068491842963;18.311795089318124;5.530976233415238;117.9179988068945;0.016424638434658988;2719.912702778256;311.5493928634475;271.3323458222367;0.01977576784361923;1.184254867125413;0.6056895120463791;0.24163545149017382;7.513420996474451e-10;-2.081044669921539e-09;3.781224222620949e-09;-5.162592575658209e-10;-1.5616024029441178e-09;2.411866262264084e-10;2.146862243534997e-09;1.2198029253340792e-08;7.513420996474452e-12;-2.081044669921539e-11;3.7812242226209494e-11;-4.736323463906611e-10;-1.561602402944118e-11;2.411866262264084e-12;2.146862243534997e-11;1.2198029253340792e-10;151.72830823618347;140.0;131.53329209645597;131.53329209645597;123.31926917953257;46.637956432241765;26.768286183619864;29.20659948460832;71.28004237465274;36.96198356833435;9.30730894139333;13.615293289561464;22.724825105944717;56.35210437812373;3.2009310627584;8.785072286380228;4.0;1.0900000000000007;137733.59536532065;27322.581647791478;5.041016882694679;3.2009310627584;deltaT_shex_1_K;shex;True;True;True;True;True;True;True;True;108.80846699051125;2689.2468146310066;0.11403063496903143;137733.59536532065;0.0;0.0;135.0;4.0;151.72830823618347;4.0;140.0;8.0;131.53329209645597;8.0;131.53329209645597;8.0;123.31926917953257;8.0;30.0;4.0;46.637956432241765;4.0;108.80846699051125;2689.2468146310066;0.014185804792370128;137733.59536532065;0.0;0.0;117.9179988068945;311.54939286344677;1.2040306349690322;27322.581647791478;0.5957412808073523;0.23411645620623717;178.49659441980333;404.9551009745191;1.104185804792371;137733.59536532065;0.6496105546827585;0.27775297670852217;108.80846699051125;2689.2468146310066;0.0998448301766613;137733.59536532065;0.0;0.0;139.51168976121443;311.54939286344677;1.2040306349690322;137733.59536532065;0.5957412808073523;0.23411645620623717;164.20659948460832;362.08028202728553;1.2040306349690322;137733.59536532065;0.5957412808073523;0.23411645620623717;161.00566842184992;375.22618690573165;1.0900000000000007;137733.59536532065;0.6580649106493032;0.28530844107193315;130.7266174748342;319.4089955619379;1.0900000000000007;137733.59536532065;0.6580649106493032;0.28530844107193315;130.69269105860667;319.3471128898766;1.0900000000000007;27322.581647791478;0.6580649106493032;0.28530844107193315;117.9179988068945;2719.912702778256;0.11403063496903143;27322.581647791478;0.0;0.0;66.96198356833435;280.33467514881403;0.11403063496903143;27322.581647791478;0.0;0.0;66.96716480140884;280.44740369625384;0.11403063496903143;137733.59536532065;0.0;0.0;"Zustand 3: Temperatur 437.357 K liegt außerhalb des Boryta-Prüfbereichs; Kristallisation wurde nicht bewertet.";"Zustand 4: Temperatur 434.156 K liegt außerhalb des Boryta-Prüfbereichs; Kristallisation wurde nicht bewertet.";"Zustand 5: Temperatur 403.877 K liegt außerhalb des Boryta-Prüfbereichs; Kristallisation wurde nicht bewertet.";"Zustand 6: Temperatur 403.843 K liegt außerhalb des Boryta-Prüfbereichs; Kristallisation wurde nicht bewertet.";"Zustand 20: Temperatur 451.647 K liegt außerhalb des Boryta-Prüfbereichs; Kristallisation wurde nicht bewertet.";5
