config_case_key;config_case_label;config_routing_mode;input_fixed_T13_C;input_fixed_T15_C;input_fixed_T17_C;input_fixed_hot_C;input_fixed_m13_kg_s;input_fixed_m15_kg_s;input_fixed_m17_kg_s;input_hot_variation_C;input_m6_kg_s;input_outer_variation_label;input_outer_variation_mode;input_outer_variation_value;input_scaled_UA_abs;input_scaled_UA_cond;input_scaled_UA_des;input_scaled_UA_evap;input_scaled_UA_shex;input_ua_scale_factor;input_ua_scale_percent;solve_cost;solve_message;solve_nfev;solve_raw_residual_norm;solve_scaled_residual_norm;solve_status;solve_success;status_final_evaluation_error;status_final_point_evaluable;failure_code;failure_label;failure_reason;feasible_margin;feasible_numeric;feasible_physical;primary_T10_C;primary_T2_C;primary_T4_C;primary_T8_C;primary_beta;primary_x20;primary_x3;primary_x6;heat_Q_abs_kW;heat_Q_cond_kW;heat_Q_des_kW;heat_Q_evap_kW;heat_Q_shex_kW;kpi_COP;kpi_FR;kpi_GTL_K;pump_W_ref_pump_kW;pump_W_sol_pump_kW;lmtd_LMTD_abs_K;lmtd_LMTD_cond_K;lmtd_LMTD_des_K;lmtd_LMTD_evap_K;lmtd_LMTD_shex_K;flash_T1_C;flash_flash_fraction;flash_h1_flash_kJ_kg;flash_h1_mix_kJ_kg;flash_h1_sol_kJ_kg;flash_m1_flash_kg_s;flash_m1_sol_kg_s;flash_w1_LiBr;flash_x1_LiBr_mol;residual_raw_R1_SHEX_energy;residual_raw_R2_SHEX_UA;residual_raw_R3_preabs_energy;residual_raw_R4_preabs_LiBr;residual_raw_R5_desorber_UA;residual_raw_R6_condenser_UA;residual_raw_R7_evaporator_UA;residual_raw_R8_absorber_UA;residual_scaled_R1_SHEX_energy;residual_scaled_R2_SHEX_UA;residual_scaled_R3_preabs_energy;residual_scaled_R4_preabs_LiBr;residual_scaled_R5_desorber_UA;residual_scaled_R6_condenser_UA;residual_scaled_R7_evaporator_UA;residual_scaled_R8_absorber_UA;diagnostic_T12_C;diagnostic_T13_C;diagnostic_T14_C;diagnostic_T15_C;diagnostic_T16_C;diagnostic_T18_C;diagnostic_deltaT_abs_1_K;diagnostic_deltaT_abs_2_K;diagnostic_deltaT_cond_1_K;diagnostic_deltaT_cond_2_K;diagnostic_deltaT_des_1_K;diagnostic_deltaT_des_2_K;diagnostic_deltaT_evap_1_K;diagnostic_deltaT_evap_2_K;diagnostic_deltaT_shex_1_K;diagnostic_deltaT_shex_2_K;diagnostic_m11_kg_s;diagnostic_m6_kg_s;diagnostic_p_high_Pa;diagnostic_p_low_Pa;diagnostic_pressure_ratio_high_over_low;pinch_deltaT_min_global_K;pinch_limiting_key;pinch_limiting_unit;check_beta_in_0_1;check_crystallization_safe_all_checked_states;check_desorber_evaporator_temperature_coupling_ok;check_m21_nonnegative;check_m7_positive;check_p_high_gt_p_low;check_w6_gt_w20_gt_w3;check_w6_gt_w3;state_10_T_C;state_10_h_kJ_kg;state_10_m_kg_s;state_10_p_Pa;state_10_w_LiBr;state_10_x_LiBr_mol;state_11_T_C;state_11_m_kg_s;state_12_T_C;state_12_m_kg_s;state_13_T_C;state_13_m_kg_s;state_14_T_C;state_14_m_kg_s;state_15_T_C;state_15_m_kg_s;state_16_T_C;state_16_m_kg_s;state_17_T_C;state_17_m_kg_s;state_18_T_C;state_18_m_kg_s;state_19_T_C;state_19_h_kJ_kg;state_19_m_kg_s;state_19_p_Pa;state_19_w_LiBr;state_19_x_LiBr_mol;state_1_T_C;state_1_h_kJ_kg;state_1_m_kg_s;state_1_p_Pa;state_1_w_LiBr;state_1_x_LiBr_mol;state_20_T_C;state_20_h_kJ_kg;state_20_m_kg_s;state_20_p_Pa;state_20_w_LiBr;state_20_x_LiBr_mol;state_21_T_C;state_21_h_kJ_kg;state_21_m_kg_s;state_21_p_Pa;state_21_w_LiBr;state_21_x_LiBr_mol;state_2_T_C;state_2_h_kJ_kg;state_2_m_kg_s;state_2_p_Pa;state_2_w_LiBr;state_2_x_LiBr_mol;state_3_T_C;state_3_h_kJ_kg;state_3_m_kg_s;state_3_p_Pa;state_3_w_LiBr;state_3_x_LiBr_mol;state_4_T_C;state_4_h_kJ_kg;state_4_m_kg_s;state_4_p_Pa;state_4_w_LiBr;state_4_x_LiBr_mol;state_5_T_C;state_5_h_kJ_kg;state_5_m_kg_s;state_5_p_Pa;state_5_w_LiBr;state_5_x_LiBr_mol;state_6_T_C;state_6_h_kJ_kg;state_6_m_kg_s;state_6_p_Pa;state_6_w_LiBr;state_6_x_LiBr_mol;state_7_T_C;state_7_h_kJ_kg;state_7_m_kg_s;state_7_p_Pa;state_7_w_LiBr;state_7_x_LiBr_mol;state_8_T_C;state_8_h_kJ_kg;state_8_m_kg_s;state_8_p_Pa;state_8_w_LiBr;state_8_x_LiBr_mol;state_9_T_C;state_9_h_kJ_kg;state_9_m_kg_s;state_9_p_Pa;state_9_w_LiBr;state_9_x_LiBr_mol;validity_message_1;validity_message_2;validity_message_3;validity_message_4;validity_message_5;validity_message_count
series_desorber_to_evaporator;Serie Desorber → Verdampfer;series_desorber_to_evaporator;115.0;nan;30.0;115.0;8.0;8.0;4.0;115.0;0.4;Abwärmetemperatur [°C];hot_temperature_C;115.0;10.0;10.0;25.0;15.0;11.0;nan;nan;6.040500893023778e-19;`gtol` termination condition is satisfied.;4;1.0960794658348688e-07;1.0991361055869085e-09;1;True;;True;0;zulässig;feasible_but_near_limit_shex;False;True;True;97.38416907397948;121.75474674948907;145.92622865604642;50.632386733582734;0.0947182337337409;0.2839936255534935;0.21966145326289868;0.2929709885926387;160.15310335623622;155.28533947847473;160.50848908314998;154.90732578197859;23.537088478944963;0.5077522933487577;6.350524518559601;34.37842989819444;0.005073875579986979;0.017554093931229607;16.0153103341955;15.528533947780268;6.4203395633433935;10.32715505206388;2.1397353261457144;94.88370920389605;0.020872913436206376;2677.344901264206;270.22632982968935;218.91166571538608;0.009663885969621089;0.4533230372098719;0.5880167566493797;0.2284313180696592;-7.111466970854963e-11;-1.0865789690228667e-07;1.3103544915793464e-09;-8.191858302808441e-11;-4.348521542851813e-10;6.720597411913332e-10;1.0203962119703647e-09;1.4281198446042254e-08;-7.111466970854962e-13;-1.0865789690228666e-09;1.3103544915793464e-11;-8.191858302808441e-11;-4.348521542851813e-12;6.720597411913332e-12;1.0203962119703646e-11;1.4281198446042254e-10;144.57853488972705;115.0;110.20010499153261;110.20010499153261;105.5677088856122;39.28740068651166;22.2164373974187;11.091842871697622;55.59630851738439;20.632386733582734;1.892999913962285;15.316395787636566;12.815935917553134;54.93243954561149;0.16561421565120327;8.622968609320367;4.0;0.4;92309.14495558494;12744.807252220347;7.242882777964589;0.16561421565120327;deltaT_shex_1_K;shex;True;True;True;True;True;True;True;True;97.38416907397948;2671.423992572518;0.06298692317949295;92309.14495558494;0.0;0.0;135.0;4.0;144.57853488972705;4.0;115.0;8.0;110.20010499153261;8.0;110.20010499153261;8.0;105.5677088856122;8.0;30.0;4.0;39.28740068651166;4.0;97.38416907397948;2671.423992572518;0.005966010111884396;92309.14495558494;0.0;0.0;94.88370920389605;270.2263298296778;0.46298692317949297;12744.807252220347;0.5757431337887984;0.21966145326289868;166.79497228714575;385.4372279922511;0.40596601011188443;92309.14495558494;0.656610493235749;0.2839936255534935;97.38416907397948;2671.423992572518;0.05702091306760855;92309.14495558494;0.0;0.0;121.75474674948907;270.2263298296778;0.46298692317949297;92309.14495558494;0.5757431337887984;0.21966145326289868;146.09184287169762;321.06380989781354;0.46298692317949297;92309.14495558494;0.5757431337887984;0.21966145326289868;145.92622865604642;351.34167761272755;0.4;92309.14495558494;0.6664038551364873;0.2929709885926387;113.1317781401687;292.49895641518737;0.4;92309.14495558494;0.6664038551364873;0.2929709885926387;113.10700008603771;292.4550711803593;0.4;12744.807252220347;0.6664038551364873;0.2929709885926387;94.88370920389605;2677.344901264206;0.06298692317949295;12744.807252220347;0.0;0.0;50.632386733582734;211.98651193694369;0.06298692317949295;12744.807252220347;0.0;0.0;50.63526934000072;212.06706636513076;0.06298692317949295;92309.14495558494;0.0;0.0;"Zustand 3: Temperatur 419.242 K liegt außerhalb des Boryta-Prüfbereichs; Kristallisation wurde nicht bewertet.";"Zustand 4: Temperatur 419.076 K liegt außerhalb des Boryta-Prüfbereichs; Kristallisation wurde nicht bewertet.";"Zustand 5: Temperatur 386.282 K liegt außerhalb des Boryta-Prüfbereichs; Kristallisation wurde nicht bewertet.";"Zustand 6: Temperatur 386.257 K liegt außerhalb des Boryta-Prüfbereichs; Kristallisation wurde nicht bewertet.";"Zustand 20: Temperatur 439.945 K liegt außerhalb des Boryta-Prüfbereichs; Kristallisation wurde nicht bewertet.";5
series_desorber_to_evaporator;Serie Desorber → Verdampfer;series_desorber_to_evaporator;115.0;nan;30.0;115.0;8.0;8.0;4.0;115.0;0.41000000000000003;Abwärmetemperatur [°C];hot_temperature_C;115.0;10.0;10.0;25.0;15.0;11.0;nan;nan;9.13301748590378e-19;`gtol` termination condition is satisfied.;4;1.348591847972592e-07;1.351518959238366e-09;1;True;;True;0;zulässig;feasible_but_near_limit_shex;False;True;True;97.33527464558443;121.62157904778655;146.1067417029405;50.6935654079731;0.09518493164733612;0.2835437493719846;0.22044568153236116;0.2923465487354207;160.58349936378832;155.74578796472744;160.97743532204436;155.32881356625202;24.35486874246433;0.5076836133594642;6.490744241614879;34.41819479813461;0.005075587405800734;0.017962852615904287;16.0583499328496;15.574578796287856;6.439097412952412;10.355254237577512;2.214078988411368;95.1596522980509;0.020503907558014223;2677.8669548389107;270.20049166601063;219.80052481330762;0.009701769769218382;0.4634651005830778;0.5889343111961052;0.22909979245313997;-1.9768364722949627e-10;-1.3006071952759157e-07;3.517754976201104e-09;-8.890621572277269e-11;-1.7659544937487226e-09;1.8488890418666415e-09;2.589359837656957e-09;3.529228820298158e-08;-1.9768364722949626e-12;-1.3006071952759157e-09;3.517754976201104e-11;-8.890621572277269e-11;-1.7659544937487227e-11;1.8488890418666414e-11;2.589359837656957e-11;3.5292288202981583e-10;144.60427627773856;115.0;110.18608147960396;110.18608147960396;105.5410810739146;39.31493947157463;21.99332458516261;11.30121802617117;55.84471282647627;20.693565407973097;1.9816786360262313;15.026429181553056;12.850806834019522;54.84463718054138;0.1944763232306741;8.578551118694577;4.0;0.41000000000000003;92145.57723277799;12783.375503676327;7.208235196273328;0.1944763232306741;deltaT_shex_1_K;shex;True;True;True;True;True;True;True;True;97.33527464558443;2671.3461503606713;0.06316687035229618;92145.57723277799;0.0;0.0;135.0;4.0;144.60427627773856;4.0;115.0;8.0;110.18608147960396;8.0;110.18608147960396;8.0;105.5410810739146;8.0;30.0;4.0;39.31493947157463;4.0;97.33527464558443;2671.3461503606713;0.006012534236859454;92145.57723277799;0.0;0.0;95.1596522980509;270.200491666003;0.4731668703522962;12783.375503676327;0.5768588565215974;0.22044568153236116;166.59760086290117;384.86646477444395;0.41601253423685947;92145.57723277799;0.656111240409955;0.2835437493719846;97.33527464558443;2671.3461503606713;0.05715433611543672;92145.57723277799;0.0;0.0;121.62157904778655;270.200491666003;0.4731668703522962;92145.57723277799;0.5768588565215974;0.22044568153236116;146.30121802617117;321.6725415251382;0.4731668703522962;92145.57723277799;0.5768588565215974;0.22044568153236116;146.1067417029405;351.33588577943647;0.41000000000000003;92145.57723277799;0.6657329262812891;0.2923465487354207;113.04302792909198;291.933766894895;0.41000000000000003;92145.57723277799;0.6657329262812891;0.2923465487354207;113.01832136397377;291.8899550592464;0.41000000000000003;12783.375503676327;0.6657329262812891;0.2923465487354207;95.1596522980509;2677.8669548389107;0.06316687035229618;12783.375503676327;0.0;0.0;50.6935654079731;212.24237828323638;0.06316687035229618;12783.375503676327;0.0;0.0;50.696443893373214;212.32273033135104;0.06316687035229618;92145.57723277799;0.0;0.0;"Zustand 3: Temperatur 419.451 K liegt außerhalb des Boryta-Prüfbereichs; Kristallisation wurde nicht bewertet.";"Zustand 4: Temperatur 419.257 K liegt außerhalb des Boryta-Prüfbereichs; Kristallisation wurde nicht bewertet.";"Zustand 5: Temperatur 386.193 K liegt außerhalb des Boryta-Prüfbereichs; Kristallisation wurde nicht bewertet.";"Zustand 6: Temperatur 386.168 K liegt außerhalb des Boryta-Prüfbereichs; Kristallisation wurde nicht bewertet.";"Zustand 20: Temperatur 439.748 K liegt außerhalb des Boryta-Prüfbereichs; Kristallisation wurde nicht bewertet.";5
series_desorber_to_evaporator;Serie Desorber → Verdampfer;series_desorber_to_evaporator;115.0;nan;30.0;115.0;8.0;8.0;4.0;115.0;0.42000000000000004;Abwärmetemperatur [°C];hot_temperature_C;115.0;10.0;10.0;25.0;15.0;11.0;nan;nan;8.624434888908261e-19;`gtol` termination condition is satisfied.;4;1.3111658363380023e-07;1.3133495261283847e-09;1;True;;True;0;zulässig;feasible_but_near_limit_shex;False;True;True;97.28927877013643;121.49147578753298;146.27741670200925;50.75138712560499;0.0956570489259961;0.2831055817567888;0.22120027610594029;0.2917418218954007;160.98405286909463;156.18097101846882;161.41494521514724;155.72662914376386;25.175290264726343;0.5076094270974009;6.631220325110175;34.45523477731268;0.0050771774087855544;0.01837235096590874;16.098405281857126;15.618097101575602;6.456597808707734;10.381775276006822;2.2886627623173057;95.4234890566994;0.020150273058432127;2678.366180767473;270.1771391397917;220.6535587060998;0.00973936766206579;0.4735973907939311;0.5898139097679896;0.22974232844206025;-2.7765878485297435e-10;-1.2076402100547057e-07;5.259977342575439e-09;-7.570799542833129e-11;-2.546101995903882e-09;2.7127953217132017e-09;3.661540404209518e-09;5.052336859989737e-08;-2.7765878485297434e-12;-1.2076402100547057e-09;5.2599773425754394e-11;-7.570799542833129e-11;-2.5461019959038823e-11;2.7127953217132018e-11;3.661540404209518e-11;5.052336859989737e-10;144.62823282709894;115.0;110.17299804978626;110.17299804978626;105.51610124524785;39.34096716617637;21.779069268117837;11.50352847283898;56.082521890523026;20.751387125604992;2.069557208481058;14.749508993086863;12.883719279649824;54.76183951365425;0.226111770829732;8.536393870316374;4.0;0.42000000000000004;91991.9256501092;12819.91936725062;7.175702359338469;0.226111770829732;deltaT_shex_1_K;shex;True;True;True;True;True;True;True;True;97.28927877013643;2671.2729112625566;0.06333675845599684;91991.9256501092;0.0;0.0;135.0;4.0;144.62823282709894;4.0;115.0;8.0;110.17299804978626;8.0;110.17299804978626;8.0;105.51610124524785;8.0;30.0;4.0;39.34096716617637;4.0;97.28927877013643;2671.2729112625566;0.006058607402439287;91991.9256501092;0.0;0.0;95.4234890566994;270.1771391397867;0.4833367584559969;12819.91936725062;0.5779289984325032;0.22120027610594029;166.40730209521678;384.31405822547794;0.42605860740243934;91991.9256501092;0.6556241886505206;0.2831055817567888;97.28927877013643;2671.2729112625566;0.05727815105355756;91991.9256501092;0.0;0.0;121.49147578753298;270.1771391397867;0.4833367584559969;91991.9256501092;0.5779289984325032;0.22120027610594029;146.50352847283898;322.2635774755507;0.4833367584559969;91991.9256501092;0.5779289984325032;0.22120027610594029;146.27741670200925;351.32409196161007;0.42000000000000004;91991.9256501092;0.6650817350478262;0.2917418218954007;112.9550819172166;291.3829246639815;0.42000000000000004;91991.9256501092;0.6650817350478262;0.2917418218954007;112.93044279151894;291.3391809712055;0.42000000000000004;12819.91936725062;0.6650817350478262;0.2917418218954007;95.4234890566994;2678.366180767473;0.06333675845599684;12819.91936725062;0.0;0.0;50.75138712560499;212.4842059743454;0.06333675845599684;12819.91936725062;0.0;0.0;50.7542617315936;212.56436759822;0.06333675845599684;91991.9256501092;0.0;0.0;"Zustand 3: Temperatur 419.654 K liegt außerhalb des Boryta-Prüfbereichs; Kristallisation wurde nicht bewertet.";"Zustand 4: Temperatur 419.427 K liegt außerhalb des Boryta-Prüfbereichs; Kristallisation wurde nicht bewertet.";"Zustand 5: Temperatur 386.105 K liegt außerhalb des Boryta-Prüfbereichs; Kristallisation wurde nicht bewertet.";"Zustand 6: Temperatur 386.080 K liegt außerhalb des Boryta-Prüfbereichs; Kristallisation wurde nicht bewertet.";"Zustand 20: Temperatur 439.557 K liegt außerhalb des Boryta-Prüfbereichs; Kristallisation wurde nicht bewertet.";5
series_desorber_to_evaporator;Serie Desorber → Verdampfer;series_desorber_to_evaporator;115.0;nan;30.0;115.0;8.0;8.0;4.0;115.0;0.43000000000000005;Abwärmetemperatur [°C];hot_temperature_C;115.0;10.0;10.0;25.0;15.0;11.0;nan;nan;8.323762447917813e-19;`gtol` termination condition is satisfied.;4;1.2884522612315418e-07;1.2902528781535666e-09;1;True;;True;0;zulässig;feasible_but_near_limit_shex;False;True;True;97.24596841703567;121.36462174027207;146.43853467705367;50.80610862094022;0.0961358978331536;0.28267854900360584;0.22192664504620876;0.2911558661344725;161.35668926640741;156.59282089822986;161.82302761059324;156.1026213243159;25.997882222603767;0.5075296372185528;6.77193420944239;34.489725064097115;0.005078662832238539;0.018782566519939453;16.135668919964065;15.659282089448645;6.472921104552641;10.406841421288194;2.3634438483944047;95.67595188134925;0.0198113063547187;2678.8439541447437;270.15645118650724;221.47271677571527;0.009776827546882472;0.48372054066446746;0.5906576571472151;0.23036025841161253;-3.759872413411358e-10;-1.0973468533848063e-07;7.219000508484896e-09;-6.814487862882856e-11;-3.222766054022941e-09;3.7433949273690814e-09;4.992983804186224e-09;6.676677344330528e-08;-3.759872413411358e-12;-1.0973468533848063e-09;7.219000508484896e-11;-6.814487862882856e-11;-3.222766054022941e-11;3.743394927369081e-11;4.992983804186224e-11;6.676677344330529e-10;144.65051969296695;115.0;110.16079462886984;110.16079462886984;105.49265403902785;39.36559933601853;21.573122424024973;11.699044576137226;56.310352545330716;20.806108620940222;2.156543913032067;14.484842747520588;12.914826211834168;54.68367446641378;0.2605098990835586;8.496590217655637;4.0;0.43000000000000005;91847.43954174736;12854.58628344384;7.145110508927305;0.2605098990835586;deltaT_shex_1_K;shex;True;True;True;True;True;True;True;True;97.24596841703567;2671.2039381134177;0.06349736821134988;91847.43954174736;0.0;0.0;135.0;4.0;144.65051969296695;4.0;115.0;8.0;110.16079462886984;8.0;110.16079462886984;8.0;105.49265403902785;8.0;30.0;4.0;39.36559933601853;4.0;97.24596841703567;2671.2039381134177;0.006104376503040467;91847.43954174736;0.0;0.0;95.67595188134925;270.1564511865035;0.49349736821134993;12854.58628344384;0.5789559573507111;0.22192664504620876;166.22364211699193;383.77895910690535;0.4361043765030405;91847.43954174736;0.6551487596204194;0.28267854900360584;97.24596841703567;2671.2039381134177;0.057392991708309415;91847.43954174736;0.0;0.0;121.36462174027207;270.1564511865035;0.49349736821134993;91847.43954174736;0.5789559573507111;0.22192664504620876;146.69904457613723;322.83734453519844;0.49349736821134993;91847.43954174736;0.5789559573507111;0.22192664504620876;146.43853467705367;351.30616076482124;0.43000000000000005;91847.43954174736;0.6644493982857175;0.2911558661344725;112.86803152261643;290.84596954858927;0.43000000000000005;91847.43954174736;0.6644493982857175;0.2911558661344725;112.84345608696793;290.8022891613336;0.43000000000000005;12854.58628344384;0.6644493982857175;0.2911558661344725;95.67595188134925;2678.8439541447437;0.06349736821134988;12854.58628344384;0.0;0.0;50.80610862094022;212.71306857774843;0.06349736821134988;12854.58628344384;0.0;0.0;50.80897957261408;212.79305083489228;0.06349736821134988;91847.43954174736;0.0;0.0;"Zustand 3: Temperatur 419.849 K liegt außerhalb des Boryta-Prüfbereichs; Kristallisation wurde nicht bewertet.";"Zustand 4: Temperatur 419.589 K liegt außerhalb des Boryta-Prüfbereichs; Kristallisation wurde nicht bewertet.";"Zustand 5: Temperatur 386.018 K liegt außerhalb des Boryta-Prüfbereichs; Kristallisation wurde nicht bewertet.";"Zustand 6: Temperatur 385.993 K liegt außerhalb des Boryta-Prüfbereichs; Kristallisation wurde nicht bewertet.";"Zustand 20: Temperatur 439.374 K liegt außerhalb des Boryta-Prüfbereichs; Kristallisation wurde nicht bewertet.";5
series_desorber_to_evaporator;Serie Desorber → Verdampfer;series_desorber_to_evaporator;115.0;nan;30.0;115.0;8.0;8.0;4.0;115.0;0.44000000000000006;Abwärmetemperatur [°C];hot_temperature_C;115.0;10.0;10.0;25.0;15.0;11.0;nan;nan;7.584260021116473e-19;`gtol` termination condition is satisfied.;4;1.2299211171609965e-07;1.231605458019448e-09;1;True;;True;0;zulässig;feasible_but_near_limit_shex;False;True;True;97.20514819356879;121.24116669167728;146.59038627054423;50.85796544274177;0.09662267041579724;0.2822621212727289;0.22262611713406621;0.2905877998815603;161.70317785401843;156.983110412105;162.20353106812473;156.45848366300646;26.822205729731913;0.5074441583207033;6.912867898872718;34.521826757660335;0.00508005877688649;0.019193475801574655;16.17031777765609;15.698311040765631;6.4881412428753364;10.430565577148148;2.4383823476834965;95.91772101279724;0.01948633995030738;2679.3015525200303;270.1385745253421;222.25982413391955;0.00981428372284665;0.4938351316047269;0.5914675145954665;0.23095483191451324;-4.1382364202036115e-10;-9.478655016437187e-08;8.680530072524562e-09;-6.439304645056154e-11;-3.758685807042639e-09;4.448679646884557e-09;5.7842441947286716e-09;7.745751418042346e-08;-4.138236420203611e-12;-9.478655016437187e-10;8.680530072524562e-11;-6.439304645056154e-11;-3.758685807042639e-11;4.448679646884557e-11;5.784244194728672e-11;7.745751418042346e-10;144.67124269461834;115.0;110.14941593695801;110.14941593695801;105.4706335307676;39.38894201029336;21.374979378784303;11.888026700411046;56.52877900250388;20.857965442741772;2.242559585470815;14.231694924160763;12.944267743389219;54.60980058101654;0.29764042986681716;8.45921105704582;4.0;0.44000000000000006;91711.43305059047;12887.512492057358;7.116302165147285;0.29764042986681716;deltaT_shex_1_K;shex;True;True;True;True;True;True;True;True;97.20514819356879;2671.1389215257345;0.06364941532757351;91711.43305059047;0.0;0.0;135.0;4.0;144.67124269461834;4.0;115.0;8.0;110.14941593695801;8.0;110.14941593695801;8.0;105.4706335307676;8.0;30.0;4.0;39.38894201029336;4.0;97.20514819356879;2671.1389215257345;0.0061499764793543285;91711.43305059047;0.0;0.0;95.91772101279724;270.1385745253398;0.5036494153275736;12887.512492057358;0.5799419775364959;0.22262611713406621;166.04622207340265;383.2602009040494;0.4461499764793544;91711.43305059047;0.6546844186331193;0.2822621212727289;97.20514819356879;2671.1389215257345;0.05749943884821918;91711.43305059047;0.0;0.0;121.24116669167728;270.1385745253398;0.5036494153275736;91711.43305059047;0.5799419775364959;0.22262611713406621;146.88802670041105;323.39428159746404;0.5036494153275736;91711.43305059047;0.5799419775364959;0.22262611713406621;146.59038627054423;351.28201837959915;0.44000000000000006;91711.43305059047;0.6638350861594838;0.2905877998815603;112.78195563463146;290.3224599019952;0.44000000000000006;91711.43305059047;0.6638350861594838;0.2905877998815603;112.75744041452919;290.27883836608254;0.44000000000000006;12887.512492057358;0.6638350861594838;0.2905877998815603;95.91772101279724;2679.3015525200303;0.06364941532757351;12887.512492057358;0.0;0.0;50.85796544274177;212.9299510813211;0.06364941532757351;12887.512492057358;0.0;0.0;50.86083294975106;213.00976420687365;0.06364941532757351;91711.43305059047;0.0;0.0;"Zustand 3: Temperatur 420.038 K liegt außerhalb des Boryta-Prüfbereichs; Kristallisation wurde nicht bewertet.";"Zustand 4: Temperatur 419.740 K liegt außerhalb des Boryta-Prüfbereichs; Kristallisation wurde nicht bewertet.";"Zustand 5: Temperatur 385.932 K liegt außerhalb des Boryta-Prüfbereichs; Kristallisation wurde nicht bewertet.";"Zustand 6: Temperatur 385.907 K liegt außerhalb des Boryta-Prüfbereichs; Kristallisation wurde nicht bewertet.";"Zustand 20: Temperatur 439.196 K liegt außerhalb des Boryta-Prüfbereichs; Kristallisation wurde nicht bewertet.";5
series_desorber_to_evaporator;Serie Desorber → Verdampfer;series_desorber_to_evaporator;115.0;nan;30.0;115.0;8.0;8.0;4.0;115.0;0.45000000000000007;Abwärmetemperatur [°C];hot_temperature_C;115.0;10.0;10.0;25.0;15.0;11.0;nan;nan;6.669731378249494e-19;`gtol` termination condition is satisfied.;4;1.1532186984811366e-07;1.1549659196919617e-09;1;True;;True;0;zulässig;feasible_but_near_limit_shex;False;True;True;97.16663869360832;121.12122834461786;146.73326936432824;50.90717387030014;0.09711844184774945;0.2818558081633519;0.22329994665798683;0.29003679645787617;162.0251473200612;157.35346734091965;162.55815943617876;156.79576879128038;27.647853114955982;0.5073529178719203;7.054003964477767;34.55168821998507;0.0050813784783301195;0.019605054591473724;16.202514723759755;15.735346733606063;6.502326377609352;10.453051252333148;2.5134411995003876;96.14942853404739;0.019174739671634605;2679.7401633421046;270.12362460733834;223.0165896363629;0.009851857689602728;0.5039416987453086;0.5922453104749139;0.23152722096597242;-4.5197978693067853e-10;-7.954828262768388e-08;9.550376489642076e-09;-6.350836523338899e-11;-4.055038971273461e-09;4.85903228764073e-09;6.2831588820699835e-09;8.246365723607596e-08;-4.5197978693067854e-12;-7.954828262768388e-10;9.550376489642076e-11;-6.350836523338899e-11;-4.0550389712734614e-11;4.8590322876407296e-11;6.283158882069984e-11;8.246365723607596e-10;144.69049924163045;115.0;110.13881102164538;110.13881102164538;105.44994233769563;39.41109254431336;21.18417548475196;12.070725209332068;56.738335989734026;20.90717387030014;2.3275364317162826;13.989382487597993;12.972172328037061;54.53990420943677;0.33745584500383075;8.42430654923146;4.0;0.45000000000000007;91583.27872394814;12918.823921850995;7.089134373063441;0.33745584500383075;deltaT_shex_1_K;shex;True;True;True;True;True;True;True;True;97.16663869360832;2671.0775773060873;0.06379355643491125;91583.27872394814;0.0;0.0;135.0;4.0;144.69049924163045;4.0;115.0;8.0;110.13881102164538;8.0;110.13881102164538;8.0;105.44994233769563;8.0;30.0;4.0;39.41109254431336;4.0;97.16663869360832;2671.0775773060873;0.006195530800885051;91583.27872394814;0.0;0.0;96.14942853404739;270.12362460733743;0.5137935564349113;12918.823921850995;0.580889160824811;0.22329994665798683;165.8746747263824;382.7568917978367;0.4561955308008851;91583.27872394814;0.6542306702878382;0.2818558081633519;97.16663869360832;2671.0775773060873;0.0575980256340262;91583.27872394814;0.0;0.0;121.12122834461786;270.12362460733743;0.5137935564349113;91583.27872394814;0.580889160824811;0.22329994665798683;147.07072520933207;323.9348349051032;0.5137935564349113;91583.27872394814;0.580889160824811;0.22329994665798683;146.73326936432824;351.25164450935137;0.45000000000000007;91583.27872394814;0.6632380174103796;0.29003679645787617;112.6969217953864;289.8119709195559;0.45000000000000007;91583.27872394814;0.6632380174103796;0.29003679645787617;112.67246356828372;289.76840413157487;0.45000000000000007;12918.823921850995;0.6632380174103796;0.29003679645787617;96.14942853404739;2679.7401633421046;0.06379355643491125;12918.823921850995;0.0;0.0;50.90717387030014;213.13575790394972;0.06379355643491125;12918.823921850995;0.0;0.0;50.91003812825886;213.21541137935228;0.06379355643491125;91583.27872394814;0.0;0.0;"Zustand 3: Temperatur 420.221 K liegt außerhalb des Boryta-Prüfbereichs; Kristallisation wurde nicht bewertet.";"Zustand 4: Temperatur 419.883 K liegt außerhalb des Boryta-Prüfbereichs; Kristallisation wurde nicht bewertet.";"Zustand 5: Temperatur 385.847 K liegt außerhalb des Boryta-Prüfbereichs; Kristallisation wurde nicht bewertet.";"Zustand 6: Temperatur 385.822 K liegt außerhalb des Boryta-Prüfbereichs; Kristallisation wurde nicht bewertet.";"Zustand 20: Temperatur 439.025 K liegt außerhalb des Boryta-Prüfbereichs; Kristallisation wurde nicht bewertet.";5
series_desorber_to_evaporator;Serie Desorber → Verdampfer;series_desorber_to_evaporator;115.0;nan;30.0;115.0;8.0;8.0;4.0;115.0;0.4600000000000001;Abwärmetemperatur [°C];hot_temperature_C;115.0;10.0;10.0;25.0;15.0;11.0;nan;nan;5.734052926204766e-19;`gtol` termination condition is satisfied.;4;1.0689069532705748e-07;1.0708924246818413e-09;1;True;;True;0;zulässig;feasible_but_near_limit_shex;False;True;True;97.1302750227843;121.00489529077726;146.8674867652191;50.95393263697122;0.09762417493499218;0.2814591547596649;0.2239493179535398;0.28950207932258865;162.32409938388764;157.70538740964344;162.88848561333012;157.1159012679914;28.474446907382266;0.5072558566020159;7.19532554460875;34.57944630326267;0.005082633545723765;0.02001727816068566;16.23240993008653;15.770538740470965;6.515539424748767;10.474393417444391;2.5885860884807506;96.37166207905625;0.018875902351045862;2680.1608908637486;270.111687323114;223.7446135388088;0.009889658963693204;0.5140407354497556;0.5929927501800412;0.23207852511444899;-5.031459693327633e-10;-6.590598999878239e-08;9.780478649190627e-09;-6.518385831100204e-11;-5.389068746808334e-09;4.9337813834426925e-09;6.325535650830716e-09;8.302234277834941e-08;-5.0314596933276335e-12;-6.590598999878239e-10;9.780478649190627e-11;-6.518385831100204e-11;-5.389068746808334e-11;4.9337813834426927e-11;6.325535650830716e-11;8.302234277834941e-10;144.70837914975402;115.0;110.12893284649135;110.12893284649135;105.43049082292703;39.43214039531358;21.000282273898563;12.24738056734833;56.93952168374267;20.953932636971217;2.411416925846936;13.757270767435102;12.998657823707049;54.47369699458352;0.3798938021292315;8.391907991191886;4.0;0.4600000000000001;91462.40183735691;12948.637006718045;7.063477166739955;0.3798938021292315;deltaT_shex_1_K;shex;True;True;True;True;True;True;True;True;97.1302750227843;2671.0196441458434;0.06393039441344872;91462.40183735691;0.0;0.0;135.0;4.0;144.70837914975402;4.0;115.0;8.0;110.12893284649135;8.0;110.12893284649135;8.0;105.43049082292703;8.0;30.0;4.0;39.43214039531358;4.0;97.1302750227843;2671.0196441458434;0.006241152007881564;91462.40183735691;0.0;0.0;96.37166207905625;270.1116873231148;0.5239303944134488;12948.637006718045;0.5817994769327645;0.2239493179535398;165.7086614236526;382.26820748803596;0.46624115200788163;91462.40183735691;0.6537870545561633;0.2814591547596649;97.1302750227843;2671.0196441458434;0.05768924240556716;91462.40183735691;0.0;0.0;121.00489529077726;270.1116873231148;0.5239303944134488;91462.40183735691;0.5817994769327645;0.2239493179535398;147.24738056734833;324.4594541467212;0.5239303944134488;91462.40183735691;0.5817994769327645;0.2239493179535398;146.8674867652191;351.2150648474746;0.4600000000000001;91462.40183735691;0.6626574552585248;0.28950207932258865;112.61298729958537;289.31409330859327;0.4600000000000001;91462.40183735691;0.6626574552585248;0.28950207932258865;112.58858307415306;289.2705774865048;0.4600000000000001;12948.637006718045;0.6626574552585248;0.28950207932258865;96.37166207905625;2680.1608908637486;0.06393039441344872;12948.637006718045;0.0;0.0;50.95393263697122;213.33132010064793;0.06393039441344872;12948.637006718045;0.0;0.0;50.95679382834351;213.41082271583366;0.06393039441344872;91462.40183735691;0.0;0.0;"Zustand 3: Temperatur 420.397 K liegt außerhalb des Boryta-Prüfbereichs; Kristallisation wurde nicht bewertet.";"Zustand 4: Temperatur 420.017 K liegt außerhalb des Boryta-Prüfbereichs; Kristallisation wurde nicht bewertet.";"Zustand 5: Temperatur 385.763 K liegt außerhalb des Boryta-Prüfbereichs; Kristallisation wurde nicht bewertet.";"Zustand 6: Temperatur 385.739 K liegt außerhalb des Boryta-Prüfbereichs; Kristallisation wurde nicht bewertet.";"Zustand 20: Temperatur 438.859 K liegt außerhalb des Boryta-Prüfbereichs; Kristallisation wurde nicht bewertet.";5
series_desorber_to_evaporator;Serie Desorber → Verdampfer;series_desorber_to_evaporator;115.0;nan;30.0;115.0;8.0;8.0;4.0;115.0;0.4700000000000001;Abwärmetemperatur [°C];hot_temperature_C;115.0;10.0;10.0;25.0;15.0;11.0;nan;nan;4.838302769181354e-19;`gtol` termination condition is satisfied.;4;9.812642349457735e-08;9.83697389361317e-10;1;True;;True;0;zulässig;feasible_but_near_limit_shex;False;True;True;97.09590547730073;120.89222996723913;146.99334400656466;50.99842448517052;0.09814072561539156;0.2810717381192543;0.2245753496800201;0.28898291790730357;162.60142084779636;158.04024599102544;163.19596374012627;157.420189142607;29.301638591454108;0.5071529284654243;7.336816342210378;34.605227435278664;0.005083834167842131;0.020430121468976957;16.260142076700227;15.804024598605814;6.527838549761704;10.494679275754654;2.6637853314133113;96.5849682620547;0.0185892538642519;2680.5647625312595;270.10282121124783;224.44539476289586;0.009927785900989639;0.5241326972946961;0.5937114253759266;0.2326097762613361;-4.517382024005201e-10;-5.4092318180209986e-08;9.766210951056564e-09;-6.914863126539217e-11;-3.916312607543659e-09;4.967290578861139e-09;6.287194764809101e-09;8.079410918071517e-08;-4.517382024005201e-12;-5.409231818020998e-10;9.766210951056564e-11;-6.914863126539217e-11;-3.9163126075436596e-11;4.967290578861139e-11;6.287194764809101e-11;8.079410918071517e-10;144.7249653617103;115.0;110.11973792643164;110.11973792643164;105.41219638508574;39.45216782242977;20.822904032950305;12.418223511909048;57.13280043962493;20.998424485170517;2.494152789894258;13.534769664376938;13.023832449130907;54.41091360484057;0.4248795053443928;8.362029754458092;4.0;0.4700000000000001;91348.27534755462;12977.05943614101;7.039212218844463;0.4248795053443928;deltaT_shex_1_K;shex;True;True;True;True;True;True;True;True;97.09590547730073;2670.9648815504675;0.06406048319568569;91348.27534755462;0.0;0.0;135.0;4.0;144.7249653617103;4.0;115.0;8.0;110.11973792643164;8.0;110.11973792643164;8.0;105.41219638508574;8.0;30.0;4.0;39.45216782242977;4.0;97.09590547730073;2670.9648815504675;0.006286942304097191;91348.27534755462;0.0;0.0;96.5849682620547;270.10282121124715;0.5340604831956858;12977.05943614101;0.5826747729675067;0.2245753496800201;165.5478693946606;381.7933847905612;0.4762869423040973;91348.27534755462;0.653353143297867;0.2810717381192543;97.09590547730073;2670.9648815504675;0.0577735408915885;91348.27534755462;0.0;0.0;120.89222996723913;270.10282121124715;0.5340604831956858;91348.27534755462;0.5826747729675067;0.2245753496800201;147.41822351190905;324.96858925332424;0.5340604831956858;91348.27534755462;0.5826747729675067;0.2245753496800201;146.99334400656466;351.17234412131205;0.4700000000000001;91348.27534755462;0.6620927038233256;0.28898291790730357;112.53020021278104;288.82843222364005;0.4700000000000001;91348.27534755462;0.6620927038233256;0.28898291790730357;112.50584721010574;288.78496388008904;0.4700000000000001;12977.05943614101;0.6620927038233256;0.28898291790730357;96.5849682620547;2680.5647625312595;0.06406048319568569;12977.05943614101;0.0;0.0;50.99842448517052;213.5174018633796;0.06406048319568569;12977.05943614101;0.0;0.0;51.00128278024516;213.59676177317473;0.06406048319568569;91348.27534755462;0.0;0.0;"Zustand 3: Temperatur 420.568 K liegt außerhalb des Boryta-Prüfbereichs; Kristallisation wurde nicht bewertet.";"Zustand 4: Temperatur 420.143 K liegt außerhalb des Boryta-Prüfbereichs; Kristallisation wurde nicht bewertet.";"Zustand 5: Temperatur 385.680 K liegt außerhalb des Boryta-Prüfbereichs; Kristallisation wurde nicht bewertet.";"Zustand 6: Temperatur 385.656 K liegt außerhalb des Boryta-Prüfbereichs; Kristallisation wurde nicht bewertet.";"Zustand 20: Temperatur 438.698 K liegt außerhalb des Boryta-Prüfbereichs; Kristallisation wurde nicht bewertet.";5
series_desorber_to_evaporator;Serie Desorber → Verdampfer;series_desorber_to_evaporator;115.0;nan;30.0;115.0;8.0;8.0;4.0;115.0;0.4800000000000001;Abwärmetemperatur [°C];hot_temperature_C;115.0;10.0;10.0;25.0;15.0;11.0;nan;nan;4.042689787944806e-19;`gtol` termination condition is satisfied.;4;8.959814036329304e-08;8.991873873609223e-10;1;True;;True;0;zulässig;feasible_but_near_limit_shex;False;True;True;97.0633903581923;120.78327153208187;147.11114730933173;51.040817571455875;0.09866884914885626;0.28069316415115725;0.2251790988391059;0.2884786239399149;162.85839426345672;158.35930867999195;163.48194001870203;157.70983437569132;30.129107195886355;0.5070441002747533;7.478460619384279;34.62914858090954;0.0050849892913651185;0.020843559332824155;16.285839418668854;15.835930867531191;6.539277600898705;10.51398895798166;2.739009749118094;96.78985584350352;0.018314247444623618;2680.9527348874653;270.0970599615715;225.1203377580197;0.009966326513587864;0.5342180055875713;0.5944028225647493;0.23312194321531995;-4.311040413540468e-10;-4.441267975607843e-08;9.49293621488323e-09;-7.586736794351623e-11;-3.765592282434227e-09;4.6800323616480455e-09;5.966427352177561e-09;7.676817403989844e-08;-4.311040413540468e-12;-4.4412679756078433e-10;9.49293621488323e-11;-7.586736794351623e-11;-3.765592282434227e-11;4.680032361648046e-11;5.966427352177561e-11;7.676817403989844e-10;144.74033458513497;115.0;110.11118600422543;110.11118600422543;105.39498282313417;39.471250519138266;20.651674749247718;12.58347527716154;57.31860532436525;21.040817571455875;2.575704054375649;13.321330160721914;13.047795646033137;54.35130969377326;0.4723279678298127;8.334671222972645;4.0;0.4800000000000001;91240.4153950288;13004.190845423078;7.01623165021002;0.4723279678298127;deltaT_shex_1_K;shex;True;True;True;True;True;True;True;True;97.0633903581923;2670.9130679794466;0.06418433210115904;91240.4153950288;0.0;0.0;135.0;4.0;144.74033458513497;4.0;115.0;8.0;110.11118600422543;8.0;110.11118600422543;8.0;105.39498282313417;8.0;30.0;4.0;39.471250519138266;4.0;97.0633903581923;2670.9130679794466;0.006332994181809354;91240.4153950288;0.0;0.0;96.78985584350352;270.09705996157095;0.5441843321011591;13004.190845423078;0.5835167821905158;0.2251790988391059;165.3920093343827;381.3317159174865;0.4863329941818094;91240.4153950288;0.6529285371564204;0.28069316415115725;97.0633903581923;2670.9130679794466;0.05785133791934968;91240.4153950288;0.0;0.0;120.78327153208187;270.09705996157095;0.5441843321011591;91240.4153950288;0.5835167821905158;0.2251790988391059;147.58347527716154;325.4626877802815;0.5441843321011591;91240.4153950288;0.5835167821905158;0.2251790988391059;147.11114730933173;351.12357972603934;0.4800000000000001;91240.4153950288;0.6615431049711736;0.2884786239399149;112.44860030910922;288.354606400378;0.4800000000000001;91240.4153950288;0.6615431049711736;0.2884786239399149;112.42429594562435;288.3111823184346;0.4800000000000001;13004.190845423078;0.6615431049711736;0.2884786239399149;96.78985584350352;2680.9527348874653;0.06418433210115904;13004.190845423078;0.0;0.0;51.040817571455875;213.69470639530113;0.06418433210115904;13004.190845423078;0.0;0.0;51.04367312936091;213.77393117064585;0.06418433210115904;91240.4153950288;0.0;0.0;"Zustand 3: Temperatur 420.733 K liegt außerhalb des Boryta-Prüfbereichs; Kristallisation wurde nicht bewertet.";"Zustand 4: Temperatur 420.261 K liegt außerhalb des Boryta-Prüfbereichs; Kristallisation wurde nicht bewertet.";"Zustand 5: Temperatur 385.599 K liegt außerhalb des Boryta-Prüfbereichs; Kristallisation wurde nicht bewertet.";"Zustand 6: Temperatur 385.574 K liegt außerhalb des Boryta-Prüfbereichs; Kristallisation wurde nicht bewertet.";"Zustand 20: Temperatur 438.542 K liegt außerhalb des Boryta-Prüfbereichs; Kristallisation wurde nicht bewertet.";5
series_desorber_to_evaporator;Serie Desorber → Verdampfer;series_desorber_to_evaporator;115.0;nan;30.0;115.0;8.0;8.0;4.0;115.0;0.4900000000000001;Abwärmetemperatur [°C];hot_temperature_C;115.0;10.0;10.0;25.0;15.0;11.0;nan;nan;3.3407070254247326e-19;`gtol` termination condition is satisfied.;4;8.129573829962662e-08;8.173991712039758e-10;1;True;;True;0;zulässig;feasible;True;True;True;97.03260090515886;120.67803861091107;147.22120173261834;51.08126673794402;0.09920920673546282;0.28032306483692515;0.22576156454712565;0.28798854818488623;163.0962073971525;158.66374086358587;163.74766234047277;157.98594224651146;30.95655777285523;0.5069293510900806;7.6202431893887725;34.6513180961357;0.005086106775521899;0.02125756656679914;16.309620732556418;15.866374085914813;6.54990649376086;10.532396149397844;2.814232528130714;96.98679864997803;0.018050362211145553;2681.3256990193604;270.0944150563706;225.7707589589117;0.010005359270596093;0.5442970504848207;0.5950683310131314;0.23361593597841906;-4.1182346421919647e-10;-3.6582623152980887e-08;9.089774266612949e-09;-8.51024251069532e-11;-3.5487346394802444e-09;4.437737288753851e-09;5.543796532947454e-09;7.158831749620731e-08;-4.118234642191965e-12;-3.6582623152980884e-10;9.089774266612948e-11;-8.51024251069532e-11;-3.548734639480244e-11;4.4377372887538516e-11;5.5437965329474535e-11;7.158831749620731e-10;144.75455785868138;115.0;110.10323976254568;110.10323976254568;105.37877976713565;39.489458185621174;20.48625538209484;12.74334785511246;57.49734046435685;21.08126673794402;2.6560381952080547;13.116441112567657;13.070638857386825;54.294660059824935;0.5221461224941208;8.30981867808913;4.0;0.4900000000000001;91138.37728758926;13030.123450686677;6.994436977708476;0.5221461224941208;deltaT_shex_1_K;shex;True;True;True;True;True;True;True;True;97.03260090515886;2670.863999172377;0.06430240975541668;91138.37728758926;0.0;0.0;135.0;4.0;144.75455785868138;4.0;115.0;8.0;110.10323976254568;8.0;110.10323976254568;8.0;105.37877976713565;8.0;30.0;4.0;39.489458185621174;4.0;97.03260090515886;2670.863999172377;0.006379391063013575;91138.37728758926;0.0;0.0;96.98679864997803;270.09441505637085;0.5543024097554168;13030.123450686677;0.5843271320979625;0.22576156454712565;165.24081324077622;380.8825433592894;0.49637939106301365;91138.37728758926;0.6525128627899816;0.28032306483692515;97.03260090515886;2670.863999172377;0.0579230186924031;91138.37728758926;0.0;0.0;120.67803861091107;270.09441505637085;0.5543024097554168;91138.37728758926;0.5843271320979625;0.22576156454712565;147.74334785511246;325.9421927820976;0.5543024097554168;91138.37728758926;0.5843271320979625;0.22576156454712565;147.22120173261834;351.06889596216473;0.4900000000000001;91138.37728758926;0.6610080355252496;0.28798854818488623;112.36821993282194;287.8922474452932;0.4900000000000001;91138.37728758926;0.6610080355252496;0.28798854818488623;112.34396180479195;287.84886465638135;0.4900000000000001;13030.123450686677;0.6610080355252496;0.28798854818488623;96.98679864997803;2681.3256990193604;0.06430240975541668;13030.123450686677;0.0;0.0;51.08126673794402;213.8638812261258;0.06430240975541668;13030.123450686677;0.0;0.0;51.08411970731072;213.94297790064965;0.06430240975541668;91138.37728758926;0.0;0.0;"Zustand 3: Temperatur 420.893 K liegt außerhalb des Boryta-Prüfbereichs; Kristallisation wurde nicht bewertet.";"Zustand 4: Temperatur 420.371 K liegt außerhalb des Boryta-Prüfbereichs; Kristallisation wurde nicht bewertet.";"Zustand 5: Temperatur 385.518 K liegt außerhalb des Boryta-Prüfbereichs; Kristallisation wurde nicht bewertet.";"Zustand 6: Temperatur 385.494 K liegt außerhalb des Boryta-Prüfbereichs; Kristallisation wurde nicht bewertet.";"Zustand 20: Temperatur 438.391 K liegt außerhalb des Boryta-Prüfbereichs; Kristallisation wurde nicht bewertet.";5
series_desorber_to_evaporator;Serie Desorber → Verdampfer;series_desorber_to_evaporator;115.0;nan;30.0;115.0;8.0;8.0;4.0;115.0;0.5000000000000001;Abwärmetemperatur [°C];hot_temperature_C;115.0;10.0;10.0;25.0;15.0;11.0;nan;nan;2.751809612483691e-19;`gtol` termination condition is satisfied.;4;7.357318393964841e-08;7.418638166784643e-10;1;True;;True;0;zulässig;feasible;True;True;True;97.00341833645848;120.57653188047215;147.3238095293736;51.11991466417993;0.09976237234492079;0.27996109575645245;0.22632369156907622;0.2875120775313075;163.3159616473905;158.9546163894791;163.9942888698627;158.24952985499397;31.783719814710285;0.5068086714390496;7.762149406544766;34.67183648817712;0.005087193526437806;0.021672118102087204;16.33159615812613;15.895461638531344;6.559771554927166;10.549968656652787;2.889429076807763;97.17623826349057;0.01779710186102105;2681.6844855783743;270.094878428551;226.3978928395794;0.01004495387439197;0.5543701937622174;0.5957092500700387;0.23409260976158439;-3.844640161787538e-10;-3.017510863401185e-08;8.59253646012803e-09;-9.519185439899047e-11;-3.316472430014983e-09;4.165656264376594e-09;5.2021675855939975e-09;6.612921765736246e-08;-3.844640161787538e-12;-3.017510863401185e-10;8.592536460128031e-11;-9.519185439899047e-11;-3.316472430014983e-11;4.165656264376594e-11;5.202167585593997e-11;6.612921765736246e-10;144.76770105546592;115.0;110.0958645672888;110.0958645672888;105.36352216731888;39.50685504721764;20.3263314217358;12.898044282036778;57.669383216272934;21.11991466417993;2.735129344746838;12.919626303798225;13.092446230830319;54.24075698327698;0.5742347526631875;8.287447094616823;4.0;0.5000000000000001;91041.75190686592;13054.942633121756;6.973738182187294;0.5742347526631875;deltaT_shex_1_K;shex;True;True;True;True;True;True;True;True;97.00341833645848;2670.8174866403656;0.06441514763660927;91041.75190686592;0.0;0.0;135.0;4.0;144.76770105546592;4.0;115.0;8.0;110.0958645672888;8.0;110.0958645672888;8.0;105.36352216731888;8.0;30.0;4.0;39.50685504721764;4.0;97.00341833645848;2670.8174866403656;0.0064262079431764586;91041.75190686592;0.0;0.0;97.17623826349057;270.09487842855026;0.5644151476366094;13054.942633121756;0.5851073518669898;0.22632369156907622;165.09403247720172;380.4452553022587;0.5064262079431766;91041.75190686592;0.6521057704018338;0.27996109575645245;97.00341833645848;2670.8174866403656;0.057988939693432814;91041.75190686592;0.0;0.0;120.57653188047215;270.09487842855026;0.5644151476366094;91041.75190686592;0.5851073518669898;0.22632369156907622;147.89804428203678;326.4075410985709;0.5644151476366094;91041.75190686592;0.5851073518669898;0.22632369156907622;147.3238095293736;351.00843886773237;0.5000000000000001;91041.75190686592;0.6604869047745451;0.2875120775313075;112.28908478585532;287.4409992375429;0.5000000000000001;91041.75190686592;0.6604869047745451;0.2875120775313075;112.26487065525316;287.3976550013387;0.5000000000000001;13054.942633121756;0.6604869047745451;0.2875120775313075;97.17623826349057;2681.6844855783743;0.06441514763660927;13054.942633121756;0.0;0.0;51.11991466417993;214.02552302808252;0.06441514763660927;13054.942633121756;0.0;0.0;51.122765184041896;214.10449814050696;0.06441514763660927;91041.75190686592;0.0;0.0;"Zustand 3: Temperatur 421.048 K liegt außerhalb des Boryta-Prüfbereichs; Kristallisation wurde nicht bewertet.";"Zustand 4: Temperatur 420.474 K liegt außerhalb des Boryta-Prüfbereichs; Kristallisation wurde nicht bewertet.";"Zustand 5: Temperatur 385.439 K liegt außerhalb des Boryta-Prüfbereichs; Kristallisation wurde nicht bewertet.";"Zustand 6: Temperatur 385.415 K liegt außerhalb des Boryta-Prüfbereichs; Kristallisation wurde nicht bewertet.";"Zustand 20: Temperatur 438.244 K liegt außerhalb des Boryta-Prüfbereichs; Kristallisation wurde nicht bewertet.";5
series_desorber_to_evaporator;Serie Desorber → Verdampfer;series_desorber_to_evaporator;115.0;nan;30.0;115.0;8.0;8.0;4.0;115.0;0.5100000000000001;Abwärmetemperatur [°C];hot_temperature_C;115.0;10.0;10.0;25.0;15.0;11.0;nan;nan;2.247167279443907e-19;`gtol` termination condition is satisfied.;4;6.620462556483933e-08;6.70397983207573e-10;1;True;;True;0;zulässig;feasible;True;True;True;96.97573298266809;120.47873646808597;147.41926871350864;51.15689291181337;0.10032883959733813;0.2796069338904139;0.22686637362762302;0.2870486323804108;163.51867955409426;159.23292542890377;164.2228957209852;158.50153381695654;32.61034564777118;0.5066820624277216;7.90416515424689;34.69079709417383;0.0050882556140734985;0.022087189084811568;16.35186794937158;15.923292542501663;6.568915828963987;10.566768920813654;2.9645768793430696;97.35858649655802;0.017553993488085555;2682.0298694029725;270.0984250504953;227.00289757393398;0.010085172005263376;0.56443777128445;0.5963267959126123;0.23455276873612696;-3.573532580958272e-10;-2.5002584891353763e-08;8.05221134214662e-09;-1.0549561224593162e-10;-3.114450919383671e-09;3.887151933668065e-09;4.751711912831524e-09;6.03784542363428e-08;-3.573532580958272e-12;-2.5002584891353764e-10;8.05221134214662e-11;-1.0549561224593162e-10;-3.114450919383671e-11;3.887151933668065e-11;4.751711912831524e-11;6.03784542363428e-10;144.77982533218267;115.0;110.08902823800884;110.08902823800884;105.34914983439171;39.52350032469519;20.171610703776764;13.047758941319216;57.83508617186283;21.156892911813372;2.8129575719544277;12.730441741450818;13.113295255340745;54.18940872219855;0.6284902278105733;8.267521821677178;4.0;0.5100000000000001;90950.16248623938;13078.727476548196;6.954052880857443;0.6284902278105733;deltaT_shex_1_K;shex;True;True;True;True;True;True;True;True;96.97573298266809;2670.7733563038723;0.06452294328971331;90950.16248623938;0.0;0.0;135.0;4.0;144.77982533218267;4.0;115.0;8.0;110.08902823800884;8.0;110.08902823800884;8.0;105.34914983439171;8.0;30.0;4.0;39.52350032469519;4.0;96.97573298266809;2670.7733563038723;0.006473512027661791;90950.16248623938;0.0;0.0;97.35858649655802;270.09842505049426;0.5745229432897134;13078.727476548196;0.5858588792203914;0.22686637362762302;164.95143603595943;380.0192815269623;0.5164735120276619;90950.16248623938;0.6517069315445942;0.2796069338904139;96.97573298266809;2670.7733563038723;0.05804943126205152;90950.16248623938;0.0;0.0;120.47873646808597;270.09842505049426;0.5745229432897134;90950.16248623938;0.5858588792203914;0.22686637362762302;148.04775894131922;326.859161986507;0.5745229432897134;90950.16248623938;0.5858588792203914;0.22686637362762302;147.41926871350864;350.942371630038;0.5100000000000001;90950.16248623938;0.6599791522394352;0.2870486323804108;112.21121464640879;287.0005174180213;0.5100000000000001;90950.16248623938;0.6599791522394352;0.2870486323804108;112.18704242804557;286.95720920412947;0.5100000000000001;13078.727476548196;0.6599791522394352;0.2870486323804108;97.35858649655802;2682.0298694029725;0.06452294328971331;13078.727476548196;0.0;0.0;51.15689291181337;214.18018198349327;0.06452294328971331;13078.727476548196;0.0;0.0;51.15974111219316;214.2590416162789;0.06452294328971331;90950.16248623938;0.0;0.0;"Zustand 3: Temperatur 421.198 K liegt außerhalb des Boryta-Prüfbereichs; Kristallisation wurde nicht bewertet.";"Zustand 4: Temperatur 420.569 K liegt außerhalb des Boryta-Prüfbereichs; Kristallisation wurde nicht bewertet.";"Zustand 5: Temperatur 385.361 K liegt außerhalb des Boryta-Prüfbereichs; Kristallisation wurde nicht bewertet.";"Zustand 6: Temperatur 385.337 K liegt außerhalb des Boryta-Prüfbereichs; Kristallisation wurde nicht bewertet.";"Zustand 20: Temperatur 438.101 K liegt außerhalb des Boryta-Prüfbereichs; Kristallisation wurde nicht bewertet.";5
series_desorber_to_evaporator;Serie Desorber → Verdampfer;series_desorber_to_evaporator;115.0;nan;30.0;115.0;8.0;8.0;4.0;115.0;0.5200000000000001;Abwärmetemperatur [°C];hot_temperature_C;115.0;10.0;10.0;25.0;15.0;11.0;nan;nan;1.835623192205383e-19;`gtol` termination condition is satisfied.;4;5.94802438511846e-08;6.059081105589168e-10;1;True;;True;0;zulässig;feasible;True;True;True;96.94944350428949;120.38462415544666;147.50787183699993;51.19232287281142;0.10090902851985212;0.2792602756601133;0.22739045650014322;0.2865976642900522;163.70531151386547;159.49958161311514;164.4344838391366;158.7428172342004;33.43620883582573;0.5065495347914817;8.046276831525923;34.70828668860247;0.005089298374168088;0.02250275495716031;16.370531145901577;15.949958160947475;6.577379353674058;10.582854481988628;3.03965535060543;97.53422766846853;0.017320586497494427;2682.3625737718803;270.1050153933351;227.58686031648227;0.010126068029121638;0.5745000952123172;0.5969221077576292;0.23499716952998007;-3.122053726656304e-10;-2.083399408547848e-08;7.450921657436993e-09;-1.1548173528552752e-10;-2.7148416847921908e-09;3.6403946523932973e-09;4.370974693301832e-09;5.4849692787684035e-08;-3.122053726656304e-12;-2.083399408547848e-10;7.450921657436993e-11;-1.1548173528552752e-10;-2.714841684792191e-11;3.640394652393297e-11;4.3709746933018326e-11;5.484969278768404e-10;144.79098753073356;115.0;110.08270084213109;110.08270084213109;105.3356070253189;39.5394486610715;20.02182144762378;13.192677876453445;57.99477900739703;21.192322872811417;2.8895082275630557;12.548473173662558;13.133257337841599;54.14043814988361;0.6848060394535196;8.25000013279464;4.0;0.5200000000000001;90863.26171771571;13101.551261910332;6.935305591016477;0.6848060394535196;deltaT_shex_1_K;shex;True;True;True;True;True;True;True;True;96.94944350428949;2670.731447261517;0.06462616324143866;90863.26171771571;0.0;0.0;135.0;4.0;144.79098753073356;4.0;115.0;8.0;110.08270084213109;8.0;110.08270084213109;8.0;105.3356070253189;8.0;30.0;4.0;39.5394486610715;4.0;96.94944350428949;2670.731447261517;0.0065213633496589525;90863.26171771571;0.0;0.0;97.53422766846853;270.1050153933352;0.5846261632414388;13101.551261910332;0.5865830667579465;0.22739045650014322;164.81280897835734;379.60408972687765;0.526521363349659;90863.26171771571;0.6513160371592334;0.2792602756601133;96.94944350428949;2670.731447261517;0.05810479989177971;90863.26171771571;0.0;0.0;120.38462415544666;270.1050153933352;0.5846261632414388;90863.26171771571;0.5865830667579465;0.22739045650014322;148.19267787645344;327.29747604278657;0.5846261632414388;90863.26171771571;0.5865830667579465;0.22739045650014322;147.50787183699993;350.87087055115364;0.5200000000000001;90863.26171771571;0.6594842456559518;0.2865976642900522;112.13462402265202;286.5704689431961;0.5200000000000001;90863.26171771571;0.6594842456559518;0.2865976642900522;112.11049177243694;286.5271944144323;0.5200000000000001;13101.551261910332;0.6594842456559518;0.2865976642900522;97.53422766846853;2682.3625737718803;0.06462616324143866;13101.551261910332;0.0;0.0;51.19232287281142;214.3283657494072;0.06462616324143866;13101.551261910332;0.0;0.0;51.195168875435286;214.4071155640164;0.06462616324143866;90863.26171771571;0.0;0.0;"Zustand 3: Temperatur 421.343 K liegt außerhalb des Boryta-Prüfbereichs; Kristallisation wurde nicht bewertet.";"Zustand 4: Temperatur 420.658 K liegt außerhalb des Boryta-Prüfbereichs; Kristallisation wurde nicht bewertet.";"Zustand 5: Temperatur 385.285 K liegt außerhalb des Boryta-Prüfbereichs; Kristallisation wurde nicht bewertet.";"Zustand 6: Temperatur 385.260 K liegt außerhalb des Boryta-Prüfbereichs; Kristallisation wurde nicht bewertet.";"Zustand 20: Temperatur 437.963 K liegt außerhalb des Boryta-Prüfbereichs; Kristallisation wurde nicht bewertet.";5
series_desorber_to_evaporator;Serie Desorber → Verdampfer;series_desorber_to_evaporator;115.0;nan;30.0;115.0;8.0;8.0;4.0;115.0;0.5300000000000001;Abwärmetemperatur [°C];hot_temperature_C;115.0;10.0;10.0;25.0;15.0;11.0;nan;nan;1.4977287437147844e-19;`gtol` termination condition is satisfied.;4;5.328775834426335e-08;5.473077276477621e-10;1;True;;True;0;zulässig;feasible;True;True;True;96.92445618392685;120.29415538334655;147.58990496861765;51.22631663078391;0.10150329209636016;0.27892083518446315;0.22789674091637274;0.2861586538415799;163.87674180234697;159.75542851585809;164.62998518613864;158.97417601374835;34.26110261792818;0.5064111079249132;8.188471338462422;34.72438602843397;0.005090326497197123;0.02291879152346897;16.38767417528181;15.975542851254358;6.585199407546189;10.59827840065542;3.1146456941296274;97.70352069755307;0.017096451594746532;2682.6832743151;270.11459771765055;228.15080211901667;0.010167689664715263;0.5845574559812755;0.597496253575755;0.23542652447963658;-2.9742608376182034e-10;-1.7497718829417863e-08;6.894907755849999e-09;-1.2485507072668156e-10;-2.5160886707453756e-09;3.314511332064285e-09;3.91705157198885e-09;4.952889298692753e-08;-2.974260837618203e-12;-1.7497718829417862e-10;6.894907755849999e-11;-1.2485507072668156e-10;-2.5160886707453755e-11;3.314511332064285e-11;3.91705157198885e-11;4.952889298692753e-10;144.80124053841786;115.0;110.07685450998389;110.07685450998389;105.32284206938135;39.55475050932165;19.876710495129203;13.332979108668042;58.148770188231424;21.226316630783913;2.9647713497547556;12.373333812430815;13.152398326057039;54.09368151980101;0.7430741400503962;8.23483263731822;4.0;0.5300000000000001;90780.72914923866;13123.48192208264;6.917427073716131;0.7430741400503962;deltaT_shex_1_K;shex;True;True;True;True;True;True;True;True;96.92445618392685;2670.6916106754734;0.06472514564599063;90780.72914923866;0.0;0.0;135.0;4.0;144.80124053841786;4.0;115.0;8.0;110.07685450998389;8.0;110.07685450998389;8.0;105.32284206938135;8.0;30.0;4.0;39.55475050932165;4.0;96.92445618392685;2670.6916106754734;0.0065698153644844414;90780.72914923866;0.0;0.0;97.70352069755307;270.1145977176516;0.5947251456459908;13123.48192208264;0.5872811877984546;0.22789674091637274;164.67795103354706;379.1991822071218;0.5365698153644846;90780.72914923866;0.650932795830467;0.27892083518446315;96.92445618392685;2670.6916106754734;0.05815533028150619;90780.72914923866;0.0;0.0;120.29415538334655;270.1145977176516;0.5947251456459908;90780.72914923866;0.5872811877984546;0.22789674091637274;148.33297910866804;327.7228943715853;0.5947251456459908;90780.72914923866;0.5872811877984546;0.22789674091637274;147.58990496861765;350.79412153305344;0.5300000000000001;90780.72914923866;0.659001679148276;0.2861586538415799;112.05932274602833;286.15053168734477;0.5300000000000001;90780.72914923866;0.659001679148276;0.2861586538415799;112.03522865024524;286.1072886844703;0.5300000000000001;13123.48192208264;0.659001679148276;0.2861586538415799;97.70352069755307;2682.6832743151;0.06472514564599063;13123.48192208264;0.0;0.0;51.22631663078391;214.4705430587114;0.06472514564599063;13123.48192208264;0.0;0.0;51.22916054958034;214.54918832781652;0.06472514564599063;90780.72914923866;0.0;0.0;"Zustand 3: Temperatur 421.483 K liegt außerhalb des Boryta-Prüfbereichs; Kristallisation wurde nicht bewertet.";"Zustand 4: Temperatur 420.740 K liegt außerhalb des Boryta-Prüfbereichs; Kristallisation wurde nicht bewertet.";"Zustand 5: Temperatur 385.209 K liegt außerhalb des Boryta-Prüfbereichs; Kristallisation wurde nicht bewertet.";"Zustand 6: Temperatur 385.185 K liegt außerhalb des Boryta-Prüfbereichs; Kristallisation wurde nicht bewertet.";"Zustand 20: Temperatur 437.828 K liegt außerhalb des Boryta-Prüfbereichs; Kristallisation wurde nicht bewertet.";5
series_desorber_to_evaporator;Serie Desorber → Verdampfer;series_desorber_to_evaporator;115.0;nan;30.0;115.0;8.0;8.0;4.0;115.0;0.5400000000000001;Abwärmetemperatur [°C];hot_temperature_C;115.0;10.0;10.0;25.0;15.0;11.0;nan;nan;1.222026149045856e-19;`gtol` termination condition is satisfied.;4;4.760592961459484e-08;4.94373573129846e-10;1;True;;True;0;zulässig;feasible;True;True;True;96.90068428513143;120.20728105952651;147.66564686181152;51.25897774400863;0.10211192252171505;0.27858834272841704;0.22838598526870807;0.28573110870036406;164.0337939912475;160.0012455469197;164.81026831612854;159.1963446026663;35.08483839959077;0.5062668089196036;8.330736060682078;34.73917034385835;0.005091344106128918;0.023335275003335532;16.403379394672662;16.000124554388805;6.5924107327367265;10.613089639938625;3.1895307649358746;97.86680102354842;0.01688117983277682;2682.992602608653;270.1271101723001;228.69568250093133;0.010210078608085538;0.5946101240806777;0.5980502353446001;0.2358415046497404;-2.629860773595283e-10;-1.4703850581554434e-08;6.3739094002812635e-09;-1.3332124293441439e-10;-2.2896244900039164e-09;3.0316584798129043e-09;3.5869334169547074e-09;4.452087409845262e-08;-2.629860773595283e-12;-1.4703850581554435e-10;6.373909400281263e-11;-1.3332124293441439e-10;-2.2896244900039165e-11;3.0316584798129045e-11;3.586933416954707e-11;4.452087409845262e-10;144.81063361191673;115.0;110.07146326805838;110.07146326805838;105.31080702994035;39.56945248486363;19.736041726479357;13.468832955073935;58.29734853868479;21.258977744008632;3.038741125816614;12.204662244509962;13.170778982926947;54.048987344207774;0.8031860932624113;8.221964550847417;4.0;0.5400000000000001;90702.2688397163;13144.5824601513;6.9003537476132415;0.8031860932624113;deltaT_shex_1_K;shex;True;True;True;True;True;True;True;True;96.90068428513143;2670.6537087611964;0.0648202026887631;90702.2688397163;0.0;0.0;135.0;4.0;144.81063361191673;4.0;115.0;8.0;110.07146326805838;8.0;110.07146326805838;8.0;105.31080702994035;8.0;30.0;4.0;39.56945248486363;4.0;96.90068428513143;2670.6537087611964;0.006618915514796843;90702.2688397163;0.0;0.0;97.86680102354842;270.12711017229884;0.6048202026887632;13144.5824601513;0.5879544417727135;0.22838598526870807;164.54667533839608;378.80409292051013;0.546618915514797;90702.2688397163;0.6505569322333965;0.27858834272841704;96.90068428513143;2670.6537087611964;0.058201287173966255;90702.2688397163;0.0;0.0;120.20728105952651;270.12711017229884;0.6048202026887632;90702.2688397163;0.5879544417727135;0.22838598526870807;148.46883295507394;328.1358179562305;0.6048202026887632;90702.2688397163;0.5879544417727135;0.22838598526870807;147.66564686181152;350.7123170436672;0.5400000000000001;90702.2688397163;0.658530971564317;0.28573110870036406;111.98531650867909;285.7403940809751;0.5400000000000001;90702.2688397163;0.658530971564317;0.28573110870036406;111.96125887418339;285.6971806087467;0.5400000000000001;13144.5824601513;0.658530971564317;0.28573110870036406;97.86680102354842;2682.992602608653;0.0648202026887631;13144.5824601513;0.0;0.0;51.25897774400863;214.60714699426148;0.0648202026887631;13144.5824601513;0.0;0.0;51.261819685732576;214.6856926311916;0.0648202026887631;90702.2688397163;0.0;0.0;"Zustand 3: Temperatur 421.619 K liegt außerhalb des Boryta-Prüfbereichs; Kristallisation wurde nicht bewertet.";"Zustand 4: Temperatur 420.816 K liegt außerhalb des Boryta-Prüfbereichs; Kristallisation wurde nicht bewertet.";"Zustand 5: Temperatur 385.135 K liegt außerhalb des Boryta-Prüfbereichs; Kristallisation wurde nicht bewertet.";"Zustand 6: Temperatur 385.111 K liegt außerhalb des Boryta-Prüfbereichs; Kristallisation wurde nicht bewertet.";"Zustand 20: Temperatur 437.697 K liegt außerhalb des Boryta-Prüfbereichs; Kristallisation wurde nicht bewertet.";5
series_desorber_to_evaporator;Serie Desorber → Verdampfer;series_desorber_to_evaporator;115.0;nan;30.0;115.0;8.0;8.0;4.0;115.0;0.5500000000000002;Abwärmetemperatur [°C];hot_temperature_C;115.0;10.0;10.0;25.0;15.0;11.0;nan;nan;1.0720332637962968e-19;`gtol` termination condition is satisfied.;4;4.402989455408207e-08;4.6304065994171544e-10;1;True;;True;0;zulässig;feasible;True;True;True;96.87804747077462;120.12394417670356;147.7353682962659;51.2904019578483;0.10273515712815179;0.278262543324401;0.22885890814646925;0.2853145618450709;164.1772358341577;160.23775331378397;164.97614341436326;159.41000119643928;35.907244310185625;0.5061166716326218;8.473058853189412;34.75270978118061;0.005092354824428438;0.023752182073426848;16.417723579271666;16.023775331091716;6.599045736657194;10.627333412876055;3.26429493844291;98.0243823733652;0.016674381705828228;2683.2911494776163;270.1424826914193;229.2224036918442;0.010253271113444318;0.6046583516581798;0.5985849938751923;0.2362427426330423;-2.413074184914876e-10;-1.2686385275628709e-08;6.072838232284994e-09;-1.4333717546222147e-10;-2.066599336103536e-09;2.866812565116561e-09;3.2984530662361067e-09;4.1441040821155184e-08;-2.4130741849148763e-12;-1.268638527562871e-10;6.072838232284994e-11;-1.4333717546222147e-10;-2.0665993361035362e-11;2.866812565116561e-11;3.2984530662361066e-11;4.1441040821155185e-10;144.81921266950707;115.0;110.06650288832645;110.06650288832645;105.29945739800229;39.58359768623109;19.59959463436263;13.600402343854284;58.44078468713411;21.290401957848303;3.1114154055554764;12.042120514961255;13.188455417551836;54.00621537542008;0.8650340475883809;8.21133682750633;4.0;0.5500000000000002;90627.60724261185;13164.911334117392;6.884027164523835;0.8650340475883809;deltaT_shex_1_K;shex;True;True;True;True;True;True;True;True;96.87804747077462;2670.617613870371;0.06491162277162399;90627.60724261185;0.0;0.0;135.0;4.0;144.81921266950707;4.0;115.0;8.0;110.06650288832645;8.0;110.06650288832645;8.0;105.29945739800229;8.0;30.0;4.0;39.58359768623109;4.0;96.87804747077462;2670.617613870371;0.006668705764886106;90627.60724261185;0.0;0.0;98.0243823733652;270.1424826914203;0.6149116227716241;13164.911334117392;0.5886039592039365;0.22885890814646925;164.4188073038697;378.4183848071283;0.5566687057648863;90627.60724261185;0.6501881857538814;0.278262543324401;96.87804747077462;2670.617613870371;0.05824291700673788;90627.60724261185;0.0;0.0;120.12394417670356;270.1424826914203;0.6149116227716241;90627.60724261185;0.5886039592039365;0.22885890814646925;148.60040234385428;328.5366372015253;0.6149116227716241;90627.60724261185;0.5886039592039365;0.22885890814646925;147.7353682962659;350.6256535215852;0.5500000000000002;90627.60724261185;0.658071664952537;0.2853145618450709;111.91260734919723;285.33975477535444;0.5500000000000002;90627.60724261185;0.658071664952537;0.2853145618450709;111.88858459444452;285.2965689897664;0.5500000000000002;13164.911334117392;0.658071664952537;0.2853145618450709;98.0243823733652;2683.2911494776163;0.06491162277162399;13164.911334117392;0.0;0.0;51.2904019578483;214.738577967547;0.06491162277162399;13164.911334117392;0.0;0.0;51.293242022582206;214.81702855323556;0.06491162277162399;90627.60724261185;0.0;0.0;"Zustand 3: Temperatur 421.750 K liegt außerhalb des Boryta-Prüfbereichs; Kristallisation wurde nicht bewertet.";"Zustand 4: Temperatur 420.885 K liegt außerhalb des Boryta-Prüfbereichs; Kristallisation wurde nicht bewertet.";"Zustand 5: Temperatur 385.063 K liegt außerhalb des Boryta-Prüfbereichs; Kristallisation wurde nicht bewertet.";"Zustand 6: Temperatur 385.039 K liegt außerhalb des Boryta-Prüfbereichs; Kristallisation wurde nicht bewertet.";"Zustand 20: Temperatur 437.569 K liegt außerhalb des Boryta-Prüfbereichs; Kristallisation wurde nicht bewertet.";5
series_desorber_to_evaporator;Serie Desorber → Verdampfer;series_desorber_to_evaporator;115.0;nan;30.0;115.0;8.0;8.0;4.0;115.0;0.5600000000000002;Abwärmetemperatur [°C];hot_temperature_C;115.0;10.0;10.0;25.0;15.0;11.0;nan;nan;9.564034826358682e-20;`gtol` termination condition is satisfied.;4;4.0952563428611065e-08;4.37356486778433e-10;1;True;;True;0;zulässig;feasible;True;True;True;96.85647127546287;120.044081250597;147.79933157865878;51.32067785262615;0.10337318388454105;0.2779431955362842;0.22931619070989254;0.28490856994967634;164.30778368006898;160.46561849767522;165.12836685789372;159.61577246788443;36.72816383809445;0.5059607358001864;8.61542802403016;34.76506980317083;0.005093361835602245;0.024169489900233116;16.43077836413188;16.04656184949022;6.605134674392832;10.641051497643826;3.3389239862788465;98.17655838328318;0.016475686281477102;2683.579468031602;270.16063869031564;229.73181456933256;0.010297298530118182;0.6147023739688046;0.5991014132513297;0.2366308351486576;-2.3020163553155726e-10;-1.0972861730351724e-08;5.765258492829162e-09;-1.535311322520272e-10;-1.927077164509683e-09;2.773020923996228e-09;3.2270293104375014e-09;3.8750187059122254e-08;-2.3020163553155727e-12;-1.0972861730351724e-10;5.765258492829162e-11;-1.535311322520272e-10;-1.927077164509683e-11;2.7730209239962277e-11;3.2270293104375016e-11;3.8750187059122255e-10;144.82702055502807;115.0;110.06195075185724;110.06195075185724;105.2887518144205;39.59722598670305;19.467163036665852;13.72784312638936;58.57933239658013;21.320677852626147;3.182795262058562;11.88539236857406;13.205479476394373;53.96523568020132;0.9285115477305794;8.20288715948351;4.0;0.5600000000000002;90556.49129527359;13184.522810218486;6.868393539816928;0.9285115477305794;deltaT_shex_1_K;shex;True;True;True;True;True;True;True;True;96.85647127546287;2670.5832076586103;0.06499967249892258;90556.49129527359;0.0;0.0;135.0;4.0;144.82702055502807;4.0;115.0;8.0;110.06195075185724;8.0;110.06195075185724;8.0;105.2887518144205;8.0;30.0;4.0;39.59722598670305;4.0;96.85647127546287;2670.5832076586103;0.0067192230976660695;90556.49129527359;0.0;0.0;98.17655838328318;270.16063869031694;0.6249996724989227;13184.522810218486;0.5892308063158113;0.22931619070989254;164.29418359169392;378.041647394818;0.5667192230976662;90556.49129527359;0.6498263092510685;0.2779431955362842;96.85647127546287;2670.5832076586103;0.05828044940125651;90556.49129527359;0.0;0.0;120.044081250597;270.16063869031694;0.6249996724989227;90556.49129527359;0.5892308063158113;0.22931619070989254;148.72784312638936;328.92573162427806;0.6249996724989227;90556.49129527359;0.5892308063158113;0.22931619070989254;147.79933157865878;350.53432918353474;0.5600000000000002;90556.49129527359;0.6576233231672466;0.28490856994967634;111.8411940911135;284.9483223293836;0.5600000000000002;90556.49129527359;0.6576233231672466;0.28490856994967634;111.81720473794144;284.9051625259903;0.5600000000000002;13184.522810218486;0.6576233231672466;0.28490856994967634;98.17655838328318;2683.579468031602;0.06499967249892258;13184.522810218486;0.0;0.0;51.32067785262615;214.86520642766777;0.06499967249892258;13184.522810218486;0.0;0.0;51.323516134219176;214.94356623533736;0.06499967249892258;90556.49129527359;0.0;0.0;"Zustand 3: Temperatur 421.878 K liegt außerhalb des Boryta-Prüfbereichs; Kristallisation wurde nicht bewertet.";"Zustand 4: Temperatur 420.949 K liegt außerhalb des Boryta-Prüfbereichs; Kristallisation wurde nicht bewertet.";"Zustand 5: Temperatur 384.991 K liegt außerhalb des Boryta-Prüfbereichs; Kristallisation wurde nicht bewertet.";"Zustand 6: Temperatur 384.967 K liegt außerhalb des Boryta-Prüfbereichs; Kristallisation wurde nicht bewertet.";"Zustand 20: Temperatur 437.444 K liegt außerhalb des Boryta-Prüfbereichs; Kristallisation wurde nicht bewertet.";5
series_desorber_to_evaporator;Serie Desorber → Verdampfer;series_desorber_to_evaporator;115.0;nan;30.0;115.0;8.0;8.0;4.0;115.0;0.5700000000000002;Abwärmetemperatur [°C];hot_temperature_C;115.0;10.0;10.0;25.0;15.0;11.0;nan;nan;8.545990733944603e-20;`gtol` termination condition is satisfied.;4;3.790085087568304e-08;4.134244969506428e-10;1;True;;True;0;zulässig;feasible;True;True;True;96.83588662527228;119.96762358932097;147.85779018113652;51.34988743437674;0.10402614656961827;0.2776300703693209;0.22975847890662826;0.28451271189412164;164.4261064794265;160.68545829967505;165.26764536216334;159.81423787263157;37.547454545290776;0.5057990462072827;8.757832317437117;34.77631155266198;0.005094367935383254;0.02458717616386161;16.442610644341787;16.068545829715774;6.61070581456072;10.654282524648373;3.4134049595307774;98.32360408843891;0.01628474036617617;2683.858076452684;270.1814965617337;230.2247143053769;0.010342187796923863;0.624742410690434;0.5996003249029425;0.23700634544421648;-2.0742874085044605e-10;-9.547775903229194e-09;5.513754786079517e-09;-1.6515172562847624e-10;-1.8546586488810135e-09;2.517310804250883e-09;2.9059776807116577e-09;3.6008628967465484e-08;-2.0742874085044605e-12;-9.547775903229194e-11;5.513754786079517e-11;-1.6515172562847624e-10;-1.8546586488810134e-11;2.517310804250883e-11;2.905977680711658e-11;3.6008628967465483e-10;144.83409727747767;115.0;110.05778572481569;110.05778572481569;105.27865181714128;39.6103743002198;19.33855391664514;13.851304380400222;58.71322978821911;21.34988743437674;3.252884596089757;11.734181636376775;13.221899099543407;53.92592779627256;0.9935141992637;8.196550851504469;4.0;0.5700000000000002;90488.68668783033;13203.467288194468;6.85340333055836;0.9935141992637;deltaT_shex_1_K;shex;True;True;True;True;True;True;True;True;96.83588662527228;2670.550380327366;0.0650845984873577;90488.68668783033;0.0;0.0;135.0;4.0;144.83409727747767;4.0;115.0;8.0;110.05778572481569;8.0;110.05778572481569;8.0;105.27865181714128;8.0;30.0;4.0;39.6103743002198;4.0;96.83588662527228;2670.550380327366;0.006770499981670628;90488.68668783033;0.0;0.0;98.32360408843891;270.18149656173415;0.6350845984873579;13203.467288194468;0.5898359892884232;0.22975847890662826;164.1726511941228;377.67349464984477;0.5767704999816708;90488.68668783033;0.6494710679684341;0.2776300703693209;96.83588662527228;2670.550380327366;0.05831409850568708;90488.68668783033;0.0;0.0;119.96762358932097;270.18149656173415;0.6350845984873579;90488.68668783033;0.5898359892884232;0.22975847890662826;148.85130438040022;329.3034696574779;0.6350845984873579;90488.68668783033;0.5898359892884232;0.22975847890662826;147.85779018113652;350.4385421815309;0.5700000000000002;90488.68668783033;0.6571855305800555;0.28451271189412164;111.7710727378165;284.5658149087271;0.5700000000000002;90488.68668783033;0.6571855305800555;0.28451271189412164;111.74711540391024;284.52267951194835;0.5700000000000002;13203.467288194468;0.6571855305800555;0.28451271189412164;98.32360408843891;2683.858076452684;0.0650845984873577;13203.467288194468;0.0;0.0;51.34988743437674;214.98737533147727;0.0650845984873577;13203.467288194468;0.0;0.0;51.35272402086872;215.06564834926922;0.0650845984873577;90488.68668783033;0.0;0.0;"Zustand 3: Temperatur 422.001 K liegt außerhalb des Boryta-Prüfbereichs; Kristallisation wurde nicht bewertet.";"Zustand 4: Temperatur 421.008 K liegt außerhalb des Boryta-Prüfbereichs; Kristallisation wurde nicht bewertet.";"Zustand 5: Temperatur 384.921 K liegt außerhalb des Boryta-Prüfbereichs; Kristallisation wurde nicht bewertet.";"Zustand 6: Temperatur 384.897 K liegt außerhalb des Boryta-Prüfbereichs; Kristallisation wurde nicht bewertet.";"Zustand 20: Temperatur 437.323 K liegt außerhalb des Boryta-Prüfbereichs; Kristallisation wurde nicht bewertet.";5
series_desorber_to_evaporator;Serie Desorber → Verdampfer;series_desorber_to_evaporator;115.0;nan;30.0;115.0;8.0;8.0;4.0;115.0;0.5800000000000002;Abwärmetemperatur [°C];hot_temperature_C;115.0;10.0;10.0;25.0;15.0;11.0;nan;nan;7.658643546611421e-20;`gtol` termination condition is satisfied.;4;3.498884590359735e-08;3.9137305851607675e-10;1;True;;True;0;zulässig;feasible;True;True;True;96.81622940143365;119.89449840774535;147.9109885050941;51.37810667244395;0.10469414947697392;0.27732295028588316;0.230186385549719;0.284126587396932;164.5328294190256;160.89784448733093;165.3946397496264;160.00593356190197;38.364986868030044;0.5056316519193929;8.90026089721367;34.78649218264587;0.005095375577520672;0.025005219075562565;16.453282938569345;16.089784448497873;6.615785590054516;10.66706223727827;3.4877260796726595;98.46577729149527;0.016101207700149577;2684.127460557951;270.204970987424;230.7018557475059;0.010387961894929854;0.6347786671172126;0.600082511355221;0.23736980552420597;-1.7499246496299747e-10;-8.369212878278631e-09;5.2049813348276075e-09;-1.7536821994568186e-10;-1.736509602778824e-09;2.3521806724602357e-09;2.7279156711301766e-09;3.333215659040434e-08;-1.7499246496299747e-12;-8.369212878278632e-11;5.204981334827607e-11;-1.7536821994568186e-10;-1.736509602778824e-11;2.3521806724602357e-11;2.7279156711301765e-11;3.3332156590404336e-10;144.84048022841063;115.0;110.05398804576475;110.05398804576475;105.26912161149733;39.62307682340497;19.213586371756833;13.970928707436087;58.8427004680903;21.37810667244395;3.32168978009031;11.588210754269483;13.237758644331109;53.888179965051336;1.059940202341977;8.192261579812907;4.0;0.5800000000000002;90423.97629715291;13221.79159981229;6.839010856776525;1.059940202341977;deltaT_shex_1_K;shex;True;True;True;True;True;True;True;True;96.81622940143365;2670.519029934876;0.06516662901214232;90423.97629715291;0.0;0.0;135.0;4.0;144.84048022841063;4.0;115.0;8.0;110.05398804576475;8.0;110.05398804576475;8.0;105.26912161149733;8.0;30.0;4.0;39.62307682340497;4.0;96.81622940143365;2670.519029934876;0.006822564798707733;90423.97629715291;0.0;0.0;98.46577729149527;270.20497098742396;0.6451666290121425;13221.79159981229;0.5904204582026631;0.230186385549719;164.05406660016746;377.3135630296724;0.5868225647987079;90423.97629715291;0.6491222385499918;0.27732295028588316;96.81622940143365;2670.519029934876;0.058344064213434584;90423.97629715291;0.0;0.0;119.89449840774535;270.20497098742396;0.6451666290121425;90423.97629715291;0.5904204582026631;0.230186385549719;148.9709287074361;329.6702085598837;0.6451666290121425;90423.97629715291;0.5904204582026631;0.230186385549719;147.9109885050941;350.33848908224724;0.5800000000000002;90423.97629715291;0.6567578908938216;0.284126587396932;111.70223682793244;284.1919599991351;0.5800000000000002;90423.97629715291;0.6567578908938216;0.284126587396932;111.67831021990969;284.1488475524531;0.5800000000000002;13221.79159981229;0.6567578908938216;0.284126587396932;98.46577729149527;2684.127460557951;0.06516662901214232;13221.79159981229;0.0;0.0;51.37810667244395;215.1054023914734;0.06516662901214232;13221.79159981229;0.0;0.0;51.38094164644599;215.18359234321343;0.06516662901214232;90423.97629715291;0.0;0.0;"Zustand 3: Temperatur 422.121 K liegt außerhalb des Boryta-Prüfbereichs; Kristallisation wurde nicht bewertet.";"Zustand 4: Temperatur 421.061 K liegt außerhalb des Boryta-Prüfbereichs; Kristallisation wurde nicht bewertet.";"Zustand 5: Temperatur 384.852 K liegt außerhalb des Boryta-Prüfbereichs; Kristallisation wurde nicht bewertet.";"Zustand 6: Temperatur 384.828 K liegt außerhalb des Boryta-Prüfbereichs; Kristallisation wurde nicht bewertet.";"Zustand 20: Temperatur 437.204 K liegt außerhalb des Boryta-Prüfbereichs; Kristallisation wurde nicht bewertet.";5
series_desorber_to_evaporator;Serie Desorber → Verdampfer;series_desorber_to_evaporator;115.0;nan;30.0;115.0;8.0;8.0;4.0;115.0;0.5900000000000002;Abwärmetemperatur [°C];hot_temperature_C;115.0;10.0;10.0;25.0;15.0;11.0;nan;nan;6.892983096332609e-20;`gtol` termination condition is satisfied.;4;3.223770736008928e-08;3.712945756763115e-10;1;True;;True;0;zulässig;feasible;True;True;True;96.79744004238626;119.82462979934462;147.9591617497577;51.40540599017987;0.1053772617950774;0.2770216283389869;0.23060049225913898;0.28374981575049973;164.62853723499944;161.10330708716322;165.5099683897114;160.19135594799056;39.18064300076337;0.5054586055790952;9.042703330027363;34.795665157288;0.005096386913940992;0.025423597388698777;16.462853720420725;16.110330708501767;6.620398735654648;10.679423729698323;3.5618766370970985;98.60331981987298;0.015924768179856563;2684.388076154;270.2309740731511;231.1639485477914;0.010434640260754025;0.6448113352475696;0.6005487096711124;0.2377217182097589;-1.5803891528776148e-10;-7.304713278699637e-09;4.90123852614488e-09;-1.842174746080616e-10;-1.654825609875843e-09;2.1455548449011985e-09;2.5157191885227803e-09;3.079219368373742e-08;-1.5803891528776147e-12;-7.304713278699637e-11;4.90123852614488e-11;-1.842174746080616e-10;-1.654825609875843e-11;2.1455548449011985e-11;2.5157191885227803e-11;3.0792193683737426e-10;144.8462043800837;115.0;110.05053922279569;110.05053922279569;105.26012786071465;39.63536525640927;19.09209066510033;14.08685251978062;58.96795456346371;21.405405990179872;3.3892193384833718;11.447219402922713;13.253099180409436;53.851888431438056;1.127690770022923;8.189952044887605;4.0;0.5900000000000002;90362.158764598;13239.53928362496;6.825173960272205;1.127690770022923;deltaT_shex_1_K;shex;True;True;True;True;True;True;True;True;96.79744004238626;2670.489061767388;0.06524597550832345;90362.158764598;0.0;0.0;135.0;4.0;144.8462043800837;4.0;115.0;8.0;110.05053922279569;8.0;110.05053922279569;8.0;105.26012786071465;8.0;30.0;4.0;39.63536525640927;4.0;96.79744004238626;2670.489061767388;0.006875442242215809;90362.158764598;0.0;0.0;98.60331981987298;270.2309740731511;0.6552459755083236;13239.53928362496;0.590985110688888;0.23060049225913898;163.93829504518402;376.9615097382612;0.596875442242216;90362.158764598;0.648779608177124;0.2770216283389869;96.79744004238626;2670.489061767388;0.05837053326610764;90362.158764598;0.0;0.0;119.82462979934462;270.2309740731511;0.6552459755083236;90362.158764598;0.590985110688888;0.23060049225913898;149.08685251978062;330.0262944036087;0.6552459755083236;90362.158764598;0.590985110688888;0.23060049225913898;147.9591617497577;350.23436361960756;0.5900000000000002;90362.158764598;0.6563400260410761;0.28374981575049973;111.63467775445702;283.82649412652046;0.5900000000000002;90362.158764598;0.6563400260410761;0.28374981575049973;111.61078066151663;283.7834032834888;0.5900000000000002;13239.53928362496;0.6563400260410761;0.28374981575049973;98.60331981987298;2684.388076154;0.06524597550832345;13239.53928362496;0.0;0.0;51.40540599017987;215.21958212771025;0.06524597550832345;13239.53928362496;0.0;0.0;51.40823942927659;215.29769249197773;0.06524597550832345;90362.158764598;0.0;0.0;"Zustand 3: Temperatur 422.237 K liegt außerhalb des Boryta-Prüfbereichs; Kristallisation wurde nicht bewertet.";"Zustand 4: Temperatur 421.109 K liegt außerhalb des Boryta-Prüfbereichs; Kristallisation wurde nicht bewertet.";"Zustand 5: Temperatur 384.785 K liegt außerhalb des Boryta-Prüfbereichs; Kristallisation wurde nicht bewertet.";"Zustand 6: Temperatur 384.761 K liegt außerhalb des Boryta-Prüfbereichs; Kristallisation wurde nicht bewertet.";"Zustand 20: Temperatur 437.088 K liegt außerhalb des Boryta-Prüfbereichs; Kristallisation wurde nicht bewertet.";5
series_desorber_to_evaporator;Serie Desorber → Verdampfer;series_desorber_to_evaporator;115.0;nan;30.0;115.0;8.0;8.0;4.0;115.0;0.6000000000000002;Abwärmetemperatur [°C];hot_temperature_C;115.0;10.0;10.0;25.0;15.0;11.0;nan;nan;6.212995088351674e-20;`gtol` termination condition is satisfied.;4;2.9589745638705426e-08;3.525051797733382e-10;1;True;;True;0;zulässig;feasible;True;True;True;96.77946318141875;119.75793957956284;148.00253587319105;51.43185071207421;0.1060755215556467;0.2767259073881651;0.23100135128181096;0.28338203465412126;164.71377723279346;161.30233775034492;165.6142103390147;160.3709649497592;39.994315864558054;0.5052799627678829;9.185149569077275;34.80388052645338;0.00509740383005194;0.025842290405161523;16.471377720450473;16.130233774834224;6.6245684136205885;10.691397663159501;3.6358468973661466;98.7364586814856;0.015755117106577923;2684.640351201943;270.25941632532005;231.6116620621269;0.010482239162379448;0.6548405947759989;0.6009996146211162;0.23806255904838328;-1.2920509107061662e-10;-6.469555557941931e-09;4.640099859898328e-09;-1.9159401842827606e-10;-1.5000125586084323e-09;2.0026789115945576e-09;2.366704165979172e-09;2.8288724251979147e-08;-1.2920509107061662e-12;-6.469555557941931e-11;4.6400998598983276e-11;-1.9159401842827606e-10;-1.5000125586084322e-11;2.0026789115945576e-11;2.3667041659791722e-11;2.8288724251979145e-10;144.85130246607616;115.0;110.04742193962278;110.04742193962278;105.25163949495294;39.64726900420726;18.973907363311355;14.199206319319046;59.08918967727834;21.43185071207421;3.4554836607956645;11.310963258137178;13.267958758204031;53.81695680580316;1.196670446127996;8.189554528442045;4.0;0.6000000000000002;90303.04720591188;13256.750837201787;6.811853697400629;1.196670446127996;deltaT_shex_1_K;shex;True;True;True;True;True;True;True;True;96.77946318141875;2670.460387766348;0.06532283393837812;90303.04720591188;0.0;0.0;135.0;4.0;144.85130246607616;4.0;115.0;8.0;110.04742193962278;8.0;110.04742193962278;8.0;105.25163949495294;8.0;30.0;4.0;39.64726900420726;4.0;96.77946318141875;2670.460387766348;0.006929153679506359;90303.04720591188;0.0;0.0;98.7364586814856;270.25941632532016;0.6653228339383783;13256.750837201787;0.5915307953117522;0.23100135128181096;163.82520982938752;376.61701114179453;0.6069291536795065;90303.04720591188;0.6484429737874373;0.2767259073881651;96.77946318141875;2670.460387766348;0.05839368025887176;90303.04720591188;0.0;0.0;119.75793957956284;270.25941632532016;0.6653228339383783;90303.04720591188;0.5915307953117522;0.23100135128181096;149.19920631931905;330.37206213338857;0.6653228339383783;90303.04720591188;0.5915307953117522;0.23100135128181096;148.00253587319105;350.1263556939458;0.6000000000000002;90303.04720591188;0.655931575164396;0.28338203465412126;111.5683850511208;283.46916258613373;0.6000000000000002;90303.04720591188;0.655931575164396;0.28338203465412126;111.54451633920434;283.42609210212515;0.6000000000000002;13256.750837201787;0.655931575164396;0.28338203465412126;98.7364586814856;2684.640351201943;0.06532283393837812;13256.750837201787;0.0;0.0;51.43185071207421;215.33018773738095;0.06532283393837812;13256.750837201787;0.0;0.0;51.43468268914978;215.408221765036;0.06532283393837812;90303.04720591188;0.0;0.0;"Zustand 3: Temperatur 422.349 K liegt außerhalb des Boryta-Prüfbereichs; Kristallisation wurde nicht bewertet.";"Zustand 4: Temperatur 421.153 K liegt außerhalb des Boryta-Prüfbereichs; Kristallisation wurde nicht bewertet.";"Zustand 5: Temperatur 384.718 K liegt außerhalb des Boryta-Prüfbereichs; Kristallisation wurde nicht bewertet.";"Zustand 6: Temperatur 384.695 K liegt außerhalb des Boryta-Prüfbereichs; Kristallisation wurde nicht bewertet.";"Zustand 20: Temperatur 436.975 K liegt außerhalb des Boryta-Prüfbereichs; Kristallisation wurde nicht bewertet.";5
series_desorber_to_evaporator;Serie Desorber → Verdampfer;series_desorber_to_evaporator;115.0;nan;30.0;115.0;8.0;8.0;4.0;115.0;0.6100000000000002;Abwärmetemperatur [°C];hot_temperature_C;115.0;10.0;10.0;25.0;15.0;11.0;nan;nan;5.667172286017942e-20;`gtol` termination condition is satisfied.;4;2.7260004411563702e-08;3.366651834098068e-10;1;True;;True;0;zulässig;feasible;True;True;True;96.76224731590781;119.69434801323979;148.04132762978395;51.45750147198379;0.10678893923318714;0.27643559939959134;0.2313894871949102;0.2830228991319612;164.78906204815425;161.4953928248444;165.70790821564137;160.54518695128078;40.80590815587584;0.5050957814326408;9.327589938046932;34.811185176792776;0.005098427975759059;0.026261277977418396;16.47890620220122;16.149539282300587;6.62831632868112;10.70301246327118;3.7096280146751;98.86540712728959;0.015591964460666264;2684.884687808325;270.29020748203345;232.04562803430284;0.010530772039960445;0.6648666139999031;0.6014358815992562;0.2383927780816425;-1.2330758636380779e-10;-5.5502624718428706e-09;4.317428192734951e-09;-1.9757673275222487e-10;-1.3866383596905507e-09;1.838515117924544e-09;2.2130848265078384e-09;2.6142060960410163e-08;-1.2330758636380778e-12;-5.550262471842871e-11;4.317428192734951e-11;-1.9757673275222487e-10;-1.3866383596905507e-11;1.838515117924544e-11;2.2130848265078384e-11;2.6142060960410163e-10;144.85580514642072;115.0;110.04461996962795;110.04461996962795;105.24362753687433;39.6588153603376;18.85888655458257;14.308114966087032;59.20659176695199;21.45750147198379;3.5204947446932238;11.179212842338359;13.282372653720131;53.783295481371056;1.2667873363030822;8.191001364352246;4.0;0.6100000000000002;90246.46803805802;13273.46394906876;6.799014061765658;1.2667873363030822;deltaT_shex_1_K;shex;True;True;True;True;True;True;True;True;96.76224731590781;2670.432926005311;0.06539738603986334;90246.46803805802;0.0;0.0;135.0;4.0;144.85580514642072;4.0;115.0;8.0;110.04461996962795;8.0;110.04461996962795;8.0;105.24362753687433;8.0;30.0;4.0;39.6588153603376;4.0;96.76224731590781;2670.432926005311;0.006983717483820246;90246.46803805802;0.0;0.0;98.86540712728959;270.2902074820338;0.6753973860398635;13273.46394906876;0.5920583147079912;0.2313894871949102;163.7146917010033;376.2797613383049;0.6169837174838204;90246.46803805802;0.648112141379172;0.27643559939959134;96.76224731590781;2670.432926005311;0.05841366855604309;90246.46803805802;0.0;0.0;119.69434801323979;270.2902074820338;0.6753973860398635;90246.46803805802;0.5920583147079912;0.2313894871949102;149.30811496608703;330.707835680357;0.6753973860398635;90246.46803805802;0.5920583147079912;0.2313894871949102;148.04132762978395;350.0146505803883;0.6100000000000002;90246.46803805802;0.6555321936671213;0.2830228991319612;111.50334664888754;283.11971917711105;0.6100000000000002;90246.46803805802;0.6555321936671213;0.2830228991319612;111.47950525530678;283.07666790173823;0.6100000000000002;13273.46394906876;0.6555321936671213;0.2830228991319612;98.86540712728959;2684.884687808325;0.06539738603986334;13273.46394906876;0.0;0.0;51.45750147198379;215.4374728018415;0.06539738603986334;13273.46394906876;0.0;0.0;51.46033205550327;215.5154335321473;0.06539738603986334;90246.46803805802;0.0;0.0;"Zustand 3: Temperatur 422.458 K liegt außerhalb des Boryta-Prüfbereichs; Kristallisation wurde nicht bewertet.";"Zustand 4: Temperatur 421.191 K liegt außerhalb des Boryta-Prüfbereichs; Kristallisation wurde nicht bewertet.";"Zustand 5: Temperatur 384.653 K liegt außerhalb des Boryta-Prüfbereichs; Kristallisation wurde nicht bewertet.";"Zustand 6: Temperatur 384.630 K liegt außerhalb des Boryta-Prüfbereichs; Kristallisation wurde nicht bewertet.";"Zustand 20: Temperatur 436.865 K liegt außerhalb des Boryta-Prüfbereichs; Kristallisation wurde nicht bewertet.";5
series_desorber_to_evaporator;Serie Desorber → Verdampfer;series_desorber_to_evaporator;115.0;nan;30.0;115.0;8.0;8.0;4.0;115.0;0.6200000000000002;Abwärmetemperatur [°C];hot_temperature_C;115.0;10.0;10.0;25.0;15.0;11.0;nan;nan;5.160763494051328e-20;`gtol` termination condition is satisfied.;4;2.4962310715276514e-08;3.212713337368066e-10;1;True;;True;0;zulässig;feasible;True;True;True;96.74574450534647;119.63377443850686;148.0757446717471;51.48241458577752;0.10751750100235913;0.27615052481736946;0.23176539850173355;0.2826720805295256;164.85487217448585;161.6828961602531;165.79157083365894;160.71441749969026;41.61533147296415;0.5049061213731119;9.470015115475249;34.8176230616815;0.0050994607927581;0.02668054050713203;16.485487215052935;16.16828961586086;6.631662833397934;10.714294499847005;3.783211952532669;98.99036562869503;0.015435034201118547;2685.1214640569583;270.3232572143605;232.466443082068;0.010580249813993747;0.6748895506498768;0.6018581293090406;0.23871280148325114;-8.990497235572548e-11;-4.895206018318277e-09;4.108812845515786e-09;-2.0225643382332237e-10;-1.2894076917291386e-09;1.6445085293526063e-09;1.9851711385854287e-09;2.3956516770340386e-08;-8.990497235572548e-13;-4.895206018318277e-11;4.108812845515786e-11;-2.0225643382332237e-10;-1.2894076917291387e-11;1.6445085293526063e-11;1.9851711385854288e-11;2.395651677034039e-10;144.8597411587611;115.0;110.0421180970796;110.0421180970796;105.23606494218456;39.67002967465629;18.746887137785848;14.413697937019606;59.32033595403874;21.48241458577752;3.584265966040448;11.051752468384564;13.29637359173313;53.750821102048576;1.3379532652725175;8.194225333038162;4.0;0.6200000000000002;90192.2599119304;13289.713711832585;6.786621733741874;1.3379532652725175;deltaT_shex_1_K;shex;True;True;True;True;True;True;True;True;96.74574450534647;2670.406600212188;0.0654698004638703;90192.2599119304;0.0;0.0;135.0;4.0;144.8597411587611;4.0;115.0;8.0;110.0421180970796;8.0;110.0421180970796;8.0;105.23606494218456;8.0;30.0;4.0;39.67002967465629;4.0;96.74574450534647;2670.406600212188;0.007039149336998427;90192.2599119304;0.0;0.0;98.99036562869503;270.3232572143616;0.6854698004638705;13289.713711832585;0.5925684284989343;0.23176539850173355;163.60662829654694;375.94947086186534;0.6270391493369987;90192.2599119304;0.6477869253875039;0.27615052481736946;96.74574450534647;2670.406600212188;0.058430651126871874;90192.2599119304;0.0;0.0;119.63377443850686;270.3232572143616;0.6854698004638705;90192.2599119304;0.5925684284989343;0.23176539850173355;149.4136979370196;331.03392812182136;0.6854698004638705;90192.2599119304;0.5925684284989343;0.23176539850173355;148.0757446717471;349.89942831875436;0.6200000000000002;90192.2599119304;0.6551415523296027;0.2826720805295256;111.4395491054687;282.77792594286075;0.6200000000000002;90192.2599119304;0.6551415523296027;0.2826720805295256;111.41573403395955;282.73489281301056;0.6200000000000002;13289.713711832585;0.6551415523296027;0.2826720805295256;98.99036562869503;2685.1214640569583;0.0654698004638703;13289.713711832585;0.0;0.0;51.48241458577752;215.54167284500392;0.0654698004638703;13289.713711832585;0.0;0.0;51.48524384013598;215.61956312046874;0.0654698004638703;90192.2599119304;0.0;0.0;"Zustand 3: Temperatur 422.564 K liegt außerhalb des Boryta-Prüfbereichs; Kristallisation wurde nicht bewertet.";"Zustand 4: Temperatur 421.226 K liegt außerhalb des Boryta-Prüfbereichs; Kristallisation wurde nicht bewertet.";"Zustand 5: Temperatur 384.590 K liegt außerhalb des Boryta-Prüfbereichs; Kristallisation wurde nicht bewertet.";"Zustand 6: Temperatur 384.566 K liegt außerhalb des Boryta-Prüfbereichs; Kristallisation wurde nicht bewertet.";"Zustand 20: Temperatur 436.757 K liegt außerhalb des Boryta-Prüfbereichs; Kristallisation wurde nicht bewertet.";5
series_desorber_to_evaporator;Serie Desorber → Verdampfer;series_desorber_to_evaporator;115.0;nan;30.0;115.0;8.0;8.0;4.0;115.0;0.6300000000000002;Abwärmetemperatur [°C];hot_temperature_C;115.0;10.0;10.0;25.0;15.0;11.0;nan;nan;4.727631620657619e-20;`gtol` termination condition is satisfied.;4;2.2849256575250737e-08;3.074941176887005e-10;1;True;;True;0;zulässig;feasible;True;True;True;96.72991009532461;119.57613779865636;148.1059857029428;51.506642391858634;0.10826117166798169;0.27587051199782964;0.23212955912631658;0.2823292655804057;164.91165828105838;161.86524167067014;165.86567562178658;160.8790237673876;42.42250551528356;0.5047110437884652;9.612416119555725;34.82323541219802;0.005100503538561062;0.027100058940824387;16.49116582591299;16.18652416691619;6.634627024921924;10.72526825103617;3.856591410879284;99.11152277701854;0.015284063590526933;2685.3510356950346;270.35847571181336;232.8746709995431;0.010630681163394051;0.6849095526513194;0.6022669422379273;0.2390230330767115;-7.497646947740577e-11;-4.388560626011895e-09;3.827807404377381e-09;-2.0578633241896682e-10;-1.2615259947779123e-09;1.5082548543432495e-09;1.845052111093537e-09;2.1928485693933908e-08;-7.497646947740577e-13;-4.388560626011895e-11;3.827807404377381e-11;-2.0578633241896682e-10;-1.2615259947779123e-11;1.5082548543432493e-11;1.8450521110935368e-11;2.1928485693933907e-10;144.86313745700107;115.0;110.03990204480306;110.03990204480306;105.22892645367307;39.68093550661905;18.637776175232887;14.51606957432324;59.430587270399485;21.506642391858634;3.646811873471904;10.928379267784521;13.309991949478444;53.71945607604596;1.4100838713804364;8.199159988290887;4.0;0.6300000000000002;90140.2727400808;13305.532818154225;6.774645853873087;1.4100838713804364;deltaT_shex_1_K;shex;True;True;True;True;True;True;True;True;96.72991009532461;2670.381339332375;0.06554023381471319;90140.2727400808;0.0;0.0;135.0;4.0;144.86313745700107;4.0;115.0;8.0;110.03990204480306;8.0;110.03990204480306;8.0;105.22892645367307;8.0;30.0;4.0;39.68093550661905;4.0;96.72991009532461;2670.381339332375;0.007095462504174323;90140.2727400808;0.0;0.0;99.11152277701854;270.3584757118147;0.6955402338147134;13305.532818154225;0.5930618559942906;0.23212955912631658;163.50091363223396;375.6258655069609;0.6370954625041746;90140.2727400808;0.6474671481245092;0.27587051199782964;96.72991009532461;2670.381339332375;0.058444771310538865;90140.2727400808;0.0;0.0;119.57613779865636;270.3584757118147;0.6955402338147134;90140.2727400808;0.5930618559942906;0.23212955912631658;149.51606957432324;331.3506418768343;0.6955402338147134;90140.2727400808;0.5930618559942906;0.23212955912631658;148.1059857029428;349.7808632578352;0.6300000000000002;90140.2727400808;0.6547593364838994;0.2823292655804057;111.37697781036547;282.4435529159963;0.6300000000000002;90140.2727400808;0.6547593364838994;0.2823292655804057;111.3531881265281;282.40053694942355;0.6300000000000002;13305.532818154225;0.6547593364838994;0.2823292655804057;99.11152277701854;2685.3510356950346;0.06554023381471319;13305.532818154225;0.0;0.0;51.506642391858634;215.64300675704723;0.06554023381471319;13305.532818154225;0.0;0.0;51.50947037762711;215.7208292370979;0.06554023381471319;90140.2727400808;0.0;0.0;"Zustand 3: Temperatur 422.666 K liegt außerhalb des Boryta-Prüfbereichs; Kristallisation wurde nicht bewertet.";"Zustand 4: Temperatur 421.256 K liegt außerhalb des Boryta-Prüfbereichs; Kristallisation wurde nicht bewertet.";"Zustand 5: Temperatur 384.527 K liegt außerhalb des Boryta-Prüfbereichs; Kristallisation wurde nicht bewertet.";"Zustand 6: Temperatur 384.503 K liegt außerhalb des Boryta-Prüfbereichs; Kristallisation wurde nicht bewertet.";"Zustand 20: Temperatur 436.651 K liegt außerhalb des Boryta-Prüfbereichs; Kristallisation wurde nicht bewertet.";5
series_desorber_to_evaporator;Serie Desorber → Verdampfer;series_desorber_to_evaporator;115.0;nan;30.0;115.0;8.0;8.0;4.0;115.0;0.6400000000000002;Abwärmetemperatur [°C];hot_temperature_C;115.0;10.0;10.0;25.0;15.0;11.0;nan;nan;4.346904317176129e-20;`gtol` termination condition is satisfied.;4;2.088012193540468e-08;2.948526519187551e-10;1;True;;True;0;zulässig;feasible;True;True;True;96.71470246511495;119.52135709257828;148.1322406748153;51.53023356234456;0.1090198973045396;0.2755953966988592;0.23248241981463583;0.2819941555380534;164.95984334077087;162.04279567654257;165.93067084598508;161.03934679924012;43.2273573521351;0.5045106108773513;9.754784293483892;34.82806093084713;0.005101557307645852;0.02751981476320718;16.495984332075167;16.204279567518917;6.637226833886353;10.735956453169061;3.929759759650273;99.22905611176276;0.015138802545221791;2685.57373768617;270.3957741660346;233.27084489093127;0.010682072775748508;0.6949267588236869;0.6026628729398898;0.23932385574300333;-1.737987531669205e-11;-4.0179060079026385e-09;3.5930725061916746e-09;-2.081933514475054e-10;-1.1737597560568247e-09;1.3534133813664084e-09;1.7041941191564547e-09;2.0019200519527658e-08;-1.737987531669205e-13;-4.0179060079026384e-11;3.593072506191675e-11;-2.081933514475054e-10;-1.1737597560568248e-11;1.3534133813664084e-11;1.7041941191564547e-11;2.0019200519527658e-10;144.86601933856286;115.0;110.03795840771573;110.03795840771573;105.22218846754708;39.69155476534348;18.5314283026035;14.615339323923877;59.537501346419276;21.530233562344563;3.7081480050485425;10.808902295952976;13.323255942600781;53.689128131041684;1.4830986491085696;8.205739924722081;4.0;0.6400000000000002;90090.36681042249;13320.95174087689;6.763057817706052;1.4830986491085696;deltaT_shex_1_K;shex;True;True;True;True;True;True;True;True;96.71470246511495;2670.357077129096;0.0656088315994352;90090.36681042249;0.0;0.0;135.0;4.0;144.86601933856286;4.0;115.0;8.0;110.03795840771573;8.0;110.03795840771573;8.0;105.22218846754708;8.0;30.0;4.0;39.69155476534348;4.0;96.71470246511495;2670.357077129096;0.0071526680832412586;90090.36681042249;0.0;0.0;99.22905611176276;270.3957741660351;0.7056088315994354;13320.95174087689;0.5935392787051168;0.23248241981463583;163.39744764116637;375.3086852598873;0.6471526680832415;90090.36681042249;0.647152639274621;0.2755953966988592;96.71470246511495;2670.357077129096;0.05845616351619394;90090.36681042249;0.0;0.0;119.52135709257828;270.3957741660351;0.7056088315994354;90090.36681042249;0.5935392787051168;0.23248241981463583;149.61533932392388;331.65826893122914;0.7056088315994354;90090.36681042249;0.5935392787051168;0.23248241981463583;148.1322406748153;349.6591237310998;0.6400000000000002;90090.36681042249;0.6543852452429515;0.2819941555380534;111.3156171678562;282.11637786836155;0.6400000000000002;90090.36681042249;0.6543852452429515;0.2819941555380534;111.29185199495146;282.073378157794;0.6400000000000002;13320.95174087689;0.6543852452429515;0.2819941555380534;99.22905611176276;2685.57373768617;0.0656088315994352;13320.95174087689;0.0;0.0;51.53023356234456;215.74167809592507;0.0656088315994352;13320.95174087689;0.0;0.0;51.5330603365054;215.81943526951403;0.0656088315994352;90090.36681042249;0.0;0.0;"Zustand 3: Temperatur 422.765 K liegt außerhalb des Boryta-Prüfbereichs; Kristallisation wurde nicht bewertet.";"Zustand 4: Temperatur 421.282 K liegt außerhalb des Boryta-Prüfbereichs; Kristallisation wurde nicht bewertet.";"Zustand 5: Temperatur 384.466 K liegt außerhalb des Boryta-Prüfbereichs; Kristallisation wurde nicht bewertet.";"Zustand 6: Temperatur 384.442 K liegt außerhalb des Boryta-Prüfbereichs; Kristallisation wurde nicht bewertet.";"Zustand 20: Temperatur 436.547 K liegt außerhalb des Boryta-Prüfbereichs; Kristallisation wurde nicht bewertet.";5
series_desorber_to_evaporator;Serie Desorber → Verdampfer;series_desorber_to_evaporator;115.0;nan;30.0;115.0;8.0;8.0;4.0;115.0;0.6500000000000002;Abwärmetemperatur [°C];hot_temperature_C;115.0;10.0;10.0;25.0;15.0;11.0;nan;nan;4.0214656790442616e-20;`gtol` termination condition is satisfied.;4;1.9105858593807485e-08;2.8360062337887275e-10;1;True;;True;0;zulässig;feasible;True;True;True;96.70008279661812;119.46935175376996;148.15469101546358;51.55323338769887;0.10979360761632811;0.2753250216185489;0.23282440944774244;0.281666465366321;164.99982458739058;162.21589904708236;165.98697765527913;161.19570356613866;44.02982075516755;0.5043048854891207;9.897111291295875;34.83213596979846;0.005102623050112946;0.02793978998856357;16.499982456904455;16.221589904587596;6.6394791062537495;10.746380237640116;4.0027109780588965;99.34313288364064;0.014999013010971212;2685.7898856414026;270.43506516552293;233.65546914788638;0.010734429572347048;0.704941299523642;0.6030464441416062;0.23961563272626266;-1.6484591469634324e-11;-3.4803093740265467e-09;3.368967327332939e-09;-2.095956186387582e-10;-1.064591970134643e-09;1.2063878784829285e-09;1.5369323591585271e-09;1.8346014485359774e-08;-1.6484591469634324e-13;-3.480309374026547e-11;3.368967327332939e-11;-2.095956186387582e-10;-1.0645919701346429e-11;1.2063878784829284e-11;1.536932359158527e-11;1.8346014485359775e-10;144.8684105614468;115.0;110.03627459164835;110.03627459164835;105.21582891084279;39.70190783774416;18.427725190333376;14.71161196372617;59.641225045896476;21.553233387698867;3.7682907248870947;10.693141708007715;13.336191795030231;53.65976990698823;1.5569209482625865;8.21390099372428;4.0;0.6500000000000002;90042.41197739395;13335.998898693608;6.751831089774196;1.5569209482625865;deltaT_shex_1_K;shex;True;True;True;True;True;True;True;True;96.70008279661812;2670.333751817445;0.06567572909598884;90042.41197739395;0.0;0.0;135.0;4.0;144.8684105614468;4.0;115.0;8.0;110.03627459164835;8.0;110.03627459164835;8.0;105.21582891084279;8.0;30.0;4.0;39.70190783774416;4.0;96.70008279661812;2670.333751817445;0.007210775230281263;90042.41197739395;0.0;0.0;99.34313288364064;270.435065165522;0.7156757290959891;13335.998898693608;0.5940013426797064;0.23282440944774244;163.29613575178018;374.99768332654264;0.6572107752302815;90042.41197739395;0.6468432354398556;0.2753250216185489;96.70008279661812;2670.333751817445;0.05846495386570758;90042.41197739395;0.0;0.0;119.46935175376996;270.435065165522;0.7156757290959891;90042.41197739395;0.5940013426797064;0.23282440944774244;149.71161196372617;331.9570910846965;0.7156757290959891;90042.41197739395;0.5940013426797064;0.23282440944774244;148.15469101546358;349.5343718427328;0.6500000000000002;90042.41197739395;0.6540189907789157;0.281666465366321;111.25545076004568;281.7961860655266;0.6500000000000002;90042.41197739395;0.6540189907789157;0.281666465366321;111.2317092751129;281.7532017732365;0.6500000000000002;13335.998898693608;0.6540189907789157;0.281666465366321;99.34313288364064;2685.7898856414026;0.06567572909598884;13335.998898693608;0.0;0.0;51.55323338769887;215.83787627741776;0.06567572909598884;13335.998898693608;0.0;0.0;51.55605900385456;215.91557047465545;0.06567572909598884;90042.41197739395;0.0;0.0;"Zustand 3: Temperatur 422.862 K liegt außerhalb des Boryta-Prüfbereichs; Kristallisation wurde nicht bewertet.";"Zustand 4: Temperatur 421.305 K liegt außerhalb des Boryta-Prüfbereichs; Kristallisation wurde nicht bewertet.";"Zustand 5: Temperatur 384.405 K liegt außerhalb des Boryta-Prüfbereichs; Kristallisation wurde nicht bewertet.";"Zustand 6: Temperatur 384.382 K liegt außerhalb des Boryta-Prüfbereichs; Kristallisation wurde nicht bewertet.";"Zustand 20: Temperatur 436.446 K liegt außerhalb des Boryta-Prüfbereichs; Kristallisation wurde nicht bewertet.";5
series_desorber_to_evaporator;Serie Desorber → Verdampfer;series_desorber_to_evaporator;115.0;nan;30.0;115.0;8.0;8.0;4.0;115.0;0.6600000000000003;Abwärmetemperatur [°C];hot_temperature_C;115.0;10.0;10.0;25.0;15.0;11.0;nan;nan;3.724420513744157e-20;`gtol` termination condition is satisfied.;4;1.7422978623340707e-08;2.729256497196318e-10;1;True;;True;0;zulässig;feasible;True;True;True;96.68601486274622;119.42004196637811;148.1735098838892;51.57568403716317;0.11058221804989353;0.27505923597624404;0.23315593627324943;0.281345922984225;165.0319753165908;162.38486916031408;166.0349919665243;161.34838884167118;44.82983559095276;0.5040939308195314;10.039389064283787;34.83549469496728;0.005103701588134586;0.028359967150622018;16.503197529987915;16.238486915917086;6.641399678696892;10.756559256009881;4.0754395994678845;99.45391075805372;0.01486446836375224;2685.999777138811;270.47626301248397;234.0290212832229;0.01078775490991668;0.714953297237173;0.6034181506879165;0.2398987088459236;2.930278242274653e-11;-3.193967756942584e-09;3.0986484489403665e-09;-2.1008761397212083e-10;-8.98012331163045e-10;1.1432064184191404e-09;1.5229772998281987e-09;1.6711652506273822e-08;2.9302782422746533e-13;-3.193967756942584e-11;3.0986484489403665e-11;-2.1008761397212083e-10;-8.98012331163045e-12;1.1432064184191404e-11;1.5229772998281988e-11;1.6711652506273823e-10;144.8703334519492;115.0;110.03483875698191;110.03483875698191;105.20982712894153;39.7120137057604;18.326555051107164;14.804987822081557;59.741897052293325;21.57568403716317;3.82725707776882;10.580927998928189;13.348823894235693;53.63131858313159;1.6314779381923472;8.223580474419236;4.0;0.6600000000000003;89996.28692329537;13350.700808509178;6.740941034790885;1.6314779381923472;deltaT_shex_1_K;shex;True;True;True;True;True;True;True;True;96.68601486274622;2670.311305729087;0.06574105214708947;89996.28692329537;0.0;0.0;135.0;4.0;144.8703334519492;4.0;115.0;8.0;110.03483875698191;8.0;110.03483875698191;8.0;105.20982712894153;8.0;30.0;4.0;39.7120137057604;4.0;96.68601486274622;2670.311305729087;0.007269791363358869;89996.28692329537;0.0;0.0;99.45391075805372;270.4762630124856;0.7257410521470897;13350.700808509178;0.594448660676902;0.23315593627324943;163.19688850305636;374.69262524543325;0.6672697913633592;89996.28692329537;0.6465387797276215;0.27505923597624404;96.68601486274622;2670.311305729087;0.058471260783730605;89996.28692329537;0.0;0.0;119.42004196637811;270.4762630124856;0.7257410521470897;89996.28692329537;0.594448660676902;0.23315593627324943;149.80498782208156;332.2473802151361;0.7257410521470897;89996.28692329537;0.594448660676902;0.23315593627324943;148.1735098838892;349.4067633456656;0.6600000000000003;89996.28692329537;0.6536602976470955;0.281345922984225;111.19646149195887;281.4827700260846;0.6600000000000003;89996.28692329537;0.6536602976470955;0.281345922984225;111.17274292223118;281.4398003788867;0.6600000000000003;13350.700808509178;0.6536602976470955;0.281345922984225;99.45391075805372;2685.999777138811;0.06574105214708947;13350.700808509178;0.0;0.0;51.57568403716317;215.93177766425;0.06574105214708947;13350.700808509178;0.0;0.0;51.57850854580994;216.0094110671459;0.06574105214708947;89996.28692329537;0.0;0.0;"Zustand 3: Temperatur 422.955 K liegt außerhalb des Boryta-Prüfbereichs; Kristallisation wurde nicht bewertet.";"Zustand 4: Temperatur 421.324 K liegt außerhalb des Boryta-Prüfbereichs; Kristallisation wurde nicht bewertet.";"Zustand 5: Temperatur 384.346 K liegt außerhalb des Boryta-Prüfbereichs; Kristallisation wurde nicht bewertet.";"Zustand 6: Temperatur 384.323 K liegt außerhalb des Boryta-Prüfbereichs; Kristallisation wurde nicht bewertet.";"Zustand 20: Temperatur 436.347 K liegt außerhalb des Boryta-Prüfbereichs; Kristallisation wurde nicht bewertet.";5
series_desorber_to_evaporator;Serie Desorber → Verdampfer;series_desorber_to_evaporator;115.0;nan;30.0;115.0;8.0;8.0;4.0;115.0;0.6700000000000003;Abwärmetemperatur [°C];hot_temperature_C;115.0;10.0;10.0;25.0;15.0;11.0;nan;nan;3.466157650239811e-20;`gtol` termination condition is satisfied.;4;1.5910865002734155e-08;2.6329290344556617e-10;1;True;;True;0;zulässig;feasible;True;True;True;96.6724648333975;119.37334892669406;148.18886244311904;51.59762479723253;0.11138563167706446;0.27479789513156666;0.23347738906026805;0.28103226856022817;165.056646546089;162.55000169767825;166.0750862023432;161.49767691855016;45.62734726820318;0.5038778101498431;10.181609847972615;34.83816923727636;0.005104793630461232;0.02878032929116154;16.505664653082384;16.255000169670623;6.643003448129191;10.766511794483275;4.1479406610047675;99.56153846403157;0.014734952835855249;2686.2036929410783;270.5192839731168;234.3919536320013;0.010842050761450506;0.7249628671252248;0.6037784613400669;0.24017341162257064;4.767741756950272e-11;-2.8492621595432865e-09;2.922746489275596e-09;-2.0979035175727745e-10;-8.865868039720226e-10;9.72022462519817e-10;1.3010321708861738e-09;1.526515802652284e-08;4.767741756950272e-13;-2.8492621595432866e-11;2.922746489275596e-11;-2.0979035175727745e-10;-8.865868039720226e-12;9.72022462519817e-12;1.3010321708861738e-11;1.526515802652284e-10;144.8718090039527;115.0;110.03363976667634;110.03363976667634;105.20416378226992;39.72189005368887;18.227812188914186;14.895562986475625;59.839648410342704;21.597624797232527;3.8850646599544234;10.472101302644774;13.361174933278846;53.6037155363648;1.7067005433565896;8.234717206237974;4.0;0.6700000000000003;89951.87848289014;13365.08222563518;6.730364764262806;1.7067005433565896;deltaT_shex_1_K;shex;True;True;True;True;True;True;True;True;96.6724648333975;2670.2896850047555;0.06580491788667509;89951.87848289014;0.0;0.0;135.0;4.0;144.8718090039527;4.0;115.0;8.0;110.03363976667634;8.0;110.03363976667634;8.0;105.20416378226992;8.0;30.0;4.0;39.72189005368887;4.0;96.6724648333975;2670.2896850047555;0.007329722346264662;89951.87848289014;0.0;0.0;99.56153846403157;270.5192839731156;0.7358049178866753;13365.08222563518;0.5948818141889157;0.23347738906026805;163.0996211928669;374.39328807740804;0.6773297223462649;89951.87848289014;0.6462391213766522;0.27479789513156666;96.6724648333975;2670.2896850047555;0.058475195540410425;89951.87848289014;0.0;0.0;119.37334892669406;270.5192839731156;0.7358049178866753;89951.87848289014;0.5948818141889157;0.23347738906026805;149.89556298647562;332.52939855518537;0.7358049178866753;89951.87848289014;0.5948818141889157;0.23347738906026805;148.18886244311904;349.2764475962973;0.6700000000000003;89951.87848289014;0.6533089021515693;0.28103226856022817;111.13863172045609;281.1759292856175;0.6700000000000003;89951.87848289014;0.6533089021515693;0.28103226856022817;111.11493534004558;281.13297357025755;0.6700000000000003;13365.08222563518;0.6533089021515693;0.28103226856022817;99.56153846403157;2686.2036929410783;0.06580491788667509;13365.08222563518;0.0;0.0;51.59762479723253;216.02354656339884;0.06580491788667509;13365.08222563518;0.0;0.0;51.60044824590511;216.10112121578655;0.06580491788667509;89951.87848289014;0.0;0.0;"Zustand 3: Temperatur 423.046 K liegt außerhalb des Boryta-Prüfbereichs; Kristallisation wurde nicht bewertet.";"Zustand 4: Temperatur 421.339 K liegt außerhalb des Boryta-Prüfbereichs; Kristallisation wurde nicht bewertet.";"Zustand 5: Temperatur 384.289 K liegt außerhalb des Boryta-Prüfbereichs; Kristallisation wurde nicht bewertet.";"Zustand 6: Temperatur 384.265 K liegt außerhalb des Boryta-Prüfbereichs; Kristallisation wurde nicht bewertet.";"Zustand 20: Temperatur 436.250 K liegt außerhalb des Boryta-Prüfbereichs; Kristallisation wurde nicht bewertet.";5
series_desorber_to_evaporator;Serie Desorber → Verdampfer;series_desorber_to_evaporator;115.0;nan;30.0;115.0;8.0;8.0;4.0;115.0;0.6800000000000003;Abwärmetemperatur [°C];hot_temperature_C;115.0;10.0;10.0;25.0;15.0;11.0;nan;nan;3.225346456749171e-20;`gtol` termination condition is satisfied.;4;1.4498794868085725e-08;2.5398214333882495e-10;1;True;;True;0;zulässig;feasible;True;True;True;96.65940109755519;119.3291950569369;148.2009061460817;51.61909229008535;0.1122037408678529;0.2745408602368098;0.2337891381831109;0.2807252538525328;165.07416854704357;162.7115722884593;166.1076108960447;161.64382317979198;46.42230623599983;0.5036565866218238;10.323766149641095;34.84018983224081;0.005105899785261897;0.029200859947785242;16.50741685331625;16.271157228759495;6.644304435876543;10.776254878572182;4.220209658055204;99.66615639321549;0.014610260966843676;2686.4018981195595;270.5640464702135;234.74469493037748;0.010897317877940571;0.7349701175272718;0.604127820439444;0.24044005232448132;6.689759857181343e-11;-2.6074147285726212e-09;2.778449470497435e-09;-2.0854201698838892e-10;-8.688800789968809e-10;8.643610271974467e-10;1.2092584711353993e-09;1.3881077620681026e-08;6.689759857181344e-13;-2.6074147285726213e-11;2.778449470497435e-11;-2.0854201698838892e-10;-8.688800789968809e-12;8.643610271974467e-12;1.2092584711353994e-11;1.3881077620681027e-10;144.87285697051698;115.0;110.03266713827617;110.03266713827617;105.19882075132068;39.73155336653463;18.131396585716175;14.983429502926015;59.93460302668086;21.619092290085348;3.9417315045408827;10.36651074506068;13.373266040720978;53.57690602774352;1.7825233568443082;8.247251688308893;4.0;0.6800000000000003;89909.08102572919;13379.166272784347;6.72008099702151;1.7825233568443082;deltaT_shex_1_K;shex;True;True;True;True;True;True;True;True;96.65940109755519;2670.2688393122025;0.06586743540521212;89909.08102572919;0.0;0.0;135.0;4.0;144.87285697051698;4.0;115.0;8.0;110.03266713827617;8.0;110.03266713827617;8.0;105.19882075132068;8.0;30.0;4.0;39.73155336653463;4.0;96.65940109755519;2670.2688393122025;0.00739057265383646;89909.08102572919;0.0;0.0;99.66615639321549;270.5640464702147;0.7458674354052124;13379.166272784347;0.5953013553254932;0.2337891381831109;163.00425355623315;374.0994596642879;0.6873905726538367;89909.08102572919;0.6459441154163411;0.2745408602368098;96.65940109755519;2670.2688393122025;0.058476862751375654;89909.08102572919;0.0;0.0;119.3291950569369;270.5640464702147;0.7458674354052124;89909.08102572919;0.5953013553254932;0.2337891381831109;149.98342950292601;332.8033989776474;0.7458674354052124;89909.08102572919;0.5953013553254932;0.2337891381831109;148.2009061460817;349.14356757160556;0.6800000000000003;89909.08102572919;0.6529645517498126;0.2807252538525328;111.081943368628;280.87547016582187;0.6800000000000003;89909.08102572919;0.6529645517498126;0.2807252538525328;111.05826849545912;280.8325277247222;0.6800000000000003;13379.166272784347;0.6529645517498126;0.2807252538525328;99.66615639321549;2686.4018981195595;0.06586743540521212;13379.166272784347;0.0;0.0;51.61909229008535;216.11333613944825;0.06586743540521212;13379.166272784347;0.0;0.0;51.62191472357716;216.19085395616375;0.06586743540521212;89909.08102572919;0.0;0.0;"Zustand 3: Temperatur 423.133 K liegt außerhalb des Boryta-Prüfbereichs; Kristallisation wurde nicht bewertet.";"Zustand 4: Temperatur 421.351 K liegt außerhalb des Boryta-Prüfbereichs; Kristallisation wurde nicht bewertet.";"Zustand 5: Temperatur 384.232 K liegt außerhalb des Boryta-Prüfbereichs; Kristallisation wurde nicht bewertet.";"Zustand 6: Temperatur 384.208 K liegt außerhalb des Boryta-Prüfbereichs; Kristallisation wurde nicht bewertet.";"Zustand 20: Temperatur 436.154 K liegt außerhalb des Boryta-Prüfbereichs; Kristallisation wurde nicht bewertet.";5
series_desorber_to_evaporator;Serie Desorber → Verdampfer;series_desorber_to_evaporator;115.0;nan;30.0;115.0;8.0;8.0;4.0;115.0;0.6900000000000003;Abwärmetemperatur [°C];hot_temperature_C;115.0;10.0;10.0;25.0;15.0;11.0;nan;nan;3.0224044166841584e-20;`gtol` termination condition is satisfied.;4;1.329081621143983e-08;2.458619294109667e-10;1;True;;True;0;zulässig;feasible;True;True;True;96.6467940998615;119.28750417779514;148.2097910295821;51.64012067389433;0.11303642878384637;0.2742879979195558;0.23409153663797955;0.280424641590999;165.08485225809;162.869838016974;166.1328961741593;161.78706553727972;47.21466752806726;0.5034303230474282;10.465850736416206;34.84158494887379;0.005107020571436321;0.02962154314084971;16.508485224537047;16.286983801618018;6.645315846996939;10.785804369076216;4.292242502764439;99.76789715313691;0.014490197079149357;2686.5946430927897;270.61047122660807;235.08765178159638;0.01095355593293068;0.7449751504262313;0.6044666494475553;0.24069892694065034;8.732570222491631e-11;-2.3415651639879798e-09;2.6116708795598242e-09;-2.0685209101145574e-10;-7.641745014552725e-10;7.938183443911839e-10;1.1364704732841346e-09;1.2719510777969845e-08;8.732570222491632e-13;-2.3415651639879798e-11;2.6116708795598242e-11;-2.0685209101145574e-10;-7.641745014552726e-12;7.93818344391184e-12;1.1364704732841347e-11;1.2719510777969844e-10;144.87349594845034;115.0;110.03191099957655;110.03191099957655;105.19378104929905;39.74101902015394;18.037213522062018;15.06867556594625;60.02687813298297;21.64012067389433;3.9972759799509276;10.264013846439639;13.385116899715058;53.55083891488266;1.858884536364144;8.261126150717303;4.0;0.6900000000000003;89867.79589015937;13392.974558879288;6.710069932192824;1.858884536364144;deltaT_shex_1_K;shex;True;True;True;True;True;True;True;True;96.6467940998615;2670.2487215870347;0.0659287063591617;89867.79589015937;0.0;0.0;135.0;4.0;144.87349594845034;4.0;115.0;8.0;110.03191099957655;8.0;110.03191099957655;8.0;105.19378104929905;8.0;30.0;4.0;39.74101902015394;4.0;96.6467940998615;2670.2487215870347;0.007452345521178501;89867.79589015937;0.0;0.0;99.76789715313691;270.6104712266084;0.755928706359162;13392.974558879288;0.5957078085692872;0.23409153663797955;162.91070947051236;373.81093794961686;0.6974523455211787;89867.79589015937;0.6456536223563543;0.2742879979195558;96.6467940998615;2670.2487215870347;0.0584763608379832;89867.79589015937;0.0;0.0;119.28750417779514;270.6104712266084;0.755928706359162;89867.79589015937;0.5957078085692872;0.23409153663797955;150.06867556594625;333.0696252855552;0.755928706359162;89867.79589015937;0.5957078085692872;0.23409153663797955;148.2097910295821;349.00825993665495;0.6900000000000003;89867.79589015937;0.6526270044925107;0.280424641590999;111.02637802707784;280.58120554827826;0.6900000000000003;89867.79589015937;0.6526270044925107;0.280424641590999;111.00272402004907;280.5382757756104;0.6900000000000003;13392.974558879288;0.6526270044925107;0.280424641590999;99.76789715313691;2686.5946430927897;0.0659287063591617;13392.974558879288;0.0;0.0;51.64012067389433;216.2012892523048;0.0659287063591617;13392.974558879288;0.0;0.0;51.64294213441639;216.2787520276794;0.0659287063591617;89867.79589015937;0.0;0.0;"Zustand 3: Temperatur 423.219 K liegt außerhalb des Boryta-Prüfbereichs; Kristallisation wurde nicht bewertet.";"Zustand 4: Temperatur 421.360 K liegt außerhalb des Boryta-Prüfbereichs; Kristallisation wurde nicht bewertet.";"Zustand 5: Temperatur 384.176 K liegt außerhalb des Boryta-Prüfbereichs; Kristallisation wurde nicht bewertet.";"Zustand 6: Temperatur 384.153 K liegt außerhalb des Boryta-Prüfbereichs; Kristallisation wurde nicht bewertet.";"Zustand 20: Temperatur 436.061 K liegt außerhalb des Boryta-Prüfbereichs; Kristallisation wurde nicht bewertet.";5
series_desorber_to_evaporator;Serie Desorber → Verdampfer;series_desorber_to_evaporator;115.0;nan;30.0;115.0;8.0;8.0;4.0;115.0;0.7000000000000003;Abwärmetemperatur [°C];hot_temperature_C;115.0;10.0;10.0;25.0;15.0;11.0;nan;nan;2.827639229680826e-20;`gtol` termination condition is satisfied.;4;1.2119919534000825e-08;2.378082937864374e-10;1;True;;True;0;zulässig;feasible;True;True;True;96.63461619064384;119.24820164547299;148.21566001263727;51.66074182644138;0.11388357069261155;0.2740391799897762;0.2343849209979409;0.28013020489861507;165.08899059150735;163.0250388046149;166.15125312688224;161.9276257495557;48.004390349825535;0.5031990817479101;10.60785662394958;34.842381408788754;0.0051081564286409534;0.030042363360097992;16.508899057991844;16.302503880393576;6.646050125104952;10.795175049901994;4.364035486541131;99.86688607866694;0.014374574777817803;2686.7821645866893;270.6584813673839;235.42121001852092;0.011010763651546962;0.754978061877976;0.6047953483738027;0.24095031708697182;1.0441425501994672e-10;-2.1269102035148535e-09;2.439151103317272e-09;-2.0461604632870944e-10;-7.41550820748671e-10;6.791367468395038e-10;1.025767915052711e-09;1.1588923598537804e-08;1.0441425501994671e-12;-2.1269102035148536e-11;2.439151103317272e-11;-2.0461604632870944e-10;-7.41550820748671e-12;6.791367468395037e-12;1.0257679150527111e-11;1.1588923598537803e-10;144.87374345642985;115.0;110.0313620476411;110.0313620476411;105.18902874173335;39.7503013639124;17.9451732280437;15.151385700016476;60.11658471475454;21.66074182644138;4.051716700158636;10.164475968974159;13.396745856997256;53.52546638793143;1.935725687379204;8.276284601984344;4.0;0.7000000000000003;89827.93086511664;13406.52728839389;6.700313133504841;1.935725687379204;deltaT_shex_1_K;shex;True;True;True;True;True;True;True;True;96.63461619064384;2670.2292877948166;0.06598882552952268;89827.93086511664;0.0;0.0;135.0;4.0;144.87374345642985;4.0;115.0;8.0;110.0313620476411;8.0;110.0313620476411;8.0;105.18902874173335;8.0;30.0;4.0;39.7503013639124;4.0;96.63461619064384;2670.2292877948166;0.007515043077113806;89827.93086511664;0.0;0.0;99.86688607866694;270.658481367384;0.765988825529523;13406.52728839389;0.5961016724133271;0.2343849209979409;162.81891668447355;373.5275303534874;0.7075150430771141;89827.93086511664;0.6453675079003487;0.2740391799897762;96.63461619064384;2670.2292877948166;0.05847378245240887;89827.93086511664;0.0;0.0;119.24820164547299;270.658481367384;0.765988825529523;89827.93086511664;0.5961016724133271;0.2343849209979409;150.15138570001648;333.32831250576965;0.765988825529523;89827.93086511664;0.5961016724133271;0.2343849209979409;148.21566001263727;348.8706551534654;0.7000000000000003;89827.93086511664;0.652296028497241;0.28013020489861507;110.97191704348865;280.29295465386383;0.7000000000000003;89827.93086511664;0.652296028497241;0.28013020489861507;110.94828329984136;280.2500369919208;0.7000000000000003;13406.52728839389;0.652296028497241;0.28013020489861507;99.86688607866694;2686.7821645866893;0.06598882552952268;13406.52728839389;0.0;0.0;51.66074182644138;216.2875392250166;0.06598882552952268;13406.52728839389;0.0;0.0;51.66356235380192;216.36494864074191;0.06598882552952268;89827.93086511664;0.0;0.0;"Zustand 3: Temperatur 423.301 K liegt außerhalb des Boryta-Prüfbereichs; Kristallisation wurde nicht bewertet.";"Zustand 4: Temperatur 421.366 K liegt außerhalb des Boryta-Prüfbereichs; Kristallisation wurde nicht bewertet.";"Zustand 5: Temperatur 384.122 K liegt außerhalb des Boryta-Prüfbereichs; Kristallisation wurde nicht bewertet.";"Zustand 6: Temperatur 384.098 K liegt außerhalb des Boryta-Prüfbereichs; Kristallisation wurde nicht bewertet.";"Zustand 20: Temperatur 435.969 K liegt außerhalb des Boryta-Prüfbereichs; Kristallisation wurde nicht bewertet.";5
series_desorber_to_evaporator;Serie Desorber → Verdampfer;series_desorber_to_evaporator;115.0;nan;30.0;115.0;8.0;8.0;4.0;115.0;0.7100000000000003;Abwärmetemperatur [°C];hot_temperature_C;115.0;10.0;10.0;25.0;15.0;11.0;nan;nan;2.650766288922945e-20;`gtol` termination condition is satisfied.;4;1.1087800384956492e-08;2.3025057172232798e-10;1;True;;True;0;zulässig;feasible;True;True;True;96.62284148793776;119.21121445803811;148.21864919535813;51.680985513733674;0.11474503513860593;0.2737942831717559;0.2346696123091215;0.279841726748497;165.08685964215402;163.17739867907923;166.16297507721092;162.06571063088472;48.79143770384091;0.5029629244196258;10.749777065580096;34.84260449645694;0.00510930772615739;0.030463305550813873;16.508685963158527;16.31773986784561;6.646519003117083;10.804380708661917;4.435585245987844;99.96324170503459;0.01426321647390765;2686.964686522768;270.70800248660925;235.7457359699294;0.011068938925591687;0.7649789424089306;0.6051142970988723;0.24119449084963918;1.3943690646556206e-10;-2.025373646574735e-09;2.2942003852222115e-09;-2.0180551674187086e-10;-7.161702342273202e-10;6.231459792616079e-10;9.559641966916388e-10;1.0568754760242882e-08;1.3943690646556207e-12;-2.0253736465747352e-11;2.2942003852222116e-11;-2.0180551674187086e-10;-7.1617023422732015e-12;6.231459792616079e-12;9.559641966916389e-12;1.0568754760242883e-10;144.87361600730588;115.0;110.03101151084894;110.03101151084894;105.18454887236555;39.75941379659565;17.85519056229964;15.231640932171956;60.20382790843894;21.680985513733674;4.105072445472388;10.06776980581435;13.408170022911179;53.50074372690676;2.012991736813831;8.292672856389856;4.0;0.7100000000000003;89789.39971446036;13419.843362154117;6.690793423690723;2.012991736813831;deltaT_shex_1_K;shex;True;True;True;True;True;True;True;True;96.62284148793776;2670.2104967121413;0.066047881334522;89789.39971446036;0.0;0.0;135.0;4.0;144.87361600730588;4.0;115.0;8.0;110.03101151084894;8.0;110.03101151084894;8.0;105.18454887236555;8.0;30.0;4.0;39.75941379659565;4.0;96.62284148793776;2670.2104967121413;0.007578666464560201;89789.39971446036;0.0;0.0;99.96324170503459;270.70800248661027;0.7760478813345223;13419.843362154117;0.5964834208878946;0.2346696123091215;162.72880656960552;373.24905319864797;0.7175786664645605;89789.39971446036;0.6450856426845653;0.2737942831717559;96.62284148793776;2670.2104967121413;0.058469214869961796;89789.39971446036;0.0;0.0;119.21121445803811;270.70800248661027;0.7760478813345223;89789.39971446036;0.5964834208878946;0.2346696123091215;150.23164093217196;333.5796871820665;0.7760478813345223;89789.39971446036;0.5964834208878946;0.2346696123091215;148.21864919535813;348.73087762111373;0.7100000000000003;89789.39971446036;0.6519714014524205;0.279841726748497;110.91854160164826;280.010542827168;0.7100000000000003;89789.39971446036;0.6519714014524205;0.279841726748497;110.89492755452761;279.96763676301197;0.7100000000000003;13419.843362154117;0.6519714014524205;0.279841726748497;99.96324170503459;2686.964686522768;0.066047881334522;13419.843362154117;0.0;0.0;51.680985513733674;216.37221054898623;0.066047881334522;13419.843362154117;0.0;0.0;51.68380514545879;216.4495681814026;0.066047881334522;89789.39971446036;0.0;0.0;"Zustand 3: Temperatur 423.382 K liegt außerhalb des Boryta-Prüfbereichs; Kristallisation wurde nicht bewertet.";"Zustand 4: Temperatur 421.369 K liegt außerhalb des Boryta-Prüfbereichs; Kristallisation wurde nicht bewertet.";"Zustand 5: Temperatur 384.069 K liegt außerhalb des Boryta-Prüfbereichs; Kristallisation wurde nicht bewertet.";"Zustand 6: Temperatur 384.045 K liegt außerhalb des Boryta-Prüfbereichs; Kristallisation wurde nicht bewertet.";"Zustand 20: Temperatur 435.879 K liegt außerhalb des Boryta-Prüfbereichs; Kristallisation wurde nicht bewertet.";5
series_desorber_to_evaporator;Serie Desorber → Verdampfer;series_desorber_to_evaporator;115.0;nan;30.0;115.0;8.0;8.0;4.0;115.0;0.7200000000000003;Abwärmetemperatur [°C];hot_temperature_C;115.0;10.0;10.0;25.0;15.0;11.0;nan;nan;2.4883867001203866e-20;`gtol` termination condition is satisfied.;4;1.0169436952836835e-08;2.230868306341899e-10;1;True;;True;0;zulässig;feasible;True;True;True;96.61144575062008;119.17647133559933;148.21888815605695;51.70087954483341;0.11562068497559726;0.27355318885612195;0.2349459169326956;0.27955899945430407;165.0787198058042;163.3271269393858;166.16833875551168;162.2015131599535;49.57577605050738;0.5027219120234635;10.891605542065195;34.842278061217655;0.005110474770737248;0.030884355099868553;16.50787197961092;16.33271269388499;6.646733550246257;10.813434210604656;4.5068887320274555;100.05707620569268;0.014155952930920033;2687.142420840507;270.75896268487736;236.06157763863183;0.011128078916097905;0.7749778773838474;0.6054238566033104;0.24143170357137322;1.4574652595911175e-10;-1.7946319985640002e-09;2.1583446141448803e-09;-1.985697162254496e-10;-6.447464784287149e-10;5.35919753019698e-10;8.83659367900691e-10;9.695042990642833e-09;1.4574652595911175e-12;-1.794631998564e-11;2.1583446141448803e-11;-1.985697162254496e-10;-6.447464784287149e-12;5.35919753019698e-12;8.83659367900691e-12;9.695042990642832e-11;144.87312917498826;115.0;110.03085111377061;110.03085111377061;105.1803273948725;39.76836883608769;17.76718471611491;15.309518956460181;60.28870736960499;21.700879544833413;4.157362092792482;9.973774908077928;13.419405363150531;53.476629078574604;2.0906308004032326;8.310238544583797;4.0;0.7200000000000003;89752.12174053417;13432.94047023191;6.681494788086757;2.0906308004032326;deltaT_shex_1_K;shex;True;True;True;True;True;True;True;True;96.61144575062008;2670.192309725292;0.06610595629994498;89752.12174053417;0.0;0.0;135.0;4.0;144.87312917498826;4.0;115.0;8.0;110.03085111377061;8.0;110.03085111377061;8.0;105.1803273948725;8.0;30.0;4.0;39.76836883608769;4.0;96.61144575062008;2670.192309725292;0.007643215948366537;89752.12174053417;0.0;0.0;100.05707620569268;270.7589626848782;0.7861059562999453;13432.94047023191;0.5968535049859779;0.2349459169326956;162.64031389110318;372.97533118117775;0.7276432159483669;89752.12174053417;0.6448079020362082;0.27355318885612195;96.61144575062008;2670.192309725292;0.05846274035157844;89752.12174053417;0.0;0.0;119.17647133559933;270.7589626848782;0.7861059562999453;89752.12174053417;0.5968535049859779;0.2349459169326956;150.30951895646018;333.8239676669691;0.7861059562999453;89752.12174053417;0.5968535049859779;0.2349459169326956;148.21888815605695;348.5890458407494;0.7200000000000003;89752.12174053417;0.6516529101499668;0.27955899945430407;110.86623279101553;279.7338013263583;0.7200000000000003;89752.12174053417;0.6516529101499668;0.27955899945430407;110.84263790720752;279.69090638871955;0.7200000000000003;13432.94047023191;0.6516529101499668;0.27955899945430407;100.05707620569268;2687.142420840507;0.06610595629994498;13432.94047023191;0.0;0.0;51.70087954483341;216.4554195313411;0.06610595629994498;13432.94047023191;0.0;0.0;51.7036983162979;216.53272685819604;0.06610595629994498;89752.12174053417;0.0;0.0;"Zustand 3: Temperatur 423.460 K liegt außerhalb des Boryta-Prüfbereichs; Kristallisation wurde nicht bewertet.";"Zustand 4: Temperatur 421.369 K liegt außerhalb des Boryta-Prüfbereichs; Kristallisation wurde nicht bewertet.";"Zustand 5: Temperatur 384.016 K liegt außerhalb des Boryta-Prüfbereichs; Kristallisation wurde nicht bewertet.";"Zustand 6: Temperatur 383.993 K liegt außerhalb des Boryta-Prüfbereichs; Kristallisation wurde nicht bewertet.";"Zustand 20: Temperatur 435.790 K liegt außerhalb des Boryta-Prüfbereichs; Kristallisation wurde nicht bewertet.";5
series_desorber_to_evaporator;Serie Desorber → Verdampfer;series_desorber_to_evaporator;115.0;nan;30.0;115.0;8.0;8.0;4.0;115.0;0.7300000000000003;Abwärmetemperatur [°C];hot_temperature_C;115.0;10.0;10.0;25.0;15.0;11.0;nan;nan;2.3353789163278298e-20;`gtol` termination condition is satisfied.;4;9.302131793955113e-09;2.1611936129499503e-10;1;True;;True;0;zulässig;feasible;True;True;True;96.60040626163175;119.14390277808013;148.216500244153;51.72044991409939;0.1165103782779598;0.27331578287011343;0.23521412733606617;0.2792818241917488;165.06481681504636;163.47441922668412;166.16760538828703;162.33521349796263;50.357375000771555;0.502476104694259;11.033335751806714;34.84142461179363;0.005111657813561044;0.031305497821710014;16.506481680618226;16.34744192261992;6.646704215554662;10.822347566475623;4.577943182034648;100.14849579787318;0.014052622833580407;2687.315568259192;270.8112925823973;236.36906579802746;0.011188180144637627;0.7849749473465625;0.6057243701088386;0.2416621985847327;1.5447199075424578e-10;-1.6095782484626397e-09;2.011859123740578e-09;-1.9508566984072218e-10;-5.795186552859377e-10;4.849027845921228e-10;8.28293877930264e-10;8.864105893735541e-09;1.5447199075424578e-12;-1.60957824846264e-11;2.011859123740578e-11;-1.9508566984072218e-10;-5.795186552859377e-12;4.849027845921228e-12;8.28293877930264e-12;8.864105893735542e-11;144.87229765640228;115.0;110.03087304460865;110.03087304460865;105.17635110986095;39.777178183414094;17.681078940311806;15.385094290508448;60.37131761445909;21.72044991409939;4.208604554350131;9.882377246735473;13.430466782976907;53.45308325116315;2.1685940463554516;8.328931110260328;4.0;0.7300000000000003;89716.02138325367;13445.835177577455;6.672402286535975;2.1685940463554516;deltaT_shex_1_K;shex;True;True;True;True;True;True;True;True;96.60040626163175;2670.1746906448625;0.06616312749119979;89716.02138325367;0.0;0.0;135.0;4.0;144.87229765640228;4.0;115.0;8.0;110.03087304460865;8.0;110.03087304460865;8.0;105.17635110986095;8.0;30.0;4.0;39.777178183414094;4.0;96.60040626163175;2670.1746906448625;0.007708691012052569;89716.02138325367;0.0;0.0;100.14849579787318;270.81129258239713;0.7961631274912001;13445.835177577455;0.597212353994591;0.23521412733606617;162.5533765967141;372.7061968816128;0.7377086910120528;89716.02138325367;0.6445341657497601;0.27331578287011343;96.60040626163175;2670.1746906448625;0.05845443647914722;89716.02138325367;0.0;0.0;119.14390277808013;270.81129258239713;0.7961631274912001;89716.02138325367;0.597212353994591;0.23521412733606617;150.38509429050845;334.06136441058305;0.7961631274912001;89716.02138325367;0.597212353994591;0.23521412733606617;148.216500244153;348.44527259896233;0.7300000000000003;89716.02138325367;0.6513403500448153;0.2792818241917488;110.8149716678198;279.462567118665;0.7300000000000003;89716.02138325367;0.6513403500448153;0.2792818241917488;110.79139544564987;279.4196828750736;0.7300000000000003;13445.835177577455;0.6513403500448153;0.2792818241917488;100.14849579787318;2687.315568259192;0.06616312749119979;13445.835177577455;0.0;0.0;51.72044991409939;216.53727488986056;0.06616312749119979;13445.835177577455;0.0;0.0;51.723267858697795;216.61453329658022;0.06616312749119979;89716.02138325367;0.0;0.0;"Zustand 3: Temperatur 423.535 K liegt außerhalb des Boryta-Prüfbereichs; Kristallisation wurde nicht bewertet.";"Zustand 4: Temperatur 421.367 K liegt außerhalb des Boryta-Prüfbereichs; Kristallisation wurde nicht bewertet.";"Zustand 5: Temperatur 383.965 K liegt außerhalb des Boryta-Prüfbereichs; Kristallisation wurde nicht bewertet.";"Zustand 6: Temperatur 383.941 K liegt außerhalb des Boryta-Prüfbereichs; Kristallisation wurde nicht bewertet.";"Zustand 20: Temperatur 435.703 K liegt außerhalb des Boryta-Prüfbereichs; Kristallisation wurde nicht bewertet.";5
series_desorber_to_evaporator;Serie Desorber → Verdampfer;series_desorber_to_evaporator;115.0;nan;30.0;115.0;8.0;8.0;4.0;115.0;0.7400000000000003;Abwärmetemperatur [°C];hot_temperature_C;115.0;10.0;10.0;25.0;15.0;11.0;nan;nan;2.1886576336196704e-20;`gtol` termination condition is satisfied.;4;8.484773280248894e-09;2.0922034478604944e-10;1;True;;True;0;zulässig;feasible;True;True;True;96.58970172039773;119.11344110408919;148.21160286740007;51.73972093204168;0.11741396914183469;0.2730819552643435;0.2354745228365567;0.27901001054894414;165.04538269961893;163.61945850888355;166.16102170774727;162.46697992392959;51.136207037656455;0.5022255616689665;11.174961601567073;34.84006540391704;0.005112857056401652;0.031726719944344374;16.50453826915506;16.361945850848844;6.646440868333699;10.831131994880613;4.648746094468857;100.23760111833201;0.013953072378467664;2687.4843189838803;270.86492531223473;236.66851501313857;0.01124923857473048;0.7949702283356733;0.6060161641396193;0.2418862078966617;1.750990463733615e-10;-1.5009717913017084e-09;1.88254034583224e-09;-1.9125290240395998e-10;-5.952074388915207e-10;3.951186045014765e-10;7.204050689324504e-10;8.06832645139366e-09;1.750990463733615e-12;-1.5009717913017083e-11;1.88254034583224e-11;-1.9125290240395998e-10;-5.952074388915207e-12;3.9511860450147654e-12;7.204050689324504e-12;8.068326451393659e-11;144.8711353289246;115.0;110.03106992500756;110.03106992500756;105.17260760670825;39.785852781631775;17.596800292891658;15.458438424503356;60.451748336700234;21.739720932041678;4.258818723936031;9.793468806675548;13.44136820460983;53.430069525443685;2.2468355571032816;8.348701795405816;4.0;0.7400000000000003;89681.02785148809;13458.5430030559;6.663501972771131;2.2468355571032816;deltaT_shex_1_K;shex;True;True;True;True;True;True;True;True;96.58970172039773;2670.1576055349487;0.06621946691040348;89681.02785148809;0.0;0.0;135.0;4.0;144.8711353289246;4.0;115.0;8.0;110.03106992500756;8.0;110.03106992500756;8.0;105.17260760670825;8.0;30.0;4.0;39.785852781631775;4.0;96.58970172039773;2670.1576055349487;0.007775090444406858;89681.02785148809;0.0;0.0;100.23760111833201;270.86492531223377;0.8062194669104038;13458.5430030559;0.5975603767388579;0.2354745228365567;162.46793562181625;372.44149031282126;0.7477750904444072;89681.02785148809;0.6442643178794834;0.2730819552643435;96.58970172039773;2670.1576055349487;0.05844437646599662;89681.02785148809;0.0;0.0;119.11344110408919;270.86492531223377;0.8062194669104038;89681.02785148809;0.5975603767388579;0.2354745228365567;150.45843842450336;334.29208024514645;0.8062194669104038;89681.02785148809;0.5975603767388579;0.2354745228365567;148.21160286740007;348.2996651647933;0.7400000000000003;89681.02785148809;0.6510335248394349;0.27901001054894414;110.76473930868337;279.1966826817104;0.7400000000000003;89681.02785148809;0.6510335248394349;0.27901001054894414;110.74118127606397;279.1538087358397;0.7400000000000003;13458.5430030559;0.6510335248394349;0.27901001054894414;100.23760111833201;2687.4843189838803;0.06621946691040348;13458.5430030559;0.0;0.0;51.73972093204168;216.61787830013697;0.06621946691040348;13458.5430030559;0.0;0.0;51.74253808126457;216.69508908564993;0.06621946691040348;89681.02785148809;0.0;0.0;"Zustand 3: Temperatur 423.608 K liegt außerhalb des Boryta-Prüfbereichs; Kristallisation wurde nicht bewertet.";"Zustand 4: Temperatur 421.362 K liegt außerhalb des Boryta-Prüfbereichs; Kristallisation wurde nicht bewertet.";"Zustand 5: Temperatur 383.915 K liegt außerhalb des Boryta-Prüfbereichs; Kristallisation wurde nicht bewertet.";"Zustand 6: Temperatur 383.891 K liegt außerhalb des Boryta-Prüfbereichs; Kristallisation wurde nicht bewertet.";"Zustand 20: Temperatur 435.618 K liegt außerhalb des Boryta-Prüfbereichs; Kristallisation wurde nicht bewertet.";5
series_desorber_to_evaporator;Serie Desorber → Verdampfer;series_desorber_to_evaporator;115.0;nan;30.0;115.0;8.0;8.0;4.0;115.0;0.7500000000000003;Abwärmetemperatur [°C];hot_temperature_C;115.0;10.0;10.0;25.0;15.0;11.0;nan;nan;2.056747206184192e-20;`gtol` termination condition is satisfied.;4;7.809823324173528e-09;2.0281751434154753e-10;1;True;;True;0;zulässig;feasible;True;True;True;96.57931214377106;119.08502047326505;148.2043077716458;51.75871534560264;0.11833130839380844;0.2728516001138781;0.235727370299782;0.2787433761022143;165.02063667612936;163.76241598614106;166.14882088780925;162.59696969389427;51.912247264538244;0.5019703412297125;11.316477197700914;34.83822052153312;0.005114072657099048;0.03214800809566029;16.50206366687155;16.376241598579643;6.645952835532776;10.839797979546207;4.719295205992079;100.32448757281696;0.013857154884542578;2687.648853362158;270.9197964958745;236.96022459323626;0.011311249683458424;0.8049637921778353;0.6062995495079354;0.2421039528264692;1.85863768820127e-10;-1.3746230820288474e-09;1.788350800779881e-09;-1.8718737671008512e-10;-5.101412625663215e-10;3.44641648553079e-10;7.011635716480669e-10;7.413859748339746e-09;1.85863768820127e-12;-1.3746230820288473e-11;1.788350800779881e-11;-1.8718737671008512e-10;-5.1014126256632156e-12;3.44641648553079e-12;7.011635716480668e-12;7.413859748339746e-11;144.86965530359623;115.0;110.03143478206312;110.03143478206312;105.16908520987727;39.79440286998454;17.514279405632863;15.529619962730123;60.530084702832426;21.75871534560264;4.30802343040375;9.706947209246152;13.452122638292053;53.407553480688875;2.325312191084322;8.369503616283396;4.0;0.7500000000000003;89647.07478426184;13471.078492315086;6.65478082065985;2.325312191084322;deltaT_shex_1_K;shex;True;True;True;True;True;True;True;True;96.57931214377106;2670.141022555832;0.0662750418612934;89647.07478426184;0.0;0.0;135.0;4.0;144.86965530359623;4.0;115.0;8.0;110.03143478206312;8.0;110.03143478206312;8.0;105.16908520987727;8.0;30.0;4.0;39.79440286998454;4.0;96.57931214377106;2670.141022555832;0.007842412417301273;89647.07478426184;0.0;0.0;100.32448757281696;270.9197964958749;0.8162750418612937;13471.078492315086;0.5978979627439756;0.235727370299782;162.3839347092291;372.1810585009641;0.7578424124173017;89647.07478426184;0.6439982465458356;0.2728516001138781;96.57931214377106;2670.141022555832;0.058432629443992135;89647.07478426184;0.0;0.0;119.08502047326505;270.9197964958749;0.8162750418612937;89647.07478426184;0.5978979627439756;0.235727370299782;150.52961996273012;334.51631066365644;0.8162750418612937;89647.07478426184;0.5978979627439756;0.235727370299782;148.2043077716458;348.15232549459523;0.7500000000000003;89647.07478426184;0.6507322460901609;0.2787433761022143;110.71551685698165;278.9359958087921;0.7500000000000003;89647.07478426184;0.6507322460901609;0.2787433761022143;110.69197656959625;278.89313179799785;0.7500000000000003;13471.078492315086;0.6507322460901609;0.2787433761022143;100.32448757281696;2687.648853362158;0.0662750418612934;13471.078492315086;0.0;0.0;51.75871534560264;216.69732489872328;0.0662750418612934;13471.078492315086;0.0;0.0;51.76153172918839;216.77448928087188;0.0662750418612934;89647.07478426184;0.0;0.0;"Zustand 3: Temperatur 423.680 K liegt außerhalb des Boryta-Prüfbereichs; Kristallisation wurde nicht bewertet.";"Zustand 4: Temperatur 421.354 K liegt außerhalb des Boryta-Prüfbereichs; Kristallisation wurde nicht bewertet.";"Zustand 5: Temperatur 383.866 K liegt außerhalb des Boryta-Prüfbereichs; Kristallisation wurde nicht bewertet.";"Zustand 6: Temperatur 383.842 K liegt außerhalb des Boryta-Prüfbereichs; Kristallisation wurde nicht bewertet.";"Zustand 20: Temperatur 435.534 K liegt außerhalb des Boryta-Prüfbereichs; Kristallisation wurde nicht bewertet.";5
series_desorber_to_evaporator;Serie Desorber → Verdampfer;series_desorber_to_evaporator;115.0;nan;30.0;115.0;8.0;8.0;4.0;115.0;0.7600000000000003;Abwärmetemperatur [°C];hot_temperature_C;115.0;10.0;10.0;25.0;15.0;11.0;nan;nan;1.9290620472174047e-20;`gtol` termination condition is satisfied.;4;7.149186635960511e-09;1.9642108070252564e-10;1;True;;True;0;zulässig;feasible;True;True;True;96.56921877446615;119.05857689589635;148.19472131267878;51.777454449102834;0.11926224420993949;0.272624615334257;0.23597292479801163;0.27848174601927883;164.99078597549692;163.90345192568304;166.1312234147366;162.72532983262158;52.68547317619536;0.5017105006613468;11.457876837739855;34.83590895232447;0.0051153047344101145;0.03256934928948246;16.499078596872902;16.39034519253769;6.645248936608855;10.848355322131859;4.789588470678506;100.40924565855119;0.013764730425698243;2687.8093424902295;270.9758442078792;237.24447947782537;0.011374208526596208;0.8149557067589934;0.606574822235244;0.2423156446045509;2.021494083237485e-10;-1.2682050964940572e-09;1.6972876437648665e-09;-1.829576490308682e-10;-4.847606760449708e-10;3.0613023227488156e-10;6.4369487517979e-10;6.767891136405524e-09;2.021494083237485e-12;-1.2682050964940572e-11;1.6972876437648664e-11;-1.829576490308682e-10;-4.8476067604497076e-12;3.0613023227488155e-12;6.436948751797899e-12;6.767891136405523e-11;144.86786997461104;115.0;110.03196102228657;110.03196102228657;105.16577292920579;39.8028380338327;17.4334502680922;15.598704758443432;60.606407624718486;21.777454449102834;4.356237396321205;9.62271536373538;13.462742247820415;53.385502834104386;2.403983445764652;8.391291331831894;4.0;0.7600000000000003;89614.09993815482;13483.455285205224;6.646226656492439;2.403983445764652;deltaT_shex_1_K;shex;True;True;True;True;True;True;True;True;96.56921877446615;2670.1249118185397;0.06632991528558929;89614.09993815482;0.0;0.0;135.0;4.0;144.86786997461104;4.0;115.0;8.0;110.03196102228657;8.0;110.03196102228657;8.0;105.16577292920579;8.0;30.0;4.0;39.8028380338327;4.0;96.56921877446615;2670.1249118185397;0.007910654555214548;89614.09993815482;0.0;0.0;100.40924565855119;270.97584420787985;0.8263299152855896;13483.455285205224;0.5982254833241599;0.23597292479801163;162.30132024270324;371.9247550979273;0.7679106545552149;89614.09993815482;0.6437358437567398;0.272624615334257;96.56921877446615;2670.1249118185397;0.05841926073037475;89614.09993815482;0.0;0.0;119.05857689589635;270.97584420787985;0.8263299152855896;89614.09993815482;0.5982254833241599;0.23597292479801163;150.59870475844343;334.734244093459;0.8263299152855896;89614.09993815482;0.5982254833241599;0.23597292479801163;148.19472131267878;348.0033504441649;0.7600000000000003;89614.09993815482;0.6504363328380707;0.27848174601927883;110.66728556406446;278.6803594231212;0.7600000000000003;89614.09993815482;0.6504363328380707;0.27848174601927883;110.6437626036788;278.63750501616136;0.7600000000000003;13483.455285205224;0.6504363328380707;0.27848174601927883;100.40924565855119;2687.8093424902295;0.06632991528558929;13483.455285205224;0.0;0.0;51.777454449102834;216.77570374695205;0.06632991528558929;13483.455285205224;0.0;0.0;51.7802700951014;216.8528228675236;0.06632991528558929;89614.09993815482;0.0;0.0;"Zustand 3: Temperatur 423.749 K liegt außerhalb des Boryta-Prüfbereichs; Kristallisation wurde nicht bewertet.";"Zustand 4: Temperatur 421.345 K liegt außerhalb des Boryta-Prüfbereichs; Kristallisation wurde nicht bewertet.";"Zustand 5: Temperatur 383.817 K liegt außerhalb des Boryta-Prüfbereichs; Kristallisation wurde nicht bewertet.";"Zustand 6: Temperatur 383.794 K liegt außerhalb des Boryta-Prüfbereichs; Kristallisation wurde nicht bewertet.";"Zustand 20: Temperatur 435.451 K liegt außerhalb des Boryta-Prüfbereichs; Kristallisation wurde nicht bewertet.";5
series_desorber_to_evaporator;Serie Desorber → Verdampfer;series_desorber_to_evaporator;115.0;nan;30.0;115.0;8.0;8.0;4.0;115.0;0.7700000000000004;Abwärmetemperatur [°C];hot_temperature_C;115.0;10.0;10.0;25.0;15.0;11.0;nan;nan;1.810553233055121e-20;`gtol` termination condition is satisfied.;4;6.577203551182819e-09;1.902920509666718e-10;1;True;;True;0;zulässig;feasible;True;True;True;96.5594039967778;119.03404823041285;148.1829447188116;51.7959581862645;0.12020662266048968;0.2724009025073125;0.23621143022797628;0.2782249526830816;164.95602660942592;164.04271642973399;166.1084378941359;162.85219786094848;53.455864452322444;0.5014460962199682;11.599155002513598;34.83314865768506;0.005116553372327352;0.03299073091234394;16.495602660320632;16.40427164294889;6.6443375157838;10.856813190691687;4.85962404122677;100.4919612656654;0.013675665480638026;2687.9659487796;271.03300892766805;237.52155106562824;0.01143810979499138;0.8249460362771269;0.6068422644071811;0.24252148492977424;2.0907719999740948e-10;-1.17202603178157e-09;1.5897967386990786e-09;-1.785729342174136e-10;-4.5909587242931593e-10;2.4510882212780416e-10;5.731806140829576e-10;6.2196079397836e-09;2.0907719999740948e-12;-1.17202603178157e-11;1.5897967386990786e-11;-1.785729342174136e-10;-4.590958724293159e-12;2.4510882212780415e-12;5.731806140829576e-12;6.2196079397836e-11;144.86579106515705;115.0;110.032642407472;110.032642407472;105.16266041402258;39.81116725058217;17.354250027073476;15.665756041837483;60.68079401508322;21.7959581862645;4.403479202967617;9.540681141806601;13.473238410694194;53.36388729287165;2.482811323025885;8.414021406269285;4.0;0.7700000000000004;89582.0449000281;13495.686177939031;6.637828096985911;2.482811323025885;deltaT_shex_1_K;shex;True;True;True;True;True;True;True;True;96.5594039967778;2670.109245250938;0.06638414607211796;89582.0449000281;0.0;0.0;135.0;4.0;144.86579106515705;4.0;115.0;8.0;110.032642407472;8.0;110.032642407472;8.0;105.16266041402258;8.0;30.0;4.0;39.81116725058217;4.0;96.5594039967778;2670.109245250938;0.007979813997529912;89582.0449000281;0.0;0.0;100.4919612656654;271.0330089276674;0.8363841460721183;13495.686177939031;0.5985432925996357;0.23621143022797628;162.22004109223053;371.6724400195518;0.7779798139975302;89582.0449000281;0.6434770052379566;0.2724009025073125;96.5594039967778;2670.109245250938;0.05840433207458805;89582.0449000281;0.0;0.0;119.03404823041285;271.0330089276674;0.8363841460721183;89582.0449000281;0.5985432925996357;0.23621143022797628;150.66575604183748;334.94606216207575;0.8363841460721183;89582.0449000281;0.5985432925996357;0.23621143022797628;148.1829447188116;347.8528319815861;0.7700000000000004;89582.0449000281;0.6501456112573248;0.2782249526830816;110.62002682414357;278.42963139442594;0.7700000000000004;89582.0449000281;0.6501456112573248;0.2782249526830816;110.59652079703238;278.38678628934497;0.7700000000000004;13495.686177939031;0.6501456112573248;0.2782249526830816;100.4919612656654;2687.9659487796;0.06638414607211796;13495.686177939031;0.0;0.0;51.7959581862645;216.85309825769397;0.06638414607211796;13495.686177939031;0.0;0.0;51.79877312115093;216.9301731871021;0.06638414607211796;89582.0449000281;0.0;0.0;"Zustand 3: Temperatur 423.816 K liegt außerhalb des Boryta-Prüfbereichs; Kristallisation wurde nicht bewertet.";"Zustand 4: Temperatur 421.333 K liegt außerhalb des Boryta-Prüfbereichs; Kristallisation wurde nicht bewertet.";"Zustand 5: Temperatur 383.770 K liegt außerhalb des Boryta-Prüfbereichs; Kristallisation wurde nicht bewertet.";"Zustand 6: Temperatur 383.747 K liegt außerhalb des Boryta-Prüfbereichs; Kristallisation wurde nicht bewertet.";"Zustand 20: Temperatur 435.370 K liegt außerhalb des Boryta-Prüfbereichs; Kristallisation wurde nicht bewertet.";5
series_desorber_to_evaporator;Serie Desorber → Verdampfer;series_desorber_to_evaporator;115.0;nan;30.0;115.0;8.0;8.0;4.0;115.0;0.7800000000000004;Abwärmetemperatur [°C];hot_temperature_C;115.0;10.0;10.0;25.0;15.0;11.0;nan;nan;1.6957880101760345e-20;`gtol` termination condition is satisfied.;4;6.0210234055947475e-09;1.8416232025992908e-10;1;True;;True;0;zulässig;feasible;True;True;True;96.54985125863953;119.01137417181263;148.16907434406482;51.814245244337656;0.12116428818718622;0.2721803667191349;0.23644311989306294;0.2779728353385227;164.9165440833254;164.1803501440108;166.080661801851;162.97770246637566;54.2234027700394;0.5011771831117968;11.740306348633878;34.82995663781401;0.0051178186239113155;0.03341214071030436;16.491654407764102;16.41803501437926;6.6432264720910394;10.865180164387613;4.929400251920276;100.57271595643851;0.013589832602153998;2688.1188264821326;271.09123348413783;237.7916979873774;0.011502947865293822;0.8349348414766143;0.6071021449724882;0.24272166649229487;2.2469492932941648e-10;-1.0836345154530136e-09;1.4636043488280848e-09;-1.7405032970430057e-10;-4.249898211128311e-10;2.1819346329721157e-10;5.614708697976312e-10;5.684370307790232e-09;2.246949293294165e-12;-1.0836345154530135e-11;1.463604348828085e-11;-1.7405032970430057e-10;-4.249898211128311e-12;2.1819346329721155e-12;5.614708697976312e-12;5.684370307790232e-11;144.86342967005533;115.0;110.03347303224132;110.03347303224132;105.1597379106392;39.81939893205805;17.276618800710594;15.730834541818865;60.753317024380465;21.814245244337656;4.449767259732994;9.460757075802803;13.483621773601783;53.34267841746322;2.5617601977540403;8.437651967027648;4.0;0.7800000000000004;89550.85482179982;13507.78318059505;6.629574492315392;2.5617601977540403;deltaT_shex_1_K;shex;True;True;True;True;True;True;True;True;96.54985125863953;2670.093996473892;0.0664377893419078;89550.85482179982;0.0;0.0;135.0;4.0;144.86342967005533;4.0;115.0;8.0;110.03347303224132;8.0;110.03347303224132;8.0;105.1597379106392;8.0;30.0;4.0;39.81939893205805;4.0;96.54985125863953;2670.093996473892;0.008049887454342486;89550.85482179982;0.0;0.0;100.57271595643851;271.09123348413664;0.8464377893419082;13507.78318059505;0.5988517284499034;0.23644311989306294;162.14004847076592;371.4239791100132;0.7880498874543429;89550.85482179982;0.6432216302754499;0.2721803667191349;96.54985125863953;2670.093996473892;0.05838790188756532;89550.85482179982;0.0;0.0;119.01137417181263;271.09123348413664;0.8464377893419082;89550.85482179982;0.5988517284499034;0.23644311989306294;150.73083454181887;335.15193995637156;0.8464377893419082;89550.85482179982;0.5988517284499034;0.23644311989306294;148.16907434406482;347.7008574010554;0.7800000000000004;89550.85482179982;0.6498599143239958;0.2779728353385227;110.57372220478499;278.1836743628314;0.7800000000000004;89550.85482179982;0.6498599143239958;0.2779728353385227;110.550232740267;278.1408382849977;0.7800000000000004;13507.78318059505;0.6498599143239958;0.2779728353385227;100.57271595643851;2688.1188264821326;0.0664377893419078;13507.78318059505;0.0;0.0;51.814245244337656;216.92958658897638;0.0664377893419078;13507.78318059505;0.0;0.0;51.817059493175975;217.0066183306193;0.0664377893419078;89550.85482179982;0.0;0.0;"Zustand 3: Temperatur 423.881 K liegt außerhalb des Boryta-Prüfbereichs; Kristallisation wurde nicht bewertet.";"Zustand 4: Temperatur 421.319 K liegt außerhalb des Boryta-Prüfbereichs; Kristallisation wurde nicht bewertet.";"Zustand 5: Temperatur 383.724 K liegt außerhalb des Boryta-Prüfbereichs; Kristallisation wurde nicht bewertet.";"Zustand 6: Temperatur 383.700 K liegt außerhalb des Boryta-Prüfbereichs; Kristallisation wurde nicht bewertet.";"Zustand 20: Temperatur 435.290 K liegt außerhalb des Boryta-Prüfbereichs; Kristallisation wurde nicht bewertet.";5
series_desorber_to_evaporator;Serie Desorber → Verdampfer;series_desorber_to_evaporator;115.0;nan;30.0;115.0;8.0;8.0;4.0;115.0;0.7900000000000004;Abwärmetemperatur [°C];hot_temperature_C;115.0;10.0;10.0;25.0;15.0;11.0;nan;nan;1.5915606708800363e-20;`gtol` termination condition is satisfied.;4;5.565033269041696e-09;1.7841304161299623e-10;1;True;;True;0;zulässig;feasible;True;True;True;96.54054499961023;118.99049623227245;148.15320191143752;51.832333140945366;0.12213508402099449;0.27196291640752324;0.23666821705110658;0.2777252397589678;164.87251405887935;164.31648491119677;166.04808218199685;163.10196412101607;54.98807163389614;0.5009038154808553;11.881325701378882;34.82634899221756;0.005119100514696351;0.033833566776108756;16.48725140536475;16.431648491102518;6.6419232872963025;10.873464274700357;4.998915603172541;100.65158722522568;0.013507110103861379;2688.268122178854;271.15046299376525;238.0551668279328;0.011568716844830296;0.8449221798661589;0.6073547204880995;0.24291637346273012;2.275797328366025e-10;-1.0018084140028805e-09;1.4331931197375525e-09;-1.6952028669692254e-10;-4.107221229787683e-10;1.71581859831349e-10;5.107096967549296e-10;5.23186827194877e-09;2.275797328366025e-12;-1.0018084140028805e-11;1.4331931197375525e-11;-1.6952028669692254e-10;-4.107221229787683e-12;1.7158185983134899e-12;5.107096967549296e-12;5.2318682719487696e-11;144.8607962953875;115.0;110.03444730316994;110.03444730316994;105.15699622299604;39.82754096358832;17.20049950564203;15.793998601660519;60.82404626163736;21.832333140945366;4.495119777926618;9.382860077944258;13.493902303559707;53.32184949567471;2.6407966902229987;8.462142759270364;4.0;0.7900000000000004;89520.4781757696;13519.757570306749;6.621455873763754;2.6407966902229987;deltaT_shex_1_K;shex;True;True;True;True;True;True;True;True;96.54054499961023;2670.0791406868034;0.06649089671098884;89520.4781757696;0.0;0.0;135.0;4.0;144.8607962953875;4.0;115.0;8.0;110.03444730316994;8.0;110.03444730316994;8.0;105.15699622299604;8.0;30.0;4.0;39.82754096358832;4.0;96.54054499961023;2670.0791406868034;0.00812087125642789;89520.4781757696;0.0;0.0;100.65158722522568;271.1504629937647;0.8564908967109892;13519.757570306749;0.5991511134063667;0.23666821705110658;162.06129580102953;371.1792438287332;0.7981208712564283;89520.4781757696;0.6429696215668207;0.27196291640752324;96.54054499961023;2670.0791406868034;0.05837002545456096;89520.4781757696;0.0;0.0;118.99049623227245;271.1504629937647;0.8564908967109892;89520.4781757696;0.5991511134063667;0.23666821705110658;150.79399860166052;335.35204627393244;0.8564908967109892;89520.4781757696;0.5991511134063667;0.23666821705110658;148.15320191143752;347.5475095345983;0.7900000000000004;89520.4781757696;0.6495790815022866;0.2777252397589678;110.52835347300208;277.94235556792927;0.7900000000000004;89520.4781757696;0.6495790815022866;0.2777252397589678;110.50488022207338;277.8995282682127;0.7900000000000004;13519.757570306749;0.6495790815022866;0.2777252397589678;100.65158722522568;2688.268122178854;0.06649089671098884;13519.757570306749;0.0;0.0;51.832333140945366;217.00524200716214;0.06649089671098884;13519.757570306749;0.0;0.0;51.83514672732133;217.08223150148265;0.06649089671098884;89520.4781757696;0.0;0.0;"Zustand 3: Temperatur 423.944 K liegt außerhalb des Boryta-Prüfbereichs; Kristallisation wurde nicht bewertet.";"Zustand 4: Temperatur 421.303 K liegt außerhalb des Boryta-Prüfbereichs; Kristallisation wurde nicht bewertet.";"Zustand 5: Temperatur 383.678 K liegt außerhalb des Boryta-Prüfbereichs; Kristallisation wurde nicht bewertet.";"Zustand 6: Temperatur 383.655 K liegt außerhalb des Boryta-Prüfbereichs; Kristallisation wurde nicht bewertet.";"Zustand 20: Temperatur 435.211 K liegt außerhalb des Boryta-Prüfbereichs; Kristallisation wurde nicht bewertet.";5
series_desorber_to_evaporator;Serie Desorber → Verdampfer;series_desorber_to_evaporator;115.0;nan;30.0;115.0;8.0;8.0;4.0;115.0;0.8000000000000004;Abwärmetemperatur [°C];hot_temperature_C;115.0;10.0;10.0;25.0;15.0;11.0;nan;nan;1.4892831211990765e-20;`gtol` termination condition is satisfied.;4;5.099595606758375e-09;1.7258523234617013e-10;1;True;;True;0;zulässig;feasible;True;True;True;96.5314705843233;118.97135771535568;148.13541474617813;51.850238304208574;0.12311885254261584;0.27174846321828133;0.23688693543037906;0.2774820179317791;164.82410297016975;164.4512443741167;166.01087629645664;163.22509565148897;55.74985622192965;0.5006260464036705;12.022208047952978;34.82234097598075;0.005120399045729068;0.03425499753674134;16.482410296538532;16.445124437399567;6.640435051873866;10.88167304340151;5.068168747531971;100.72864874039101;0.013427381763703988;2688.413975235022;271.21064479400485;238.31219280133618;0.011635410611348762;0.8549081059214749;0.6076002358151168;0.24310578195060362;2.4160584644050687e-10;-9.22035781059094e-10;1.3398562259681057e-09;-1.648872149928593e-10;-3.900026968040038e-10;1.2101963875466026e-10;4.66343408334069e-10;4.784425300385919e-09;2.4160584644050685e-12;-9.22035781059094e-12;1.3398562259681058e-11;-1.648872149928593e-10;-3.900026968040038e-12;1.2101963875466026e-12;4.66343408334069e-12;4.784425300385919e-11;144.8579008953451;115.0;110.03555991936435;110.03555991936435;105.15442667619783;39.835600740078746;17.125837696282133;15.855304288996706;60.89304800031226;21.850238304208574;4.539554748440253;9.306911178973337;13.504089335041044;53.30137542573652;2.719889542818578;8.487455097855502;4.0;0.8000000000000004;89490.86652883035;13531.619940450739;6.613462905598677;2.719889542818578;deltaT_shex_1_K;shex;True;True;True;True;True;True;True;True;96.5314705843233;2670.0646545618392;0.06654351653282331;89490.86652883035;0.0;0.0;135.0;4.0;144.8579008953451;4.0;115.0;8.0;110.03555991936435;8.0;110.03555991936435;8.0;105.15442667619783;8.0;30.0;4.0;39.835600740078746;4.0;96.5314705843233;2670.0646545618392;0.008192761399671792;89490.86652883035;0.0;0.0;100.72864874039101;271.21064479400644;0.8665435165328237;13531.619940450739;0.5994417554891107;0.23688693543037906;161.98373859162723;370.9381109581829;0.8081927613996722;89490.86652883035;0.642720885081217;0.27174846321828133;96.5314705843233;2670.0646545618392;0.05835075513315152;89490.86652883035;0.0;0.0;118.97135771535568;271.21064479400644;0.8665435165328237;89490.86652883035;0.5994417554891107;0.23688693543037906;150.8553042889967;335.5465438669042;0.8665435165328237;89490.86652883035;0.5994417554891107;0.23688693543037906;148.13541474617813;347.3928669606116;0.8000000000000004;89490.86652883035;0.6493029584476785;0.2774820179317791;110.48390261750018;277.7055466835016;0.8000000000000004;89490.86652883035;0.6493029584476785;0.2774820179317791;110.46044525155975;277.66272793658067;0.8000000000000004;13531.619940450739;0.6493029584476785;0.2774820179317791;100.72864874039101;2688.413975235022;0.06654351653282331;13531.619940450739;0.0;0.0;51.850238304208574;217.08013322203882;0.06654351653282331;13531.619940450739;0.0;0.0;51.853051250461306;217.1570813503092;0.06654351653282331;89490.86652883035;0.0;0.0;"Zustand 3: Temperatur 424.005 K liegt außerhalb des Boryta-Prüfbereichs; Kristallisation wurde nicht bewertet.";"Zustand 4: Temperatur 421.285 K liegt außerhalb des Boryta-Prüfbereichs; Kristallisation wurde nicht bewertet.";"Zustand 5: Temperatur 383.634 K liegt außerhalb des Boryta-Prüfbereichs; Kristallisation wurde nicht bewertet.";"Zustand 6: Temperatur 383.610 K liegt außerhalb des Boryta-Prüfbereichs; Kristallisation wurde nicht bewertet.";"Zustand 20: Temperatur 435.134 K liegt außerhalb des Boryta-Prüfbereichs; Kristallisation wurde nicht bewertet.";5
series_desorber_to_evaporator;Serie Desorber → Verdampfer;series_desorber_to_evaporator;115.0;nan;30.0;115.0;8.0;8.0;4.0;115.0;0.8100000000000004;Abwärmetemperatur [°C];hot_temperature_C;115.0;10.0;10.0;25.0;15.0;11.0;nan;nan;1.3948411749758146e-20;`gtol` termination condition is satisfied.;4;4.693709630539065e-09;1.6702342200875987e-10;1;True;;True;0;zulässig;feasible;True;True;True;96.5226142408726;118.95390368511636;148.11579599888427;51.86797614678903;0.12411543560414004;0.2715369218700122;0.23709947971546427;0.27724302776125925;164.77146859715765;164.58474453297123;165.96921222947628;163.34720276496066;56.50874324579635;0.5003439278905701;12.162948531090946;34.817947052146906;0.005121714196266975;0.03467642174127659;16.4771468592764;16.458474453286552;6.638768489194074;10.889813517635883;5.137158476969069;100.80397056963835;0.013350536543502024;2688.556518224023;271.2717283733741;238.5630003820822;0.011703022848254307;0.8648926712738972;0.6078389247689816;0.24329006043396134;2.455351477692602e-10;-8.634088999315281e-10;1.2508394320320804e-09;-1.6030066163352785e-10;-3.7556446841335855e-10;1.057003373716725e-10;4.2240344555466436e-10;4.393655217427295e-09;2.4553514776926022e-12;-8.634088999315282e-12;1.2508394320320804e-11;-1.6030066163352785e-10;-3.755644684133585e-12;1.057003373716725e-12;4.224034455546644e-12;4.393655217427295e-11;144.85475290652857;115.0;110.03680585438167;110.03680585438167;105.15202108270222;39.843585199340396;17.052581415217276;15.914805500234365;60.960385370297956;21.867976146789033;4.583089922854015;9.232835284743317;13.51419161350907;53.28123260873912;2.799009501350099;8.513551817630287;4.0;0.8100000000000004;89461.9743337276;13543.380246206087;6.605586840758504;2.799009501350099;deltaT_shex_1_K;shex;True;True;True;True;True;True;True;True;96.5226142408726;2670.0505161459637;0.06659569412215116;89461.9743337276;0.0;0.0;135.0;4.0;144.85475290652857;4.0;115.0;8.0;110.03680585438167;8.0;110.03680585438167;8.0;105.15202108270222;8.0;30.0;4.0;39.843585199340396;4.0;96.5226142408726;2670.0505161459637;0.00826555358533086;89461.9743337276;0.0;0.0;100.80397056963835;271.2717283733744;0.8765956941221515;13543.380246206087;0.5997239489912903;0.23709947971546427;161.90733432174585;370.70046233107263;0.8182655535853313;89461.9743337276;0.6424753299274444;0.2715369218700122;96.5226142408726;2670.0505161459637;0.0583301405368203;89461.9743337276;0.0;0.0;118.95390368511636;271.2717283733744;0.8765956941221515;89461.9743337276;0.5997239489912903;0.23709947971546427;150.91480550023437;335.73558967762807;0.8765956941221515;89461.9743337276;0.5997239489912903;0.23709947971546427;148.11579599888427;347.23700420762884;0.8100000000000004;89461.9743337276;0.6490313967255527;0.27724302776125925;110.44035186748607;277.47312365756613;0.8100000000000004;89461.9743337276;0.6490313967255527;0.27724302776125925;110.41691007714599;277.4303132603547;0.8100000000000004;13543.380246206087;0.6490313967255527;0.27724302776125925;100.80397056963835;2688.556518224023;0.06659569412215116;13543.380246206087;0.0;0.0;51.86797614678903;217.1543246965167;0.06659569412215116;13543.380246206087;0.0;0.0;51.8707884739631;217.23123228436876;0.06659569412215116;89461.9743337276;0.0;0.0;"Zustand 3: Temperatur 424.065 K liegt außerhalb des Boryta-Prüfbereichs; Kristallisation wurde nicht bewertet.";"Zustand 4: Temperatur 421.266 K liegt außerhalb des Boryta-Prüfbereichs; Kristallisation wurde nicht bewertet.";"Zustand 5: Temperatur 383.590 K liegt außerhalb des Boryta-Prüfbereichs; Kristallisation wurde nicht bewertet.";"Zustand 6: Temperatur 383.567 K liegt außerhalb des Boryta-Prüfbereichs; Kristallisation wurde nicht bewertet.";"Zustand 20: Temperatur 435.057 K liegt außerhalb des Boryta-Prüfbereichs; Kristallisation wurde nicht bewertet.";5
series_desorber_to_evaporator;Serie Desorber → Verdampfer;series_desorber_to_evaporator;115.0;nan;30.0;115.0;8.0;8.0;4.0;115.0;0.8200000000000004;Abwärmetemperatur [°C];hot_temperature_C;115.0;10.0;10.0;25.0;15.0;11.0;nan;nan;1.3081515847495566e-20;`gtol` termination condition is satisfied.;4;4.3599746923593964e-09;1.6174990477583328e-10;1;True;;True;0;zulässig;feasible;True;True;True;96.5139630038098;118.93808093106253;148.09442485860382;51.88556113430252;0.12512467480163034;0.2713282100259791;0.23730604600525015;0.2770081327882146;164.71476059929688;164.71709426015641;165.92324945060707;163.46838453472597;57.26472082404825;0.5000575108918255;12.30354244301349;34.813180940466566;0.005123045926184878;0.035097828449159915;16.471476059522452;16.471709426007582;6.636929978037628;10.897892302288598;5.205883711350578;100.87761939004082;0.013276468323656325;2688.695877322566;271.333665299342;238.8078038959906;0.011771547075749123;0.8748759248859247;0.6080710107276444;0.24346937016249812;2.5504931500108796e-10;-8.081073588073195e-10;1.1863221516250633e-09;-1.557707296484523e-10;-3.3364244700351264e-10;8.060396794462577e-11;3.969944373238832e-10;4.072376214026008e-09;2.5504931500108795e-12;-8.081073588073195e-12;1.1863221516250632e-11;-1.557707296484523e-10;-3.3364244700351264e-12;8.060396794462576e-13;3.969944373238832e-12;4.0723762140260076e-11;144.85136127986226;115.0;110.0381803393957;110.0381803393957;105.1497717109649;39.85150085288018;16.98068105371766;15.972554059858965;61.02611853716064;21.88556113430252;4.625742797585758;9.160560949354874;13.524217335585888;53.261398848646536;2.878129201255149;8.540397222622175;4.0;0.8200000000000004;89433.75873619672;13555.047846739548;6.597819480047693;2.878129201255149;deltaT_shex_1_K;shex;True;True;True;True;True;True;True;True;96.5139630038098;2670.0367047703135;0.06664747196167342;89433.75873619672;0.0;0.0;135.0;4.0;144.85136127986226;4.0;115.0;8.0;110.0381803393957;8.0;110.0381803393957;8.0;105.1497717109649;8.0;30.0;4.0;39.85150085288018;4.0;96.5139630038098;2670.0367047703135;0.008339243255555163;89433.75873619672;0.0;0.0;100.87761939004082;271.3336652993413;0.8866474719616738;13555.047846739548;0.5999979752151852;0.23730604600525015;161.83204233357992;370.4661845747688;0.8283392432555555;89433.75873619672;0.6422328682287379;0.2713282100259791;96.5139630038098;2670.0367047703135;0.05830822870611826;89433.75873619672;0.0;0.0;118.93808093106253;271.3336652993413;0.8866474719616738;89433.75873619672;0.5999979752151852;0.23730604600525015;150.97255405985896;335.9193350665513;0.8866474719616738;89433.75873619672;0.5999979752151852;0.23730604600525015;148.09442485860382;347.0799919527836;0.8200000000000004;89433.75873619672;0.6487642535447155;0.2770081327882146;110.39768370844035;277.24496655791387;0.8200000000000004;89433.75873619672;0.6487642535447155;0.2770081327882146;110.37425720241424;277.2021643280978;0.8200000000000004;13555.047846739548;0.6487642535447155;0.2770081327882146;100.87761939004082;2688.695877322566;0.06664747196167342;13555.047846739548;0.0;0.0;51.88556113430252;217.22787693270385;0.06664747196167342;13555.047846739548;0.0;0.0;51.88837286231836;217.30474475342376;0.06664747196167342;89433.75873619672;0.0;0.0;"Zustand 3: Temperatur 424.123 K liegt außerhalb des Boryta-Prüfbereichs; Kristallisation wurde nicht bewertet.";"Zustand 4: Temperatur 421.244 K liegt außerhalb des Boryta-Prüfbereichs; Kristallisation wurde nicht bewertet.";"Zustand 5: Temperatur 383.548 K liegt außerhalb des Boryta-Prüfbereichs; Kristallisation wurde nicht bewertet.";"Zustand 6: Temperatur 383.524 K liegt außerhalb des Boryta-Prüfbereichs; Kristallisation wurde nicht bewertet.";"Zustand 20: Temperatur 434.982 K liegt außerhalb des Boryta-Prüfbereichs; Kristallisation wurde nicht bewertet.";5
series_desorber_to_evaporator;Serie Desorber → Verdampfer;series_desorber_to_evaporator;115.0;nan;30.0;115.0;8.0;8.0;4.0;115.0;0.8300000000000004;Abwärmetemperatur [°C];hot_temperature_C;115.0;10.0;10.0;25.0;15.0;11.0;nan;nan;1.2245410437769643e-20;`gtol` termination condition is satisfied.;4;4.017198688907664e-09;1.564954340405473e-10;1;True;;True;0;zulässig;feasible;True;True;True;96.50550466131972;118.92383792995611;148.07137675599625;51.903006848584596;0.12614641171468427;0.2711222481731921;0.2375068222445957;0.27677720192492716;164.65412101275166;164.84839577652622;165.8731393392844;163.58873384905243;58.01777836693161;0.499766845308462;12.443985219688939;34.808055662822596;0.005124394178119768;0.035519207018839455;16.465412100902004;16.484839577646433;6.634925573584546;10.905915589911109;5.274343487971397;100.94965868391154;0.013205075652345577;2688.83217267929;271.3964091450902;239.04680807346122;0.011840976678413329;0.8848579132147356;0.6082967072006404;0.24364386553590892;2.559943368396489e-10;-7.537579449490295e-10;1.1380620890122373e-09;-1.5125911634328304e-10;-3.2926550375123043e-10;6.190248313941993e-11;3.85796283808304e-10;3.731628339664894e-09;2.5599433683964888e-12;-7.537579449490294e-12;1.1380620890122373e-11;-1.5125911634328304e-10;-3.292655037512304e-12;6.190248313941993e-13;3.85796283808304e-12;3.731628339664894e-11;144.84773451033203;115.0;110.03967884750944;110.03967884750944;105.14767125632966;39.85935381438554;16.9100892216872;16.028599814751146;61.090304869525994;21.903006848584596;4.667530600767691;9.090020163597899;13.534174186189716;53.24185326013111;2.9572230587548916;8.567957034788037;4.0;0.8300000000000004;89406.17939646792;13566.631544296713;6.590153134515801;2.9572230587548916;deltaT_shex_1_K;shex;True;True;True;True;True;True;True;True;96.50550466131972;2670.0232009661863;0.06669888989314854;89406.17939646792;0.0;0.0;135.0;4.0;144.84773451033203;4.0;115.0;8.0;110.03967884750944;8.0;110.03967884750944;8.0;105.14767125632966;8.0;30.0;4.0;39.85935381438554;4.0;96.50550466131972;2670.0232009661863;0.00841382562537351;89406.17939646792;0.0;0.0;100.94965868391154;271.3964091450898;0.8966988898931489;13566.631544296713;0.6002641031629833;0.2375068222445957;161.75782373201923;370.2351688721666;0.8384138256253739;89406.17939646792;0.64199341500449;0.2711222481731921;96.50550466131972;2670.0232009661863;0.05828506426777503;89406.17939646792;0.0;0.0;118.92383792995611;271.3964091450898;0.8966988898931489;89406.17939646792;0.6002641031629833;0.2375068222445957;151.02859981475115;336.0979260320406;0.8966988898931489;89406.17939646792;0.6002641031629833;0.2375068222445957;148.07137675599625;346.9218972140678;0.8300000000000004;89406.17939646792;0.6485013915047632;0.27677720192492716;110.35588089516807;277.0209594228924;0.8300000000000004;89406.17939646792;0.6485013915047632;0.27677720192492716;110.33246939923231;276.9781651975685;0.8300000000000004;13566.631544296713;0.6485013915047632;0.27677720192492716;100.94965868391154;2688.83217267929;0.06669888989314854;13566.631544296713;0.0;0.0;51.903006848584596;217.30084673649034;0.06669888989314854;13566.631544296713;0.0;0.0;51.90581799619855;217.3776755140956;0.06669888989314854;89406.17939646792;0.0;0.0;"Zustand 3: Temperatur 424.179 K liegt außerhalb des Boryta-Prüfbereichs; Kristallisation wurde nicht bewertet.";"Zustand 4: Temperatur 421.221 K liegt außerhalb des Boryta-Prüfbereichs; Kristallisation wurde nicht bewertet.";"Zustand 5: Temperatur 383.506 K liegt außerhalb des Boryta-Prüfbereichs; Kristallisation wurde nicht bewertet.";"Zustand 6: Temperatur 383.482 K liegt außerhalb des Boryta-Prüfbereichs; Kristallisation wurde nicht bewertet.";"Zustand 20: Temperatur 434.908 K liegt außerhalb des Boryta-Prüfbereichs; Kristallisation wurde nicht bewertet.";5
series_desorber_to_evaporator;Serie Desorber → Verdampfer;series_desorber_to_evaporator;115.0;nan;30.0;115.0;8.0;8.0;4.0;115.0;0.8400000000000004;Abwärmetemperatur [°C];hot_temperature_C;115.0;10.0;10.0;25.0;15.0;11.0;nan;nan;1.1461443242927645e-20;`gtol` termination condition is satisfied.;4;3.70289897490219e-09;1.51403059697799e-10;1;True;;True;0;zulässig;feasible;True;True;True;96.49722770625249;118.9111248051264;148.04672355671062;51.920326046267746;0.12718048811400712;0.27091895950778444;0.23770198863128297;0.2765501092044885;164.5896847137509;164.97874509217993;165.81902567396097;163.7083378262487;58.767906471748354;0.49947198000643783;12.584272435390874;34.80258358557006;0.005125758879382971;0.03594054709677154;16.458968471032527;16.497874509216377;6.632761026971004;10.91388918839324;5.342536952042081;101.02014892160287;0.013136261508387554;2688.965518758829;271.45991541570885;239.28020856778377;0.011911304929550615;0.8948386803646063;0.6085162183618267;0.2438136944591069;2.5501378786429996e-10;-7.14535985935072e-10;1.0761027624539565e-09;-1.4681245108505436e-10;-3.141167326248251e-10;1.617195266589988e-11;3.5009861676371656e-10;3.4256117942277342e-09;2.5501378786429994e-12;-7.1453598593507195e-12;1.0761027624539565e-11;-1.4681245108505436e-10;-3.1411673262482508e-12;1.6171952665899881e-13;3.500986167637166e-12;3.425611794227734e-11;144.84388066469802;115.0;110.04129707912796;110.04129707912796;105.14571281398895;39.867149826087314;16.840760626217275;16.082990723772298;61.152999095515554;21.920326046267746;4.708470281522693;9.02114815752509;13.54406937287547;53.22257618273238;3.0362671670616805;8.596198342671642;4.0;0.8400000000000004;89379.1983240082;13578.139620468368;6.58258059073671;3.0362671670616805;deltaT_shex_1_K;shex;True;True;True;True;True;True;True;True;96.49722770625249;2670.00998638716;0.06674998529415654;89379.1983240082;0.0;0.0;135.0;4.0;144.84388066469802;4.0;115.0;8.0;110.04129707912796;8.0;110.04129707912796;8.0;105.14571281398895;8.0;30.0;4.0;39.867149826087314;4.0;96.49722770625249;2670.00998638716;0.008489295711313627;89379.1983240082;0.0;0.0;101.02014892160287;271.4599154157094;0.906749985294157;13578.139620468368;0.6005225901853307;0.23770198863128297;161.6846412909153;370.00731073735744;0.848489295711314;89379.1983240082;0.6417568880579447;0.27091895950778444;96.49722770625249;2670.00998638716;0.05826068958284292;89379.1983240082;0.0;0.0;118.9111248051264;271.4599154157094;0.906749985294157;89379.1983240082;0.6005225901853307;0.23770198863128297;151.0829907237723;336.2715034221692;0.906749985294157;89379.1983240082;0.6005225901853307;0.23770198863128297;148.04672355671062;346.762783535777;0.8400000000000004;89379.1983240082;0.6482426783563778;0.2765501092044885;110.31492646245476;276.80099011733256;0.8400000000000004;89379.1983240082;0.6482426783563778;0.2765501092044885;110.2915297184773;276.7582037517412;0.8400000000000004;13578.139620468368;0.6482426783563778;0.2765501092044885;101.02014892160287;2688.965518758829;0.06674998529415654;13578.139620468368;0.0;0.0;51.920326046267746;217.3732874625239;0.06674998529415654;13578.139620468368;0.0;0.0;51.92313663125657;217.4500778746385;0.06674998529415654;89379.1983240082;0.0;0.0;"Zustand 3: Temperatur 424.233 K liegt außerhalb des Boryta-Prüfbereichs; Kristallisation wurde nicht bewertet.";"Zustand 4: Temperatur 421.197 K liegt außerhalb des Boryta-Prüfbereichs; Kristallisation wurde nicht bewertet.";"Zustand 5: Temperatur 383.465 K liegt außerhalb des Boryta-Prüfbereichs; Kristallisation wurde nicht bewertet.";"Zustand 6: Temperatur 383.442 K liegt außerhalb des Boryta-Prüfbereichs; Kristallisation wurde nicht bewertet.";"Zustand 20: Temperatur 434.835 K liegt außerhalb des Boryta-Prüfbereichs; Kristallisation wurde nicht bewertet.";5
series_desorber_to_evaporator;Serie Desorber → Verdampfer;series_desorber_to_evaporator;115.0;nan;30.0;115.0;8.0;8.0;4.0;115.0;0.8500000000000004;Abwärmetemperatur [°C];hot_temperature_C;115.0;10.0;10.0;25.0;15.0;11.0;nan;nan;1.0733206701127407e-20;`gtol` termination condition is satisfied.;4;3.4469657929358123e-09;1.4651420887495796e-10;1;True;;True;0;zulässig;feasible;True;True;True;96.48912129073028;118.89989328400537;148.0205337453628;51.937530712986586;0.12822674613965795;0.2707182698261513;0.2378917180000111;0.2763267335438269;164.52157985050167;165.10823241453087;165.7610450881443;163.82727819860372;59.51509682779882;0.49917296283389506;12.724399797547822;34.79677645900563;0.005127139943669153;0.03636183860685132;16.45215798473274;16.510823241452808;6.630441803537341;10.921818546550606;5.410463348042405;101.08914773221323;0.013069933077086553;2689.0960246631807;271.5241414747052;239.50819244111727;0.01198252501268815;0.9048182682289556;0.6087297395487303;0.24397899867615566;2.660485165506543e-10;-6.676330599475477e-10;1.0326175470254384e-09;-1.4240886248018114e-10;-2.892193151637912e-10;2.7853275241795927e-12;3.44641648553079e-10;3.1742786177346716e-09;2.660485165506543e-12;-6.6763305994754775e-12;1.0326175470254384e-11;-1.4240886248018114e-10;-2.892193151637912e-12;2.7853275241795927e-14;3.44641648553079e-12;3.174278617734671e-11;144.83980740732665;115.0;110.04303094832102;110.04303094832102;105.14388985386518;39.8748942831657;16.77265195809514;16.135772942958113;61.21425344904753;21.937530712986586;4.748578501388124;8.953883216107783;13.553909657590737;53.203549101743704;3.115239197595315;8.625089550423922;4.0;0.8500000000000004;89352.77972450425;13589.57986981111;6.5750950787668625;3.115239197595315;deltaT_shex_1_K;shex;True;True;True;True;True;True;True;True;96.48912129073028;2669.997043736886;0.06680079324164334;89352.77972450425;0.0;0.0;135.0;4.0;144.83980740732665;4.0;115.0;8.0;110.04303094832102;8.0;110.04303094832102;8.0;105.14388985386518;8.0;30.0;4.0;39.8748942831657;4.0;96.48912129073028;2669.997043736886;0.00856564835692398;89352.77972450425;0.0;0.0;101.08914773221323;271.52414147470523;0.9168007932416438;13589.57986981111;0.6007736825907961;0.2378917180000111;161.61245936542178;369.7825098049574;0.8585656483569244;89352.77972450425;0.6415232078693405;0.2707182698261513;96.48912129073028;2669.997043736886;0.05823514488471936;89352.77972450425;0.0;0.0;118.89989328400537;271.52414147470523;0.9168007932416438;89352.77972450425;0.6007736825907961;0.2378917180000111;151.1357729429581;336.4402031388363;0.9168007932416438;89352.77972450425;0.6007736825907961;0.2378917180000111;148.0205337453628;346.6027111671761;0.8500000000000004;89352.77972450425;0.647987986774053;0.2763267335438269;110.27480373358145;276.58495019360817;0.8500000000000004;89352.77972450425;0.647987986774053;0.2763267335438269;110.25142149861188;276.54217155995303;0.8500000000000004;13589.57986981111;0.647987986774053;0.2763267335438269;101.08914773221323;2689.0960246631807;0.06680079324164334;13589.57986981111;0.0;0.0;51.937530712986586;217.44524924090513;0.06680079324164334;13589.57986981111;0.0;0.0;51.94034075212147;217.52200192144775;0.06680079324164334;89352.77972450425;0.0;0.0;"Zustand 3: Temperatur 424.286 K liegt außerhalb des Boryta-Prüfbereichs; Kristallisation wurde nicht bewertet.";"Zustand 4: Temperatur 421.171 K liegt außerhalb des Boryta-Prüfbereichs; Kristallisation wurde nicht bewertet.";"Zustand 5: Temperatur 383.425 K liegt außerhalb des Boryta-Prüfbereichs; Kristallisation wurde nicht bewertet.";"Zustand 6: Temperatur 383.401 K liegt außerhalb des Boryta-Prüfbereichs; Kristallisation wurde nicht bewertet.";"Zustand 20: Temperatur 434.762 K liegt außerhalb des Boryta-Prüfbereichs; Kristallisation wurde nicht bewertet.";5
series_desorber_to_evaporator;Serie Desorber → Verdampfer;series_desorber_to_evaporator;115.0;nan;30.0;115.0;8.0;8.0;4.0;115.0;0.8600000000000004;Abwärmetemperatur [°C];hot_temperature_C;115.0;10.0;10.0;25.0;15.0;11.0;nan;nan;1.0039899544423293e-20;`gtol` termination condition is satisfied.;4;3.1856790631727613e-09;1.4170320775778715e-10;1;True;;True;0;zulässig;feasible;True;True;True;96.48117518400159;118.89009665442336;147.99287260026188;51.95463211363551;0.12928502845442183;0.2705201074217076;0.2380761761846403;0.27610695851933564;164.44992824605066;165.236942526403;165.6993274958748;163.94563166783297;60.259342129809816;0.4988698406408265;12.86436314186063;34.79064545418589;0.005128537272576192;0.03678307174019126;16.44499282431265;16.52369425264432;6.6279730998467965;10.929708777836202;5.478122011858037;101.156710063111;0.013006001538371057;2689.223794432053;271.5890464712178;239.7309386203012;0.012054630040545078;0.914796716622825;0.6089374577306071;0.24413991408413785;2.668230081326328e-10;-6.285958420448878e-10;9.69350821833359e-10;-1.3808276744242676e-10;-2.951026090158848e-10;-4.0188297134591267e-11;2.899298578995513e-10;2.9241675747471163e-09;2.668230081326328e-12;-6.285958420448878e-12;9.693508218333591e-12;-1.3808276744242676e-10;-2.951026090158848e-12;-4.018829713459127e-13;2.899298578995513e-12;2.924167574747116e-11;144.83552202428535;115.0;110.04487657009946;110.04487657009946;105.14219619725759;39.88259225636381;16.70572178568466;16.186990906422977;61.2741178067472;21.954632113635512;4.787871627622906;8.888166506988455;13.563701386097875;53.18475457450626;3.1941183061611014;8.654600327465346;4.0;0.8600000000000004;89326.88985795584;13600.959631076426;6.567690242521969;3.1941183061611014;deltaT_shex_1_K;shex;True;True;True;True;True;True;True;True;96.48117518400159;2669.98435670204;0.06685134666336967;89326.88985795584;0.0;0.0;135.0;4.0;144.83552202428535;4.0;115.0;8.0;110.04487657009946;8.0;110.04487657009946;8.0;105.14219619725759;8.0;30.0;4.0;39.88259225636381;4.0;96.48117518400159;2669.98435670204;0.008642878255590165;89326.88985795584;0.0;0.0;101.156710063111;271.58904647121864;0.9268513466633701;13600.959631076426;0.6010176162185911;0.2380761761846403;161.54124380997;369.560669632231;0.8686428782555906;89326.88985795584;0.6412922974944189;0.2705201074217076;96.48117518400159;2669.98435670204;0.058208468407779504;89326.88985795584;0.0;0.0;118.89009665442336;271.58904647121864;0.9268513466633701;89326.88985795584;0.6010176162185911;0.2380761761846403;151.18699090642298;336.60415633402584;0.9268513466633701;89326.88985795584;0.6010176162185911;0.2380761761846403;147.99287260026188;346.4417372337998;0.8600000000000004;89326.88985795584;0.6477371941402436;0.27610695851933564;110.23549632695801;276.37273475758707;0.8600000000000004;89326.88985795584;0.6477371941402436;0.27610695851933564;110.2121283723771;276.3299637439357;0.8600000000000004;13600.959631076426;0.6477371941402436;0.27610695851933564;101.156710063111;2689.223794432053;0.06685134666336967;13600.959631076426;0.0;0.0;51.95463211363551;217.5167791874008;0.06685134666336967;13600.959631076426;0.0;0.0;51.95744162275133;217.59349472909963;0.06685134666336967;89326.88985795584;0.0;0.0;"Zustand 3: Temperatur 424.337 K liegt außerhalb des Boryta-Prüfbereichs; Kristallisation wurde nicht bewertet.";"Zustand 4: Temperatur 421.143 K liegt außerhalb des Boryta-Prüfbereichs; Kristallisation wurde nicht bewertet.";"Zustand 5: Temperatur 383.385 K liegt außerhalb des Boryta-Prüfbereichs; Kristallisation wurde nicht bewertet.";"Zustand 6: Temperatur 383.362 K liegt außerhalb des Boryta-Prüfbereichs; Kristallisation wurde nicht bewertet.";"Zustand 20: Temperatur 434.691 K liegt außerhalb des Boryta-Prüfbereichs; Kristallisation wurde nicht bewertet.";5
series_desorber_to_evaporator;Serie Desorber → Verdampfer;series_desorber_to_evaporator;115.0;nan;30.0;115.0;8.0;8.0;4.0;115.0;0.8700000000000004;Abwärmetemperatur [°C];hot_temperature_C;115.0;10.0;10.0;25.0;15.0;11.0;nan;nan;9.395607767145427e-21;`gtol` termination condition is satisfied.;4;2.9858400974201653e-09;1.3708105461474554e-10;1;True;;True;0;zulässig;feasible;True;True;True;96.47337973332054;118.88168972007378;147.96380235926506;51.97164083894245;0.13035517837574423;0.27032440298653626;0.23825552236017164;0.27589067215454427;164.37484577438096;165.3649551367513;165.633996489163;164.063470234533;61.00063599925906;0.4985626593004301;13.00415842765997;34.784201197306345;0.005129950756971416;0.037204236945303906;16.43748457716531;16.53649551367845;6.625359859576439;10.93756468228221;5.5455123636218175;101.22288832908157;0.012944381866531875;2689.3489273237365;271.65459126833446;239.94861832464912;0.01212761307172916;0.9247740634065816;0.6091395519476128;0.2442965710284624;2.660769382600847e-10;-5.809326353301003e-10;9.462155503570102e-10;-1.3379641838895395e-10;-2.4797941478027496e-10;-3.319655661471188e-11;2.998774562001927e-10;2.727858827711316e-09;2.6607693826008474e-12;-5.809326353301003e-12;9.462155503570103e-12;-1.3379641838895395e-10;-2.4797941478027496e-12;-3.319655661471188e-13;2.998774562001927e-12;2.7278588277113157e-11;144.83103144583617;115.0;110.04683024852983;110.04683024852983;105.14062599510481;39.89024851296358;16.63993045554696;16.23668740327878;61.33263981611799;21.97164083894245;4.826365728190069;8.82394191944826;13.573450515209288;53.166176162107206;3.2728850440137194;8.684701558985068;4.0;0.8700000000000004;89301.49690709561;13612.285816198784;6.56036011239389;3.2728850440137194;deltaT_shex_1_K;shex;True;True;True;True;True;True;True;True;96.47337973332054;2669.9719098900764;0.06690167647831036;89301.49690709561;0.0;0.0;135.0;4.0;144.83103144583617;4.0;115.0;8.0;110.04683024852983;8.0;110.04683024852983;8.0;105.14062599510481;8.0;30.0;4.0;39.89024851296358;4.0;96.47337973332054;2669.9719098900764;0.00872097997096648;89301.49690709561;0.0;0.0;101.22288832908157;271.6545912683337;0.9369016764783108;13612.285816198784;0.6012546169771948;0.23825552236017164;161.47096190138313;369.3416975127887;0.8787209799709669;89301.49690709561;0.641064082467528;0.27032440298653626;96.47337973332054;2669.9719098900764;0.05818069650734388;89301.49690709561;0.0;0.0;118.88168972007378;271.6545912683337;0.9369016764783108;89301.49690709561;0.6012546169771948;0.23825552236017164;151.23668740327878;336.7634895985751;0.9369016764783108;89301.49690709561;0.6012546169771948;0.23825552236017164;147.96380235926506;346.27991590152834;0.8700000000000004;89301.49690709561;0.6474901823405267;0.27589067215454427;110.19698816108871;276.1642423394675;0.8700000000000004;89301.49690709561;0.6474901823405267;0.27589067215454427;110.17363427180993;276.12147884872576;0.8700000000000004;13612.285816198784;0.6474901823405267;0.27589067215454427;101.22288832908157;2689.3489273237365;0.06690167647831036;13612.285816198784;0.0;0.0;51.97164083894245;217.58792159822366;0.06690167647831036;13612.285816198784;0.0;0.0;51.97444983299761;217.6646005549705;0.06690167647831036;89301.49690709561;0.0;0.0;"Zustand 3: Temperatur 424.387 K liegt außerhalb des Boryta-Prüfbereichs; Kristallisation wurde nicht bewertet.";"Zustand 4: Temperatur 421.114 K liegt außerhalb des Boryta-Prüfbereichs; Kristallisation wurde nicht bewertet.";"Zustand 5: Temperatur 383.347 K liegt außerhalb des Boryta-Prüfbereichs; Kristallisation wurde nicht bewertet.";"Zustand 6: Temperatur 383.324 K liegt außerhalb des Boryta-Prüfbereichs; Kristallisation wurde nicht bewertet.";"Zustand 20: Temperatur 434.621 K liegt außerhalb des Boryta-Prüfbereichs; Kristallisation wurde nicht bewertet.";5
series_desorber_to_evaporator;Serie Desorber → Verdampfer;series_desorber_to_evaporator;115.0;nan;30.0;115.0;8.0;8.0;4.0;115.0;0.8800000000000004;Abwärmetemperatur [°C];hot_temperature_C;115.0;10.0;10.0;25.0;15.0;11.0;nan;nan;8.782629976371295e-21;`gtol` termination condition is satisfied.;4;2.761430500732488e-09;1.3253399546057077e-10;1;True;;True;0;zulässig;feasible;True;True;True;96.4657258275841;118.87462875559936;147.93338237705768;51.988566848697644;0.13143703998776995;0.2701310895179928;0.2384299093656164;0.27567776671888333;164.29644271129996;165.4923452057907;165.56516970882927;164.18086150333517;61.73897291261289;0.4982514637320645;13.14378173352164;34.7774538017772;0.005131380278200581;0.037625324918632755;16.42964427087928;16.549234520585063;6.622606788362947;10.945390766871407;5.612633901196357;101.28773255187946;0.012884992640945921;2689.471518077934;271.7207383728818;240.161395467654;0.012201467125429355;0.9347503446013031;0.6093361937230037;0.2444490945807673;2.7061730634159176e-10;-5.470397468343435e-10;9.040377335622907e-10;-1.2963174977898007e-10;-2.4439827939204406e-10;-5.991296347929165e-11;2.6406610231788363e-10;2.5071642539842287e-09;2.7061730634159177e-12;-5.470397468343435e-12;9.040377335622906e-12;-1.2963174977898007e-10;-2.4439827939204405e-12;-5.991296347929164e-13;2.6406610231788362e-12;2.5071642539842287e-11;144.82634226742226;115.0;110.04888846564506;110.04888846564506;105.13917370777023;39.8978675362315;16.575239999406676;16.284903650708202;61.389865015647956;21.988566848697644;4.864076568221208;8.761155913765606;13.58316263806097;53.14779836598808;3.351521273650519;8.71536529754303;4.0;0.8800000000000004;89276.57085521318;13623.564937246281;6.553099079899022;3.351521273650519;deltaT_shex_1_K;shex;True;True;True;True;True;True;True;True;96.4657258275841;2669.959688771368;0.06695181172673204;89276.57085521318;0.0;0.0;135.0;4.0;144.82634226742226;4.0;115.0;8.0;110.04888846564506;8.0;110.04888846564506;8.0;105.13917370777023;8.0;30.0;4.0;39.8978675362315;4.0;96.4657258275841;2669.959688771368;0.008799947955180123;89276.57085521318;0.0;0.0;101.28773255187946;271.72073837288167;0.9469518117267325;13623.564937246281;0.6014849013510208;0.2384299093656164;161.40158226682894;369.12550430134684;0.8887999479551806;89276.57085521318;0.6408384907094727;0.2701310895179928;96.4657258275841;2669.959688771368;0.05815186377155191;89276.57085521318;0.0;0.0;118.87462875559936;271.72073837288167;0.9469518117267325;89276.57085521318;0.6014849013510208;0.2384299093656164;151.2849036507082;336.91832514346305;0.9469518117267325;89276.57085521318;0.6014849013510208;0.2384299093656164;147.93338237705768;346.11729853324294;0.8800000000000004;89276.57085521318;0.6472468375688908;0.27567776671888333;110.15926345805633;275.9593747692177;0.8800000000000004;89276.57085521318;0.6472468375688908;0.27567776671888333;110.13592343177879;275.91661871817377;0.8800000000000004;13623.564937246281;0.6472468375688908;0.27567776671888333;101.28773255187946;2689.471518077934;0.06695181172673204;13623.564937246281;0.0;0.0;51.988566848697644;217.65871813074264;0.06695181172673204;13623.564937246281;0.0;0.0;51.991375341782145;217.7353610197976;0.06695181172673204;89276.57085521318;0.0;0.0;"Zustand 3: Temperatur 424.435 K liegt außerhalb des Boryta-Prüfbereichs; Kristallisation wurde nicht bewertet.";"Zustand 4: Temperatur 421.083 K liegt außerhalb des Boryta-Prüfbereichs; Kristallisation wurde nicht bewertet.";"Zustand 5: Temperatur 383.309 K liegt außerhalb des Boryta-Prüfbereichs; Kristallisation wurde nicht bewertet.";"Zustand 6: Temperatur 383.286 K liegt außerhalb des Boryta-Prüfbereichs; Kristallisation wurde nicht bewertet.";"Zustand 20: Temperatur 434.552 K liegt außerhalb des Boryta-Prüfbereichs; Kristallisation wurde nicht bewertet.";5
series_desorber_to_evaporator;Serie Desorber → Verdampfer;series_desorber_to_evaporator;115.0;nan;30.0;115.0;8.0;8.0;4.0;115.0;0.8900000000000005;Abwärmetemperatur [°C];hot_temperature_C;115.0;10.0;10.0;25.0;15.0;11.0;nan;nan;8.198915059751611e-21;`gtol` termination condition is satisfied.;4;2.538841063056517e-09;1.2805401250840687e-10;1;True;;True;0;zulässig;feasible;True;True;True;96.45820486354921;118.86887146160859;147.90166927427964;52.005419511860396;0.13253045823628365;0.2699401022294314;0.23859948400905023;0.2754681385371522;164.21482406248418;165.61918324706636;165.49295919130952;164.29786896620695;62.474348135985394;0.49793629792533534;13.283229253085565;34.77041289821409;0.0051328257091821875;0.03804632659548395;16.421482406018995;16.561918324713993;6.619718367661608;10.953191264396574;5.67948619422685;101.351290490873;0.01282775586719015;2689.5916571618673;271.78745186702855;240.36942703445916;0.01227618519434237;0.9447255944966366;0.6095275474504226;0.2445976048007121;2.7058177920480375e-10;-5.099565214550239e-10;8.413394425588194e-10;-1.255182624504414e-10;-2.3067059373715892e-10;-7.355538400588557e-11;2.58324917012942e-10;2.294228806931642e-09;2.7058177920480375e-12;-5.099565214550239e-12;8.413394425588194e-12;-1.255182624504414e-10;-2.306705937371589e-12;-7.355538400588557e-13;2.5832491701294203e-12;2.294228806931642e-11;144.82146076928734;115.0;110.05104787107325;110.05104787107325;105.13783408619867;39.90545354348484;16.511614046847626;16.3316793634732;61.44583694738816;22.005419511860396;4.901019607766045;8.699757380200253;13.592843007524039;53.12960656886219;3.4300100891935585;8.74656471588105;4.0;0.8900000000000005;89252.08337275914;13634.803131462586;6.545901874212481;3.4300100891935585;deltaT_shex_1_K;shex;True;True;True;True;True;True;True;True;96.45820486354921;2669.9476796254403;0.06700177969097854;89252.08337275914;0.0;0.0;135.0;4.0;144.82146076928734;4.0;115.0;8.0;110.05104787107325;8.0;110.05104787107325;8.0;105.13783408619867;8.0;30.0;4.0;39.90545354348484;4.0;96.45820486354921;2669.9476796254403;0.008879776565091908;89252.08337275914;0.0;0.0;101.351290490873;271.78745186702804;0.957001779690979;13634.803131462586;0.6017086768774014;0.23859948400905023;161.33307481613497;368.9120042483161;0.8988797765650923;89252.08337275914;0.6406154524392021;0.2699401022294314;96.45820486354921;2669.9476796254403;0.058122003125886626;89252.08337275914;0.0;0.0;118.86887146160859;271.78745186702804;0.957001779690979;89252.08337275914;0.6017086768774014;0.23859948400905023;151.3316793634732;337.06878097402165;0.957001779690979;89252.08337275914;0.6017086768774014;0.23859948400905023;147.90166927427964;345.953933838414;0.8900000000000005;89252.08337275914;0.6470070501428956;0.2754681385371522;110.12230674572754;275.758037056712;0.8900000000000005;89252.08337275914;0.6470070501428956;0.2754681385371522;110.09898039223395;275.71528837514404;0.8900000000000005;13634.803131462586;0.6470070501428956;0.2754681385371522;101.351290490873;2689.5916571618673;0.06700177969097854;13634.803131462586;0.0;0.0;52.005419511860396;217.72920797133983;0.06700177969097854;13634.803131462586;0.0;0.0;52.00822751733648;217.80581527539735;0.06700177969097854;89252.08337275914;0.0;0.0;"Zustand 3: Temperatur 424.482 K liegt außerhalb des Boryta-Prüfbereichs; Kristallisation wurde nicht bewertet.";"Zustand 4: Temperatur 421.052 K liegt außerhalb des Boryta-Prüfbereichs; Kristallisation wurde nicht bewertet.";"Zustand 5: Temperatur 383.272 K liegt außerhalb des Boryta-Prüfbereichs; Kristallisation wurde nicht bewertet.";"Zustand 6: Temperatur 383.249 K liegt außerhalb des Boryta-Prüfbereichs; Kristallisation wurde nicht bewertet.";"Zustand 20: Temperatur 434.483 K liegt außerhalb des Boryta-Prüfbereichs; Kristallisation wurde nicht bewertet.";5
series_desorber_to_evaporator;Serie Desorber → Verdampfer;series_desorber_to_evaporator;115.0;nan;30.0;115.0;8.0;8.0;4.0;115.0;0.9000000000000005;Abwärmetemperatur [°C];hot_temperature_C;115.0;10.0;10.0;25.0;15.0;11.0;nan;nan;7.666866305929605e-21;`gtol` termination condition is satisfied.;4;2.389861020924749e-09;1.238294496953742e-10;1;True;;True;0;zulässig;feasible;True;True;True;96.45080871438353;118.86437691984514;147.86871707870716;52.02220764383611;0.13363527901057146;0.26975137846537134;0.2387643873557715;0.2752616878087354;164.13008986980606;165.7455356078685;165.41747169266426;164.41455226522513;63.206757665498;0.49761720496479445;13.422497291100562;34.76308766244847;0.005134286915374445;0.03846723314127463;16.413008986765824;16.574553560796062;6.616698867715809;10.960970150999346;5.746068878725418;101.41360776541865;0.012772596807920731;2689.709431000825;271.854697341661;240.57286343662864;0.012351760255986388;0.9546998457515431;0.6097137707577407;0.24474221698253293;2.715125901886495e-10;-4.815916554434807e-10;8.129177331284154e-10;-1.2150747075168056e-10;-2.3095481083146296e-10;-9.211476026393939e-11;2.349338501517195e-10;2.147828581655631e-09;2.715125901886495e-12;-4.815916554434807e-12;8.129177331284154e-12;-1.2150747075168056e-10;-2.3095481083146298e-12;-9.211476026393938e-13;2.349338501517195e-12;2.147828581655631e-11;144.81639293479702;115.0;110.05330527234855;110.05330527234855;105.13660215436931;39.91301050286296;16.449017743473064;16.37705281993334;61.50059726255569;22.02220764383611;4.937210000699849;8.639697506929906;13.602496557965026;53.11158698009285;3.508335741226176;8.778274061044272;4.0;0.9000000000000005;89228.0077118846;13646.006184577362;6.538763540407125;3.508335741226176;deltaT_shex_1_K;shex;True;True;True;True;True;True;True;True;96.45080871438353;2669.935869490917;0.06705160600752902;89228.0077118846;0.0;0.0;135.0;4.0;144.81639293479702;4.0;115.0;8.0;110.05330527234855;8.0;110.05330527234855;8.0;105.13660215436931;8.0;30.0;4.0;39.91301050286296;4.0;96.45080871438353;2669.935869490917;0.00896046007692305;89228.0077118846;0.0;0.0;101.41360776541865;271.8546973416609;0.9670516060075295;13646.006184577362;0.601926142595615;0.2387643873557715;161.2654106782701;368.70111484400235;0.9089604600769235;89228.0077118846;0.6403949000897715;0.26975137846537134;96.45080871438353;2669.935869490917;0.05809114593060597;89228.0077118846;0.0;0.0;118.86437691984514;271.8546973416609;0.9670516060075295;89228.0077118846;0.601926142595615;0.2387643873557715;151.37705281993334;337.21497105698717;0.9670516060075295;89228.0077118846;0.601926142595615;0.2387643873557715;147.86871707870716;345.7898680153039;0.9000000000000005;89228.0077118846;0.646770714327785;0.2752616878087354;110.08610285880087;275.5601372761634;0.9000000000000005;89228.0077118846;0.646770714327785;0.2752616878087354;110.06278999930015;275.5173959060064;0.9000000000000005;13646.006184577362;0.646770714327785;0.2752616878087354;101.41360776541865;2689.709431000825;0.06705160600752902;13646.006184577362;0.0;0.0;52.02220764383611;217.79942799124095;0.06705160600752902;13646.006184577362;0.0;0.0;52.02501517427646;217.87600016036689;0.06705160600752902;89228.0077118846;0.0;0.0;"Zustand 3: Temperatur 424.527 K liegt außerhalb des Boryta-Prüfbereichs; Kristallisation wurde nicht bewertet.";"Zustand 4: Temperatur 421.019 K liegt außerhalb des Boryta-Prüfbereichs; Kristallisation wurde nicht bewertet.";"Zustand 5: Temperatur 383.236 K liegt außerhalb des Boryta-Prüfbereichs; Kristallisation wurde nicht bewertet.";"Zustand 6: Temperatur 383.213 K liegt außerhalb des Boryta-Prüfbereichs; Kristallisation wurde nicht bewertet.";"Zustand 20: Temperatur 434.415 K liegt außerhalb des Boryta-Prüfbereichs; Kristallisation wurde nicht bewertet.";5
series_desorber_to_evaporator;Serie Desorber → Verdampfer;series_desorber_to_evaporator;115.0;nan;30.0;115.0;8.0;8.0;4.0;115.0;0.9100000000000005;Abwärmetemperatur [°C];hot_temperature_C;115.0;10.0;10.0;25.0;15.0;11.0;nan;nan;7.201648152282673e-21;`gtol` termination condition is satisfied.;4;2.3484707774796063e-09;1.2001373381644847e-10;1;True;;True;0;zulässig;feasible;True;True;True;96.4435297004166;118.86110554879974;147.83457735899424;52.03893954110805;0.13475134920973877;0.2695648576204165;0.23892475500075092;0.2750583184362561;164.0423354978596;165.87146472995676;165.33880899167804;164.53096743671102;63.93619817286483;0.4972942270552977;13.561582259660632;34.755486841728384;0.005135763755648566;0.03888803594316481;16.404233549573807;16.587146473005156;6.613552359675853;10.968731162432224;5.8123816521207194;101.47472796956754;0.01271944382301832;2689.8249221943092;271.92244183193213;240.77184884588647;0.012428185282628679;0.9646731294884974;0.6098950148493073;0.24488304188754573;2.715268010433647e-10;-4.630891226042877e-10;7.771063792461064e-10;-1.1769940577721627e-10;-2.1827872842550278e-10;-9.481482265982777e-11;2.276578925375361e-10;2.121538500432507e-09;2.7152680104336468e-12;-4.630891226042877e-12;7.771063792461064e-12;-1.1769940577721627e-10;-2.1827872842550277e-12;-9.481482265982777e-13;2.276578925375361e-12;2.1215385004325073e-11;144.81114446757533;115.0;110.05565762584695;110.05565762584695;105.13547319293093;39.920542148920845;16.387417674042297;16.421060924862786;61.554185820646694;22.03893954110805;4.972662594620374;8.580929656279409;13.612127925430343;53.0937265845763;3.586483565868548;8.810468609928193;4.0;0.9100000000000005;89204.31860844817;13657.179552492424;6.531679419281594;3.586483565868548;deltaT_shex_1_K;shex;True;True;True;True;True;True;True;True;96.4435297004166;2669.924246118962;0.06710131477112558;89204.31860844817;0.0;0.0;135.0;4.0;144.81114446757533;4.0;115.0;8.0;110.05565762584695;8.0;110.05565762584695;8.0;105.13547319293093;8.0;30.0;4.0;39.920542148920845;4.0;96.4435297004166;2669.924246118962;0.009041992699156546;89204.31860844817;0.0;0.0;101.47472796956754;271.9224418319326;0.977101314771126;13657.179552492424;0.6021374894699926;0.23892475500075092;161.19856214161763;368.4927566714378;0.919041992699157;89204.31860844817;0.6401767682278332;0.2695648576204165;96.4435297004166;2669.924246118962;0.05805932207196903;89204.31860844817;0.0;0.0;118.86110554879974;271.9224418319326;0.977101314771126;89204.31860844817;0.6021374894699926;0.23892475500075092;151.4210609248628;337.35700548088346;0.977101314771126;89204.31860844817;0.6021374894699926;0.23892475500075092;147.83457735899424;345.62514488636486;0.9100000000000005;89204.31860844817;0.6465377281693566;0.2750583184362561;110.05063693887155;275.3655864549437;0.9100000000000005;89204.31860844817;0.6465377281693566;0.2750583184362561;110.02733740537963;275.32285234951166;0.9100000000000005;13657.179552492424;0.6465377281693566;0.2750583184362561;101.47472796956754;2689.8249221943092;0.06710131477112558;13657.179552492424;0.0;0.0;52.03893954110805;217.86941289133708;0.06710131477112558;13657.179552492424;0.0;0.0;52.04174660835463;217.94595034478587;0.06710131477112558;89204.31860844817;0.0;0.0;"Zustand 3: Temperatur 424.571 K liegt außerhalb des Boryta-Prüfbereichs; Kristallisation wurde nicht bewertet.";"Zustand 4: Temperatur 420.985 K liegt außerhalb des Boryta-Prüfbereichs; Kristallisation wurde nicht bewertet.";"Zustand 5: Temperatur 383.201 K liegt außerhalb des Boryta-Prüfbereichs; Kristallisation wurde nicht bewertet.";"Zustand 6: Temperatur 383.177 K liegt außerhalb des Boryta-Prüfbereichs; Kristallisation wurde nicht bewertet.";"Zustand 20: Temperatur 434.349 K liegt außerhalb des Boryta-Prüfbereichs; Kristallisation wurde nicht bewertet.";5
series_desorber_to_evaporator;Serie Desorber → Verdampfer;series_desorber_to_evaporator;115.0;nan;30.0;115.0;8.0;8.0;4.0;115.0;0.9200000000000005;Abwärmetemperatur [°C];hot_temperature_C;115.0;10.0;10.0;25.0;15.0;11.0;nan;nan;6.689785342640556e-21;`gtol` termination condition is satisfied.;4;2.0732252355771126e-09;1.1567009416993276e-10;1;True;;True;0;zulässig;feasible;True;True;True;96.43636056191338;118.85901905990994;147.79929935129053;52.055623013424395;0.13587851679778387;0.2693804810615785;0.23908071732638483;0.274857937863097;163.95165190164374;165.99702939174765;165.25706817316302;164.6471671378161;64.66266695577472;0.496967405547544;13.70048067465281;34.74761877920008;0.005137256083064944;0.039308726602047615;16.395165189981334;16.599702939185388;6.61028272693542;10.976477809173065;5.878424268747591;101.53469277965485;0.012668228218435473;2689.9382097187927;271.9906537550096;240.96652150827148;0.012505453249943566;0.9746454753814945;0.6100714248281274;0.24502018596355832;2.729052539507393e-10;-4.487787919060793e-10;7.414655556203797e-10;-1.1380263398308443e-10;-2.2248514142120257e-10;-1.0624034985085018e-10;2.2012613953847904e-10;1.8304149307368789e-09;2.7290525395073927e-12;-4.487787919060793e-12;7.414655556203797e-12;-1.1380263398308443e-10;-2.2248514142120257e-12;-1.0624034985085019e-12;2.2012613953847905e-12;1.8304149307368788e-11;144.8057208075146;115.0;110.05810202831452;110.05810202831452;105.13444272395401;39.928051997114096;16.32678179020212;16.46373926923883;61.60664078254075;22.055623013424395;5.00739193161877;8.523409248659675;13.621741466401147;53.0760130952732;3.6644399179483003;8.8431246262885;4.0;0.9200000000000005;89180.9921908774;13668.328381463338;6.524645128648104;3.6644399179483003;deltaT_shex_1_K;shex;True;True;True;True;True;True;True;True;96.43636056191338;2669.9127979299387;0.06715092863143757;89180.9921908774;0.0;0.0;135.0;4.0;144.8057208075146;4.0;115.0;8.0;110.05810202831452;8.0;110.05810202831452;8.0;105.13444272395401;8.0;30.0;4.0;39.928051997114096;4.0;96.43636056191338;2669.9127979299387;0.009124368584033576;89180.9921908774;0.0;0.0;101.53469277965485;271.99065375500993;0.987150928631438;13668.328381463338;0.6023429007888585;0.23908071732638483;161.13250259771672;368.28685326709774;0.929124368584034;89180.9921908774;0.6399609934763002;0.2693804810615785;96.43636056191338;2669.9127979299387;0.05802656004740399;89180.9921908774;0.0;0.0;118.85901905990994;271.99065375500993;0.987150928631438;89180.9921908774;0.6023429007888585;0.23908071732638483;151.46373926923883;337.49499060998454;0.987150928631438;89180.9921908774;0.6023429007888585;0.23908071732638483;147.79929935129053;345.4598060269491;0.9200000000000005;89180.9921908774;0.6463079933350822;0.274857937863097;110.01589443362144;275.17429846662105;0.9200000000000005;89180.9921908774;0.6463079933350822;0.274857937863097;109.99260806838123;275.1315715898797;0.9200000000000005;13668.328381463338;0.6463079933350822;0.274857937863097;101.53469277965485;2689.9382097187927;0.06715092863143757;13668.328381463338;0.0;0.0;52.055623013424395;217.93919533682333;0.06715092863143757;13668.328381463338;0.0;0.0;52.05842962868081;218.01569846474374;0.06715092863143757;89180.9921908774;0.0;0.0;"Zustand 3: Temperatur 424.614 K liegt außerhalb des Boryta-Prüfbereichs; Kristallisation wurde nicht bewertet.";"Zustand 4: Temperatur 420.949 K liegt außerhalb des Boryta-Prüfbereichs; Kristallisation wurde nicht bewertet.";"Zustand 5: Temperatur 383.166 K liegt außerhalb des Boryta-Prüfbereichs; Kristallisation wurde nicht bewertet.";"Zustand 6: Temperatur 383.143 K liegt außerhalb des Boryta-Prüfbereichs; Kristallisation wurde nicht bewertet.";"Zustand 20: Temperatur 434.283 K liegt außerhalb des Boryta-Prüfbereichs; Kristallisation wurde nicht bewertet.";5
series_desorber_to_evaporator;Serie Desorber → Verdampfer;series_desorber_to_evaporator;115.0;nan;30.0;115.0;8.0;8.0;4.0;115.0;0.9300000000000005;Abwärmetemperatur [°C];hot_temperature_C;115.0;10.0;10.0;25.0;15.0;11.0;nan;nan;6.247299711664897e-21;`gtol` termination condition is satisfied.;4;1.9591770049506145e-09;1.1177924415261446e-10;1;True;;True;0;zulässig;feasible;True;True;True;96.42929443363579;118.85808041445358;147.76293007882987;52.07226541382852;0.13701663085351076;0.2691981920546855;0.2392323997458374;0.27466045691877394;163.85812587781766;166.12228493439102;165.17234189390382;164.76320085790874;65.3861618922336;0.4966367809638401;13.839189152319744;34.73949143688816;0.0051387637455722335;0.039729296924743494;16.38581258760981;16.612228493450644;6.606893675764262;10.984213390514052;5.944196535695673;101.59354205521032;0.012618884103290179;2690.0493691179195;272.0593028497253;241.15701403955816;0.012583557144584478;0.9846169117386752;0.6102431399985492;0.24515375155143287;2.7412738745624665e-10;-4.1880809931171825e-10;7.246967470564414e-10;-1.1005441002964744e-10;-2.0273205336707179e-10;-1.1542056199687067e-10;1.979572061827639e-10;1.7195702639583033e-09;2.7412738745624666e-12;-4.188080993117182e-12;7.2469674705644135e-12;-1.1005441002964744e-10;-2.027320533670718e-12;-1.1542056199687067e-12;1.9795720618276393e-12;1.7195702639583032e-11;144.8001271458025;115.0;110.06063570891433;110.06063570891433;105.13350649665631;39.93554335732006;16.267079342601562;16.505122186868448;61.657998697890264;22.072265413828518;5.0414122498301595;8.467093653704012;13.631341275278544;53.05843490899008;3.74219210803858;8.87621931921933;4.0;0.9300000000000005;89158.0058950942;13679.457526956032;6.5176565459122955;3.74219210803858;deltaT_shex_1_K;shex;True;True;True;True;True;True;True;True;96.42929443363579;2669.9015139729086;0.06720046888325915;89158.0058950942;0.0;0.0;135.0;4.0;144.8001271458025;4.0;115.0;8.0;110.06063570891433;8.0;110.06063570891433;8.0;105.13350649665631;8.0;30.0;4.0;39.93554335732006;4.0;96.42929443363579;2669.9015139729086;0.009207581838160355;89158.0058950942;0.0;0.0;101.59354205521032;272.05930284972504;0.9972004688832596;13679.457526956032;0.6025425525400796;0.2392323997458374;161.06720648840405;368.0833309896835;0.9392075818381609;89158.0058950942;0.6397475144410345;0.2691981920546855;96.42929443363579;2669.9015139729086;0.05799288704509879;89158.0058950942;0.0;0.0;118.85808041445358;272.05930284972504;0.9972004688832596;89158.0058950942;0.6025425525400796;0.2392323997458374;151.50512218686845;337.62902923127996;0.9972004688832596;89158.0058950942;0.6025425525400796;0.2392323997458374;147.76293007882987;345.29389088682444;0.9300000000000005;89158.0058950942;0.646081414962455;0.27466045691877394;109.98186109523425;274.9861899277283;0.9300000000000005;89158.0058950942;0.646081414962455;0.27466045691877394;109.95858775016984;274.94347025361566;0.9300000000000005;13679.457526956032;0.646081414962455;0.27466045691877394;101.59354205521032;2690.0493691179195;0.06720046888325915;13679.457526956032;0.0;0.0;52.07226541382852;218.00880608287332;0.06720046888325915;13679.457526956032;0.0;0.0;52.07507158766623;218.08527524790995;0.06720046888325915;89158.0058950942;0.0;0.0;"Zustand 3: Temperatur 424.655 K liegt außerhalb des Boryta-Prüfbereichs; Kristallisation wurde nicht bewertet.";"Zustand 4: Temperatur 420.913 K liegt außerhalb des Boryta-Prüfbereichs; Kristallisation wurde nicht bewertet.";"Zustand 5: Temperatur 383.132 K liegt außerhalb des Boryta-Prüfbereichs; Kristallisation wurde nicht bewertet.";"Zustand 6: Temperatur 383.109 K liegt außerhalb des Boryta-Prüfbereichs; Kristallisation wurde nicht bewertet.";"Zustand 20: Temperatur 434.217 K liegt außerhalb des Boryta-Prüfbereichs; Kristallisation wurde nicht bewertet.";5
series_desorber_to_evaporator;Serie Desorber → Verdampfer;series_desorber_to_evaporator;115.0;nan;30.0;115.0;8.0;8.0;4.0;115.0;0.9400000000000005;Abwärmetemperatur [°C];hot_temperature_C;115.0;10.0;10.0;25.0;15.0;11.0;nan;nan;5.830878164640742e-21;`gtol` termination condition is satisfied.;4;1.8318649343256035e-09;1.0798961213598966e-10;1;True;;True;0;zulässig;feasible;True;True;True;96.42232482123461;118.85825378137406;147.72551446535675;52.08887366650873;0.1381655416044595;0.2690179356933461;0.23937992293396518;0.2744657896726979;163.76184029888395;166.24728347132987;165.08471863066563;164.87911511431608;66.10668139920153;0.496302393023625;13.977704406073222;34.731112417118254;0.005140286586631231;0.040149738916702656;16.37618402972829;16.624728347146732;6.603388745234406;10.991941007608915;6.009698309053871;101.65131393377254;0.012571348254694996;2690.158472681244;272.1283601189461;241.34345370405634;0.012662489970745594;0.9945874655792933;0.6104102941522365;0.24528383708077295;2.7119995138491504e-10;-3.9104008919821354e-10;6.816094355599489e-10;-1.064298649211537e-10;-1.9451817934168503e-10;-1.3744738680543378e-10;1.823536877054721e-10;1.6010517356335185e-09;2.7119995138491504e-12;-3.9104008919821356e-12;6.816094355599489e-12;-1.064298649211537e-10;-1.9451817934168502e-12;-1.3744738680543378e-12;1.823536877054721e-12;1.6010517356335187e-11;144.79436843892847;115.0;110.06325602181022;110.06325602181022;105.13266047413327;39.943019346371386;16.208280816999263;16.545242808597152;61.708294587401156;22.088873666508732;5.074737485619153;8.411942088037677;13.640931200575608;53.04098106526038;3.8197283432403992;8.909730803195828;4.0;0.9400000000000005;89135.33838561576;13690.571571151273;6.510709791944804;3.8197283432403992;deltaT_shex_1_K;shex;True;True;True;True;True;True;True;True;96.42232482123461;2669.8903838880406;0.06724995555003843;89135.33838561576;0.0;0.0;135.0;4.0;144.79436843892847;4.0;115.0;8.0;110.06325602181022;8.0;110.06325602181022;8.0;105.13266047413327;8.0;30.0;4.0;39.943019346371386;4.0;96.42232482123461;2669.8903838880406;0.009291626531446887;89135.33838561576;0.0;0.0;101.65131393377254;272.1283601189458;1.007249955550039;13690.571571151273;0.6027366137661979;0.23937992293396518;161.00264925592774;367.8821188955166;0.9492916265314474;89135.33838561576;0.639536271639811;0.2690179356933461;96.42232482123461;2669.8903838880406;0.05795832901859155;89135.33838561576;0.0;0.0;118.85825378137406;272.1283601189458;1.007249955550039;89135.33838561576;0.6027366137661979;0.23937992293396518;151.54524280859715;337.7592206962511;1.007249955550039;89135.33838561576;0.6027366137661979;0.23937992293396518;147.72551446535675;345.1274369062263;0.9400000000000005;89135.33838561576;0.6458579015153015;0.2744657896726979;109.94852297817823;274.80118009885365;0.9400000000000005;89135.33838561576;0.6458579015153015;0.2744657896726979;109.92526251438085;274.7584676106444;0.9400000000000005;13690.571571151273;0.6458579015153015;0.2744657896726979;101.65131393377254;2690.158472681244;0.06724995555003843;13690.571571151273;0.0;0.0;52.08887366650873;218.0782740909139;0.06724995555003843;13690.571571151273;0.0;0.0;52.09167940887289;218.15470962971224;0.06724995555003843;89135.33838561576;0.0;0.0;"Zustand 3: Temperatur 424.695 K liegt außerhalb des Boryta-Prüfbereichs; Kristallisation wurde nicht bewertet.";"Zustand 4: Temperatur 420.876 K liegt außerhalb des Boryta-Prüfbereichs; Kristallisation wurde nicht bewertet.";"Zustand 5: Temperatur 383.099 K liegt außerhalb des Boryta-Prüfbereichs; Kristallisation wurde nicht bewertet.";"Zustand 6: Temperatur 383.075 K liegt außerhalb des Boryta-Prüfbereichs; Kristallisation wurde nicht bewertet.";"Zustand 20: Temperatur 434.153 K liegt außerhalb des Boryta-Prüfbereichs; Kristallisation wurde nicht bewertet.";5
series_desorber_to_evaporator;Serie Desorber → Verdampfer;series_desorber_to_evaporator;115.0;nan;30.0;115.0;8.0;8.0;4.0;115.0;0.9500000000000005;Abwärmetemperatur [°C];hot_temperature_C;115.0;10.0;10.0;25.0;15.0;11.0;nan;nan;5.446177217838997e-21;`gtol` termination condition is satisfied.;4;1.7235046978163887e-09;1.0436644305368462e-10;1;True;;True;0;zulässig;feasible;True;True;True;96.41544557914284;118.85950449598761;147.68709544217052;52.10545429282115;0.13932510045894378;0.2688396588313381;0.23952340304544545;0.27427385329486265;163.66287433328114;166.37207408420701;164.99428291332964;164.994953635209;66.82422439443201;0.49596428066891723;14.116023243402099;34.722488982652294;0.005141824445774328;0.04057004477485984;16.366287433178705;16.63720740843497;6.599771316540611;10.999663575669183;6.074929490437036;101.70804491991078;0.012525559989907384;2690.265589612073;272.1977977738471;241.52596267700855;0.012742244755861831;1.0045571627060834;0.6105730158370629;0.24541053725427736;2.7112889711133903e-10;-3.7539393815677613e-10;6.550067155330908e-10;-1.0293865759791743e-10;-1.8565060599939898e-10;-1.4270540305005852e-10;1.7124079931818414e-10;1.4940724213374779e-09;2.71128897111339e-12;-3.753939381567762e-12;6.550067155330908e-12;-1.0293865759791743e-10;-1.8565060599939896e-12;-1.4270540305005852e-12;1.7124079931818414e-12;1.4940724213374777e-11;144.78844942184696;115.0;110.06596043919467;110.06596043919467;105.13190082091688;39.950482899773135;16.150357874065207;16.584133113631083;61.75756202013764;22.10545429282115;5.107381276354431;8.357915519283893;13.650514860051828;53.02364120779015;3.8970376714605663;8.94363805958676;4.0;0.9500000000000005;89112.96948173911;13701.674839323037;6.503801216037465;3.8970376714605663;deltaT_shex_1_K;shex;True;True;True;True;True;True;True;True;96.41544557914284;2669.8793978714098;0.06729940746194474;89112.96948173911;0.0;0.0;135.0;4.0;144.78844942184696;4.0;115.0;8.0;110.06596043919467;8.0;110.06596043919467;8.0;105.13190082091688;8.0;30.0;4.0;39.950482899773135;4.0;96.41544557914284;2669.8793978714098;0.00937649670546284;89112.96948173911;0.0;0.0;101.70804491991078;272.1977977738471;1.0172994074619452;13701.674839323037;0.6029252468989771;0.23952340304544545;160.93880729591217;367.68314862070264;0.9593764967054633;89112.96948173911;0.6393272074346223;0.2688396588313381;96.41544557914284;2669.8793978714098;0.0579229107564819;89112.96948173911;0.0;0.0;118.85950449598761;272.1977977738471;1.0172994074619452;89112.96948173911;0.6029252468989771;0.23952340304544545;151.58413311363108;337.88566105605565;1.0172994074619452;89112.96948173911;0.6029252468989771;0.23952340304544545;147.68709544217052;344.96047962515195;0.9500000000000005;89112.96948173911;0.6456373646465011;0.27427385329486265;109.91586643640085;274.61919078919317;0.9500000000000005;89112.96948173911;0.6456373646465011;0.27427385329486265;109.89261872364557;274.57648547890386;0.9500000000000005;13701.674839323037;0.6456373646465011;0.27427385329486265;101.70804491991078;2690.265589612073;0.06729940746194474;13701.674839323037;0.0;0.0;52.10545429282115;218.1476266376728;0.06729940746194474;13701.674839323037;0.0;0.0;52.108259613126734;218.2240288622939;0.06729940746194474;89112.96948173911;0.0;0.0;"Zustand 3: Temperatur 424.734 K liegt außerhalb des Boryta-Prüfbereichs; Kristallisation wurde nicht bewertet.";"Zustand 4: Temperatur 420.837 K liegt außerhalb des Boryta-Prüfbereichs; Kristallisation wurde nicht bewertet.";"Zustand 5: Temperatur 383.066 K liegt außerhalb des Boryta-Prüfbereichs; Kristallisation wurde nicht bewertet.";"Zustand 6: Temperatur 383.043 K liegt außerhalb des Boryta-Prüfbereichs; Kristallisation wurde nicht bewertet.";"Zustand 20: Temperatur 434.089 K liegt außerhalb des Boryta-Prüfbereichs; Kristallisation wurde nicht bewertet.";5
series_desorber_to_evaporator;Serie Desorber → Verdampfer;series_desorber_to_evaporator;115.0;nan;30.0;115.0;8.0;8.0;4.0;115.0;0.9600000000000005;Abwärmetemperatur [°C];hot_temperature_C;115.0;10.0;10.0;25.0;15.0;11.0;nan;nan;5.083697616922173e-21;`gtol` termination condition is satisfied.;4;1.6173443587087635e-09;1.0083350253682725e-10;1;True;;True;0;zulässig;feasible;True;True;True;96.40865088998572;118.86179901974106;147.64771404944327;52.12201343552164;0.14049516002826115;0.2686633100178131;0.23966295192149603;0.2740845679235994;163.56130365128166;166.49670300519315;164.90111554303746;165.1107575296672;67.53879026161022;0.49562248208944765;14.254142562955881;34.713628075526344;0.0051433771591072866;0.04099020688085913;16.35613036498828;16.649670300531813;6.59604462172816;11.00738383529848;6.139890023815202;101.76376996892225;0.01248146104537256;2690.3707861852845;272.267589180574;241.7046582921526;0.012822814555531359;1.0145260277729358;0.6107314286108768;0.24553394322212369;2.6982149847754044e-10;-3.5700509215530474e-10;6.077698344597593e-10;-9.95329374475773e-11;-1.6652279555273708e-10;-1.2497025636548642e-10;1.899991275422508e-10;1.3988596947456244e-09;2.6982149847754045e-12;-3.5700509215530474e-12;6.077698344597593e-12;-9.95329374475773e-11;-1.6652279555273709e-12;-1.2497025636548642e-12;1.8999912754225077e-12;1.3988596947456245e-11;144.782374620292;115.0;110.06874654476565;110.06874654476565;105.13122389136652;39.95793678260725;16.093283292708122;16.621823978479085;61.805833186315;22.122013435521637;5.139356963667524;8.304976575843398;13.660095654779923;53.00640554880778;3.9741099290358193;8.977920899699825;4.0;0.9600000000000005;89090.8800888375;13712.771415105748;6.496927381921976;3.9741099290358193;deltaT_shex_1_K;shex;True;True;True;True;True;True;True;True;96.40865088998572;2669.8685466422116;0.06734884232846661;89090.8800888375;0.0;0.0;135.0;4.0;144.782374620292;4.0;115.0;8.0;110.06874654476565;8.0;110.06874654476565;8.0;105.13122389136652;8.0;30.0;4.0;39.95793678260725;4.0;96.40865088998572;2669.8685466422116;0.009462186380656044;89090.8800888375;0.0;0.0;101.76376996892225;272.2675891805744;1.0273488423284671;13712.771415105748;0.6031086080754854;0.23966295192149603;160.8756579130001;367.48635426948476;0.9694621863806565;89090.8800888375;0.6391202659666508;0.2686633100178131;96.40865088998572;2669.8685466422116;0.05788665594781056;89090.8800888375;0.0;0.0;118.86179901974106;272.2675891805744;1.0273488423284671;89090.8800888375;0.6031086080754854;0.23966295192149603;151.62182397847909;338.00844319130636;1.0273488423284671;89090.8800888375;0.6031086080754854;0.23966295192149603;147.64771404944327;344.79305278706136;0.9600000000000005;89090.8800888375;0.6454197190673778;0.2740845679235994;109.88387812004123;274.4401462648318;0.9600000000000005;89090.8800888375;0.6454197190673778;0.2740845679235994;109.86064303633248;274.39744813266424;0.9600000000000005;13712.771415105748;0.6454197190673778;0.2740845679235994;101.76376996892225;2690.3707861852845;0.06734884232846661;13712.771415105748;0.0;0.0;52.12201343552164;218.21688941638126;0.06734884232846661;13712.771415105748;0.0;0.0;52.12481834255874;218.29325861563228;0.06734884232846661;89090.8800888375;0.0;0.0;"Zustand 3: Temperatur 424.772 K liegt außerhalb des Boryta-Prüfbereichs; Kristallisation wurde nicht bewertet.";"Zustand 4: Temperatur 420.798 K liegt außerhalb des Boryta-Prüfbereichs; Kristallisation wurde nicht bewertet.";"Zustand 5: Temperatur 383.034 K liegt außerhalb des Boryta-Prüfbereichs; Kristallisation wurde nicht bewertet.";"Zustand 6: Temperatur 383.011 K liegt außerhalb des Boryta-Prüfbereichs; Kristallisation wurde nicht bewertet.";"Zustand 20: Temperatur 434.026 K liegt außerhalb des Boryta-Prüfbereichs; Kristallisation wurde nicht bewertet.";5
series_desorber_to_evaporator;Serie Desorber → Verdampfer;series_desorber_to_evaporator;115.0;nan;30.0;115.0;8.0;8.0;4.0;115.0;0.9700000000000005;Abwärmetemperatur [°C];hot_temperature_C;115.0;10.0;10.0;25.0;15.0;11.0;nan;nan;4.74395920173894e-21;`gtol` termination condition is satisfied.;4;1.497200876354013e-09;9.740594644824247e-11;1;True;;True;0;zulässig;feasible;True;True;True;96.40193524533635;118.86510490102694;147.60740953197126;52.13855688137113;0.14167557414607024;0.26848883943531887;0.23979867728565887;0.2738978565398367;163.4572006180327;166.62121378708065;164.8052937968132;165.22656544621213;68.25037881835044;0.49527703474732665;14.39205935176286;34.70453633471527;0.005144944559756692;0.04141021779453102;16.34572006167589;16.662121378723693;6.592211751879972;11.015104363070868;6.2045798926089795;101.81852256554038;0.012438995462260483;2690.47412589577;272.3377088090817;241.8796532752388;0.012904192457747987;1.0244940843483572;0.6108856512808534;0.2456541427467945;2.6628299565345515e-10;-3.483364707790315e-10;5.799165592179634e-10;-9.625322761053212e-11;-1.8610535335028544e-10;-1.5629098015779164e-10;1.4910028767189942e-10;1.2737757515424164e-09;2.6628299565345514e-12;-3.4833647077903152e-12;5.7991655921796335e-12;-9.625322761053212e-11;-1.8610535335028545e-12;-1.5629098015779164e-12;1.4910028767189943e-12;1.2737757515424164e-11;144.77614836232254;115.0;110.07161202760727;110.07161202760727;105.13062621880908;39.965383599705774;16.037030916647154;16.65834522350275;61.8531389658346;22.13855688137113;5.170677597134727;8.253089462066896;13.669676782270926;52.989264835340805;4.0509356915314925;9.012559929304928;4.0;0.9700000000000005;89069.05213419466;13723.865154752039;6.490085054745203;4.0509356915314925;deltaT_shex_1_K;shex;True;True;True;True;True;True;True;True;96.40193524533635;2669.857821412109;0.06739827680610466;89069.05213419466;0.0;0.0;135.0;4.0;144.77614836232254;4.0;115.0;8.0;110.07161202760727;8.0;110.07161202760727;8.0;105.13062621880908;8.0;30.0;4.0;39.965383599705774;4.0;96.40193524533635;2669.857821412109;0.009548689562960648;89069.05213419466;0.0;0.0;101.81852256554038;272.33770880908276;1.0373982768061052;13723.865154752039;0.6032868474366108;0.23979867728565887;160.8131792789697;367.2916723084169;0.9795486895629612;89069.05213419466;0.638915393093948;0.26848883943531887;96.40193524533635;2669.857821412109;0.05784958724314401;89069.05213419466;0.0;0.0;118.86510490102694;272.33770880908276;1.0373982768061052;89069.05213419466;0.6032868474366108;0.23979867728565887;151.65834522350275;338.1276569363118;1.0373982768061052;89069.05213419466;0.6032868474366108;0.23979867728565887;147.60740953197126;344.6251884368777;0.9700000000000005;89069.05213419466;0.645204882423224;0.2738978565398367;109.85254497172201;274.2639731605023;0.9700000000000005;89069.05213419466;0.645204882423224;0.2738978565398367;109.82932240286527;274.2212822143224;0.9700000000000005;13723.865154752039;0.645204882423224;0.2738978565398367;101.81852256554038;2690.47412589577;0.06739827680610466;13723.865154752039;0.0;0.0;52.13855688137113;218.28608663140753;0.06739827680610466;13723.865154752039;0.0;0.0;52.14136138346828;218.36242307209366;0.06739827680610466;89069.05213419466;0.0;0.0;"Zustand 3: Temperatur 424.808 K liegt außerhalb des Boryta-Prüfbereichs; Kristallisation wurde nicht bewertet.";"Zustand 4: Temperatur 420.757 K liegt außerhalb des Boryta-Prüfbereichs; Kristallisation wurde nicht bewertet.";"Zustand 5: Temperatur 383.003 K liegt außerhalb des Boryta-Prüfbereichs; Kristallisation wurde nicht bewertet.";"Zustand 6: Temperatur 382.979 K liegt außerhalb des Boryta-Prüfbereichs; Kristallisation wurde nicht bewertet.";"Zustand 20: Temperatur 433.963 K liegt außerhalb des Boryta-Prüfbereichs; Kristallisation wurde nicht bewertet.";5
series_desorber_to_evaporator;Serie Desorber → Verdampfer;series_desorber_to_evaporator;115.0;nan;30.0;115.0;8.0;8.0;4.0;115.0;0.9800000000000005;Abwärmetemperatur [°C];hot_temperature_C;115.0;10.0;10.0;25.0;15.0;11.0;nan;nan;4.432721254411298e-21;`gtol` termination condition is satisfied.;4;1.439006225458529e-09;9.415647884677185e-11;1;True;;True;0;zulässig;feasible;True;True;True;96.39529342774955;118.86939073711397;147.5662194297356;52.155090082222216;0.14286619787981414;0.26831619884031616;0.23993068292934855;0.27371364484758587;163.3506344747521;166.74564746215992;164.7068916196642;165.34241372078546;68.95899028685159;0.4949279754012935;14.529770682568;34.69522011271437;0.00514652647827856;0.04183007024766689;16.335063447353114;16.674564746230974;6.588275664792641;11.022827581374715;6.268999117016162;101.87233479799352;0.012398109478133825;2690.5756695981204;272.4081321841831;242.05105596444747;0.012986371586532597;1.0344613549750268;0.6110357981294455;0.2457712203590028;2.6361135496699717e-10;-3.261959591327468e-10;5.682068149326369e-10;-9.305500814349443e-11;-1.518287717772182e-10;-1.4981083040765952e-10;1.6473222785862163e-10;1.2209397937112954e-09;2.6361135496699717e-12;-3.261959591327468e-12;5.682068149326369e-12;-9.305500814349443e-11;-1.5182877177721821e-12;-1.4981083040765953e-12;1.6473222785862163e-12;1.2209397937112953e-11;144.76977478915984;115.0;110.07455467644547;110.07455467644547;105.13010450536933;39.97282580515309;15.981575603983174;16.693725657255527;61.899508992840424;22.155090082222216;5.2013559383087795;8.202219878451956;13.679261248695923;52.972210318154566;4.127506227519916;9.047536514619594;4.0;0.9800000000000005;89047.4685071418;13734.959700445746;6.483271188939266;4.127506227519916;deltaT_shex_1_K;shex;True;True;True;True;True;True;True;True;96.39529342774955;2669.8472138566185;0.06744772656155884;89047.4685071418;0.0;0.0;135.0;4.0;144.76977478915984;4.0;115.0;8.0;110.07455467644547;8.0;110.07455467644547;8.0;105.13010450536933;8.0;30.0;4.0;39.97282580515309;4.0;96.39529342774955;2669.8472138566185;0.009636000249487261;89047.4685071418;0.0;0.0;101.87233479799352;272.40813218418253;1.0474477265615594;13734.959700445746;0.6034601094091778;0.23993068292934855;160.751350393143;367.0990414658782;0.9896360002494878;89047.4685071418;0.6387125363314767;0.26831619884031616;96.39529342774955;2669.8472138566185;0.05781172631207158;89047.4685071418;0.0;0.0;118.86939073711397;272.40813218418253;1.0474477265615594;89047.4685071418;0.6034601094091778;0.23993068292934855;151.69372565725553;338.2433891981265;1.0474477265615594;89047.4685071418;0.6034601094091778;0.23993068292934855;147.5662194297356;344.4569170137401;0.9800000000000005;89047.4685071418;0.6449927751747274;0.27371364484758587;109.82185422249438;274.0906003947728;0.9800000000000005;89047.4685071418;0.6449927751747274;0.27371364484758587;109.79864406169122;274.04791664962215;0.9800000000000005;13734.959700445746;0.6449927751747274;0.27371364484758587;101.87233479799352;2690.5756695981204;0.06744772656155884;13734.959700445746;0.0;0.0;52.155090082222216;218.35524108637654;0.06744772656155884;13734.959700445746;0.0;0.0;52.157894187214765;218.43154501447975;0.06744772656155884;89047.4685071418;0.0;0.0;"Zustand 3: Temperatur 424.844 K liegt außerhalb des Boryta-Prüfbereichs; Kristallisation wurde nicht bewertet.";"Zustand 4: Temperatur 420.716 K liegt außerhalb des Boryta-Prüfbereichs; Kristallisation wurde nicht bewertet.";"Zustand 5: Temperatur 382.972 K liegt außerhalb des Boryta-Prüfbereichs; Kristallisation wurde nicht bewertet.";"Zustand 6: Temperatur 382.949 K liegt außerhalb des Boryta-Prüfbereichs; Kristallisation wurde nicht bewertet.";"Zustand 20: Temperatur 433.901 K liegt außerhalb des Boryta-Prüfbereichs; Kristallisation wurde nicht bewertet.";5
series_desorber_to_evaporator;Serie Desorber → Verdampfer;series_desorber_to_evaporator;115.0;nan;30.0;115.0;8.0;8.0;4.0;115.0;0.9900000000000005;Abwärmetemperatur [°C];hot_temperature_C;115.0;10.0;10.0;25.0;15.0;11.0;nan;nan;4.1375211417307706e-21;`gtol` termination condition is satisfied.;4;1.3523427315152413e-09;9.096725940392807e-11;1;True;;True;0;zulässig;feasible;True;True;True;96.38872049395758;118.87462613720311;147.524179663493;52.17161817471606;0.144066887540331;0.26814534150630315;0.24005906888773956;0.27353186116018324;163.24167150837155;166.8700426902424;164.60597980450012;165.45833651449215;69.664625266917;0.494575340130394;14.667273711322627;34.6856854910659;0.005148122743012602;0.0422497571380377;16.324167150724037;16.68700426904068;6.58423919218724;11.03055576762397;6.333147751566625;101.9252374277354;0.012358751424374691;2690.675475638163;272.4788358387017;242.21897051853495;0.013069345105010122;1.0444278612255544;0.6111819791277489;0.24588525750523102;2.59447574535443e-10;-3.1587887860951014e-10;5.447304829431232e-10;-8.996092759616658e-11;-1.808757588150911e-10;-1.6441958905488718e-10;1.326156962022651e-10;1.1311840353300795e-09;2.5944757453544297e-12;-3.1587887860951014e-12;5.447304829431232e-12;-8.996092759616658e-11;-1.808757588150911e-12;-1.6441958905488719e-12;1.3261569620226509e-12;1.1311840353300795e-11;144.76325786533323;115.0;110.07757237426733;110.07757237426733;105.12965561247034;39.980265711138884;15.926893179650733;16.727993118688516;61.94497171659651;22.17161817471606;5.231404465059768;8.152334946531937;13.688851880309755;52.955233722517335;4.2038134551955295;9.082832749731153;4.0;0.9900000000000005;89026.11300310356;13746.05849274993;6.47648291690731;4.2038134551955295;deltaT_shex_1_K;shex;True;True;True;True;True;True;True;True;96.38872049395758;2669.8367160883427;0.067497206330564;89026.11300310356;0.0;0.0;135.0;4.0;144.76325786533323;4.0;115.0;8.0;110.07757237426733;8.0;110.07757237426733;8.0;105.12965561247034;8.0;30.0;4.0;39.980265711138884;4.0;96.38872049395758;2669.8367160883427;0.00972411243371188;89026.11300310356;0.0;0.0;101.9252374277354;272.4788358387014;1.0574972063305645;13746.05849274993;0.6036285329726516;0.24005906888773956;160.69015104498396;366.9084026367938;0.9997241124337124;89026.11300310356;0.6385116447936855;0.26814534150630315;96.38872049395758;2669.8367160883427;0.05777309389685212;89026.11300310356;0.0;0.0;118.87462613720311;272.4788358387014;1.0574972063305645;89026.11300310356;0.6036285329726516;0.24005906888773956;151.72799311868852;338.355724070537;1.0574972063305645;89026.11300310356;0.6036285329726516;0.24005906888773956;147.524179663493;344.288267438575;0.9900000000000005;89026.11300310356;0.6447833204848442;0.27353186116018324;109.79179338747196;273.9199590884159;0.9900000000000005;89026.11300310356;0.6447833204848442;0.27353186116018324;109.76859553494023;273.87728256605425;0.9900000000000005;13746.05849274993;0.6447833204848442;0.27353186116018324;101.9252374277354;2690.675475638163;0.067497206330564;13746.05849274993;0.0;0.0;52.17161817471606;218.42437426657142;0.067497206330564;13746.05849274993;0.0;0.0;52.17442188995301;218.50064590836055;0.067497206330564;89026.11300310356;0.0;0.0;"Zustand 3: Temperatur 424.878 K liegt außerhalb des Boryta-Prüfbereichs; Kristallisation wurde nicht bewertet.";"Zustand 4: Temperatur 420.674 K liegt außerhalb des Boryta-Prüfbereichs; Kristallisation wurde nicht bewertet.";"Zustand 5: Temperatur 382.942 K liegt außerhalb des Boryta-Prüfbereichs; Kristallisation wurde nicht bewertet.";"Zustand 6: Temperatur 382.919 K liegt außerhalb des Boryta-Prüfbereichs; Kristallisation wurde nicht bewertet.";"Zustand 20: Temperatur 433.840 K liegt außerhalb des Boryta-Prüfbereichs; Kristallisation wurde nicht bewertet.";5
series_desorber_to_evaporator;Serie Desorber → Verdampfer;series_desorber_to_evaporator;115.0;nan;30.0;115.0;8.0;8.0;4.0;115.0;1.0;Abwärmetemperatur [°C];hot_temperature_C;115.0;10.0;10.0;25.0;15.0;11.0;nan;nan;4.788812741841713e-19;`gtol` termination condition is satisfied.;9;4.258576447436988e-08;9.786534362931255e-10;1;True;;True;0;zulässig;feasible;True;True;True;96.38221173937904;118.88078166927181;147.48132455335343;52.18814602180851;0.14527750422925648;0.26797622258064585;0.24018393147043757;0.2733524361659015;163.13037539720085;166.99443607271846;164.50262635163944;165.57436611620344;70.36728462679174;0.49421916437600094;14.80456565845679;34.67593831178351;0.0051497331806781696;0.042669271486372;16.313037535786535;16.699443607104165;6.580105054178048;11.03829107413175;6.39702587543759;101.97725994109294;0.01232087163215553;2690.773599948183;272.54979717016454;242.3834970063785;0.013153106222240751;1.054393623825106;0.6113242999583487;0.24599633254787576;2.5906530254360405e-09;-3.0217535140764085e-09;1.4868078324070666e-08;-8.811841256672892e-10;-2.8117597139498685e-09;1.6767955912655452e-09;4.2271892652934184e-09;3.9335503743131994e-08;2.5906530254360405e-11;-3.021753514076408e-11;1.4868078324070665e-10;-8.811841256672892e-10;-2.8117597139498683e-11;1.6767955912655453e-11;4.227189265293418e-11;3.9335503743131996e-10;144.7566013993541;115.0;110.0806630875706;110.0806630875706;105.12927654103339;39.98770550674152;15.872960484550276;16.761174449862665;61.98955443435142;22.188146021808507;5.260835383178232;8.10340314647766;13.698451348191554;52.93832718687338;4.2798498965092335;9.118431415090186;4.0;1.0;89004.97020707132;13757.164797791464;6.469717526489174;4.2798498965092335;deltaT_shex_1_K;shex;True;True;True;True;True;True;True;True;96.38221173937904;2669.826320600351;0.06754673004734668;89004.97020707132;0.0;0.0;135.0;4.0;144.7566013993541;4.0;115.0;8.0;110.0806630875706;8.0;110.0806630875706;8.0;105.12927654103339;8.0;30.0;4.0;39.98770550674152;4.0;96.38221173937904;2669.826320600351;0.009813020360125853;89004.97020707132;0.0;0.0;101.97725994109294;272.5497971701654;1.0675467300473467;13757.164797791464;0.6037922517329446;0.24018393147043757;160.6295618839044;366.7196991699466;1.0098130203601259;89004.97020707132;0.6383126696234721;0.26797622258064585;96.38221173937904;2669.826320600351;0.05773370968722083;89004.97020707132;0.0;0.0;118.88078166927181;272.5497971701654;1.0675467300473467;89004.97020707132;0.6037922517329446;0.24018393147043757;151.76117444986266;338.4647427610445;1.0675467300473467;89004.97020707132;0.6037922517329446;0.24018393147043757;147.48132455335343;344.11926701717744;1.0;89004.97020707132;0.6445764439654295;0.2733524361659015;109.76235025418163;273.75198239297634;1.0;89004.97020707132;0.6445764439654295;0.2733524361659015;109.73916461682177;273.70931312148997;1.0;13757.164797791464;0.6445764439654295;0.2733524361659015;101.97725994109294;2690.773599948183;0.06754673004734668;13757.164797791464;0.0;0.0;52.18814602180851;218.49350651265755;0.06754673004734668;13757.164797791464;0.0;0.0;52.19094935416001;218.56974607565442;0.06754673004734668;89004.97020707132;0.0;0.0;"Zustand 3: Temperatur 424.911 K liegt außerhalb des Boryta-Prüfbereichs; Kristallisation wurde nicht bewertet.";"Zustand 4: Temperatur 420.631 K liegt außerhalb des Boryta-Prüfbereichs; Kristallisation wurde nicht bewertet.";"Zustand 5: Temperatur 382.912 K liegt außerhalb des Boryta-Prüfbereichs; Kristallisation wurde nicht bewertet.";"Zustand 6: Temperatur 382.889 K liegt außerhalb des Boryta-Prüfbereichs; Kristallisation wurde nicht bewertet.";"Zustand 20: Temperatur 433.780 K liegt außerhalb des Boryta-Prüfbereichs; Kristallisation wurde nicht bewertet.";5
series_desorber_to_evaporator;Serie Desorber → Verdampfer;series_desorber_to_evaporator;115.0;nan;30.0;115.0;8.0;8.0;4.0;115.0;1.0000000000000004;Abwärmetemperatur [°C];hot_temperature_C;115.0;10.0;10.0;25.0;15.0;11.0;nan;nan;4.788855867594081e-19;`gtol` termination condition is satisfied.;1;4.258680011220934e-08;9.786578429251033e-10;1;True;;True;0;zulässig;feasible;True;True;True;96.38221173937904;118.88078166927181;147.48132455335343;52.18814602180851;0.14527750422925648;0.26797622258064585;0.24018393147043757;0.2733524361659015;163.13037539720142;166.99443607271903;164.50262635164;165.57436611620398;70.36728462679179;0.494219164376001;14.804565658456747;34.67593831178357;0.005149733180678187;0.042669271486372014;16.31303753578649;16.69944360710413;6.580105054178048;11.03829107413175;6.39702587543759;101.97725994109294;0.012320871632155523;2690.773599948183;272.54979717016454;242.3834970063785;0.013153106222240751;1.0543936238251066;0.6113242999583487;0.24599633254787576;2.5906672362907557e-09;-3.021710881512263e-09;1.4868192010908388e-08;-8.811840146449867e-10;-2.8111912797612604e-09;1.6777335076767486e-09;4.227729277772596e-09;3.933652692467149e-08;2.5906672362907557e-11;-3.021710881512263e-11;1.4868192010908387e-10;-8.811840146449863e-10;-2.8111912797612604e-11;1.6777335076767484e-11;4.227729277772596e-11;3.9336526924671487e-10;144.75660139935417;115.0;110.0806630875706;110.0806630875706;105.12927654103339;39.98770550674158;15.87296048455022;16.761174449862665;61.98955443435136;22.188146021808507;5.260835383178232;8.10340314647766;13.698451348191554;52.93832718687338;4.2798498965092335;9.118431415090186;4.0;1.0000000000000004;89004.97020707132;13757.164797791464;6.469717526489174;4.2798498965092335;deltaT_shex_1_K;shex;True;True;True;True;True;True;True;True;96.38221173937904;2669.826320600351;0.0675467300473469;89004.97020707132;0.0;0.0;135.0;4.0;144.75660139935417;4.0;115.0;8.0;110.0806630875706;8.0;110.0806630875706;8.0;105.12927654103339;8.0;30.0;4.0;39.98770550674158;4.0;96.38221173937904;2669.826320600351;0.009813020360125886;89004.97020707132;0.0;0.0;101.97725994109294;272.5497971701654;1.0675467300473473;13757.164797791464;0.6037922517329446;0.24018393147043757;160.6295618839044;366.7196991699466;1.0098130203601263;89004.97020707132;0.6383126696234721;0.26797622258064585;96.38221173937904;2669.826320600351;0.05773370968722102;89004.97020707132;0.0;0.0;118.88078166927181;272.5497971701654;1.0675467300473473;89004.97020707132;0.6037922517329446;0.24018393147043757;151.76117444986266;338.4647427610445;1.0675467300473473;89004.97020707132;0.6037922517329446;0.24018393147043757;147.48132455335343;344.11926701717744;1.0000000000000004;89004.97020707132;0.6445764439654295;0.2733524361659015;109.76235025418163;273.75198239297634;1.0000000000000004;89004.97020707132;0.6445764439654295;0.2733524361659015;109.73916461682177;273.70931312148997;1.0000000000000004;13757.164797791464;0.6445764439654295;0.2733524361659015;101.97725994109294;2690.773599948183;0.0675467300473469;13757.164797791464;0.0;0.0;52.18814602180851;218.49350651265755;0.0675467300473469;13757.164797791464;0.0;0.0;52.19094935416001;218.56974607565442;0.0675467300473469;89004.97020707132;0.0;0.0;"Zustand 3: Temperatur 424.911 K liegt außerhalb des Boryta-Prüfbereichs; Kristallisation wurde nicht bewertet.";"Zustand 4: Temperatur 420.631 K liegt außerhalb des Boryta-Prüfbereichs; Kristallisation wurde nicht bewertet.";"Zustand 5: Temperatur 382.912 K liegt außerhalb des Boryta-Prüfbereichs; Kristallisation wurde nicht bewertet.";"Zustand 6: Temperatur 382.889 K liegt außerhalb des Boryta-Prüfbereichs; Kristallisation wurde nicht bewertet.";"Zustand 20: Temperatur 433.780 K liegt außerhalb des Boryta-Prüfbereichs; Kristallisation wurde nicht bewertet.";5
series_desorber_to_evaporator;Serie Desorber → Verdampfer;series_desorber_to_evaporator;115.0;nan;30.0;115.0;8.0;8.0;4.0;115.0;1.0100000000000007;Abwärmetemperatur [°C];hot_temperature_C;115.0;10.0;10.0;25.0;15.0;11.0;nan;nan;1.0529566737382798e-21;`gtol` termination condition is satisfied.;4;1.3429415983174501e-09;4.589023150384578e-11;1;True;;True;0;zulässig;feasible;True;True;True;96.37576278326992;118.88782891306926;147.43768721001908;52.204678113233626;0.14649789595419277;0.26780879695409177;0.2403053641066345;0.2731753034618929;163.01680642162057;167.11886139667388;164.3968956678109;165.6905321863732;71.06696990619265;0.4938594828689845;14.941643888862625;34.665984106191786;0.0051513576153276635;0.043088606619189763;16.301680642040353;16.711886139671712;6.5758758267174535;11.046035479084756;6.460633627860095;102.02843068196267;0.012284422324863993;2690.8700963085207;272.6209948955274;242.54473213332284;0.013237648174150518;1.0643586623464647;0.6114628631079437;0.24610452160171628;1.241886593561503e-10;-2.6838620215130504e-10;4.526441443886142e-10;-4.43223235890855e-11;-1.254534254258033e-10;-4.32578417530749e-11;1.0186340659856796e-10;1.21704601951933e-09;1.2418865935615031e-12;-2.6838620215130506e-12;4.526441443886142e-12;-4.388348870206482e-11;-1.254534254258033e-12;-4.32578417530749e-13;1.0186340659856797e-12;1.21704601951933e-11;144.74980899650842;115.0;110.08382489031663;110.08382489031663;105.12896447804474;39.99514721271976;15.819754857784858;16.7932958748832;62.03328346924292;22.204678113233626;5.289660595689554;8.05539420835396;13.708062107046715;52.92148340883284;4.355608664864121;9.154315999709013;4.0;1.0100000000000007;88984.02576903712;13768.281639678991;6.462972511587277;4.355608664864121;deltaT_shex_1_K;shex;True;True;True;True;True;True;True;True;96.37576278326992;2669.816020402243;0.06759631052061454;88984.02576903712;0.0;0.0;135.0;4.0;144.74980899650842;4.0;115.0;8.0;110.08382489031663;8.0;110.08382489031663;8.0;105.12896447804474;8.0;30.0;4.0;39.99514721271976;4.0;96.37576278326992;2669.816020402243;0.009902717265536296;88984.02576903712;0.0;0.0;102.02843068196267;272.62099489552736;1.0775963105206152;13768.281639678991;0.6039513950615553;0.2403053641066345;160.56956385429328;366.53287487313713;1.019902717265537;88984.02576903712;0.6381155614932923;0.26780879695409177;96.37576278326992;2669.816020402243;0.05769359325507825;88984.02576903712;0.0;0.0;118.88782891306926;272.62099489552736;1.0775963105206152;88984.02576903712;0.6039513950615553;0.2403053641066345;151.7932958748832;338.5705246149251;1.0775963105206152;88984.02576903712;0.6039513950615553;0.2403053641066345;147.43768721001908;343.9499424254172;1.0100000000000007;88984.02576903712;0.6443720743090198;0.2731753034618929;109.73351291336024;273.5866058847554;1.0100000000000007;88984.02576903712;0.6443720743090198;0.2731753034618929;109.71033940431045;273.5439438980037;1.0100000000000007;13768.281639678991;0.6443720743090198;0.2731753034618929;102.02843068196267;2690.8700963085207;0.06759631052061454;13768.281639678991;0.0;0.0;52.204678113233626;218.5626566042726;0.06759631052061454;13768.281639678991;0.0;0.0;52.207481069211894;218.63886427856212;0.06759631052061454;88984.02576903712;0.0;0.0;"Zustand 3: Temperatur 424.943 K liegt außerhalb des Boryta-Prüfbereichs; Kristallisation wurde nicht bewertet.";"Zustand 4: Temperatur 420.588 K liegt außerhalb des Boryta-Prüfbereichs; Kristallisation wurde nicht bewertet.";"Zustand 5: Temperatur 382.884 K liegt außerhalb des Boryta-Prüfbereichs; Kristallisation wurde nicht bewertet.";"Zustand 6: Temperatur 382.860 K liegt außerhalb des Boryta-Prüfbereichs; Kristallisation wurde nicht bewertet.";"Zustand 20: Temperatur 433.720 K liegt außerhalb des Boryta-Prüfbereichs; Kristallisation wurde nicht bewertet.";5
series_desorber_to_evaporator;Serie Desorber → Verdampfer;series_desorber_to_evaporator;115.0;nan;30.0;115.0;8.0;8.0;4.0;115.0;1.0200000000000005;Abwärmetemperatur [°C];hot_temperature_C;115.0;10.0;10.0;25.0;15.0;11.0;nan;nan;7.540650435066614e-22;`gtol` termination condition is satisfied.;4;1.162720435399472e-09;3.883465059728647e-11;1;True;;True;0;zulässig;feasible;True;True;True;96.36936935344852;118.89574024972359;147.39329897201026;52.22121881716805;0.1477279337328836;0.2676430234066515;0.24042345610900825;0.2730003981706467;162.90102349923131;167.24335154213324;164.28885065205685;165.80686363776235;71.76368243593862;0.49349632984391495;15.078505743677054;34.65582827902273;0.005152995871292376;0.04350775578350479;16.290102349818316;16.72433515421783;6.571554026086853;11.053790909178938;6.523971130561347;102.07877676731368;0.012249357562339693;2690.9650161655195;272.69240800639767;242.70276832623682;0.013322964268201565;1.0743229959707783;0.6115977662271554;0.2462098972381983;1.0956568985420745e-10;-2.361986162213725e-10;4.034745870740153e-10;-3.7796210605733904e-11;-1.1445422387623694e-10;-4.504840944719035e-11;7.827338777133264e-11;1.0481642220838694e-09;1.0956568985420744e-12;-2.361986162213725e-12;4.034745870740153e-12;-3.7055108436994004e-11;-1.1445422387623695e-12;-4.504840944719035e-13;7.827338777133263e-13;1.0481642220838694e-11;144.74288418057603;115.0;110.0870559015533;110.0870559015533;105.12871667793598;40.00259279558213;15.767255056456236;16.824382348977167;62.07618397173155;22.22121881716805;5.31789177939163;8.008279134239615;13.71768654810478;52.904695275090546;4.43108337696691;9.19047056759166;4.0;1.0200000000000005;88963.26570373299;13779.411969054783;6.456245440917429;4.43108337696691;deltaT_shex_1_K;shex;True;True;True;True;True;True;True;True;96.36936935344852;2669.805808676366;0.0676459602389794;88963.26570373299;0.0;0.0;135.0;4.0;144.74288418057603;4.0;115.0;8.0;110.0870559015533;8.0;110.0870559015533;8.0;105.12871667793598;8.0;30.0;4.0;40.00259279558213;4.0;96.36936935344852;2669.805808676366;0.009993197931481226;88963.26570373299;0.0;0.0;102.07877676731368;272.69240800639784;1.0876459602389799;13779.411969054783;0.6041060865043107;0.24042345610900825;160.51013923703226;366.3478777857617;1.0299931979314816;88963.26570373299;0.6379202754926337;0.2676430234066515;96.36936935344852;2669.805808676366;0.05765276230749817;88963.26570373299;0.0;0.0;118.89574024972359;272.69240800639784;1.0876459602389799;88963.26570373299;0.6041060865043107;0.24042345610900825;151.82438234897717;338.6731453597279;1.0876459602389799;88963.26570373299;0.6041060865043107;0.24042345610900825;147.39329897201026;343.78031795259835;1.0200000000000005;88963.26570373299;0.6441701417080324;0.2730003981706467;109.70526968213193;273.42376654492284;1.0200000000000005;88963.26570373299;0.6441701417080324;0.2730003981706467;109.68210822060837;273.38111188239;1.0200000000000005;13779.411969054783;0.6441701417080324;0.2730003981706467;102.07877676731368;2690.9650161655195;0.0676459602389794;13779.411969054783;0.0;0.0;52.22121881716805;218.63184281271967;0.0676459602389794;13779.411969054783;0.0;0.0;52.22402140284544;218.7080187713887;0.0676459602389794;88963.26570373299;0.0;0.0;"Zustand 3: Temperatur 424.974 K liegt außerhalb des Boryta-Prüfbereichs; Kristallisation wurde nicht bewertet.";"Zustand 4: Temperatur 420.543 K liegt außerhalb des Boryta-Prüfbereichs; Kristallisation wurde nicht bewertet.";"Zustand 5: Temperatur 382.855 K liegt außerhalb des Boryta-Prüfbereichs; Kristallisation wurde nicht bewertet.";"Zustand 6: Temperatur 382.832 K liegt außerhalb des Boryta-Prüfbereichs; Kristallisation wurde nicht bewertet.";"Zustand 20: Temperatur 433.660 K liegt außerhalb des Boryta-Prüfbereichs; Kristallisation wurde nicht bewertet.";5
series_desorber_to_evaporator;Serie Desorber → Verdampfer;series_desorber_to_evaporator;115.0;nan;30.0;115.0;8.0;8.0;4.0;115.0;1.0300000000000007;Abwärmetemperatur [°C];hot_temperature_C;115.0;10.0;10.0;25.0;15.0;11.0;nan;nan;5.350870411349306e-22;`gtol` termination condition is satisfied.;4;1.000359536279997e-09;3.271351528450987e-11;1;True;;True;0;zulässig;feasible;True;True;True;96.36302747661915;118.90448900778;147.34819011453732;52.23777215770036;0.14896747517295855;0.2674788603255898;0.24053829421414535;0.2728276581428629;162.78308240672806;167.36793679430303;164.17855088328645;165.92338695753733;72.45742418513329;0.4931297388663698;15.215148705581631;34.6454759478691;0.00515464777071801;0.04392671252505857;16.278308240582042;16.736793679434715;6.567142035335532;11.061559130499047;6.587038562304368;102.12832428629201;0.012215633126631955;2691.058409030064;272.76401674257926;242.857694999625;0.013409047841691946;1.0842866428104907;0.6117291041367522;0.2463125300372675;8.850520316627808e-11;-2.1475443645613268e-10;3.270770321250893e-10;-3.2082558831803e-11;-1.0186340659856796e-10;-4.411049303598702e-11;5.161382432561368e-11;9.076188689505216e-10;8.850520316627808e-13;-2.147544364561327e-12;3.270770321250893e-12;-3.1148115370682504e-11;-1.0186340659856797e-12;-4.411049303598702e-13;5.161382432561368e-13;9.076188689505215e-12;144.73583028748374;115.0;110.09035433961463;110.09035433961463;105.12853056696099;40.01004406664492;15.715440248918583;16.854458286477836;62.11828021964709;22.237772157700363;5.345540317749453;7.962030053322621;13.727326862995483;52.88795618817716;4.506268171940519;9.226879836416174;4.0;1.0300000000000007;88942.67700785944;13790.558512933805;6.449534072491874;4.506268171940519;deltaT_shex_1_K;shex;True;True;True;True;True;True;True;True;96.36302747661915;2669.795679081853;0.06769569065218195;88942.67700785944;0.0;0.0;135.0;4.0;144.73583028748374;4.0;115.0;8.0;110.09035433961463;8.0;110.09035433961463;8.0;105.12853056696099;8.0;30.0;4.0;40.01004406664492;4.0;96.36302747661915;2669.795679081853;0.010084456116545197;88942.67700785944;0.0;0.0;102.12832428629201;272.76401674257744;1.0976956906521826;13790.558512933805;0.6042564458277343;0.24053829421414535;160.45127053640232;366.1646562116799;1.0400844561165459;88942.67700785944;0.6377267660960662;0.2674788603255898;96.36302747661915;2669.795679081853;0.057611234535636754;88942.67700785944;0.0;0.0;118.90448900778;272.76401674257744;1.0976956906521826;88942.67700785944;0.6042564458277343;0.24053829421414535;151.85445828647784;338.7726790723745;1.0976956906521826;88942.67700785944;0.6042564458277343;0.24053829421414535;147.34819011453732;343.610417417001;1.0300000000000007;88942.67700785944;0.6439705792562209;0.2728276581428629;109.67760917136383;273.2634036451129;1.0300000000000007;88942.67700785944;0.6439705792562209;0.2728276581428629;109.65445968225055;273.22075635139925;1.0300000000000007;13790.558512933805;0.6439705792562209;0.2728276581428629;102.12832428629201;2691.058409030064;0.06769569065218195;13790.558512933805;0.0;0.0;52.23777215770036;218.70108197015492;0.06769569065218195;13790.558512933805;0.0;0.0;52.24057437878383;218.7772263705009;0.06769569065218195;88942.67700785944;0.0;0.0;"Zustand 3: Temperatur 425.004 K liegt außerhalb des Boryta-Prüfbereichs; Kristallisation wurde nicht bewertet.";"Zustand 4: Temperatur 420.498 K liegt außerhalb des Boryta-Prüfbereichs; Kristallisation wurde nicht bewertet.";"Zustand 5: Temperatur 382.828 K liegt außerhalb des Boryta-Prüfbereichs; Kristallisation wurde nicht bewertet.";"Zustand 6: Temperatur 382.804 K liegt außerhalb des Boryta-Prüfbereichs; Kristallisation wurde nicht bewertet.";"Zustand 20: Temperatur 433.601 K liegt außerhalb des Boryta-Prüfbereichs; Kristallisation wurde nicht bewertet.";5
series_desorber_to_evaporator;Serie Desorber → Verdampfer;series_desorber_to_evaporator;115.0;nan;30.0;115.0;8.0;8.0;4.0;115.0;1.0400000000000005;Abwärmetemperatur [°C];hot_temperature_C;115.0;10.0;10.0;25.0;15.0;11.0;nan;nan;3.7459868970021094e-22;`gtol` termination condition is satisfied.;4;8.539907943666625e-10;2.7371470172433593e-11;1;True;;True;0;zulässig;feasible;True;True;True;96.3567333638976;118.91404934204729;147.30238959148141;52.25434194863567;0.15021638282045233;0.26731626779359924;0.24064996201351616;0.27265702321522745;162.66303686656028;167.49264585699513;164.06605373611205;166.04012720389323;73.1481973067217;0.4927597429510817;15.351570312461604;34.634932041544005;0.005156313135131681;0.04434547049040209;16.26630368657861;16.749264585702736;6.5626421494481635;11.069341813589855;6.649836118810142;102.17709827960823;0.012183206459612999;2691.150322427221;272.83580204475436;243.00959815880572;0.013495892284689726;1.0942496203131837;0.6118569680640474;0.24641248797796278;7.541700597357703e-11;-1.8985701899509877e-10;2.7552005121833645e-10;-2.7046809236708214e-11;-9.202949513564818e-11;-3.2230218494078144e-11;4.5417891669785604e-11;7.741789431747748e-10;7.541700597357703e-13;-1.8985701899509876e-12;2.7552005121833644e-12;-2.6006547342988654e-11;-9.202949513564818e-13;-3.2230218494078144e-13;4.5417891669785605e-13;7.741789431747747e-12;144.72865053029665;115.0;110.09371848875264;110.09371848875264;105.12840368002378;40.01750274264327;15.664290467334126;16.883547244692068;62.15959553696496;22.25434194863567;5.3726173424381045;7.916620209144412;13.736985124855039;52.871259869558344;4.581157653210653;9.26352909807514;4.0;1.0400000000000005;88922.24728740001;13801.723864119043;6.4428362835584;4.581157653210653;deltaT_shex_1_K;shex;True;True;True;True;True;True;True;True;96.3567333638976;2669.785625571828;0.06774551259787298;88922.24728740001;0.0;0.0;135.0;4.0;144.72865053029665;4.0;115.0;8.0;110.09371848875264;8.0;110.09371848875264;8.0;105.12840368002378;8.0;30.0;4.0;40.01750274264327;4.0;96.3567333638976;2669.785625571828;0.010176485854769863;88922.24728740001;0.0;0.0;102.17709827960823;272.83580204475425;1.1077455125978735;13801.723864119043;0.6044025882983703;0.24064996201351616;160.39294099763077;365.9831606059969;1.0501764858547704;88922.24728740001;0.6375349896281105;0.26731626779359924;96.3567333638976;2669.785625571828;0.057569026743103116;88922.24728740001;0.0;0.0;118.91404934204729;272.83580204475425;1.1077455125978735;88922.24728740001;0.6044025882983703;0.24064996201351616;151.88354724469207;338.86919732809446;1.1077455125978735;88922.24728740001;0.6044025882983703;0.24064996201351616;147.30238959148141;343.44026330154185;1.0400000000000005;88922.24728740001;0.6437733221058264;0.27265702321522745;109.65052024397215;273.1054581989974;1.0400000000000005;88922.24728740001;0.6437733221058264;0.27265702321522745;109.6273826575619;273.06281832352585;1.0400000000000005;13801.723864119043;0.6437733221058264;0.27265702321522745;102.17709827960823;2691.150322427221;0.06774551259787298;13801.723864119043;0.0;0.0;52.25434194863567;218.7703900292495;0.06774551259787298;13801.723864119043;0.0;0.0;52.257143810465436;218.8465030135255;0.06774551259787298;88922.24728740001;0.0;0.0;"Zustand 3: Temperatur 425.034 K liegt außerhalb des Boryta-Prüfbereichs; Kristallisation wurde nicht bewertet.";"Zustand 4: Temperatur 420.452 K liegt außerhalb des Boryta-Prüfbereichs; Kristallisation wurde nicht bewertet.";"Zustand 5: Temperatur 382.801 K liegt außerhalb des Boryta-Prüfbereichs; Kristallisation wurde nicht bewertet.";"Zustand 6: Temperatur 382.777 K liegt außerhalb des Boryta-Prüfbereichs; Kristallisation wurde nicht bewertet.";"Zustand 20: Temperatur 433.543 K liegt außerhalb des Boryta-Prüfbereichs; Kristallisation wurde nicht bewertet.";5
series_desorber_to_evaporator;Serie Desorber → Verdampfer;series_desorber_to_evaporator;115.0;nan;30.0;115.0;8.0;8.0;4.0;115.0;1.0500000000000007;Abwärmetemperatur [°C];hot_temperature_C;115.0;10.0;10.0;25.0;15.0;11.0;nan;nan;2.587030647644445e-22;`gtol` termination condition is satisfied.;4;7.290877829601391e-10;2.2746563026727555e-11;1;True;;True;0;zulässig;feasible;True;True;True;96.35048342010032;118.92439622157247;147.25592516156206;52.27093178258872;0.15147452045636203;0.26715520711438123;0.24075854022385285;0.2724884352570583;162.54093847000127;167.61750576924567;163.95141430686215;166.15710791720204;73.83600420885378;0.4923863745622269;15.48776817246731;34.624201293267504;0.005157991785356898;0.04476402346116152;16.254093846934907;16.76175057692918;6.558056572277656;11.077140527811766;6.712364019001832;102.22512280322178;0.012152036585528343;2691.2408020187736;272.90774562186186;243.15856066049383;0.013583491036610384;1.1042119452268664;0.6119814459819775;0.2465098366906881;6.38493702354026e-11;-1.6638068700558506e-10;2.547153599152807e-10;-2.262501297423114e-11;-7.923972589196637e-11;-4.615685611497611e-11;2.5551116777933203e-11;6.521929662994808e-10;6.38493702354026e-13;-1.6638068700558506e-12;2.5471535991528073e-12;-2.154763140402964e-11;-7.923972589196637e-13;-4.61568561149761e-13;2.5551116777933203e-13;6.5219296629948076e-12;144.7213479946173;115.0;110.0971467013498;110.0971467013498;105.12833366554833;40.02497044074437;15.613786475201437;16.911672025837277;62.20015236247741;22.27093178258872;5.399133731265977;7.87202389812802;13.746663281249482;52.85460037542157;4.655746864275216;9.300404204562312;4.0;1.0500000000000007;88901.96478699952;13812.910473379892;6.4361500755637655;4.655746864275216;deltaT_shex_1_K;shex;True;True;True;True;True;True;True;True;96.35048342010032;2669.775642408284;0.06779543626347606;88901.96478699952;0.0;0.0;135.0;4.0;144.7213479946173;4.0;115.0;8.0;110.0971467013498;8.0;110.0971467013498;8.0;105.12833366554833;8.0;30.0;4.0;40.02497044074437;4.0;96.35048342010032;2669.775642408284;0.010269281197139893;88901.96478699952;0.0;0.0;102.22512280322178;272.9077456218621;1.1177954362634768;13812.910473379892;0.6045446250607399;0.24075854022385285;160.33513446981874;365.80334310944795;1.0602692811971406;88901.96478699952;0.6373449037117659;0.26715520711438123;96.35048342010032;2669.775642408284;0.05752615506633617;88901.96478699952;0.0;0.0;118.92439622157247;272.9077456218621;1.1177954362634768;88901.96478699952;0.6045446250607399;0.24075854022385285;151.91167202583728;338.96276947816796;1.1177954362634768;88901.96478699952;0.6045446250607399;0.24075854022385285;147.25592516156206;343.2698770030994;1.0500000000000007;88901.96478699952;0.6435783075338184;0.2724884352570583;109.62399201701015;272.9498729947281;1.0500000000000007;88901.96478699952;0.6435783075338184;0.2724884352570583;109.60086626873402;272.90724059143173;1.0500000000000007;13812.910473379892;0.6435783075338184;0.2724884352570583;102.22512280322178;2691.2408020187736;0.06779543626347606;13812.910473379892;0.0;0.0;52.27093178258872;218.83978201755724;0.06779543626347606;13812.910473379892;0.0;0.0;52.273733290126756;218.91586371375448;0.06779543626347606;88901.96478699952;0.0;0.0;"Zustand 3: Temperatur 425.062 K liegt außerhalb des Boryta-Prüfbereichs; Kristallisation wurde nicht bewertet.";"Zustand 4: Temperatur 420.406 K liegt außerhalb des Boryta-Prüfbereichs; Kristallisation wurde nicht bewertet.";"Zustand 5: Temperatur 382.774 K liegt außerhalb des Boryta-Prüfbereichs; Kristallisation wurde nicht bewertet.";"Zustand 6: Temperatur 382.751 K liegt außerhalb des Boryta-Prüfbereichs; Kristallisation wurde nicht bewertet.";"Zustand 20: Temperatur 433.485 K liegt außerhalb des Boryta-Prüfbereichs; Kristallisation wurde nicht bewertet.";5
series_desorber_to_evaporator;Serie Desorber → Verdampfer;series_desorber_to_evaporator;115.0;nan;30.0;115.0;8.0;8.0;4.0;115.0;1.0600000000000005;Abwärmetemperatur [°C];hot_temperature_C;115.0;10.0;10.0;25.0;15.0;11.0;nan;nan;1.7669854073270525e-22;`gtol` termination condition is satisfied.;4;6.209171778051396e-10;1.8798858514958042e-11;1;True;;True;0;zulässig;feasible;True;True;True;96.34427423312275;118.93550540057146;147.2088234462176;52.28754504334472;0.1527417530886539;0.2669956407700055;0.24086410680931666;0.27232183808940064;162.4168367871282;167.74254199844356;163.83468553049522;166.27435120624008;74.52084753966662;0.49200966563256177;15.623739962173191;34.6132882507402;0.005159683541685171;0.045182365349628245;16.241683678657093;16.774254199847743;6.553387421222353;11.08495674708083;6.774622503619895;102.27242097469008;0.012122084040553618;2691.3298916907265;272.97982991733596;243.30466235391964;0.013671837586923585;1.1141736336361245;0.6121026227538876;0.24660463955864662;5.4797055781818926e-11;-1.5222667570924386e-10;2.0617108020815067e-10;-1.8809509505501865e-11;-6.360778570524417e-11;-3.387867764104158e-11;2.76543232757831e-11;5.572644568019314e-10;5.479705578181893e-13;-1.5222667570924387e-12;2.061710802081507e-12;-1.77448202882093e-11;-6.360778570524417e-13;-3.3878677641041577e-13;2.76543232757831e-13;5.5726445680193135e-12;144.71392564516316;115.0;110.10063739442296;110.10063739442296;105.1283182794038;40.03244868411741;15.563909735114123;16.938854707195503;62.239972290572666;22.28754504334472;5.425100113469057;7.8282164197328825;13.756363161300214;52.837972078164;4.73003126097791;9.33749154421298;4.0;1.0600000000000005;88881.81835473799;13824.120657307385;6.429473567112954;4.73003126097791;deltaT_shex_1_K;shex;True;True;True;True;True;True;True;True;96.34427423312275;2669.765724145159;0.06784547122304763;88881.81835473799;0.0;0.0;135.0;4.0;144.71392564516316;4.0;115.0;8.0;110.10063739442296;8.0;110.10063739442296;8.0;105.1283182794038;8.0;30.0;4.0;40.03244868411741;4.0;96.34427423312275;2669.765724145159;0.010362836213734114;88881.81835473799;0.0;0.0;102.27242097469008;272.97982991733704;1.1278454712230481;13824.120657307385;0.6046826633194217;0.24086410680931666;160.27783538027728;365.6251574812121;1.0703628362137345;88881.81835473799;0.6371564672248469;0.2669956407700055;96.34427423312275;2669.765724145159;0.05748263500931351;88881.81835473799;0.0;0.0;118.93550540057146;272.97982991733704;1.1278454712230481;88881.81835473799;0.6046826633194217;0.24086410680931666;151.9388547071955;339.053462734123;1.1278454712230481;88881.81835473799;0.6046826633194217;0.24086410680931666;147.2088234462176;343.0992788910679;1.0600000000000005;88881.81835473799;0.6433854748602836;0.27232183808940064;109.59801385635848;272.7965925329436;1.0600000000000005;88881.81835473799;0.6433854748602836;0.27232183808940064;109.57489988653094;272.7539676599722;1.0600000000000005;13824.120657307385;0.6433854748602836;0.27232183808940064;102.27242097469008;2691.3298916907265;0.06784547122304763;13824.120657307385;0.0;0.0;52.28754504334472;218.9092720892206;0.06784547122304763;13824.120657307385;0.0;0.0;52.2903462012398;218.98532261180776;0.06784547122304763;88881.81835473799;0.0;0.0;"Zustand 3: Temperatur 425.089 K liegt außerhalb des Boryta-Prüfbereichs; Kristallisation wurde nicht bewertet.";"Zustand 4: Temperatur 420.359 K liegt außerhalb des Boryta-Prüfbereichs; Kristallisation wurde nicht bewertet.";"Zustand 5: Temperatur 382.748 K liegt außerhalb des Boryta-Prüfbereichs; Kristallisation wurde nicht bewertet.";"Zustand 6: Temperatur 382.725 K liegt außerhalb des Boryta-Prüfbereichs; Kristallisation wurde nicht bewertet.";"Zustand 20: Temperatur 433.428 K liegt außerhalb des Boryta-Prüfbereichs; Kristallisation wurde nicht bewertet.";5
series_desorber_to_evaporator;Serie Desorber → Verdampfer;series_desorber_to_evaporator;115.0;nan;30.0;115.0;8.0;8.0;4.0;115.0;1.0700000000000007;Abwärmetemperatur [°C];hot_temperature_C;115.0;10.0;10.0;25.0;15.0;11.0;nan;nan;1.1804105121320904e-22;`gtol` termination condition is satisfied.;4;5.204229921423153e-10;1.5364963469739134e-11;1;True;;True;0;zulässig;feasible;True;True;True;96.33810256397379;118.94735339043046;147.16110998438415;52.3041849174561;0.15401794694338922;0.2668375323798152;0.24096673709764813;0.2721571774078521;162.2907794701885;167.86777852748384;163.71591829048606;166.39187782881135;75.20273017318988;0.4916296475819625;15.759483424830199;34.602197285611965;0.0051613882240252925;0.04560049019453785;16.229077946972616;16.78677785275126;6.548636731621774;11.092791855253056;6.836611833938564;102.31901501699195;0.012093310805966625;2691.417633636058;273.05203807700894;243.44798021460895;0.01376092547567298;1.1241347009960774;0.6122205802707996;0.24669695781417236;4.362732397567015e-11;-1.3432099876808934e-10;1.8002310753217898e-10;-1.5469625580522006e-11;-5.829292604175862e-11;-2.8762769943568856e-11;1.5518253349000588e-11;4.623643690138124e-10;4.362732397567015e-13;-1.3432099876808933e-12;1.80023107532179e-12;-1.4457594000487846e-11;-5.829292604175862e-13;-2.8762769943568853e-13;1.5518253349000588e-13;4.623643690138124e-12;144.7063863319491;115.0;110.10418904633713;110.10418904633713;105.12835537920762;40.039938907146166;15.514642378167707;16.965116669889312;62.27907610984579;22.304184917456098;5.450526875023172;7.785174029345171;13.766086482363335;52.82136964915213;4.804006685505158;9.37477801902969;4.0;1.0700000000000007;88861.79740909654;13835.356605688892;6.422804987372563;4.804006685505158;deltaT_shex_1_K;shex;True;True;True;True;True;True;True;True;96.33810256397379;2669.7558656124515;0.06789562647174963;88861.79740909654;0.0;0.0;135.0;4.0;144.7063863319491;4.0;115.0;8.0;110.10418904633713;8.0;110.10418904633713;8.0;105.12835537920762;8.0;30.0;4.0;40.039938907146166;4.0;96.33810256397379;2669.7558656124515;0.010457144995614107;88861.79740909654;0.0;0.0;102.31901501699195;273.0520380770086;1.1378956264717504;13835.356605688892;0.6048168065117756;0.24096673709764813;160.2210287101168;365.44855903474263;1.0804571449956148;88861.79740909654;0.6369696402578033;0.2668375323798152;96.33810256397379;2669.7558656124515;0.05743848147613552;88861.79740909654;0.0;0.0;118.94735339043046;273.0520380770086;1.1378956264717504;88861.79740909654;0.6048168065117756;0.24096673709764813;151.9651166698893;339.1413422484021;1.1378956264717504;88861.79740909654;0.6048168065117756;0.24096673709764813;147.16110998438415;342.92848836263414;1.0700000000000007;88861.79740909654;0.6431947653704299;0.2721571774078521;109.57257537140077;272.6455629671704;1.0700000000000007;88861.79740909654;0.6431947653704299;0.2721571774078521;109.54947312497683;272.60294568661476;1.0700000000000007;13835.356605688892;0.6431947653704299;0.2721571774078521;102.31901501699195;2691.417633636058;0.06789562647174963;13835.356605688892;0.0;0.0;52.3041849174561;218.978873573491;0.06789562647174963;13835.356605688892;0.0;0.0;52.30698573005549;219.05489302411308;0.06789562647174963;88861.79740909654;0.0;0.0;"Zustand 3: Temperatur 425.115 K liegt außerhalb des Boryta-Prüfbereichs; Kristallisation wurde nicht bewertet.";"Zustand 4: Temperatur 420.311 K liegt außerhalb des Boryta-Prüfbereichs; Kristallisation wurde nicht bewertet.";"Zustand 5: Temperatur 382.723 K liegt außerhalb des Boryta-Prüfbereichs; Kristallisation wurde nicht bewertet.";"Zustand 6: Temperatur 382.699 K liegt außerhalb des Boryta-Prüfbereichs; Kristallisation wurde nicht bewertet.";"Zustand 20: Temperatur 433.371 K liegt außerhalb des Boryta-Prüfbereichs; Kristallisation wurde nicht bewertet.";5
series_desorber_to_evaporator;Serie Desorber → Verdampfer;series_desorber_to_evaporator;115.0;nan;30.0;115.0;8.0;8.0;4.0;115.0;1.0800000000000005;Abwärmetemperatur [°C];hot_temperature_C;115.0;10.0;10.0;25.0;15.0;11.0;nan;nan;7.763455794231858e-23;`gtol` termination condition is satisfied.;4;4.353440995118019e-10;1.2460702864792064e-11;1;True;;True;0;zulässig;feasible;True;True;True;96.33196533740727;118.95991743272077;147.11280928428351;52.320854405126624;0.15530296945501948;0.2666808466612254;0.2410665038905262;0.2719944007088776;162.16281235117276;167.99323793677434;163.59516152260443;166.50970726757245;75.88165519625736;0.49124635133524075;15.89499636866789;34.590932602420764;0.005163105652041884;0.04601839215700417;16.216281235078277;16.799323793680262;6.543806460906051;11.10064715117088;6.898332290578993;102.36492629994831;0.01206568024471656;2691.5040684329456;273.12435391843525;243.58858847112404;0.013850748293819493;1.1340951621644488;0.6123353975814528;0.24678685063013603;3.885247679136228e-11;-1.1156942036905093e-10;1.4222223398974165e-10;-1.2610246180599916e-11;-4.6838977141305804e-11;-2.8279600883251987e-11;9.237055564881302e-12;3.900026968040038e-10;3.885247679136228e-13;-1.1156942036905094e-12;1.4222223398974165e-12;-1.1676153870925842e-11;-4.683897714130581e-13;-2.8279600883251985e-13;9.237055564881302e-14;3.900026968040038e-12;144.69873279612278;115.0;110.10780019370202;110.10780019370202;105.12844291895402;40.0474424603334;15.465967175006313;16.990478626296692;62.31748383961491;22.320854405126624;5.475424163969535;7.7428738937537105;13.77583485629475;52.80478804253062;4.877669342013178;9.412251023036617;4.0;1.0800000000000005;88841.89190791789;13846.620388434125;6.416142669883995;4.877669342013178;deltaT_shex_1_K;shex;True;True;True;True;True;True;True;True;96.33196533740727;2669.7460619012963;0.06794591045826781;88841.89190791789;0.0;0.0;135.0;4.0;144.69873279612278;4.0;115.0;8.0;110.10780019370202;8.0;110.10780019370202;8.0;105.12844291895402;8.0;30.0;4.0;40.0474424603334;4.0;96.33196533740727;2669.7460619012963;0.010552201656493855;88841.89190791789;0.0;0.0;102.36492629994831;273.12435391843485;1.1479459104582683;13846.620388434125;0.6049471544717137;0.2410665038905262;160.1646999711291;365.27350457684884;1.0905522016564944;88841.89190791789;0.6367843840734543;0.2666808466612254;96.33196533740727;2669.7460619012963;0.057393708801773954;88841.89190791789;0.0;0.0;118.95991743272077;273.12435391843485;1.1479459104582683;88841.89190791789;0.6049471544717137;0.2410665038905262;151.9904786262967;339.22647119150815;1.1479459104582683;88841.89190791789;0.6049471544717137;0.2410665038905262;147.11280928428351;342.75752389481045;1.0800000000000005;88841.89190791789;0.6430061222399719;0.2719944007088776;109.54766640968415;272.49673204646;1.0800000000000005;88841.89190791789;0.6430061222399719;0.2719944007088776;109.52457583603046;272.4541224240924;1.0800000000000005;13846.620388434125;0.6430061222399719;0.2719944007088776;102.36492629994831;2691.5040684329456;0.06794591045826781;13846.620388434125;0.0;0.0;52.320854405126624;219.04859902017932;0.06794591045826781;13846.620388434125;0.0;0.0;52.323654876423404;219.12458748831844;0.06794591045826781;88841.89190791789;0.0;0.0;"Zustand 3: Temperatur 425.140 K liegt außerhalb des Boryta-Prüfbereichs; Kristallisation wurde nicht bewertet.";"Zustand 4: Temperatur 420.263 K liegt außerhalb des Boryta-Prüfbereichs; Kristallisation wurde nicht bewertet.";"Zustand 5: Temperatur 382.698 K liegt außerhalb des Boryta-Prüfbereichs; Kristallisation wurde nicht bewertet.";"Zustand 6: Temperatur 382.675 K liegt außerhalb des Boryta-Prüfbereichs; Kristallisation wurde nicht bewertet.";"Zustand 20: Temperatur 433.315 K liegt außerhalb des Boryta-Prüfbereichs; Kristallisation wurde nicht bewertet.";5
series_desorber_to_evaporator;Serie Desorber → Verdampfer;series_desorber_to_evaporator;115.0;nan;30.0;115.0;8.0;8.0;4.0;115.0;1.0900000000000007;Abwärmetemperatur [°C];hot_temperature_C;115.0;10.0;10.0;25.0;15.0;11.0;nan;nan;4.9925435976127983e-23;`gtol` termination condition is satisfied.;4;3.601520779646802e-10;9.992540815641233e-12;1;True;;True;0;zulässig;feasible;True;True;True;96.32585963313488;118.97317547323684;147.06394487249747;52.33755633041147;0.15659668925557985;0.2665255493917914;0.2411634775686527;0.2718334572195714;162.03297953353348;168.11894148098122;163.47246231245742;166.62785780092605;76.55762589642318;0.4908598073394115;16.03027666528655;34.57949824699534;0.005164835645276802;0.04643606551665035;16.203297953321474;16.811894148100524;6.538898492499593;11.108523853394736;6.959784172411231;102.41017537942156;0.012039157041214556;2691.5892351188045;273.19676190179234;243.72655872536396;0.013941299683445374;1.1440550314316875;0.6124471510158123;0.24687437520691075;3.0681235330121126e-11;-1.0037126685347175e-10;1.2391865311656147e-10;-1.0160428054462045e-11;-3.240074875066057e-11;-2.4016344468691386e-11;5.002220859751105e-12;3.1872104955255054e-10;3.0681235330121126e-13;-1.0037126685347175e-12;1.2391865311656148e-12;-9.321493627946825e-12;-3.240074875066057e-13;-2.4016344468691384e-13;5.0022208597511053e-14;3.1872104955255054e-12;144.69096767545057;115.0;110.11146942845522;110.11146942845522;105.12857894397774;40.05496061489123;15.417867508298457;17.01496064626923;62.35521476453033;22.337556330411473;5.499801895723408;7.701294049033663;13.78560979532034;52.78822247981799;4.951015773771758;9.449898421638636;4.0;1.0900000000000007;88822.09231930568;13857.913962069004;6.409485046769942;4.951015773771758;deltaT_shex_1_K;shex;True;True;True;True;True;True;True;True;96.32585963313488;2669.7363083499486;0.06799633111513215;88822.09231930568;0.0;0.0;135.0;4.0;144.69096767545057;4.0;115.0;8.0;110.11146942845522;8.0;110.11146942845522;8.0;105.12857894397774;8.0;30.0;4.0;40.05496061489123;4.0;96.32585963313488;2669.7363083499486;0.010648000334155864;88822.09231930568;0.0;0.0;102.41017537942156;273.19676190179297;1.157996331115133;13857.913962069004;0.6050738035852885;0.2411634775686527;160.10883518374902;365.0999523493502;1.1006480003341566;88822.09231930568;0.6366006610679152;0.2665255493917914;96.32585963313488;2669.7363083499486;0.05734833078097629;88822.09231930568;0.0;0.0;118.97317547323684;273.19676190179297;1.157996331115133;88822.09231930568;0.6050738035852885;0.2411634775686527;152.01496064626923;339.30891082604677;1.157996331115133;88822.09231930568;0.6050738035852885;0.2411634775686527;147.06394487249747;342.5864030936821;1.0900000000000007;88822.09231930568;0.6428194904638919;0.2718334572195714;109.5232770515982;272.35004906029457;1.0900000000000007;88822.09231930568;0.6428194904638919;0.2718334572195714;109.50019810427659;272.3074471653252;1.0900000000000007;13857.913962069004;0.6428194904638919;0.2718334572195714;102.41017537942156;2691.5892351188045;0.06799633111513215;13857.913962069004;0.0;0.0;52.33755633041147;219.1184602424315;0.06799633111513215;13857.913962069004;0.0;0.0;52.340356464159754;219.19441780603196;0.06799633111513215;88822.09231930568;0.0;0.0;"Zustand 3: Temperatur 425.165 K liegt außerhalb des Boryta-Prüfbereichs; Kristallisation wurde nicht bewertet.";"Zustand 4: Temperatur 420.214 K liegt außerhalb des Boryta-Prüfbereichs; Kristallisation wurde nicht bewertet.";"Zustand 5: Temperatur 382.673 K liegt außerhalb des Boryta-Prüfbereichs; Kristallisation wurde nicht bewertet.";"Zustand 6: Temperatur 382.650 K liegt außerhalb des Boryta-Prüfbereichs; Kristallisation wurde nicht bewertet.";"Zustand 20: Temperatur 433.259 K liegt außerhalb des Boryta-Prüfbereichs; Kristallisation wurde nicht bewertet.";5
