config_case_key;config_case_label;config_routing_mode;input_fixed_T13_C;input_fixed_T15_C;input_fixed_T17_C;input_fixed_hot_C;input_fixed_m13_kg_s;input_fixed_m15_kg_s;input_fixed_m17_kg_s;input_hot_variation_C;input_m6_kg_s;input_outer_variation_label;input_outer_variation_mode;input_outer_variation_value;input_scaled_UA_abs;input_scaled_UA_cond;input_scaled_UA_des;input_scaled_UA_evap;input_scaled_UA_shex;input_ua_scale_factor;input_ua_scale_percent;solve_cost;solve_message;solve_nfev;solve_raw_residual_norm;solve_scaled_residual_norm;solve_status;solve_success;status_final_evaluation_error;status_final_point_evaluable;failure_code;failure_label;failure_reason;feasible_margin;feasible_numeric;feasible_physical;primary_T10_C;primary_T2_C;primary_T4_C;primary_T8_C;primary_beta;primary_x20;primary_x3;primary_x6;heat_Q_abs_kW;heat_Q_cond_kW;heat_Q_des_kW;heat_Q_evap_kW;heat_Q_shex_kW;kpi_COP;kpi_FR;kpi_GTL_K;pump_W_ref_pump_kW;pump_W_sol_pump_kW;lmtd_LMTD_abs_K;lmtd_LMTD_cond_K;lmtd_LMTD_des_K;lmtd_LMTD_evap_K;lmtd_LMTD_shex_K;flash_T1_C;flash_flash_fraction;flash_h1_flash_kJ_kg;flash_h1_mix_kJ_kg;flash_h1_sol_kJ_kg;flash_m1_flash_kg_s;flash_m1_sol_kg_s;flash_w1_LiBr;flash_x1_LiBr_mol;residual_raw_R1_SHEX_energy;residual_raw_R2_SHEX_UA;residual_raw_R3_preabs_energy;residual_raw_R4_preabs_LiBr;residual_raw_R5_desorber_UA;residual_raw_R6_condenser_UA;residual_raw_R7_evaporator_UA;residual_raw_R8_absorber_UA;residual_scaled_R1_SHEX_energy;residual_scaled_R2_SHEX_UA;residual_scaled_R3_preabs_energy;residual_scaled_R4_preabs_LiBr;residual_scaled_R5_desorber_UA;residual_scaled_R6_condenser_UA;residual_scaled_R7_evaporator_UA;residual_scaled_R8_absorber_UA;diagnostic_T12_C;diagnostic_T13_C;diagnostic_T14_C;diagnostic_T15_C;diagnostic_T16_C;diagnostic_T18_C;diagnostic_deltaT_abs_1_K;diagnostic_deltaT_abs_2_K;diagnostic_deltaT_cond_1_K;diagnostic_deltaT_cond_2_K;diagnostic_deltaT_des_1_K;diagnostic_deltaT_des_2_K;diagnostic_deltaT_evap_1_K;diagnostic_deltaT_evap_2_K;diagnostic_deltaT_shex_1_K;diagnostic_deltaT_shex_2_K;diagnostic_m11_kg_s;diagnostic_m6_kg_s;diagnostic_p_high_Pa;diagnostic_p_low_Pa;diagnostic_pressure_ratio_high_over_low;pinch_deltaT_min_global_K;pinch_limiting_key;pinch_limiting_unit;check_beta_in_0_1;check_crystallization_safe_all_checked_states;check_desorber_evaporator_temperature_coupling_ok;check_m21_nonnegative;check_m7_positive;check_p_high_gt_p_low;check_w6_gt_w20_gt_w3;check_w6_gt_w3;state_10_T_C;state_10_h_kJ_kg;state_10_m_kg_s;state_10_p_Pa;state_10_w_LiBr;state_10_x_LiBr_mol;state_11_T_C;state_11_m_kg_s;state_12_T_C;state_12_m_kg_s;state_13_T_C;state_13_m_kg_s;state_14_T_C;state_14_m_kg_s;state_15_T_C;state_15_m_kg_s;state_16_T_C;state_16_m_kg_s;state_17_T_C;state_17_m_kg_s;state_18_T_C;state_18_m_kg_s;state_19_T_C;state_19_h_kJ_kg;state_19_m_kg_s;state_19_p_Pa;state_19_w_LiBr;state_19_x_LiBr_mol;state_1_T_C;state_1_h_kJ_kg;state_1_m_kg_s;state_1_p_Pa;state_1_w_LiBr;state_1_x_LiBr_mol;state_20_T_C;state_20_h_kJ_kg;state_20_m_kg_s;state_20_p_Pa;state_20_w_LiBr;state_20_x_LiBr_mol;state_21_T_C;state_21_h_kJ_kg;state_21_m_kg_s;state_21_p_Pa;state_21_w_LiBr;state_21_x_LiBr_mol;state_2_T_C;state_2_h_kJ_kg;state_2_m_kg_s;state_2_p_Pa;state_2_w_LiBr;state_2_x_LiBr_mol;state_3_T_C;state_3_h_kJ_kg;state_3_m_kg_s;state_3_p_Pa;state_3_w_LiBr;state_3_x_LiBr_mol;state_4_T_C;state_4_h_kJ_kg;state_4_m_kg_s;state_4_p_Pa;state_4_w_LiBr;state_4_x_LiBr_mol;state_5_T_C;state_5_h_kJ_kg;state_5_m_kg_s;state_5_p_Pa;state_5_w_LiBr;state_5_x_LiBr_mol;state_6_T_C;state_6_h_kJ_kg;state_6_m_kg_s;state_6_p_Pa;state_6_w_LiBr;state_6_x_LiBr_mol;state_7_T_C;state_7_h_kJ_kg;state_7_m_kg_s;state_7_p_Pa;state_7_w_LiBr;state_7_x_LiBr_mol;state_8_T_C;state_8_h_kJ_kg;state_8_m_kg_s;state_8_p_Pa;state_8_w_LiBr;state_8_x_LiBr_mol;state_9_T_C;state_9_h_kJ_kg;state_9_m_kg_s;state_9_p_Pa;state_9_w_LiBr;state_9_x_LiBr_mol;validity_message_1;validity_message_2;validity_message_3;validity_message_4;validity_message_5;validity_message_count
series_desorber_to_evaporator;Serie Desorber → Verdampfer;series_desorber_to_evaporator;100.0;nan;30.0;100.0;8.0;8.0;4.0;100.0;0.4;Abwärmetemperatur [°C];hot_temperature_C;100.0;10.0;10.0;25.0;15.0;11.0;nan;nan;2.2630288353203244e-19;`gtol` termination condition is satisfied.;4;6.21932356170409e-08;6.727598137998917e-10;1;True;;True;0;zulässig;feasible;True;True;True;89.59181042956618;106.54802331936656;140.82893883374936;42.22123665069449;0.10221056387727817;0.27181326427334496;0.23280858414126238;0.2770986102720778;94.01842742305254;91.98057920694971;94.2431213652887;91.73995186549767;30.858267158229683;0.5055214207928755;10.821829529428515;43.44138684842687;0.002266838558509943;0.01366656028035372;9.40184273639324;9.198057920477039;3.7697248546849087;6.1159967908472215;2.8052970127596413;88.25037026960848;0.013419708888822626;2665.3134644452352;244.44146953241653;211.51217049660968;0.005863907221484221;0.43109841961172396;0.6020594375131363;0.23886551808128573;-3.7701042288063036e-10;1.7873627911058065e-08;6.1024252318020444e-09;2.5653945634473985e-10;-1.834010276979825e-09;2.1793198357045185e-09;2.789349196063995e-09;5.912013989473053e-08;-3.770104228806304e-12;1.7873627911058066e-10;6.102425231802044e-11;2.5653945634473985e-10;-1.834010276979825e-11;2.1793198357045184e-11;2.7893491960639948e-11;5.912013989473053e-10;140.62311168798163;100.0;97.18172483955476;97.18172483955476;94.4383052263521;35.501230813812754;13.135270490067114;6.453316214302674;52.74913945579573;12.221236650694493;1.1265775774897406;8.93135456994628;7.58991440998858;52.21520705468663;0.6243773805533124;7.655725697687558;4.0;0.4;69100.75388675989;8305.479230159186;8.319899667660174;0.6243773805533124;deltaT_shex_1_K;shex;True;True;True;True;True;True;True;True;89.59181042956618;2658.8647226230787;0.03696232683320816;69100.75388675989;0.0;0.0;135.0;4.0;140.62311168798163;4.0;100.0;8.0;97.18172483955476;8.0;97.18172483955476;8.0;94.4383052263521;8.0;30.0;4.0;35.501230813812754;4.0;89.59181042956618;2658.8647226230787;0.0037779402678384554;69100.75388675989;0.0;0.0;88.25037026960848;244.44146953241608;0.4369623268332082;8305.479230159186;0.5939799751279418;0.23280858414126238;153.75838217804875;355.28343376283954;0.4037779402678385;69100.75388675989;0.6427960665595837;0.27181326427334496;89.59181042956618;2658.8647226230787;0.033184386565369706;69100.75388675989;0.0;0.0;106.54802331936656;244.44146953241608;0.4369623268332082;69100.75388675989;0.5939799751279418;0.23280858414126238;141.45331621430267;315.06144123997365;0.4369623268332082;69100.75388675989;0.5939799751279418;0.23280858414126238;140.82893883374936;333.5264524995348;0.4;69100.75388675989;0.6488671800605913;0.2770986102720778;98.892297621679;256.38078460301807;0.4;69100.75388675989;0.6488671800605913;0.2770986102720778;98.87342242251026;256.3466182023172;0.4;8305.479230159186;0.6488671800605913;0.2770986102720778;88.25037026960848;2665.3134644452352;0.03696232683320816;8305.479230159186;0.0;0.0;42.22123665069449;176.81809395596824;0.03696232683320816;8305.479230159186;0.0;0.0;42.22309817166547;176.87942230709555;0.03696232683320816;69100.75388675989;0.0;0.0;"Zustand 3: Temperatur 414.603 K liegt außerhalb des Boryta-Prüfbereichs; Kristallisation wurde nicht bewertet.";"Zustand 4: Temperatur 413.979 K liegt außerhalb des Boryta-Prüfbereichs; Kristallisation wurde nicht bewertet.";Zustand 5: Kristallisationsprüfung bestanden (w_LiBr=0.6489 <= w_crit=0.6958, T=372.04 K >= T_crit=316.78 K).;Zustand 6: Kristallisationsprüfung bestanden (w_LiBr=0.6489 <= w_crit=0.6958, T=372.02 K >= T_crit=316.78 K).;"Zustand 20: Temperatur 426.908 K liegt außerhalb des Boryta-Prüfbereichs; Kristallisation wurde nicht bewertet.";5
series_desorber_to_evaporator;Serie Desorber → Verdampfer;series_desorber_to_evaporator;100.0;nan;30.0;100.0;8.0;8.0;4.0;100.0;0.41000000000000003;Abwärmetemperatur [°C];hot_temperature_C;100.0;10.0;10.0;25.0;15.0;11.0;nan;nan;4.951532067928233e-20;`gtol` termination condition is satisfied.;4;2.8708222729502255e-08;3.1469134299908005e-10;1;True;;True;0;zulässig;feasible;True;True;True;89.5608214570251;106.45337425939164;140.8884732452288;42.261030715282914;0.10299957232178202;0.2715117157390192;0.23330561591238108;0.2767150666609295;94.25195852401563;92.28008090257532;94.49077277146914;92.02500318473689;31.740029608321663;0.505329686139504;11.05705029450064;43.46275986302334;0.0022704193379978824;0.013993050848423323;9.425195849737111;9.228008090154438;3.7796309108984247;6.135000212227318;2.885457236200102;88.41917514992815;0.013205867140781409;2665.6319950824372;244.490701148552;212.08954553556867;0.005904084545497235;0.4411763292248841;0.6026083883746508;0.2392824376794145;-1.98507876802978e-10;1.0120544402525411e-08;2.818268285409431e-09;1.2890344347482596e-10;-9.914771226249286e-10;1.0309406661690446e-09;1.3271090892885695e-09;2.6644528361430275e-08;-1.98507876802978e-12;1.0120544402525411e-10;2.818268285409431e-11;1.2890344347482596e-10;-9.914771226249287e-12;1.0309406661690446e-11;1.3271090892885695e-11;2.6644528361430273e-10;140.63707885909184;100.0;97.17431899606851;97.17431899606851;94.42237512092686;35.51914359465161;12.992304742181716;6.579694760819507;52.90003155527654;12.261030715282914;1.1798712589350657;8.755143846140356;7.613497539043408;52.15948427958972;0.691221515590712;7.614405315067813;4.0;0.41000000000000003;69019.25590056853;8322.833842599823;8.292759077719234;0.691221515590712;deltaT_shex_1_K;shex;True;True;True;True;True;True;True;True;89.5608214570251;2658.814182852349;0.03708041377038129;69019.25590056853;0.0;0.0;135.0;4.0;140.63707885909184;4.0;100.0;8.0;97.17431899606851;8.0;97.17431899606851;8.0;94.42237512092686;8.0;30.0;4.0;35.51914359465161;4.0;89.5608214570251;2658.814182852349;0.00381926675986399;69019.25590056853;0.0;0.0;88.41917514992815;244.49070114856423;0.4470804137703813;8322.833842599823;0.5946504220598547;0.23330561591238108;153.62938360127356;354.89836832018074;0.413819266759864;69019.25590056853;0.6424460579033956;0.2715117157390192;89.5608214570251;2658.814182852349;0.0332611470105173;69019.25590056853;0.0;0.0;106.45337425939164;244.49070114856423;0.4470804137703813;69019.25590056853;0.5946504220598547;0.23330561591238108;141.5796947608195;315.4847072170636;0.4470804137703813;69019.25590056853;0.5946504220598547;0.23330561591238108;140.8884732452288;333.4367364051822;0.41000000000000003;69019.25590056853;0.648430626203053;0.2767150666609295;98.83896894432382;256.0220300429379;0.41000000000000003;69019.25590056853;0.648430626203053;0.2767150666609295;98.82012874106493;255.98790065062465;0.41000000000000003;8322.833842599823;0.648430626203053;0.2767150666609295;88.41917514992815;2665.6319950824372;0.03708041377038129;8322.833842599823;0.0;0.0;42.261030715282914;176.98444454496598;0.03708041377038129;8322.833842599823;0.0;0.0;42.26289084133714;177.04567415669732;0.03708041377038129;69019.25590056853;0.0;0.0;"Zustand 3: Temperatur 414.730 K liegt außerhalb des Boryta-Prüfbereichs; Kristallisation wurde nicht bewertet.";"Zustand 4: Temperatur 414.038 K liegt außerhalb des Boryta-Prüfbereichs; Kristallisation wurde nicht bewertet.";Zustand 5: Kristallisationsprüfung bestanden (w_LiBr=0.6484 <= w_crit=0.6957, T=371.99 K >= T_crit=316.43 K).;Zustand 6: Kristallisationsprüfung bestanden (w_LiBr=0.6484 <= w_crit=0.6957, T=371.97 K >= T_crit=316.43 K).;"Zustand 20: Temperatur 426.779 K liegt außerhalb des Boryta-Prüfbereichs; Kristallisation wurde nicht bewertet.";5
series_desorber_to_evaporator;Serie Desorber → Verdampfer;series_desorber_to_evaporator;100.0;nan;30.0;100.0;8.0;8.0;4.0;100.0;0.42000000000000004;Abwärmetemperatur [°C];hot_temperature_C;100.0;10.0;10.0;25.0;15.0;11.0;nan;nan;8.759126698110789e-21;`gtol` termination condition is satisfied.;4;1.1872164020110876e-08;1.3235653892506247e-10;1;True;;True;0;zulässig;feasible;True;True;True;89.53169922944761;106.3643283859011;140.9408738751698;42.298763350729246;0.10382078919649687;0.2712172867568007;0.23378233471051713;0.27634359197316716;94.4649539444869;92.56406768370744;94.71730224776519;92.295125643628;32.62047519830943;0.5051266111541372;11.29265069622158;43.48227303040488;0.002273817232724574;0.014319919475202902;9.446495393401406;9.256406768328251;3.7886920899227277;6.153008376205328;2.9654977448082924;88.58061785894432;0.013002995079669372;2665.9366622188472;244.54327388466328;212.64310989480924;0.0059448696275063995;0.45124746114568653;0.6031347634447419;0.23968286406222256;-9.321610150436754e-11;5.418208104401856e-09;1.15161924441054e-09;5.851297224523933e-11;-3.030038442375371e-10;4.249329776939703e-10;5.480700338011957e-10;1.0472831490915269e-08;-9.321610150436754e-13;5.418208104401856e-11;1.15161924441054e-11;5.851297224523933e-11;-3.0300384423753712e-12;4.249329776939703e-12;5.480700338011957e-12;1.0472831490915269e-10;140.64981781964633;100.0;97.16754478924145;97.16754478924145;94.4075230893722;35.53612844998253;12.85493992005621;6.701443385220841;53.044489408961795;12.298763350729246;1.232581064627709;8.586926930297125;7.635845559793836;52.106900917962435;0.7605695100510275;7.578102266618828;4.0;0.42000000000000004;68942.74035491716;8339.318309160599;8.267191369729193;0.7605695100510275;deltaT_shex_1_K;shex;True;True;True;True;True;True;True;True;89.53169922944761;2658.7666834274423;0.037192330773192894;68942.74035491716;0.0;0.0;135.0;4.0;140.64981781964633;4.0;100.0;8.0;97.16754478924145;8.0;97.16754478924145;8.0;94.4075230893722;8.0;30.0;4.0;35.53612844998253;4.0;89.53169922944761;2658.7666834274423;0.003861337132930043;68942.74035491716;0.0;0.0;88.58061785894432;244.5432738846657;0.45719233077319293;8339.318309160599;0.5952922050832924;0.23378233471051713;153.50475773970254;354.52491162337947;0.42386133713293006;68942.74035491716;0.6421039307703503;0.2712172867568007;89.53169922944761;2658.7666834274423;0.03333099364026285;68942.74035491716;0.0;0.0;106.3643283859011;244.5432738846657;0.45719233077319293;68942.74035491716;0.5952922050832924;0.23378233471051713;141.70144338522084;315.89284167628296;0.45719233077319293;68942.74035491716;0.5952922050832924;0.23378233471051713;140.9408738751698;333.3404965863225;0.42000000000000004;68942.74035491716;0.6480072160312952;0.27634359197316716;98.78622611928228;255.67269849488764;0.42000000000000004;68942.74035491716;0.6480072160312952;0.27634359197316716;98.76741893537229;255.6386034485181;0.42000000000000004;8339.318309160599;0.6480072160312952;0.27634359197316716;88.58061785894432;2665.9366622188472;0.037192330773192894;8339.318309160599;0.0;0.0;42.298763350729246;177.14217799618035;0.037192330773192894;8339.318309160599;0.0;0.0;42.30062217140977;177.2033147194094;0.037192330773192894;68942.74035491716;0.0;0.0;"Zustand 3: Temperatur 414.851 K liegt außerhalb des Boryta-Prüfbereichs; Kristallisation wurde nicht bewertet.";"Zustand 4: Temperatur 414.091 K liegt außerhalb des Boryta-Prüfbereichs; Kristallisation wurde nicht bewertet.";Zustand 5: Kristallisationsprüfung bestanden (w_LiBr=0.6480 <= w_crit=0.6957, T=371.94 K >= T_crit=316.10 K).;Zustand 6: Kristallisationsprüfung bestanden (w_LiBr=0.6480 <= w_crit=0.6956, T=371.92 K >= T_crit=316.10 K).;"Zustand 20: Temperatur 426.655 K liegt außerhalb des Boryta-Prüfbereichs; Kristallisation wurde nicht bewertet.";5
series_desorber_to_evaporator;Serie Desorber → Verdampfer;series_desorber_to_evaporator;100.0;nan;30.0;100.0;8.0;8.0;4.0;100.0;0.43000000000000005;Abwärmetemperatur [°C];hot_temperature_C;100.0;10.0;10.0;25.0;15.0;11.0;nan;nan;1.0760476804774333e-21;`gtol` termination condition is satisfied.;4;4.068462781988443e-09;4.639068183326116e-11;1;True;;True;0;zulässig;feasible;True;True;True;89.50429890495519;106.28069376435752;140.98651648361874;42.33460483632257;0.1046743187746731;0.2709296600480077;0.23423973130146605;0.2759835835298893;94.65876826025035;92.8338211216149;94.9240964329951;92.55156874944555;33.49940237438076;0.5049122944470357;11.528585153503546;43.500048832341406;0.002277050069803793;0.014647149317464817;9.465876825710941;9.283382112146445;3.7969638573237003;6.170104583283601;3.045400215621341;88.73514997453299;0.012810497652067761;2666.2283128971007;244.59902861392885;213.17418446120567;0.005986327522322421;0.46131226500004996;0.6036397412815099;0.24006761509254582;-3.735323161890847e-11;2.5460025199208758e-09;3.661284608824644e-10;2.229139095533128e-11;-9.741540907270974e-11;1.5046452972455882e-10;1.915338998514926e-10;3.1409399525728077e-09;-3.7353231618908467e-13;2.5460025199208757e-11;3.661284608824644e-12;2.229139095533128e-11;-9.741540907270973e-13;1.504645297245588e-12;1.915338998514926e-12;3.1409399525728074e-11;140.66140958494321;100.0;97.16136075260181;97.16136075260181;94.39367029956816;35.552262028804705;12.722826405874684;6.818737367271751;53.18288794572828;12.334604836322569;1.284649984033365;8.426210778068821;7.657061847646617;52.057207864748364;0.8322208836530081;7.546567761138704;4.0;0.43000000000000005;68870.81353571873;8355.002635808802;8.243063053091632;0.8322208836530081;deltaT_shex_1_K;shex;True;True;True;True;True;True;True;True;89.50429890495519;2658.7219888466257;0.03729859252237233;68870.81353571873;0.0;0.0;135.0;4.0;140.66140958494321;4.0;100.0;8.0;97.16136075260181;8.0;97.16136075260181;8.0;94.39367029956816;8.0;30.0;4.0;35.552262028804705;4.0;89.50429890495519;2658.7219888466257;0.00390420476353344;68870.81353571873;0.0;0.0;88.73514997453299;244.59902861392854;0.4672985925223724;8355.002635808802;0.5959068157931283;0.23423973130146605;153.3842359908179;354.1624112242593;0.4339042047635335;68870.81353571873;0.6417693426688111;0.2709296600480077;89.50429890495519;2658.7219888466257;0.03339438775883889;68870.81353571873;0.0;0.0;106.28069376435752;244.59902861392854;0.4672985925223724;68870.81353571873;0.5959068157931283;0.23423973130146605;141.81873736727175;316.28638849566613;0.4672985925223724;68870.81353571873;0.5959068157931283;0.23423973130146605;140.98651648361874;333.23805661859944;0.43000000000000005;68870.81353571873;0.6475963169642266;0.2759835835298893;98.73412600321882;255.33246970134803;0.43000000000000005;68870.81353571873;0.6475963169642266;0.2759835835298893;98.71535001596664;255.29840656340045;0.43000000000000005;8355.002635808802;0.6475963169642266;0.2759835835298893;88.73514997453299;2666.2283128971007;0.03729859252237233;8355.002635808802;0.0;0.0;42.33460483632257;177.29200609325554;0.03729859252237233;8355.002635808802;0.0;0.0;42.33646243481979;177.35305531564745;0.03729859252237233;68870.81353571873;0.0;0.0;"Zustand 3: Temperatur 414.969 K liegt außerhalb des Boryta-Prüfbereichs; Kristallisation wurde nicht bewertet.";"Zustand 4: Temperatur 414.137 K liegt außerhalb des Boryta-Prüfbereichs; Kristallisation wurde nicht bewertet.";Zustand 5: Kristallisationsprüfung bestanden (w_LiBr=0.6476 <= w_crit=0.6956, T=371.88 K >= T_crit=315.79 K).;Zustand 6: Kristallisationsprüfung bestanden (w_LiBr=0.6476 <= w_crit=0.6956, T=371.87 K >= T_crit=315.79 K).;"Zustand 20: Temperatur 426.534 K liegt außerhalb des Boryta-Prüfbereichs; Kristallisation wurde nicht bewertet.";5
series_desorber_to_evaporator;Serie Desorber → Verdampfer;series_desorber_to_evaporator;100.0;nan;30.0;100.0;8.0;8.0;4.0;100.0;0.44000000000000006;Abwärmetemperatur [°C];hot_temperature_C;100.0;10.0;10.0;25.0;15.0;11.0;nan;nan;6.025330827806696e-23;`gtol` termination condition is satisfied.;4;9.469856298643242e-10;1.0977550571786674e-11;1;True;;True;0;zulässig;feasible;True;True;True;89.47848804837025;106.20227556906275;141.02576551482446;42.36871053835887;0.10556015853766565;0.2706485426641382;0.2346787421544636;0.27563447888141956;94.83464871885747;93.09051054806764;95.1124329604097;92.79547144934028;34.37663223428685;0.5046868518743205;11.764810200349302;43.51620007171425;0.0022801338541530323;0.014974723311057528;9.483464871840678;9.309051054803971;3.80449731841691;6.186364763286632;3.125148384859775;88.88319032448362;0.012627812948827883;2666.50773294693;244.65780195376527;213.6840026916554;0.006028513714084971;0.4713711546619452;0.6041244262932475;0.24043746045364514;-9.904965736495797e-12;8.293241648971161e-10;5.6076032706187107e-11;5.552613924209027e-12;-1.304556462855544e-11;2.7924329515371937e-11;4.079936388734495e-11;4.5068304643791635e-10;-9.904965736495796e-14;8.293241648971162e-12;5.607603270618711e-13;5.552613924209027e-12;-1.304556462855544e-13;2.7924329515371935e-13;4.0799363887344954e-13;4.506830464379163e-12;140.67192875112784;100.0;97.15572867941358;97.15572867941358;94.38074448535434;35.56761426722892;12.595643231319684;6.931746570427208;53.3155760572547;12.368710538358869;1.3360294731053273;8.272538354929964;7.6772406310433325;52.01017749342492;0.9059810556027514;7.519558569356036;4.0;0.44000000000000006;68803.11638325981;8369.950983644034;8.220253203120304;0.9059810556027514;deltaT_shex_1_K;shex;True;True;True;True;True;True;True;True;89.47848804837025;2658.67988372833;0.03739966837603009;68803.11638325981;0.0;0.0;135.0;4.0;140.67192875112784;4.0;100.0;8.0;97.15572867941358;8.0;97.15572867941358;8.0;94.38074448535434;8.0;30.0;4.0;35.56761426722892;4.0;89.47848804837025;2658.67988372833;0.003947914923029857;68803.11638325981;0.0;0.0;88.88319032448362;244.65780195376564;0.47739966837603015;8369.950983644034;0.5964956560401984;0.2346787421544636;153.26757198244752;353.8102673997822;0.44394791492302993;68803.11638325981;0.6414419773210389;0.2706485426641382;89.47848804837025;2658.67988372833;0.033451753453000235;68803.11638325981;0.0;0.0;106.20227556906275;244.65780195376564;0.47739966837603015;68803.11638325981;0.5964956560401984;0.2346787421544636;141.9317465704272;316.66587927653757;0.47739966837603015;68803.11638325981;0.5964956560401984;0.2346787421544636;141.02576551482446;333.129746595497;0.44000000000000006;68803.11638325981;0.6471973372303028;0.27563447888141956;98.68271699970671;255.0010369720953;0.44000000000000006;68803.11638325981;0.6471973372303028;0.27563447888141956;98.66397052689467;254.9670035100247;0.44000000000000006;8369.950983644034;0.6471973372303028;0.27563447888141956;88.88319032448362;2666.50773294693;0.03739966837603009;8369.950983644034;0.0;0.0;42.36871053835887;177.43457828413383;0.03739966837603009;8369.950983644034;0.0;0.0;42.37056699192942;177.49554497055544;0.03739966837603009;68803.11638325981;0.0;0.0;"Zustand 3: Temperatur 415.082 K liegt außerhalb des Boryta-Prüfbereichs; Kristallisation wurde nicht bewertet.";"Zustand 4: Temperatur 414.176 K liegt außerhalb des Boryta-Prüfbereichs; Kristallisation wurde nicht bewertet.";Zustand 5: Kristallisationsprüfung bestanden (w_LiBr=0.6472 <= w_crit=0.6955, T=371.83 K >= T_crit=315.49 K).;Zustand 6: Kristallisationsprüfung bestanden (w_LiBr=0.6472 <= w_crit=0.6955, T=371.81 K >= T_crit=315.49 K).;"Zustand 20: Temperatur 426.418 K liegt außerhalb des Boryta-Prüfbereichs; Kristallisation wurde nicht bewertet.";5
series_desorber_to_evaporator;Serie Desorber → Verdampfer;series_desorber_to_evaporator;100.0;nan;30.0;100.0;8.0;8.0;4.0;100.0;0.45000000000000007;Abwärmetemperatur [°C];hot_temperature_C;100.0;10.0;10.0;25.0;15.0;11.0;nan;nan;2.0276028544776977e-24;`gtol` termination condition is satisfied.;4;1.8507835089146099e-10;2.01375413319387e-12;1;True;;True;0;zulässig;feasible;True;True;True;89.45414546262629;106.12887833607203;141.05897231412894;42.401222337635716;0.10647821612461067;0.27037366272426955;0.23510025212580382;0.2752957520438792;94.99374467266614;93.33520379914223;95.28348993485189;93.02787282966983;35.25200604172522;0.5044504127531234;12.001284384842979;43.53083072010122;0.0022830829761867036;0.01530262431243743;9.4993744672642;9.33352037991459;3.81133959739422;6.201858188644894;3.2047278219916895;89.02512762379098;0.012454410875448943;2666.7756518938836;244.71942913675895;214.17371692473205;0.0060714753188294;0.4814245114080853;0.6045898537528297;0.24079312457957852;1.9824142327706795e-12;-1.8336976381760905e-10;1.8189894035458565e-12;-7.936429291532932e-13;-3.623767952376511e-12;-3.666400516522117e-12;-3.581135388230905e-12;2.4130031306413002e-11;1.9824142327706795e-14;-1.8336976381760905e-12;1.8189894035458565e-14;-7.936429291532932e-13;-3.623767952376511e-14;-3.666400516522117e-14;-3.581135388230905e-14;2.4130031306413003e-13;140.68144405937;100.0;97.15061333926877;97.15061333926877;94.3686793431662;35.58224903104917;12.473095116038678;7.040635176545891;53.442878592741806;12.401222337635716;1.3866785992496489;8.125485715477794;7.696467876642487;51.9656016250583;0.9816628624169539;7.496838423112138;4.0;0.45000000000000007;68739.32110105376;8384.222189945001;8.198652128219026;0.9816628624169539;deltaT_shex_1_K;shex;True;True;True;True;True;True;True;True;89.45414546262629;2658.6401709231363;0.03749598672691462;68739.32110105376;0.0;0.0;135.0;4.0;140.68144405937;4.0;100.0;8.0;97.15061333926877;8.0;97.15061333926877;8.0;94.3686793431662;8.0;30.0;4.0;35.58224903104917;4.0;89.45414546262629;2658.6401709231363;0.003992505778513948;68739.32110105376;0.0;0.0;89.02512762379098;244.71942913675917;0.4874959867269147;8384.222189945001;0.5970600433030644;0.23510025212580382;153.15453917540867;353.46792719035193;0.453992505778514;68739.32110105376;0.641121541085603;0.27037366272426955;89.45414546262629;2658.6401709231363;0.03350348094840067;68739.32110105376;0.0;0.0;106.12887833607203;244.71942913675917;0.4874959867269147;68739.32110105376;0.5970600433030644;0.23510025212580382;142.0406351765459;317.03183170320875;0.4874959867269147;68739.32110105376;0.5970600433030644;0.23510025212580382;141.05897231412894;333.01589718241576;0.45000000000000007;68739.32110105376;0.6468097221005372;0.2752957520438792;98.6320399129599;254.67810597858636;0.45000000000000007;68739.32110105376;0.6468097221005372;0.2752957520438792;98.61332140075035;254.64410014678094;0.45000000000000007;8384.222189945001;0.6468097221005372;0.2752957520438792;89.02512762379098;2666.7756518938836;0.03749598672691462;8384.222189945001;0.0;0.0;42.401222337635716;177.57048764770002;0.03749598672691462;8384.222189945001;0.0;0.0;42.40307771810791;177.6313763767476;0.03749598672691462;68739.32110105376;0.0;0.0;"Zustand 3: Temperatur 415.191 K liegt außerhalb des Boryta-Prüfbereichs; Kristallisation wurde nicht bewertet.";"Zustand 4: Temperatur 414.209 K liegt außerhalb des Boryta-Prüfbereichs; Kristallisation wurde nicht bewertet.";Zustand 5: Kristallisationsprüfung bestanden (w_LiBr=0.6468 <= w_crit=0.6955, T=371.78 K >= T_crit=315.20 K).;Zustand 6: Kristallisationsprüfung bestanden (w_LiBr=0.6468 <= w_crit=0.6954, T=371.76 K >= T_crit=315.20 K).;"Zustand 20: Temperatur 426.305 K liegt außerhalb des Boryta-Prüfbereichs; Kristallisation wurde nicht bewertet.";5
series_desorber_to_evaporator;Serie Desorber → Verdampfer;series_desorber_to_evaporator;100.0;nan;30.0;100.0;8.0;8.0;4.0;100.0;0.4600000000000001;Abwärmetemperatur [°C];hot_temperature_C;100.0;10.0;10.0;25.0;15.0;11.0;nan;nan;4.74929794689395e-23;`gtol` termination condition is satisfied.;4;9.49055339594085e-10;9.746074026903294e-12;1;True;;True;0;zulässig;feasible;True;True;True;89.43116013876647;106.06030779262244;141.08647390218152;42.432269911819674;0.10742832425535773;0.2701047667049961;0.2355050971137147;0.27496691022075886;95.13711608637234;93.56887686661184;95.4383544947706;93.24972171261079;36.12538296631614;0.504203116585968;12.23796816956886;43.544036682641035;0.0022859103935992577;0.01563083521408855;9.513711608580438;9.356887686660693;3.8175341797916214;6.2166481141734815;3.284125724279377;89.1613228926467;0.012289791763924987;2667.03274746235;244.78374631480162;214.64440425247525;0.006115252153504502;0.49147268676137557;0.6050369945078241;0.2411352894521169;4.916955731459893e-12;-7.570051252514531e-10;6.73878730594879e-11;-2.217170891327669e-12;-1.992361831071321e-11;4.916955731459893e-12;8.569145393266808e-12;5.679652304024785e-10;4.916955731459893e-14;-7.570051252514532e-12;6.73878730594879e-13;-2.217170891327669e-12;-1.9923618310713209e-13;4.916955731459893e-14;8.569145393266809e-14;5.679652304024785e-12;140.69001890468735;100.0;97.14598222204631;97.14598222204631;94.35741398901371;35.59622469297915;12.354909872692645;7.145561527606844;53.565098199667545;12.432269911819674;1.4365632502692165;7.984659329399619;7.7148220832798415;51.923289703001444;1.0590876254253203;7.478179054897055;4.0;0.4600000000000001;68679.1281276682;8397.870242042884;8.178160193978083;1.0590876254253203;deltaT_shex_1_K;shex;True;True;True;True;True;True;True;True;89.43116013876647;2658.6026698162996;0.03758793891487999;68679.1281276682;0.0;0.0;135.0;4.0;140.69001890468735;4.0;100.0;8.0;97.14598222204631;8.0;97.14598222204631;8.0;94.35741398901371;8.0;30.0;4.0;35.59622469297915;4.0;89.43116013876647;2658.6026698162996;0.0040380092898383065;68679.1281276682;0.0;0.0;89.1613228926467;244.78374631480096;0.49758793891488007;8397.870242042884;0.5976012158358519;0.2355050971137147;153.04492877738;353.13487927155757;0.4640380092898384;68679.1281276682;0.6408077599894935;0.2701047667049961;89.43116013876647;2658.6026698162996;0.033549929625041684;68679.1281276682;0.0;0.0;106.06030779262244;244.78374631480096;0.49758793891488007;68679.1281276682;0.5976012158358519;0.2355050971137147;142.14556152760684;317.3847483509374;0.49758793891488007;68679.1281276682;0.5976012158358519;0.2355050971137147;141.08647390218152;332.896835020307;0.4600000000000001;68679.1281276682;0.6464329506104084;0.27496691022075886;98.58212873772538;254.36339378919564;0.4600000000000001;68679.1281276682;0.6464329506104084;0.27496691022075886;98.56343674973078;254.3294137126433;0.4600000000000001;8397.870242042884;0.6464329506104084;0.27496691022075886;89.1613228926467;2667.03274746235;0.03758793891487999;8397.870242042884;0.0;0.0;42.432269911819674;177.70027625386382;0.03758793891487999;8397.870242042884;0.0;0.0;42.43412428601226;177.7610912508972;0.03758793891487999;68679.1281276682;0.0;0.0;"Zustand 3: Temperatur 415.296 K liegt außerhalb des Boryta-Prüfbereichs; Kristallisation wurde nicht bewertet.";"Zustand 4: Temperatur 414.236 K liegt außerhalb des Boryta-Prüfbereichs; Kristallisation wurde nicht bewertet.";Zustand 5: Kristallisationsprüfung bestanden (w_LiBr=0.6464 <= w_crit=0.6954, T=371.73 K >= T_crit=314.92 K).;Zustand 6: Kristallisationsprüfung bestanden (w_LiBr=0.6464 <= w_crit=0.6954, T=371.71 K >= T_crit=314.92 K).;"Zustand 20: Temperatur 426.195 K liegt außerhalb des Boryta-Prüfbereichs; Kristallisation wurde nicht bewertet.";5
series_desorber_to_evaporator;Serie Desorber → Verdampfer;series_desorber_to_evaporator;100.0;nan;30.0;100.0;8.0;8.0;4.0;100.0;0.4700000000000001;Abwärmetemperatur [°C];hot_temperature_C;100.0;10.0;10.0;25.0;15.0;11.0;nan;nan;1.5981181741564966e-22;`gtol` termination condition is satisfied.;4;1.776784348285807e-09;1.7878020998737508e-11;1;True;;True;0;zulässig;feasible;True;True;True;89.40943031169348;105.99637231600809;141.10859220658847;42.461971887815594;0.10841025374803345;0.26984161718677524;0.23589406665896204;0.27464749093073837;95.26574122726424;93.79242257102393;95.57803056404268;93.46188526742;36.99663804544016;0.503945110260194;12.474823834346186;43.55590648978978;0.0022886277907022846;0.01595933903787385;9.526574122584918;9.379242257099428;3.8231212225637408;6.230792351158872;3.363330731499948;89.29211167204846;0.012133484946753698;2667.2796497038294;244.85059236478872;215.09707197117794;0.0061598776810702915;0.5015160050601335;0.6054667593870177;0.24146459725385944;3.105071755271638e-12;-1.0592700050437998e-09;1.6635226529615466e-10;-1.981859121258367e-12;-5.084643817099277e-11;2.965805379062658e-11;3.6919800550094806e-11;1.4150600691209547e-09;3.105071755271638e-14;-1.0592700050437997e-11;1.6635226529615466e-12;-1.981859121258367e-12;-5.084643817099277e-13;2.9658053790626583e-13;3.6919800550094806e-13;1.4150600691209547e-11;140.697711795889;100.0;97.14180530609923;97.14180530609923;94.34689246915485;35.60959465137705;12.240836127357682;7.246678053014307;53.68251702067141;12.461971887815594;1.4856554071906203;7.849693634050766;7.732374994405745;51.88306715124082;1.138085846425838;7.463360930591364;4.0;0.4700000000000001;68622.26342927547;8410.944707979457;8.15868678392019;1.138085846425838;deltaT_shex_1_K;shex;True;True;True;True;True;True;True;True;89.40943031169348;2658.567214800367;0.0376758827412037;68622.26342927547;0.0;0.0;135.0;4.0;140.697711795889;4.0;100.0;8.0;97.14180530609923;8.0;97.14180530609923;8.0;94.34689246915485;8.0;30.0;4.0;35.60959465137705;4.0;89.40943031169348;2658.567214800367;0.0040844520081550475;68622.26342927547;0.0;0.0;89.29211167204846;244.85059236478935;0.5076758827412038;8410.944707979457;0.5981203375762356;0.23589406665896204;152.9385479232467;352.81064953178696;0.47408445200815513;68622.26342927547;0.6405003772645148;0.26984161718677524;89.40943031169348;2658.567214800367;0.033591430733048655;68622.26342927547;0.0;0.0;105.99637231600809;244.85059236478935;0.5076758827412038;68622.26342927547;0.5981203375762356;0.23589406665896204;142.2466780530143;317.7251158613089;0.5076758827412038;68622.26342927547;0.5981203375762356;0.23589406665896204;141.10859220658847;332.77287924846445;0.4700000000000001;68622.26342927547;0.6460665326903876;0.27464749093073837;98.53301138541673;254.0566280879601;0.4700000000000001;68622.26342927547;0.6460665326903876;0.27464749093073837;98.51434459280938;254.02267204745397;0.4700000000000001;8410.944707979457;0.6460665326903876;0.27464749093073837;89.29211167204846;2667.2796497038294;0.0376758827412037;8410.944707979457;0.0;0.0;42.461971887815594;177.82443998025843;0.0376758827412037;8410.944707979457;0.0;0.0;42.46382531791403;177.88518514730396;0.0376758827412037;68622.26342927547;0.0;0.0;"Zustand 3: Temperatur 415.397 K liegt außerhalb des Boryta-Prüfbereichs; Kristallisation wurde nicht bewertet.";"Zustand 4: Temperatur 414.259 K liegt außerhalb des Boryta-Prüfbereichs; Kristallisation wurde nicht bewertet.";Zustand 5: Kristallisationsprüfung bestanden (w_LiBr=0.6461 <= w_crit=0.6953, T=371.68 K >= T_crit=314.66 K).;Zustand 6: Kristallisationsprüfung bestanden (w_LiBr=0.6461 <= w_crit=0.6953, T=371.66 K >= T_crit=314.66 K).;"Zustand 20: Temperatur 426.089 K liegt außerhalb des Boryta-Prüfbereichs; Kristallisation wurde nicht bewertet.";5
series_desorber_to_evaporator;Serie Desorber → Verdampfer;series_desorber_to_evaporator;100.0;nan;30.0;100.0;8.0;8.0;4.0;100.0;0.4800000000000001;Abwärmetemperatur [°C];hot_temperature_C;100.0;10.0;10.0;25.0;15.0;11.0;nan;nan;3.2747258582788793e-22;`gtol` termination condition is satisfied.;4;2.55399027316323e-09;2.559189660138099e-11;1;True;;True;0;zulässig;feasible;True;True;True;89.38886261030643;105.93688407363544;141.12563366321496;42.49043687775975;0.10942372477865925;0.26958399097633556;0.2362679064727787;0.2743370594783554;95.38052363033162;94.00665835887867;95.70344588310483;93.66515674137847;37.86566035806273;0.503676545680968;12.711815381919136;43.56652192415578;0.002291245718291412;0.01628811900974369;9.538052362809342;9.400665835881734;3.828137835327569;6.244343782753234;3.4423327599321913;89.41780605227677;0.01198504731390691;2667.516944778313;244.91981026641835;215.532662631938;0.006205379842590397;0.5115547657840317;0.6058800033120009;0.24178165287434875;1.0373923942097463e-12;-1.1913741104763176e-09;2.7682744985213503e-10;-1.6305845562669674e-12;-8.43840552988695e-11;6.133404895081185e-11;7.995026862772647e-11;2.2382096176443156e-09;1.0373923942097462e-14;-1.1913741104763176e-11;2.7682744985213505e-12;-1.6305845562669674e-12;-8.43840552988695e-13;6.133404895081184e-13;7.995026862772647e-13;2.2382096176443156e-11;140.70457677214904;100.0;97.13805484799326;97.13805484799326;94.33706331864579;35.62240779658367;12.130641311591376;7.344131265029489;53.7953982556931;12.490436877759748;1.5339324791067384;7.720248795716486;7.749192237686827;51.84477389701851;1.2184976018145335;7.452173725297314;4.0;0.4800000000000001;68568.47607601035;8423.491127694968;8.14014937946206;1.2184976018145335;deltaT_shex_1_K;shex;True;True;True;True;True;True;True;True;89.38886261030643;2658.5336538997217;0.037760145626622;68568.47607601035;0.0;0.0;135.0;4.0;140.70457677214904;4.0;100.0;8.0;97.13805484799326;8.0;97.13805484799326;8.0;94.33706331864579;8.0;30.0;4.0;35.62240779658367;4.0;89.38886261030643;2658.5336538997217;0.004131855782649579;68568.47607601035;0.0;0.0;89.41780605227677;244.91981026641741;0.5177601456266221;8423.491127694968;0.5986185028057565;0.2362679064727787;152.83521808374041;352.4947972475962;0.48413185578264967;68568.47607601035;0.6401991512995522;0.26958399097633556;89.38886261030643;2658.5336538997217;0.03362828984397242;68568.47607601035;0.0;0.0;105.93688407363544;244.91981026641741;0.5177601456266221;68568.47607601035;0.5986185028057565;0.2362679064727787;142.3441312650295;318.05340441788616;0.5177601456266221;68568.47607601035;0.5986185028057565;0.2362679064727787;141.12563366321496;332.64433894635476;0.4800000000000001;68568.47607601035;0.6457100066406227;0.2743370594783554;98.48471034833813;253.75754653372624;0.4800000000000001;68568.47607601035;0.6457100066406227;0.2743370594783554;98.46606752089326;253.72361295245594;0.4800000000000001;8423.491127694968;0.6457100066406227;0.2743370594783554;89.41780605227677;2667.516944778313;0.037760145626622;8423.491127694968;0.0;0.0;42.49043687775975;177.94343284245716;0.037760145626622;8423.491127694968;0.0;0.0;42.49228942162728;178.00411178530203;0.037760145626622;68568.47607601035;0.0;0.0;"Zustand 3: Temperatur 415.494 K liegt außerhalb des Boryta-Prüfbereichs; Kristallisation wurde nicht bewertet.";"Zustand 4: Temperatur 414.276 K liegt außerhalb des Boryta-Prüfbereichs; Kristallisation wurde nicht bewertet.";Zustand 5: Kristallisationsprüfung bestanden (w_LiBr=0.6457 <= w_crit=0.6953, T=371.63 K >= T_crit=314.41 K).;Zustand 6: Kristallisationsprüfung bestanden (w_LiBr=0.6457 <= w_crit=0.6953, T=371.62 K >= T_crit=314.41 K).;"Zustand 20: Temperatur 425.985 K liegt außerhalb des Boryta-Prüfbereichs; Kristallisation wurde nicht bewertet.";5
series_desorber_to_evaporator;Serie Desorber → Verdampfer;series_desorber_to_evaporator;100.0;nan;30.0;100.0;8.0;8.0;4.0;100.0;0.4900000000000001;Abwärmetemperatur [°C];hot_temperature_C;100.0;10.0;10.0;25.0;15.0;11.0;nan;nan;5.025986126839843e-22;`gtol` termination condition is satisfied.;4;3.164934626047415e-09;3.170484545567079e-11;1;True;;True;0;zulässig;feasible;True;True;True;89.36937129192296;105.8816598924285;141.1378891110536;42.51776441087179;0.11046841655831605;0.2693316775401199;0.23662732087828744;0.2740352067149961;95.48229841737466;94.21233331600298;95.81545839651693;93.86026240452355;38.732351396881384;0.5033975777929448;12.948908447011426;43.575958589451716;0.00229377371660502;0.01661715861870815;9.54822984144826;9.421233331591518;3.8326183358651282;6.25735082696143;3.521122854372585;89.53869652914688;0.011844061871186558;2667.745178416143;244.99124811895646;215.952058713853;0.006251781787276811;0.5215892456634263;0.6062775291254283;0.24208702626928993;-1.8829382497642655e-12;-1.2170531249466876e-09;3.7553604670392815e-10;-1.8752221997431207e-12;-1.1127099242003169e-10;8.780887128523318e-11;1.021049911287264e-10;2.892065253945475e-09;-1.8829382497642654e-14;-1.2170531249466875e-11;3.755360467039281e-12;-1.8752221997431207e-12;-1.1127099242003169e-12;8.780887128523318e-13;1.0210499112872639e-12;2.8920652539454748e-11;140.71066378094343;100.0;97.13470519149172;97.13470519149172;94.32787916264829;35.63470893038294;12.024109889439671;7.438061807736062;53.90398759876393;12.517764410871791;1.5813766973504926;7.596008662344843;7.765333899568759;51.80826304020263;1.3001726966824663;7.444416587752869;4.0;0.4900000000000001;68517.53606974133;8435.551368254066;8.122472744057585;1.3001726966824663;deltaT_shex_1_K;shex;True;True;True;True;True;True;True;True;89.36937129192296;2658.5018475309416;0.03784102745070306;68517.53606974133;0.0;0.0;135.0;4.0;140.71066378094343;4.0;100.0;8.0;97.13470519149172;8.0;97.13470519149172;8.0;94.32787916264829;8.0;30.0;4.0;35.63470893038294;4.0;89.36937129192296;2658.5018475309416;0.004180238383418937;68517.53606974133;0.0;0.0;89.53869652914688;244.9912481189572;0.5278410274507032;8435.551368254066;0.5990967405593566;0.23662732087828744;152.7347736703831;352.1869117673251;0.494180238383419;68517.53606974133;0.6399038539370773;0.2693316775401199;89.36937129192296;2658.5018475309416;0.03366078906728412;68517.53606974133;0.0;0.0;105.8816598924285;244.9912481189572;0.5278410274507032;68517.53606974133;0.5990967405593566;0.23662732087828744;142.43806180773606;318.37006746527777;0.5278410274507032;68517.53606974133;0.5990967405593566;0.23662732087828744;141.1378891110536;332.5115113217008;0.4900000000000001;68517.53606974133;0.6453629368963634;0.2740352067149961;98.43724330467563;253.4658962260207;0.4900000000000001;68517.53606974133;0.6453629368963634;0.2740352067149961;98.41862330264951;253.43198365741108;0.4900000000000001;8435.551368254066;0.6453629368963634;0.2740352067149961;89.53869652914688;2667.745178416143;0.03784102745070306;8435.551368254066;0.0;0.0;42.51776441087179;178.05767088910844;0.03784102745070306;8435.551368254066;0.0;0.0;42.519616122445655;178.11828694187267;0.03784102745070306;68517.53606974133;0.0;0.0;"Zustand 3: Temperatur 415.588 K liegt außerhalb des Boryta-Prüfbereichs; Kristallisation wurde nicht bewertet.";"Zustand 4: Temperatur 414.288 K liegt außerhalb des Boryta-Prüfbereichs; Kristallisation wurde nicht bewertet.";Zustand 5: Kristallisationsprüfung bestanden (w_LiBr=0.6454 <= w_crit=0.6952, T=371.59 K >= T_crit=314.16 K).;Zustand 6: Kristallisationsprüfung bestanden (w_LiBr=0.6454 <= w_crit=0.6952, T=371.57 K >= T_crit=314.16 K).;"Zustand 20: Temperatur 425.885 K liegt außerhalb des Boryta-Prüfbereichs; Kristallisation wurde nicht bewertet.";5
series_desorber_to_evaporator;Serie Desorber → Verdampfer;series_desorber_to_evaporator;100.0;nan;30.0;100.0;8.0;8.0;4.0;100.0;0.5000000000000001;Abwärmetemperatur [°C];hot_temperature_C;100.0;10.0;10.0;25.0;15.0;11.0;nan;nan;6.427603281263017e-22;`gtol` termination condition is satisfied.;4;3.5732304083909067e-09;3.585415814452493e-11;1;True;;True;0;zulässig;feasible;True;True;True;89.35087755214812;105.83052190125966;141.14563391629963;42.544045772013135;0.11154397559116988;0.2690844776921323;0.23697297515645113;0.2737415470474208;95.57183803751613;94.41013447879443;95.91486206283756;94.04786779138222;39.59662362341076;0.5031083629449807;13.186070209120032;43.58428642756786;0.0022962204235738772;0.016946441662637;9.557183803418587;9.441013447868754;3.8365944825195206;6.26985785274985;3.5996930567824283;89.6550537023175;0.01171013631566526;2667.964859086631;245.0647598587667;216.35608694429928;0.0062991025111294174;0.5316197005947558;0.6066600911507932;0.24238125467638122;-4.604316927725449e-12;-1.1959571111219702e-09;4.4144599087303504e-10;-2.9536373347127665e-12;-1.5046452972455882e-10;1.0689404916774947e-10;1.3446310731524136e-10;3.3302569590887288e-09;-4.6043169277254495e-14;-1.1959571111219703e-11;4.41445990873035e-12;-2.9536373347127665e-12;-1.504645297245588e-12;1.0689404916774947e-12;1.3446310731524137e-12;3.330256959088729e-11;140.71601902138252;100.0;97.13173259381466;97.13173259381466;94.3192963560341;35.646539143468544;11.92104178743233;7.528604547888904;54.00851455884896;12.544045772013135;1.6279745657208764;7.4766788914971585;7.780855041666541;51.77339965440058;1.3829706315892736;7.43989823374028;4.0;0.5000000000000001;68469.23239517167;8447.163946317323;8.105588198631084;1.3829706315892736;deltaT_shex_1_K;shex;True;True;True;True;True;True;True;True;89.35087755214812;2658.471667384787;0.037918803105885135;68469.23239517167;0.0;0.0;135.0;4.0;140.71601902138252;4.0;100.0;8.0;97.13173259381466;8.0;97.13173259381466;8.0;94.3192963560341;8.0;30.0;4.0;35.646539143468544;4.0;89.35087755214812;2658.471667384787;0.004229614048089228;68469.23239517167;0.0;0.0;89.6550537023175;245.06475985876762;0.5379188031058852;8447.163946317323;0.5995560187861435;0.23697297515645113;152.63706080881485;351.8866096248423;0.5042296140480893;68469.23239517167;0.6396142690511768;0.2690844776921323;89.35087755214812;2658.471667384787;0.03368918905779591;68469.23239517167;0.0;0.0;105.83052190125966;245.06475985876762;0.5379188031058852;68469.23239517167;0.5995560187861435;0.23697297515645113;142.5286045478889;318.6755416250567;0.5379188031058852;68469.23239517167;0.5995560187861435;0.23697297515645113;141.14563391629963;332.3746804988969;0.5000000000000001;68469.23239517167;0.6450249120407439;0.2737415470474208;98.39062366751938;253.1814332520662;0.5000000000000001;68469.23239517167;0.6450249120407439;0.2737415470474208;98.37202543427912;253.14754036874092;0.5000000000000001;8447.163946317323;0.6450249120407439;0.2737415470474208;89.6550537023175;2667.964859086631;0.037918803105885135;8447.163946317323;0.0;0.0;42.544045772013135;178.16753570693686;0.037918803105885135;8447.163946317323;0.0;0.0;42.545896701633524;178.22809195437858;0.037918803105885135;68469.23239517167;0.0;0.0;"Zustand 3: Temperatur 415.679 K liegt außerhalb des Boryta-Prüfbereichs; Kristallisation wurde nicht bewertet.";"Zustand 4: Temperatur 414.296 K liegt außerhalb des Boryta-Prüfbereichs; Kristallisation wurde nicht bewertet.";Zustand 5: Kristallisationsprüfung bestanden (w_LiBr=0.6450 <= w_crit=0.6952, T=371.54 K >= T_crit=313.93 K).;Zustand 6: Kristallisationsprüfung bestanden (w_LiBr=0.6450 <= w_crit=0.6951, T=371.52 K >= T_crit=313.93 K).;"Zustand 20: Temperatur 425.787 K liegt außerhalb des Boryta-Prüfbereichs; Kristallisation wurde nicht bewertet.";5
series_desorber_to_evaporator;Serie Desorber → Verdampfer;series_desorber_to_evaporator;100.0;nan;30.0;100.0;8.0;8.0;4.0;100.0;0.5100000000000001;Abwärmetemperatur [°C];hot_temperature_C;100.0;10.0;10.0;25.0;15.0;11.0;nan;nan;7.401290568445916e-22;`gtol` termination condition is satisfied.;4;3.817398289923701e-09;3.8474122650025214e-11;1;True;;True;0;zulässig;feasible;True;True;True;89.33330890226938;105.78329798516916;141.14912827152108;42.56936475670784;0.11265002268104549;0.26884220249090796;0.2373054977905078;0.2734557166582045;95.6498574880801;94.60069251672027;96.00239214458506;94.22858331425404;40.458399189627094;0.5028090575542266;13.423269309254405;43.59157018901749;0.002298593670257627;0.017275952283029063;9.564985748446704;9.46006925166051;3.840095685789549;6.281905554274842;3.678036290066183;89.76712982904297;0.011582901641122174;2668.17646089811;245.14020573233893;216.74552229044252;0.00634735741426562;0.5416463673818533;0.6070283984991823;0.24266484469261948;-7.958078640513122e-12;-1.1009220202140568e-09;5.02012653669226e-10;-4.796607555590526e-12;-1.5366197203547927e-10;1.1516476661199704e-10;1.3140777355147293e-10;3.613067178775964e-09;-7.958078640513122e-14;-1.1009220202140569e-11;5.02012653669226e-12;-4.796607555590526e-12;-1.5366197203547926e-12;1.1516476661199705e-12;1.3140777355147293e-12;3.6130671787759636e-11;140.7206852564641;100.0;97.1291150674466;97.1291150674466;94.31127465733135;35.65793615530623;11.8212510006868;7.615888697902051;54.10919367373674;12.569364756707841;1.673716363147662;7.3619852384036335;7.7958061651772255;51.740059706054865;1.4667604263809721;7.438436903643208;4.0;0.5100000000000001;68423.37126941417;8458.364320842833;8.089432977107343;1.4667604263809721;deltaT_shex_1_K;shex;True;True;True;True;True;True;True;True;89.33330890226938;2658.4429954171537;0.037993724796118844;68423.37126941417;0.0;0.0;135.0;4.0;140.7206852564641;4.0;100.0;8.0;97.1291150674466;8.0;97.1291150674466;8.0;94.31127465733135;8.0;30.0;4.0;35.65793615530623;4.0;89.33330890226938;2658.4429954171537;0.004279993960020188;68423.37126941417;0.0;0.0;89.76712982904297;245.1402057323401;0.547993724796119;8458.364320842833;0.5999972482659984;0.2373054977905078;152.5419362571509;351.59353201907356;0.5142799939600203;68423.37126941417;0.6393301913569344;0.26884220249090796;89.33330890226938;2658.4429954171537;0.03371373083609866;68423.37126941417;0.0;0.0;105.78329798516916;245.1402057323401;0.547993724796119;68423.37126941417;0.5999972482659984;0.2373054977905078;142.61588869790205;318.97024676917795;0.547993724796119;68423.37126941417;0.5999972482659984;0.2373054977905078;141.14912827152108;332.23411678472536;0.5100000000000001;68423.37126941417;0.6446955430288356;0.2734557166582045;98.34486108152595;252.90392229524488;0.5100000000000001;68423.37126941417;0.6446955430288356;0.2734557166582045;98.32628363685234;252.87004787900364;0.5100000000000001;8458.364320842833;0.6446955430288356;0.2734557166582045;89.76712982904297;2668.17646089811;0.037993724796118844;8458.364320842833;0.0;0.0;42.56936475670784;178.27337757673033;0.037993724796118844;8458.364320842833;0.0;0.0;42.57121495127649;178.33387687451153;0.037993724796118844;68423.37126941417;0.0;0.0;"Zustand 3: Temperatur 415.766 K liegt außerhalb des Boryta-Prüfbereichs; Kristallisation wurde nicht bewertet.";"Zustand 4: Temperatur 414.299 K liegt außerhalb des Boryta-Prüfbereichs; Kristallisation wurde nicht bewertet.";Zustand 5: Kristallisationsprüfung bestanden (w_LiBr=0.6447 <= w_crit=0.6951, T=371.49 K >= T_crit=313.71 K).;Zustand 6: Kristallisationsprüfung bestanden (w_LiBr=0.6447 <= w_crit=0.6951, T=371.48 K >= T_crit=313.71 K).;"Zustand 20: Temperatur 425.692 K liegt außerhalb des Boryta-Prüfbereichs; Kristallisation wurde nicht bewertet.";5
series_desorber_to_evaporator;Serie Desorber → Verdampfer;series_desorber_to_evaporator;100.0;nan;30.0;100.0;8.0;8.0;4.0;100.0;0.5200000000000001;Abwärmetemperatur [°C];hot_temperature_C;100.0;10.0;10.0;25.0;15.0;11.0;nan;nan;7.773525857237281e-22;`gtol` termination condition is satisfied.;4;3.8697253223909456e-09;3.942974982735062e-11;1;True;;True;0;zulässig;feasible;True;True;True;89.31659860717451;105.73982208517054;141.14861762508446;42.593798351366786;0.11378615884539968;0.2686046723085161;0.23762548260532323;0.27317737190839564;95.71701906757428;94.78458685188906;96.07873002917304;94.40296931473023;41.31760880985553;0.502499817028422;13.660475770706286;43.59786986137328;0.0023009005651123448;0.017605674990604486;9.571701906389615;9.478458685177152;3.843149201172694;6.293531287638859;3.756146255537892;89.87516024582101;0.01146201078374681;2668.3804262523954;245.21745257250643;217.12109164548198;0.006396558786356477;0.5516694653205855;0.6073831181386955;0.2429382742188859;-4.384048679639818e-12;-1.0612808409860008e-09;5.131539637659444e-10;-7.565281734400742e-12;-1.4431122963287635e-10;1.1753797934943577e-10;1.4733814168721437e-10;3.678138682516874e-09;-4.384048679639818e-14;-1.0612808409860008e-11;5.131539637659444e-12;-7.565281734400742e-12;-1.4431122963287634e-12;1.1753797934943576e-12;1.4733814168721438e-12;3.678138682516874e-11;140.72470209734297;100.0;97.12683223596969;97.12683223596969;94.30377693349567;35.66893462032829;11.724564352271045;7.700037962992383;54.20622562549272;12.593798351366786;1.7185956950518175;7.2516719901486795;7.810233628795174;51.70812907885204;1.5514203379079277;7.43986021422063;4.0;0.5200000000000001;68379.77456827;8469.185158769407;8.07394965234244;1.5514203379079277;deltaT_shex_1_K;shex;True;True;True;True;True;True;True;True;89.31659860717451;2658.4157229377524;0.03806602410694182;68379.77456827;0.0;0.0;135.0;4.0;140.72470209734297;4.0;100.0;8.0;97.12683223596969;8.0;97.12683223596969;8.0;94.30377693349567;8.0;30.0;4.0;35.66893462032829;4.0;89.31659860717451;2658.4157229377524;0.004331386665645295;68379.77456827;0.0;0.0;89.87516024582101;245.2174525725057;0.558066024106942;8469.185158769407;0.6004212862887239;0.23762548260532323;152.44926644961402;351.30734260545324;0.5243313866656454;68379.77456827;0.639051425410013;0.2686046723085161;89.31659860717451;2658.4157229377524;0.033734637441296525;68379.77456827;0.0;0.0;105.73982208517054;245.2174525725057;0.558066024106942;68379.77456827;0.6004212862887239;0.23762548260532323;142.70003796299238;319.25458621807206;0.558066024106942;68379.77456827;0.6004212862887239;0.23762548260532323;141.14861762508446;332.0900763088058;0.5200000000000001;68379.77456827;0.6443744615929309;0.27317737190839564;98.29996187094991;252.63313628984446;0.5200000000000001;68379.77456827;0.6443744615929309;0.27317737190839564;98.28140430494818;252.59927922255483;0.5200000000000001;8469.185158769407;0.6443744615929309;0.27317737190839564;89.87516024582101;2668.3804262523954;0.03806602410694182;8469.185158769407;0.0;0.0;42.593798351366786;178.37551831655725;0.03806602410694182;8469.185158769407;0.0;0.0;42.59564785464363;178.43596330967364;0.03806602410694182;68379.77456827;0.0;0.0;"Zustand 3: Temperatur 415.850 K liegt außerhalb des Boryta-Prüfbereichs; Kristallisation wurde nicht bewertet.";"Zustand 4: Temperatur 414.299 K liegt außerhalb des Boryta-Prüfbereichs; Kristallisation wurde nicht bewertet.";Zustand 5: Kristallisationsprüfung bestanden (w_LiBr=0.6444 <= w_crit=0.6951, T=371.45 K >= T_crit=313.49 K).;Zustand 6: Kristallisationsprüfung bestanden (w_LiBr=0.6444 <= w_crit=0.6950, T=371.43 K >= T_crit=313.49 K).;"Zustand 20: Temperatur 425.599 K liegt außerhalb des Boryta-Prüfbereichs; Kristallisation wurde nicht bewertet.";5
series_desorber_to_evaporator;Serie Desorber → Verdampfer;series_desorber_to_evaporator;100.0;nan;30.0;100.0;8.0;8.0;4.0;100.0;0.5300000000000001;Abwärmetemperatur [°C];hot_temperature_C;100.0;10.0;10.0;25.0;15.0;11.0;nan;nan;7.790919677988859e-22;`gtol` termination condition is satisfied.;4;3.797714691748513e-09;3.947383862253292e-11;1;True;;True;0;zulässig;feasible;True;True;True;89.30068517756996;105.69993437274985;141.14433320451394;42.61741734642976;0.11495197026973282;0.2683717160385531;0.23793349080092768;0.27290618789821747;95.7739367057049;94.96235027372273;96.14450762507028;94.57154061210703;42.174190767340434;0.5021807949092937;13.897660923976545;43.60324105970335;0.002303147568493321;0.01793559468330625;9.577393670208775;9.496235027361351;3.8457803050088293;6.304769374132216;3.834017342576818;89.97936466954951;0.01134713731580398;2668.577168275158;245.29637391895125;217.4834772327927;0.006446716228729832;0.5616891976419011;0.6077248777430453;0.24320199427896602;1.4992451724538114e-12;-1.0045653198176296e-09;5.288995907903882e-10;-1.0767164937419693e-11;-1.5045031886984361e-10;1.092246293410426e-10;1.2379075542412465e-10;3.617145694079227e-09;1.4992451724538113e-14;-1.0045653198176296e-11;5.288995907903882e-12;-1.0767164937419693e-11;-1.5045031886984362e-12;1.092246293410426e-12;1.2379075542412465e-12;3.617145694079227e-11;140.7281062623029;100.0;97.12486520259955;97.12486520259955;94.29676889242887;35.67956640393078;11.6308203855545;7.781170706212265;54.29979826561873;12.617417346429761;1.7626090895914217;7.14550053305004;7.824180025029591;51.67750269311762;1.6368375016983236;7.444004929897062;4.0;0.5300000000000001;68338.27841004913;8479.656576159008;8.059085624078895;1.6368375016983236;deltaT_shex_1_K;shex;True;True;True;True;True;True;True;True;89.30068517756996;2658.389749786508;0.038135913870630755;68338.27841004913;0.0;0.0;135.0;4.0;140.7281062623029;4.0;100.0;8.0;97.12486520259955;8.0;97.12486520259955;8.0;94.29676889242887;8.0;30.0;4.0;35.67956640393078;4.0;89.30068517756996;2658.389749786508;0.004383798437465838;68338.27841004913;0.0;0.0;89.97936466954951;245.29637391895142;0.5681359138706309;8479.656576159008;0.6008289401050648;0.23793349080092768;152.3589266478574;351.0277255513135;0.534383798437466;68338.27841004913;0.6387777847595544;0.2683717160385531;89.30068517756996;2658.389749786508;0.03375211543316492;68338.27841004913;0.0;0.0;105.69993437274985;245.29637391895142;0.5681359138706309;68338.27841004913;0.6008289401050648;0.23793349080092768;142.78117070621227;319.52894703691106;0.5681359138706309;68338.27841004913;0.6008289401050648;0.23793349080092768;141.14433320451394;331.94280095512227;0.5300000000000001;68338.27841004913;0.6440613188047424;0.27290618789821747;98.25592944285279;252.36885611108656;0.5300000000000001;68338.27841004913;0.6440613188047424;0.27290618789821747;98.23739091040858;252.33501536640108;0.5300000000000001;8479.656576159008;0.6440613188047424;0.27290618789821747;89.97936466954951;2668.577168275158;0.038135913870630755;8479.656576159008;0.0;0.0;42.61741734642976;178.4742538448004;0.038135913870630755;8479.656576159008;0.0;0.0;42.619266199311255;178.5346469843566;0.038135913870630755;68338.27841004913;0.0;0.0;"Zustand 3: Temperatur 415.931 K liegt außerhalb des Boryta-Prüfbereichs; Kristallisation wurde nicht bewertet.";"Zustand 4: Temperatur 414.294 K liegt außerhalb des Boryta-Prüfbereichs; Kristallisation wurde nicht bewertet.";Zustand 5: Kristallisationsprüfung bestanden (w_LiBr=0.6441 <= w_crit=0.6950, T=371.41 K >= T_crit=313.28 K).;Zustand 6: Kristallisationsprüfung bestanden (w_LiBr=0.6441 <= w_crit=0.6950, T=371.39 K >= T_crit=313.28 K).;"Zustand 20: Temperatur 425.509 K liegt außerhalb des Boryta-Prüfbereichs; Kristallisation wurde nicht bewertet.";5
series_desorber_to_evaporator;Serie Desorber → Verdampfer;series_desorber_to_evaporator;100.0;nan;30.0;100.0;8.0;8.0;4.0;100.0;0.5400000000000001;Abwärmetemperatur [°C];hot_temperature_C;100.0;10.0;10.0;25.0;15.0;11.0;nan;nan;7.725695071529879e-22;`gtol` termination condition is satisfied.;4;3.6599518212985485e-09;3.930825631220464e-11;1;True;;True;0;zulässig;feasible;True;True;True;89.28551191085563;105.66348132378613;141.1364926036896;42.640286889538004;0.1161470324549972;0.268143170421647;0.2382300528795271;0.2726418571644413;95.82117991186232;95.13447310232354;96.20031137423828;94.73477060273825;43.028090040390076;0.5018521422030588;14.134797335665077;43.60773538271417;0.0023053405586370202;0.01826569665798495;9.582117990837295;9.51344731022078;3.848012454975772;6.315651373507604;3.9116445492116245;90.07994838870457;0.011237974192972181;2668.7670730416085;245.3768500168906;217.83331974870046;0.006497837020998598;0.5717057528272597;0.6080542683333964;0.24345643071889106;7.332801033044234e-12;-9.37795618938253e-10;5.354650056688115e-10;-1.433997365296591e-11;-1.560209739182028e-10;1.1573320080060512e-10;1.241886593561503e-10;3.4893616884801304e-09;7.332801033044234e-14;-9.37795618938253e-12;5.354650056688115e-12;-1.433997365296591e-11;-1.560209739182028e-12;1.1573320080060512e-12;1.2418865935615031e-12;3.4893616884801305e-11;140.7309318129104;100.0;97.12319643019623;97.12319643019623;94.29021884040145;35.689860831478654;11.539868373715933;7.859400125680509;54.39008755722591;12.640286889538004;1.805755635117805;7.043248041491665;7.837684519340598;51.64808371011179;1.7229075219909191;7.450716674632304;4.0;0.5400000000000001;68298.73187975588;8489.806357159712;8.044792661514297;1.7229075219909191;deltaT_shex_1_K;shex;True;True;True;True;True;True;True;True;89.28551191085563;2658.3649835886254;0.03820358984825811;68298.73187975588;0.0;0.0;135.0;4.0;140.7309318129104;4.0;100.0;8.0;97.12319643019623;8.0;97.12319643019623;8.0;94.29021884040145;8.0;30.0;4.0;35.689860831478654;4.0;89.28551191085563;2658.3649835886254;0.0044372335900030365;68298.73187975588;0.0;0.0;90.07994838870457;245.37685001689053;0.5782035898482583;8489.806357159712;0.6012209701579391;0.2382300528795271;152.27080018662633;350.7543838205322;0.5444372335900032;68298.73187975588;0.6385090912307066;0.268143170421647;89.28551191085563;2658.3649835886254;0.033766356258255074;68298.73187975588;0.0;0.0;105.66348132378613;245.37685001689053;0.5782035898482583;68298.73187975588;0.6012209701579391;0.2382300528795271;142.8594001256805;319.79370040635666;0.5782035898482583;68298.73187975588;0.6012209701579391;0.2382300528795271;141.1364926036896;331.7925185142312;0.5400000000000001;68298.73187975588;0.6437557837729126;0.2726418571644413;98.21276464915383;252.1108702913002;0.5400000000000001;68298.73187975588;0.6437557837729126;0.2726418571644413;98.1942443648822;252.07704492711872;0.5400000000000001;8489.806357159712;0.6437557837729126;0.2726418571644413;90.07994838870457;2668.7670730416085;0.03820358984825811;8489.806357159712;0.0;0.0;42.640286889538004;178.569856492306;0.03820358984825811;8489.806357159712;0.0;0.0;42.64213513028966;178.63020005079863;0.03820358984825811;68298.73187975588;0.0;0.0;"Zustand 3: Temperatur 416.009 K liegt außerhalb des Boryta-Prüfbereichs; Kristallisation wurde nicht bewertet.";"Zustand 4: Temperatur 414.286 K liegt außerhalb des Boryta-Prüfbereichs; Kristallisation wurde nicht bewertet.";Zustand 5: Kristallisationsprüfung bestanden (w_LiBr=0.6438 <= w_crit=0.6950, T=371.36 K >= T_crit=313.09 K).;Zustand 6: Kristallisationsprüfung bestanden (w_LiBr=0.6438 <= w_crit=0.6949, T=371.34 K >= T_crit=313.09 K).;"Zustand 20: Temperatur 425.421 K liegt außerhalb des Boryta-Prüfbereichs; Kristallisation wurde nicht bewertet.";5
series_desorber_to_evaporator;Serie Desorber → Verdampfer;series_desorber_to_evaporator;100.0;nan;30.0;100.0;8.0;8.0;4.0;100.0;0.5500000000000002;Abwärmetemperatur [°C];hot_temperature_C;100.0;10.0;10.0;25.0;15.0;11.0;nan;nan;7.804597990398842e-22;`gtol` termination condition is satisfied.;4;3.515614419734867e-09;3.9508475015871825e-11;1;True;;True;0;zulässig;feasible;True;True;True;89.27102647578283;105.63031571277037;141.12530041078082;42.6624669847979;0.11737091364953486;0.2679188794635426;0.2385156704686706;0.2723840884979431;95.85927737675533;95.30140694601681;96.24668591514768;94.89309495611346;43.8792575347842;0.5015140068687202;14.371858741449856;43.611400737699114;0.0023074848901619197;0.018595966616965182;9.585927737336334;9.530140694590658;3.849867436611781;6.3262063304001375;3.9890234123202366;90.1771033544108;0.011134232558947708;2668.950501615818;245.4587677231301;218.1712212650542;0.0065499264391135625;0.5817193058080521;0.6083718467295601;0.24370198579463992;-3.929301328753354e-12;-7.384031164292537e-10;5.121023605170194e-10;-1.802769045156083e-11;-1.468549726268975e-10;1.1023360002582194e-10;1.1139889011246851e-10;3.3919889119715663e-09;-3.929301328753354e-14;-7.384031164292537e-12;5.121023605170194e-12;-1.802769045156083e-11;-1.4685497262689751e-12;1.1023360002582193e-12;1.113988901124685e-12;3.3919889119715664e-11;140.73321036942315;100.0;97.12180963172403;97.12180963172403;94.28409746198378;35.69984491303927;11.45156743084533;7.934834440207112;54.47725844137153;12.662466984797902;1.848036655244698;6.94470627731323;7.850783155941201;51.619782812914025;1.8095340294262883;7.459849601653332;4.0;0.5500000000000002;68260.99587886748;8499.660152810202;8.031026494194439;1.8095340294262883;deltaT_shex_1_K;shex;True;True;True;True;True;True;True;True;89.27102647578283;2658.341339080469;0.0382692322471655;68260.99587886748;0.0;0.0;135.0;4.0;140.73321036942315;4.0;100.0;8.0;97.12180963172403;8.0;97.12180963172403;8.0;94.28409746198378;8.0;30.0;4.0;35.69984491303927;4.0;89.27102647578283;2658.341339080469;0.004491694753516057;68260.99587886748;0.0;0.0;90.1771033544108;245.4587677231295;0.5882692322471657;8499.660152810202;0.6015980931057567;0.2385156704686706;152.18477780026848;350.4870376508142;0.5544916947535162;68260.99587886748;0.6382451743087463;0.2679188794635426;89.27102647578283;2658.341339080469;0.03377753749364944;68260.99587886748;0.0;0.0;105.63031571277037;245.4587677231295;0.5882692322471657;68260.99587886748;0.6015980931057567;0.2385156704686706;142.9348344402071;320.04920205056686;0.5882692322471657;68260.99587886748;0.6015980931057567;0.2385156704686706;141.12530041078082;331.6394430015434;0.5500000000000002;68260.99587886748;0.6434575424594223;0.2723840884979431;98.17046611111704;251.85897475647408;0.5500000000000002;68260.99587886748;0.6434575424594223;0.2723840884979431;98.1519633447553;251.8251639080796;0.5500000000000002;8499.660152810202;0.6434575424594223;0.2723840884979431;90.1771033544108;2668.950501615818;0.0382692322471655;8499.660152810202;0.0;0.0;42.6624669847979;178.66257708930638;0.0382692322471655;8499.660152810202;0.0;0.0;42.66431464906975;178.7228731745599;0.0382692322471655;68260.99587886748;0.0;0.0;"Zustand 3: Temperatur 416.085 K liegt außerhalb des Boryta-Prüfbereichs; Kristallisation wurde nicht bewertet.";"Zustand 4: Temperatur 414.275 K liegt außerhalb des Boryta-Prüfbereichs; Kristallisation wurde nicht bewertet.";Zustand 5: Kristallisationsprüfung bestanden (w_LiBr=0.6435 <= w_crit=0.6949, T=371.32 K >= T_crit=312.89 K).;Zustand 6: Kristallisationsprüfung bestanden (w_LiBr=0.6435 <= w_crit=0.6949, T=371.30 K >= T_crit=312.89 K).;"Zustand 20: Temperatur 425.335 K liegt außerhalb des Boryta-Prüfbereichs; Kristallisation wurde nicht bewertet.";5
series_desorber_to_evaporator;Serie Desorber → Verdampfer;series_desorber_to_evaporator;100.0;nan;30.0;100.0;8.0;8.0;4.0;100.0;0.5600000000000002;Abwärmetemperatur [°C];hot_temperature_C;100.0;10.0;10.0;25.0;15.0;11.0;nan;nan;7.65390916611382e-22;`gtol` termination condition is satisfied.;4;3.261871736508423e-09;3.912520713328894e-11;1;True;;True;0;zulässig;feasible;True;True;True;89.25718053640156;105.60029654471646;141.11094885784098;42.684012943801804;0.11862317768785052;0.26769869393172807;0.23879081804228192;0.27213260586629173;95.88872026032075;95.46356809593321;96.28413742942851;95.04691495071822;44.72764940976102;0.5011665334375726;14.608819982899602;43.61428163726288;0.002309585446026359;0.018926390670402797;9.588872025718395;9.54635680958271;3.8513654971822073;6.336460996706299;4.066149946406417;90.2710091802162;0.011035640609582337;2669.1277919199883;245.54202034262624;218.49774790988585;0.006602988031110257;0.5917300190601888;0.6086781378234891;0.2439390396542893;9.2157392828085e-12;-7.095621867847512e-10;5.036042693973286e-10;-2.1606660904893715e-11;-1.2667555893131066e-10;1.0611245215841336e-10;1.2373391200526385e-10;3.136804593850684e-09;9.2157392828085e-14;-7.0956218678475125e-12;5.036042693973286e-12;-2.1606660904893715e-11;-1.2667555893131066e-12;1.0611245215841336e-12;1.2373391200526384e-12;3.136804593850684e-11;140.73497130743544;100.0;97.12068967017257;97.12068967017257;94.2783776202109;35.709543546407474;11.365785712960076;8.007577079564555;54.56146563380872;12.684012943801804;1.889455418158832;6.84968048995637;7.863509133771004;51.592517555169195;1.8966282217235744;7.471266035076837;4.0;0.5600000000000002;68224.94208725264;8509.241661636786;8.01774644558976;1.889455418158832;deltaT_des_1_K;desorber;True;True;True;True;True;True;True;True;89.25718053640156;2658.318737499026;0.03833300709129894;68224.94208725264;0.0;0.0;135.0;4.0;140.73497130743544;4.0;100.0;8.0;97.12068967017257;8.0;97.12068967017257;8.0;94.2783776202109;8.0;30.0;4.0;35.709543546407474;4.0;89.25718053640156;2658.318737499026;0.004547183111500788;68224.94208725264;0.0;0.0;90.2710091802162;245.54202034262647;0.5983330070912991;8509.241661636786;0.6019609846475593;0.23879081804228192;152.10075702039552;350.22542319915;0.564547183111501;68224.94208725264;0.6379858706093022;0.26769869393172807;89.25718053640156;2658.318737499026;0.03378582397979815;68224.94208725264;0.0;0.0;105.60029654471646;245.54202034262647;0.5983330070912991;68224.94208725264;0.6019609846475593;0.23879081804228192;143.00757707956456;320.29579270627625;0.5983330070912991;68224.94208725264;0.6019609846475593;0.23879081804228192;141.11094885784098;331.48377509549164;0.5600000000000002;68224.94208725264;0.6431662965996667;0.27213260586629173;98.12903050963962;251.61297257807772;0.5600000000000002;68224.94208725264;0.6431662965996667;0.27213260586629173;98.11054458184117;251.57917545188056;0.5600000000000002;8509.241661636786;0.6431662965996667;0.27213260586629173;90.2710091802162;2669.1277919199883;0.03833300709129894;8509.241661636786;0.0;0.0;42.684012943801804;178.75264685076405;0.03833300709129894;8509.241661636786;0.0;0.0;42.68586006504171;178.81289741864998;0.03833300709129894;68224.94208725264;0.0;0.0;"Zustand 3: Temperatur 416.158 K liegt außerhalb des Boryta-Prüfbereichs; Kristallisation wurde nicht bewertet.";"Zustand 4: Temperatur 414.261 K liegt außerhalb des Boryta-Prüfbereichs; Kristallisation wurde nicht bewertet.";Zustand 5: Kristallisationsprüfung bestanden (w_LiBr=0.6432 <= w_crit=0.6949, T=371.28 K >= T_crit=312.71 K).;Zustand 6: Kristallisationsprüfung bestanden (w_LiBr=0.6432 <= w_crit=0.6948, T=371.26 K >= T_crit=312.71 K).;"Zustand 20: Temperatur 425.251 K liegt außerhalb des Boryta-Prüfbereichs; Kristallisation wurde nicht bewertet.";5
series_desorber_to_evaporator;Serie Desorber → Verdampfer;series_desorber_to_evaporator;100.0;nan;30.0;100.0;8.0;8.0;4.0;100.0;0.5700000000000002;Abwärmetemperatur [°C];hot_temperature_C;100.0;10.0;10.0;25.0;15.0;11.0;nan;nan;7.822369024073539e-22;`gtol` termination condition is satisfied.;4;3.0463219378805336e-09;3.955342974780705e-11;1;True;;True;0;zulässig;feasible;True;True;True;89.24392941130719;105.57328893921272;141.09361847775585;42.70497579337865;0.11990338631646968;0.26748247091598015;0.239055944542804;0.27188714742896514;95.90996519488661;95.6213405948089;96.31313670073635;95.19660048695951;45.57322648626967;0.5008098627428362;14.84565694801464;43.616419470409994;0.002311646683734742;0.019256955335211785;9.590996519196958;9.562134059471866;3.8525254680348837;6.346440032457205;4.143020589723759;90.36183405871742;0.010941942517439645;2669.299260448767;245.6265074147451;218.8134323438203;0.0066570238560359485;0.60173804360349;0.6089736366882449;0.2441679517213224;1.929123527588672e-11;-6.916778261256695e-10;5.04684294355684e-10;-2.5229540678850526e-11;-1.3574208423960954e-10;9.023892744153272e-11;1.014370809571119e-10;2.917033725680085e-09;1.929123527588672e-13;-6.9167782612566956e-12;5.0468429435568394e-12;-2.5229540678850526e-11;-1.3574208423960953e-12;9.023892744153272e-13;1.014370809571119e-12;2.9170337256800847e-11;140.73624193749322;100.0;97.11982246708322;97.11982246708322;94.27303417500906;35.71897970064646;11.282399697928668;8.077726876621284;54.64285435807096;12.704975793378651;1.9300168769849506;6.757988408365804;7.875893055776032;51.566211772140605;1.9841083988654304;7.484836094688717;4.0;0.5700000000000002;68190.45202536664;8518.572793774643;8.004915104464459;1.9300168769849506;deltaT_des_1_K;desorber;True;True;True;True;True;True;True;True;89.24392941130719;2658.2971060285163;0.03839506745952581;68190.45202536664;0.0;0.0;135.0;4.0;140.73624193749322;4.0;100.0;8.0;97.11982246708322;8.0;97.11982246708322;8.0;94.27303417500906;8.0;30.0;4.0;35.71897970064646;4.0;89.24392941130719;2658.2971060285163;0.004603698606246437;68190.45202536664;0.0;0.0;90.36183405871742;245.62650741474414;0.608395067459526;8518.572793774643;0.6023102821609659;0.239055944542804;152.0186416354219;349.9692913314843;0.5746036986062466;68190.45202536664;0.6377310234183252;0.26748247091598015;89.24392941130719;2658.2971060285163;0.03379136885327937;68190.45202536664;0.0;0.0;105.57328893921272;245.62650741474414;0.608395067459526;68190.45202536664;0.6023102821609659;0.239055944542804;143.07772687662128;320.53379862039066;0.608395067459526;68190.45202536664;0.6023102821609659;0.239055944542804;141.09361847775585;331.3257026599476;0.5700000000000002;68190.45202536664;0.6428817627138367;0.27188714742896514;98.088452844524;251.37267373670133;0.5700000000000002;68190.45202536664;0.6428817627138367;0.27188714742896514;98.06998312301505;251.3388896045343;0.5700000000000002;8518.572793774643;0.6428817627138367;0.27188714742896514;90.36183405871742;2669.299260448767;0.03839506745952581;8518.572793774643;0.0;0.0;42.70497579337865;178.84027908069953;0.03839506745952581;8518.572793774643;0.0;0.0;42.706822402868454;178.90048594675523;0.03839506745952581;68190.45202536664;0.0;0.0;"Zustand 3: Temperatur 416.228 K liegt außerhalb des Boryta-Prüfbereichs; Kristallisation wurde nicht bewertet.";"Zustand 4: Temperatur 414.244 K liegt außerhalb des Boryta-Prüfbereichs; Kristallisation wurde nicht bewertet.";Zustand 5: Kristallisationsprüfung bestanden (w_LiBr=0.6429 <= w_crit=0.6948, T=371.24 K >= T_crit=312.53 K).;Zustand 6: Kristallisationsprüfung bestanden (w_LiBr=0.6429 <= w_crit=0.6948, T=371.22 K >= T_crit=312.53 K).;"Zustand 20: Temperatur 425.169 K liegt außerhalb des Boryta-Prüfbereichs; Kristallisation wurde nicht bewertet.";5
series_desorber_to_evaporator;Serie Desorber → Verdampfer;series_desorber_to_evaporator;100.0;nan;30.0;100.0;8.0;8.0;4.0;100.0;0.5800000000000002;Abwärmetemperatur [°C];hot_temperature_C;100.0;10.0;10.0;25.0;15.0;11.0;nan;nan;8.42730853704674e-22;`gtol` termination condition is satisfied.;4;2.91839845282628e-09;4.105437500936226e-11;1;True;;True;0;zulässig;feasible;True;True;True;89.23123176474837;105.54916397846557;141.07347875736002;42.725402644413805;0.12121110108381118;0.26727007344070586;0.23931147490869603;0.2716474646351346;95.9234370287802;95.77507901287686;96.334121911398;95.34249281007466;46.415953727738234;0.5004441317380712;15.082346515426192;43.6178527502679;0.0023136726764864004;0.019587647531322305;9.592343702597471;9.577507901279123;3.8533648764614514;6.356166187332112;4.219632157122213;90.4497356024786;0.010852897416572404;2669.4652038424583;245.7121344648527;219.11877604894505;0.006712034690840696;0.6117435199144576;0.6092588105353994;0.24438906198603624;2.3376856006507296e-11;-6.061071644580807e-10;4.924345375911798e-10;-2.8876290247836778e-11;-1.382858272336307e-10;8.563461051380727e-11;9.298162240156671e-11;2.805478516165749e-09;2.3376856006507295e-13;-6.0610716445808065e-12;4.924345375911798e-12;-2.8876290247836778e-11;-1.382858272336307e-12;8.563461051380727e-13;9.298162240156672e-13;2.8054785161657493e-11;140.73704766918542;100.0;97.11919491891751;97.11919491891751;94.26804381813776;35.72817458210989;11.201293534948377;8.145378259445522;54.72156102036871;12.725402644413805;1.9697274382252203;6.6694593164389175;7.887963154169142;51.54079504666737;2.0718995020855004;7.500437312754229;4.0;0.5800000000000002;68157.41620652619;8527.673820137581;7.992498029835125;1.9697274382252203;deltaT_des_1_K;desorber;True;True;True;True;True;True;True;True;89.23123176474837;2658.2763772986223;0.03845555460529815;68157.41620652619;0.0;0.0;135.0;4.0;140.73704766918542;4.0;100.0;8.0;97.11919491891751;8.0;97.11919491891751;8.0;94.26804381813776;8.0;30.0;4.0;35.72817458210989;4.0;89.23123176474837;2658.2763772986223;0.0046612401164968145;68157.41620652619;0.0;0.0;90.4497356024786;245.7121344648529;0.6184555546052983;8527.673820137581;0.6026465871645158;0.23931147490869603;151.9383412041338;349.7184065364346;0.584661240116497;68157.41620652619;0.6374804822882266;0.26727007344070586;89.23123176474837;2658.2763772986223;0.03379431448880133;68157.41620652619;0.0;0.0;105.54916397846557;245.7121344648529;0.6184555546052983;68157.41620652619;0.6026465871645158;0.23931147490869603;143.14537825944552;320.76353206667596;0.6184555546052983;68157.41620652619;0.6026465871645158;0.23931147490869603;141.07347875736002;331.16540132249884;0.5800000000000002;68157.41620652619;0.642603671199691;0.2716474646351346;98.04872666571134;251.1378948954043;0.5800000000000002;68157.41620652619;0.642603671199691;0.2716474646351346;98.03027256177478;251.1041230893158;0.5800000000000002;8527.673820137581;0.642603671199691;0.2716474646351346;90.4497356024786;2669.4652038424583;0.03845555460529815;8527.673820137581;0.0;0.0;42.725402644413805;178.9256707139566;0.03845555460529815;8527.673820137581;0.0;0.0;42.727248771470386;178.9858355640084;0.03845555460529815;68157.41620652619;0.0;0.0;"Zustand 3: Temperatur 416.295 K liegt außerhalb des Boryta-Prüfbereichs; Kristallisation wurde nicht bewertet.";"Zustand 4: Temperatur 414.223 K liegt außerhalb des Boryta-Prüfbereichs; Kristallisation wurde nicht bewertet.";Zustand 5: Kristallisationsprüfung bestanden (w_LiBr=0.6426 <= w_crit=0.6948, T=371.20 K >= T_crit=312.36 K).;Zustand 6: Kristallisationsprüfung bestanden (w_LiBr=0.6426 <= w_crit=0.6948, T=371.18 K >= T_crit=312.36 K).;"Zustand 20: Temperatur 425.088 K liegt außerhalb des Boryta-Prüfbereichs; Kristallisation wurde nicht bewertet.";5
series_desorber_to_evaporator;Serie Desorber → Verdampfer;series_desorber_to_evaporator;100.0;nan;30.0;100.0;8.0;8.0;4.0;100.0;0.5900000000000002;Abwärmetemperatur [°C];hot_temperature_C;100.0;10.0;10.0;25.0;15.0;11.0;nan;nan;8.96227180606831e-22;`gtol` termination condition is satisfied.;4;2.7377099701972277e-09;4.2337387274295304e-11;1;True;;True;0;zulässig;feasible;True;True;True;89.21904932631077;105.52779852904843;141.0506887782895;42.74533702580578;0.12254588486911466;0.26706137012130365;0.23955781151064412;0.2714133213944268;95.92953133473645;95.92511096126634;96.34750120088333;95.48490697342534;47.255799784101924;0.5000694733893452;15.318866502002924;43.61861734062069;0.0023156671498731412;0.0199184545757442;9.59295313321105;9.592511096119239;3.8539000480411825;6.3656604648894906;4.295981798606673;90.53486161591167;0.010768278446700256;2669.6259003314694;245.7988127332506;219.4142514446892;0.006768020209525383;0.6217465787605003;0.6095341005314829;0.24460269221051936;3.147704319417244e-11;-5.714753115171334e-10;4.869775693805423e-10;-3.229633227519457e-11;-1.4622969501942862e-10;7.395328793791123e-11;8.29771806820645e-11;2.625938577693887e-09;3.1477043194172436e-13;-5.7147531151713336e-12;4.869775693805423e-12;-3.229633227519457e-11;-1.4622969501942863e-12;7.395328793791123e-13;8.29771806820645e-13;2.625938577693887e-11;140.73741216116844;100.0;97.11879482054775;97.11879482054775;94.2633849230171;35.737147784764716;11.122358455790277;8.210621441346404;54.79771383114695;12.745337025805782;2.0085947555584767;6.583933204636082;7.899745494236981;51.51620222520876;2.1599326630569067;7.517954249864545;4.0;0.5900000000000002;68125.73336965927;8536.563508102116;7.98046348568726;2.0085947555584767;deltaT_des_1_K;desorber;True;True;True;True;True;True;True;True;89.21904932631077;2658.256488929006;0.038514598970025515;68125.73336965927;0.0;0.0;135.0;4.0;140.73741216116844;4.0;100.0;8.0;97.11879482054775;8.0;97.11879482054775;8.0;94.2633849230171;8.0;30.0;4.0;35.737147784764716;4.0;89.21904932631077;2658.256488929006;0.004719805611160869;68125.73336965927;0.0;0.0;90.53486161591167;245.79881273325046;0.6285145989700257;8536.563508102116;0.6029704676142009;0.23955781151064412;151.8597706169587;349.47254594774745;0.5947198056111611;68125.73336965927;0.6372341026816015;0.26706137012130365;89.21904932631077;2658.256488929006;0.03379479335886465;68125.73336965927;0.0;0.0;105.52779852904843;245.79881273325046;0.6285145989700257;68125.73336965927;0.6029704676142009;0.23955781151064412;143.2106214413464;320.9852918723859;0.6285145989700257;68125.73336965927;0.6029704676142009;0.23955781151064412;141.0506887782895;331.00303508579145;0.5900000000000002;68125.73336965927;0.6423317654971327;0.2714133213944268;98.00984427918388;250.90845918058733;0.5900000000000002;68125.73336965927;0.6423317654971327;0.2714133213944268;97.99140524444152;250.87469908808606;0.5900000000000002;8536.563508102116;0.6423317654971327;0.2714133213944268;90.53486161591167;2669.6259003314694;0.038514598970025515;8536.563508102116;0.0;0.0;42.74533702580578;179.0090037120527;0.038514598970025515;8536.563508102116;0.0;0.0;42.74718269780834;179.0691281119374;0.038514598970025515;68125.73336965927;0.0;0.0;"Zustand 3: Temperatur 416.361 K liegt außerhalb des Boryta-Prüfbereichs; Kristallisation wurde nicht bewertet.";"Zustand 4: Temperatur 414.201 K liegt außerhalb des Boryta-Prüfbereichs; Kristallisation wurde nicht bewertet.";Zustand 5: Kristallisationsprüfung bestanden (w_LiBr=0.6423 <= w_crit=0.6947, T=371.16 K >= T_crit=312.20 K).;Zustand 6: Kristallisationsprüfung bestanden (w_LiBr=0.6423 <= w_crit=0.6947, T=371.14 K >= T_crit=312.20 K).;"Zustand 20: Temperatur 425.010 K liegt außerhalb des Boryta-Prüfbereichs; Kristallisation wurde nicht bewertet.";5
series_desorber_to_evaporator;Serie Desorber → Verdampfer;series_desorber_to_evaporator;100.0;nan;30.0;100.0;8.0;8.0;4.0;100.0;0.6000000000000002;Abwärmetemperatur [°C];hot_temperature_C;100.0;10.0;10.0;25.0;15.0;11.0;nan;nan;9.558288133581145e-22;`gtol` termination condition is satisfied.;4;2.565520370445859e-09;4.372250709550207e-11;1;True;;True;0;zulässig;feasible;True;True;True;89.20734663635551;105.50907504516306;141.02539783939113;42.764819187098624;0.1239073031072473;0.266856234857126;0.23979533550067392;0.27118449331294064;95.92861670459155;96.07173936975411;96.3536550077219;95.62413406897515;48.09273659120981;0.49968601662699175;15.555195613659311;43.61874666318499;0.0023176335146593004;0.020249364174919335;9.592861670213255;9.607173936968499;3.8541462003141462;6.374942271259633;4.372066962885413;90.61735080421403;0.01068787185522094;2669.7816110633376;245.88645889093158;219.70030384450445;0.006824979138219223;0.6317473419628495;0.609799923484026;0.2448091470529296;4.0969894143927377e-11;-5.297380312185851e-10;4.722267021861626e-10;-3.540612247832087e-11;-1.3176304491935298e-10;6.912159733474255e-11;8.064660050877137e-11;2.459003667354409e-09;4.0969894143927374e-13;-5.297380312185851e-12;4.722267021861626e-12;-3.540612247832087e-11;-1.3176304491935298e-12;6.912159733474255e-13;8.064660050877137e-13;2.459003667354409e-11;140.7373574584086;100.0;97.11861079522362;97.11861079522362;94.2590374079935;35.745917426420704;11.045492240864519;8.273542607485751;54.87143337779332;12.764819187098624;2.0466275464701766;6.50125999100959;7.911264158868107;51.49237297820224;2.248144768094619;7.537278115095262;4.0;0.6000000000000002;68095.30978429581;8545.2592449889;7.968782202158252;2.0466275464701766;deltaT_des_1_K;desorber;True;True;True;True;True;True;True;True;89.20734663635551;2658.2373831155937;0.03857232110106856;68095.30978429581;0.0;0.0;135.0;4.0;140.7373574584086;4.0;100.0;8.0;97.11861079522362;8.0;97.11861079522362;8.0;94.2590374079935;8.0;30.0;4.0;35.745917426420704;4.0;89.20734663635551;2658.2373831155937;0.004779392282220174;68095.30978429581;0.0;0.0;90.61735080421403;245.8864588909306;0.6385723211010688;8545.2592449889;0.6032824600445051;0.23979533550067392;151.78284969927313;349.2314984615843;0.6047793922822203;68095.30978429581;0.6369917456542841;0.266856234857126;89.20734663635551;2658.2373831155937;0.03379292881884839;68095.30978429581;0.0;0.0;105.50907504516306;245.8864588909306;0.6385723211010688;68095.30978429581;0.6032824600445051;0.23979533550067392;143.27354260748575;321.19936394808235;0.6385723211010688;68095.30978429581;0.6032824600445051;0.23979533550067392;141.02539783939113;330.83875695451076;0.6000000000000002;68095.30978429581;0.6420658013169706;0.27118449331294064;97.9717969300678;250.6841959692294;0.6000000000000002;68095.30978429581;0.6420658013169706;0.27118449331294064;97.95337245352982;250.65044702893786;0.6000000000000002;8545.2592449889;0.6420658013169706;0.27118449331294064;90.61735080421403;2669.7816110633376;0.03857232110106856;8545.2592449889;0.0;0.0;42.764819187098624;179.09044632830552;0.03857232110106856;8545.2592449889;0.0;0.0;42.76666442979126;179.15053173277434;0.03857232110106856;68095.30978429581;0.0;0.0;"Zustand 3: Temperatur 416.424 K liegt außerhalb des Boryta-Prüfbereichs; Kristallisation wurde nicht bewertet.";"Zustand 4: Temperatur 414.175 K liegt außerhalb des Boryta-Prüfbereichs; Kristallisation wurde nicht bewertet.";Zustand 5: Kristallisationsprüfung bestanden (w_LiBr=0.6421 <= w_crit=0.6947, T=371.12 K >= T_crit=312.04 K).;Zustand 6: Kristallisationsprüfung bestanden (w_LiBr=0.6421 <= w_crit=0.6947, T=371.10 K >= T_crit=312.04 K).;"Zustand 20: Temperatur 424.933 K liegt außerhalb des Boryta-Prüfbereichs; Kristallisation wurde nicht bewertet.";5
series_desorber_to_evaporator;Serie Desorber → Verdampfer;series_desorber_to_evaporator;100.0;nan;30.0;100.0;8.0;8.0;4.0;100.0;0.6100000000000002;Abwärmetemperatur [°C];hot_temperature_C;100.0;10.0;10.0;25.0;15.0;11.0;nan;nan;1.0164309863343447e-21;`gtol` termination condition is satisfied.;4;2.3920760508533897e-09;4.5087270627846716e-11;1;True;;True;0;zulässig;feasible;True;True;True;89.19609081472368;105.49288135979191;140.99774605645501;42.78388637289123;0.12529492475559842;0.26665454655418186;0.24002440807893116;0.2709607669881068;95.9210368486942;96.21524455201389;96.35293821342057;95.76044324802238;48.926739018800546;0.4992938863446402;15.79131339930334;43.61827188728495;0.0023195748960936984;0.020580364415803704;9.592103684640486;9.62152445519473;3.8541175285413156;6.384029549862451;4.4478853653900625;90.69733342497665;0.010611476155083562;2669.932581322778;245.97499475004045;219.9773532664989;0.0068829093894009485;0.6417459230943439;0.6100566734076264;0.24500871511698763;4.6831871713948203e-11;-4.901394845546747e-10;4.611706572177354e-10;-3.822048233459441e-11;-1.1232259566895664e-10;6.657785434072139e-11;8.562039965909207e-11;2.2893402729096124e-09;4.68318717139482e-13;-4.901394845546747e-12;4.611706572177354e-12;-3.822048233459441e-11;-1.1232259566895665e-12;6.657785434072139e-13;8.562039965909207e-13;2.2893402729096124e-11;140.73690411774487;100.0;97.11863223045992;97.11863223045992;94.254982611799;35.75450027224963;10.97059873390657;8.334224097270692;54.94283315272702;12.783886372891232;2.0838354294059513;6.421298805483275;7.922541415736248;51.46925140140394;2.3364780408156776;7.558306394557633;4.0;0.6100000000000002;68066.05862056685;8553.777150473925;7.957427160327135;2.0838354294059513;deltaT_des_1_K;desorber;True;True;True;True;True;True;True;True;89.19609081472368;2658.219006254574;0.0386288324837446;68066.05862056685;0.0;0.0;135.0;4.0;140.73690411774487;4.0;100.0;8.0;97.11863223045992;8.0;97.11863223045992;8.0;94.254982611799;8.0;30.0;4.0;35.75450027224963;4.0;89.19609081472368;2658.219006254574;0.004839996659447396;68066.05862056685;0.0;0.0;90.69733342497665;245.97499475003946;0.6486288324837448;8553.777150473925;0.6035830715645117;0.24002440807893116;151.70750285165144;348.9950639360174;0.6148399966594476;68066.05862056685;0.6367532775700508;0.26665454655418186;89.19609081472368;2658.219006254574;0.0337888358242972;68066.05862056685;0.0;0.0;105.49288135979191;245.97499475003946;0.6486288324837448;68066.05862056685;0.6035830715645117;0.24002440807893116;143.3342240972707;321.4060218159334;0.6486288324837448;68066.05862056685;0.6035830715645117;0.24002440807893116;140.99774605645501;330.6727095650721;0.6100000000000002;68066.05862056685;0.6418055459276094;0.2709607669881068;97.93457496523428;250.46494068186934;0.6100000000000002;68066.05862056685;0.6418055459276094;0.2709607669881068;97.91616457059405;250.43120237954835;0.6100000000000002;8553.777150473925;0.6418055459276094;0.2709607669881068;90.69733342497665;2669.932581322778;0.0386288324837446;8553.777150473925;0.0;0.0;42.78388637289123;179.1701542548044;0.0386288324837446;8553.777150473925;0.0;0.0;42.785731210395056;179.23020201568534;0.0386288324837446;68066.05862056685;0.0;0.0;"Zustand 3: Temperatur 416.484 K liegt außerhalb des Boryta-Prüfbereichs; Kristallisation wurde nicht bewertet.";"Zustand 4: Temperatur 414.148 K liegt außerhalb des Boryta-Prüfbereichs; Kristallisation wurde nicht bewertet.";Zustand 5: Kristallisationsprüfung bestanden (w_LiBr=0.6418 <= w_crit=0.6946, T=371.08 K >= T_crit=311.88 K).;Zustand 6: Kristallisationsprüfung bestanden (w_LiBr=0.6418 <= w_crit=0.6946, T=371.07 K >= T_crit=311.88 K).;"Zustand 20: Temperatur 424.858 K liegt außerhalb des Boryta-Prüfbereichs; Kristallisation wurde nicht bewertet.";5
series_desorber_to_evaporator;Serie Desorber → Verdampfer;series_desorber_to_evaporator;100.0;nan;30.0;100.0;8.0;8.0;4.0;100.0;0.6200000000000002;Abwärmetemperatur [°C];hot_temperature_C;100.0;10.0;10.0;25.0;15.0;11.0;nan;nan;1.0776332992975372e-21;`gtol` termination condition is satisfied.;4;2.23157654221039e-09;4.642484893454231e-11;1;True;;True;0;zulässig;feasible;True;True;True;89.18525135038169;105.47911046873878;140.96786493626507;42.80257307189714;0.1267083230455788;0.26645618887311745;0.2402453716821448;0.27074193935635554;95.90711251808233;96.3558860801207;96.34568210649095;95.89408355385058;49.75778456083761;0.4988932034360447;16.027200207675172;43.61722210354833;0.0023214941601617757;0.020911443755966975;9.59071125159529;9.635588608006435;3.853827284264182;6.392938903584995;4.523434960117858;90.77493188745575;0.010538901336243042;2670.0790416540176;246.06434697449;220.2457961094477;0.006941808178064113;0.6517424281181229;0.6103047229787066;0.2452016699314717;5.46194200978789e-11;-4.588329716170847e-10;4.5656634029001e-10;-4.0711656268399565e-11;-1.1358736173860962e-10;5.6346038945775945e-11;7.564437964902027e-11;2.1294397356541594e-09;5.46194200978789e-13;-4.588329716170847e-12;4.565663402900099e-12;-4.0711656268399565e-11;-1.1358736173860963e-12;5.634603894577594e-13;7.564437964902026e-13;2.1294397356541595e-11;140.73607132285184;100.0;97.11884921930351;97.11884921930351;94.2512031800137;35.76291184689717;10.897587400046632;8.392744581596276;55.01202004055858;12.802573071897143;2.120228779350157;6.343917331847763;7.933597868921822;51.446785653137624;2.4248796453312025;7.580942491239625;4.0;0.6200000000000002;68037.89937751961;8562.132178997723;7.946373398020127;2.120228779350157;deltaT_des_1_K;desorber;True;True;True;True;True;True;True;True;89.18525135038169;2658.2013086003794;0.03868423629618678;68037.89937751961;0.0;0.0;135.0;4.0;140.73607132285184;4.0;100.0;8.0;97.11884921930351;8.0;97.11884921930351;8.0;94.2512031800137;8.0;30.0;4.0;35.76291184689717;4.0;89.18525135038169;2658.2013086003794;0.004901614709388739;68037.89937751961;0.0;0.0;90.77493188745575;246.06434697448958;0.658684236296187;8562.132178997723;0.6038727817181909;0.2402453716821448;151.63365872289847;348.7630524629888;0.624901614709389;68037.89937751961;0.6365185698420568;0.26645618887311745;89.18525135038169;2658.2013086003794;0.03378262158679804;68037.89937751961;0.0;0.0;105.47911046873878;246.06434697448958;0.658684236296187;68037.89937751961;0.6038727817181909;0.2402453716821448;143.39274458159628;321.6055271318105;0.658684236296187;68037.89937751961;0.6038727817181909;0.2402453716821448;140.96786493626507;330.50502580774435;0.6200000000000002;68037.89937751961;0.6415507774937105;0.27074193935635554;97.89816797749916;250.25053458067504;0.6200000000000002;68037.89937751961;0.6415507774937105;0.27074193935635554;97.87977122064984;250.21680644558478;0.6200000000000002;8562.132178997723;0.6415507774937105;0.27074193935635554;90.77493188745575;2670.0790416540176;0.03868423629618678;8562.132178997723;0.0;0.0;42.80257307189714;179.24827166363812;0.03868423629618678;8562.132178997723;0.0;0.0;42.80441752687608;179.308283037325;0.03868423629618678;68037.89937751961;0.0;0.0;"Zustand 3: Temperatur 416.543 K liegt außerhalb des Boryta-Prüfbereichs; Kristallisation wurde nicht bewertet.";"Zustand 4: Temperatur 414.118 K liegt außerhalb des Boryta-Prüfbereichs; Kristallisation wurde nicht bewertet.";Zustand 5: Kristallisationsprüfung bestanden (w_LiBr=0.6416 <= w_crit=0.6946, T=371.05 K >= T_crit=311.73 K).;Zustand 6: Kristallisationsprüfung bestanden (w_LiBr=0.6416 <= w_crit=0.6946, T=371.03 K >= T_crit=311.73 K).;"Zustand 20: Temperatur 424.784 K liegt außerhalb des Boryta-Prüfbereichs; Kristallisation wurde nicht bewertet.";5
series_desorber_to_evaporator;Serie Desorber → Verdampfer;series_desorber_to_evaporator;100.0;nan;30.0;100.0;8.0;8.0;4.0;100.0;0.6300000000000002;Abwärmetemperatur [°C];hot_temperature_C;100.0;10.0;10.0;25.0;15.0;11.0;nan;nan;1.1355193250443703e-21;`gtol` termination condition is satisfied.;4;2.0820801255912306e-09;4.765541574772736e-11;1;True;;True;0;zulässig;feasible;True;True;True;89.17479990997583;105.46766031157972;140.93587792314395;42.82091124318515;0.12814707605843192;0.26626104999878597;0.24045855109807363;0.27052781708850493;95.88714326518453;96.49390448732333;96.33219618241876;96.02528558520055;50.58585306282198;0.4984840848614488;16.26283714691386;43.61562448303795;0.002323393937129293;0.021242591012989687;9.588714326320048;9.6493904487274;3.8532878473011545;6.401685705674671;4.598713914840138;90.85026130408875;0.010469968128231994;2670.2212088939614;246.1544467951129;220.50600670494856;0.007001672122269764;0.6617369559724939;0.6105444248873894;0.24538827086453507;6.160405519040069e-11;-4.1953285290219355e-10;4.425828592502512e-10;-4.286859756064132e-11;-1.1010570233338512e-10;4.9325876716466155e-11;8.047607025218895e-11;1.984062691917643e-09;6.160405519040069e-13;-4.195328529021936e-12;4.425828592502512e-12;-4.286859756064132e-11;-1.1010570233338513e-12;4.932587671646616e-13;8.047607025218895e-13;1.984062691917643e-11;140.73487698954455;100.0;97.1192525065066;97.1192525065066;94.2476829614946;35.771166536323165;10.826372922748476;8.44917923439965;55.07909476776558;12.82091124318515;2.1558185999236343;6.268991202417851;7.944452596530766;51.42492762464377;2.5133013112557023;7.605095378255555;4.0;0.6300000000000002;68010.75736391639;8570.338213119448;7.9355978343778455;2.1558185999236343;deltaT_des_1_K;desorber;True;True;True;True;True;True;True;True;89.17479990997583;2658.1842439543416;0.03873862809476347;68010.75736391639;0.0;0.0;135.0;4.0;140.73487698954455;4.0;100.0;8.0;97.1192525065066;8.0;97.1192525065066;8.0;94.2476829614946;8.0;30.0;4.0;35.771166536323165;4.0;89.17479990997583;2658.1842439543416;0.004964241920858962;68010.75736391639;0.0;0.0;90.85026130408875;246.1544467951122;0.6687386280947637;8570.338213119448;0.6041520442179487;0.24045855109807363;151.56124991229302;348.5352837044228;0.6349642419208592;68010.75736391639;0.6362874986969469;0.26626104999878597;89.17479990997583;2658.1842439543416;0.03377438617390451;68010.75736391639;0.0;0.0;105.46766031157972;246.1544467951122;0.6687386280947637;68010.75736391639;0.6041520442179487;0.24045855109807363;143.44917923439965;321.7981301979105;0.6687386280947637;68010.75736391639;0.6041520442179487;0.24045855109807363;140.93587792314395;330.3358294337905;0.6300000000000002;68010.75736391639;0.6413012844618379;0.27052781708850493;97.86256493332417;250.0408245722661;0.6300000000000002;68010.75736391639;0.6413012844618379;0.27052781708850493;97.84418140007637;250.0071061738328;0.6300000000000002;8570.338213119448;0.6413012844618379;0.27052781708850493;90.85026130408875;2670.2212088939614;0.03873862809476347;8570.338213119448;0.0;0.0;42.82091124318515;179.32493215237557;0.03873862809476347;8570.338213119448;0.0;0.0;42.82275533685083;179.3849083067052;0.03873862809476347;68010.75736391639;0.0;0.0;"Zustand 3: Temperatur 416.599 K liegt außerhalb des Boryta-Prüfbereichs; Kristallisation wurde nicht bewertet.";"Zustand 4: Temperatur 414.086 K liegt außerhalb des Boryta-Prüfbereichs; Kristallisation wurde nicht bewertet.";Zustand 5: Kristallisationsprüfung bestanden (w_LiBr=0.6413 <= w_crit=0.6946, T=371.01 K >= T_crit=311.59 K).;Zustand 6: Kristallisationsprüfung bestanden (w_LiBr=0.6413 <= w_crit=0.6946, T=370.99 K >= T_crit=311.59 K).;"Zustand 20: Temperatur 424.711 K liegt außerhalb des Boryta-Prüfbereichs; Kristallisation wurde nicht bewertet.";5
series_desorber_to_evaporator;Serie Desorber → Verdampfer;series_desorber_to_evaporator;100.0;nan;30.0;100.0;8.0;8.0;4.0;100.0;0.6400000000000002;Abwärmetemperatur [°C];hot_temperature_C;100.0;10.0;10.0;25.0;15.0;11.0;nan;nan;1.1846011680154351e-21;`gtol` termination condition is satisfied.;4;1.9257175011358144e-09;4.8674452601245246e-11;1;True;;True;0;zulässig;feasible;True;True;True;89.16471016345628;105.458433552609;140.90190091702755;42.838930521854536;0.12961076715440228;0.26606902242794517;0.2406642545102;0.27031821602844447;95.8614090572859;96.62952281598454;96.31276979399192;96.15426300734943;51.41092648145237;0.49806664373649456;16.498206046703118;43.613504423102995;0.002325276642682463;0.021573795353375304;9.586140905545404;9.662952281595018;3.852510791764219;6.410284200485851;4.6737205892581315;90.92342999840577;0.010404507311208752;2670.3592871238893;246.24522973246187;220.75833875562031;0.007062497330168727;0.6717295991067586;0.6107761130943011;0.24556876397737548;6.698996912746225e-11;-3.870752607326722e-10;4.22517132392386e-10;-4.470529502142995e-11;-1.1355894002917921e-10;3.4361846701358445e-11;6.16608986092615e-11;1.8318502270631143e-09;6.698996912746225e-13;-3.870752607326722e-12;4.22517132392386e-12;-4.470529502142995e-11;-1.135589400291792e-12;3.4361846701358445e-13;6.166089860926149e-13;1.8318502270631142e-11;140.7333378622779;100.0;97.1198334391749;97.1198334391749;94.24440691383552;35.779277680381824;10.756874835494216;8.503599898151379;55.14415231802394;12.838930521854536;2.1906164102787784;6.1964034407691315;7.95512327571862;51.40363263964804;2.601698981123832;7.630679266870175;4.0;0.6400000000000002;67984.56322626657;8578.408148666083;7.925079111191272;2.1906164102787784;deltaT_des_1_K;desorber;True;True;True;True;True;True;True;True;89.16471016345628;2658.1677693810575;0.03879209643692705;67984.56322626657;0.0;0.0;135.0;4.0;140.7333378622779;4.0;100.0;8.0;97.1198334391749;8.0;97.1198334391749;8.0;94.24440691383552;8.0;30.0;4.0;35.779277680381824;4.0;89.16471016345628;2658.1677693810575;0.0050278733787176705;67984.56322626657;0.0;0.0;90.92342999840577;246.2452297324624;0.6787920964369273;8578.408148666083;0.6044212885600998;0.2406642545102;151.4902126977721;348.3115862848456;0.6450278733787179;67984.56322626657;0.636059944957816;0.26606902242794517;89.16471016345628;2658.1677693810575;0.03376422305820938;67984.56322626657;0.0;0.0;105.458433552609;246.2452297324624;0.6787920964369273;67984.56322626657;0.6044212885600998;0.2406642545102;143.50359989815138;321.98407046339514;0.6787920964369273;67984.56322626657;0.6044212885600998;0.2406642545102;140.90190091702755;330.1652356422935;0.6400000000000002;67984.56322626657;0.6410568649887797;0.27031821602844447;97.82775428573882;249.8356630151289;0.6400000000000002;67984.56322626657;0.6410568649887797;0.27031821602844447;97.80938358972122;249.80195395988923;0.6400000000000002;8578.408148666083;0.6410568649887797;0.27031821602844447;90.92342999840577;2670.3592871238893;0.03879209643692705;8578.408148666083;0.0;0.0;42.838930521854536;179.40025960402627;0.03879209643692705;8578.408148666083;0.0;0.0;42.84077427418748;179.46020162459902;0.03879209643692705;67984.56322626657;0.0;0.0;"Zustand 3: Temperatur 416.654 K liegt außerhalb des Boryta-Prüfbereichs; Kristallisation wurde nicht bewertet.";"Zustand 4: Temperatur 414.052 K liegt außerhalb des Boryta-Prüfbereichs; Kristallisation wurde nicht bewertet.";Zustand 5: Kristallisationsprüfung bestanden (w_LiBr=0.6411 <= w_crit=0.6945, T=370.98 K >= T_crit=311.45 K).;Zustand 6: Kristallisationsprüfung bestanden (w_LiBr=0.6411 <= w_crit=0.6945, T=370.96 K >= T_crit=311.45 K).;"Zustand 20: Temperatur 424.640 K liegt außerhalb des Boryta-Prüfbereichs; Kristallisation wurde nicht bewertet.";5
series_desorber_to_evaporator;Serie Desorber → Verdampfer;series_desorber_to_evaporator;100.0;nan;30.0;100.0;8.0;8.0;4.0;100.0;0.6500000000000002;Abwärmetemperatur [°C];hot_temperature_C;100.0;10.0;10.0;25.0;15.0;11.0;nan;nan;1.2269295848804008e-21;`gtol` termination condition is satisfied.;4;1.7810309501525183e-09;4.9536442845250824e-11;1;True;;True;0;zulässig;feasible;True;True;True;89.15495762513854;105.45133736420365;140.8660427628078;42.85665840617713;0.13109898528008035;0.2658800027725196;0.24086277447670873;0.27011296067118484;95.83017175596373;96.76294802609915;96.28767366527691;96.28121392608453;52.23298867254073;0.4976409894381227;16.733289422813744;43.610885681136494;0.002327144496938954;0.021905046281170827;9.583017175427754;9.676294802607583;3.8515069466158054;6.418747595069023;4.748453515718703;90.99453997310115;0.010342359072849975;2670.4934685467265;246.3366353295298;221.00312666834554;0.00712427947533445;0.6817204439723943;0.6110001039994121;0.24574338282140598;7.66391394790844e-11;-3.6500580335996347e-10;4.1310954657092225e-10;-4.622624505401518e-11;-1.1822010037576547e-10;2.3320012587646488e-11;4.9183768169314135e-11;1.6861889662322938e-09;7.663913947908441e-13;-3.650058033599635e-12;4.131095465709222e-12;-4.622624505401518e-11;-1.1822010037576547e-12;2.332001258764649e-13;4.918376816931413e-13;1.6861889662322937e-11;140.73146960262943;100.0;97.12058392149294;97.12058392149294;94.24136101700475;35.78725765706332;10.689017184682484;8.556075243040084;55.20728231603783;12.856658406177132;2.2246341452229217;6.126043948391782;7.965626296354401;51.382859181099946;2.6900324802322757;7.657613290154529;4.0;0.6500000000000002;67959.25251944919;8586.353972450806;7.914797449242773;2.2246341452229217;deltaT_des_1_K;desorber;True;True;True;True;True;True;True;True;89.15495762513854;2658.151844949823;0.03884472344772849;67959.25251944919;0.0;0.0;135.0;4.0;140.73146960262943;4.0;100.0;8.0;97.12058392149294;8.0;97.12058392149294;8.0;94.24136101700475;8.0;30.0;4.0;35.78725765706332;4.0;89.15495762513854;2658.151844949823;0.0050925038274825495;67959.25251944919;0.0;0.0;90.99453997310115;246.33663532952943;0.6888447234477287;8586.353972450806;0.6046809215303015;0.24086277447670873;151.42048678731192;348.09179723425524;0.6550925038274827;67959.25251944919;0.6358357938432115;0.2658800027725196;89.15495762513854;2658.151844949823;0.03375221962024594;67959.25251944919;0.0;0.0;105.45133736420365;246.33663532952943;0.6888447234477287;67959.25251944919;0.6046809215303015;0.24086277447670873;143.55607524304008;322.1635770111177;0.6888447234477287;67959.25251944919;0.6046809215303015;0.24086277447670873;140.8660427628078;329.99335164303534;0.6500000000000002;67959.25251944919;0.6408173264087049;0.27011296067118484;97.79372407404912;249.63490753155216;0.6500000000000002;67959.25251944919;0.6408173264087049;0.27011296067118484;97.77536585477708;249.60120746035037;0.6500000000000002;8586.353972450806;0.6408173264087049;0.27011296067118484;90.99453997310115;2670.4934685467265;0.03884472344772849;8586.353972450806;0.0;0.0;42.85665840617713;179.47436896918725;0.03884472344772849;8586.353972450806;0.0;0.0;42.858501835904804;179.53427786518108;0.03884472344772849;67959.25251944919;0.0;0.0;"Zustand 3: Temperatur 416.706 K liegt außerhalb des Boryta-Prüfbereichs; Kristallisation wurde nicht bewertet.";"Zustand 4: Temperatur 414.016 K liegt außerhalb des Boryta-Prüfbereichs; Kristallisation wurde nicht bewertet.";Zustand 5: Kristallisationsprüfung bestanden (w_LiBr=0.6408 <= w_crit=0.6945, T=370.94 K >= T_crit=311.31 K).;Zustand 6: Kristallisationsprüfung bestanden (w_LiBr=0.6408 <= w_crit=0.6945, T=370.93 K >= T_crit=311.31 K).;"Zustand 20: Temperatur 424.570 K liegt außerhalb des Boryta-Prüfbereichs; Kristallisation wurde nicht bewertet.";5
series_desorber_to_evaporator;Serie Desorber → Verdampfer;series_desorber_to_evaporator;100.0;nan;30.0;100.0;8.0;8.0;4.0;100.0;0.6600000000000003;Abwärmetemperatur [°C];hot_temperature_C;100.0;10.0;10.0;25.0;15.0;11.0;nan;nan;1.2643664215195787e-21;`gtol` termination condition is satisfied.;4;1.658236801403124e-09;5.0286507564546155e-11;1;True;;True;0;zulässig;feasible;True;True;True;89.14551950870839;105.44628321444588;140.82840571114366;42.87412042801975;0.13261132517683588;0.26569389157645246;0.24105438884772526;0.2699118836768101;95.79367647423697;96.89437227792011;96.25716128108905;96.40632213797994;53.05202520358985;0.49720722772292475;16.968070443904764;43.60779049729558;0.0023289995415629147;0.022236333626429843;9.579367647267055;9.689437227790064;3.8502864512472557;6.427088142527952;4.822911382175498;91.06368734169342;0.010283372408408544;2670.623934296243;246.428606895909;221.2406867908944;0.00718701386196996;0.6917095714735234;0.6112166975295451;0.24591234918286653;7.990763606358087e-11;-3.4062708209603443e-10;3.98529209633125e-10;-4.747613413513818e-11;-9.234213393938262e-11;1.9468870959826745e-11;6.066613877919735e-11;1.5664198826925713e-09;7.990763606358086e-13;-3.406270820960344e-12;3.98529209633125e-12;-4.747613413513818e-11;-9.234213393938263e-13;1.9468870959826744e-13;6.066613877919735e-13;1.5664198826925712e-11;140.72928687046874;100.0;97.12149637317316;97.12149637317316;94.23853219440582;35.795117959205754;10.622728220636986;8.60667091970663;55.26856938248767;12.87412042801975;2.2578840671677654;6.057809031479735;7.975976864464769;51.36256864167194;2.7782652085629707;7.685821202708098;4.0;0.6600000000000003;67934.76531570204;8594.186833256113;7.904734518083933;2.2578840671677654;deltaT_des_1_K;desorber;True;True;True;True;True;True;True;True;89.14551950870839;2658.1364334987015;0.03889658533549312;67934.76531570204;0.0;0.0;135.0;4.0;140.72928687046874;4.0;100.0;8.0;97.12149637317316;8.0;97.12149637317316;8.0;94.23853219440582;8.0;30.0;4.0;35.795117959205754;4.0;89.14551950870839;2658.1364334987015;0.005158127726193624;67934.76531570204;0.0;0.0;91.06368734169342;246.4286068959098;0.6988965853354934;8594.186833256113;0.6049313286066111;0.24105438884772526;151.35201509110573;347.8757614758972;0.6651581277261939;67934.76531570204;0.6356149347800426;0.26569389157645246;89.14551950870839;2658.1364334987015;0.03373845760929949;67934.76531570204;0.0;0.0;105.44628321444588;246.4286068959098;0.6988965853354934;67934.76531570204;0.6049313286066111;0.24105438884772526;143.60667091970663;322.3368690290309;0.6988965853354934;67934.76531570204;0.6049313286066111;0.24105438884772526;140.82840571114366;329.82027719302295;0.6600000000000003;67934.76531570204;0.6405824847357934;0.2699118836768101;97.76046201173779;249.43842082406852;0.6600000000000003;67934.76531570204;0.6405824847357934;0.2699118836768101;97.74211593283223;249.40472940948302;0.6600000000000003;8594.186833256113;0.6405824847357934;0.2699118836768101;91.06368734169342;2670.623934296243;0.03889658533549312;8594.186833256113;0.0;0.0;42.87412042801975;179.54736697854483;0.03889658533549312;8594.186833256113;0.0;0.0;42.87596355273388;179.60724368806765;0.03889658533549312;67934.76531570204;0.0;0.0;"Zustand 3: Temperatur 416.757 K liegt außerhalb des Boryta-Prüfbereichs; Kristallisation wurde nicht bewertet.";"Zustand 4: Temperatur 413.978 K liegt außerhalb des Boryta-Prüfbereichs; Kristallisation wurde nicht bewertet.";Zustand 5: Kristallisationsprüfung bestanden (w_LiBr=0.6406 <= w_crit=0.6945, T=370.91 K >= T_crit=311.18 K).;Zustand 6: Kristallisationsprüfung bestanden (w_LiBr=0.6406 <= w_crit=0.6944, T=370.89 K >= T_crit=311.18 K).;"Zustand 20: Temperatur 424.502 K liegt außerhalb des Boryta-Prüfbereichs; Kristallisation wurde nicht bewertet.";5
series_desorber_to_evaporator;Serie Desorber → Verdampfer;series_desorber_to_evaporator;100.0;nan;30.0;100.0;8.0;8.0;4.0;100.0;0.6700000000000003;Abwärmetemperatur [°C];hot_temperature_C;100.0;10.0;10.0;25.0;15.0;11.0;nan;nan;1.2916115282982703e-21;`gtol` termination condition is satisfied.;4;1.5322828420959694e-09;5.082541742668269e-11;1;True;;True;0;zulässig;feasible;True;True;True;89.13637459485778;105.44318666031916;140.7890858513273;42.89134030816149;0.13414738750860367;0.26551059314416303;0.24123936162461637;0.26971482541727915;95.75215282212349;97.0239741009161;96.2214701628586;96.52975826907797;53.86802318802263;0.49676546085378154;17.202532900441703;43.60423970715033;0.0023308436551935166;0.02256764753365284;9.575215282068173;9.702397410090661;3.848858806518111;6.435317217935391;4.897093017121851;91.1309627268738;0.01022740456131443;2670.7508551839746;246.52109126432626;221.47131855951923;0.007250695481350378;0.701697057380253;0.6114261781506672;0.24607587377853526;8.57767190609593e-11;-3.17733395149844e-10;3.8389202927646693e-10;-4.8463066892878714e-11;-9.417533419764368e-11;9.492850949754938e-12;4.710898338089464e-11;1.4417622651308193e-09;8.577671906095929e-13;-3.17733395149844e-12;3.838920292764669e-12;-4.8463066892878714e-11;-9.417533419764367e-13;9.492850949754938e-14;4.710898338089464e-13;1.4417622651308192e-11;140.72680339845238;100.0;97.12256369130205;97.12256369130205;94.23590824067173;35.802869264408855;10.557940113905147;8.655449705509682;55.32809346246495;12.891340308161489;2.2903786886408852;5.991600964428244;7.986189096444264;51.34272509620689;2.8663638541823957;7.715231096506841;4.0;0.6700000000000003;67911.04584827372;8601.917106704828;7.894873317872355;2.2903786886408852;deltaT_des_1_K;desorber;True;True;True;True;True;True;True;True;89.13637459485778;2658.1215004191235;0.038947752861603124;67911.04584827372;0.0;0.0;135.0;4.0;140.72680339845238;4.0;100.0;8.0;97.12256369130205;8.0;97.12256369130205;8.0;94.23590824067173;8.0;30.0;4.0;35.802869264408855;4.0;89.13637459485778;2658.1215004191235;0.0052247392957148015;67911.04584827372;0.0;0.0;91.1309627268738;246.52109126432592;0.7089477528616034;8601.917106704828;0.6051728752673421;0.24123936162461637;151.28474351235752;347.6633313539976;0.675224739295715;67911.04584827372;0.6353972612282266;0.26551059314416303;89.13637459485778;2658.1215004191235;0.033723013565888325;67911.04584827372;0.0;0.0;105.44318666031916;246.52109126432592;0.7089477528616034;67911.04584827372;0.6051728752673421;0.24123936162461637;143.65544970550968;322.50415626536335;0.7089477528616034;67911.04584827372;0.6051728752673421;0.24123936162461637;140.7890858513273;329.64610510528723;0.6700000000000003;67911.04584827372;0.6403521641993692;0.26971482541727915;97.72795556381232;249.24607049642628;0.6700000000000003;67911.04584827372;0.6403521641993692;0.26971482541727915;97.70962131135911;249.2123874404059;0.6700000000000003;8601.917106704828;0.6403521641993692;0.26971482541727915;91.1309627268738;2670.7508551839746;0.038947752861603124;8601.917106704828;0.0;0.0;42.89134030816149;179.61935279201603;0.038947752861603124;8601.917106704828;0.0;0.0;42.89318314446484;179.67919818703731;0.038947752861603124;67911.04584827372;0.0;0.0;"Zustand 3: Temperatur 416.805 K liegt außerhalb des Boryta-Prüfbereichs; Kristallisation wurde nicht bewertet.";"Zustand 4: Temperatur 413.939 K liegt außerhalb des Boryta-Prüfbereichs; Kristallisation wurde nicht bewertet.";Zustand 5: Kristallisationsprüfung bestanden (w_LiBr=0.6404 <= w_crit=0.6944, T=370.88 K >= T_crit=311.05 K).;Zustand 6: Kristallisationsprüfung bestanden (w_LiBr=0.6404 <= w_crit=0.6944, T=370.86 K >= T_crit=311.05 K).;"Zustand 20: Temperatur 424.435 K liegt außerhalb des Boryta-Prüfbereichs; Kristallisation wurde nicht bewertet.";5
series_desorber_to_evaporator;Serie Desorber → Verdampfer;series_desorber_to_evaporator;100.0;nan;30.0;100.0;8.0;8.0;4.0;100.0;0.6800000000000003;Abwärmetemperatur [°C];hot_temperature_C;100.0;10.0;10.0;25.0;15.0;11.0;nan;nan;1.3201814983799947e-21;`gtol` termination condition is satisfied.;4;1.4264748929891447e-09;5.1384462600673266e-11;1;True;;True;0;zulässig;feasible;True;True;True;89.1275031103466;105.44196714751962;140.7481735170611;42.908340097991015;0.13570677892541985;0.2653300153796124;0.2414179437648346;0.26952163355326175;95.70581605069938;97.15191946026098;96.18082304098317;96.65168081305357;54.68097113822948;0.49631578773225515;17.436661175547943;43.60025284516689;0.0023326785673750757;0.022898978450288418;9.570581604936311;9.715191946024907;3.8472329216426475;6.443445387533365;4.970997376229461;91.19645162836719;0.010174320501785187;2670.874392389129;246.61403856005376;221.69530556442973;0.0073153190606931595;0.7116829727082375;0.611628815810423;0.24623415690581243;9.405454193256446e-11;-2.9458391281877994e-10;3.75877107217093e-10;-4.936723252413344e-11;-8.30198132462101e-11;1.1908696251339279e-11;5.3091753215994686e-11;1.3362750905798748e-09;9.405454193256446e-13;-2.945839128187799e-12;3.75877107217093e-12;-4.936723252413344e-11;-8.301981324621011e-13;1.190869625133928e-13;5.309175321599469e-13;1.3362750905798749e-11;140.7240320604485;100.0;97.12377921528162;97.12377921528162;94.23347775556113;35.81052149881941;10.494588694491597;8.702471644295144;55.38593012954777;12.908340097991015;2.3221307042107924;5.92732758691443;7.996276104935021;51.32329509416189;2.95429812723404;7.745775132764777;4.0;0.6800000000000003;67888.04218635692;8609.554454598187;7.88519807202094;2.3221307042107924;deltaT_des_1_K;desorber;True;True;True;True;True;True;True;True;89.1275031103466;2658.107013459042;0.03899829176893044;67888.04218635692;0.0;0.0;135.0;4.0;140.7240320604485;4.0;100.0;8.0;97.12377921528162;8.0;97.12377921528162;8.0;94.23347775556113;8.0;30.0;4.0;35.81052149881941;4.0;89.1275031103466;2658.107013459042;0.0052923325595552635;67888.04218635692;0.0;0.0;91.19645162836719;246.61403856005407;0.7189982917689307;8609.554454598187;0.6054059082102405;0.2414179437648346;151.2186207549401;347.45436619775944;0.6852923325595556;67888.04218635692;0.6351826705160452;0.2653300153796124;89.1275031103466;2658.107013459042;0.03370595920937518;67888.04218635692;0.0;0.0;105.44196714751962;246.61403856005407;0.7189982917689307;67888.04218635692;0.6054059082102405;0.2414179437648346;143.70247164429514;322.6656394667815;0.7189982917689307;67888.04218635692;0.6054059082102405;0.2414179437648346;140.7481735170611;329.4709217293071;0.6800000000000003;67888.04218635692;0.6401261968087953;0.26952163355326175;97.69619201475484;249.057728879108;0.6800000000000003;67888.04218635692;0.6401261968087953;0.26952163355326175;97.67786929578921;249.02405391079876;0.6800000000000003;8609.554454598187;0.6401261968087953;0.26952163355326175;91.19645162836719;2670.874392389129;0.03899829176893044;8609.554454598187;0.0;0.0;42.908340097991015;179.69041859105124;0.03899829176893044;8609.554454598187;0.0;0.0;42.91018266139923;179.75023348194944;0.03899829176893044;67888.04218635692;0.0;0.0;"Zustand 3: Temperatur 416.852 K liegt außerhalb des Boryta-Prüfbereichs; Kristallisation wurde nicht bewertet.";"Zustand 4: Temperatur 413.898 K liegt außerhalb des Boryta-Prüfbereichs; Kristallisation wurde nicht bewertet.";Zustand 5: Kristallisationsprüfung bestanden (w_LiBr=0.6401 <= w_crit=0.6944, T=370.85 K >= T_crit=310.93 K).;Zustand 6: Kristallisationsprüfung bestanden (w_LiBr=0.6401 <= w_crit=0.6944, T=370.83 K >= T_crit=310.93 K).;"Zustand 20: Temperatur 424.369 K liegt außerhalb des Boryta-Prüfbereichs; Kristallisation wurde nicht bewertet.";5
series_desorber_to_evaporator;Serie Desorber → Verdampfer;series_desorber_to_evaporator;100.0;nan;30.0;100.0;8.0;8.0;4.0;100.0;0.6900000000000003;Abwärmetemperatur [°C];hot_temperature_C;100.0;10.0;10.0;25.0;15.0;11.0;nan;nan;1.3512767332597618e-21;`gtol` termination condition is satisfied.;4;1.346740514630622e-09;5.198608916353993e-11;1;True;;True;0;zulässig;feasible;True;True;True;89.1188866174349;105.44254781750999;140.70575366625013;42.925140308842344;0.1372891120706002;0.2651520696341065;0.24159037393600352;0.26933216263871923;95.65486810298245;97.27836273019636;96.13542893220324;96.7722370780884;55.49085883525504;0.4958583040338027;17.670440217744723;43.59584823977775;0.0023345058711412067;0.023230317115392123;9.565486810173008;9.727836273019665;3.8454171572920304;6.451482471870066;5.044623530503782;91.26023476288691;0.01012399244095638;2670.994698096288;246.70740198349017;221.91291653972758;0.00738087910545282;0.7216673840672498;0.6118248668164138;0.2463873890505888;9.93267690319044e-11;-2.865618853320484e-10;3.7397285268525593e-10;-5.0213888602712586e-11;-9.751488505571615e-11;-2.8421709430404007e-13;3.7402969610411674e-11;1.2523742043413222e-09;9.93267690319044e-13;-2.865618853320484e-12;3.73972852685256e-12;-5.0213888602712586e-11;-9.751488505571616e-13;-2.842170943040401e-15;3.7402969610411674e-13;1.2523742043413221e-11;140.72098493438892;100.0;97.12513669461117;97.12513669461117;94.2312300834243;35.81808389534666;10.432613211689329;8.747794179857522;55.44215086754025;12.925140308842344;2.353152930815554;5.864901931724262;8.006250077176276;51.30424746938638;3.0420405136073896;7.777389289433813;4.0;0.6900000000000003;67865.70593834535;8617.107879210773;7.875694129590154;2.353152930815554;deltaT_des_1_K;desorber;True;True;True;True;True;True;True;True;89.1188866174349;2658.0929425429445;0.03904826317270238;67865.70593834535;0.0;0.0;135.0;4.0;140.72098493438892;4.0;100.0;8.0;97.12513669461117;8.0;97.12513669461117;8.0;94.2312300834243;8.0;30.0;4.0;35.81808389534666;4.0;89.1188866174349;2658.0929425429445;0.005360901378879428;67865.70593834535;0.0;0.0;91.26023476288691;246.70740198348955;0.7290482631727027;8617.107879210773;0.6056307564895753;0.24159037393600352;151.15359814607825;347.24873191735475;0.6953609013788797;67865.70593834535;0.6349710636841388;0.2651520696341065;89.1188866174349;2658.0929425429445;0.03368736179382295;67865.70593834535;0.0;0.0;105.44254781750999;246.70740198348955;0.7290482631727027;67865.70593834535;0.6056307564895753;0.24159037393600352;143.74779417985752;322.8215107995062;0.7290482631727027;67865.70593834535;0.6056307564895753;0.24159037393600352;140.70575366625013;329.2948074032326;0.6900000000000003;67865.70593834535;0.6399044219459343;0.26933216263871923;97.66515852807618;248.8732728595287;0.6900000000000003;67865.70593834535;0.6399044219459343;0.26933216263871923;97.64684706918445;248.8396057332745;0.6900000000000003;8617.107879210773;0.6399044219459343;0.26933216263871923;91.26023476288691;2670.994698096288;0.03904826317270238;8617.107879210773;0.0;0.0;42.925140308842344;179.76065011944692;0.03904826317270238;8617.107879210773;0.0;0.0;42.92698261403791;179.8204352592063;0.03904826317270238;67865.70593834535;0.0;0.0;"Zustand 3: Temperatur 416.898 K liegt außerhalb des Boryta-Prüfbereichs; Kristallisation wurde nicht bewertet.";"Zustand 4: Temperatur 413.856 K liegt außerhalb des Boryta-Prüfbereichs; Kristallisation wurde nicht bewertet.";Zustand 5: Kristallisationsprüfung bestanden (w_LiBr=0.6399 <= w_crit=0.6944, T=370.82 K >= T_crit=310.81 K).;Zustand 6: Kristallisationsprüfung bestanden (w_LiBr=0.6399 <= w_crit=0.6943, T=370.80 K >= T_crit=310.81 K).;"Zustand 20: Temperatur 424.304 K liegt außerhalb des Boryta-Prüfbereichs; Kristallisation wurde nicht bewertet.";5
series_desorber_to_evaporator;Serie Desorber → Verdampfer;series_desorber_to_evaporator;100.0;nan;30.0;100.0;8.0;8.0;4.0;100.0;0.7000000000000003;Abwärmetemperatur [°C];hot_temperature_C;100.0;10.0;10.0;25.0;15.0;11.0;nan;nan;1.3755931674227325e-21;`gtol` termination condition is satisfied.;4;1.2743524163173651e-09;5.245175244780164e-11;1;True;;True;0;zulässig;feasible;True;True;True;89.11050791270475;105.4448553222673;140.66190623591302;42.94176003018572;0.13889400554862277;0.26497667056263013;0.24175687922223416;0.26914627375088757;95.59949858028011;97.40344758363449;96.0854841307295;96.89156405170674;56.29767721296877;0.49539310234397643;17.90385551536304;43.59104310081608;0.002336327034406346;0.023561654548486553;9.559949857909917;9.740344758364724;3.8434193652325432;6.45943760344455;5.117970655748312;91.32238837849758;0.010076299378184909;2671.111916085225;246.80113760566326;222.12440628346516;0.007447369935928649;0.7316503539816569;0.6120145746546609;0.24653575145557427;1.0447109843880753e-10;-2.6266633312843624e-10;3.716422725119628e-10;-5.088268695274678e-11;-8.408562734985026e-11;-1.27613475342514e-11;3.849720542348223e-11;1.180950448542717e-09;1.0447109843880753e-12;-2.6266633312843625e-12;3.716422725119628e-12;-5.088268695274678e-11;-8.408562734985026e-13;-1.27613475342514e-13;3.849720542348223e-13;1.1809504485427169e-11;140.71767336006462;100.0;97.12663025924854;97.12663025924854;94.2291552577023;35.825565046868064;10.371956112755583;8.791472283121209;55.496823331629514;12.94176003018572;2.383458255566495;5.804241880750965;8.016122346543796;51.28555316671583;3.1295660472081863;7.810013123859221;4.0;0.7000000000000003;67843.99198068137;8624.585773023535;7.86634787642644;2.383458255566495;deltaT_des_1_K;desorber;True;True;True;True;True;True;True;True;89.11050791270475;2658.0792596071283;0.03909772391758526;67843.99198068137;0.0;0.0;135.0;4.0;140.71767336006462;4.0;100.0;8.0;97.12663025924854;8.0;97.12663025924854;8.0;94.2291552577023;8.0;30.0;4.0;35.825565046868064;4.0;89.11050791270475;2658.0792596071283;0.005430439482747608;67843.99198068137;0.0;0.0;91.32238837849758;246.80113760566306;0.7390977239175855;8624.585773023535;0.605847732576628;0.24175687922223416;151.0896294728202;347.04630062953936;0.7054304394827479;67843.99198068137;0.634762345338019;0.26497667056263013;89.11050791270475;2658.0792596071283;0.03366728443483765;67843.99198068137;0.0;0.0;105.4448553222673;246.80113760566306;0.7390977239175855;67843.99198068137;0.605847732576628;0.24175687922223416;143.7914722831212;322.97195425297065;0.7390977239175855;67843.99198068137;0.605847732576628;0.24175687922223416;140.66190623591302;329.1178368781232;0.7000000000000003;67843.99198068137;0.6396866859828795;0.26914627375088757;97.63484219840808;248.69258371688855;0.7000000000000003;67843.99198068137;0.6396866859828795;0.26914627375088757;97.6165417444335;248.65892421039072;0.7000000000000003;8624.585773023535;0.6396866859828795;0.26914627375088757;91.32238837849758;2671.111916085225;0.03909772391758526;8624.585773023535;0.0;0.0;42.94176003018572;179.83012717718424;0.03909772391758526;8624.585773023535;0.0;0.0;42.943602090986474;179.88988326527087;0.03909772391758526;67843.99198068137;0.0;0.0;"Zustand 3: Temperatur 416.941 K liegt außerhalb des Boryta-Prüfbereichs; Kristallisation wurde nicht bewertet.";"Zustand 4: Temperatur 413.812 K liegt außerhalb des Boryta-Prüfbereichs; Kristallisation wurde nicht bewertet.";Zustand 5: Kristallisationsprüfung bestanden (w_LiBr=0.6397 <= w_crit=0.6943, T=370.78 K >= T_crit=310.69 K).;Zustand 6: Kristallisationsprüfung bestanden (w_LiBr=0.6397 <= w_crit=0.6943, T=370.77 K >= T_crit=310.69 K).;"Zustand 20: Temperatur 424.240 K liegt außerhalb des Boryta-Prüfbereichs; Kristallisation wurde nicht bewertet.";5
series_desorber_to_evaporator;Serie Desorber → Verdampfer;series_desorber_to_evaporator;100.0;nan;30.0;100.0;8.0;8.0;4.0;100.0;0.7100000000000003;Abwärmetemperatur [°C];hot_temperature_C;100.0;10.0;10.0;25.0;15.0;11.0;nan;nan;1.390186592003918e-21;`gtol` termination condition is satisfied.;4;1.1986168072687117e-09;5.272924410616784e-11;1;True;;True;0;zulässig;feasible;True;True;True;89.10235093439229;105.44881964697356;140.61670647344687;42.958217037717134;0.1405210838620153;0.2648037359877617;0.24191767578579373;0.26896383414365765;95.53988563105474;97.52730780563884;96.03117312025194;97.00978919110342;57.10141825492031;0.4949202722941189;18.136893072555953;43.58585359995101;0.0023381434102837826;0.023892982038661227;9.553988562995071;9.752730780565166;3.841246924813504;6.467319279403822;5.191038023197542;91.38298454551165;0.010031126679299314;2671.226182276791;246.8952041764788;222.3300165132544;0.007514785718957362;0.7416319411851313;0.6121981707527275;0.24667941665187032;1.1071676908613881e-10;-2.526547859815764e-10;3.5979041967948433e-10;-5.135142311374352e-11;-8.566303222323768e-11;-1.2818190953112207e-11;4.61000126961153e-11;1.1040270919693285e-09;1.107167690861388e-12;-2.526547859815764e-12;3.5979041967948434e-12;-5.135142311374352e-11;-8.566303222323768e-13;-1.2818190953112207e-13;4.61000126961153e-13;1.1040270919693284e-11;140.71410799228795;100.0;97.12825439233694;97.12825439233694;94.22724395001927;35.832972954882734;10.312562838665372;8.833558573203277;55.55001159062891;12.958217037717134;2.4130595902244067;5.745269846825295;8.02590345794465;51.267185082961134;3.2168520997564087;7.843589550044328;4.0;0.7100000000000003;67822.85820985111;8631.995964307338;7.85714665417982;2.4130595902244067;deltaT_des_1_K;desorber;True;True;True;True;True;True;True;True;89.10235093439229;2658.0659384488113;0.03914672690408838;67822.85820985111;0.0;0.0;135.0;4.0;140.71410799228795;4.0;100.0;8.0;97.12825439233694;8.0;97.12825439233694;8.0;94.22724395001927;8.0;30.0;4.0;35.832972954882734;4.0;89.10235093439229;2658.0659384488113;0.005500940494212814;67822.85820985111;0.0;0.0;91.38298454551165;246.89520417647935;0.7491467269040887;8631.995964307338;0.6060571333490716;0.24191767578579373;151.02667083095332;346.84695030996187;0.7155009404942131;67822.85820985111;0.6345564235080909;0.2648037359877617;89.10235093439229;2658.0659384488113;0.03364578640987557;67822.85820985111;0.0;0.0;105.44881964697356;246.89520417647935;0.7491467269040887;67822.85820985111;0.6060571333490716;0.24191767578579373;143.83355857320328;323.1171460261043;0.7491467269040887;67822.85820985111;0.6060571333490716;0.24191767578579373;140.61670647344687;328.94007971491004;0.7100000000000003;67822.85820985111;0.6394728419230024;0.26896383414365765;97.60523009692923;248.51554696165712;0.7100000000000003;67822.85820985111;0.6394728419230024;0.26896383414365765;97.5869404097756;248.48189487427874;0.7100000000000003;8631.995964307338;0.6394728419230024;0.26896383414365765;91.38298454551165;2671.226182276791;0.03914672690408838;8631.995964307338;0.0;0.0;42.958217037717134;179.898924072393;0.03914672690408838;8631.995964307338;0.0;0.0;42.96005886705814;179.9586517583375;0.03914672690408838;67822.85820985111;0.0;0.0;"Zustand 3: Temperatur 416.984 K liegt außerhalb des Boryta-Prüfbereichs; Kristallisation wurde nicht bewertet.";"Zustand 4: Temperatur 413.767 K liegt außerhalb des Boryta-Prüfbereichs; Kristallisation wurde nicht bewertet.";Zustand 5: Kristallisationsprüfung bestanden (w_LiBr=0.6395 <= w_crit=0.6943, T=370.76 K >= T_crit=310.58 K).;Zustand 6: Kristallisationsprüfung bestanden (w_LiBr=0.6395 <= w_crit=0.6943, T=370.74 K >= T_crit=310.58 K).;"Zustand 20: Temperatur 424.177 K liegt außerhalb des Boryta-Prüfbereichs; Kristallisation wurde nicht bewertet.";5
series_desorber_to_evaporator;Serie Desorber → Verdampfer;series_desorber_to_evaporator;100.0;nan;30.0;100.0;8.0;8.0;4.0;100.0;0.7200000000000003;Abwärmetemperatur [°C];hot_temperature_C;100.0;10.0;10.0;25.0;15.0;11.0;nan;nan;1.3968550391186728e-21;`gtol` termination condition is satisfied.;4;1.1231621647532736e-09;5.2855558631399835e-11;1;True;;True;0;zulässig;feasible;True;True;True;89.09440067747477;105.45437394074094;140.5702252456221;42.97452789228106;0.1421699773204951;0.264633186770138;0.2420729694871436;0.2687847169227112;95.47619676900578;97.6500680379248;95.97266941366394;97.12703114600181;57.902074902429455;0.4944399006952611;18.36953938680295;43.58029494472714;0.0023399562464449753;0.024224291133973237;9.547619676797956;9.765006803794476;3.8389067765502127;6.475135409731139;5.263824991152337;91.44209142587397;0.009988365683641717;2671.337625238545;246.9895629453466;222.52997666246995;0.0075831204953249465;0.7516122008918443;0.6123758751916999;0.24681854895643524;1.155981976808107e-10;-2.462527959323779e-10;3.489049049676396e-10;-5.165101679693862e-11;-9.137579581874888e-11;-1.9966250874858815e-11;3.47313289239537e-11;1.0262226624035975e-09;1.155981976808107e-12;-2.462527959323779e-12;3.489049049676396e-12;-5.165101679693862e-11;-9.137579581874888e-13;-1.9966250874858816e-13;3.47313289239537e-13;1.0262226624035975e-11;140.7102988498209;100.0;97.13000390509376;97.13000390509376;94.22548742345492;35.840315074038585;10.254381635320897;8.874103432614788;55.60177635183538;12.97452789228106;2.441969831587926;5.68791247921979;8.035603227618992;51.24911792106866;3.3038781869926765;7.878064629852645;4.0;0.7200000000000003;67802.26531542807;8639.345758928208;7.848078686439745;2.441969831587926;deltaT_des_1_K;desorber;True;True;True;True;True;True;True;True;89.09440067747477;2658.052954587854;0.03919532138716897;67802.26531542807;0.0;0.0;135.0;4.0;140.7102988498209;4.0;100.0;8.0;97.13000390509376;8.0;97.13000390509376;8.0;94.22548742345492;8.0;30.0;4.0;35.840315074038585;4.0;89.09440067747477;2658.052954587854;0.005572397952683329;67802.26531542807;0.0;0.0;91.44209142587397;246.98956294534534;0.7591953213871693;8639.345758928208;0.6062592410144451;0.2420729694871436;150.9646804851418;346.65056446943385;0.7255723979526837;67802.26531542807;0.6343532095160671;0.264633186770138;89.09440067747477;2658.052954587854;0.03362292343448564;67802.26531542807;0.0;0.0;105.45437394074094;246.98956294534534;0.7591953213871693;67802.26531542807;0.6062592410144451;0.2420729694871436;143.8741034326148;323.25725489665143;0.7591953213871693;67802.26531542807;0.6062592410144451;0.2420729694871436;140.5702252456221;328.7616006553029;0.7200000000000003;67802.26531542807;0.6392627490637538;0.2687847169227112;97.57630931088829;248.34205217986704;0.7200000000000003;67802.26531542807;0.6392627490637538;0.2687847169227112;97.55803016841207;248.30840733106984;0.7200000000000003;8639.345758928208;0.6392627490637538;0.2687847169227112;91.44209142587397;2671.337625238545;0.03919532138716897;8639.345758928208;0.0;0.0;42.97452789228106;179.9671100348694;0.03919532138716897;8639.345758928208;0.0;0.0;42.97636950238626;180.02680992158116;0.03919532138716897;67802.26531542807;0.0;0.0;"Zustand 3: Temperatur 417.024 K liegt außerhalb des Boryta-Prüfbereichs; Kristallisation wurde nicht bewertet.";"Zustand 4: Temperatur 413.720 K liegt außerhalb des Boryta-Prüfbereichs; Kristallisation wurde nicht bewertet.";Zustand 5: Kristallisationsprüfung bestanden (w_LiBr=0.6393 <= w_crit=0.6943, T=370.73 K >= T_crit=310.47 K).;Zustand 6: Kristallisationsprüfung bestanden (w_LiBr=0.6393 <= w_crit=0.6943, T=370.71 K >= T_crit=310.47 K).;"Zustand 20: Temperatur 424.115 K liegt außerhalb des Boryta-Prüfbereichs; Kristallisation wurde nicht bewertet.";5
series_desorber_to_evaporator;Serie Desorber → Verdampfer;series_desorber_to_evaporator;100.0;nan;30.0;100.0;8.0;8.0;4.0;100.0;0.7300000000000003;Abwärmetemperatur [°C];hot_temperature_C;100.0;10.0;10.0;25.0;15.0;11.0;nan;nan;1.3972533551194699e-21;`gtol` termination condition is satisfied.;4;1.0652847288062498e-09;5.286309402824375e-11;1;True;;True;0;zulässig;feasible;True;True;True;89.08664311579503;105.46145435535374;140.52252932654017;42.9907080304738;0.14384032193027707;0.2644649466851142;0.24222295646601186;0.2686088007407324;95.40858962643554;97.77184446081228;95.91013632666551;97.24340042037765;58.699640972519965;0.4939520716692032;18.60178142779872;43.57438144675649;0.0023417666936188467;0.024555573631166724;9.540858962547011;9.777184446083309;3.83640545306969;6.482893361355679;5.336330997522523;91.49977352277546;0.00994791333791604;2671.4463666533497;247.08417749366592;222.72450462151278;0.007652368203478033;0.7615911850461632;0.6125478973707047;0.24695330493774448;1.2013856576231774e-10;-2.2778579022997292e-10;3.544755600159988e-10;-5.178119044657592e-11;-7.673861546209082e-11;-2.0818902157770935e-11;4.246203388902359e-11;9.654286259319633e-10;1.2013856576231775e-12;-2.277857902299729e-12;3.5447556001599878e-12;-5.178119044657592e-11;-7.673861546209082e-13;-2.0818902157770936e-13;4.2462033889023586e-13;9.654286259319633e-12;140.70625536043275;100.0;97.13187391367626;97.13187391367626;94.22387748962188;35.84759835291942;10.19736337889077;8.913155116770383;55.65217516985604;12.990708030473797;2.4702018271560746;5.632100390900803;8.045230797881231;51.231328056777386;3.3906257902302173;7.913387377493223;4.0;0.7300000000000003;67782.17657218326;8646.641978712698;7.83913301129586;2.4702018271560746;deltaT_des_1_K;desorber;True;True;True;True;True;True;True;True;89.08664311579503;2658.0402851399276;0.039243553249640906;67782.17657218326;0.0;0.0;135.0;4.0;140.70625536043275;4.0;100.0;8.0;97.13187391367626;8.0;97.13187391367626;8.0;94.22387748962188;8.0;30.0;4.0;35.84759835291942;4.0;89.08664311579503;2658.0402851399276;0.0056448053331163185;67782.17657218326;0.0;0.0;91.49977352277546;247.0841774936664;0.7692435532496412;8646.641978712698;0.6064543239723382;0.24222295646601186;150.90361873932352;346.45703185221276;0.7356448053331166;67782.17657218326;0.6341526178474474;0.2644649466851142;89.08664311579503;2658.0402851399276;0.03359874791652459;67782.17657218326;0.0;0.0;105.46145435535374;247.0841774936664;0.7692435532496412;67782.17657218326;0.6064543239723382;0.24222295646601186;143.91315511677038;323.3924425737512;0.7692435532496412;67782.17657218326;0.6064543239723382;0.24222295646601186;140.52252932654017;328.58245996762867;0.7300000000000003;67782.17657218326;0.6390562726795758;0.2686088007407324;97.54806697786051;248.17199288214948;0.7300000000000003;67782.17657218326;0.6390562726795758;0.2686088007407324;97.52979817284393;248.138355110052;0.7300000000000003;8646.641978712698;0.6390562726795758;0.2686088007407324;91.49977352277546;2671.4463666533497;0.039243553249640906;8646.641978712698;0.0;0.0;42.9907080304738;180.03474959477128;0.039243553249640906;8646.641978712698;0.0;0.0;42.9925494328445;180.09442224160634;0.039243553249640906;67782.17657218326;0.0;0.0;"Zustand 3: Temperatur 417.063 K liegt außerhalb des Boryta-Prüfbereichs; Kristallisation wurde nicht bewertet.";"Zustand 4: Temperatur 413.673 K liegt außerhalb des Boryta-Prüfbereichs; Kristallisation wurde nicht bewertet.";Zustand 5: Kristallisationsprüfung bestanden (w_LiBr=0.6391 <= w_crit=0.6942, T=370.70 K >= T_crit=310.36 K).;Zustand 6: Kristallisationsprüfung bestanden (w_LiBr=0.6391 <= w_crit=0.6942, T=370.68 K >= T_crit=310.36 K).;"Zustand 20: Temperatur 424.054 K liegt außerhalb des Boryta-Prüfbereichs; Kristallisation wurde nicht bewertet.";5
series_desorber_to_evaporator;Serie Desorber → Verdampfer;series_desorber_to_evaporator;100.0;nan;30.0;100.0;8.0;8.0;4.0;100.0;0.7400000000000003;Abwärmetemperatur [°C];hot_temperature_C;100.0;10.0;10.0;25.0;15.0;11.0;nan;nan;1.3908075609167283e-21;`gtol` termination condition is satisfied.;4;1.0053290702820993e-09;5.274101934769043e-11;1;True;;True;0;zulässig;feasible;True;True;True;89.07906513057367;105.46999989191619;140.47368166582442;43.00677184771024;0.14553175926986436;0.264298942305289;0.2423678236860309;0.26843596951118426;95.33721264840875;97.89274541836485;95.8437276908314;97.35899997868799;59.49411108449455;0.49345686677616;18.83360661763565;43.568126584558854;0.002343575813316769;0.024886821565714378;9.533721264750517;9.78927454183984;3.833749107636674;6.490599998576948;5.408555553155805;91.55609191211323;0.009909671854966513;2671.5525217539707;247.17901357864162;222.91380742830722;0.0077225227000303764;0.7715689425526778;0.6127144366273851;0.247083833851811;1.247855152541888e-10;-2.1930901539235492e-10;3.439595275267493e-10;-5.1776583021023725e-11;-8.544986940250965e-11;-3.353761712787673e-11;3.377920165803516e-11;9.035829862114042e-10;1.247855152541888e-12;-2.193090153923549e-12;3.439595275267493e-12;-5.1776583021023725e-11;-8.544986940250965e-13;-3.353761712787673e-13;3.377920165803516e-13;9.035829862114042e-12;140.70198640241676;100.0;97.13385981785791;97.13385981785791;94.22240646921296;35.85482927143329;10.141461414066896;8.950759857996218;55.70126264067994;13.00677184771024;2.4977683454726503;5.577767905744679;8.054794687284243;51.21379341599834;3.4770781921718026;7.949509576588014;4.0;0.7400000000000003;67762.55764947223;8653.890996688477;7.830299419694846;2.4977683454726503;deltaT_des_1_K;desorber;True;True;True;True;True;True;True;True;89.07906513057367;2658.0279087000727;0.03929146525270788;67762.55764947223;0.0;0.0;135.0;4.0;140.70198640241676;4.0;100.0;8.0;97.13385981785791;8.0;97.13385981785791;8.0;94.22240646921296;8.0;30.0;4.0;35.85482927143329;4.0;89.07906513057367;2658.0279087000727;0.005718156062517323;67762.55764947223;0.0;0.0;91.55609191211323;247.1790135786427;0.7792914652527082;8653.890996688477;0.6066426376196071;0.2423678236860309;150.84344781648366;346.26624615451624;0.7457181560625177;67762.55764947223;0.6339545660297622;0.264298942305289;89.07906513057367;2658.0279087000727;0.03357330919019055;67762.55764947223;0.0;0.0;105.46999989191619;247.1790135786427;0.7792914652527082;67762.55764947223;0.6066426376196071;0.2423678236860309;143.95075985799622;323.5228640341354;0.7792914652527082;67762.55764947223;0.6066426376196071;0.2423678236860309;140.47368166582442;328.4027137687919;0.7400000000000003;67762.55764947223;0.6388532837234474;0.26843596951118426;97.52049031532817;248.00526635748145;0.7400000000000003;67762.55764947223;0.6388532837234474;0.26843596951118426;97.50223165452735;247.97163551752777;0.7400000000000003;8653.890996688477;0.6388532837234474;0.26843596951118426;91.55609191211323;2671.5525217539707;0.03929146525270788;8653.890996688477;0.0;0.0;43.00677184771024;180.10190292986573;0.03929146525270788;8653.890996688477;0.0;0.0;43.00861305321462;180.16154885546925;0.03929146525270788;67762.55764947223;0.0;0.0;"Zustand 3: Temperatur 417.101 K liegt außerhalb des Boryta-Prüfbereichs; Kristallisation wurde nicht bewertet.";"Zustand 4: Temperatur 413.624 K liegt außerhalb des Boryta-Prüfbereichs; Kristallisation wurde nicht bewertet.";Zustand 5: Kristallisationsprüfung bestanden (w_LiBr=0.6389 <= w_crit=0.6942, T=370.67 K >= T_crit=310.26 K).;Zustand 6: Kristallisationsprüfung bestanden (w_LiBr=0.6389 <= w_crit=0.6942, T=370.65 K >= T_crit=310.26 K).;"Zustand 20: Temperatur 423.993 K liegt außerhalb des Boryta-Prüfbereichs; Kristallisation wurde nicht bewertet.";5
series_desorber_to_evaporator;Serie Desorber → Verdampfer;series_desorber_to_evaporator;100.0;nan;30.0;100.0;8.0;8.0;4.0;100.0;0.7500000000000003;Abwärmetemperatur [°C];hot_temperature_C;100.0;10.0;10.0;25.0;15.0;11.0;nan;nan;1.3787267302349197e-21;`gtol` termination condition is satisfied.;4;9.507144399610682e-10;5.251146027744648e-11;1;True;;True;0;zulässig;feasible;True;True;True;89.0716544447547;105.4799522552338;140.42374163833307;43.02273277443044;0.1472439363559424;0.26413510288825;0.24250774944537826;0.268266112139386;95.26220573282768;98.01287199199203;95.77358851136421;97.47392580179584;60.285480594171204;0.49295436513845176;19.06500281217574;43.5615430615137;0.0023453845848655963;0.025218027202214936;9.526220573197945;9.801287199203028;3.830943540457796;6.498261720117707;5.480498235852433;91.61110445725609;0.00987354839570511;2671.656199726406;247.27403898780483;223.0980819118664;0.00779357777747558;0.7815455194882759;0.6128756828175667;0.247210278050632;1.2742873423121637e-10;-2.0555290802803938e-10;3.3810465538408607e-10;-5.164624283793273e-11;-8.068923307291698e-11;-3.8255620893323794e-11;3.0240698833949864e-11;8.482317070956924e-10;1.2742873423121637e-12;-2.055529080280394e-12;3.3810465538408605e-12;-5.164624283793273e-11;-8.068923307291698e-13;-3.8255620893323796e-13;3.0240698833949866e-13;8.482317070956924e-12;140.69750034287244;100.0;97.13595728135874;97.13595728135874;94.22106715570698;35.862013875119146;10.086631404076456;8.986961964293585;55.749090582136944;13.022732774430438;2.524682050616491;5.524852824102652;8.064302836604043;51.196493362451406;3.563220325960515;7.986385609111892;4.0;0.7500000000000003;67743.3764363718;8661.098769472208;7.821568399051978;2.524682050616491;deltaT_des_1_K;desorber;True;True;True;True;True;True;True;True;89.0716544447547;2658.0158052357456;0.03933909726575113;67743.3764363718;0.0;0.0;135.0;4.0;140.69750034287244;4.0;100.0;8.0;97.13595728135874;8.0;97.13595728135874;8.0;94.22106715570698;8.0;30.0;4.0;35.862013875119146;4.0;89.0716544447547;2658.0158052357456;0.005792443534098488;67743.3764363718;0.0;0.0;91.61110445725609;247.27403898780582;0.7893390972657515;8661.098769472208;0.6068244251027166;0.24250774944537826;150.7841317469489;346.0781057613834;0.7557924435340988;67743.3764363718;0.6337589745158954;0.26413510288825;89.0716544447547;2658.0158052357456;0.033546653731652644;67743.3764363718;0.0;0.0;105.4799522552338;247.27403898780582;0.7893390972657515;67743.3764363718;0.6068244251027166;0.24250774944537826;143.98696196429358;323.6486678425001;0.7893390972657515;67743.3764363718;0.6068244251027166;0.24250774944537826;140.42374163833307;328.2224143237558;0.7500000000000003;67743.3764363718;0.638653658545849;0.268266112139386;97.4935666461219;247.84177353169747;0.7500000000000003;67743.3764363718;0.638653658545849;0.268266112139386;97.47531794938351;247.80814949542784;0.7500000000000003;8661.098769472208;0.638653658545849;0.268266112139386;91.61110445725609;2671.656199726406;0.03933909726575113;8661.098769472208;0.0;0.0;43.02273277443044;180.16862618407532;0.03933909726575113;8661.098769472208;0.0;0.0;43.02457379325557;180.22824586901677;0.03933909726575113;67743.3764363718;0.0;0.0;"Zustand 3: Temperatur 417.137 K liegt außerhalb des Boryta-Prüfbereichs; Kristallisation wurde nicht bewertet.";"Zustand 4: Temperatur 413.574 K liegt außerhalb des Boryta-Prüfbereichs; Kristallisation wurde nicht bewertet.";Zustand 5: Kristallisationsprüfung bestanden (w_LiBr=0.6387 <= w_crit=0.6942, T=370.64 K >= T_crit=310.16 K).;Zustand 6: Kristallisationsprüfung bestanden (w_LiBr=0.6387 <= w_crit=0.6942, T=370.63 K >= T_crit=310.16 K).;"Zustand 20: Temperatur 423.934 K liegt außerhalb des Boryta-Prüfbereichs; Kristallisation wurde nicht bewertet.";5
series_desorber_to_evaporator;Serie Desorber → Verdampfer;series_desorber_to_evaporator;100.0;nan;30.0;100.0;8.0;8.0;4.0;100.0;0.7600000000000003;Abwärmetemperatur [°C];hot_temperature_C;100.0;10.0;10.0;25.0;15.0;11.0;nan;nan;1.3633234225365409e-21;`gtol` termination condition is satisfied.;4;9.019096954224409e-10;5.221730407703065e-11;1;True;;True;0;zulässig;feasible;True;True;True;89.06439956264722;105.49125571569499;140.3727652765371;43.03860334607833;0.14897650550201808;0.26397336026940965;0.24264290385561496;0.26809912226957455;95.18370082084766;98.1323185270825;95.69985557404857;97.58826739707652;61.073745534847816;0.492444643559744;19.295958283549624;43.554642859322485;0.002347193911813528;0.02554918302513545;9.518370082005136;9.81323185271262;3.827994222965323;6.505884493136384;5.552158685004307;91.6648660084503;0.009839454772557292;2671.7575040844167;247.3692234036461;223.27751529241561;0.007865527179486076;0.7915209592977328;0.6130318168569961;0.24733277336490367;1.318625209023594e-10;-1.9956303276558174e-10;3.3088554118876345e-10;-5.143507841864903e-11;-8.449774213659111e-11;-4.369837824924616e-11;3.0752289603697136e-11;7.963052439663443e-10;1.318625209023594e-12;-1.9956303276558175e-12;3.3088554118876346e-12;-5.143507841864903e-11;-8.449774213659112e-13;-4.369837824924616e-13;3.0752289603697137e-13;7.963052439663443e-12;140.6928050730172;100.0;97.13816221369473;97.13816221369473;94.219852781964;35.86915780664367;10.032831191502225;9.021803913045801;55.79570820180663;13.038603346078332;2.5509554803880405;5.473296205244424;8.073762651047502;51.17940859412471;3.649038636508692;8.023972295523038;4.0;0.7600000000000003;67724.60288109361;8668.270867061168;7.812931081611955;2.5509554803880405;deltaT_des_1_K;desorber;True;True;True;True;True;True;True;True;89.06439956264722;2658.0039559884854;0.03938648647721854;67724.60288109361;0.0;0.0;135.0;4.0;140.6928050730172;4.0;100.0;8.0;97.13816221369473;8.0;97.13816221369473;8.0;94.219852781964;8.0;30.0;4.0;35.86915780664367;4.0;89.06439956264722;2658.0039559884854;0.0058676611193785085;67724.60288109361;0.0;0.0;91.6648660084503;247.36922340364507;0.7993864864772189;8668.270867061168;0.6069999180208931;0.24264290385561496;150.72563626451944;345.8925135005595;0.7658676611193789;67724.60288109361;0.6335657665724084;0.26397336026940965;89.06439956264722;2658.0039559884854;0.03351882535784003;67724.60288109361;0.0;0.0;105.49125571569499;247.36922340364507;0.7993864864772189;67724.60288109361;0.6069999180208931;0.24264290385561496;144.0218039130458;323.7699964564784;0.7993864864772189;67724.60288109361;0.6069999180208931;0.24264290385561496;140.3727652765371;328.04161032368364;0.7600000000000003;67724.60288109361;0.638457278629844;0.26809912226957455;97.46728342017195;247.68141883063637;0.7600000000000003;67724.60288109361;0.638457278629844;0.26809912226957455;97.44904451961196;247.64780148455068;0.7600000000000003;8668.270867061168;0.638457278629844;0.26809912226957455;91.6648660084503;2671.7575040844167;0.03938648647721854;8668.270867061168;0.0;0.0;43.03860334607833;180.23497175995996;0.03938648647721854;8668.270867061168;0.0;0.0;43.040444187839284;180.29456564917805;0.03938648647721854;67724.60288109361;0.0;0.0;"Zustand 3: Temperatur 417.172 K liegt außerhalb des Boryta-Prüfbereichs; Kristallisation wurde nicht bewertet.";"Zustand 4: Temperatur 413.523 K liegt außerhalb des Boryta-Prüfbereichs; Kristallisation wurde nicht bewertet.";Zustand 5: Kristallisationsprüfung bestanden (w_LiBr=0.6385 <= w_crit=0.6942, T=370.62 K >= T_crit=310.06 K).;Zustand 6: Kristallisationsprüfung bestanden (w_LiBr=0.6385 <= w_crit=0.6941, T=370.60 K >= T_crit=310.06 K).;"Zustand 20: Temperatur 423.876 K liegt außerhalb des Boryta-Prüfbereichs; Kristallisation wurde nicht bewertet.";5
series_desorber_to_evaporator;Serie Desorber → Verdampfer;series_desorber_to_evaporator;100.0;nan;30.0;100.0;8.0;8.0;4.0;100.0;0.7700000000000004;Abwärmetemperatur [°C];hot_temperature_C;100.0;10.0;10.0;25.0;15.0;11.0;nan;nan;1.3455604462497053e-21;`gtol` termination condition is satisfied.;4;8.47933058811675e-10;5.1876014616577966e-11;1;True;;True;0;zulässig;feasible;True;True;True;89.0572897144047;105.5038569784108;140.3208054867847;43.05439526740082;0.15072912417313566;0.26381364875946534;0.24277344929089828;0.2679348980469464;95.10182244191878;98.25117311696067;95.62265800573962;97.70210826691842;61.85890256423808;0.49192777663980575;19.526461703690863;43.54743728736776;0.002349004627773865;0.02588028172991142;9.51018224411791;9.825117311701387;3.8249063202324836;6.513473884459711;5.62353659676583;91.71742858809239;0.00980730717288123;2671.856533017596;247.46453827778845;223.4522857413634;0.007938364614110793;0.80149530297424;0.6131830112279686;0.24745144946283543;1.3628209671878722e-10;-1.8605561535878223e-10;3.278159965702798e-10;-5.11808928571611e-11;-7.246114819281502e-11;-5.32054400537163e-11;2.2751578399038408e-11;7.396749879262643e-10;1.3628209671878722e-12;-1.8605561535878225e-12;3.2781599657027983e-12;-5.11808928571611e-11;-7.246114819281502e-13;-5.32054400537163e-13;2.275157839903841e-13;7.396749879262643e-12;140.68790804078463;100.0;97.14047075341688;97.14047075341688;94.218756989454;35.87626633474645;9.980020668964357;9.055326439929786;55.84116225334594;13.054395267400821;2.5766010277523606;5.423042165324489;8.083181039012175;51.16252104830488;3.734520953145079;8.062228745404866;4.0;0.7700000000000004;67706.20884341853;8675.412500250786;7.804379197123053;2.5766010277523606;deltaT_des_1_K;desorber;True;True;True;True;True;True;True;True;89.0572897144047;2657.992343383458;0.03943366758835043;67706.20884341853;0.0;0.0;135.0;4.0;140.68790804078463;4.0;100.0;8.0;97.14047075341688;8.0;97.14047075341688;8.0;94.218756989454;8.0;30.0;4.0;35.87626633474645;4.0;89.0572897144047;2657.992343383458;0.005943802178526627;67706.20884341853;0.0;0.0;91.71742858809239;247.46453827778947;0.8094336675883508;8675.412500250786;0.6071693370836636;0.24277344929089828;150.667928709749;345.70937641190847;0.775943802178527;67706.20884341853;0.6333748681723781;0.26381364875946534;89.0572897144047;2657.992343383458;0.0334898654098238;67706.20884341853;0.0;0.0;105.5038569784108;247.46453827778947;0.8094336675883508;67706.20884341853;0.6071693370836636;0.24277344929089828;144.0553264399298;323.8869865168678;0.8094336675883508;67706.20884341853;0.6071693370836636;0.24277344929089828;140.3208054867847;327.8603471442102;0.7700000000000004;67706.20884341853;0.6382640303413211;0.2679348980469464;97.44162823300593;247.52411004797415;0.7700000000000004;67706.20884341853;0.6382640303413211;0.2679348980469464;97.42339897224764;247.49049929248076;0.7700000000000004;8675.412500250786;0.6382640303413211;0.2679348980469464;91.71742858809239;2671.856533017596;0.03943366758835043;8675.412500250786;0.0;0.0;43.05439526740082;180.3009885876833;0.03943366758835043;8675.412500250786;0.0;0.0;43.05623594114911;180.36055709275604;0.03943366758835043;67706.20884341853;0.0;0.0;"Zustand 3: Temperatur 417.205 K liegt außerhalb des Boryta-Prüfbereichs; Kristallisation wurde nicht bewertet.";"Zustand 4: Temperatur 413.471 K liegt außerhalb des Boryta-Prüfbereichs; Kristallisation wurde nicht bewertet.";Zustand 5: Kristallisationsprüfung bestanden (w_LiBr=0.6383 <= w_crit=0.6941, T=370.59 K >= T_crit=309.96 K).;Zustand 6: Kristallisationsprüfung bestanden (w_LiBr=0.6383 <= w_crit=0.6941, T=370.57 K >= T_crit=309.96 K).;"Zustand 20: Temperatur 423.818 K liegt außerhalb des Boryta-Prüfbereichs; Kristallisation wurde nicht bewertet.";5
series_desorber_to_evaporator;Serie Desorber → Verdampfer;series_desorber_to_evaporator;100.0;nan;30.0;100.0;8.0;8.0;4.0;100.0;0.7800000000000004;Abwärmetemperatur [°C];hot_temperature_C;100.0;10.0;10.0;25.0;15.0;11.0;nan;nan;1.3256052860549334e-21;`gtol` termination condition is satisfied.;4;8.101522800875897e-10;5.1489907478163785e-11;1;True;;True;0;zulässig;feasible;True;True;True;89.0503148049159;105.51770505931626;140.2679122504956;43.07011947158185;0.1525014548381013;0.26365590504624115;0.24289954080946036;0.2677733418935635;95.01668821716316;98.36951804795498;95.54211779220299;97.81552633933738;62.64094891668759;0.49140383688437844;19.756502128841777;43.5399370283053;0.002350817501760531;0.026211316214404437;9.501668821645783;9.836951804801071;3.8216847116911454;6.521035089287766;5.694631719715426;91.76884156297467;0.009777025900942782;2671.953379714998;247.5599567140799;223.6225629040428;0.008012083765157607;0.8114685892261061;0.6133294304532647;0.24756643018662353;1.3839951407135231e-10;-1.8209789232059848e-10;3.076934262935538e-10;-5.0851101107696195e-11;-7.564437964902027e-11;-5.573497219302226e-11;2.0889956431346945e-11;7.053415629343363e-10;1.3839951407135232e-12;-1.8209789232059846e-12;3.076934262935538e-12;-5.0851101107696195e-11;-7.564437964902026e-13;-5.573497219302226e-13;2.0889956431346944e-13;7.053415629343362e-12;140.6828162809308;100.0;97.1428792526255;97.1428792526255;94.21777379989413;35.883344380858546;9.928161658858642;9.08756862323213;55.885497182116126;13.070119471581847;2.6016309251834286;5.374037689650834;8.092564447709606;51.14581381399546;3.8196563727365174;8.101116217963636;4.0;0.7800000000000004;67688.16795898785;8682.52854588833;7.795905029421647;2.6016309251834286;deltaT_des_1_K;desorber;True;True;True;True;True;True;True;True;89.0503148049159;2657.9809509461693;0.039480672991263344;67688.16795898785;0.0;0.0;135.0;4.0;140.6828162809308;4.0;100.0;8.0;97.1428792526255;8.0;97.1428792526255;8.0;94.21777379989413;8.0;30.0;4.0;35.883344380858546;4.0;89.0503148049159;2657.9809509461693;0.006020860069154992;67688.16795898785;0.0;0.0;91.76884156297467;247.55995671407865;0.8194806729912637;8682.52854588833;0.6073328927259126;0.24289954080946036;150.61097793978945;345.5286055311595;0.7860208600691554;67688.16795898785;0.6331862078925293;0.26365590504624115;89.0503148049159;2657.9809509461693;0.03345981292210835;67688.16795898785;0.0;0.0;105.51770505931626;247.55995671407865;0.8194806729912637;67688.16795898785;0.6073328927259126;0.24289954080946036;144.08756862323213;323.99976912360864;0.8194806729912637;67688.16795898785;0.6073328927259126;0.24289954080946036;140.2679122504956;327.67866708497314;0.7800000000000004;67688.16795898785;0.6380738046932841;0.2677733418935635;97.41658884135262;247.36975821760242;0.7800000000000004;67688.16795898785;0.6380738046932841;0.2677733418935635;97.39836907481657;247.3361539660455;0.7800000000000004;8682.52854588833;0.6380738046932841;0.2677733418935635;91.76884156297467;2671.953379714998;0.039480672991263344;8682.52854588833;0.0;0.0;43.07011947158185;180.36672237197035;0.039480672991263344;8682.52854588833;0.0;0.0;43.07195998589867;180.42626587322425;0.039480672991263344;67688.16795898785;0.0;0.0;"Zustand 3: Temperatur 417.238 K liegt außerhalb des Boryta-Prüfbereichs; Kristallisation wurde nicht bewertet.";"Zustand 4: Temperatur 413.418 K liegt außerhalb des Boryta-Prüfbereichs; Kristallisation wurde nicht bewertet.";Zustand 5: Kristallisationsprüfung bestanden (w_LiBr=0.6381 <= w_crit=0.6941, T=370.57 K >= T_crit=309.87 K).;Zustand 6: Kristallisationsprüfung bestanden (w_LiBr=0.6381 <= w_crit=0.6941, T=370.55 K >= T_crit=309.87 K).;"Zustand 20: Temperatur 423.761 K liegt außerhalb des Boryta-Prüfbereichs; Kristallisation wurde nicht bewertet.";5
series_desorber_to_evaporator;Serie Desorber → Verdampfer;series_desorber_to_evaporator;100.0;nan;30.0;100.0;8.0;8.0;4.0;100.0;0.7900000000000004;Abwärmetemperatur [°C];hot_temperature_C;100.0;10.0;10.0;25.0;15.0;11.0;nan;nan;1.3029994263395053e-21;`gtol` termination condition is satisfied.;4;7.78636521649293e-10;5.104898483495054e-11;1;True;;True;0;zulässig;feasible;True;True;True;89.04346536671494;105.53275116793685;140.21413281135278;43.08578617467094;0.1542931648240485;0.26350006810084825;0.24302132654922107;0.2676143602972248;94.92840932460592;98.48743020901942;95.45835025687825;97.92859436407552;63.41988236006822;0.49087289481029567;19.986068984958013;43.532152180206026;0.0023526332430644265;0.026542279570702675;9.492840932393358;9.848743020907627;3.818334010278069;6.528572957602901;5.765443850931069;91.81915180453007;0.009748535137083219;2672.048132666268;247.65545335995614;223.78850838797706;0.008086678301973294;0.8214408546308201;0.6134712315397421;0.24767783386811656;1.4220091770766885e-10;-1.7353585235468927e-10;3.028048922715243e-10;-5.04541963763927e-11;-7.348432973230956e-11;-5.6843418860808015e-11;3.2017055673350114e-11;6.723439582856372e-10;1.4220091770766885e-12;-1.7353585235468926e-12;3.028048922715243e-12;-5.04541963763927e-11;-7.348432973230956e-13;-5.684341886080801e-13;3.2017055673350116e-13;6.723439582856372e-12;140.6775364428592;100.0;97.14538426265318;97.14538426265318;94.21689758908633;35.89039654360164;9.877217801456993;9.118567963789758;55.928755260928426;13.085786174670943;2.6260572315590593;5.3262324581231155;8.10191889593824;51.12927105147253;3.9044351524369745;8.140597991740151;4.0;0.7900000000000004;67670.45551438232;8689.623570150861;7.7875013765650944;2.6260572315590593;deltaT_des_1_K;desorber;True;True;True;True;True;True;True;True;89.04346536671494;2657.9697632257316;0.039527532932792986;67670.45551438232;0.0;0.0;135.0;4.0;140.6775364428592;4.0;100.0;8.0;97.14538426265318;8.0;97.14538426265318;8.0;94.21689758908633;8.0;30.0;4.0;35.89039654360164;4.0;89.04346536671494;2657.9697632257316;0.006098828153887434;67670.45551438232;0.0;0.0;91.81915180453007;247.6554533599572;0.8295275329327934;8689.623570150861;0.6074907856834872;0.24302132654922107;150.5547542443162;345.3501156870608;0.7960988281538878;67670.45551438232;0.632999716814645;0.26350006810084825;89.04346536671494;2657.9697632257316;0.033428704778905555;67670.45551438232;0.0;0.0;105.53275116793685;247.6554533599572;0.8295275329327934;67670.45551438232;0.6074907856834872;0.24302132654922107;144.11856796378976;324.1084700981085;0.8295275329327934;67670.45551438232;0.6074907856834872;0.24302132654922107;140.21413281135278;327.49660959169455;0.7900000000000004;67670.45551438232;0.6378864971233257;0.2676143602972248;97.3921531761967;247.2182774905224;0.7900000000000004;67670.45551438232;0.6378864971233257;0.2676143602972248;97.37394276844094;247.184679668281;0.7900000000000004;8689.623570150861;0.6378864971233257;0.2676143602972248;91.81915180453007;2672.048132666268;0.039527532932792986;8689.623570150861;0.0;0.0;43.08578617467094;180.43221581981325;0.039527532932792986;8689.623570150861;0.0;0.0;43.0876265376138;180.49173466828438;0.039527532932792986;67670.45551438232;0.0;0.0;"Zustand 3: Temperatur 417.269 K liegt außerhalb des Boryta-Prüfbereichs; Kristallisation wurde nicht bewertet.";"Zustand 4: Temperatur 413.364 K liegt außerhalb des Boryta-Prüfbereichs; Kristallisation wurde nicht bewertet.";Zustand 5: Kristallisationsprüfung bestanden (w_LiBr=0.6379 <= w_crit=0.6941, T=370.54 K >= T_crit=309.77 K).;Zustand 6: Kristallisationsprüfung bestanden (w_LiBr=0.6379 <= w_crit=0.6941, T=370.52 K >= T_crit=309.77 K).;"Zustand 20: Temperatur 423.705 K liegt außerhalb des Boryta-Prüfbereichs; Kristallisation wurde nicht bewertet.";5
series_desorber_to_evaporator;Serie Desorber → Verdampfer;series_desorber_to_evaporator;100.0;nan;30.0;100.0;8.0;8.0;4.0;100.0;0.8000000000000004;Abwärmetemperatur [°C];hot_temperature_C;100.0;10.0;10.0;25.0;15.0;11.0;nan;nan;1.2765729100173666e-21;`gtol` termination condition is satisfied.;4;7.482065119803764e-10;5.052866335096084e-11;1;True;;True;0;zulässig;feasible;True;True;True;89.03673251656977;105.54894859653183;140.1595118494642;43.10140492571031;0.15610392616962654;0.26334607908769103;0.2431389480992365;0.26745786361243107;94.83709092936522;98.60498146901743;95.37146450371071;98.04138027723215;64.19570115681154;0.49033501904579607;20.21515205395627;43.524092295527566;0.002354452505714785;0.026873165077268706;9.483709092873246;9.86049814690789;3.8148585801513315;6.5360920184805655;5.8359728324525095;91.86840383800359;0.009721762712898971;2672.1408759420156;247.75100430565897;223.95027621920394;0.008162141887872454;0.8314121337774665;0.6136085643937468;0.24778577362509788;1.43231204674521e-10;-1.6606804820185062e-10;3.15026227326598e-10;-4.9974135940544784e-11;-7.257483503053663e-11;-6.146194664324867e-11;2.3661073100811336e-11;6.327525170490844e-10;1.43231204674521e-12;-1.6606804820185061e-12;3.1502622732659803e-12;-4.9974135940544784e-11;-7.257483503053663e-13;-6.146194664324867e-13;2.3661073100811334e-13;6.327525170490844e-12;140.6720748163496;100.0;97.14798252082204;97.14798252082204;94.21612306277086;35.897427121352735;9.827154450630246;9.148360460775848;55.97097671665085;13.101404925710312;2.6498918213252978;5.279578682818453;8.11125000425227;51.11287791793171;3.988848611311653;8.18063924296166;4.0;0.8000000000000004;67653.0483320608;8696.701850012894;7.779161514196384;2.6498918213252978;deltaT_des_1_K;desorber;True;True;True;True;True;True;True;True;89.03673251656977;2657.9587657241113;0.039574275665338554;67653.0483320608;0.0;0.0;135.0;4.0;140.6720748163496;4.0;100.0;8.0;97.14798252082204;8.0;97.14798252082204;8.0;94.21612306277086;8.0;30.0;4.0;35.897427121352735;4.0;89.03673251656977;2657.9587657241113;0.006177699806678458;67653.0483320608;0.0;0.0;91.86840383800359;247.7510043056586;0.8395742756653389;8696.701850012894;0.6076432075321082;0.2431389480992365;150.49922926697985;345.17382531069626;0.8061776998066789;67653.0483320608;0.6328153284307464;0.26334607908769103;89.03673251656977;2657.9587657241113;0.0333965758586601;67653.0483320608;0.0;0.0;105.54894859653183;247.7510043056586;0.8395742756653389;67653.0483320608;0.6076432075321082;0.2431389480992365;144.14836046077585;324.2132102325115;0.8395742756653389;67653.0483320608;0.6076432075321082;0.2431389480992365;140.1595118494642;327.31421146198903;0.8000000000000004;67653.0483320608;0.637702007283416;0.26745786361243107;97.36830935357017;247.0695850161537;0.8000000000000004;67653.0483320608;0.637702007283416;0.26745786361243107;97.3501081786747;247.0359935598071;0.8000000000000004;8696.701850012894;0.637702007283416;0.26745786361243107;91.86840383800359;2672.1408759420156;0.039574275665338554;8696.701850012894;0.0;0.0;43.10140492571031;180.497508849857;0.039574275665338554;8696.701850012894;0.0;0.0;43.10324514483915;180.55700336911556;0.039574275665338554;67653.0483320608;0.0;0.0;"Zustand 3: Temperatur 417.298 K liegt außerhalb des Boryta-Prüfbereichs; Kristallisation wurde nicht bewertet.";"Zustand 4: Temperatur 413.310 K liegt außerhalb des Boryta-Prüfbereichs; Kristallisation wurde nicht bewertet.";Zustand 5: Kristallisationsprüfung bestanden (w_LiBr=0.6377 <= w_crit=0.6941, T=370.52 K >= T_crit=309.68 K).;Zustand 6: Kristallisationsprüfung bestanden (w_LiBr=0.6377 <= w_crit=0.6940, T=370.50 K >= T_crit=309.68 K).;"Zustand 20: Temperatur 423.649 K liegt außerhalb des Boryta-Prüfbereichs; Kristallisation wurde nicht bewertet.";5
series_desorber_to_evaporator;Serie Desorber → Verdampfer;series_desorber_to_evaporator;100.0;nan;30.0;100.0;8.0;8.0;4.0;100.0;0.8100000000000004;Abwärmetemperatur [°C];hot_temperature_C;100.0;10.0;10.0;25.0;15.0;11.0;nan;nan;1.2473662421695119e-21;`gtol` termination condition is satisfied.;4;7.183000628515128e-10;4.994729706739919e-11;1;True;;True;0;zulässig;feasible;True;True;True;89.03010791543454;105.56625261528256;140.10409164341138;43.11698465294563;0.1579334154823419;0.2631938812783177;0.24325254084855372;0.267303765872625;94.74283258173676;98.72223902452586;95.28156382710102;98.15394753722506;64.96840402865709;0.48979027642599393;20.44374146073335;43.51576641718225;0.0023562758925664887;0.027203966191427755;9.474283258113427;9.872223902458925;3.81126255308697;6.543596502479982;5.9062185480745395;91.91663998139973;0.009696639901228668;2672.2316894550067;247.84658699057036;224.10801326892175;0.00823846818734808;0.8413824593985241;0.6137415722102519;0.24789035763943118;1.47451828524936e-10;-1.6284218418149976e-10;3.037143869732972e-10;-4.943057074768831e-11;-7.322853434743593e-11;-6.339462288451614e-11;2.5337953957205173e-11;6.024833965057041e-10;1.47451828524936e-12;-1.6284218418149977e-12;3.0371438697329722e-12;-4.943057074768831e-11;-7.322853434743593e-13;-6.339462288451614e-13;2.533795395720517e-13;6.024833965057041e-12;140.666437355367;100.0;97.15067093818476;97.15067093818476;94.21544523432038;35.904440133045796;9.777938576644942;9.176980683532975;56.01219984835393;13.116984652945632;2.6731463756534595;5.234030956785034;8.120563022750218;51.09662049890807;4.072889040121595;8.221206931929885;4.0;0.8100000000000004;67635.9246643042;8703.76739306285;7.770879161845703;2.6731463756534595;deltaT_des_1_K;desorber;True;True;True;True;True;True;True;True;89.03010791543454;2657.9479448308643;0.03962092758587177;67635.9246643042;0.0;0.0;135.0;4.0;140.666437355367;4.0;100.0;8.0;97.15067093818476;8.0;97.15067093818476;8.0;94.21544523432038;8.0;30.0;4.0;35.904440133045796;4.0;89.03010791543454;2657.9479448308643;0.006257468418215268;67635.9246643042;0.0;0.0;91.91663998139973;247.84658699057076;0.8496209275858722;8703.76739306285;0.6077903411921152;0.24325254084855372;150.44437593201195;344.99965625626123;0.8162574684182157;67635.9246643042;0.632632978552096;0.2631938812783177;89.03010791543454;2657.9479448308643;0.0333634591676565;67635.9246643042;0.0;0.0;105.56625261528256;247.84658699057076;0.8496209275858722;67635.9246643042;0.6077903411921152;0.24325254084855372;144.17698068353297;324.3141055264659;0.8496209275858722;67635.9246643042;0.6077903411921152;0.24325254084855372;140.10409164341138;327.1315070359934;0.8100000000000004;67635.9246643042;0.6375202388412079;0.267303765872625;97.34504568335268;246.92360082795688;0.8100000000000004;67635.9246643042;0.6375202388412079;0.267303765872625;97.32685362434654;246.89001568451067;0.8100000000000004;8703.76739306285;0.6375202388412079;0.267303765872625;91.91663998139973;2672.2316894550067;0.03962092758587177;8703.76739306285;0.0;0.0;43.11698465294563;180.56263878571517;0.03962092758587177;8703.76739306285;0.0;0.0;43.11882473541232;180.6221092735643;0.03962092758587177;67635.9246643042;0.0;0.0;"Zustand 3: Temperatur 417.327 K liegt außerhalb des Boryta-Prüfbereichs; Kristallisation wurde nicht bewertet.";"Zustand 4: Temperatur 413.254 K liegt außerhalb des Boryta-Prüfbereichs; Kristallisation wurde nicht bewertet.";Zustand 5: Kristallisationsprüfung bestanden (w_LiBr=0.6375 <= w_crit=0.6940, T=370.50 K >= T_crit=309.60 K).;Zustand 6: Kristallisationsprüfung bestanden (w_LiBr=0.6375 <= w_crit=0.6940, T=370.48 K >= T_crit=309.60 K).;"Zustand 20: Temperatur 423.594 K liegt außerhalb des Boryta-Prüfbereichs; Kristallisation wurde nicht bewertet.";5
series_desorber_to_evaporator;Serie Desorber → Verdampfer;series_desorber_to_evaporator;100.0;nan;30.0;100.0;8.0;8.0;4.0;100.0;0.8200000000000004;Abwärmetemperatur [°C];hot_temperature_C;100.0;10.0;10.0;25.0;15.0;11.0;nan;nan;1.2174892393016229e-21;`gtol` termination condition is satisfied.;4;6.922846608952034e-10;4.934550109790401e-11;1;True;;True;0;zulässig;feasible;True;True;True;89.02358373147331;105.58462037325319;140.04791222107764;43.13253370644611;0.15978131379977728;0.26304341996880737;0.24336223431403622;0.2671519846130287;94.64572858567328;98.83926572058532;95.1887460914538;98.26635543445249;65.73799012467403;0.48923873208377977;20.67182766093253;43.507183111925826;0.002358103959044724;0.027534676542180343;9.464572858509925;9.883926572065722;3.8075498436608326;6.551090362295254;5.976180920438957;91.96390047500228;0.009673101219933486;2672.3206492036647;247.9421801163802;224.26185965270594;0.008315650872259273;0.8513518624918212;0.6138703918376891;0.24799168941838762;1.489723899794626e-10;-1.5450041246367618e-10;3.0178171073202975e-10;-4.8859916113030977e-11;-6.701839083689265e-11;-7.189271400420694e-11;2.368949481024174e-11;5.740332653658697e-10;1.489723899794626e-12;-1.5450041246367618e-12;3.0178171073202977e-12;-4.8859916113030977e-11;-6.701839083689264e-13;-7.189271400420694e-13;2.3689494810241743e-13;5.740332653658697e-12;140.66062970010006;100.0;97.15344658817423;97.15344658817423;94.21485940412958;35.9114393373556;9.729538675441177;9.204461839672035;56.052461137646674;13.132533706446111;2.6958323753566447;5.189546113171957;8.129862856700925;51.080485745129124;4.156549618594397;8.26226969693613;4.0;0.8200000000000004;67619.0640953719;8710.823955802178;7.762648451910411;2.6958323753566447;deltaT_des_1_K;desorber;True;True;True;True;True;True;True;True;89.02358373147331;2657.9372877628534;0.03966751336408003;67619.0640953719;0.0;0.0;135.0;4.0;140.66062970010006;4.0;100.0;8.0;97.15344658817423;8.0;97.15344658817423;8.0;94.21485940412958;8.0;30.0;4.0;35.9114393373556;4.0;89.02358373147331;2657.9372877628534;0.0063381274004829305;67619.0640953719;0.0;0.0;91.96390047500228;247.94218011638046;0.8596675133640804;8710.823955802178;0.607932361401523;0.24336223431403622;150.39016837554124;344.82753363234434;0.8263381274004833;67619.0640953719;0.6324526052217047;0.26304341996880737;89.02358373147331;2657.9372877628534;0.0333293859635971;67619.0640953719;0.0;0.0;105.58462037325319;247.94218011638046;0.8596675133640804;67619.0640953719;0.607932361401523;0.24336223431403622;144.20446183967204;324.41126741203254;0.8596675133640804;67619.0640953719;0.607932361401523;0.24336223431403622;140.04791222107764;326.948528372982;0.8200000000000004;67619.0640953719;0.6373410992921956;0.2671519846130287;97.32235067631706;246.78024773331737;0.8200000000000004;67619.0640953719;0.6373410992921956;0.2671519846130287;97.30416762464336;246.74666885948545;0.8200000000000004;8710.823955802178;0.6373410992921956;0.2671519846130287;91.96390047500228;2672.3206492036647;0.03966751336408003;8710.823955802178;0.0;0.0;43.13253370644611;180.62764053408534;0.03966751336408003;8710.823955802178;0.0;0.0;43.13437365900046;180.6870872641438;0.03966751336408003;67619.0640953719;0.0;0.0;"Zustand 3: Temperatur 417.354 K liegt außerhalb des Boryta-Prüfbereichs; Kristallisation wurde nicht bewertet.";"Zustand 4: Temperatur 413.198 K liegt außerhalb des Boryta-Prüfbereichs; Kristallisation wurde nicht bewertet.";Zustand 5: Kristallisationsprüfung bestanden (w_LiBr=0.6373 <= w_crit=0.6940, T=370.47 K >= T_crit=309.51 K).;Zustand 6: Kristallisationsprüfung bestanden (w_LiBr=0.6373 <= w_crit=0.6940, T=370.45 K >= T_crit=309.51 K).;"Zustand 20: Temperatur 423.540 K liegt außerhalb des Boryta-Prüfbereichs; Kristallisation wurde nicht bewertet.";5
series_desorber_to_evaporator;Serie Desorber → Verdampfer;series_desorber_to_evaporator;100.0;nan;30.0;100.0;8.0;8.0;4.0;100.0;0.8300000000000004;Abwärmetemperatur [°C];hot_temperature_C;100.0;10.0;10.0;25.0;15.0;11.0;nan;nan;1.1843636542633325e-21;`gtol` termination condition is satisfied.;4;6.572171676792099e-10;4.866957271773264e-11;1;True;;True;0;zulässig;feasible;True;True;True;89.01715260590248;105.6040108047946;139.9910115000216;43.148059897448434;0.16164730645240194;0.26289464240056487;0.24346815244846717;0.26700244070334406;94.54586834015646;98.95612034684251;95.09310408295792;98.37865937705186;66.5044589922362;0.48868044953598044;20.899401429378727;43.498350501294;0.0023599372165826462;0.02786528992333909;9.45458683396245;9.895612034691775;3.803724163320982;6.558577291801978;6.04585990839929;92.01022360216433;0.009651084248451305;2672.4078274992016;248.03776356640952;224.4119491041574;0.008393683627103465;0.861320372433529;0.6139951541200387;0.24808986804018185;1.5072032510943245e-10;-1.559925522087724e-10;2.9831426218152046e-10;-4.822620081057494e-11;-6.662048690486699e-11;-7.523226486227941e-11;2.219735506514553e-11;5.319549245541566e-10;1.5072032510943245e-12;-1.5599255220877239e-12;2.9831426218152044e-12;-4.822620081057494e-11;-6.6620486904867e-13;-7.52322648622794e-13;2.2197355065145529e-13;5.319549245541566e-12;140.6546571973778;100.0;97.15630669608379;97.15630669608379;94.21436114054995;35.91842825040925;9.681924683903162;9.230835839614144;56.09179535175508;13.148059897448434;2.7179610953588167;5.146083093919458;8.139154090181307;51.0644614141022;4.239824339592531;8.303797755170706;4.0;0.8300000000000004;67602.44745118626;8717.875060557759;7.754463901076043;2.7179610953588167;deltaT_des_1_K;desorber;True;True;True;True;True;True;True;True;89.01715260590248;2657.926782508581;0.03971405606063205;67602.44745118626;0.0;0.0;135.0;4.0;140.6546571973778;4.0;100.0;8.0;97.15630669608379;8.0;97.15630669608379;8.0;94.21436114054995;8.0;30.0;4.0;35.91842825040925;4.0;89.01715260590248;2657.926782508581;0.00641967019050086;67602.44745118626;0.0;0.0;92.01022360216433;248.03776356640964;0.8697140560606325;8717.875060557759;0.6080694351594853;0.24346815244846717;150.33658188128095;344.65738564301097;0.8364196701905012;67602.44745118626;0.6322741486302336;0.26289464240056487;89.01715260590248;2657.926782508581;0.03329438587013119;67602.44745118626;0.0;0.0;105.6040108047946;248.03776356640964;0.8697140560606325;67602.44745118626;0.6080694351594853;0.24346815244846717;144.23083583961414;324.5048029672306;0.8697140560606325;67602.44745118626;0.6080694351594853;0.24346815244846717;139.9910115000216;326.7653054148695;0.8300000000000004;67602.44745118626;0.6371644997819922;0.26700244070334406;97.30021304962389;246.63945120753763;0.8300000000000004;67602.44745118626;0.6371644997819922;0.26700244070334406;97.28203890464118;246.60587856907577;0.8300000000000004;8717.875060557759;0.6371644997819922;0.26700244070334406;92.01022360216433;2672.4078274992016;0.03971405606063205;8717.875060557759;0.0;0.0;43.148059897448434;180.6925467491143;0.03971405606063205;8717.875060557759;0.0;0.0;43.14989972644776;180.75196997229202;0.03971405606063205;67602.44745118626;0.0;0.0;"Zustand 3: Temperatur 417.381 K liegt außerhalb des Boryta-Prüfbereichs; Kristallisation wurde nicht bewertet.";"Zustand 4: Temperatur 413.141 K liegt außerhalb des Boryta-Prüfbereichs; Kristallisation wurde nicht bewertet.";Zustand 5: Kristallisationsprüfung bestanden (w_LiBr=0.6372 <= w_crit=0.6940, T=370.45 K >= T_crit=309.43 K).;Zustand 6: Kristallisationsprüfung bestanden (w_LiBr=0.6372 <= w_crit=0.6940, T=370.43 K >= T_crit=309.43 K).;"Zustand 20: Temperatur 423.487 K liegt außerhalb des Boryta-Prüfbereichs; Kristallisation wurde nicht bewertet.";5
series_desorber_to_evaporator;Serie Desorber → Verdampfer;series_desorber_to_evaporator;100.0;nan;30.0;100.0;8.0;8.0;4.0;100.0;0.8400000000000004;Abwärmetemperatur [°C];hot_temperature_C;100.0;10.0;10.0;25.0;15.0;11.0;nan;nan;1.151208674173554e-21;`gtol` termination condition is satisfied.;4;6.272346377827482e-10;4.79835112131981e-11;1;True;;True;0;zulässig;feasible;True;True;True;89.01080762140401;105.62438454111702;139.93342541816378;43.16357053471279;0.16353108293387397;0.2627474976845212;0.24357041393020612;0.2668550581896627;94.44333665568064;99.07285791114931;94.9947258357902;98.49091115477015;67.2678105505806;0.4881154907652824;21.126453849138716;43.4892762902856;0.002361776135778707;0.028195800286963935;9.444333665517092;9.90728579112248;3.799789033434344;6.566060743649846;6.115255504611506;92.0556458020331;0.009630529456236644;2672.4932931775993;248.13331833071106;224.55840932481763;0.008472560153510944;0.8712880170828933;0.6141159842177378;0.24818498838475522;1.531219595563016e-10;-1.4595968877983978e-10;2.751789907051716e-10;-4.757416682821258e-11;-6.838263288955204e-11;-7.547384939243784e-11;2.2453150450019166e-11;5.097149369248655e-10;1.531219595563016e-12;-1.4595968877983977e-12;2.751789907051716e-12;-4.757416682821258e-11;-6.838263288955204e-13;-7.547384939243784e-13;2.2453150450019167e-13;5.097149369248655e-12;140.64852491959812;100.0;97.15924862931251;97.15924862931251;94.21394626224401;35.92541016215006;9.635067900694992;9.256133357742897;56.13023563988304;13.16357053471279;2.739543600524371;5.103602827279417;8.148441007908502;51.048536016106254;4.322707939579118;8.345762810156941;4.0;0.8400000000000004;67586.05671587618;8724.924011127585;7.746320383957309;2.739543600524371;deltaT_des_1_K;desorber;True;True;True;True;True;True;True;True;89.01080762140401;2657.9164177766875;0.039760577236403805;67586.05671587618;0.0;0.0;135.0;4.0;140.64852491959812;4.0;100.0;8.0;97.15924862931251;8.0;97.15924862931251;8.0;94.21394626224401;8.0;30.0;4.0;35.92541016215006;4.0;89.01080762140401;2657.9164177766875;0.0065020902535450524;67586.05671587618;0.0;0.0;92.0556458020331;248.1333183307119;0.8797605772364042;8724.924011127585;0.6082017221421832;0.24357041393020612;150.2835928202931;344.48914343814727;0.8465020902535455;67586.05671587618;0.6320975510353328;0.2627474976845212;89.01080762140401;2657.9164177766875;0.03325848698285875;67586.05671587618;0.0;0.0;105.62438454111702;248.1333183307119;0.8797605772364042;67586.05671587618;0.6082017221421832;0.24357041393020612;144.2561333577429;324.59481511872355;0.8797605772364042;67586.05671587618;0.6082017221421832;0.24357041393020612;139.93342541816378;326.5818661375678;0.8400000000000004;67586.05671587618;0.6369903549380737;0.2668550581896627;97.27862173096008;246.5011392918208;0.8400000000000004;67586.05671587618;0.6369903549380737;0.2668550581896627;97.26045639947563;246.46757286290776;0.8400000000000004;8724.924011127585;0.6369903549380737;0.2668550581896627;92.0556458020331;2672.4932931775993;0.039760577236403805;8724.924011127585;0.0;0.0;43.16357053471279;180.7573879845367;0.039760577236403805;8724.924011127585;0.0;0.0;43.16541024613775;180.81678793041115;0.039760577236403805;67586.05671587618;0.0;0.0;"Zustand 3: Temperatur 417.406 K liegt außerhalb des Boryta-Prüfbereichs; Kristallisation wurde nicht bewertet.";"Zustand 4: Temperatur 413.083 K liegt außerhalb des Boryta-Prüfbereichs; Kristallisation wurde nicht bewertet.";Zustand 5: Kristallisationsprüfung bestanden (w_LiBr=0.6370 <= w_crit=0.6940, T=370.43 K >= T_crit=309.35 K).;Zustand 6: Kristallisationsprüfung bestanden (w_LiBr=0.6370 <= w_crit=0.6940, T=370.41 K >= T_crit=309.35 K).;"Zustand 20: Temperatur 423.434 K liegt außerhalb des Boryta-Prüfbereichs; Kristallisation wurde nicht bewertet.";5
series_desorber_to_evaporator;Serie Desorber → Verdampfer;series_desorber_to_evaporator;100.0;nan;30.0;100.0;8.0;8.0;4.0;100.0;0.8500000000000004;Abwärmetemperatur [°C];hot_temperature_C;100.0;10.0;10.0;25.0;15.0;11.0;nan;nan;1.1164657921087953e-21;`gtol` termination condition is satisfied.;4;6.07367368037031e-10;4.7253905491690215e-11;1;True;;True;0;zulässig;feasible;True;True;True;89.00454227291476;105.64570382675925;139.87518805551645;43.17907245811597;0.1654323367743333;0.2626019367282716;0.24366913243573113;0.2667097641451162;94.33821404764501;99.18952989240219;94.89369493462814;98.60315918268645;68.02804506674497;0.48754391629772437;21.352976301194264;43.47996779395692;0.00236362114929823;0.028526201737110197;9.433821404715934;9.918952989248027;3.7957477973878753;6.5735439455110996;6.184367733353599;92.1002017748188;0.009611380042234191;2672.577111797614;248.22882643659432;224.70136231212035;0.008552274174057128;0.8812548228793157;0.6142330019090216;0.24827714135090925;1.5378986972791608e-10;-1.446238684366108e-10;2.739284354902338e-10;-4.686429022626726e-11;-6.873790425743209e-11;-7.807443580531981e-11;1.9966250874858815e-11;4.856701707467437e-10;1.5378986972791608e-12;-1.4462386843661079e-12;2.739284354902338e-12;-4.686429022626726e-11;-6.873790425743209e-13;-7.807443580531981e-13;1.9966250874858816e-13;4.856701707467437e-12;140.64223768227544;100.0;97.16226988831852;97.16226988831852;94.21361082185064;35.93238815145946;9.588940912177122;9.280383890410292;56.167813623359336;13.179072458115968;2.760590742680961;5.06206811349972;8.157727615403758;51.0326987642498;4.405195834893846;8.388137965275064;4.0;0.8500000000000004;67569.87495465233;8731.973907252363;7.738213108783113;2.760590742680961;deltaT_des_1_K;desorber;True;True;True;True;True;True;True;True;89.00454227291476;2657.906182948333;0.039807097053372376;67569.87495465233;0.0;0.0;135.0;4.0;140.64223768227544;4.0;100.0;8.0;97.16226988831852;8.0;97.16226988831852;8.0;94.21361082185064;8.0;30.0;4.0;35.93238815145946;4.0;89.00454227291476;2657.906182948333;0.00658538108574207;67569.87495465233;0.0;0.0;92.1002017748188;248.22882643659457;0.8898070970533728;8731.973907252363;0.6083293750931916;0.24366913243573113;150.23117859445256;344.32274097214224;0.8565853810857424;67569.87495465233;0.6319227566838977;0.2626019367282716;89.00454227291476;2657.906182948333;0.03322171596763031;67569.87495465233;0.0;0.0;105.64570382675925;248.22882643659457;0.8898070970533728;67569.87495465233;0.6083293750931916;0.24366913243573113;144.2803838904103;324.68140283435787;0.8898070970533728;67569.87495465233;0.6083293750931916;0.24366913243573113;139.87518805551645;326.3982366911986;0.8500000000000004;67569.87495465233;0.636818582710547;0.2667097641451162;97.25756586148418;246.365242495209;0.8500000000000004;67569.87495465233;0.636818582710547;0.2667097641451162;97.23940925731904;246.33168225787122;0.8500000000000004;8731.973907252363;0.636818582710547;0.2667097641451162;92.1002017748188;2672.577111797614;0.039807097053372376;8731.973907252363;0.0;0.0;43.17907245811597;180.8221928340103;0.039807097053372376;8731.973907252363;0.0;0.0;43.180912057600835;180.88156971211146;0.039807097053372376;67569.87495465233;0.0;0.0;"Zustand 3: Temperatur 417.430 K liegt außerhalb des Boryta-Prüfbereichs; Kristallisation wurde nicht bewertet.";"Zustand 4: Temperatur 413.025 K liegt außerhalb des Boryta-Prüfbereichs; Kristallisation wurde nicht bewertet.";Zustand 5: Kristallisationsprüfung bestanden (w_LiBr=0.6368 <= w_crit=0.6940, T=370.41 K >= T_crit=309.27 K).;Zustand 6: Kristallisationsprüfung bestanden (w_LiBr=0.6368 <= w_crit=0.6939, T=370.39 K >= T_crit=309.27 K).;"Zustand 20: Temperatur 423.381 K liegt außerhalb des Boryta-Prüfbereichs; Kristallisation wurde nicht bewertet.";5
series_desorber_to_evaporator;Serie Desorber → Verdampfer;series_desorber_to_evaporator;100.0;nan;30.0;100.0;8.0;8.0;4.0;100.0;0.8600000000000004;Abwärmetemperatur [°C];hot_temperature_C;100.0;10.0;10.0;25.0;15.0;11.0;nan;nan;1.0825780063826135e-21;`gtol` termination condition is satisfied.;4;5.860014786445527e-10;4.6531236957179926e-11;1;True;;True;0;zulässig;feasible;True;True;True;88.99835044057016;105.66793244064854;139.8163317475446;43.19457206974562;0.16735076541954222;0.2624579121664539;0.24376441689598966;0.26656648852856113;94.23057700878013;99.3061844745773;94.7900907956344;98.71544872670012;68.78516313357147;0.48696578527615736;21.578960454635503;43.47043196211706;0.002365472654544872;0.02885648852384539;9.423057700831961;9.930618447465584;3.791603631827951;6.581029915111545;6.253196648519081;92.14392458014169;0.009593581784597247;2672.659345825773;248.32427088399186;224.84092466675915;0.008632819435476224;0.8912208149324976;0.6143463218727746;0.24836641406048499;1.5548096143902512e-10;-1.3841372492606752e-10;2.7353053155820817e-10;-4.616307336391401e-11;-6.437517185986508e-11;-7.854339401092147e-11;2.6943780540023e-11;4.6051695790083613e-10;1.5548096143902512e-12;-1.3841372492606752e-12;2.7353053155820815e-12;-4.616307336391401e-11;-6.437517185986507e-13;-7.854339401092148e-13;2.6943780540023e-13;4.605169579008361e-12;140.63580006033374;100.0;97.16536809821667;97.16536809821667;94.2133510908393;35.939365100154134;9.54351752311021;9.303615810871975;56.20455947998755;13.194572069745618;2.7811131586939837;5.021443518074989;8.167017657646511;51.016939528262185;4.487284063327365;8.430897642923526;4.0;0.8600000000000004;67553.8862424193;8739.027658024477;7.730137594928996;2.7811131586939837;deltaT_des_1_K;desorber;True;True;True;True;True;True;True;True;88.99835044057016;2657.8960680330842;0.0398536343679734;67553.8862424193;0.0;0.0;135.0;4.0;140.63580006033374;4.0;100.0;8.0;97.16536809821667;8.0;97.16536809821667;8.0;94.2133510908393;8.0;30.0;4.0;35.939365100154134;4.0;88.99835044057016;2657.8960680330842;0.006669536216230922;67553.8862424193;0.0;0.0;92.14392458014169;248.32427088399177;0.8998536343679738;8739.027658024477;0.6084525401898216;0.24376441689598966;150.17931758344395;344.1581148707381;0.8666695362162313;67553.8862424193;0.6317497117376416;0.2624579121664539;88.99835044057016;2657.8960680330842;0.033184098151742475;67553.8862424193;0.0;0.0;105.66793244064854;248.32427088399177;0.8998536343679738;67553.8862424193;0.6084525401898216;0.24376441689598966;144.30361581087197;324.76466130580053;0.8998536343679738;67553.8862424193;0.6084525401898216;0.24376441689598966;139.8163317475446;326.21444152979535;0.8600000000000004;67553.8862424193;0.6366491042212051;0.26656648852856113;97.23703479772502;246.23169370024192;0.8600000000000004;67553.8862424193;0.6366491042212051;0.26656648852856113;97.21888684130602;246.19813964381885;0.8600000000000004;8739.027658024477;0.6366491042212051;0.26656648852856113;92.14392458014169;2672.659345825773;0.0398536343679734;8739.027658024477;0.0;0.0;43.19457206974562;180.88698806107473;0.0398536343679734;8739.027658024477;0.0;0.0;43.19641156257711;180.94634206208514;0.0398536343679734;67553.8862424193;0.0;0.0;"Zustand 3: Temperatur 417.454 K liegt außerhalb des Boryta-Prüfbereichs; Kristallisation wurde nicht bewertet.";"Zustand 4: Temperatur 412.966 K liegt außerhalb des Boryta-Prüfbereichs; Kristallisation wurde nicht bewertet.";Zustand 5: Kristallisationsprüfung bestanden (w_LiBr=0.6366 <= w_crit=0.6939, T=370.39 K >= T_crit=309.19 K).;Zustand 6: Kristallisationsprüfung bestanden (w_LiBr=0.6366 <= w_crit=0.6939, T=370.37 K >= T_crit=309.19 K).;"Zustand 20: Temperatur 423.329 K liegt außerhalb des Boryta-Prüfbereichs; Kristallisation wurde nicht bewertet.";5
series_desorber_to_evaporator;Serie Desorber → Verdampfer;series_desorber_to_evaporator;100.0;nan;30.0;100.0;8.0;8.0;4.0;100.0;0.8700000000000004;Abwärmetemperatur [°C];hot_temperature_C;100.0;10.0;10.0;25.0;15.0;11.0;nan;nan;1.0484784870513268e-21;`gtol` termination condition is satisfied.;4;5.720515354971211e-10;4.579254277830238e-11;1;True;;True;0;zulässig;feasible;True;True;True;88.99222636465123;105.69103562153771;139.75688719083894;43.210075362670636;0.16928607011421634;0.26231537829371976;0.2438563717378121;0.26642516405096867;94.12049826195084;99.42286676324667;94.68398892726924;98.82782211203177;69.53916564961526;0.48638115552975514;21.80439825739901;43.460675402247944;0.00236733101611905;0.029186655037556294;9.412049826151046;9.942286676333184;3.787359557093261;6.5885214741341365;6.3217423317957495;92.18684572898991;0.009577082899942947;2672.740054809377;248.4196355855249;224.97720788109237;0.008714189711365838;0.9011860171060724;0.6144560539544233;0.2484528900506535;1.5718626400484936e-10;-1.3798739928461146e-10;2.7563373805605806e-10;-4.5436099327389456e-11;-6.228617621673038e-11;-8.516565230820561e-11;1.972466634470038e-11;4.403801767693949e-10;1.5718626400484936e-12;-1.3798739928461145e-12;2.7563373805605808e-12;-4.5436099327389456e-11;-6.228617621673038e-13;-8.516565230820561e-13;1.9724666344700382e-13;4.403801767693949e-12;140.62921640322674;100.0;97.16854100097879;97.16854100097879;94.21316354547542;35.94634370593582;9.498772691683882;9.325856421413619;56.24050202305409;13.210075362670636;2.8011212694498795;4.981695271988883;8.176314636327561;51.001248791603985;4.56896923057468;8.47401750896637;4.0;0.8700000000000004;67538.07559771523;8746.087994306257;7.7220896521602365;2.8011212694498795;deltaT_des_1_K;desorber;True;True;True;True;True;True;True;True;88.99222636465123;2657.886063628064;0.03990020681743778;67538.07559771523;0.0;0.0;135.0;4.0;140.62921640322674;4.0;100.0;8.0;97.16854100097879;8.0;97.16854100097879;8.0;94.21316354547542;8.0;30.0;4.0;35.94634370593582;4.0;88.99222636465123;2657.886063628064;0.006754549208868504;67538.07559771523;0.0;0.0;92.18684572898991;248.41963558552519;0.9099002068174382;8746.087994306257;0.6085713573873299;0.2438563717378121;150.12798909491062;343.9952043050292;0.876754549208869;67538.07559771523;0.6315783642012441;0.26231537829371976;88.99222636465123;2657.886063628064;0.03314565760856927;67538.07559771523;0.0;0.0;105.69103562153771;248.41963558552519;0.9099002068174382;67538.07559771523;0.6085713573873299;0.2438563717378121;144.32585642141362;324.8446821220489;0.9099002068174382;67538.07559771523;0.6085713573873299;0.2438563717378121;139.75688719083894;326.03050353149723;0.8700000000000004;67538.07559771523;0.6364818436205751;0.26642516405096867;97.21701811257134;246.10042807235007;0.8700000000000004;67538.07559771523;0.6364818436205751;0.26642516405096867;97.19887873055012;246.06688019299656;0.8700000000000004;8746.087994306257;0.6364818436205751;0.26642516405096867;92.18684572898991;2672.740054809377;0.03990020681743778;8746.087994306257;0.0;0.0;43.210075362670636;180.951798719551;0.03990020681743778;8746.087994306257;0.0;0.0;43.21191475387144;181.0111300164275;0.03990020681743778;67538.07559771523;0.0;0.0;"Zustand 3: Temperatur 417.476 K liegt außerhalb des Boryta-Prüfbereichs; Kristallisation wurde nicht bewertet.";"Zustand 4: Temperatur 412.907 K liegt außerhalb des Boryta-Prüfbereichs; Kristallisation wurde nicht bewertet.";Zustand 5: Kristallisationsprüfung bestanden (w_LiBr=0.6365 <= w_crit=0.6939, T=370.37 K >= T_crit=309.11 K).;Zustand 6: Kristallisationsprüfung bestanden (w_LiBr=0.6365 <= w_crit=0.6939, T=370.35 K >= T_crit=309.11 K).;"Zustand 20: Temperatur 423.278 K liegt außerhalb des Boryta-Prüfbereichs; Kristallisation wurde nicht bewertet.";5
series_desorber_to_evaporator;Serie Desorber → Verdampfer;series_desorber_to_evaporator;100.0;nan;30.0;100.0;8.0;8.0;4.0;100.0;0.8800000000000004;Abwärmetemperatur [°C];hot_temperature_C;100.0;10.0;10.0;25.0;15.0;11.0;nan;nan;1.0139296848659966e-21;`gtol` termination condition is satisfied.;4;5.601453147236457e-10;4.503175956735416e-11;1;True;;True;0;zulässig;feasible;True;True;True;88.98616462235532;105.71497999753024;139.69688354159814;43.22558794760516;0.17123795579204795;0.2621742910006876;0.2439450971111776;0.26628572604890194;94.0080469951481;99.53961898628144;94.57546117280859;98.9403189164066;70.2900538007316;0.4857900836397334;22.02928192745987;43.450704400810594;0.002369196568086059;0.02951669580351371;9.400804699471971;9.95396189863719;3.783018446915062;6.596021261092313;6.390004890987382;92.22899526973276;0.009561833911466248;2672.8192955383465;248.51490531072974;225.11031860973338;0.008796378804443505;0.9111504520953452;0.6145623034157702;0.24853664945490056;1.5727152913314058e-10;-1.2960299500264227e-10;2.709725777094718e-10;-4.46842562951133e-11;-6.797051810281118e-11;-9.045209026226075e-11;2.191313797084149e-11;4.284004262444796e-10;1.5727152913314058e-12;-1.2960299500264228e-12;2.709725777094718e-12;-4.46842562951133e-11;-6.797051810281118e-13;-9.045209026226075e-13;2.191313797084149e-13;4.284004262444796e-12;140.62249084899213;100.0;97.17178644818154;97.17178644818154;94.21304485379136;35.953326494394844;9.454682468672445;9.347132002742285;56.27566877533792;13.225587947605163;2.8206252796391595;4.942791178448772;8.185621825826217;50.98561761193508;4.650248461144145;8.517474402065886;4.0;0.8800000000000004;67522.4289214985;8753.1574802497;7.714065361425704;2.8206252796391595;deltaT_des_1_K;desorber;True;True;True;True;True;True;True;True;88.98616462235532;2657.8761608800746;0.03994683089978823;67522.4289214985;0.0;0.0;135.0;4.0;140.62249084899213;4.0;100.0;8.0;97.17178644818154;8.0;97.17178644818154;8.0;94.21304485379136;8.0;30.0;4.0;35.953326494394844;4.0;88.98616462235532;2657.8761608800746;0.006840413663650353;67522.4289214985;0.0;0.0;92.22899526973276;248.51490531072935;0.9199468308997887;8753.1574802497;0.6086859607422606;0.2439450971111776;150.07717331766457;343.83395087263517;0.8868404136636509;67522.4289214985;0.6314086638535777;0.2621742910006876;88.98616462235532;2657.8761608800746;0.03310641723613788;67522.4289214985;0.0;0.0;105.71497999753024;248.51490531072935;0.9199468308997887;67522.4289214985;0.6086859607422606;0.2439450971111776;144.34713200274228;324.9215534340581;0.9199468308997887;67522.4289214985;0.6086859607422606;0.2439450971111776;139.69688354159814;325.84644410976296;0.8800000000000004;67522.4289214985;0.636316727952313;0.26628572604890194;97.19750559546435;245.9713829727467;0.8800000000000004;67522.4289214985;0.636316727952313;0.26628572604890194;97.17937472036084;245.93784127297;0.8800000000000004;8753.1574802497;0.636316727952313;0.26628572604890194;92.22899526973276;2672.8192955383465;0.03994683089978823;8753.1574802497;0.0;0.0;43.22558794760516;181.01664826478978;0.03994683089978823;8753.1574802497;0.0;0.0;43.227427241856276;181.07595701381243;0.03994683089978823;67522.4289214985;0.0;0.0;"Zustand 3: Temperatur 417.497 K liegt außerhalb des Boryta-Prüfbereichs; Kristallisation wurde nicht bewertet.";"Zustand 4: Temperatur 412.847 K liegt außerhalb des Boryta-Prüfbereichs; Kristallisation wurde nicht bewertet.";Zustand 5: Kristallisationsprüfung bestanden (w_LiBr=0.6363 <= w_crit=0.6939, T=370.35 K >= T_crit=309.04 K).;Zustand 6: Kristallisationsprüfung bestanden (w_LiBr=0.6363 <= w_crit=0.6939, T=370.33 K >= T_crit=309.04 K).;"Zustand 20: Temperatur 423.227 K liegt außerhalb des Boryta-Prüfbereichs; Kristallisation wurde nicht bewertet.";5
series_desorber_to_evaporator;Serie Desorber → Verdampfer;series_desorber_to_evaporator;100.0;nan;30.0;100.0;8.0;8.0;4.0;100.0;0.8900000000000005;Abwärmetemperatur [°C];hot_temperature_C;100.0;10.0;10.0;25.0;15.0;11.0;nan;nan;9.79381398455163e-22;`gtol` termination condition is satisfied.;4;5.341179502310442e-10;4.4257912252051905e-11;1;True;;True;0;zulässig;feasible;True;True;True;88.98016010624605;105.73973351948649;139.6363485074699;43.241115077621316;0.17320613097047044;0.26203460771244075;0.24403068910335826;0.26614811236474917;93.89328907986885;99.65648067983146;94.46457593578975;99.05297614897648;71.03782904317723;0.4851926250014825;22.253603944485256;43.44052494304805;0.0023710696160668737;0.029846605476686376;9.389328907946679;9.965648067992268;3.7785830374341565;6.603531743263714;6.457984458482215;92.27040186863547;0.00954778752529249;2672.897122196736;248.61006563424124;225.2403589236648;0.008879380548412197;0.921114141499533;0.6146651711700035;0.24861776917356312;1.5867840374994557e-10;-1.2713030628219713e-10;2.5977442419389263e-10;-4.393663211033072e-11;-6.416200903913705e-11;-9.121947641688166e-11;2.077626959362533e-11;4.020677124572103e-10;1.5867840374994557e-12;-1.2713030628219712e-12;2.5977442419389264e-12;-4.393663211033072e-11;-6.416200903913704e-13;-9.121947641688166e-13;2.0776269593625328e-13;4.020677124572103e-12;140.61562733731273;100.0;97.17510239426468;97.17510239426468;94.21299186349387;35.96031583013348;9.411223940338516;9.367467860834552;56.31008603850199;13.241115077621316;2.83963517822923;4.9047005256292096;8.194942288018638;50.97003758413905;4.731119353364647;8.561246267582987;4.0;0.8900000000000005;67506.93294039271;8760.238523982145;7.70606105708022;2.83963517822923;deltaT_des_1_K;desorber;True;True;True;True;True;True;True;True;88.98016010624605;2657.866351450457;0.03999352204794471;67506.93294039271;0.0;0.0;135.0;4.0;140.61562733731273;4.0;100.0;8.0;97.17510239426468;8.0;97.17510239426468;8.0;94.21299186349387;8.0;30.0;4.0;35.96031583013348;4.0;88.98016010624605;2657.866351450457;0.006927123217806708;67506.93294039271;0.0;0.0;92.27040186863547;248.61006563423982;0.9299935220479452;8760.238523982145;0.6087964787164748;0.24403068910335826;150.02685127765125;343.67429848525666;0.8969271232178072;67506.93294039271;0.6312405621815154;0.26203460771244075;88.98016010624605;2657.866351450457;0.033066398830138;67506.93294039271;0.0;0.0;105.73973351948649;248.61006563423982;0.9299935220479452;67506.93294039271;0.6087964787164748;0.24403068910335826;144.36746786083455;324.9953601110705;0.9299935220479452;67506.93294039271;0.6087964787164748;0.24403068910335826;139.6363485074699;325.66228331638115;0.8900000000000005;67506.93294039271;0.6361536870246304;0.26614811236474917;97.1784872519035;245.84449787478732;0.8900000000000005;67506.93294039271;0.6361536870246304;0.26614811236474917;97.16036482177077;245.81096236301576;0.8900000000000005;8760.238523982145;0.6361536870246304;0.26614811236474917;92.27040186863547;2672.897122196736;0.03999352204794471;8760.238523982145;0.0;0.0;43.241115077621316;181.0815586571685;0.03999352204794471;8760.238523982145;0.0;0.0;43.24295427935482;181.14084499892215;0.03999352204794471;67506.93294039271;0.0;0.0;"Zustand 3: Temperatur 417.517 K liegt außerhalb des Boryta-Prüfbereichs; Kristallisation wurde nicht bewertet.";"Zustand 4: Temperatur 412.786 K liegt außerhalb des Boryta-Prüfbereichs; Kristallisation wurde nicht bewertet.";Zustand 5: Kristallisationsprüfung bestanden (w_LiBr=0.6362 <= w_crit=0.6939, T=370.33 K >= T_crit=308.96 K).;Zustand 6: Kristallisationsprüfung bestanden (w_LiBr=0.6362 <= w_crit=0.6939, T=370.31 K >= T_crit=308.96 K).;"Zustand 20: Temperatur 423.177 K liegt außerhalb des Boryta-Prüfbereichs; Kristallisation wurde nicht bewertet.";5
series_desorber_to_evaporator;Serie Desorber → Verdampfer;series_desorber_to_evaporator;100.0;nan;30.0;100.0;8.0;8.0;4.0;100.0;0.9000000000000005;Abwärmetemperatur [°C];hot_temperature_C;100.0;10.0;10.0;25.0;15.0;11.0;nan;nan;9.469211235555738e-22;`gtol` termination condition is satisfied.;4;5.196380563711304e-10;4.351829784252996e-11;1;True;;True;0;zulässig;feasible;True;True;True;88.97420800425544;105.76526539806798;139.57530843323605;43.25666167107619;0.17519030765004037;0.261896287329504;0.24411323994071707;0.26601226323324234;93.77628727426736;99.77348886087539;94.35139838978165;99.16582841624482;71.78249308809296;0.48458883388332535;22.477357041901634;43.43014273140898;0.0023729504391696156;0.03017637883680406;9.377628727388394;9.977348886097165;3.774055935594002;6.611055227748776;6.525681189838059;92.31109288525909;0.009534898514502524;2672.9735865046327;248.70510288758157;225.36742654893277;0.008963188809492761;0.9310771058889568;0.6147647540027776;0.2486963230345194;1.596589527252945e-10;-1.2568079910124652e-10;2.5642066248110496e-10;-4.3209102962293855e-11;-6.839684374426724e-11;-9.625011898606317e-11;1.318767317570746e-11;3.8340886021615006e-10;1.596589527252945e-12;-1.2568079910124652e-12;2.5642066248110495e-12;-4.3209102962293855e-11;-6.839684374426725e-13;-9.625011898606318e-13;1.3187673175707459e-13;3.834088602161501e-12;140.6086296216667;100.0;97.17848689025772;97.17848689025772;94.21300159072888;35.967313927085854;9.368375174831385;9.386888371364705;56.34377895817323;13.256661671076188;2.8581607395393007;4.86739400499863;8.204278886002271;50.95450080627438;4.811579938128659;8.605312095718602;4.0;0.9000000000000005;67491.57515404931;8767.333387527886;7.698073310416205;2.8581607395393007;deltaT_des_1_K;desorber;True;True;True;True;True;True;True;True;88.97420800425544;2657.8566274824793;0.04004029469844905;67491.57515404931;0.0;0.0;135.0;4.0;140.6086296216667;4.0;100.0;8.0;97.17848689025772;8.0;97.17848689025772;8.0;94.21300159072888;8.0;30.0;4.0;35.967313927085854;4.0;88.97420800425544;2657.8566274824793;0.00701467154661957;67491.57515404931;0.0;0.0;92.31109288525909;248.7051028875822;0.9400402946984495;8767.333387527886;0.608903034463068;0.24411323994071707;149.97700479649808;343.5161932622733;0.9070146715466201;67491.57515404931;0.6310740123162727;0.261896287329504;88.97420800425544;2657.8566274824793;0.033025623151829483;67491.57515404931;0.0;0.0;105.76526539806798;248.7051028875822;0.9400402946984495;67491.57515404931;0.608903034463068;0.24411323994071707;144.3868883713647;325.0661838890298;0.9400402946984495;67491.57515404931;0.608903034463068;0.24411323994071707;139.57530843323605;325.4780399368742;0.9000000000000005;67491.57515404931;0.6359926532882693;0.26601226323324234;97.15995330234938;245.71971428361502;0.9000000000000005;67491.57515404931;0.6359926532882693;0.26601226323324234;97.1418392604607;245.68618497379634;0.9000000000000005;8767.333387527886;0.6359926532882693;0.26601226323324234;92.31109288525909;2672.9735865046327;0.04004029469844905;8767.333387527886;0.0;0.0;43.25666167107619;181.14655045786532;0.04004029469844905;8767.333387527886;0.0;0.0;43.2585007844545;181.2058145181586;0.04004029469844905;67491.57515404931;0.0;0.0;"Zustand 3: Temperatur 417.537 K liegt außerhalb des Boryta-Prüfbereichs; Kristallisation wurde nicht bewertet.";"Zustand 4: Temperatur 412.725 K liegt außerhalb des Boryta-Prüfbereichs; Kristallisation wurde nicht bewertet.";Zustand 5: Kristallisationsprüfung bestanden (w_LiBr=0.6360 <= w_crit=0.6939, T=370.31 K >= T_crit=308.89 K).;Zustand 6: Kristallisationsprüfung bestanden (w_LiBr=0.6360 <= w_crit=0.6938, T=370.29 K >= T_crit=308.89 K).;"Zustand 20: Temperatur 423.127 K liegt außerhalb des Boryta-Prüfbereichs; Kristallisation wurde nicht bewertet.";5
series_desorber_to_evaporator;Serie Desorber → Verdampfer;series_desorber_to_evaporator;100.0;nan;30.0;100.0;8.0;8.0;4.0;100.0;0.9100000000000005;Abwärmetemperatur [°C];hot_temperature_C;100.0;10.0;10.0;25.0;15.0;11.0;nan;nan;9.176253486525258e-22;`gtol` termination condition is satisfied.;4;4.963816946562941e-10;4.283982606529877e-11;1;True;;True;0;zulässig;feasible;True;True;True;88.96830378110832;105.79154604422092;139.51378838077596;43.27223233289152;0.17719020121928664;0.2617592901713438;0.2441928381789907;0.2658781211739402;93.65710141221649;99.8906781873952;94.23599067368005;99.27890807601713;72.5240478872199;0.48397876348196706;22.700534199351416;43.4195632026948;0.002374839291774359;0.03050601078364864;9.365710141185717;9.989067818749703;3.7694396269496955;6.618593871733406;6.5930952624855355;92.35109444312042;0.00952312361029738;2673.0487378511702;248.8000041143313;225.49161509102265;0.009047797487665599;0.9410393648675714;0.6148611447803478;0.24877238194471069;1.609521405043779e-10;-1.2099121704522986e-10;2.4579094315413386e-10;-4.255340524395024e-11;-6.234301963559119e-11;-1.0183498488913756e-10;1.6044054973463062e-11;3.5932146147388266e-10;1.609521405043779e-12;-1.2099121704522986e-12;2.4579094315413387e-12;-4.255340524395024e-11;-6.234301963559119e-13;-1.0183498488913755e-12;1.604405497346306e-13;3.5932146147388266e-12;140.60150128063498;100.0;97.18193807794017;97.18193807794017;94.2130712096382;35.97432285809782;9.326115171872743;9.405417021854078;56.376771585022595;13.27223233289152;2.876211524827511;4.830843634819757;8.213634296831856;50.938999847803984;4.891628641078114;8.649651863603083;4.0;0.9100000000000005;67476.34378627995;8774.44419602384;7.690098914396995;2.876211524827511;deltaT_des_1_K;desorber;True;True;True;True;True;True;True;True;88.96830378110832;2657.846981571041;0.04008716235523657;67476.34378627995;0.0;0.0;135.0;4.0;140.60150128063498;4.0;100.0;8.0;97.18193807794017;8.0;97.18193807794017;8.0;94.2130712096382;8.0;30.0;4.0;35.97432285809782;4.0;88.96830378110832;2657.846981571041;0.007103052364034581;67476.34378627995;0.0;0.0;92.35109444312042;248.80000411433207;0.950087162355237;8774.44419602384;0.6090057460954356;0.2441928381789907;149.92761645250772;343.3595834301392;0.9171030523640351;67476.34378627995;0.6309089689723623;0.2617592901713438;88.96830378110832;2657.846981571041;0.03298410999120199;67476.34378627995;0.0;0.0;105.79154604422092;248.80000411433207;0.950087162355237;67476.34378627995;0.6090057460954356;0.2441928381789907;144.40541702185408;325.13410351152316;0.950087162355237;67476.34378627995;0.6090057460954356;0.2441928381789907;139.51378838077596;325.2937315788786;0.9100000000000005;67476.34378627995;0.6358335617207099;0.2658781211739402;97.14189418061784;245.59697565903363;0.9100000000000005;67476.34378627995;0.6358335617207099;0.2658781211739402;97.12378847517249;245.56345257026038;0.9100000000000005;8774.44419602384;0.6358335617207099;0.2658781211739402;92.35109444312042;2673.0487378511702;0.04008716235523657;8774.44419602384;0.0;0.0;43.27223233289152;181.2116429177968;0.04008716235523657;8774.44419602384;0.0;0.0;43.27407136183422;181.27088480852305;0.04008716235523657;67476.34378627995;0.0;0.0;"Zustand 3: Temperatur 417.555 K liegt außerhalb des Boryta-Prüfbereichs; Kristallisation wurde nicht bewertet.";"Zustand 4: Temperatur 412.664 K liegt außerhalb des Boryta-Prüfbereichs; Kristallisation wurde nicht bewertet.";Zustand 5: Kristallisationsprüfung bestanden (w_LiBr=0.6358 <= w_crit=0.6938, T=370.29 K >= T_crit=308.82 K).;Zustand 6: Kristallisationsprüfung bestanden (w_LiBr=0.6358 <= w_crit=0.6938, T=370.27 K >= T_crit=308.82 K).;"Zustand 20: Temperatur 423.078 K liegt außerhalb des Boryta-Prüfbereichs; Kristallisation wurde nicht bewertet.";5
series_desorber_to_evaporator;Serie Desorber → Verdampfer;series_desorber_to_evaporator;100.0;nan;30.0;100.0;8.0;8.0;4.0;100.0;0.9200000000000005;Abwärmetemperatur [°C];hot_temperature_C;100.0;10.0;10.0;25.0;15.0;11.0;nan;nan;8.896767454481243e-22;`gtol` termination condition is satisfied.;4;4.938642787272834e-10;4.2182383655932114e-11;1;True;;True;0;zulässig;feasible;True;True;True;88.96244316105867;105.8185470128916;139.45181220373115;43.28783137431668;0.1792055303638685;0.261623577922011;0.24426956888277676;0.2657456308892944;93.53578857931922;100.00808110711706;94.11841207356503;99.39224538029538;73.26249561973619;0.48336246597488497;22.92312863552331;43.408791544025235;0.0023767364051830047;0.0308354963325666;9.353578857896265;10.000808110721131;3.7647364829451333;6.626149692018133;6.660226874532173;92.39043149593931;0.009512421399806861;2673.1226234192304;248.89475702838064;225.61301424584684;0.00913320051765587;0.9510009371311777;0.614954432645588;0.2488460140330638;1.6189005691558123e-10;-1.177085096060182e-10;2.4800783648970537e-10;-4.1894376856532745e-11;-6.330935775622493e-11;-9.424638847121969e-11;2.3376856006507296e-11;3.565645556591335e-10;1.6189005691558123e-12;-1.177085096060182e-12;2.480078364897054e-12;-4.1894376856532745e-11;-6.330935775622492e-13;-9.424638847121968e-13;2.3376856006507295e-13;3.5656455565913347e-12;140.59424572842818;100.0;97.18545418440294;97.18545418440294;94.21319804264772;35.9813445638228;9.284423815420666;9.42307645166386;56.40908693211651;13.287831374316681;2.893796884324672;4.795022688463632;8.22301102334427;50.92352772018057;4.971264247932709;8.694246481063374;4.0;0.9200000000000005;67461.22773966423;8781.572946284474;7.68213486949481;2.893796884324672;deltaT_des_1_K;desorber;True;True;True;True;True;True;True;True;88.96244316105867;2657.8374067345176;0.04013413764883311;67461.22773966423;0.0;0.0;135.0;4.0;140.59424572842818;4.0;100.0;8.0;97.18545418440294;8.0;97.18545418440294;8.0;94.21319804264772;8.0;30.0;4.0;35.9813445638228;4.0;88.96244316105867;2657.8374067345176;0.00719225942305564;67461.22773966423;0.0;0.0;92.39043149593931;248.89475702838004;0.9601341376488336;8781.572946284474;0.609104726940584;0.24426956888277676;149.87866954384884;343.2044192269379;0.9271922594230562;67461.22773966423;0.6307453883887307;0.261623577922011;88.96244316105867;2657.8374067345176;0.032941878225777474;67461.22773966423;0.0;0.0;105.8185470128916;248.89475702838004;0.9601341376488336;67461.22773966423;0.609104726940584;0.24426956888277676;144.42307645166386;325.19919486363983;0.9601341376488336;67461.22773966423;0.609104726940584;0.24426956888277676;139.45181220373115;325.10937475403705;0.9200000000000005;67461.22773966423;0.6356763497162236;0.2657456308892944;97.12430053182823;245.47622734145634;0.9200000000000005;67461.22773966423;0.6356763497162236;0.2657456308892944;97.10620311567533;245.4427104976166;0.9200000000000005;8781.572946284474;0.6356763497162236;0.2657456308892944;92.39043149593931;2673.1226234192304;0.04013413764883311;8781.572946284474;0.0;0.0;43.28783137431668;181.27685406021774;0.04013413764883311;8781.572946284474;0.0;0.0;43.289670322467146;181.33607388016202;0.04013413764883311;67461.22773966423;0.0;0.0;"Zustand 3: Temperatur 417.573 K liegt außerhalb des Boryta-Prüfbereichs; Kristallisation wurde nicht bewertet.";"Zustand 4: Temperatur 412.602 K liegt außerhalb des Boryta-Prüfbereichs; Kristallisation wurde nicht bewertet.";Zustand 5: Kristallisationsprüfung bestanden (w_LiBr=0.6357 <= w_crit=0.6938, T=370.27 K >= T_crit=308.75 K).;Zustand 6: Kristallisationsprüfung bestanden (w_LiBr=0.6357 <= w_crit=0.6938, T=370.26 K >= T_crit=308.75 K).;"Zustand 20: Temperatur 423.029 K liegt außerhalb des Boryta-Prüfbereichs; Kristallisation wurde nicht bewertet.";5
series_desorber_to_evaporator;Serie Desorber → Verdampfer;series_desorber_to_evaporator;100.0;nan;30.0;100.0;8.0;8.0;4.0;100.0;0.9300000000000005;Abwärmetemperatur [°C];hot_temperature_C;100.0;10.0;10.0;25.0;15.0;11.0;nan;nan;8.609538900939305e-22;`gtol` termination condition is satisfied.;4;4.799248862786809e-10;4.149587666489119e-11;1;True;;True;0;zulässig;feasible;True;True;True;88.95662211183424;105.84624094978466;139.38940261723394;43.303462831308025;0.18123601698182465;0.26148911357825755;0.2443435137948535;0.2656147391679326;93.4124032769513;100.12572799580133;93.99871919224319;99.50586860807148;73.99783868008784;0.4827399925698268;23.145133801313158;43.39783270771966;0.0023786419891471387;0.03116483061018954;9.34124032766123;10.012572799590233;3.759948767692246;6.633724573869961;6.7270762436550235;92.42912788978686;0.009502752230092936;2673.1952883024537;248.98934997502892;225.7317099982272;0.009219391869701443;0.9609618405216727;0.615044703202616;0.2489172847853053;1.6135004443640355e-10;-1.1742429251171416e-10;2.434035195619799e-10;-4.121947227986311e-11;-6.295408638834488e-11;-1.0099654446094064e-10;2.205524651799351e-11;3.389857283764286e-10;1.6135004443640356e-12;-1.1742429251171415e-12;2.4340351956197992e-12;-4.121947227986311e-11;-6.295408638834487e-13;-1.0099654446094063e-12;2.205524651799351e-13;3.389857283764286e-12;140.58686622469804;100.0;97.18903351697838;97.18903351697838;94.21337955142599;35.98838086099289;9.243281829224316;9.439888489931036;56.440747028793965;13.303462831308025;2.9109259596428956;4.759905627191529;8.232411405144148;50.90807784930672;5.050485872697095;8.739077739807271;4.0;0.9300000000000005;67446.2165533547;8788.721514772727;7.674178370538439;2.9109259596428956;deltaT_des_1_K;desorber;True;True;True;True;True;True;True;True;88.95662211183424;2657.8278963885796;0.04018123239137361;67446.2165533547;0.0;0.0;135.0;4.0;140.58686622469804;4.0;100.0;8.0;97.18903351697838;8.0;97.18903351697838;8.0;94.21337955142599;8.0;30.0;4.0;35.98838086099289;4.0;88.95662211183424;2657.8278963885796;0.0072822865160336306;67446.2165533547;0.0;0.0;92.42912788978686;248.98934997503008;0.9701812323913741;8788.721514772727;0.6092000857776504;0.2443435137948535;149.83014805392236;343.05065281220425;0.9372822865160341;67446.2165533547;0.6305832282725001;0.26148911357825755;88.95662211183424;2657.8278963885796;0.03289894587533998;67446.2165533547;0.0;0.0;105.84624094978466;248.98934997503008;0.9701812323913741;67446.2165533547;0.6092000857776504;0.2443435137948535;144.43988848993104;325.26153109905835;0.9701812323913741;67446.2165533547;0.6092000857776504;0.2443435137948535;139.38940261723394;324.9249849538448;0.9300000000000005;67446.2165533547;0.6355209569813886;0.2656147391679326;97.10716320997739;245.3574164808056;0.9300000000000005;67446.2165533547;0.6355209569813886;0.2656147391679326;97.0890740403571;245.323905910257;0.9300000000000005;8788.721514772727;0.6355209569813886;0.2656147391679326;92.42912788978686;2673.1952883024537;0.04018123239137361;8788.721514772727;0.0;0.0;43.303462831308025;181.34220075760737;0.04018123239137361;8788.721514772727;0.0;0.0;43.305301702119266;181.4013985932033;0.04018123239137361;67446.2165533547;0.0;0.0;"Zustand 3: Temperatur 417.590 K liegt außerhalb des Boryta-Prüfbereichs; Kristallisation wurde nicht bewertet.";"Zustand 4: Temperatur 412.539 K liegt außerhalb des Boryta-Prüfbereichs; Kristallisation wurde nicht bewertet.";Zustand 5: Kristallisationsprüfung bestanden (w_LiBr=0.6355 <= w_crit=0.6938, T=370.26 K >= T_crit=308.68 K).;Zustand 6: Kristallisationsprüfung bestanden (w_LiBr=0.6355 <= w_crit=0.6938, T=370.24 K >= T_crit=308.68 K).;"Zustand 20: Temperatur 422.980 K liegt außerhalb des Boryta-Prüfbereichs; Kristallisation wurde nicht bewertet.";5
series_desorber_to_evaporator;Serie Desorber → Verdampfer;series_desorber_to_evaporator;100.0;nan;30.0;100.0;8.0;8.0;4.0;100.0;0.9400000000000005;Abwärmetemperatur [°C];hot_temperature_C;100.0;10.0;10.0;25.0;15.0;11.0;nan;nan;8.33172830400552e-22;`gtol` termination condition is satisfied.;4;4.673094769722779e-10;4.08208973541874e-11;1;True;;True;0;zulässig;feasible;True;True;True;88.9508368296951;105.87460154098136;139.32658126306814;43.31913048161209;0.1832813861031939;0.2613558613996237;0.2444147514960352;0.2654853947929213;93.28699757520138;100.24364728588327;93.87696610736455;99.61980418879965;74.73007966674786;0.4821113935515164;23.366543373298953;43.3866914251725;0.0023805562332838777;0.03149400885035418;9.328699757487763;10.02436472859823;3.7550786442969137;6.641320279251778;6.7936436060784064;92.46720642141452;0.009494078117934951;2673.2667756150663;249.08377189475692;225.847784808724;0.00930636555014086;0.9709220920776208;0.6151320386908538;0.24898625717124848;1.631974555493798e-10;-1.1461054327810416e-10;2.416982169961557e-10;-4.0554559710415106e-11;-5.829292604175862e-11;-9.902123565552756e-11;2.297895207448164e-11;3.2375169212173205e-10;1.6319745554937982e-12;-1.1461054327810417e-12;2.416982169961557e-12;-4.0554559710415106e-11;-5.829292604175862e-13;-9.902123565552757e-13;2.297895207448164e-13;3.2375169212173204e-12;140.57936588368432;100.0;97.19267445851182;97.19267445851182;94.21361332846396;35.995433450112614;9.202670734954893;9.45587419158079;56.4717729713019;13.319130481612092;2.927607686509816;4.725468037097301;8.241837628816711;50.89264405013665;5.129292928512655;8.784128265790798;4.0;0.9400000000000005;67431.30036382878;8795.891665013303;7.666226794498246;2.927607686509816;deltaT_des_1_K;desorber;True;True;True;True;True;True;True;True;88.9508368296951;2657.818444321811;0.04022845762776117;67431.30036382878;0.0;0.0;135.0;4.0;140.57936588368432;4.0;100.0;8.0;97.19267445851182;8.0;97.19267445851182;8.0;94.21361332846396;8.0;30.0;4.0;35.995433450112614;4.0;88.9508368296951;2657.818444321811;0.007373127474809671;67431.30036382878;0.0;0.0;92.46720642141452;249.08377189475726;0.9802284576277617;8795.891665013303;0.6092919270626782;0.2444147514960352;149.7820366186392;342.89823818129264;0.9473731274748102;67431.30036382878;0.6304224477447303;0.2613558613996237;88.9508368296951;2657.818444321811;0.0328553301529515;67431.30036382878;0.0;0.0;105.87460154098136;249.08377189475726;0.9802284576277617;67431.30036382878;0.6092919270626782;0.2444147514960352;144.4558741915808;325.3211827607927;0.9802284576277617;67431.30036382878;0.6092919270626782;0.2444147514960352;139.32658126306814;324.7405767199682;0.9400000000000005;67431.30036382878;0.6353673254358462;0.2654853947929213;97.09047327519056;245.24049196828244;0.9400000000000005;67431.30036382878;0.6353673254358462;0.2654853947929213;97.07239231349018;245.206987703548;0.9400000000000005;8795.891665013303;0.6353673254358462;0.2654853947929213;92.46720642141452;2673.2667756150663;0.04022845762776117;8795.891665013303;0.0;0.0;43.31913048161209;181.40769880307474;0.04022845762776117;8795.891665013303;0.0;0.0;43.32096927832731;181.46687472911475;0.04022845762776117;67431.30036382878;0.0;0.0;"Zustand 3: Temperatur 417.606 K liegt außerhalb des Boryta-Prüfbereichs; Kristallisation wurde nicht bewertet.";"Zustand 4: Temperatur 412.477 K liegt außerhalb des Boryta-Prüfbereichs; Kristallisation wurde nicht bewertet.";Zustand 5: Kristallisationsprüfung bestanden (w_LiBr=0.6354 <= w_crit=0.6938, T=370.24 K >= T_crit=308.62 K).;Zustand 6: Kristallisationsprüfung bestanden (w_LiBr=0.6354 <= w_crit=0.6938, T=370.22 K >= T_crit=308.62 K).;"Zustand 20: Temperatur 422.932 K liegt außerhalb des Boryta-Prüfbereichs; Kristallisation wurde nicht bewertet.";5
series_desorber_to_evaporator;Serie Desorber → Verdampfer;series_desorber_to_evaporator;100.0;nan;30.0;100.0;8.0;8.0;4.0;100.0;0.9500000000000005;Abwärmetemperatur [°C];hot_temperature_C;100.0;10.0;10.0;25.0;15.0;11.0;nan;nan;8.055286001360053e-22;`gtol` termination condition is satisfied.;4;4.613120021546201e-10;4.013797703263096e-11;1;True;;True;0;zulässig;feasible;True;True;True;88.9450837255281;105.90360346526893;139.26336877060288;43.3348378606687;0.18534136581262464;0.2612237868605447;0.24448335755614742;0.26535754845468734;93.15962125542984;100.36186558609907;93.75320451883155;99.73407681716115;75.45922137180398;0.48147671832577554;23.587351247536336;43.37537221978744;0.0023824793083867426;0.03182302639022062;9.315962125511435;10.036186558620294;3.750128180755887;6.648938454476021;6.859929215628952;92.50468889303977;0.009486362664986234;2673.3371265950514;249.17801228944475;225.96131778960225;0.009394115601827013;0.9808817080813955;0.6152165181491828;0.24905299176500756;1.623874368306133e-10;-1.1449685644038254e-10;2.3806023818906397e-10;-3.9873992996319885e-11;-6.562572707480285e-11;-1.0386713711341145e-10;2.084732386720134e-11;3.154951855321997e-10;1.623874368306133e-12;-1.1449685644038253e-12;2.38060238189064e-12;-3.9873992996319885e-11;-6.562572707480285e-13;-1.0386713711341145e-12;2.084732386720134e-13;3.1549518553219967e-12;140.57174768274103;100.0;97.1963754629536;97.1963754629536;94.21389708923465;36.002503922613585;9.162572812790017;9.471053871528397;56.502184970426185;13.3348378606687;2.9438507977660606;4.691686569913827;8.251291737425504;50.877220502921205;5.2076851009255165;8.82938147456025;4.0;0.9500000000000005;67416.46986837733;8803.08505449808;7.658277689130106;2.9438507977660606;deltaT_des_1_K;desorber;True;True;True;True;True;True;True;True;88.9450837255281;2657.8090446730407;0.04027582368322202;67416.46986837733;0.0;0.0;135.0;4.0;140.57174768274103;4.0;100.0;8.0;97.1963754629536;8.0;97.1963754629536;8.0;94.21389708923465;8.0;30.0;4.0;36.002503922613585;4.0;88.9450837255281;2657.8090446730407;0.0074647761706768245;67416.46986837733;0.0;0.0;92.50468889303977;249.17801228944546;0.9902758236832225;8803.08505449808;0.6093803511405296;0.24448335755614742;149.73432049553105;342.74713108415784;0.9574647761706774;67416.46986837733;0.6302630072882823;0.2612237868605447;88.9450837255281;2657.8090446730407;0.0328110475125452;67416.46986837733;0.0;0.0;105.90360346526893;249.17801228944546;0.9902758236832225;67416.46986837733;0.6093803511405296;0.24448335755614742;144.4710538715284;325.3782178959417;0.9902758236832225;67416.46986837733;0.6093803511405296;0.24448335755614742;139.26336877060288;324.5561637094613;0.9500000000000005;67416.46986837733;0.6352153991179568;0.26535754845468734;97.07422199070868;245.12540437089126;0.9500000000000005;67416.46986837733;0.6352153991179568;0.26535754845468734;97.05614920223394;245.09190644837523;0.9500000000000005;8803.08505449808;0.6352153991179568;0.26535754845468734;92.50468889303977;2673.3371265950514;0.04027582368322202;8803.08505449808;0.0;0.0;43.3348378606687;181.47336297679152;0.04027582368322202;8803.08505449808;0.0;0.0;43.336676586313445;181.53251705709351;0.04027582368322202;67416.46986837733;0.0;0.0;"Zustand 3: Temperatur 417.621 K liegt außerhalb des Boryta-Prüfbereichs; Kristallisation wurde nicht bewertet.";"Zustand 4: Temperatur 412.413 K liegt außerhalb des Boryta-Prüfbereichs; Kristallisation wurde nicht bewertet.";Zustand 5: Kristallisationsprüfung bestanden (w_LiBr=0.6352 <= w_crit=0.6938, T=370.22 K >= T_crit=308.55 K).;Zustand 6: Kristallisationsprüfung bestanden (w_LiBr=0.6352 <= w_crit=0.6938, T=370.21 K >= T_crit=308.55 K).;"Zustand 20: Temperatur 422.884 K liegt außerhalb des Boryta-Prüfbereichs; Kristallisation wurde nicht bewertet.";5
series_desorber_to_evaporator;Serie Desorber → Verdampfer;series_desorber_to_evaporator;100.0;nan;30.0;100.0;8.0;8.0;4.0;100.0;0.9600000000000005;Abwärmetemperatur [°C];hot_temperature_C;100.0;10.0;10.0;25.0;15.0;11.0;nan;nan;7.781700309384236e-22;`gtol` termination condition is satisfied.;4;4.499686958800433e-10;3.945047606654256e-11;1;True;;True;0;zulässig;feasible;True;True;True;88.93935941188488;105.93322234899301;139.1997848137667;43.350588276417;0.18741568717810445;0.2610928566045336;0.24454940467664268;0.26523115266833386;93.03032194340159;100.48040779296976;93.6274838865275;99.84870955997229;76.18526677130583;0.48083601546112914;23.807551533611925;43.36387941905895;0.002384411367643292;0.03215187866656321;9.303032194309486;10.048040779307268;3.7450993554634833;6.656580637330084;6.925933342855958;92.54159616381958;0.009479570977960747;2673.4063807010893;249.27206119085548;226.0723848706041;0.009482636104408804;0.9908407041032;0.6152982175707962;0.24911754685855514;1.6261481050605653e-10;-1.0970779840135947e-10;2.319211489520967e-10;-3.919498059445914e-11;-5.9586113820842e-11;-1.0292922070220811e-10;2.1032064978498966e-11;3.0672708817292005e-10;1.6261481050605654e-12;-1.0970779840135947e-12;2.319211489520967e-12;-3.919498059445914e-11;-5.9586113820842e-13;-1.0292922070220812e-12;2.1032064978498967e-13;3.0672708817292005e-12;140.56401447029913;100.0;97.20013505124018;97.20013505124018;94.2142286648774;36.00959376752212;9.122971064303954;9.48544713714233;56.53200239629746;13.350588276417;2.959663826590372;4.658538887420605;8.260775639355302;50.86180173107323;5.285662323375618;8.874821529343137;4.0;0.9600000000000005;67401.71629108665;8810.303241118727;7.650328762410227;2.959663826590372;deltaT_des_1_K;desorber;True;True;True;True;True;True;True;True;88.93935941188488;2657.799691910187;0.040323340207608305;67401.71629108665;0.0;0.0;135.0;4.0;140.56401447029913;4.0;100.0;8.0;97.20013505124018;8.0;97.20013505124018;8.0;94.2142286648774;8.0;30.0;4.0;36.00959376752212;4.0;88.93935941188488;2657.799691910187;0.007557226514325399;67401.71629108665;0.0;0.0;92.54159616381958;249.27206119085542;1.0003233402076088;8810.303241118727;0.6094654544447211;0.24454940467664268;149.68698553460308;342.59728894840515;0.967557226514326;67401.71629108665;0.6301048686978721;0.2610928566045336;88.93935941188488;2657.799691910187;0.0327661136932829;67401.71629108665;0.0;0.0;105.93322234899301;249.27206119085542;1.0003233402076088;67401.71629108665;0.6094654544447211;0.24454940467664268;144.48544713714233;325.43270216469716;1.0003233402076088;67401.71629108665;0.6094654544447211;0.24454940467664268;139.1997848137667;324.3717587552169;0.9600000000000005;67401.71629108665;0.6350651240950951;0.26523115266833386;97.05840081964988;245.0121058686094;0.9600000000000005;67401.71629108665;0.6350651240950951;0.26523115266833386;97.04033617340963;244.97861432833173;0.9600000000000005;8810.303241118727;0.6350651240950951;0.26523115266833386;92.54159616381958;2673.4063807010893;0.040323340207608305;8810.303241118727;0.0;0.0;43.350588276417;181.53920710789401;0.040323340207608305;8810.303241118727;0.0;0.0;43.35242693380417;181.59833939592787;0.040323340207608305;67401.71629108665;0.0;0.0;"Zustand 3: Temperatur 417.635 K liegt außerhalb des Boryta-Prüfbereichs; Kristallisation wurde nicht bewertet.";"Zustand 4: Temperatur 412.350 K liegt außerhalb des Boryta-Prüfbereichs; Kristallisation wurde nicht bewertet.";Zustand 5: Kristallisationsprüfung bestanden (w_LiBr=0.6351 <= w_crit=0.6938, T=370.21 K >= T_crit=308.49 K).;Zustand 6: Kristallisationsprüfung bestanden (w_LiBr=0.6351 <= w_crit=0.6937, T=370.19 K >= T_crit=308.49 K).;"Zustand 20: Temperatur 422.837 K liegt außerhalb des Boryta-Prüfbereichs; Kristallisation wurde nicht bewertet.";5
series_desorber_to_evaporator;Serie Desorber → Verdampfer;series_desorber_to_evaporator;100.0;nan;30.0;100.0;8.0;8.0;4.0;100.0;0.9700000000000005;Abwärmetemperatur [°C];hot_temperature_C;100.0;10.0;10.0;25.0;15.0;11.0;nan;nan;7.512351937448662e-22;`gtol` termination condition is satisfied.;4;4.4474954647636714e-10;3.876171290706504e-11;1;True;;True;0;zulässig;feasible;True;True;True;88.93366069090507;105.96343472331108;139.13584816437054;43.3663848230932;0.18950408418251807;0.26096303840011065;0.24461296282538758;0.2651061616950859;92.8991452335211;100.59929719460528;93.49985155884801;99.9637239556818;76.90821901629275;0.48018933272813435;24.027138548975685;43.352217165846014;0.0023863525477644952;0.03248056121224281;9.289914523322649;10.059929719471643;3.73999406235678;6.664248263711238;6.991656274218008;92.57794819824181;0.009473669593505624;2673.4745757037035;249.36590913121213;226.18105895520847;0.009571921174490905;1.0007990950421433;0.6153772100493554;0.24917997856904664;1.6343904007953824e-10;-1.0534506600379245e-10;2.325464265595656e-10;-3.8507641519913705e-11;-7.149481007218128e-11;-1.1114309472759487e-10;1.3230305739853065e-11;2.9460522910085274e-10;1.6343904007953825e-12;-1.0534506600379245e-12;2.3254642655956557e-12;-3.8507641519913705e-11;-7.149481007218128e-13;-1.1114309472759486e-12;1.3230305739853066e-13;2.9460522910085274e-12;140.55616897329674;100.0;97.20395180745072;97.20395180745072;94.21460599537892;36.01670437766779;9.083849177462184;9.4990729190867;56.56124382057402;13.366384823093199;2.9750551099101017;4.626003609208908;8.27029111654565;50.846382580493355;5.363224754716157;8.920433301724529;4.0;0.9700000000000005;67387.03135115566;8817.547689164412;7.642377872700968;2.9750551099101017;deltaT_des_1_K;desorber;True;True;True;True;True;True;True;True;88.93366069090507;2657.7903808105652;0.04037101621663364;67387.03135115566;0.0;0.0;135.0;4.0;140.55616897329674;4.0;100.0;8.0;97.20395180745072;8.0;97.20395180745072;8.0;94.21460599537892;8.0;30.0;4.0;36.01670437766779;4.0;88.93366069090507;2657.7903808105652;0.007650472455650743;67387.03135115566;0.0;0.0;92.57794819824181;249.36590913121202;1.0103710162166342;8817.547689164412;0.6095473296859745;0.24461296282538758;149.64001815075892;342.4486708061449;0.9776504724556513;67387.03135115566;0.6299479950319348;0.26096303840011065;88.93366069090507;2657.7903808105652;0.03272054376098289;67387.03135115566;0.0;0.0;105.96343472331108;249.36590913121202;1.0103710162166342;67387.03135115566;0.6095473296859745;0.24461296282538758;144.4990729190867;325.4846989439661;1.0103710162166342;67387.03135115566;0.6095473296859745;0.24461296282538758;139.13584816437054;324.1873739220464;0.9700000000000005;67387.03135115566;0.6349164483783024;0.2651061616950859;97.04300142158655;244.90055019407808;0.9700000000000005;67387.03135115566;0.6349164483783024;0.2651061616950859;97.0249448900899;244.86706507942628;0.9700000000000005;8817.547689164412;0.6349164483783024;0.2651061616950859;92.57794819824181;2673.4745757037035;0.04037101621663364;8817.547689164412;0.0;0.0;43.3663848230932;181.60524413219753;0.04037101621663364;8817.547689164412;0.0;0.0;43.36822341488556;181.66435467167364;0.04037101621663364;67387.03135115566;0.0;0.0;"Zustand 3: Temperatur 417.649 K liegt außerhalb des Boryta-Prüfbereichs; Kristallisation wurde nicht bewertet.";"Zustand 4: Temperatur 412.286 K liegt außerhalb des Boryta-Prüfbereichs; Kristallisation wurde nicht bewertet.";Zustand 5: Kristallisationsprüfung bestanden (w_LiBr=0.6349 <= w_crit=0.6938, T=370.19 K >= T_crit=308.43 K).;Zustand 6: Kristallisationsprüfung bestanden (w_LiBr=0.6349 <= w_crit=0.6937, T=370.17 K >= T_crit=308.43 K).;"Zustand 20: Temperatur 422.790 K liegt außerhalb des Boryta-Prüfbereichs; Kristallisation wurde nicht bewertet.";5
series_desorber_to_evaporator;Serie Desorber → Verdampfer;series_desorber_to_evaporator;100.0;nan;30.0;100.0;8.0;8.0;4.0;100.0;0.9800000000000005;Abwärmetemperatur [°C];hot_temperature_C;100.0;10.0;10.0;25.0;15.0;11.0;nan;nan;7.249326143992372e-22;`gtol` termination condition is satisfied.;4;4.337046157881896e-10;3.807709585562526e-11;1;True;;True;0;zulässig;feasible;True;True;True;88.92798454304676;105.99421798369406;139.07157674202392;43.38223039409348;0.1916062936595262;0.26083430109864963;0.2446740993641078;0.26498253146766376;92.76613480498429;100.71855556756434;93.37035289291418;100.07914010717309;77.62808142444393;0.47953671713651086;24.246106813499598;43.340389428913966;0.002388302970035396;0.03280906965283573;9.276613480469384;10.071855556766836;3.734814115718842;6.671942673809959;7.057098311322773;92.61376411164423;0.009468626407453955;2673.541747771007;249.4595471157302;226.28741006799925;0.009661964965694159;1.0107568951646413;0.6154535659170084;0.24924034094030056;1.6156320725713158e-10;-1.0656719950929983e-10;2.24133600568166e-10;-3.7831182631009597e-11;-5.687184057023842e-11;-1.0402345651527867e-10;2.3703705664956942e-11;2.9044144866929855e-10;1.6156320725713158e-12;-1.0656719950929982e-12;2.24133600568166e-12;-3.7831182631009597e-11;-5.687184057023842e-13;-1.0402345651527867e-12;2.370370566495694e-13;2.9044144866929855e-12;140.54821380412585;100.0;97.20782437521189;97.20782437521189;94.21502712320313;36.02383705547635;9.045191493632444;9.511949500617561;56.58992705616788;13.382230394093483;2.9900327919563665;4.5940602635676555;8.279839832165123;50.83095820043172;5.4403727585936394;8.966202334716172;4.0;0.9800000000000005;67372.40723334366;8824.819774915906;7.634423019589164;2.9900327919563665;deltaT_des_1_K;desorber;True;True;True;True;True;True;True;True;88.92798454304676;2657.7811064425023;0.04041886013033491;67372.40723334366;0.0;0.0;135.0;4.0;140.54821380412585;4.0;100.0;8.0;97.20782437521189;8.0;97.20782437521189;8.0;94.21502712320313;8.0;30.0;4.0;36.02383705547635;4.0;88.92798454304676;2657.7811064425023;0.007744507983516266;67372.40723334366;0.0;0.0;92.61376411164423;249.45954711573083;1.0204188601303354;8824.819774915906;0.6096260660302049;0.2446740993641078;149.5934052977583;342.30123722464316;0.9877445079835168;67372.40723334366;0.6297923505665237;0.26083430109864963;88.92798454304676;2657.7811064425023;0.032674352146818644;67372.40723334366;0.0;0.0;105.99421798369406;249.45954711573083;1.0204188601303354;67372.40723334366;0.6096260660302049;0.2446740993641078;144.51194950061756;325.5342694258699;1.0204188601303354;67372.40723334366;0.6096260660302049;0.2446740993641078;139.07157674202392;324.0030205587199;0.9800000000000005;67372.40723334366;0.634769321841104;0.26498253146766376;97.02801564897788;244.79069257475837;0.9800000000000005;67372.40723334366;0.634769321841104;0.26498253146766376;97.00996720804363;244.75721393225547;0.9800000000000005;8824.819774915906;0.634769321841104;0.26498253146766376;92.61376411164423;2673.541747771007;0.04041886013033491;8824.819774915906;0.0;0.0;43.38223039409348;181.6714861459477;0.04041886013033491;8824.819774915906;0.0;0.0;43.384068922771405;181.73057497137066;0.04041886013033491;67372.40723334366;0.0;0.0;"Zustand 3: Temperatur 417.662 K liegt außerhalb des Boryta-Prüfbereichs; Kristallisation wurde nicht bewertet.";"Zustand 4: Temperatur 412.222 K liegt außerhalb des Boryta-Prüfbereichs; Kristallisation wurde nicht bewertet.";Zustand 5: Kristallisationsprüfung bestanden (w_LiBr=0.6348 <= w_crit=0.6937, T=370.18 K >= T_crit=308.36 K).;Zustand 6: Kristallisationsprüfung bestanden (w_LiBr=0.6348 <= w_crit=0.6937, T=370.16 K >= T_crit=308.36 K).;"Zustand 20: Temperatur 422.743 K liegt außerhalb des Boryta-Prüfbereichs; Kristallisation wurde nicht bewertet.";5
series_desorber_to_evaporator;Serie Desorber → Verdampfer;series_desorber_to_evaporator;100.0;nan;30.0;100.0;8.0;8.0;4.0;100.0;0.9900000000000005;Abwärmetemperatur [°C];hot_temperature_C;100.0;10.0;10.0;25.0;15.0;11.0;nan;nan;6.990420706238539e-22;`gtol` termination condition is satisfied.;4;4.2197672812527076e-10;3.739096336346133e-11;1;True;;True;0;zulässig;feasible;True;True;True;88.92232811657402;106.02555035153802;139.00698766088829;43.39812769397241;0.19372205523324174;0.2607066145938242;0.24473287916893519;0.26486021951932265;92.6313325302117;100.83820326709106;93.23903136684049;100.19497676817917;78.34485747232573;0.47887821497010863;24.46445104429564;43.328400012777024;0.002390262741289682;0.03313739970342697;9.263133252993455;10.083820326719936;3.7295612546758568;6.679665117877177;7.122259770220899;92.64906221305006;0.009464410608161096;2673.6079315494;249.5529665969303;226.39150549370268;0.009752761668621934;1.0207141181402692;0.6155273528747705;0.2492986860387863;1.6159162896656198e-10;-1.0416556506243069e-10;2.1816504158778116e-10;-3.715394658598825e-11;-5.5919713304319885e-11;-1.0830092378455447e-10;2.1515234038815834e-11;2.771400886558695e-10;1.6159162896656198e-12;-1.0416556506243068e-12;2.1816504158778118e-12;-3.715394658598825e-11;-5.591971330431989e-13;-1.0830092378455446e-12;2.1515234038815834e-13;2.771400886558695e-12;140.54015146711794;100.0;97.21175145434091;97.21175145434091;94.21549018734993;36.0309930183667;9.00698297643288;9.524094545430103;56.61806919468336;13.398127693972413;3.0046048279436945;4.562689241290855;8.289423337766891;50.815524025545415;5.517106884541818;9.01211480805847;4.0;0.9900000000000005;67357.83656041318;8832.120791866028;7.626462335348337;3.0046048279436945;deltaT_des_1_K;desorber;True;True;True;True;True;True;True;True;88.92232811657402;2657.7718641481815;0.04046687980889063;67357.83656041318;0.0;0.0;135.0;4.0;140.54015146711794;4.0;100.0;8.0;97.21175145434091;8.0;97.21175145434091;8.0;94.21549018734993;8.0;30.0;4.0;36.0309930183667;4.0;88.92232811657402;2657.7718641481815;0.007839327125454865;67357.83656041318;0.0;0.0;92.64906221305006;249.5529665969294;1.0304668798088912;8832.120791866028;0.6097017492666091;0.24473287916893519;149.54713444355082;342.1549502403369;0.9978393271254554;67357.83656041318;0.6296379007508771;0.2607066145938242;88.92232811657402;2657.7718641481815;0.03262755268343577;67357.83656041318;0.0;0.0;106.02555035153802;249.5529665969294;1.0304668798088912;67357.83656041318;0.6097017492666091;0.24473287916893519;144.5240945454301;325.58147271141553;1.0304668798088912;67357.83656041318;0.6097017492666091;0.24473287916893519;139.00698766088829;323.8187093462544;0.9900000000000005;67357.83656041318;0.6346236961422074;0.26486021951932265;97.01343554347955;244.6824896774018;0.9900000000000005;67357.83656041318;0.6346236961422074;0.26486021951932265;96.9953951720563;244.64901755648924;0.9900000000000005;8832.120791866028;0.6346236961422074;0.26486021951932265;92.64906221305006;2673.6079315494;0.04046687980889063;8832.120791866028;0.0;0.0;43.39812769397241;181.73794445598517;0.04046687980889063;8832.120791866028;0.0;0.0;43.399966161804514;181.79701159317435;0.04046687980889063;67357.83656041318;0.0;0.0;"Zustand 3: Temperatur 417.674 K liegt außerhalb des Boryta-Prüfbereichs; Kristallisation wurde nicht bewertet.";"Zustand 4: Temperatur 412.157 K liegt außerhalb des Boryta-Prüfbereichs; Kristallisation wurde nicht bewertet.";Zustand 5: Kristallisationsprüfung bestanden (w_LiBr=0.6346 <= w_crit=0.6937, T=370.16 K >= T_crit=308.30 K).;Zustand 6: Kristallisationsprüfung bestanden (w_LiBr=0.6346 <= w_crit=0.6937, T=370.15 K >= T_crit=308.30 K).;"Zustand 20: Temperatur 422.697 K liegt außerhalb des Boryta-Prüfbereichs; Kristallisation wurde nicht bewertet.";5
series_desorber_to_evaporator;Serie Desorber → Verdampfer;series_desorber_to_evaporator;100.0;nan;30.0;100.0;8.0;8.0;4.0;100.0;1.0;Abwärmetemperatur [°C];hot_temperature_C;100.0;10.0;10.0;25.0;15.0;11.0;nan;nan;7.093009006883417e-26;`gtol` termination condition is satisfied.;12;2.0155763482817438e-11;3.7664330624301333e-13;1;True;;True;0;zulässig;feasible;True;True;True;88.91668871858445;106.05741083843884;138.9420972761671;43.41407924865172;0.19585111100173005;0.2605799497641182;0.24478936475060184;0.2647391849217282;92.49477856851337;100.95825930409268;93.10592867677536;100.31125141671149;79.05855079167625;0.47821387181741903;24.682166152575235;43.31625256620225;0.0023922319547459822;0.03346554716679008;9.249477856850019;10.095825930409866;3.7242371470710522;6.68741676111457;7.187140981062467;92.68386004611784;0.009460992613504233;2673.6731602407995;249.64615945526958;226.49340991350596;0.009844305510557927;1.030670777072486;0.615598636123606;0.24935506405067015;2.4158453015843406e-12;-1.0885514711844735e-11;4.661160346586257e-12;-3.1818991885756986e-13;-9.379164112033322e-13;-5.9827698351000436e-12;-7.062794793455396e-12;1.3173462320992257e-11;2.4158453015843406e-14;-1.0885514711844735e-13;4.661160346586257e-14;-3.1818991885756986e-13;-9.379164112033323e-15;-5.982769835100044e-14;-7.062794793455395e-14;1.3173462320992257e-13;140.53198436414556;100.0;97.2157317979433;97.2157317979433;94.21599341825697;36.03817340335485;8.969209178013443;9.535525127068183;56.645686642762996;13.414079248651717;3.0187789875507747;4.531871751825463;8.299043079358853;50.80007576041942;5.593427850901094;9.058157505985548;4.0;1.0;67343.31236958045;8839.451955139073;7.618494077613993;3.0187789875507747;deltaT_des_1_K;desorber;True;True;True;True;True;True;True;True;88.91668871858445;2657.762649529013;0.04051508258304404;67343.31236958045;0.0;0.0;135.0;4.0;140.53198436414556;4.0;100.0;8.0;97.2157317979433;8.0;97.2157317979433;8.0;94.21599341825697;8.0;30.0;4.0;36.03817340335485;4.0;88.91668871858445;2657.762649529013;0.007934923936216018;67343.31236958045;0.0;0.0;92.68386004611784;249.64615945526918;1.040515082583044;8839.451955139073;0.6097744619743573;0.24478936475060184;149.501193542159;342.0097732786464;1.007934923936216;67343.31236958045;0.6294846121422307;0.2605799497641182;88.91668871858445;2657.762649529013;0.03258015864682802;67343.31236958045;0.0;0.0;106.05741083843884;249.64615945526918;1.040515082583044;67343.31236958045;0.6097744619743573;0.24478936475060184;144.53552512706818;325.6263659078427;1.040515082583044;67343.31236958045;0.6097744619743573;0.24478936475060184;138.9420972761671;323.6344503505309;1.0;67343.31236958045;0.6344795246582796;0.2647391849217282;96.99925333245329;244.5758995588571;1.0;67343.31236958045;0.6344795246582796;0.2647391849217282;96.98122101244923;244.5424340116903;1.0;8839.451955139073;0.6344795246582796;0.2647391849217282;92.68386004611784;2673.6731602407995;0.04051508258304404;8839.451955139073;0.0;0.0;43.41407924865172;181.80462962240944;0.04051508258304404;8839.451955139073;0.0;0.0;43.415917657837554;181.86367508899198;0.04051508258304404;67343.31236958045;0.0;0.0;"Zustand 3: Temperatur 417.686 K liegt außerhalb des Boryta-Prüfbereichs; Kristallisation wurde nicht bewertet.";"Zustand 4: Temperatur 412.092 K liegt außerhalb des Boryta-Prüfbereichs; Kristallisation wurde nicht bewertet.";Zustand 5: Kristallisationsprüfung bestanden (w_LiBr=0.6345 <= w_crit=0.6937, T=370.15 K >= T_crit=308.24 K).;Zustand 6: Kristallisationsprüfung bestanden (w_LiBr=0.6345 <= w_crit=0.6937, T=370.13 K >= T_crit=308.24 K).;"Zustand 20: Temperatur 422.651 K liegt außerhalb des Boryta-Prüfbereichs; Kristallisation wurde nicht bewertet.";5
series_desorber_to_evaporator;Serie Desorber → Verdampfer;series_desorber_to_evaporator;100.0;nan;30.0;100.0;8.0;8.0;4.0;100.0;1.0000000000000004;Abwärmetemperatur [°C];hot_temperature_C;100.0;10.0;10.0;25.0;15.0;11.0;nan;nan;7.057853830849908e-26;`gtol` termination condition is satisfied.;1;1.9980584735401918e-11;3.757087656909247e-13;1;True;;True;0;zulässig;feasible;True;True;True;88.91668871858445;106.05741083843884;138.9420972761671;43.41407924865172;0.19585111100173005;0.2605799497641182;0.24478936475060184;0.2647391849217282;92.49477856851388;100.95825930409323;93.10592867677593;100.31125141671204;79.0585507916763;0.4782138718174189;24.68216615257511;43.31625256620225;0.0023922319547459952;0.033465547166790094;9.249477856850019;10.095825930409866;3.7242371470710522;6.687416761114536;7.187140981062467;92.68386004611784;0.009460992613504441;2673.6731602407995;249.64615945527015;226.49340991350596;0.009844305510558149;1.0306707770724866;0.615598636123606;0.24935506405067015;2.4300561562995426e-12;-1.0842882147699129e-11;4.774847184307873e-12;-3.1818991885756986e-13;-3.694822225952521e-13;-5.4285465012071654e-12;-5.9969806898152456e-12;1.368505309073953e-11;2.4300561562995426e-14;-1.0842882147699129e-13;4.774847184307873e-14;-3.181899188575697e-13;-3.694822225952521e-15;-5.428546501207165e-14;-5.996980689815245e-14;1.368505309073953e-13;140.53198436414556;100.0;97.2157317979433;97.2157317979433;94.21599341825691;36.03817340335485;8.969209178013443;9.535525127068183;56.645686642762996;13.414079248651717;3.0187789875507747;4.531871751825463;8.299043079358853;50.80007576041936;5.593427850901094;9.058157505985548;4.0;1.0000000000000004;67343.31236958045;8839.451955139073;7.618494077613993;3.0187789875507747;deltaT_des_1_K;desorber;True;True;True;True;True;True;True;True;88.91668871858445;2657.762649529013;0.04051508258304426;67343.31236958045;0.0;0.0;135.0;4.0;140.53198436414556;4.0;100.0;8.0;97.2157317979433;8.0;97.2157317979433;8.0;94.21599341825691;8.0;30.0;4.0;36.03817340335485;4.0;88.91668871858445;2657.762649529013;0.007934923936216061;67343.31236958045;0.0;0.0;92.68386004611784;249.64615945526918;1.0405150825830447;8839.451955139073;0.6097744619743573;0.24478936475060184;149.501193542159;342.0097732786464;1.0079349239362165;67343.31236958045;0.6294846121422307;0.2605799497641182;88.91668871858445;2657.762649529013;0.0325801586468282;67343.31236958045;0.0;0.0;106.05741083843884;249.64615945526918;1.0405150825830447;67343.31236958045;0.6097744619743573;0.24478936475060184;144.53552512706818;325.6263659078427;1.0405150825830447;67343.31236958045;0.6097744619743573;0.24478936475060184;138.9420972761671;323.6344503505309;1.0000000000000004;67343.31236958045;0.6344795246582796;0.2647391849217282;96.99925333245329;244.5758995588571;1.0000000000000004;67343.31236958045;0.6344795246582796;0.2647391849217282;96.98122101244923;244.5424340116903;1.0000000000000004;8839.451955139073;0.6344795246582796;0.2647391849217282;92.68386004611784;2673.6731602407995;0.04051508258304426;8839.451955139073;0.0;0.0;43.41407924865172;181.80462962240944;0.04051508258304426;8839.451955139073;0.0;0.0;43.415917657837554;181.86367508899198;0.04051508258304426;67343.31236958045;0.0;0.0;"Zustand 3: Temperatur 417.686 K liegt außerhalb des Boryta-Prüfbereichs; Kristallisation wurde nicht bewertet.";"Zustand 4: Temperatur 412.092 K liegt außerhalb des Boryta-Prüfbereichs; Kristallisation wurde nicht bewertet.";Zustand 5: Kristallisationsprüfung bestanden (w_LiBr=0.6345 <= w_crit=0.6937, T=370.15 K >= T_crit=308.24 K).;Zustand 6: Kristallisationsprüfung bestanden (w_LiBr=0.6345 <= w_crit=0.6937, T=370.13 K >= T_crit=308.24 K).;"Zustand 20: Temperatur 422.651 K liegt außerhalb des Boryta-Prüfbereichs; Kristallisation wurde nicht bewertet.";5
series_desorber_to_evaporator;Serie Desorber → Verdampfer;series_desorber_to_evaporator;100.0;nan;30.0;100.0;8.0;8.0;4.0;100.0;1.0100000000000007;Abwärmetemperatur [°C];hot_temperature_C;100.0;10.0;10.0;25.0;15.0;11.0;nan;nan;1.1781653458105347e-15;`gtol` termination condition is satisfied.;3;5.866327642023176e-07;4.8542050756236794e-08;1;True;;True;0;zulässig;feasible;True;True;True;88.9110649116239;106.08978008640997;138.87692478782765;43.430086078452234;0.1979928600401055;0.26045425362317765;0.24484362454912612;0.2646193953747762;92.35650107088281;101.07873168422826;92.97107411211067;100.42797066267698;79.76916988727808;0.4775437292279885;24.89924971023566;43.303949648740286;0.0023942105936607884;0.033793509572210126;9.235650103554828;10.107873123722515;3.718842965095251;6.695198059149466;7.251742703440859;92.71817523592154;0.009458343804601352;2673.7374672968067;249.73912418106957;226.59319228857984;0.009936590499726172;1.0406268807596035;0.6156674889879967;0.24940953168054106;-2.601575914695786e-07;1.4942864368094888e-07;-5.943661562923808e-09;4.867061809132878e-08;-1.5270600783878763e-08;4.4700311718770536e-07;-2.245650136956101e-07;3.533452286319516e-08;-2.6015759146957863e-09;1.4942864368094888e-09;-5.943661562923807e-11;4.8188730783493805e-08;-1.5270600783878762e-10;4.470031171877053e-09;-2.245650136956101e-09;3.533452286319516e-10;140.52371417888054;100.0;97.21976453014025;97.21976453014025;94.21653574238076;36.04537868924808;8.93185043805795;9.546261657403875;56.67279654667345;13.430086078452234;3.032562486179529;4.501589294218718;8.308699618516357;50.7846113113809;5.669336869576227;9.104318287562876;4.0;1.0100000000000007;67328.83093565858;8846.81379071564;7.610517473117539;3.032562486179529;deltaT_des_1_K;desorber;True;True;True;True;True;True;True;True;88.9110649116239;2657.7534602375367;0.04056347125932902;67328.83093565858;0.0;0.0;135.0;4.0;140.52371417888054;4.0;100.0;8.0;97.21976453014025;8.0;97.21976453014025;8.0;94.21653574238076;8.0;30.0;4.0;36.04537868924808;4.0;88.9110649116239;2657.7534602375367;0.008031277687789173;67328.83093565858;0.0;0.0;92.71817523592154;249.739124181068;1.0505634712593297;8846.81379071564;0.6098442942078326;0.24484362454912612;149.4555646169385;341.8656477133198;1.0180312776877898;67328.83093565858;0.6293324223153608;0.26045425362317765;88.9110649116239;2657.7534602375367;0.032532193571539844;67328.83093565858;0.0;0.0;106.08978008640997;249.739124181068;1.0505634712593297;67328.83093565858;0.6098442942078326;0.24484362454912612;144.54626165740387;325.66901520579336;1.0505634712593297;67328.83093565858;0.6098442942078326;0.24484362454912612;138.87692478782765;323.45026343402054;1.0100000000000007;67328.83093565858;0.6343367709412635;0.2646193953747762;96.9854617988471;244.4708870504209;1.0100000000000007;67328.83093565858;0.6343367709412635;0.2646193953747762;96.96743751382047;244.43742813005238;1.0100000000000007;8846.81379071564;0.6343367709412635;0.2646193953747762;92.71817523592154;2673.7374672968067;0.04056347125932902;8846.81379071564;0.0;0.0;43.430086078452234;181.87154591115646;0.04056347125932902;8846.81379071564;0.0;0.0;43.43192443099986;181.93056972049354;0.04056347125932902;67328.83093565858;0.0;0.0;"Zustand 3: Temperatur 417.696 K liegt außerhalb des Boryta-Prüfbereichs; Kristallisation wurde nicht bewertet.";"Zustand 4: Temperatur 412.027 K liegt außerhalb des Boryta-Prüfbereichs; Kristallisation wurde nicht bewertet.";Zustand 5: Kristallisationsprüfung bestanden (w_LiBr=0.6343 <= w_crit=0.6937, T=370.14 K >= T_crit=308.18 K).;Zustand 6: Kristallisationsprüfung bestanden (w_LiBr=0.6343 <= w_crit=0.6937, T=370.12 K >= T_crit=308.18 K).;"Zustand 20: Temperatur 422.606 K liegt außerhalb des Boryta-Prüfbereichs; Kristallisation wurde nicht bewertet.";5
series_desorber_to_evaporator;Serie Desorber → Verdampfer;series_desorber_to_evaporator;100.0;nan;30.0;100.0;8.0;8.0;4.0;100.0;1.0200000000000005;Abwärmetemperatur [°C];hot_temperature_C;100.0;10.0;10.0;25.0;15.0;11.0;nan;nan;1.860559262631297e-15;`gtol` termination condition is satisfied.;3;7.99081891670125e-07;6.100097151080951e-08;1;True;;True;0;zulässig;feasible;True;True;True;88.905452354153;106.12263705609735;138.81147888386948;43.44615273374916;0.2001476516788248;0.26032954232829747;0.2448957022643561;0.26450080026655204;92.21655528208612;101.19965407312306;92.8345249170091;100.54516664044944;80.47671042718159;0.47686783725521653;25.115692683737244;43.291496276351154;0.002396198897929808;0.03412128003054792;9.221655489106602;10.119965352857525;3.7133809982265724;6.703011124907572;7.316064570859055;92.7520224839368;0.009456437254981092;2673.800880385918;249.83184255105937;226.69090057090065;0.010029611390408588;1.050582447884408;0.6157339535343523;0.24946212099075527;-3.1882213136213977e-07;1.4773198131479148e-07;7.723599537712289e-08;6.168804400630279e-08;-3.8655201706205844e-08;5.445478024057593e-07;-2.33164143992326e-07;3.9102009452562925e-07;-3.1882213136213978e-09;1.4773198131479148e-09;7.723599537712289e-10;6.04784745159831e-08;-3.8655201706205844e-10;5.445478024057593e-09;-2.33164143992326e-09;3.910200945256292e-09;140.5153442154358;100.0;97.22384793908464;97.22384793908464;94.21711448691809;36.05261088954086;8.894903496475536;9.556313245034232;56.69941159439594;13.446152733749159;3.045963386474625;4.471825455147837;8.318395584931636;50.76912345543303;5.744834361164749;9.150584180744374;4.0;1.0200000000000005;67314.38106011023;8854.208451462457;7.602529512278634;3.045963386474625;deltaT_des_1_K;desorber;True;True;True;True;True;True;True;True;88.905452354153;2657.7442891807523;0.04061205927481604;67314.38106011023;0.0;0.0;135.0;4.0;140.5153442154358;4.0;100.0;8.0;97.22384793908464;8.0;97.22384793908464;8.0;94.21711448691809;8.0;30.0;4.0;36.05261088954086;4.0;88.905452354153;2657.7442891807523;0.008128408293695667;67314.38106011023;0.0;0.0;92.7520224839368;249.83184255105886;1.0606120592748165;8854.208451462457;0.6099113040369933;0.2448957022643561;149.41024771191132;341.72258047883446;1.0281284082936961;67314.38106011023;0.6291813524880563;0.26032954232829747;88.905452354153;2657.7442891807523;0.03248365098112037;67314.38106011023;0.0;0.0;106.12263705609735;249.83184255105886;1.0606120592748165;67314.38106011023;0.6099113040369933;0.2448957022643561;144.55631324503423;325.7094546557211;1.0606120592748165;67314.38106011023;0.6099113040369933;0.2448957022643561;138.81147888386948;323.26613931397577;1.0200000000000005;67314.38106011023;0.6341953766173176;0.26450080026655204;96.97205287535297;244.36740328848197;1.0200000000000005;67314.38106011023;0.6341953766173176;0.26450080026655204;96.95403661352537;244.3339510531579;1.0200000000000005;8854.208451462457;0.6341953766173176;0.26450080026655204;92.7520224839368;2673.800880385918;0.04061205927481604;8854.208451462457;0.0;0.0;43.44615273374916;181.9387123456477;0.04061205927481604;8854.208451462457;0.0;0.0;43.44799103148506;181.99771449773547;0.04061205927481604;67314.38106011023;0.0;0.0;"Zustand 3: Temperatur 417.706 K liegt außerhalb des Boryta-Prüfbereichs; Kristallisation wurde nicht bewertet.";"Zustand 4: Temperatur 411.961 K liegt außerhalb des Boryta-Prüfbereichs; Kristallisation wurde nicht bewertet.";Zustand 5: Kristallisationsprüfung bestanden (w_LiBr=0.6342 <= w_crit=0.6937, T=370.12 K >= T_crit=308.13 K).;Zustand 6: Kristallisationsprüfung bestanden (w_LiBr=0.6342 <= w_crit=0.6937, T=370.10 K >= T_crit=308.13 K).;"Zustand 20: Temperatur 422.560 K liegt außerhalb des Boryta-Prüfbereichs; Kristallisation wurde nicht bewertet.";5
series_desorber_to_evaporator;Serie Desorber → Verdampfer;series_desorber_to_evaporator;100.0;nan;30.0;100.0;8.0;8.0;4.0;100.0;1.0300000000000007;Abwärmetemperatur [°C];hot_temperature_C;100.0;10.0;10.0;25.0;15.0;11.0;nan;nan;5.431619453536112e-26;`gtol` termination condition is satisfied.;4;3.199853392397566e-11;3.295942794872542e-13;1;True;;True;0;zulässig;feasible;True;True;True;88.89984793162716;106.15596224786094;138.74577122163407;43.46228226992321;0.20231550929588657;0.2602058087476015;0.24494564780171169;0.26438335751828096;92.07498467891367;101.32104925267681;92.69632615271905;100.66286072860028;81.18117276341911;0.47618624262951503;25.331488603656613;43.27889639684645;0.002398196996130338;0.03444885327382929;9.207498467888843;10.13210492526674;3.707853046108629;6.710857381906039;7.380106614855105;92.78541665314458;0.009455246863298142;2673.8634275777877;249.9243028968327;226.78658727834184;0.010123362696476068;1.0605374928938005;0.6157980802601645;0.24951287078573026;-1.1368683772161603e-12;1.2960299500264227e-11;4.888534022029489e-12;8.137934770502397e-14;3.325340003357269e-12;9.421796676178928e-12;9.691802915767767e-12;2.523847797419876e-11;-1.1368683772161604e-14;1.2960299500264226e-13;4.888534022029489e-14;7.90090754417708e-14;3.3253400033572687e-14;9.421796676178928e-14;9.691802915767767e-14;2.523847797419876e-13;140.5068770740977;100.0;97.22798067725125;97.22798067725125;94.21772766503233;36.059871366786865;8.858360019767133;9.565692395589508;56.725545286357715;13.462282269923207;3.058989212296808;4.442564024106673;8.328132745624089;50.75360715056274;5.819921173955436;9.196943213128975;4.0;1.0300000000000007;67299.95471057709;8861.637407740873;7.594528145756541;3.058989212296808;deltaT_des_1_K;desorber;True;True;True;True;True;True;True;True;88.89984793162716;2657.7351312701903;0.04066085559027588;67299.95471057709;0.0;0.0;135.0;4.0;140.5068770740977;4.0;100.0;8.0;97.22798067725125;8.0;97.22798067725125;8.0;94.21772766503233;8.0;30.0;4.0;36.059871366786865;4.0;88.89984793162716;2657.7351312701903;0.00822632170715316;67299.95471057709;0.0;0.0;92.78541665314458;249.92430289683483;1.0706608555902766;8861.637407740873;0.6099755573933595;0.24494564780171169;149.36523709386483;341.58055698682085;1.038226321707154;67299.95471057709;0.6290313956729544;0.2602058087476015;88.89984793162716;2657.7351312701903;0.032434533883122715;67299.95471057709;0.0;0.0;106.15596224786094;249.92430289683483;1.0706608555902766;67299.95471057709;0.6099755573933595;0.24494564780171169;144.5656923955895;325.7477275971451;1.0706608555902766;67299.95471057709;0.6099755573933595;0.24494564780171169;138.74577122163407;323.0820786843505;1.0300000000000007;67299.95471057709;0.634055293366922;0.26438335751828096;96.95901903473197;244.26540609850565;1.0300000000000007;67299.95471057709;0.634055293366922;0.26438335751828096;96.94101078770319;244.23196060989028;1.0300000000000007;8861.637407740873;0.634055293366922;0.26438335751828096;92.78541665314458;2673.8634275777877;0.04066085559027588;8861.637407740873;0.0;0.0;43.46228226992321;182.00614169942733;0.04066085559027588;8861.637407740873;0.0;0.0;43.464120514469585;182.0651221847446;0.04066085559027588;67299.95471057709;0.0;0.0;"Zustand 3: Temperatur 417.716 K liegt außerhalb des Boryta-Prüfbereichs; Kristallisation wurde nicht bewertet.";"Zustand 4: Temperatur 411.896 K liegt außerhalb des Boryta-Prüfbereichs; Kristallisation wurde nicht bewertet.";Zustand 5: Kristallisationsprüfung bestanden (w_LiBr=0.6341 <= w_crit=0.6937, T=370.11 K >= T_crit=308.07 K).;Zustand 6: Kristallisationsprüfung bestanden (w_LiBr=0.6341 <= w_crit=0.6937, T=370.09 K >= T_crit=308.07 K).;"Zustand 20: Temperatur 422.515 K liegt außerhalb des Boryta-Prüfbereichs; Kristallisation wurde nicht bewertet.";5
series_desorber_to_evaporator;Serie Desorber → Verdampfer;series_desorber_to_evaporator;100.0;nan;30.0;100.0;8.0;8.0;4.0;100.0;1.0400000000000005;Abwärmetemperatur [°C];hot_temperature_C;100.0;10.0;10.0;25.0;15.0;11.0;nan;nan;8.745584882764799e-26;`gtol` termination condition is satisfied.;4;3.820462969986489e-11;4.1822445846135777e-13;1;True;;True;0;zulässig;feasible;True;True;True;88.89425255673319;106.18973993682528;138.67982528671484;43.47847291715652;0.2044952195765667;0.26008295848112867;0.2449935377364945;0.2642670514394298;91.93179477540446;101.44290476966033;92.55648372655867;100.7810393838088;81.88257423709543;0.47549897865881335;25.546639987615496;43.266150516667665;0.002400204669243784;0.03477623002678834;9.193179477537495;10.144290476964855;3.7022593490622433;6.718735958919785;7.4438703851891335;92.81837480548813;0.009454746856776166;2673.925141428713;250.01651570757787;226.88032643462205;0.010217838101083121;1.0704920165218412;0.6158599543541793;0.2495618474042847;-1.2647660696529783e-12;1.496403001510771e-11;8.58335624798201e-12;1.7696955012524995e-13;2.5863755581667647e-12;1.1780798558902461e-11;1.2022383089060895e-11;2.950173438875936e-11;-1.2647660696529783e-14;1.496403001510771e-13;8.58335624798201e-14;1.701630289665864e-13;2.5863755581667648e-14;1.178079855890246e-13;1.2022383089060896e-13;2.950173438875936e-13;140.49831308465338;100.0;97.23216256798571;97.23216256798571;94.21837550507274;36.06715937617588;8.82219159955281;9.574424809062123;56.75121542931225;13.478472917156523;3.0716459973857013;4.413787762497577;8.337910011252518;50.738064394920684;5.894599522347278;9.243385692778816;4.0;1.0400000000000005;67285.5542241829;8869.099909480303;7.586514405172101;3.0716459973857013;deltaT_des_1_K;desorber;True;True;True;True;True;True;True;True;88.89425255673319;2657.7259879979133;0.04070985462292387;67285.5542241829;0.0;0.0;135.0;4.0;140.49831308465338;4.0;100.0;8.0;97.23216256798571;8.0;97.23216256798571;8.0;94.21837550507274;8.0;30.0;4.0;36.06715937617588;4.0;88.89425255673319;2657.7259879979133;0.008324970660044926;67285.5542241829;0.0;0.0;92.81837480548813;250.01651570757892;1.0807098546229243;8869.099909480303;0.6100371543865348;0.2449935377364945;149.32050468420618;341.43948074074126;1.0483249706600455;67285.5542241829;0.6288824390173464;0.26008295848112867;88.89425255673319;2657.7259879979133;0.032384883962878946;67285.5542241829;0.0;0.0;106.18973993682528;250.01651570757892;1.0807098546229243;67285.5542241829;0.6100371543865348;0.2449935377364945;144.57442480906212;325.78391422516296;1.0807098546229243;67285.5542241829;0.6100371543865348;0.2449935377364945;138.67982528671484;322.89811803577464;1.0400000000000005;67285.5542241829;0.6339165042612059;0.2642670514394298;96.94635424404646;244.16487357702786;1.0400000000000005;67285.5542241829;0.6339165042612059;0.2642670514394298;96.9283540026143;244.1314348943098;1.0400000000000005;8869.099909480303;0.6339165042612059;0.2642670514394298;92.81837480548813;2673.925141428713;0.04070985462292387;8869.099909480303;0.0;0.0;43.47847291715652;182.07382657441084;0.04070985462292387;8869.099909480303;0.0;0.0;43.48031111015206;182.1327853865087;0.04070985462292387;67285.5542241829;0.0;0.0;"Zustand 3: Temperatur 417.724 K liegt außerhalb des Boryta-Prüfbereichs; Kristallisation wurde nicht bewertet.";"Zustand 4: Temperatur 411.830 K liegt außerhalb des Boryta-Prüfbereichs; Kristallisation wurde nicht bewertet.";Zustand 5: Kristallisationsprüfung bestanden (w_LiBr=0.6339 <= w_crit=0.6937, T=370.10 K >= T_crit=308.01 K).;Zustand 6: Kristallisationsprüfung bestanden (w_LiBr=0.6339 <= w_crit=0.6936, T=370.08 K >= T_crit=308.01 K).;"Zustand 20: Temperatur 422.471 K liegt außerhalb des Boryta-Prüfbereichs; Kristallisation wurde nicht bewertet.";5
series_desorber_to_evaporator;Serie Desorber → Verdampfer;series_desorber_to_evaporator;100.0;nan;30.0;100.0;8.0;8.0;4.0;100.0;1.0500000000000007;Abwärmetemperatur [°C];hot_temperature_C;100.0;10.0;10.0;25.0;15.0;11.0;nan;nan;1.4407636367630639e-25;`gtol` termination condition is satisfied.;4;4.456004961063358e-11;5.367985910493923e-13;1;True;;True;0;zulässig;feasible;True;True;True;88.88866280950089;106.22395149426546;138.61364973541845;43.49472813326423;0.2066869753292944;0.25996099819420193;0.245039413977746;0.26415183889269833;91.78703157020976;101.56524625075846;92.41504529012246;100.89972690436969;82.5809131715703;0.4748060923035085;25.761139516783413;43.25326281191809;0.0024022220756175837;0.035103404397943946;9.178703157017374;10.156524625074654;3.696601811604887;6.726648460290509;7.5073557428686515;92.85091017063974;0.009454913229074583;2673.986046876394;250.10846688103317;226.97216293805536;0.010313032328068239;1.0804460342231588;0.6159196169428836;0.24960908238716412;-2.4868995751603507e-12;1.5134560271690134e-11;1.2846612662542611e-11;3.143041382713818e-13;2.8421709430404007e-13;1.1922907106054481e-11;1.2050804798491299e-11;3.602451670303708e-11;-2.4868995751603507e-14;1.5134560271690134e-13;1.284661266254261e-13;2.9933727454417295e-13;2.842170943040401e-15;1.1922907106054482e-13;1.20508047984913e-13;3.602451670303708e-13;140.48965499821827;100.0;97.23639218630018;97.23639218630018;94.21905585542788;36.074476450404234;8.78639365714713;9.582520051920028;56.7764337202355;13.494728133264232;3.0839411128021084;4.385482015660443;8.347729376799293;50.72248957925507;5.9688703165015795;9.289900365719063;4.0;1.0500000000000007;67271.17078867566;8876.597616674506;7.578486002599482;3.0839411128021084;deltaT_des_1_K;desorber;True;True;True;True;True;True;True;True;88.88866280950089;2657.7168537760135;0.0407590665512263;67271.17078867566;0.0;0.0;135.0;4.0;140.48965499821827;4.0;100.0;8.0;97.23639218630018;8.0;97.23639218630018;8.0;94.21905585542788;8.0;30.0;4.0;36.074476450404234;4.0;88.88866280950089;2657.7168537760135;0.008424368182718378;67271.17078867566;0.0;0.0;92.85091017063974;250.1084668810333;1.090759066551227;8876.597616674506;0.6100961504086037;0.245039413977746;149.2760486553654;341.299350862425;1.058424368182719;67271.17078867566;0.6287344920718885;0.25996099819420193;88.88866280950089;2657.7168537760135;0.03233469836850792;67271.17078867566;0.0;0.0;106.22395149426546;250.1084668810333;1.090759066551227;67271.17078867566;0.6100961504086037;0.245039413977746;144.58252005192003;325.81804904630053;1.090759066551227;67271.17078867566;0.6100961504086037;0.245039413977746;138.61364973541845;322.71425190106845;1.0500000000000007;67271.17078867566;0.6337789595487477;0.26415183889269833;96.9340511285464;244.06576316623728;1.0500000000000007;67271.17078867566;0.6337789595487477;0.26415183889269833;96.91605888719789;244.03233135252495;1.0500000000000007;8876.597616674506;0.6337789595487477;0.26415183889269833;92.85091017063974;2673.986046876394;0.0407590665512263;8876.597616674506;0.0;0.0;43.49472813326423;182.14178142663175;0.0407590665512263;8876.597616674506;0.0;0.0;43.496566276172814;182.20071854857488;0.0407590665512263;67271.17078867566;0.0;0.0;"Zustand 3: Temperatur 417.733 K liegt außerhalb des Boryta-Prüfbereichs; Kristallisation wurde nicht bewertet.";"Zustand 4: Temperatur 411.764 K liegt außerhalb des Boryta-Prüfbereichs; Kristallisation wurde nicht bewertet.";Zustand 5: Kristallisationsprüfung bestanden (w_LiBr=0.6338 <= w_crit=0.6937, T=370.08 K >= T_crit=307.96 K).;Zustand 6: Kristallisationsprüfung bestanden (w_LiBr=0.6338 <= w_crit=0.6936, T=370.07 K >= T_crit=307.96 K).;"Zustand 20: Temperatur 422.426 K liegt außerhalb des Boryta-Prüfbereichs; Kristallisation wurde nicht bewertet.";5
series_desorber_to_evaporator;Serie Desorber → Verdampfer;series_desorber_to_evaporator;100.0;nan;30.0;100.0;8.0;8.0;4.0;100.0;1.0600000000000005;Abwärmetemperatur [°C];hot_temperature_C;100.0;10.0;10.0;25.0;15.0;11.0;nan;nan;2.568125056957346e-25;`gtol` termination condition is satisfied.;4;5.378933548081218e-11;7.166763644710695e-13;1;True;;True;0;zulässig;feasible;True;True;True;88.88307677094429;106.25858000231625;138.5472571295747;43.51104957664785;0.20889053428966253;0.25983990407324237;0.24508332687946088;0.2640376868980803;91.6407267952564;101.688086177586;92.2720437656472;101.01893458529787;83.27619397670188;0.47410762559683806;25.974983159883923;43.24023616495691;0.0024042492431712746;0.03543037265064033;9.164072679521107;10.1688086177572;3.6908817506258718;6.734595639018852;7.570563088789745;92.88303642194268;0.009455722641733706;2674.0461698157364;250.20015040764665;227.0621481904034;0.010408939821157759;1.0903995563182003;0.6159771204106429;0.24965461625032864;-3.538502824085299e-12;1.467981292080367e-11;1.3642420526593924e-11;5.020428517354958e-13;3.979039320256561e-13;1.3997691894473974e-11;1.5091927707544528e-11;4.533262654149439e-11;-3.538502824085299e-14;1.467981292080367e-13;1.3642420526593923e-13;4.736253318259392e-13;3.9790393202565614e-15;1.3997691894473973e-13;1.5091927707544527e-13;4.533262654149439e-13;140.48090471263492;100.0;97.24066854767801;97.24066854767801;94.21976739381142;36.081823335980005;8.750954773158867;9.58999212374431;56.80121308596267;13.51104957664785;3.095881298494419;4.357632125735336;8.357591776733727;50.70687972302409;6.042734994169621;9.336477056158458;4.0;1.0600000000000005;67256.79945936956;8884.13136340036;7.570441803285913;3.095881298494419;deltaT_des_1_K;desorber;True;True;True;True;True;True;True;True;88.88307677094429;2657.7077254690475;0.04080849613935755;67256.79945936956;0.0;0.0;135.0;4.0;140.48090471263492;4.0;100.0;8.0;97.24066854767801;8.0;97.24066854767801;8.0;94.21976739381142;8.0;30.0;4.0;36.081823335980005;4.0;88.88307677094429;2657.7077254690475;0.00852450856210803;67256.79945936956;0.0;0.0;92.88303642194268;250.20015040764784;1.100808496139358;8884.13136340036;0.610152611606386;0.24508332687946088;149.2318594857938;341.1601380801056;1.0685245085621085;67256.79945936956;0.62858752739445;0.25983990407324237;88.88307677094429;2657.7077254690475;0.032283987577249526;67256.79945936956;0.0;0.0;106.25858000231625;250.20015040764784;1.100808496139358;67256.79945936956;0.610152611606386;0.24508332687946088;144.5899921237443;325.85017879020444;1.100808496139358;67256.79945936956;0.610152611606386;0.24508332687946088;138.5472571295747;322.5304873789602;1.0600000000000005;67256.79945936956;0.6336426215074786;0.2640376868980803;96.92210294615779;243.96804023112492;1.0600000000000005;67256.79945936956;0.6336426215074786;0.2640376868980803;96.90411870150558;243.93461535126582;1.0600000000000005;8884.13136340036;0.6336426215074786;0.2640376868980803;92.88303642194268;2674.0461698157364;0.04080849613935755;8884.13136340036;0.0;0.0;43.51104957664785;182.21001318967953;0.04080849613935755;8884.13136340036;0.0;0.0;43.512887670787336;182.26892859873948;0.04080849613935755;67256.79945936956;0.0;0.0;"Zustand 3: Temperatur 417.740 K liegt außerhalb des Boryta-Prüfbereichs; Kristallisation wurde nicht bewertet.";"Zustand 4: Temperatur 411.697 K liegt außerhalb des Boryta-Prüfbereichs; Kristallisation wurde nicht bewertet.";Zustand 5: Kristallisationsprüfung bestanden (w_LiBr=0.6336 <= w_crit=0.6936, T=370.07 K >= T_crit=307.90 K).;Zustand 6: Kristallisationsprüfung bestanden (w_LiBr=0.6336 <= w_crit=0.6936, T=370.05 K >= T_crit=307.90 K).;"Zustand 20: Temperatur 422.382 K liegt außerhalb des Boryta-Prüfbereichs; Kristallisation wurde nicht bewertet.";5
series_desorber_to_evaporator;Serie Desorber → Verdampfer;series_desorber_to_evaporator;100.0;nan;30.0;100.0;8.0;8.0;4.0;100.0;1.0700000000000007;Abwärmetemperatur [°C];hot_temperature_C;100.0;10.0;10.0;25.0;15.0;11.0;nan;nan;4.485080393127919e-25;`gtol` termination condition is satisfied.;4;6.431508756560924e-11;9.47109327704877e-13;1;True;;True;0;zulässig;feasible;True;True;True;88.87749262700743;106.29360912494985;138.48065950904152;43.527438788507936;0.21110565661134556;0.25971965307696687;0.24512532507090357;0.26392456361901995;91.49291102849776;101.81143614966474;92.12751087290883;101.13867288794088;83.96842117461337;0.4734036200648137;26.18816704804804;43.22707335316704;0.0024062861911305507;0.035757131116821446;9.14929110284428;10.181143614964817;3.6851004349163325;6.742578192528255;7.633492834054047;92.9147666914721;0.009457152634399743;2674.105535119458;250.29156057061007;227.1503317225468;0.010505555058961669;1.100352592746376;0.616032515329603;0.24969848813826004;-4.831690603168681e-12;1.885780420707306e-11;1.3073986337985843e-11;7.439604488013174e-13;5.115907697472721e-13;1.6569856597925536e-11;1.7067236512957606e-11;5.495337518368615e-11;-4.831690603168681e-14;1.8857804207073058e-13;1.3073986337985842e-13;6.952901390666513e-13;5.115907697472721e-15;1.6569856597925537e-13;1.7067236512957606e-13;5.495337518368615e-13;140.47206405672836;100.0;97.24499070356131;97.24499070356131;94.22050885882624;36.08920072665461;8.715863955558916;9.596854583492245;56.825565964817486;13.527438788507936;3.1074731363806904;4.330224012089218;8.367498076553886;50.691232023709915;6.116195074450729;9.383106012000553;4.0;1.0700000000000007;67242.43556498968;8891.701932162909;7.562380754325728;3.1074731363806904;deltaT_des_1_K;desorber;True;True;True;True;True;True;True;True;88.87749262700743;2657.6986001128457;0.04085814780533692;67242.43556498968;0.0;0.0;135.0;4.0;140.47206405672836;4.0;100.0;8.0;97.24499070356131;8.0;97.24499070356131;8.0;94.22050885882624;8.0;30.0;4.0;36.08920072665461;4.0;88.87749262700743;2657.6986001128457;0.008625386120369057;67242.43556498968;0.0;0.0;92.9147666914721;250.29156057061158;1.1108581478053376;8891.701932162909;0.6102066018043777;0.24512532507090357;149.18792801228727;341.0218141675708;1.0786253861203698;67242.43556498968;0.6284415184185279;0.25971965307696687;88.87749262700743;2657.6986001128457;0.03223276168496786;67242.43556498968;0.0;0.0;106.29360912494985;250.29156057061158;1.1108581478053376;67242.43556498968;0.6102066018043777;0.24512532507090357;144.59685458349225;325.88034869851543;1.1108581478053376;67242.43556498968;0.6102066018043777;0.24512532507090357;138.48065950904152;322.3468311817199;1.0700000000000007;67242.43556498968;0.6335074536999997;0.26392456361901995;96.9105031129493;243.87167120544126;1.0700000000000007;67242.43556498968;0.6335074536999997;0.26392456361901995;96.89252686361931;243.83825332589282;1.0700000000000007;8891.701932162909;0.6335074536999997;0.26392456361901995;92.9147666914721;2674.105535119458;0.04085814780533692;8891.701932162909;0.0;0.0;43.527438788507936;182.27852830721923;0.04085814780533692;8891.701932162909;0.0;0.0;43.52927683511632;182.33742197519936;0.04085814780533692;67242.43556498968;0.0;0.0;"Zustand 3: Temperatur 417.747 K liegt außerhalb des Boryta-Prüfbereichs; Kristallisation wurde nicht bewertet.";"Zustand 4: Temperatur 411.631 K liegt außerhalb des Boryta-Prüfbereichs; Kristallisation wurde nicht bewertet.";Zustand 5: Kristallisationsprüfung bestanden (w_LiBr=0.6335 <= w_crit=0.6936, T=370.06 K >= T_crit=307.85 K).;Zustand 6: Kristallisationsprüfung bestanden (w_LiBr=0.6335 <= w_crit=0.6936, T=370.04 K >= T_crit=307.85 K).;"Zustand 20: Temperatur 422.338 K liegt außerhalb des Boryta-Prüfbereichs; Kristallisation wurde nicht bewertet.";5
series_desorber_to_evaporator;Serie Desorber → Verdampfer;series_desorber_to_evaporator;100.0;nan;30.0;100.0;8.0;8.0;4.0;100.0;1.0800000000000005;Abwärmetemperatur [°C];hot_temperature_C;100.0;10.0;10.0;25.0;15.0;11.0;nan;nan;7.500998341115965e-25;`gtol` termination condition is satisfied.;4;7.441815366560706e-11;1.2248263828899151e-12;1;True;;True;0;zulässig;feasible;True;True;True;88.8719086627786;106.32902308393312;138.41386841819013;43.543897199426056;0.21333210483084422;0.25960022290846;0.24516545553095048;0.26381243831674717;91.34361375436873;101.9353069339688;91.98147719196072;101.25895148724688;84.65759939533454;0.47269411674720213;26.400687471149748;43.21377705444672;0.002408332930549816;0.03608367619492175;9.134361375430577;10.193530693394791;3.6792590876783633;6.750596765814994;7.696145399574025;92.94611359538771;0.009459181584971292;2674.1641666858923;250.38269193149713;227.23676127850598;0.010602872554586362;1.1103051530860422;0.616085850539291;0.24974073588315837;-4.490630090003833e-12;2.0264678823878057e-11;1.48929757415317e-11;1.0507150705052481e-12;1.6342482922482304e-12;2.0889956431346945e-11;2.1955770534987096e-11;6.295408638834488e-11;-4.4906300900038334e-14;2.0264678823878057e-13;1.48929757415317e-13;9.728843245418959e-13;1.6342482922482303e-14;2.0889956431346944e-13;2.1955770534987095e-13;6.295408638834487e-13;140.4631347939216;100.0;97.24935773947487;97.24935773947487;94.22127904667445;36.09660926638571;8.681110620788218;9.603120567309247;56.849504329002;13.543897199426056;3.118723054186944;4.303244144087159;8.37744907669628;50.67554384711161;6.189252149119113;9.429777884643784;4.0;1.0800000000000005;67228.07469254723;8899.310056766773;7.554301880001247;3.118723054186944;deltaT_des_1_K;desorber;True;True;True;True;True;True;True;True;88.8719086627786;2657.689474905069;0.04090802564062801;67228.07469254723;0.0;0.0;135.0;4.0;140.4631347939216;4.0;100.0;8.0;97.24935773947487;8.0;97.24935773947487;8.0;94.22127904667445;8.0;30.0;4.0;36.09660926638571;4.0;88.8719086627786;2657.689474905069;0.008726995214389318;67228.07469254723;0.0;0.0;92.94611359538771;250.38269193149785;1.1209080256406285;8899.310056766773;0.6102581826071083;0.24516545553095048;149.14424541470981;340.8843519019319;1.0887269952143899;67228.07469254723;0.6282964394222822;0.25960022290846;88.8719086627786;2657.689474905069;0.03218103042623869;67228.07469254723;0.0;0.0;106.32902308393312;250.38269193149785;1.1209080256406285;67228.07469254723;0.6102581826071083;0.24516545553095048;144.60312056730925;325.9086025850062;1.1209080256406285;67228.07469254723;0.6102581826071083;0.24516545553095048;138.41386841819013;322.163289660167;1.0800000000000005;67228.07469254723;0.6333734209233071;0.26381243831674717;96.89924519928934;243.77662355337162;1.0800000000000005;67228.07469254723;0.6333734209233071;0.26381243831674717;96.88127694581306;243.74321274208003;1.0800000000000005;8899.310056766773;0.6333734209233071;0.26381243831674717;92.94611359538771;2674.1641666858923;0.04090802564062801;8899.310056766773;0.0;0.0;43.543897199426056;182.34733276049172;0.04090802564062801;8899.310056766773;0.0;0.0;43.54573519956284;182.40620465403424;0.04090802564062801;67228.07469254723;0.0;0.0;"Zustand 3: Temperatur 417.753 K liegt außerhalb des Boryta-Prüfbereichs; Kristallisation wurde nicht bewertet.";"Zustand 4: Temperatur 411.564 K liegt außerhalb des Boryta-Prüfbereichs; Kristallisation wurde nicht bewertet.";Zustand 5: Kristallisationsprüfung bestanden (w_LiBr=0.6334 <= w_crit=0.6936, T=370.05 K >= T_crit=307.80 K).;Zustand 6: Kristallisationsprüfung bestanden (w_LiBr=0.6334 <= w_crit=0.6936, T=370.03 K >= T_crit=307.80 K).;"Zustand 20: Temperatur 422.294 K liegt außerhalb des Boryta-Prüfbereichs; Kristallisation wurde nicht bewertet.";5
series_desorber_to_evaporator;Serie Desorber → Verdampfer;series_desorber_to_evaporator;100.0;nan;30.0;100.0;8.0;8.0;4.0;100.0;1.0900000000000007;Abwärmetemperatur [°C];hot_temperature_C;100.0;10.0;10.0;25.0;15.0;11.0;nan;nan;1.1788057242212781e-24;`gtol` termination condition is satisfied.;4;8.172304150421183e-11;1.5354515454557843e-12;1;True;;True;0;zulässig;feasible;True;True;True;88.86632325706063;106.36480663595984;138.34689493083152;43.5604261355391;0.21556964383444902;0.2594815919883812;0.2452037636586763;0.2637012813067174;91.19286342057376;102.0597085113848;91.8339722220689;101.37977931607087;85.34373337268521;0.4719791562174216;26.612540874268163;43.2003498523689;0.0024103894648009007;0.036410004347848995;9.119286342050142;10.205970851136483;3.673358888882782;6.758651954403495;7.758521215696746;92.97708925790596;0.00946178867187259;2674.2220874841923;250.4735393167583;227.32148289505864;0.01070088685523607;1.1202572465732765;0.6161371732221195;0.24978139606114752;-6.139089236967266e-12;2.100364326906856e-11;1.5063505998114124e-11;1.4169776463290873e-12;-6.536993168992922e-13;1.9966250874858815e-11;1.8431478565617e-11;7.23332505003782e-11;-6.139089236967266e-14;2.100364326906856e-13;1.5063505998114123e-13;1.2999794920450333e-12;-6.536993168992922e-15;1.9966250874858816e-13;1.8431478565617e-13;7.23332505003782e-13;140.45411862563242;100.0;97.25376877326352;97.25376877326352;94.22207680807003;36.104049552116294;8.646684575847871;9.608802805498215;56.873039705789665;13.560426135539103;3.1296373292425415;4.276679515357557;8.387445516202888;50.65981271780748;6.26190787466669;9.476483709915499;4.0;1.0900000000000007;67213.71267314964;8906.956425010163;7.546204277413757;3.1296373292425415;deltaT_des_1_K;desorber;True;True;True;True;True;True;True;True;88.86632325706063;2657.680347196353;0.040958133428511845;67213.71267314964;0.0;0.0;135.0;4.0;140.45411862563242;4.0;100.0;8.0;97.25376877326352;8.0;97.25376877326352;8.0;94.22207680807003;8.0;30.0;4.0;36.104049552116294;4.0;88.86632325706063;2657.680347196353;0.008829330235308139;67213.71267314964;0.0;0.0;92.97708925790596;250.47353931675883;1.1309581334285126;8906.956425010163;0.6103074134962068;0.2452037636586763;149.1008032014803;340.7477250233763;1.098829330235309;67213.71267314964;0.6281522654987983;0.2594815919883812;88.86632325706063;2657.680347196353;0.03212880319320371;67213.71267314964;0.0;0.0;106.36480663595984;250.47353931675883;1.1309581334285126;67213.71267314964;0.6103074134962068;0.2452037636586763;144.60880280549821;325.93498289289255;1.1309581334285126;67213.71267314964;0.6103074134962068;0.2452037636586763;138.34689493083152;321.9798688269464;1.0900000000000007;67213.71267314964;0.6332404891607826;0.2637012813067174;96.88832292604434;243.68286573273423;1.0900000000000007;67213.71267314964;0.6332404891607826;0.2637012813067174;96.87036267075746;243.6494620590206;1.0900000000000007;8906.956425010163;0.6332404891607826;0.2637012813067174;92.97708925790596;2674.2220874841923;0.040958133428511845;8906.956425010163;0.0;0.0;43.5604261355391;182.4164320941738;0.040958133428511845;8906.956425010163;0.0;0.0;43.562264090262545;182.4752821750499;0.040958133428511845;67213.71267314964;0.0;0.0;"Zustand 3: Temperatur 417.759 K liegt außerhalb des Boryta-Prüfbereichs; Kristallisation wurde nicht bewertet.";"Zustand 4: Temperatur 411.497 K liegt außerhalb des Boryta-Prüfbereichs; Kristallisation wurde nicht bewertet.";Zustand 5: Kristallisationsprüfung bestanden (w_LiBr=0.6332 <= w_crit=0.6936, T=370.04 K >= T_crit=307.75 K).;Zustand 6: Kristallisationsprüfung bestanden (w_LiBr=0.6332 <= w_crit=0.6936, T=370.02 K >= T_crit=307.75 K).;"Zustand 20: Temperatur 422.251 K liegt außerhalb des Boryta-Prüfbereichs; Kristallisation wurde nicht bewertet.";5
